{
"type": "FeatureCollection",
"name": "dd",
"crs": { "type": "name", "properties": { "name": "urn:ogc:def:crs:OGC:1.3:CRS84" } },
"features": [
{ "type": "Feature", "properties": { "IDBD": 157322, "FC": 6291, "CONDICION": "CUERPO DE AGUA INTERMITENTE" }, "geometry": { "type": "MultiPolygon", "coordinates": [ [ [ [ -99.847440584615342, 20.76506144615389 ], [ -99.847509599999952, 20.765377338461548 ], [ -99.847510399999976, 20.765521892307692 ], [ -99.847424646153826, 20.765648800000012 ], [ -99.847223830769195, 20.765812430769234 ], [ -99.847070092307618, 20.765804153846162 ], [ -99.847048953846141, 20.765460923076926 ], [ -99.847278, 20.765188738461511 ], [ -99.847440584615342, 20.76506144615389 ] ] ] ] } },
{ "type": "Feature", "properties": { "IDBD": 157463, "FC": 6291, "CONDICION": "CUERPO DE AGUA INTERMITENTE" }, "geometry": { "type": "MultiPolygon", "coordinates": [ [ [ [ -99.845536123076883, 20.759441923076942 ], [ -99.845351953846119, 20.759144661538496 ], [ -99.84564916923074, 20.759043815384608 ], [ -99.845927476923052, 20.758997276923047 ], [ -99.846196692307672, 20.759041123076933 ], [ -99.846341523076873, 20.759175938461574 ], [ -99.846390507692291, 20.759347369230731 ], [ -99.8463722, 20.75951009230771 ], [ -99.846334646153807, 20.759663876923081 ], [ -99.846258846153816, 20.759853984615397 ], [ -99.846115676923048, 20.760017323076966 ], [ -99.845952923076908, 20.760117507692332 ], [ -99.845536123076883, 20.759441923076942 ] ] ] ] } },
{ "type": "Feature", "properties": { "IDBD": 157598, "FC": 6291, "CONDICION": "CUERPO DE AGUA INTERMITENTE" }, "geometry": { "type": "MultiPolygon", "coordinates": [ [ [ [ -99.806463430769213, 20.752979799999981 ], [ -99.808302784615393, 20.75386564615388 ], [ -99.80813047692304, 20.753974876923092 ], [ -99.807890769230724, 20.7540573230769 ], [ -99.807496753846095, 20.75402303076924 ], [ -99.807140692307655, 20.753898215384613 ], [ -99.8068806153846, 20.75376390769231 ], [ -99.806735538461496, 20.753574846153871 ], [ -99.806463430769213, 20.752979799999981 ] ] ] ] } },
{ "type": "Feature", "properties": { "IDBD": 157599, "FC": 6291, "CONDICION": "CUERPO DE AGUA INTERMITENTE" }, "geometry": { "type": "MultiPolygon", "coordinates": [ [ [ [ -99.830395076923054, 20.753769369230735 ], [ -99.830853169230735, 20.753225046153847 ], [ -99.830892523076912, 20.753396523076972 ], [ -99.830921984615358, 20.753513846153844 ], [ -99.830913215384598, 20.75366747692307 ], [ -99.830885184615383, 20.753812184615381 ], [ -99.830837707692282, 20.7539118 ], [ -99.830665553846131, 20.75404815384616 ], [ -99.830426153846119, 20.75418484615389 ], [ -99.82995609230764, 20.75429553846153 ], [ -99.830395076923054, 20.753769369230735 ] ] ] ] } },
{ "type": "Feature", "properties": { "IDBD": 157605, "FC": 6291, "CONDICION": "CUERPO DE AGUA INTERMITENTE" }, "geometry": { "type": "MultiPolygon", "coordinates": [ [ [ [ -99.824188338461511, 20.753483015384582 ], [ -99.824762846153789, 20.753145953846147 ], [ -99.825810892307658, 20.753339692307655 ], [ -99.827253461538447, 20.753658030769241 ], [ -99.827398615384567, 20.753856107692314 ], [ -99.827226061538397, 20.753920184615431 ], [ -99.827111092307632, 20.753974938461514 ], [ -99.826957661538415, 20.754020861538446 ], [ -99.826756046153847, 20.754039892307684 ], [ -99.82654452307689, 20.754004769230786 ], [ -99.826130907692274, 20.753898338461553 ], [ -99.825727046153858, 20.75381896923076 ], [ -99.82549623076919, 20.753765861538479 ], [ -99.82503463076921, 20.753668692307667 ], [ -99.82486169230765, 20.753660492307731 ], [ -99.824659923076908, 20.753652415384622 ], [ -99.824438861538439, 20.753626369230787 ], [ -99.824188338461511, 20.753483015384582 ] ] ] ] } },
{ "type": "Feature", "properties": { "IDBD": 157611, "FC": 6291, "CONDICION": "CUERPO DE AGUA INTERMITENTE" }, "geometry": { "type": "MultiPolygon", "coordinates": [ [ [ [ -99.786425461538443, 20.752828692307705 ], [ -99.786328661538448, 20.75268456923078 ], [ -99.78625124615381, 20.752576492307682 ], [ -99.786221738461506, 20.75244110769232 ], [ -99.786653830769225, 20.752412015384603 ], [ -99.786875369230771, 20.752528461538475 ], [ -99.787020384615346, 20.752708507692311 ], [ -99.78697464615378, 20.753151446153854 ], [ -99.786820630769213, 20.75308890769232 ], [ -99.786589584615356, 20.752990569230782 ], [ -99.786425461538443, 20.752828692307705 ] ] ] ] } },
{ "type": "Feature", "properties": { "IDBD": 157614, "FC": 6291, "CONDICION": "CUERPO DE AGUA INTERMITENTE" }, "geometry": { "type": "MultiPolygon", "coordinates": [ [ [ [ -99.746692169230727, 20.751903569230766 ], [ -99.746750507692283, 20.752047876923086 ], [ -99.746808799999968, 20.752183153846136 ], [ -99.746954399999964, 20.752489723076895 ], [ -99.746656676923038, 20.752500061538441 ], [ -99.746503030769219, 20.752509753846162 ], [ -99.746300876923058, 20.752420276923079 ], [ -99.746233061538419, 20.752303123076903 ], [ -99.746280507692262, 20.752185446153852 ], [ -99.746692169230727, 20.751903569230766 ] ] ] ] } },
{ "type": "Feature", "properties": { "IDBD": 157638, "FC": 6291, "CONDICION": "CUERPO DE AGUA INTERMITENTE" }, "geometry": { "type": "MultiPolygon", "coordinates": [ [ [ [ -99.899715430769191, 20.753366292307703 ], [ -99.899647815384583, 20.7533034 ], [ -99.899580107692273, 20.753222446153849 ], [ -99.899560138461524, 20.753096046153871 ], [ -99.899578661538442, 20.752978492307697 ], [ -99.899615953846123, 20.75278856923077 ], [ -99.899961738461528, 20.752786753846159 ], [ -99.899993923076877, 20.7533558 ], [ -99.899763569230728, 20.753384107692312 ], [ -99.899715430769191, 20.753366292307703 ] ] ] ] } },
{ "type": "Feature", "properties": { "IDBD": 157652, "FC": 6291, "CONDICION": "CUERPO DE AGUA INTERMITENTE" }, "geometry": { "type": "MultiPolygon", "coordinates": [ [ [ [ -99.794794923076878, 20.751570430769249 ], [ -99.794362599999985, 20.751554369230799 ], [ -99.794504738461541, 20.751183261538451 ], [ -99.794705215384596, 20.750947415384612 ], [ -99.794945215384573, 20.750919200000055 ], [ -99.795310199999989, 20.750917507692304 ], [ -99.795311153846129, 20.751098215384577 ], [ -99.795282907692268, 20.751206769230791 ], [ -99.79520690769229, 20.751369753846117 ], [ -99.795034584615351, 20.751478969230757 ], [ -99.794794923076878, 20.751570430769249 ] ] ] ] } },
{ "type": "Feature", "properties": { "IDBD": 157667, "FC": 6291, "CONDICION": "CUERPO DE AGUA INTERMITENTE" }, "geometry": { "type": "MultiPolygon", "coordinates": [ [ [ [ -99.788594907692271, 20.750704492307726 ], [ -99.7889688, 20.75056726153851 ], [ -99.789199323076872, 20.7505662 ], [ -99.789315723076868, 20.750782507692293 ], [ -99.789384169230729, 20.751017107692327 ], [ -99.789211184615326, 20.750999830769228 ], [ -99.789028538461523, 20.75097356923073 ], [ -99.788807153846136, 20.750884230769241 ], [ -99.788594907692271, 20.750704492307726 ] ] ] ] } },
{ "type": "Feature", "properties": { "IDBD": 157687, "FC": 6291, "CONDICION": "CUERPO DE AGUA INTERMITENTE" }, "geometry": { "type": "MultiPolygon", "coordinates": [ [ [ [ -99.792639403934274, 20.749989198956623 ], [ -99.792642395927956, 20.749992383753796 ], [ -99.792643575837886, 20.749993911886801 ], [ -99.792644440107992, 20.749995638274711 ], [ -99.792644956523674, 20.749997498568359 ], [ -99.792645105836257, 20.749999423427905 ], [ -99.792645078496392, 20.749999658160974 ], [ -99.792770430769153, 20.750161246153837 ], [ -99.792665523076863, 20.750306292307709 ], [ -99.792608030769173, 20.750333661538491 ], [ -99.79249310769228, 20.750397446153794 ], [ -99.792368476923087, 20.7504432 ], [ -99.792214984615384, 20.750480046153804 ], [ -99.792071, 20.750498784615381 ], [ -99.791926923076858, 20.750499446153814 ], [ -99.791600061538489, 20.750446738461498 ], [ -99.791465215384591, 20.750375076923106 ], [ -99.791099230769191, 20.750187015384594 ], [ -99.790795876849756, 20.750017704144305 ], [ -99.790775526138262, 20.750017797899279 ], [ -99.790757187933337, 20.75000756277776 ], [ -99.79075553121406, 20.750006404068596 ], [ -99.79075414141036, 20.750004935814026 ], [ -99.790753075328183, 20.750003218026389 ], [ -99.79075237654169, 20.750001320917207 ], [ -99.790752073612452, 20.749999322027595 ], [ -99.790752169078985, 20.749997491773399 ], [ -99.790347907692265, 20.749783892307676 ], [ -99.790770169230754, 20.749709661538486 ], [ -99.791470676923083, 20.74957993846148 ], [ -99.791681753846078, 20.7495338 ], [ -99.791883415384575, 20.749523830769235 ], [ -99.79211407692307, 20.749549876923123 ], [ -99.792297046153791, 20.749639384615442 ], [ -99.79262568066396, 20.749989196265179 ], [ -99.792639403934274, 20.749989198956623 ] ] ] ] } },
{ "type": "Feature", "properties": { "IDBD": 157719, "FC": 6291, "CONDICION": "CUERPO DE AGUA INTERMITENTE" }, "geometry": { "type": "MultiPolygon", "coordinates": [ [ [ [ -99.84609793846154, 20.749925123076927 ], [ -99.845319892307657, 20.74991992307697 ], [ -99.845405169230744, 20.749711692307667 ], [ -99.845472153846103, 20.749666184615407 ], [ -99.845596923076883, 20.749647507692291 ], [ -99.8459238, 20.749700107692274 ], [ -99.846000830769171, 20.749735861538497 ], [ -99.84609793846154, 20.749925123076927 ] ] ] ] } },
{ "type": "Feature", "properties": { "IDBD": 157739, "FC": 6291, "CONDICION": "CUERPO DE AGUA INTERMITENTE" }, "geometry": { "type": "MultiPolygon", "coordinates": [ [ [ [ -99.8088132, 20.748695092307674 ], [ -99.808611892307653, 20.748768323076895 ], [ -99.808256738461509, 20.748815169230781 ], [ -99.807891753846107, 20.748816876923097 ], [ -99.80690061538462, 20.74847820000004 ], [ -99.80444296923072, 20.746908553846119 ], [ -99.804317538461504, 20.746800707692334 ], [ -99.804278723076905, 20.746728615384598 ], [ -99.804287861538413, 20.7466382153846 ], [ -99.804440815384623, 20.746501969230781 ], [ -99.804768292307685, 20.746672107692309 ], [ -99.805644538461522, 20.747083630769236 ], [ -99.8088132, 20.748695092307674 ] ] ] ] } },
{ "type": "Feature", "properties": { "IDBD": 157794, "FC": 6291, "CONDICION": "CUERPO DE AGUA INTERMITENTE" }, "geometry": { "type": "MultiPolygon", "coordinates": [ [ [ [ -99.90072158461534, 20.748093569230786 ], [ -99.90052627692306, 20.747552492307644 ], [ -99.900400184615364, 20.747345353846143 ], [ -99.900255261538419, 20.747201553846164 ], [ -99.900061784615374, 20.746967646153813 ], [ -99.900456061538435, 20.747046892307687 ], [ -99.900600769230763, 20.747154569230773 ], [ -99.900716830769184, 20.747289476923086 ], [ -99.900805461538425, 20.747659446153836 ], [ -99.90081607692305, 20.747831061538488 ], [ -99.900807230769203, 20.7479576 ], [ -99.90072158461534, 20.748093569230786 ] ] ] ] } },
{ "type": "Feature", "properties": { "IDBD": 157797, "FC": 6291, "CONDICION": "CUERPO DE AGUA INTERMITENTE" }, "geometry": { "type": "MultiPolygon", "coordinates": [ [ [ [ -99.780088769230716, 20.745918461538416 ], [ -99.779828507692315, 20.745738938461539 ], [ -99.780096892307668, 20.745629307692329 ], [ -99.780308061538449, 20.745601230769239 ], [ -99.780519692307649, 20.745663523076921 ], [ -99.780635599999982, 20.745789492307683 ], [ -99.780694061538455, 20.745951861538458 ], [ -99.780696046153807, 20.746340369230765 ], [ -99.780493523076899, 20.746178661538472 ], [ -99.780243046153785, 20.746035230769241 ], [ -99.780088769230716, 20.745918461538416 ] ] ] ] } },
{ "type": "Feature", "properties": { "IDBD": 157820, "FC": 6291, "CONDICION": "CUERPO DE AGUA INTERMITENTE" }, "geometry": { "type": "MultiPolygon", "coordinates": [ [ [ [ -99.791083507692264, 20.745317076923122 ], [ -99.791121599999954, 20.745253661538477 ], [ -99.791597615384603, 20.744438292307699 ], [ -99.792048707692274, 20.744372969230803 ], [ -99.793222938461511, 20.744837384615437 ], [ -99.79422415384613, 20.745275492307712 ], [ -99.794349446153831, 20.745356230769271 ], [ -99.794215492307671, 20.745456246153818 ], [ -99.793360138461495, 20.745360799999972 ], [ -99.792341692307673, 20.745302246153877 ], [ -99.791785, 20.74537710769232 ], [ -99.791477830769196, 20.745414661538483 ], [ -99.791112799999979, 20.745407292307686 ], [ -99.791083507692264, 20.745317076923122 ] ] ] ] } },
{ "type": "Feature", "properties": { "IDBD": 157823, "FC": 6291, "CONDICION": "CUERPO DE AGUA INTERMITENTE" }, "geometry": { "type": "MultiPolygon", "coordinates": [ [ [ [ -99.906419430769191, 20.746825830769282 ], [ -99.906198846153842, 20.746881200000018 ], [ -99.905920153846111, 20.746855569230789 ], [ -99.905727846153781, 20.746820430769215 ], [ -99.905477523076868, 20.746722369230756 ], [ -99.905294292307687, 20.746596846153814 ], [ -99.906254046153833, 20.746474338461557 ], [ -99.906936138461518, 20.74649784615389 ], [ -99.906716523076909, 20.746715846153887 ], [ -99.906419430769191, 20.746825830769282 ] ] ] ] } },
{ "type": "Feature", "properties": { "IDBD": 157830, "FC": 6291, "CONDICION": "CUERPO DE AGUA INTERMITENTE" }, "geometry": { "type": "MultiPolygon", "coordinates": [ [ [ [ -99.829044584615332, 20.745671323076913 ], [ -99.830801476923071, 20.740241707692356 ], [ -99.832478353846142, 20.739519830769204 ], [ -99.832412938461502, 20.73985444615386 ], [ -99.832126830769184, 20.740226276923103 ], [ -99.832060599999963, 20.740407292307736 ], [ -99.832061676923061, 20.740606061538454 ], [ -99.83211133846153, 20.740903984615393 ], [ -99.832297876923036, 20.741643969230783 ], [ -99.831966707692274, 20.742558123076943 ], [ -99.831979569230739, 20.743154384615334 ], [ -99.831925092307657, 20.743732907692326 ], [ -99.831743892307642, 20.743968692307682 ], [ -99.831524123076932, 20.744177569230771 ], [ -99.830864061538435, 20.744668661538476 ], [ -99.830223553846139, 20.745222907692291 ], [ -99.829677753846127, 20.745532738461556 ], [ -99.829370846153807, 20.745615538461553 ], [ -99.82922687692303, 20.745634292307702 ], [ -99.829044584615332, 20.745671323076913 ] ] ] ] } },
{ "type": "Feature", "properties": { "IDBD": 157831, "FC": 6291, "CONDICION": "CUERPO DE AGUA INTERMITENTE" }, "geometry": { "type": "MultiPolygon", "coordinates": [ [ [ [ -99.800366969230723, 20.744433846153843 ], [ -99.800778923076876, 20.744233153846142 ], [ -99.801027984615388, 20.744105492307707 ], [ -99.801210184615357, 20.744050430769224 ], [ -99.801498138461511, 20.744012953846156 ], [ -99.801718953846134, 20.743993846153835 ], [ -99.801863261538429, 20.744038353846175 ], [ -99.801959646153804, 20.744101153846184 ], [ -99.802008523076893, 20.744263553846132 ], [ -99.802038630769232, 20.744507369230771 ], [ -99.802078338461499, 20.744751138461506 ], [ -99.802098399999977, 20.744913676923101 ], [ -99.802108861538414, 20.745076261538475 ], [ -99.801435184615357, 20.744826415384566 ], [ -99.800366969230723, 20.744433846153843 ] ] ] ] } },
{ "type": "Feature", "properties": { "IDBD": 157833, "FC": 6291, "CONDICION": "CUERPO DE AGUA INTERMITENTE" }, "geometry": { "type": "MultiPolygon", "coordinates": [ [ [ [ -99.903276507692297, 20.744854646153851 ], [ -99.903537923076897, 20.745205646153824 ], [ -99.903848323076872, 20.745719015384591 ], [ -99.904032646153809, 20.74602523076922 ], [ -99.904081892307644, 20.746232784615419 ], [ -99.904092692307685, 20.7464314923077 ], [ -99.903705446153808, 20.745918538461535 ], [ -99.90345324615383, 20.745504246153878 ], [ -99.903250323076904, 20.745297507692317 ], [ -99.90306698461535, 20.745153907692334 ], [ -99.902931384615343, 20.744964892307724 ], [ -99.903074815384585, 20.744855707692309 ], [ -99.903276507692297, 20.744854646153851 ] ] ] ] } },
{ "type": "Feature", "properties": { "IDBD": 157846, "FC": 6291, "CONDICION": "CUERPO DE AGUA INTERMITENTE" }, "geometry": { "type": "MultiPolygon", "coordinates": [ [ [ [ -99.842773784615375, 20.744592630769191 ], [ -99.842859676923041, 20.744492815384657 ], [ -99.842993692307644, 20.744410846153819 ], [ -99.843156769230717, 20.744373907692356 ], [ -99.843435061538443, 20.744327369230778 ], [ -99.843320399999968, 20.74443635384613 ], [ -99.843024261538417, 20.744726923076939 ], [ -99.842833215384559, 20.744917599999987 ], [ -99.84269055384614, 20.745171292307713 ], [ -99.842718107692249, 20.744945276923087 ], [ -99.842745876923033, 20.744755399999971 ], [ -99.842773784615375, 20.744592630769191 ] ] ] ] } },
{ "type": "Feature", "properties": { "IDBD": 157858, "FC": 6291, "CONDICION": "CUERPO DE AGUA INTERMITENTE" }, "geometry": { "type": "MultiPolygon", "coordinates": [ [ [ [ -99.781379907692283, 20.742967107692305 ], [ -99.781138399999989, 20.742697138461494 ], [ -99.78108049230768, 20.7426431846154 ], [ -99.780713615384585, 20.742274415384593 ], [ -99.780374384615328, 20.741679615384655 ], [ -99.780335599999987, 20.741607523076933 ], [ -99.780827476923037, 20.742002830769245 ], [ -99.78152216923074, 20.7426140769231 ], [ -99.781724707692263, 20.742775800000015 ], [ -99.781840799999955, 20.742937907692301 ], [ -99.781831938461508, 20.743082507692293 ], [ -99.781746415384575, 20.743263600000027 ], [ -99.781689153846159, 20.743336138461572 ], [ -99.781611446153818, 20.743164830769221 ], [ -99.781379907692283, 20.742967107692305 ] ] ] ] } },
{ "type": "Feature", "properties": { "IDBD": 157892, "FC": 6291, "CONDICION": "CUERPO DE AGUA INTERMITENTE" }, "geometry": { "type": "MultiPolygon", "coordinates": [ [ [ [ -99.7902794, 20.742140369230789 ], [ -99.789808384615341, 20.742070246153844 ], [ -99.789471892307645, 20.742008538461576 ], [ -99.789173307692295, 20.741847276923064 ], [ -99.788884384615372, 20.741695 ], [ -99.788623784615353, 20.741452246153838 ], [ -99.788334615384599, 20.7412548 ], [ -99.788112923076866, 20.74110221538465 ], [ -99.787708784615376, 20.740959507692303 ], [ -99.787362784615368, 20.74091590769229 ], [ -99.787582938461483, 20.740770338461544 ], [ -99.787841553846164, 20.740633630769249 ], [ -99.788080599999986, 20.740424723076892 ], [ -99.78831133846154, 20.74046883076927 ], [ -99.788590199999987, 20.7405308 ], [ -99.78891787692308, 20.740746153846139 ], [ -99.789313215384581, 20.741042492307677 ], [ -99.7897575076923, 20.741519323076933 ], [ -99.789960615384587, 20.741789446153849 ], [ -99.7902794, 20.742140369230789 ] ] ] ] } },
{ "type": "Feature", "properties": { "IDBD": 157900, "FC": 6291, "CONDICION": "CUERPO DE AGUA INTERMITENTE" }, "geometry": { "type": "MultiPolygon", "coordinates": [ [ [ [ -99.906164, 20.742643938461541 ], [ -99.906624907692262, 20.742623430769228 ], [ -99.907056938461537, 20.742594061538494 ], [ -99.907029584615358, 20.742838138461533 ], [ -99.90709804615382, 20.743045584615377 ], [ -99.907118230769214, 20.743208123076915 ], [ -99.907071292307663, 20.743389061538451 ], [ -99.906956461538442, 20.743461953846172 ], [ -99.906803123076898, 20.743516969230768 ], [ -99.906716938461514, 20.743562600000033 ], [ -99.906582969230769, 20.743644615384618 ], [ -99.906399892307704, 20.743546199999965 ], [ -99.906178830769178, 20.743520261538443 ], [ -99.906034384615339, 20.743457769230766 ], [ -99.905908876923036, 20.743350015384603 ], [ -99.905831446153812, 20.743251046153819 ], [ -99.905744153846157, 20.743106938461526 ], [ -99.905638399999972, 20.743089430769242 ], [ -99.90548483076924, 20.743108307692289 ], [ -99.905369630769172, 20.743117938461538 ], [ -99.905253569230723, 20.742983030769231 ], [ -99.905107846153797, 20.742703707692304 ], [ -99.906164, 20.742643938461541 ] ] ] ] } },
{ "type": "Feature", "properties": { "IDBD": 157924, "FC": 6291, "CONDICION": "CUERPO DE AGUA INTERMITENTE" }, "geometry": { "type": "MultiPolygon", "coordinates": [ [ [ [ -99.784095923076876, 20.740677846153819 ], [ -99.783990830769199, 20.740786753846166 ], [ -99.78386629230765, 20.740850569230783 ], [ -99.783693307692303, 20.740833276923095 ], [ -99.783606646153842, 20.740788507692344 ], [ -99.783539076923049, 20.740725569230765 ], [ -99.783519553846148, 20.74066240000003 ], [ -99.783499830769216, 20.740563107692306 ], [ -99.783536984615367, 20.740318984615381 ], [ -99.784095923076876, 20.740677846153819 ] ] ] ] } },
{ "type": "Feature", "properties": { "IDBD": 157932, "FC": 6291, "CONDICION": "CUERPO DE AGUA INTERMITENTE" }, "geometry": { "type": "MultiPolygon", "coordinates": [ [ [ [ -99.84085518461535, 20.741548138461582 ], [ -99.840749630769196, 20.741566723076879 ], [ -99.840701661538432, 20.74157598461542 ], [ -99.840710815384554, 20.741494630769235 ], [ -99.840765646153855, 20.740988384615399 ], [ -99.840784061538415, 20.740843738461539 ], [ -99.841024369230738, 20.740878692307714 ], [ -99.841130569230771, 20.740977569230747 ], [ -99.84113221538459, 20.741275723076974 ], [ -99.841113615384586, 20.741384230769214 ], [ -99.841018015384606, 20.741466015384631 ], [ -99.84085518461535, 20.741548138461582 ] ] ] ] } },
{ "type": "Feature", "properties": { "IDBD": 157940, "FC": 6291, "CONDICION": "CUERPO DE AGUA INTERMITENTE" }, "geometry": { "type": "MultiPolygon", "coordinates": [ [ [ [ -99.901714323076902, 20.74218847692304 ], [ -99.901608138461526, 20.742098676923099 ], [ -99.901444707692264, 20.742072430769273 ], [ -99.901329030769219, 20.742000753846199 ], [ -99.901240661538452, 20.741675953846105 ], [ -99.901172692307668, 20.741549815384655 ], [ -99.901027123076858, 20.74129759999996 ], [ -99.901180953846122, 20.741323892307665 ], [ -99.901392938461512, 20.741440246153893 ], [ -99.901644153846121, 20.741691907692289 ], [ -99.901789553846157, 20.741917015384608 ], [ -99.901761815384589, 20.742097876923093 ], [ -99.901714323076902, 20.74218847692304 ] ] ] ] } },
{ "type": "Feature", "properties": { "IDBD": 157947, "FC": 6291, "CONDICION": "CUERPO DE AGUA INTERMITENTE" }, "geometry": { "type": "MultiPolygon", "coordinates": [ [ [ [ -99.838688199999964, 20.74047449230768 ], [ -99.83861266153842, 20.740709769230769 ], [ -99.838594938461512, 20.740980923076958 ], [ -99.838556076923055, 20.740899784615397 ], [ -99.838458646153825, 20.740647276923031 ], [ -99.838380815384596, 20.740466953846102 ], [ -99.83838036923072, 20.740385646153847 ], [ -99.838360553846115, 20.740277307692285 ], [ -99.838427138461512, 20.74015953846153 ], [ -99.838589769230708, 20.740041276923105 ], [ -99.838905123076913, 20.739750615384601 ], [ -99.838688199999964, 20.74047449230768 ] ] ] ] } },
{ "type": "Feature", "properties": { "IDBD": 157949, "FC": 6291, "CONDICION": "CUERPO DE AGUA INTERMITENTE" }, "geometry": { "type": "MultiPolygon", "coordinates": [ [ [ [ -99.787896569230753, 20.74012740000002 ], [ -99.78760739999997, 20.739929938461515 ], [ -99.78709616923075, 20.739507630769246 ], [ -99.786690492307656, 20.739066753846171 ], [ -99.786863276923043, 20.73904789230772 ], [ -99.787142369230736, 20.739155046153861 ], [ -99.787344861538401, 20.739307707692305 ], [ -99.787576523076865, 20.73953253846156 ], [ -99.787789507692267, 20.739856830769231 ], [ -99.787896569230753, 20.74012740000002 ] ] ] ] } },
{ "type": "Feature", "properties": { "IDBD": 157959, "FC": 6291, "CONDICION": "CUERPO DE AGUA INTERMITENTE" }, "geometry": { "type": "MultiPolygon", "coordinates": [ [ [ [ -99.906051584615355, 20.74150610769232 ], [ -99.905753738461499, 20.741489615384626 ], [ -99.905494092307634, 20.741436769230742 ], [ -99.905234292307682, 20.74135681538462 ], [ -99.904916707692252, 20.741250076923105 ], [ -99.905702323076909, 20.74092067692311 ], [ -99.906698753846115, 20.74050884615383 ], [ -99.906671984615357, 20.740852323076922 ], [ -99.906567353846128, 20.741024538461534 ], [ -99.906481892307667, 20.741187615384597 ], [ -99.906281, 20.741324199999983 ], [ -99.906051584615355, 20.74150610769232 ] ] ] ] } },
{ "type": "Feature", "properties": { "IDBD": 157961, "FC": 6291, "CONDICION": "CUERPO DE AGUA INTERMITENTE" }, "geometry": { "type": "MultiPolygon", "coordinates": [ [ [ [ -99.90315987692307, 20.739768523076933 ], [ -99.903904292307672, 20.740586800000042 ], [ -99.904204323076883, 20.740973723076944 ], [ -99.904311261538396, 20.74119001538461 ], [ -99.904322153846095, 20.741406799999989 ], [ -99.904110538461495, 20.74135369230774 ], [ -99.903946507692282, 20.741228061538479 ], [ -99.903744599999968, 20.741192984615381 ], [ -99.903571138461501, 20.741094507692335 ], [ -99.903464369230704, 20.740905338461534 ], [ -99.903396492307664, 20.740797276923047 ], [ -99.903308599999988, 20.740553784615368 ], [ -99.903259030769206, 20.740292030769197 ], [ -99.90315987692307, 20.739768523076933 ] ] ] ] } },
{ "type": "Feature", "properties": { "IDBD": 157962, "FC": 6291, "CONDICION": "CUERPO DE AGUA INTERMITENTE" }, "geometry": { "type": "MultiPolygon", "coordinates": [ [ [ [ -99.834436953846122, 20.739383846153846 ], [ -99.834314969230775, 20.739908476923077 ], [ -99.834287584615353, 20.740170630769228 ], [ -99.834279323076871, 20.740414615384655 ], [ -99.834125353846119, 20.740361153846159 ], [ -99.833980692307691, 20.740253430769211 ], [ -99.833854692307668, 20.740046230769192 ], [ -99.833833846153809, 20.739748169230761 ], [ -99.83389, 20.73947684615387 ], [ -99.834032876923047, 20.739259307692265 ], [ -99.834253323076908, 20.739176923076901 ], [ -99.834493138461525, 20.739121553846164 ], [ -99.834436953846122, 20.739383846153846 ] ] ] ] } },
{ "type": "Feature", "properties": { "IDBD": 157980, "FC": 6291, "CONDICION": "CUERPO DE AGUA INTERMITENTE" }, "geometry": { "type": "MultiPolygon", "coordinates": [ [ [ [ -99.845366, 20.739203969230822 ], [ -99.845286353846149, 20.7386984 ], [ -99.845536369230729, 20.738751384615398 ], [ -99.845681184615387, 20.738886200000049 ], [ -99.84578749230765, 20.739003123076909 ], [ -99.845855569230736, 20.739156384615363 ], [ -99.845923799999966, 20.739336753846185 ], [ -99.845934107692315, 20.73946319999995 ], [ -99.845848476923052, 20.739608184615367 ], [ -99.845685907692271, 20.73973547692308 ], [ -99.845456, 20.739845030769221 ], [ -99.845366, 20.739203969230822 ] ] ] ] } },
{ "type": "Feature", "properties": { "IDBD": 158000, "FC": 6291, "CONDICION": "CUERPO DE AGUA INTERMITENTE" }, "geometry": { "type": "MultiPolygon", "coordinates": [ [ [ [ -99.784685630769189, 20.737693507692299 ], [ -99.78494401538461, 20.737511630769248 ], [ -99.785298907692294, 20.737419661538492 ], [ -99.785663599999964, 20.737363784615372 ], [ -99.78592310769227, 20.737398738461547 ], [ -99.786096676923052, 20.737533476923037 ], [ -99.786183969230748, 20.737695707692335 ], [ -99.786252599999983, 20.737966446153848 ], [ -99.785954292307665, 20.737859384615366 ], [ -99.785598799999988, 20.73783390769233 ], [ -99.78512761538461, 20.737727646153861 ], [ -99.784685630769189, 20.737693507692299 ] ] ] ] } },
{ "type": "Feature", "properties": { "IDBD": 158014, "FC": 6291, "CONDICION": "CUERPO DE AGUA INTERMITENTE" }, "geometry": { "type": "MultiPolygon", "coordinates": [ [ [ [ -99.846521138461497, 20.737942400000016 ], [ -99.84636838461536, 20.738105784615371 ], [ -99.846253476923053, 20.738169600000013 ], [ -99.846128630769186, 20.73817021538461 ], [ -99.845974553846133, 20.738098692307744 ], [ -99.845906769230751, 20.737999630769234 ], [ -99.845867753846136, 20.737891399999988 ], [ -99.845828676923048, 20.737774138461585 ], [ -99.84585689230768, 20.737665584615399 ], [ -99.845952338461501, 20.737556692307699 ], [ -99.846076784615335, 20.737483800000014 ], [ -99.846239907692251, 20.737455892307711 ], [ -99.846365107692264, 20.737518523076915 ], [ -99.846461553846112, 20.737590323076912 ], [ -99.84653884615382, 20.737671261538448 ], [ -99.846577969230751, 20.737797553846196 ], [ -99.846521138461497, 20.737942400000016 ] ] ] ] } },
{ "type": "Feature", "properties": { "IDBD": 158017, "FC": 6291, "CONDICION": "CUERPO DE AGUA INTERMITENTE" }, "geometry": { "type": "MultiPolygon", "coordinates": [ [ [ [ -99.948340046153803, 20.738341738461539 ], [ -99.948178230769201, 20.738577538461548 ], [ -99.947901353846092, 20.738841076923102 ], [ -99.947604861538437, 20.739041476923106 ], [ -99.947414076923067, 20.739250338461542 ], [ -99.94702176923073, 20.739487400000044 ], [ -99.947031261538442, 20.739469276923021 ], [ -99.94724001538458, 20.739061553846149 ], [ -99.947583569230744, 20.738707307692327 ], [ -99.947870399999957, 20.73849792307691 ], [ -99.948340046153803, 20.738341738461539 ] ] ] ] } },
{ "type": "Feature", "properties": { "IDBD": 158023, "FC": 6291, "CONDICION": "CUERPO DE AGUA INTERMITENTE" }, "geometry": { "type": "MultiPolygon", "coordinates": [ [ [ [ -99.944791492307687, 20.739156338461527 ], [ -99.944732076923032, 20.738867553846156 ], [ -99.945750784615356, 20.737425384615378 ], [ -99.946162799999982, 20.737269523076911 ], [ -99.94582969230764, 20.737759246153892 ], [ -99.945143984615356, 20.738693615384623 ], [ -99.944791492307687, 20.739156338461527 ] ] ] ] } },
{ "type": "Feature", "properties": { "IDBD": 158057, "FC": 6291, "CONDICION": "CUERPO DE AGUA INTERMITENTE" }, "geometry": { "type": "MultiPolygon", "coordinates": [ [ [ [ -99.782092246153823, 20.732058261538437 ], [ -99.782175538461516, 20.733313800000015 ], [ -99.782266615384572, 20.734216907692268 ], [ -99.782319369230763, 20.735138276923085 ], [ -99.781895338461482, 20.734860107692302 ], [ -99.78176, 20.734689046153896 ], [ -99.781633799999952, 20.7344276 ], [ -99.781545923076905, 20.734147907692265 ], [ -99.781447015384572, 20.733588169230767 ], [ -99.781549969230753, 20.733063646153873 ], [ -99.781672784615367, 20.73266553846155 ], [ -99.781881523076862, 20.732167646153876 ], [ -99.782092246153823, 20.732058261538437 ] ] ] ] } },
{ "type": "Feature", "properties": { "IDBD": 158059, "FC": 6291, "CONDICION": "CUERPO DE AGUA INTERMITENTE" }, "geometry": { "type": "MultiPolygon", "coordinates": [ [ [ [ -99.904811830769219, 20.736534307692338 ], [ -99.90471623076921, 20.736607092307715 ], [ -99.904390553846113, 20.736753369230765 ], [ -99.903689615384593, 20.736784153846155 ], [ -99.903420538461546, 20.736758461538486 ], [ -99.902891307692286, 20.736589584615352 ], [ -99.904299661538445, 20.736003938461558 ], [ -99.905573923076915, 20.735482230769243 ], [ -99.905432276923037, 20.735889553846128 ], [ -99.905270415384592, 20.736125323076909 ], [ -99.905089230769207, 20.736343123076903 ], [ -99.904811830769219, 20.736534307692338 ] ] ] ] } },
{ "type": "Feature", "properties": { "IDBD": 158062, "FC": 6291, "CONDICION": "CUERPO DE AGUA INTERMITENTE" }, "geometry": { "type": "MultiPolygon", "coordinates": [ [ [ [ -99.879291323076885, 20.736223953846192 ], [ -99.879166, 20.736143276923084 ], [ -99.879098138461501, 20.736035199999968 ], [ -99.879116507692316, 20.735890538461561 ], [ -99.879259692307684, 20.735736215384573 ], [ -99.879441276923075, 20.735581692307694 ], [ -99.879614769230741, 20.735689230769228 ], [ -99.880000399999986, 20.735940230769259 ], [ -99.879847046153799, 20.735995230769209 ], [ -99.879684353846116, 20.736095446153826 ], [ -99.879473738461485, 20.736213984615379 ], [ -99.879291323076885, 20.736223953846192 ] ] ] ] } },
{ "type": "Feature", "properties": { "IDBD": 158068, "FC": 6291, "CONDICION": "CUERPO DE AGUA INTERMITENTE" }, "geometry": { "type": "MultiPolygon", "coordinates": [ [ [ [ -99.775823030769217, 20.734408723076942 ], [ -99.775108969230772, 20.733752369230771 ], [ -99.775618399999956, 20.733831384615378 ], [ -99.775820830769192, 20.733975046153844 ], [ -99.775879138461505, 20.734110307692298 ], [ -99.775860723076903, 20.734264 ], [ -99.775823030769217, 20.734408723076942 ] ] ] ] } },
{ "type": "Feature", "properties": { "IDBD": 158085, "FC": 6291, "CONDICION": "CUERPO DE AGUA INTERMITENTE" }, "geometry": { "type": "MultiPolygon", "coordinates": [ [ [ [ -99.771551584615338, 20.7330094 ], [ -99.771994476923027, 20.733224261538457 ], [ -99.772187153846119, 20.733340846153865 ], [ -99.772312507692291, 20.733439676923052 ], [ -99.772399769230731, 20.73360192307695 ], [ -99.772419846153809, 20.733773507692309 ], [ -99.772217984615367, 20.733738261538406 ], [ -99.77201546153843, 20.733576538461527 ], [ -99.771551584615338, 20.7330094 ] ] ] ] } },
{ "type": "Feature", "properties": { "IDBD": 158096, "FC": 6291, "CONDICION": "CUERPO DE AGUA INTERMITENTE" }, "geometry": { "type": "MultiPolygon", "coordinates": [ [ [ [ -99.839153707692233, 20.734319246153856 ], [ -99.839066430769194, 20.734166076923085 ], [ -99.839017353846103, 20.733976584615387 ], [ -99.839006707692306, 20.733786892307727 ], [ -99.83901541538458, 20.733624215384651 ], [ -99.839062246153787, 20.733407138461523 ], [ -99.839264169230731, 20.733451338461553 ], [ -99.839351107692281, 20.733541261538502 ], [ -99.839409138461491, 20.733613261538462 ], [ -99.839419538461541, 20.733757769230756 ], [ -99.839410523076893, 20.73386624615387 ], [ -99.839363353846153, 20.734020061538494 ], [ -99.839354353846105, 20.734128538461512 ], [ -99.839153707692233, 20.734319246153856 ] ] ] ] } },
{ "type": "Feature", "properties": { "IDBD": 158099, "FC": 6291, "CONDICION": "CUERPO DE AGUA INTERMITENTE" }, "geometry": { "type": "MultiPolygon", "coordinates": [ [ [ [ -99.917902523076904, 20.734947061538481 ], [ -99.917643830769222, 20.735047830769268 ], [ -99.917183384615385, 20.735140630769223 ], [ -99.916703676923049, 20.735224507692308 ], [ -99.916089353846118, 20.735281984615384 ], [ -99.915753323076885, 20.735301846153853 ], [ -99.915359615384602, 20.735312984615394 ], [ -99.915636338461482, 20.735013353846153 ], [ -99.91765216923072, 20.734839984615398 ], [ -99.917902523076904, 20.734947061538481 ] ] ] ] } },
{ "type": "Feature", "properties": { "IDBD": 158123, "FC": 6291, "CONDICION": "CUERPO DE AGUA INTERMITENTE" }, "geometry": { "type": "MultiPolygon", "coordinates": [ [ [ [ -99.941859646153802, 20.734094753846176 ], [ -99.941745061538455, 20.734203800000031 ], [ -99.941573030769206, 20.734340261538442 ], [ -99.941420046153809, 20.734449523076879 ], [ -99.94135332307691, 20.7345312 ], [ -99.941277, 20.734612938461499 ], [ -99.941229430769198, 20.734685476923083 ], [ -99.941143323076872, 20.734740153846179 ], [ -99.941075476923032, 20.734641138461519 ], [ -99.941007584615363, 20.734533092307711 ], [ -99.941084030769204, 20.734469430769224 ], [ -99.941323446153817, 20.734359707692327 ], [ -99.941715753846111, 20.734122646153804 ], [ -99.941859646153802, 20.734094753846176 ] ] ] ] } },
{ "type": "Feature", "properties": { "IDBD": 158126, "FC": 6291, "CONDICION": "CUERPO DE AGUA INTERMITENTE" }, "geometry": { "type": "MultiPolygon", "coordinates": [ [ [ [ -99.900187, 20.734037784615413 ], [ -99.900013646153809, 20.733957384615373 ], [ -99.899839769230724, 20.733786630769252 ], [ -99.899627199999983, 20.7335708923077 ], [ -99.89913586153844, 20.73331144615382 ], [ -99.899394784615382, 20.73324684615385 ], [ -99.899548446153815, 20.733246046153862 ], [ -99.899693046153814, 20.733335630769215 ], [ -99.899808769230731, 20.733416353846117 ], [ -99.899944123076892, 20.733569230769238 ], [ -99.900002446153806, 20.733686384615368 ], [ -99.900128415384586, 20.733875461538481 ], [ -99.900187, 20.734037784615413 ] ] ] ] } },
{ "type": "Feature", "properties": { "IDBD": 158137, "FC": 6291, "CONDICION": "CUERPO DE AGUA INTERMITENTE" }, "geometry": { "type": "MultiPolygon", "coordinates": [ [ [ [ -99.775166215384587, 20.731791446153878 ], [ -99.774712430769213, 20.731323661538465 ], [ -99.774575630769192, 20.730863476923059 ], [ -99.774536615384577, 20.730746184615398 ], [ -99.77447844615385, 20.730638030769242 ], [ -99.774342753846128, 20.730394692307687 ], [ -99.774225523076893, 20.730006692307658 ], [ -99.774137661538433, 20.729727 ], [ -99.774435753846106, 20.729797938461566 ], [ -99.774898076923037, 20.730057876923066 ], [ -99.775081753846138, 20.730291969230755 ], [ -99.775197784615358, 20.730445046153822 ], [ -99.775286507692272, 20.730896415384631 ], [ -99.775166215384587, 20.731791446153878 ] ] ] ] } },
{ "type": "Feature", "properties": { "IDBD": 158158, "FC": 6291, "CONDICION": "CUERPO DE AGUA INTERMITENTE" }, "geometry": { "type": "MultiPolygon", "coordinates": [ [ [ [ -99.953995938461517, 20.733576123076929 ], [ -99.953822953846128, 20.733559015384579 ], [ -99.953688046153829, 20.733487476923091 ], [ -99.953601276923067, 20.733433753846182 ], [ -99.953523938461501, 20.73335286153846 ], [ -99.953465861538419, 20.733280907692265 ], [ -99.953388415384566, 20.73318195384617 ], [ -99.953436199999985, 20.733145538461525 ], [ -99.953579984615374, 20.733099569230728 ], [ -99.953704707692296, 20.733080815384611 ], [ -99.95381995384615, 20.73308016923075 ], [ -99.953945138461506, 20.733133692307725 ], [ -99.954032307692302, 20.733250661538449 ], [ -99.95404287692304, 20.7334042 ], [ -99.953995938461517, 20.733576123076929 ] ] ] ] } },
{ "type": "Feature", "properties": { "IDBD": 158161, "FC": 6291, "CONDICION": "CUERPO DE AGUA INTERMITENTE" }, "geometry": { "type": "MultiPolygon", "coordinates": [ [ [ [ -99.956739523076905, 20.733073 ], [ -99.956654630769194, 20.733317415384601 ], [ -99.956539953846104, 20.733408400000027 ], [ -99.956213938461516, 20.733491523076886 ], [ -99.955983553846124, 20.733510876923084 ], [ -99.956068292307663, 20.733239353846148 ], [ -99.956393507692283, 20.733029738461585 ], [ -99.956739523076905, 20.733073 ] ] ] ] } },
{ "type": "Feature", "properties": { "IDBD": 158163, "FC": 6291, "CONDICION": "CUERPO DE AGUA INTERMITENTE" }, "geometry": { "type": "MultiPolygon", "coordinates": [ [ [ [ -99.766476830769207, 20.730375692307678 ], [ -99.766581984615357, 20.730275846153855 ], [ -99.766648661538426, 20.730167123076932 ], [ -99.766590584615386, 20.730077030769202 ], [ -99.766580569230712, 20.7299957538462 ], [ -99.766771784615372, 20.729823230769163 ], [ -99.767041830769216, 20.730047907692288 ], [ -99.767253984615337, 20.73021863076923 ], [ -99.767187799999988, 20.730426738461531 ], [ -99.767169323076885, 20.730571384615416 ], [ -99.767189169230733, 20.7306978 ], [ -99.767112753846135, 20.7307794461539 ], [ -99.766940061538421, 20.730816369230752 ], [ -99.766853569230761, 20.730807707692286 ], [ -99.766700046153844, 20.730835507692298 ], [ -99.766555353846115, 20.730709646153855 ], [ -99.766468184615348, 20.730565476923072 ], [ -99.766467646153799, 20.730457061538438 ], [ -99.766476830769207, 20.730375692307678 ] ] ] ] } },
{ "type": "Feature", "properties": { "IDBD": 158164, "FC": 6291, "CONDICION": "CUERPO DE AGUA INTERMITENTE" }, "geometry": { "type": "MultiPolygon", "coordinates": [ [ [ [ -99.835710123076893, 20.729863584615419 ], [ -99.835576615384568, 20.730035907692312 ], [ -99.835540276923055, 20.730415569230789 ], [ -99.835484338461526, 20.73072303076923 ], [ -99.835428199999967, 20.730994353846164 ], [ -99.8353144, 20.731256938461517 ], [ -99.835114153846135, 20.731519923076927 ], [ -99.834730738461488, 20.731657307692338 ], [ -99.834404907692289, 20.731785384615407 ], [ -99.833962323076875, 20.731642969230773 ], [ -99.835163984615335, 20.728348323076915 ], [ -99.835315461538428, 20.727950046153811 ], [ -99.835410953846122, 20.727850184615381 ], [ -99.835497138461506, 20.7278046 ], [ -99.835583615384593, 20.727813215384604 ], [ -99.836113107692285, 20.728045553846172 ], [ -99.83604658461536, 20.728172369230776 ], [ -99.836086138461482, 20.728379984615401 ], [ -99.836192723076891, 20.72855113846159 ], [ -99.836299646153819, 20.728785538461587 ], [ -99.836205892307675, 20.729201615384635 ], [ -99.8358822, 20.729718184615372 ], [ -99.835710123076893, 20.729863584615419 ] ] ] ] } },
{ "type": "Feature", "properties": { "IDBD": 158173, "FC": 6291, "CONDICION": "CUERPO DE AGUA INTERMITENTE" }, "geometry": { "type": "MultiPolygon", "coordinates": [ [ [ [ -99.877554353846108, 20.731471307692285 ], [ -99.877641461538431, 20.73158832307697 ], [ -99.878019384615357, 20.73217367692304 ], [ -99.877846215384579, 20.732120353846167 ], [ -99.877682215384596, 20.731994692307719 ], [ -99.877614046153823, 20.731832415384627 ], [ -99.877584046153814, 20.731624753846166 ], [ -99.877554353846108, 20.731471307692285 ] ] ] ] } },
{ "type": "Feature", "properties": { "IDBD": 158180, "FC": 6291, "CONDICION": "CUERPO DE AGUA INTERMITENTE" }, "geometry": { "type": "MultiPolygon", "coordinates": [ [ [ [ -99.942169076923037, 20.732882369230769 ], [ -99.942234784615366, 20.732638061538484 ], [ -99.942358846153809, 20.732510892307658 ], [ -99.942616923076926, 20.732310707692289 ], [ -99.942837015384598, 20.732183015384614 ], [ -99.943124061538427, 20.732009769230785 ], [ -99.943383030769198, 20.73195413846155 ], [ -99.943536969230735, 20.731998476923078 ], [ -99.943384261538426, 20.732152907692321 ], [ -99.943049092307632, 20.732308338461564 ], [ -99.942781415384601, 20.732508569230731 ], [ -99.942446461538438, 20.732700138461535 ], [ -99.942169076923037, 20.732882369230769 ] ] ] ] } },
{ "type": "Feature", "properties": { "IDBD": 158190, "FC": 6291, "CONDICION": "CUERPO DE AGUA INTERMITENTE" }, "geometry": { "type": "MultiPolygon", "coordinates": [ [ [ [ -99.903813461538419, 20.73176 ], [ -99.903747353846143, 20.731950092307688 ], [ -99.903594446153818, 20.732077384615373 ], [ -99.903114415384579, 20.732107015384653 ], [ -99.902845630769178, 20.732126492307735 ], [ -99.901980861538419, 20.732058738461522 ], [ -99.901826830769195, 20.731996307692324 ], [ -99.90168175384612, 20.73182539999997 ], [ -99.90191170769225, 20.731733846153851 ], [ -99.902869769230733, 20.731340307692296 ], [ -99.903741292307686, 20.730929153846173 ], [ -99.903819892307666, 20.731226907692278 ], [ -99.903821446153842, 20.731488907692338 ], [ -99.903813461538419, 20.73176 ] ] ] ] } },
{ "type": "Feature", "properties": { "IDBD": 158197, "FC": 6291, "CONDICION": "CUERPO DE AGUA INTERMITENTE" }, "geometry": { "type": "MultiPolygon", "coordinates": [ [ [ [ -99.77984473846152, 20.730162015384646 ], [ -99.77987156923075, 20.729773384615385 ], [ -99.779811630769231, 20.729321892307709 ], [ -99.779772430769199, 20.729168461538425 ], [ -99.779684276923049, 20.728834553846124 ], [ -99.7794210461538, 20.728067753846172 ], [ -99.77916787692304, 20.727391246153864 ], [ -99.778894446153828, 20.726507030769223 ], [ -99.778429584615367, 20.725750169230771 ], [ -99.778843661538417, 20.725965138461543 ], [ -99.779161969230742, 20.726234753846189 ], [ -99.779413184615336, 20.726531784615393 ], [ -99.779703476923046, 20.726955123076916 ], [ -99.779994123076904, 20.727450753846167 ], [ -99.780498799999975, 20.728478492307698 ], [ -99.780577107692295, 20.728767261538458 ], [ -99.780530523076877, 20.729047569230779 ], [ -99.780416953846142, 20.729373353846185 ], [ -99.780322584615362, 20.729699061538483 ], [ -99.780236938461528, 20.729853046153842 ], [ -99.780093615384587, 20.729998261538494 ], [ -99.77984473846152, 20.730162015384646 ] ] ] ] } },
{ "type": "Feature", "properties": { "IDBD": 158210, "FC": 6291, "CONDICION": "CUERPO DE AGUA INTERMITENTE" }, "geometry": { "type": "MultiPolygon", "coordinates": [ [ [ [ -99.843215599999979, 20.728986692307682 ], [ -99.843351015384556, 20.729157692307716 ], [ -99.843323246153801, 20.729347569230747 ], [ -99.843237861538441, 20.729537738461552 ], [ -99.842960907692287, 20.729819184615387 ], [ -99.842703061538444, 20.730082461538487 ], [ -99.842483215384618, 20.730273276923086 ], [ -99.842301399999954, 20.730391630769244 ], [ -99.842138430769211, 20.730446630769247 ], [ -99.841926907692269, 20.730402492307725 ], [ -99.842098769230759, 20.730220953846182 ], [ -99.842518738461521, 20.729749061538428 ], [ -99.843014784615335, 20.729141276923041 ], [ -99.843215599999979, 20.728986692307682 ] ] ] ] } },
{ "type": "Feature", "properties": { "IDBD": 158211, "FC": 6291, "CONDICION": "CUERPO DE AGUA INTERMITENTE" }, "geometry": { "type": "MultiPolygon", "coordinates": [ [ [ [ -99.915710369230709, 20.731353753846168 ], [ -99.9155572, 20.731435892307701 ], [ -99.915374676923065, 20.731427830769245 ], [ -99.915201492307659, 20.731374538461548 ], [ -99.915171907692255, 20.731248199999989 ], [ -99.91512275384612, 20.731058723076927 ], [ -99.915150215384557, 20.730832707692297 ], [ -99.915293615384584, 20.730723523076904 ], [ -99.915494969230721, 20.730668246153854 ], [ -99.915658553846114, 20.73072158461536 ], [ -99.915755123076863, 20.730811415384597 ], [ -99.915813723076866, 20.730973738461529 ], [ -99.915805107692293, 20.731136415384647 ], [ -99.915710369230709, 20.731353753846168 ] ] ] ] } },
{ "type": "Feature", "properties": { "IDBD": 158223, "FC": 6291, "CONDICION": "CUERPO DE AGUA INTERMITENTE" }, "geometry": { "type": "MultiPolygon", "coordinates": [ [ [ [ -99.901116923076913, 20.730509230769229 ], [ -99.901306923076888, 20.73015587692306 ], [ -99.901849507692262, 20.729339876923039 ], [ -99.902050107692276, 20.7291581230769 ], [ -99.902241169230734, 20.728985446153843 ], [ -99.902704169230717, 20.729326353846137 ], [ -99.90289769230769, 20.729569292307684 ], [ -99.902956430769208, 20.729758723076891 ], [ -99.902976769230762, 20.729948338461536 ], [ -99.902978, 20.730156153846124 ], [ -99.902930938461495, 20.730319030769252 ], [ -99.902807015384568, 20.730473276923053 ], [ -99.902720784615354, 20.730509861538433 ], [ -99.902490569230778, 20.730556246153849 ], [ -99.902154492307645, 20.730567046153848 ], [ -99.901799169230713, 20.730568907692362 ], [ -99.901395646153802, 20.730543923076898 ], [ -99.901116923076913, 20.730509230769229 ] ] ] ] } },
{ "type": "Feature", "properties": { "IDBD": 158224, "FC": 6291, "CONDICION": "CUERPO DE AGUA INTERMITENTE" }, "geometry": { "type": "MultiPolygon", "coordinates": [ [ [ [ -99.936923446153827, 20.731022692307679 ], [ -99.936920169230731, 20.73048964615386 ], [ -99.937750661538445, 20.729671969230779 ], [ -99.937598953846106, 20.729989030769254 ], [ -99.937399, 20.730270200000021 ], [ -99.937284646153813, 20.730415384615377 ], [ -99.937141876923036, 20.730623969230766 ], [ -99.937085261538428, 20.730786907692313 ], [ -99.936989892307651, 20.730895846153864 ], [ -99.936923446153827, 20.731022692307679 ] ] ] ] } },
{ "type": "Feature", "properties": { "IDBD": 158230, "FC": 6291, "CONDICION": "CUERPO DE AGUA INTERMITENTE" }, "geometry": { "type": "MultiPolygon", "coordinates": [ [ [ [ -99.978121646153795, 20.730657876923043 ], [ -99.977881446153816, 20.730641169230807 ], [ -99.977727553846123, 20.730605907692293 ], [ -99.97761203076918, 20.730561384615356 ], [ -99.977534676923042, 20.73048050769232 ], [ -99.977667846153807, 20.730280984615408 ], [ -99.977696246153812, 20.730217584615431 ], [ -99.977638046153828, 20.730127553846145 ], [ -99.977560523076889, 20.730019584615373 ], [ -99.977540676923056, 20.729920307692293 ], [ -99.977529692307641, 20.729703538461575 ], [ -99.977490399999965, 20.729568230769274 ], [ -99.977738353846121, 20.729295769230788 ], [ -99.978843892307665, 20.729470184615387 ], [ -99.979449553846138, 20.729566123076932 ], [ -99.979537584615372, 20.731309369230789 ], [ -99.979451630769233, 20.731382138461555 ], [ -99.979326492307692, 20.731337676923079 ], [ -99.979258276923034, 20.731184461538479 ], [ -99.979133030769233, 20.731121938461516 ], [ -99.978998230769193, 20.731068492307649 ], [ -99.978843707692263, 20.730933846153846 ], [ -99.978679923076896, 20.730853461538452 ], [ -99.978487384615377, 20.73078227692308 ], [ -99.978294907692288, 20.730720123076889 ], [ -99.978121646153795, 20.730657876923043 ] ] ] ] } },
{ "type": "Feature", "properties": { "IDBD": 158233, "FC": 6291, "CONDICION": "CUERPO DE AGUA INTERMITENTE" }, "geometry": { "type": "MultiPolygon", "coordinates": [ [ [ [ -99.947424338461502, 20.730097830769232 ], [ -99.946974599999976, 20.730362323076925 ], [ -99.946696446153808, 20.730418061538455 ], [ -99.946571430769225, 20.730391646153848 ], [ -99.946197446153818, 20.730484046153837 ], [ -99.945910353846145, 20.730648261538423 ], [ -99.9455368307692, 20.730812938461522 ], [ -99.947008523076903, 20.729639338461585 ], [ -99.947424338461502, 20.730097830769232 ] ] ] ] } },
{ "type": "Feature", "properties": { "IDBD": 158244, "FC": 6291, "CONDICION": "CUERPO DE AGUA INTERMITENTE" }, "geometry": { "type": "MultiPolygon", "coordinates": [ [ [ [ -99.916460030769173, 20.729849938461534 ], [ -99.916498169230721, 20.729804569230769 ], [ -99.916671046153823, 20.729803646153819 ], [ -99.916949384615364, 20.72977506153849 ], [ -99.917064292307657, 20.729720230769193 ], [ -99.91727541538458, 20.729692 ], [ -99.917534384615351, 20.729636415384604 ], [ -99.917736046153834, 20.729635338461538 ], [ -99.917880384615373, 20.729679738461492 ], [ -99.91796730769228, 20.7297606 ], [ -99.918016415384571, 20.729941030769236 ], [ -99.917824230769213, 20.729923984615393 ], [ -99.917469276923015, 20.729989123076905 ], [ -99.917238953846109, 20.73001746153848 ], [ -99.917104615384588, 20.730036246153833 ], [ -99.916931646153827, 20.730019092307664 ], [ -99.91677781538462, 20.729992815384627 ], [ -99.916460030769173, 20.729849938461534 ] ] ] ] } },
{ "type": "Feature", "properties": { "IDBD": 158245, "FC": 6291, "CONDICION": "CUERPO DE AGUA INTERMITENTE" }, "geometry": { "type": "MultiPolygon", "coordinates": [ [ [ [ -99.879796769230751, 20.727294661538497 ], [ -99.880558630769201, 20.727841907692344 ], [ -99.880925338461523, 20.72814721538462 ], [ -99.882085461538395, 20.729469446153857 ], [ -99.882057076923061, 20.729541861538479 ], [ -99.881700107692268, 20.729263615384657 ], [ -99.881380953846147, 20.728876738461587 ], [ -99.881091630769177, 20.728670415384624 ], [ -99.880773676923042, 20.728491338461545 ], [ -99.880311661538414, 20.728313 ], [ -99.880071046153844, 20.728223876923032 ], [ -99.879945461538441, 20.728098030769257 ], [ -99.879877307692269, 20.727935738461539 ], [ -99.879807630769221, 20.727511446153837 ], [ -99.879796769230751, 20.727294661538497 ] ] ] ] } },
{ "type": "Feature", "properties": { "IDBD": 158266, "FC": 6291, "CONDICION": "CUERPO DE AGUA INTERMITENTE" }, "geometry": { "type": "MultiPolygon", "coordinates": [ [ [ [ -99.994740538461485, 20.729857861538473 ], [ -99.994662246153837, 20.72963244615384 ], [ -99.99468963076923, 20.729415446153858 ], [ -99.994707492307683, 20.72920753846152 ], [ -99.994772876923079, 20.728927076923043 ], [ -99.995142584615309, 20.729656769230804 ], [ -99.995143538461519, 20.729801323076934 ], [ -99.995146476923068, 20.730253046153837 ], [ -99.995147076923089, 20.730343400000045 ], [ -99.99502164615383, 20.730253769230782 ], [ -99.994915476923055, 20.73017307692308 ], [ -99.99480876923073, 20.730011061538463 ], [ -99.994740538461485, 20.729857861538473 ] ] ] ] } },
{ "type": "Feature", "properties": { "IDBD": 158274, "FC": 6291, "CONDICION": "CUERPO DE AGUA INTERMITENTE" }, "geometry": { "type": "MultiPolygon", "coordinates": [ [ [ [ -99.894861815384616, 20.728373461538453 ], [ -99.894928246153839, 20.728237584615389 ], [ -99.895390430769197, 20.728443 ], [ -99.895900476923018, 20.728621046153858 ], [ -99.895690323076863, 20.728811876923078 ], [ -99.895536984615319, 20.728866876923089 ], [ -99.895373723076858, 20.728867723076966 ], [ -99.895200646153839, 20.728832492307689 ], [ -99.895075261538466, 20.728742784615424 ], [ -99.894901123076892, 20.728526861538501 ], [ -99.894861815384616, 20.728373461538453 ] ] ] ] } },
{ "type": "Feature", "properties": { "IDBD": 158287, "FC": 6291, "CONDICION": "CUERPO DE AGUA INTERMITENTE" }, "geometry": { "type": "MultiPolygon", "coordinates": [ [ [ [ -99.88506110769228, 20.727547753846206 ], [ -99.88498107692304, 20.726997015384626 ], [ -99.885752984615365, 20.727616476923068 ], [ -99.885801584615351, 20.727715600000021 ], [ -99.885937492307662, 20.727967892307714 ], [ -99.885610553846092, 20.727897292307713 ], [ -99.885408307692302, 20.727798953846147 ], [ -99.88506110769228, 20.727547753846206 ] ] ] ] } },
{ "type": "Feature", "properties": { "IDBD": 158289, "FC": 6291, "CONDICION": "CUERPO DE AGUA INTERMITENTE" }, "geometry": { "type": "MultiPolygon", "coordinates": [ [ [ [ -99.950037646153802, 20.728728169230791 ], [ -99.950965615384575, 20.728153830769248 ], [ -99.951859907692253, 20.728338630769262 ], [ -99.951284892307683, 20.728531538461564 ], [ -99.950940138461505, 20.728687046153855 ], [ -99.95059496923075, 20.72877929230771 ], [ -99.950460646153815, 20.728798107692285 ], [ -99.950278061538455, 20.728781046153856 ], [ -99.950037646153802, 20.728728169230791 ] ] ] ] } },
{ "type": "Feature", "properties": { "IDBD": 158292, "FC": 6291, "CONDICION": "CUERPO DE AGUA INTERMITENTE" }, "geometry": { "type": "MultiPolygon", "coordinates": [ [ [ [ -99.997655876923034, 20.729217569230801 ], [ -99.997310507692305, 20.729273784615376 ], [ -99.997137476923044, 20.729247676923109 ], [ -99.99693579999996, 20.72924884615384 ], [ -99.996868399999954, 20.72922213846153 ], [ -99.996829523076897, 20.72915007692308 ], [ -99.996846892307673, 20.728869892307689 ], [ -99.996951646153803, 20.728733769230761 ], [ -99.997008553846101, 20.728625015384605 ], [ -99.997093553846128, 20.72840769230773 ], [ -99.997421076923061, 20.728559384615387 ], [ -99.997556769230741, 20.728748323076925 ], [ -99.997673430769197, 20.728964492307675 ], [ -99.997655876923034, 20.729217569230801 ] ] ] ] } },
{ "type": "Feature", "properties": { "IDBD": 158305, "FC": 6291, "CONDICION": "CUERPO DE AGUA INTERMITENTE" }, "geometry": { "type": "MultiPolygon", "coordinates": [ [ [ [ -99.852696446153828, 20.725868 ], [ -99.852792938461491, 20.725948846153788 ], [ -99.852870723076876, 20.726120123076932 ], [ -99.853025246153805, 20.726272953846138 ], [ -99.853054661538422, 20.726381230769281 ], [ -99.853036061538447, 20.726489753846167 ], [ -99.85296933846152, 20.726580430769221 ], [ -99.852902876923054, 20.726716292307682 ], [ -99.852758323076912, 20.726626661538475 ], [ -99.852709738461527, 20.726527507692328 ], [ -99.852670676923069, 20.726410246153861 ], [ -99.852641, 20.726256799999987 ], [ -99.852696446153828, 20.725868 ] ] ] ] } },
{ "type": "Feature", "properties": { "IDBD": 158306, "FC": 6291, "CONDICION": "CUERPO DE AGUA INTERMITENTE" }, "geometry": { "type": "MultiPolygon", "coordinates": [ [ [ [ -99.944760107692261, 20.727907938461556 ], [ -99.945371076923067, 20.72731730769231 ], [ -99.945544938461524, 20.727478984615409 ], [ -99.945430369230721, 20.727588030769265 ], [ -99.945373261538407, 20.72766966153846 ], [ -99.945229876923065, 20.727778861538457 ], [ -99.945096046153822, 20.727878984615376 ], [ -99.945010015384597, 20.727942707692314 ], [ -99.944760107692261, 20.727907938461556 ] ] ] ] } },
{ "type": "Feature", "properties": { "IDBD": 158308, "FC": 6291, "CONDICION": "CUERPO DE AGUA INTERMITENTE" }, "geometry": { "type": "MultiPolygon", "coordinates": [ [ [ [ -99.9314574307692, 20.72765519999998 ], [ -99.931666599999957, 20.727310738461565 ], [ -99.931809830769211, 20.727174446153889 ], [ -99.932039923076914, 20.727109953846146 ], [ -99.932617107692295, 20.72726944615389 ], [ -99.932963276923033, 20.727339861538493 ], [ -99.933078630769188, 20.727357292307694 ], [ -99.933330476923061, 20.727708307692321 ], [ -99.933042476923021, 20.727727938461538 ], [ -99.932811830769197, 20.727702076923109 ], [ -99.932552430769192, 20.727685415384602 ], [ -99.932389123076888, 20.72767726153846 ], [ -99.932235353846167, 20.727660030769247 ], [ -99.9318898, 20.727689 ], [ -99.9314574307692, 20.72765519999998 ] ] ] ] } },
{ "type": "Feature", "properties": { "IDBD": 158320, "FC": 6291, "CONDICION": "CUERPO DE AGUA INTERMITENTE" }, "geometry": { "type": "MultiPolygon", "coordinates": [ [ [ [ -99.936420984615353, 20.727402384615402 ], [ -99.936371307692298, 20.727131600000021 ], [ -99.936359369230743, 20.726752199999968 ], [ -99.936530723076885, 20.726507323076952 ], [ -99.936988784615394, 20.726035 ], [ -99.937180138461486, 20.725916507692329 ], [ -99.937085261538428, 20.726106769230789 ], [ -99.936895030769179, 20.726405953846161 ], [ -99.936790630769195, 20.72660529230766 ], [ -99.936696092307699, 20.72684975384615 ], [ -99.936581738461499, 20.726994938461555 ], [ -99.936515523076906, 20.727157923076952 ], [ -99.93648770769228, 20.727320707692282 ], [ -99.936420984615353, 20.727402384615402 ] ] ] ] } },
{ "type": "Feature", "properties": { "IDBD": 158323, "FC": 6291, "CONDICION": "CUERPO DE AGUA INTERMITENTE" }, "geometry": { "type": "MultiPolygon", "coordinates": [ [ [ [ -99.899787076923033, 20.726495584615389 ], [ -99.900736630769217, 20.726291846153853 ], [ -99.901110738461512, 20.7262176 ], [ -99.901121569230725, 20.726425353846139 ], [ -99.901093723076869, 20.726588123076972 ], [ -99.901036584615341, 20.726669738461517 ], [ -99.900873707692298, 20.72673384615382 ], [ -99.900681584615398, 20.726725815384579 ], [ -99.900402969230768, 20.726709200000034 ], [ -99.900181876923043, 20.726674215384612 ], [ -99.899787076923033, 20.726495584615389 ] ] ] ] } },
{ "type": "Feature", "properties": { "IDBD": 158324, "FC": 6291, "CONDICION": "CUERPO DE AGUA INTERMITENTE" }, "geometry": { "type": "MultiPolygon", "coordinates": [ [ [ [ -99.957923384615341, 20.727374369230795 ], [ -99.957788307692297, 20.727275738461557 ], [ -99.9574114, 20.726898369230735 ], [ -99.957246323076902, 20.726610169230788 ], [ -99.957409292307645, 20.726564076923101 ], [ -99.957563, 20.726572261538468 ], [ -99.957784507692296, 20.726670415384621 ], [ -99.957997369230739, 20.72692221538459 ], [ -99.957989923076923, 20.727265584615388 ], [ -99.957923384615341, 20.727374369230795 ] ] ] ] } },
{ "type": "Feature", "properties": { "IDBD": 158329, "FC": 6291, "CONDICION": "CUERPO DE AGUA INTERMITENTE" }, "geometry": { "type": "MultiPolygon", "coordinates": [ [ [ [ -99.927014784615366, 20.726712446153851 ], [ -99.926650015384581, 20.726741523076921 ], [ -99.926477323076909, 20.726769553846161 ], [ -99.926247123076891, 20.726815969230756 ], [ -99.926102738461523, 20.726762538461514 ], [ -99.9252288307692, 20.726767230769227 ], [ -99.925381061538431, 20.726531507692286 ], [ -99.925572138461504, 20.726367846153842 ], [ -99.925782369230731, 20.726195046153858 ], [ -99.926118046153789, 20.726120969230767 ], [ -99.926521707692274, 20.726173 ], [ -99.926695015384581, 20.726244353846148 ], [ -99.926820507692298, 20.726352092307703 ], [ -99.926927030769207, 20.726496076923084 ], [ -99.927014784615366, 20.726712446153851 ] ] ] ] } },
{ "type": "Feature", "properties": { "IDBD": 158351, "FC": 6291, "CONDICION": "CUERPO DE AGUA INTERMITENTE" }, "geometry": { "type": "MultiPolygon", "coordinates": [ [ [ [ -100.013508753846111, 20.72712673846155 ], [ -100.013462076923048, 20.727102138461554 ], [ -100.013332692307699, 20.727044400000029 ], [ -100.013203969230744, 20.726983569230764 ], [ -100.013115846153795, 20.726876369230801 ], [ -100.013043538461517, 20.726759153846157 ], [ -100.013002799999967, 20.726629169230733 ], [ -100.012972215384593, 20.726496738461528 ], [ -100.012910738461528, 20.726374184615391 ], [ -100.012873707692265, 20.726243215384645 ], [ -100.012843415384609, 20.726110723076914 ], [ -100.012834876923051, 20.725977830769253 ], [ -100.012826323076879, 20.725838692307704 ], [ -100.012824230769198, 20.725707353846161 ], [ -100.012829969230737, 20.725571938461545 ], [ -100.012821692307654, 20.725436646153874 ], [ -100.012818907692306, 20.725301153846154 ], [ -100.012873446153804, 20.725175707692284 ], [ -100.01297866153844, 20.725268261538503 ], [ -100.013085815384571, 20.725358830769245 ], [ -100.013193246153818, 20.725449123076931 ], [ -100.013300661538423, 20.725539415384645 ], [ -100.013407230769204, 20.725630599999977 ], [ -100.013513799999984, 20.72572176923078 ], [ -100.013526784615351, 20.725732769230795 ], [ -100.013620830769185, 20.72581246153846 ], [ -100.013717799999966, 20.725912692307684 ], [ -100.013814769230734, 20.726012907692301 ], [ -100.01391255384614, 20.726112415384648 ], [ -100.013872646153828, 20.726242630769264 ], [ -100.01383196923075, 20.726372630769262 ], [ -100.013777723076913, 20.726498184615394 ], [ -100.013723461538447, 20.726623723076894 ], [ -100.013669461538399, 20.726749353846145 ], [ -100.013615446153807, 20.72687498461541 ], [ -100.013560784615322, 20.727000369230783 ], [ -100.013508753846111, 20.72712673846155 ] ] ] ] } },
{ "type": "Feature", "properties": { "IDBD": 158355, "FC": 6291, "CONDICION": "CUERPO DE AGUA INTERMITENTE" }, "geometry": { "type": "MultiPolygon", "coordinates": [ [ [ [ -99.897255046153816, 20.725433630769217 ], [ -99.897111153846097, 20.725461476923041 ], [ -99.896851338461516, 20.725372476923084 ], [ -99.896610246153827, 20.72520207692309 ], [ -99.896503707692275, 20.72504903076921 ], [ -99.896416415384564, 20.72490492307692 ], [ -99.896472769230755, 20.724687784615405 ], [ -99.897255046153816, 20.725433630769217 ] ] ] ] } },
{ "type": "Feature", "properties": { "IDBD": 158361, "FC": 6291, "CONDICION": "CUERPO DE AGUA INTERMITENTE" }, "geometry": { "type": "MultiPolygon", "coordinates": [ [ [ [ -99.890902107692284, 20.724590230769259 ], [ -99.891170430769208, 20.724489446153864 ], [ -99.891362123076931, 20.724425215384645 ], [ -99.891602676923043, 20.724505276923075 ], [ -99.891748046153822, 20.724730415384595 ], [ -99.891884184615378, 20.725018830769272 ], [ -99.891932846153821, 20.725127 ], [ -99.891595661538432, 20.724948046153823 ], [ -99.891316061538419, 20.72475975384614 ], [ -99.890902107692284, 20.724590230769259 ] ] ] ] } },
{ "type": "Feature", "properties": { "IDBD": 158363, "FC": 6291, "CONDICION": "CUERPO DE AGUA INTERMITENTE" }, "geometry": { "type": "MultiPolygon", "coordinates": [ [ [ [ -99.925967076923044, 20.72498335384617 ], [ -99.9253918153846, 20.72514004615384 ], [ -99.92499863076921, 20.725232523076965 ], [ -99.924672553846122, 20.725306553846181 ], [ -99.924308123076869, 20.725389815384581 ], [ -99.923991430769192, 20.725427661538447 ], [ -99.923837953846132, 20.7254556 ], [ -99.9235594, 20.725448046153875 ], [ -99.92332864615382, 20.725404123076924 ], [ -99.923069138461514, 20.725369369230762 ], [ -99.922886353846124, 20.725316138461544 ], [ -99.922521753846141, 20.725372307692293 ], [ -99.92208863076921, 20.725212 ], [ -99.922778907692276, 20.725018553846137 ], [ -99.923402292307628, 20.724879692307738 ], [ -99.92378559999996, 20.724742107692315 ], [ -99.924072938461492, 20.724614076923046 ], [ -99.924361307692308, 20.724657692307712 ], [ -99.925967076923044, 20.72498335384617 ] ] ] ] } },
{ "type": "Feature", "properties": { "IDBD": 158372, "FC": 6291, "CONDICION": "CUERPO DE AGUA INTERMITENTE" }, "geometry": { "type": "MultiPolygon", "coordinates": [ [ [ [ -99.785883599999949, 20.722300938461576 ], [ -99.785931015384591, 20.722183261538447 ], [ -99.786054507692313, 20.721920676923048 ], [ -99.786082615384572, 20.721785015384643 ], [ -99.786158830769196, 20.721667215384631 ], [ -99.786129461538451, 20.721558923076959 ], [ -99.786157707692311, 20.721450369230752 ], [ -99.786272538461517, 20.721368523076965 ], [ -99.786137815384592, 20.721314938461472 ], [ -99.786012261538417, 20.721179984615379 ], [ -99.786049553846141, 20.720962953846172 ], [ -99.786212123076922, 20.720826692307686 ], [ -99.786355507692264, 20.720699538461588 ], [ -99.786816246153791, 20.720652261538486 ], [ -99.787019492307678, 20.720958523076931 ], [ -99.787311, 20.72161676923076 ], [ -99.787516276923043, 20.722311553846158 ], [ -99.787517676923073, 20.7225826 ], [ -99.787412876923042, 20.722745723076915 ], [ -99.787269661538417, 20.722909 ], [ -99.787088046153826, 20.723072476923079 ], [ -99.786944461538454, 20.723163476923062 ], [ -99.786741800000016, 20.722974661538455 ], [ -99.786597323076904, 20.722894015384643 ], [ -99.786395092307643, 20.722786507692291 ], [ -99.786259815384582, 20.722624492307695 ], [ -99.786086476923074, 20.722534938461507 ], [ -99.785942061538449, 20.722463307692291 ], [ -99.785883599999949, 20.722300938461576 ] ] ] ] } },
{ "type": "Feature", "properties": { "IDBD": 158374, "FC": 6291, "CONDICION": "CUERPO DE AGUA INTERMITENTE" }, "geometry": { "type": "MultiPolygon", "coordinates": [ [ [ [ -99.931009307692278, 20.72504650769234 ], [ -99.931018476923057, 20.724974169230801 ], [ -99.931065723076884, 20.724847430769227 ], [ -99.931323507692284, 20.724602092307727 ], [ -99.931477, 20.724574153846138 ], [ -99.931649969230762, 20.724591292307679 ], [ -99.931872384615332, 20.724843061538486 ], [ -99.93136407692306, 20.724954230769253 ], [ -99.931009307692278, 20.72504650769234 ] ] ] ] } },
{ "type": "Feature", "properties": { "IDBD": 158381, "FC": 6291, "CONDICION": "CUERPO DE AGUA INTERMITENTE" }, "geometry": { "type": "MultiPolygon", "coordinates": [ [ [ [ -99.768939446153837, 20.721645615384652 ], [ -99.769342876923048, 20.721661892307644 ], [ -99.769506276923039, 20.721688261538436 ], [ -99.769631307692265, 20.721723846153882 ], [ -99.769747046153824, 20.721822723076905 ], [ -99.769834215384606, 20.721966892307691 ], [ -99.769854246153812, 20.722129446153836 ], [ -99.76986452307689, 20.722264923076928 ], [ -99.769884507692282, 20.722418430769242 ], [ -99.769914184615374, 20.722589969230768 ], [ -99.769808369230745, 20.722554307692313 ], [ -99.769673276923058, 20.722428415384616 ], [ -99.769624630769215, 20.722302138461565 ], [ -99.76949, 20.722266599999962 ], [ -99.769394230769194, 20.722321230769229 ], [ -99.769307799999964, 20.722321630769223 ], [ -99.769163707692272, 20.722313230769242 ], [ -99.769057569230768, 20.722214323076905 ], [ -99.769085923076887, 20.722123846153853 ], [ -99.769017738461542, 20.7219344 ], [ -99.768969030769185, 20.721799092307648 ], [ -99.768939446153837, 20.721645615384652 ] ] ] ] } },
{ "type": "Feature", "properties": { "IDBD": 158393, "FC": 6291, "CONDICION": "CUERPO DE AGUA INTERMITENTE" }, "geometry": { "type": "MultiPolygon", "coordinates": [ [ [ [ -100.021410553846152, 20.72243567692307 ], [ -100.021445892307653, 20.722411600000015 ], [ -100.021528061538419, 20.722364861538495 ], [ -100.021610246153813, 20.722318107692313 ], [ -100.021693507692291, 20.722273092307699 ], [ -100.021779338461542, 20.722232584615391 ], [ -100.021864476923056, 20.7221908 ], [ -100.021949615384557, 20.722149015384627 ], [ -100.022035430769236, 20.722108446153822 ], [ -100.022121230769173, 20.722067892307713 ], [ -100.022206830769221, 20.722026923076928 ], [ -100.022292415384598, 20.721985953846158 ], [ -100.022377830769216, 20.721944676923101 ], [ -100.022463261538448, 20.721903415384602 ], [ -100.022548553846093, 20.721861892307675 ], [ -100.022633846153823, 20.721820384615398 ], [ -100.02271956923073, 20.721779661538466 ], [ -100.022805292307652, 20.721738953846149 ], [ -100.022890830769185, 20.721697892307706 ], [ -100.022976384615347, 20.721656830769213 ], [ -100.023061830769194, 20.721615630769211 ], [ -100.023147292307712, 20.721574415384655 ], [ -100.023232753846145, 20.721533199999964 ], [ -100.0233182, 20.721491984615401 ], [ -100.023403723076896, 20.721450892307686 ], [ -100.023489246153801, 20.7214098 ], [ -100.023576661538399, 20.72137241538459 ], [ -100.023574907692307, 20.72146273846155 ], [ -100.023573138461515, 20.721553076923055 ], [ -100.023570046153836, 20.721643369230772 ], [ -100.023562923076895, 20.72173347692306 ], [ -100.023555799999954, 20.721823569230779 ], [ -100.02354887692303, 20.721913676923059 ], [ -100.023541938461491, 20.722003799999982 ], [ -100.023534892307666, 20.72209389230774 ], [ -100.023527846153797, 20.722184 ], [ -100.023521815384584, 20.722274169230765 ], [ -100.023515769230755, 20.722364338461496 ], [ -100.023510507692279, 20.72245455384617 ], [ -100.023505246153803, 20.722544753846162 ], [ -100.023499938461498, 20.7226349692308 ], [ -100.023501784615334, 20.722725292307686 ], [ -100.023503630769184, 20.722815630769215 ], [ -100.023506476923032, 20.722905938461547 ], [ -100.023509323076894, 20.722996246153848 ], [ -100.023512923076879, 20.723086523076933 ], [ -100.023516538461536, 20.723176800000012 ], [ -100.023520199999965, 20.72326709230769 ], [ -100.023523876923051, 20.723357369230769 ], [ -100.023527584615351, 20.723447646153868 ], [ -100.023528230769202, 20.723538 ], [ -100.023529138461484, 20.723628338461541 ], [ -100.023533846153796, 20.723718569230769 ], [ -100.023560107692276, 20.723805476923065 ], [ -100.023591723076919, 20.723890784615403 ], [ -100.023623323076933, 20.72397610769233 ], [ -100.02365638461535, 20.724060923076909 ], [ -100.023689446153796, 20.724145753846113 ], [ -100.023722969230704, 20.724230415384646 ], [ -100.023737538461532, 20.724319707692334 ], [ -100.023771153846141, 20.724404338461511 ], [ -100.023807169230736, 20.724488092307702 ], [ -100.023843184615345, 20.72457184615384 ], [ -100.023876846153826, 20.724656461538441 ], [ -100.023910523076893, 20.724741076923049 ], [ -100.023942723076914, 20.724826184615356 ], [ -100.02392681538457, 20.724915276923085 ], [ -100.023918923076891, 20.725005323076914 ], [ -100.023896123076909, 20.725093092307699 ], [ -100.023886692307656, 20.725183 ], [ -100.023877261538431, 20.725272907692307 ], [ -100.023867507692302, 20.725362784615392 ], [ -100.023857738461501, 20.725452661538451 ], [ -100.023847584615339, 20.725542507692296 ], [ -100.02383992307692, 20.725632569230822 ], [ -100.023786892307683, 20.725707892307689 ], [ -100.023698415384573, 20.725743015384644 ], [ -100.023604461538426, 20.725724353846186 ], [ -100.023558584615373, 20.725644984615361 ], [ -100.023520969230717, 20.725561846153838 ], [ -100.023476984615357, 20.725481538461565 ], [ -100.02342313846151, 20.725406723076929 ], [ -100.023369292307663, 20.725331923076912 ], [ -100.023317676923043, 20.725255738461538 ], [ -100.023266061538436, 20.725179553846122 ], [ -100.023215753846159, 20.725102599999989 ], [ -100.023165430769225, 20.725025646153838 ], [ -100.023114569230756, 20.724949015384617 ], [ -100.02306369230763, 20.724872384615423 ], [ -100.023012369230756, 20.724796015384605 ], [ -100.022961046153824, 20.724719661538476 ], [ -100.0229103230769, 20.724642953846118 ], [ -100.022859584615333, 20.724566246153859 ], [ -100.022809338461499, 20.724489246153841 ], [ -100.022759092307638, 20.724412246153847 ], [ -100.02270824615384, 20.724335615384589 ], [ -100.022652630769201, 20.724261953846167 ], [ -100.022597015384605, 20.724188292307719 ], [ -100.022544476923045, 20.72411267692306 ], [ -100.022491938461513, 20.724037046153825 ], [ -100.022438492307671, 20.723962 ], [ -100.022386199999957, 20.723886215384606 ], [ -100.022333907692285, 20.723810430769223 ], [ -100.022283399999978, 20.723733584615388 ], [ -100.02223289230767, 20.723656753846161 ], [ -100.022181507692281, 20.723580430769225 ], [ -100.022130107692263, 20.723504107692314 ], [ -100.022078938461505, 20.723427661538413 ], [ -100.022027784615361, 20.7233512 ], [ -100.021976292307656, 20.723274938461518 ], [ -100.021924815384551, 20.723198676923094 ], [ -100.021873046153829, 20.723122569230789 ], [ -100.021821292307649, 20.723046476923088 ], [ -100.021769676923043, 20.72297027692305 ], [ -100.021718061538451, 20.722894092307669 ], [ -100.021666492307645, 20.722817876923099 ], [ -100.02161492307691, 20.722741676923118 ], [ -100.021563923076897, 20.722665123076951 ], [ -100.021512923076884, 20.722588569230776 ], [ -100.021462215384602, 20.722511830769225 ], [ -100.021410553846152, 20.72243567692307 ] ] ] ] } },
{ "type": "Feature", "properties": { "IDBD": 158408, "FC": 6291, "CONDICION": "CUERPO DE AGUA INTERMITENTE" }, "geometry": { "type": "MultiPolygon", "coordinates": [ [ [ [ -99.911935723076894, 20.723287415384618 ], [ -99.911590553846125, 20.72337960000003 ], [ -99.910554384615324, 20.723547707692337 ], [ -99.910026646153838, 20.723622784615394 ], [ -99.909489569230743, 20.72374307692305 ], [ -99.909680661538459, 20.723579446153895 ], [ -99.9099103230769, 20.723442707692339 ], [ -99.910198046153823, 20.723377938461496 ], [ -99.910409153846146, 20.723349707692329 ], [ -99.911119184615345, 20.723246569230824 ], [ -99.911647199999962, 20.723216661538427 ], [ -99.911935723076894, 20.723287415384618 ] ] ] ] } },
{ "type": "Feature", "properties": { "IDBD": 158424, "FC": 6291, "CONDICION": "CUERPO DE AGUA INTERMITENTE" }, "geometry": { "type": "MultiPolygon", "coordinates": [ [ [ [ -99.950270969230758, 20.7230258 ], [ -99.949869046153808, 20.723253892307707 ], [ -99.949677769230732, 20.723381430769248 ], [ -99.949524353846144, 20.723418415384639 ], [ -99.949294492307644, 20.723519076923054 ], [ -99.949102599999989, 20.723547230769245 ], [ -99.948930246153807, 20.723629507692298 ], [ -99.94872875384614, 20.723657723076901 ], [ -99.948459923076925, 20.723668230769213 ], [ -99.94838203076921, 20.723497 ], [ -99.948486984615371, 20.723388 ], [ -99.950077938461504, 20.722873261538471 ], [ -99.95018358461536, 20.722872676923117 ], [ -99.950270969230758, 20.7230258 ] ] ] ] } },
{ "type": "Feature", "properties": { "IDBD": 158425, "FC": 6291, "CONDICION": "CUERPO DE AGUA INTERMITENTE" }, "geometry": { "type": "MultiPolygon", "coordinates": [ [ [ [ -99.947480015384599, 20.723610384615405 ], [ -99.947459969230735, 20.723474969230775 ], [ -99.947458953846152, 20.723312353846143 ], [ -99.947544599999958, 20.723185384615366 ], [ -99.947678476923031, 20.723094292307717 ], [ -99.94787996923074, 20.723066076923075 ], [ -99.948004646153805, 20.723038292307731 ], [ -99.948149246153832, 20.723127846153886 ], [ -99.948006553846128, 20.723345476923086 ], [ -99.947834323076876, 20.723445800000025 ], [ -99.947681015384575, 20.723500861538483 ], [ -99.947480015384599, 20.723610384615405 ] ] ] ] } },
{ "type": "Feature", "properties": { "IDBD": 158439, "FC": 6291, "CONDICION": "CUERPO DE AGUA INTERMITENTE" }, "geometry": { "type": "MultiPolygon", "coordinates": [ [ [ [ -99.787618753846104, 20.719844446153864 ], [ -99.787734846153796, 20.720006553846144 ], [ -99.787851338461508, 20.720249969230792 ], [ -99.787919692307696, 20.720466507692297 ], [ -99.787920292307675, 20.720583953846155 ], [ -99.787834523076882, 20.720710846153878 ], [ -99.787719738461504, 20.720801723076939 ], [ -99.78754753846151, 20.720929 ], [ -99.787365538461529, 20.721020184615398 ], [ -99.787488569230788, 20.720667246153845 ], [ -99.787564123076876, 20.720422953846168 ], [ -99.787572615384605, 20.720206061538455 ], [ -99.787618753846104, 20.719844446153864 ] ] ] ] } },
{ "type": "Feature", "properties": { "IDBD": 158440, "FC": 6291, "CONDICION": "CUERPO DE AGUA INTERMITENTE" }, "geometry": { "type": "MultiPolygon", "coordinates": [ [ [ [ -99.928873015384553, 20.722763153846138 ], [ -99.92875832307692, 20.722854123076928 ], [ -99.928605, 20.722909153846171 ], [ -99.92843243076922, 20.72295526153848 ], [ -99.928317076923051, 20.722937815384611 ], [ -99.928182584615371, 20.722929507692307 ], [ -99.927999846153838, 20.722885307692309 ], [ -99.928056630769234, 20.722749476923106 ], [ -99.928209630769217, 20.722640230769255 ], [ -99.928343569230776, 20.7225582 ], [ -99.928458815384587, 20.722557584615391 ], [ -99.928641538461491, 20.722601769230788 ], [ -99.928873015384553, 20.722763153846138 ] ] ] ] } },
{ "type": "Feature", "properties": { "IDBD": 158447, "FC": 6291, "CONDICION": "CUERPO DE AGUA INTERMITENTE" }, "geometry": { "type": "MultiPolygon", "coordinates": [ [ [ [ -99.941700907692294, 20.722404307692305 ], [ -99.942393892307663, 20.722653492307685 ], [ -99.943202446153833, 20.722956261538446 ], [ -99.942962876923062, 20.723038892307699 ], [ -99.942645969230767, 20.723040630769251 ], [ -99.942377138461524, 20.723051138461503 ], [ -99.942126630769209, 20.722916984615402 ], [ -99.941924123076902, 20.72278255384618 ], [ -99.941700907692294, 20.722404307692305 ] ] ] ] } },
{ "type": "Feature", "properties": { "IDBD": 158448, "FC": 6291, "CONDICION": "CUERPO DE AGUA INTERMITENTE" }, "geometry": { "type": "MultiPolygon", "coordinates": [ [ [ [ -99.902653599999979, 20.72241476923077 ], [ -99.903102430769223, 20.721987769230765 ], [ -99.90333226153848, 20.721878138461534 ], [ -99.903600446153845, 20.721759276923084 ], [ -99.904424384615368, 20.721429692307698 ], [ -99.905123846153842, 20.721164 ], [ -99.905000630769194, 20.721435692307701 ], [ -99.904751907692287, 20.721599630769237 ], [ -99.904454861538454, 20.721709615384608 ], [ -99.904090846153821, 20.721865123076924 ], [ -99.903506353846112, 20.722085030769257 ], [ -99.902653599999979, 20.72241476923077 ] ] ] ] } },
{ "type": "Feature", "properties": { "IDBD": 158468, "FC": 6291, "CONDICION": "CUERPO DE AGUA INTERMITENTE" }, "geometry": { "type": "MultiPolygon", "coordinates": [ [ [ [ -99.908056599999952, 20.721790030769242 ], [ -99.908055800000014, 20.721654507692296 ], [ -99.908141153846117, 20.72147336923079 ], [ -99.908323230769213, 20.721409153846153 ], [ -99.908380738461517, 20.721390784615412 ], [ -99.90917713846153, 20.721278153846125 ], [ -99.909637876923043, 20.721239584615432 ], [ -99.909954661538436, 20.72121983076925 ], [ -99.910252353846133, 20.721218261538464 ], [ -99.910387230769231, 20.721289830769244 ], [ -99.910474476923028, 20.721424892307684 ], [ -99.910561876923055, 20.721587061538465 ], [ -99.910100169230745, 20.721463015384643 ], [ -99.90981218461539, 20.721482600000012 ], [ -99.909447430769191, 20.721511646153875 ], [ -99.909034876923045, 20.721577061538493 ], [ -99.908641476923066, 20.721633353846162 ], [ -99.908325, 20.72170730769232 ], [ -99.908056599999952, 20.721790030769242 ] ] ] ] } },
{ "type": "Feature", "properties": { "IDBD": 158491, "FC": 6291, "CONDICION": "CUERPO DE AGUA INTERMITENTE" }, "geometry": { "type": "MultiPolygon", "coordinates": [ [ [ [ -99.887230784615369, 20.719170046153845 ], [ -99.889173430769205, 20.719647923076923 ], [ -99.889824799999957, 20.721008861538483 ], [ -99.88909190769229, 20.720488615384642 ], [ -99.888252492307657, 20.719815307692336 ], [ -99.887230784615369, 20.719170046153845 ] ] ] ] } },
{ "type": "Feature", "properties": { "IDBD": 158498, "FC": 6291, "CONDICION": "CUERPO DE AGUA INTERMITENTE" }, "geometry": { "type": "MultiPolygon", "coordinates": [ [ [ [ -99.939253384615341, 20.721062430769209 ], [ -99.937939723076909, 20.721385815384618 ], [ -99.9385993230769, 20.720894338461509 ], [ -99.939253384615341, 20.721062430769209 ] ] ] ] } },
{ "type": "Feature", "properties": { "IDBD": 158509, "FC": 6291, "CONDICION": "CUERPO DE AGUA INTERMITENTE" }, "geometry": { "type": "MultiPolygon", "coordinates": [ [ [ [ -99.933404030769196, 20.720904523076921 ], [ -99.933125984615344, 20.720978307692345 ], [ -99.932924815384567, 20.721060707692313 ], [ -99.932675630769211, 20.721143384615392 ], [ -99.933258261538441, 20.720625230769237 ], [ -99.933404030769196, 20.720904523076921 ] ] ] ] } },
{ "type": "Feature", "properties": { "IDBD": 158512, "FC": 6291, "CONDICION": "CUERPO DE AGUA INTERMITENTE" }, "geometry": { "type": "MultiPolygon", "coordinates": [ [ [ [ -99.896120676923033, 20.718708384615418 ], [ -99.89997, 20.718444353846177 ], [ -99.899942307692271, 20.718634230769251 ], [ -99.89989526153839, 20.718797107692307 ], [ -99.899579538461523, 20.718997538461533 ], [ -99.899436230769169, 20.719124769230771 ], [ -99.899428230769217, 20.719395861538459 ], [ -99.89951583076919, 20.719594184615413 ], [ -99.899622584615358, 20.71978336923079 ], [ -99.899863569230746, 20.719935692307715 ], [ -99.899950692307684, 20.720052692307689 ], [ -99.89989398461536, 20.7202066 ], [ -99.899760338461505, 20.720342815384594 ], [ -99.899646061538405, 20.720506046153847 ], [ -99.899492938461492, 20.7205972 ], [ -99.899300723076905, 20.720571092307694 ], [ -99.899060646153828, 20.720572353846165 ], [ -99.898801523076926, 20.720600815384639 ], [ -99.898628615384567, 20.720592676923062 ], [ -99.898320738461521, 20.720494892307684 ], [ -99.89820486153846, 20.720387076923121 ], [ -99.898021599999979, 20.720252507692255 ], [ -99.897847953846124, 20.720117892307655 ], [ -99.897645492307632, 20.719983415384622 ], [ -99.897395015384589, 20.7198492 ], [ -99.897240723076877, 20.719741584615328 ], [ -99.897124692307671, 20.719606661538478 ], [ -99.896921707692272, 20.719381846153873 ], [ -99.896786353846139, 20.719228953846141 ], [ -99.896573969230744, 20.719040323076896 ], [ -99.896323615384574, 20.718924169230814 ], [ -99.896120676923033, 20.718708384615418 ] ] ] ] } },
{ "type": "Feature", "properties": { "IDBD": 158513, "FC": 6291, "CONDICION": "CUERPO DE AGUA INTERMITENTE" }, "geometry": { "type": "MultiPolygon", "coordinates": [ [ [ [ -99.934331799999939, 20.720294138461579 ], [ -99.934150169230747, 20.720430646153847 ], [ -99.933958615384597, 20.720513 ], [ -99.933873015384592, 20.720649 ], [ -99.933816292307682, 20.720793861538468 ], [ -99.933759769230704, 20.720974876923108 ], [ -99.933645046153813, 20.721056815384635 ], [ -99.933615784615341, 20.720984692307717 ], [ -99.933489292307684, 20.720714323076969 ], [ -99.93349723076922, 20.720443230769249 ], [ -99.933640553846104, 20.720325 ], [ -99.934014461538411, 20.720223584615347 ], [ -99.934331799999939, 20.720294138461579 ] ] ] ] } },
{ "type": "Feature", "properties": { "IDBD": 158515, "FC": 6291, "CONDICION": "CUERPO DE AGUA INTERMITENTE" }, "geometry": { "type": "MultiPolygon", "coordinates": [ [ [ [ -99.924073138461537, 20.71989776923078 ], [ -99.923671123076943, 20.720116769230767 ], [ -99.923317138461528, 20.720335507692301 ], [ -99.922895538461503, 20.720491369230785 ], [ -99.922627307692295, 20.720601230769244 ], [ -99.922119553846144, 20.720802723076911 ], [ -99.921601323076885, 20.72085970769232 ], [ -99.923140830769171, 20.71976724615384 ], [ -99.924073138461537, 20.71989776923078 ] ] ] ] } },
{ "type": "Feature", "properties": { "IDBD": 158532, "FC": 6291, "CONDICION": "CUERPO DE AGUA INTERMITENTE" }, "geometry": { "type": "MultiPolygon", "coordinates": [ [ [ [ -99.96529566153842, 20.720791846153855 ], [ -99.965362076923043, 20.720664984615407 ], [ -99.965438261538424, 20.720565169230785 ], [ -99.965553046153786, 20.720492246153881 ], [ -99.965677538461534, 20.720437338461537 ], [ -99.965927215384568, 20.720435938461573 ], [ -99.966042907692298, 20.720507569230744 ], [ -99.966187692307656, 20.720624215384628 ], [ -99.966044446153816, 20.720751507692295 ], [ -99.965843584615328, 20.720879123076895 ], [ -99.96561318461535, 20.720889446153873 ], [ -99.96529566153842, 20.720791846153855 ] ] ] ] } },
{ "type": "Feature", "properties": { "IDBD": 158537, "FC": 6291, "CONDICION": "CUERPO DE AGUA INTERMITENTE" }, "geometry": { "type": "MultiPolygon", "coordinates": [ [ [ [ -100.006608969230754, 20.721239861538432 ], [ -100.006570430769187, 20.721253138461542 ], [ -100.006524953846125, 20.721267630769216 ], [ -100.006478615384594, 20.721279446153876 ], [ -100.006430676923017, 20.721282030769199 ], [ -100.006383307692232, 20.721274661538441 ], [ -100.006336646153827, 20.721264030769241 ], [ -100.006293199999973, 20.721244784615436 ], [ -100.006261092307653, 20.721211200000027 ], [ -100.006234153846108, 20.721173815384628 ], [ -100.006198676923063, 20.721143353846106 ], [ -100.00617207692305, 20.721105753846128 ], [ -100.006146030769173, 20.721067800000018 ], [ -100.006120369230743, 20.721029630769248 ], [ -100.006101138461503, 20.72098823076918 ], [ -100.006088338461495, 20.720944692307711 ], [ -100.006077707692285, 20.720900646153847 ], [ -100.006068015384571, 20.720856399999981 ], [ -100.0060626, 20.720811507692328 ], [ -100.006062307692261, 20.720766338461541 ], [ -100.006062184615345, 20.720721169230778 ], [ -100.006062738461509, 20.720676 ], [ -100.006069246153771, 20.720631246153868 ], [ -100.006098030769181, 20.72059509230764 ], [ -100.006134630769168, 20.720565846153868 ], [ -100.006177661538445, 20.720545800000021 ], [ -100.006273461538413, 20.720551984615348 ], [ -100.006368030769181, 20.720567661538485 ], [ -100.006462138461515, 20.720585661538468 ], [ -100.006551415384607, 20.72061890769227 ], [ -100.006617753846115, 20.720684246153851 ], [ -100.006655292307684, 20.720767400000017 ], [ -100.006690107692279, 20.720851600000021 ], [ -100.006725338461507, 20.72093564615383 ], [ -100.006749476923062, 20.721023092307732 ], [ -100.006739753846105, 20.721112984615385 ], [ -100.006688692307648, 20.721189492307737 ], [ -100.006608969230754, 20.721239861538432 ] ] ] ] } },
{ "type": "Feature", "properties": { "IDBD": 158538, "FC": 6291, "CONDICION": "CUERPO DE AGUA INTERMITENTE" }, "geometry": { "type": "MultiPolygon", "coordinates": [ [ [ [ -99.879145907692276, 20.719356092307706 ], [ -99.879366215384593, 20.719255584615333 ], [ -99.879586861538442, 20.719218323076905 ], [ -99.879894261538425, 20.719234815384606 ], [ -99.880403692307652, 20.719313523076906 ], [ -99.880836399999964, 20.719410707692319 ], [ -99.881009723076914, 20.719491138461567 ], [ -99.881087184615339, 20.719599153846158 ], [ -99.880520292307679, 20.719547846153858 ], [ -99.879145907692276, 20.719356092307706 ] ] ] ] } },
{ "type": "Feature", "properties": { "IDBD": 158554, "FC": 6291, "CONDICION": "CUERPO DE AGUA INTERMITENTE" }, "geometry": { "type": "MultiPolygon", "coordinates": [ [ [ [ -99.768619769230767, 20.717292015384661 ], [ -99.768369723076873, 20.717220846153854 ], [ -99.76819623076922, 20.717095138461527 ], [ -99.768041861538464, 20.716951261538494 ], [ -99.767906461538431, 20.716762123076968 ], [ -99.767645799999968, 20.716492215384594 ], [ -99.767326723076906, 20.71605995384618 ], [ -99.767673153846133, 20.716202969230796 ], [ -99.768135292307662, 20.716435830769225 ], [ -99.768414599999971, 20.716597215384578 ], [ -99.768627, 20.716822153846163 ], [ -99.768675984615328, 20.717011676923107 ], [ -99.768657599999955, 20.717174384615404 ], [ -99.768619769230767, 20.717292015384661 ] ] ] ] } },
{ "type": "Feature", "properties": { "IDBD": 158557, "FC": 6291, "CONDICION": "CUERPO DE AGUA INTERMITENTE" }, "geometry": { "type": "MultiPolygon", "coordinates": [ [ [ [ -99.94339256923071, 20.719539984615377 ], [ -99.943190399999963, 20.71945976923076 ], [ -99.943046030769224, 20.719406353846171 ], [ -99.942901030769207, 20.719253553846158 ], [ -99.942785076923045, 20.719136738461547 ], [ -99.942967076923082, 20.719063461538418 ], [ -99.943129938461496, 20.718999323076975 ], [ -99.943427615384579, 20.718997692307688 ], [ -99.94356273846148, 20.719105369230764 ], [ -99.943823246153812, 20.71930270769229 ], [ -99.943958292307656, 20.71940135384617 ], [ -99.943737815384608, 20.719465799999973 ], [ -99.943574907692266, 20.719520907692281 ], [ -99.94339256923071, 20.719539984615377 ] ] ] ] } },
{ "type": "Feature", "properties": { "IDBD": 158570, "FC": 6291, "CONDICION": "CUERPO DE AGUA INTERMITENTE" }, "geometry": { "type": "MultiPolygon", "coordinates": [ [ [ [ -99.99945986153844, 20.71874467692313 ], [ -99.999681199999941, 20.718815676923118 ], [ -99.999797384615349, 20.718959553846119 ], [ -99.999885707692286, 20.719248169230767 ], [ -99.999858846153842, 20.719546476923089 ], [ -99.999726076923068, 20.719800215384584 ], [ -99.99960176923075, 20.719882261538466 ], [ -99.999448307692248, 20.719910246153884 ], [ -99.99919679999995, 20.719631630769232 ], [ -99.999176707692257, 20.719496230769231 ], [ -99.999108307692296, 20.719315923076927 ], [ -99.999107584615345, 20.719207507692307 ], [ -99.999106169230728, 20.718990676923053 ], [ -99.999258861538422, 20.718845230769272 ], [ -99.99945986153844, 20.71874467692313 ] ] ] ] } },
{ "type": "Feature", "properties": { "IDBD": 158581, "FC": 6291, "CONDICION": "CUERPO DE AGUA INTERMITENTE" }, "geometry": { "type": "MultiPolygon", "coordinates": [ [ [ [ -99.87626370769226, 20.717473415384589 ], [ -99.876340630769192, 20.717491092307675 ], [ -99.876380138461528, 20.717680630769195 ], [ -99.876401061538473, 20.717978692307689 ], [ -99.876324076923083, 20.717951969230803 ], [ -99.874823215384595, 20.717471707692333 ], [ -99.875744984615309, 20.717448953846155 ], [ -99.87626370769226, 20.717473415384589 ] ] ] ] } },
{ "type": "Feature", "properties": { "IDBD": 158591, "FC": 6291, "CONDICION": "CUERPO DE AGUA INTERMITENTE" }, "geometry": { "type": "MultiPolygon", "coordinates": [ [ [ [ -99.770965676923069, 20.715926230769234 ], [ -99.770783723076889, 20.716026430769254 ], [ -99.770639953846143, 20.716081292307685 ], [ -99.77037107692307, 20.716082492307702 ], [ -99.770120707692257, 20.715948076923045 ], [ -99.769947261538462, 20.715831399999978 ], [ -99.769773723076895, 20.715696646153855 ], [ -99.769599815384609, 20.715489615384641 ], [ -99.769454123076898, 20.715164984615392 ], [ -99.76951183076919, 20.715182800000012 ], [ -99.76988709230767, 20.715325692307683 ], [ -99.770550923076897, 20.715566676923075 ], [ -99.770772430769213, 20.715692169230813 ], [ -99.77091735384613, 20.715863200000012 ], [ -99.770965676923069, 20.715926230769234 ] ] ] ] } },
{ "type": "Feature", "properties": { "IDBD": 158595, "FC": 6291, "CONDICION": "CUERPO DE AGUA INTERMITENTE" }, "geometry": { "type": "MultiPolygon", "coordinates": [ [ [ [ -99.943584661538424, 20.717993938461529 ], [ -99.943729876923044, 20.718182876923102 ], [ -99.943817369230729, 20.718354061538481 ], [ -99.943654107692296, 20.718354953846156 ], [ -99.943442123076906, 20.718238661538461 ], [ -99.943268276923035, 20.718076984615394 ], [ -99.943123215384603, 20.71791515384616 ], [ -99.943006984615351, 20.717753153846203 ], [ -99.943151076923058, 20.717761400000029 ], [ -99.943391769230729, 20.717859476923078 ], [ -99.943584661538424, 20.717993938461529 ] ] ] ] } },
{ "type": "Feature", "properties": { "IDBD": 158608, "FC": 6291, "CONDICION": "CUERPO DE AGUA INTERMITENTE" }, "geometry": { "type": "MultiPolygon", "coordinates": [ [ [ [ -99.936593246153834, 20.716369676923087 ], [ -99.935930107692286, 20.717846 ], [ -99.9357956, 20.7178376923077 ], [ -99.93586766153841, 20.717060292307668 ], [ -99.93590163076918, 20.716337292307681 ], [ -99.936593246153834, 20.716369676923087 ] ] ] ] } },
{ "type": "Feature", "properties": { "IDBD": 158614, "FC": 6291, "CONDICION": "CUERPO DE AGUA INTERMITENTE" }, "geometry": { "type": "MultiPolygon", "coordinates": [ [ [ [ -99.853767184615364, 20.716429969230813 ], [ -99.853833199999968, 20.716212799999958 ], [ -99.853957123076881, 20.716049538461533 ], [ -99.854157969230755, 20.715903984615384 ], [ -99.854445092307671, 20.71573089230769 ], [ -99.854684753846129, 20.715657415384587 ], [ -99.854962984615341, 20.715610861538458 ], [ -99.855145738461502, 20.715664169230763 ], [ -99.855492769230707, 20.715897353846135 ], [ -99.854935846153822, 20.715909153846169 ], [ -99.854638461538428, 20.715964846153891 ], [ -99.854102230769172, 20.716238569230779 ], [ -99.853767184615364, 20.716429969230813 ] ] ] ] } },
{ "type": "Feature", "properties": { "IDBD": 158626, "FC": 6291, "CONDICION": "CUERPO DE AGUA INTERMITENTE" }, "geometry": { "type": "MultiPolygon", "coordinates": [ [ [ [ -99.865174569230732, 20.716228446153874 ], [ -99.864636907692287, 20.7162492153846 ], [ -99.864243353846135, 20.716278292307667 ], [ -99.86431, 20.716178584615374 ], [ -99.864443676923031, 20.716042384615413 ], [ -99.864587261538446, 20.715960338461535 ], [ -99.864721599999967, 20.715941600000036 ], [ -99.864913953846099, 20.715994846153862 ], [ -99.865097030769249, 20.716102338461553 ], [ -99.865174569230732, 20.716228446153874 ] ] ] ] } },
{ "type": "Feature", "properties": { "IDBD": 158628, "FC": 6291, "CONDICION": "CUERPO DE AGUA INTERMITENTE" }, "geometry": { "type": "MultiPolygon", "coordinates": [ [ [ [ -99.864289876923038, 20.716016046153829 ], [ -99.86314826153847, 20.716220553846156 ], [ -99.863281630769194, 20.716030138461562 ], [ -99.863376938461514, 20.715903169230813 ], [ -99.863463107692297, 20.715857569230774 ], [ -99.863539723076912, 20.71582103076922 ], [ -99.863693276923044, 20.715802199999963 ], [ -99.863971907692274, 20.715827907692287 ], [ -99.864096953846115, 20.7158634153846 ], [ -99.864154676923064, 20.71588120000003 ], [ -99.864289876923038, 20.716016046153829 ] ] ] ] } },
{ "type": "Feature", "properties": { "IDBD": 158643, "FC": 6291, "CONDICION": "CUERPO DE AGUA INTERMITENTE" }, "geometry": { "type": "MultiPolygon", "coordinates": [ [ [ [ -100.029719938461483, 20.717802123076929 ], [ -100.02925869230765, 20.717132061538422 ], [ -100.028761123076919, 20.716560200000021 ], [ -100.028963369230723, 20.716565323076949 ], [ -100.029138953846129, 20.71661493846155 ], [ -100.029348676923021, 20.716727692307682 ], [ -100.029646707692294, 20.716941230769208 ], [ -100.029776323076874, 20.717168461538453 ], [ -100.029859292307677, 20.717478292307664 ], [ -100.029840538461542, 20.717693738461538 ], [ -100.029719938461483, 20.717802123076929 ] ] ] ] } },
{ "type": "Feature", "properties": { "IDBD": 158644, "FC": 6291, "CONDICION": "CUERPO DE AGUA INTERMITENTE" }, "geometry": { "type": "MultiPolygon", "coordinates": [ [ [ [ -99.883504123076904, 20.715755876923112 ], [ -99.880544707692266, 20.715463830769252 ], [ -99.881110323076882, 20.715298307692265 ], [ -99.881513323076874, 20.715242030769232 ], [ -99.881974, 20.715194507692331 ], [ -99.882320015384551, 20.715246938461561 ], [ -99.882762369230718, 20.715353092307694 ], [ -99.883070384615337, 20.715478 ], [ -99.883301692307711, 20.715621384615396 ], [ -99.883504123076904, 20.715755876923112 ] ] ] ] } },
{ "type": "Feature", "properties": { "IDBD": 158661, "FC": 6291, "CONDICION": "CUERPO DE AGUA INTERMITENTE" }, "geometry": { "type": "MultiPolygon", "coordinates": [ [ [ [ -99.918109092307645, 20.713451538461509 ], [ -99.917851846153781, 20.713787215384635 ], [ -99.917506553846124, 20.715451507692311 ], [ -99.917335230769197, 20.71570539999998 ], [ -99.917286738461513, 20.715624338461524 ], [ -99.917014215384583, 20.715020446153858 ], [ -99.91673930769231, 20.714019015384611 ], [ -99.916755476923015, 20.713512969230774 ], [ -99.916888107692273, 20.71321410769232 ], [ -99.9172235538461, 20.713103892307679 ], [ -99.917665430769219, 20.713128646153848 ], [ -99.918109092307645, 20.713451538461509 ] ] ] ] } },
{ "type": "Feature", "properties": { "IDBD": 158672, "FC": 6291, "CONDICION": "CUERPO DE AGUA INTERMITENTE" }, "geometry": { "type": "MultiPolygon", "coordinates": [ [ [ [ -99.880250830769199, 20.714462446153856 ], [ -99.879608799999986, 20.714700630769272 ], [ -99.879273030769184, 20.714756569230733 ], [ -99.878561953846159, 20.714678876923095 ], [ -99.877688784615316, 20.714800784615417 ], [ -99.876467369230738, 20.714481738461568 ], [ -99.878854738461527, 20.713828076923043 ], [ -99.880250830769199, 20.714462446153856 ] ] ] ] } },
{ "type": "Feature", "properties": { "IDBD": 158680, "FC": 6291, "CONDICION": "CUERPO DE AGUA INTERMITENTE" }, "geometry": { "type": "MultiPolygon", "coordinates": [ [ [ [ -99.925445692307676, 20.715038569230764 ], [ -99.924754138461509, 20.715015184615424 ], [ -99.924781953846107, 20.7148524 ], [ -99.924838861538433, 20.714734646153861 ], [ -99.924896046153805, 20.714662046153855 ], [ -99.925049676923052, 20.714661230769241 ], [ -99.92519404615382, 20.714714661538491 ], [ -99.92535810769229, 20.714849307692283 ], [ -99.925445692307676, 20.715038569230764 ] ] ] ] } },
{ "type": "Feature", "properties": { "IDBD": 158681, "FC": 6291, "CONDICION": "CUERPO DE AGUA INTERMITENTE" }, "geometry": { "type": "MultiPolygon", "coordinates": [ [ [ [ -99.92470366153843, 20.714608876923059 ], [ -99.924685323076915, 20.714753538461572 ], [ -99.924599461538435, 20.714844353846193 ], [ -99.92449426153847, 20.714917184615405 ], [ -99.924379369230735, 20.714972015384639 ], [ -99.924196799999962, 20.714954923076913 ], [ -99.923860061538434, 20.714848323076971 ], [ -99.923926507692244, 20.714721461538421 ], [ -99.924031261538445, 20.714576338461562 ], [ -99.924126784615368, 20.714494523076908 ], [ -99.924241861538448, 20.714466799999947 ], [ -99.924405261538439, 20.714493015384612 ], [ -99.924559292307649, 20.714555446153877 ], [ -99.92470366153843, 20.714608876923059 ] ] ] ] } },
{ "type": "Feature", "properties": { "IDBD": 158686, "FC": 6291, "CONDICION": "CUERPO DE AGUA INTERMITENTE" }, "geometry": { "type": "MultiPolygon", "coordinates": [ [ [ [ -99.918088292307644, 20.71477981538461 ], [ -99.918182630769195, 20.71449921538462 ], [ -99.918446, 20.713585276923116 ], [ -99.920069861538423, 20.713748261538459 ], [ -99.919678015384619, 20.714057553846175 ], [ -99.919112061538414, 20.71415995384616 ], [ -99.918920830769196, 20.714296507692318 ], [ -99.918586707692256, 20.714623553846163 ], [ -99.918405076923065, 20.714760046153842 ], [ -99.918088292307644, 20.71477981538461 ] ] ] ] } },
{ "type": "Feature", "properties": { "IDBD": 158692, "FC": 6291, "CONDICION": "CUERPO DE AGUA INTERMITENTE" }, "geometry": { "type": "MultiPolygon", "coordinates": [ [ [ [ -99.770462646153845, 20.711401784615393 ], [ -99.771354015384603, 20.711063476923108 ], [ -99.772494, 20.712413661538449 ], [ -99.77186955384613, 20.712362261538466 ], [ -99.771629153846121, 20.712300092307697 ], [ -99.771532846153846, 20.712246307692297 ], [ -99.771223553846127, 20.711850138461543 ], [ -99.770856907692263, 20.711508430769264 ], [ -99.770462646153845, 20.711401784615393 ] ] ] ] } },
{ "type": "Feature", "properties": { "IDBD": 158699, "FC": 6291, "CONDICION": "CUERPO DE AGUA INTERMITENTE" }, "geometry": { "type": "MultiPolygon", "coordinates": [ [ [ [ -99.928944307692262, 20.713980692307672 ], [ -99.928983984615357, 20.714188292307679 ], [ -99.928927076923017, 20.714306046153819 ], [ -99.928802630769212, 20.714369969230784 ], [ -99.928572230769205, 20.714380246153855 ], [ -99.92825484615382, 20.714300646153863 ], [ -99.927436815384596, 20.714006892307733 ], [ -99.926647923076899, 20.713767199999978 ], [ -99.925828584615374, 20.71325660000004 ], [ -99.927145830769192, 20.713529599999966 ], [ -99.928944307692262, 20.713980692307672 ] ] ] ] } },
{ "type": "Feature", "properties": { "IDBD": 158700, "FC": 6291, "CONDICION": "CUERPO DE AGUA INTERMITENTE" }, "geometry": { "type": "MultiPolygon", "coordinates": [ [ [ [ -99.915648892307686, 20.71313938461536 ], [ -99.915593076923031, 20.713437830769202 ], [ -99.915450446153798, 20.713673507692292 ], [ -99.915288184615378, 20.713837 ], [ -99.914992123076885, 20.714109630769233 ], [ -99.914694876923051, 20.714183492307733 ], [ -99.914251107692294, 20.713842507692323 ], [ -99.914067676923054, 20.713680861538464 ], [ -99.913989553846136, 20.713464430769264 ], [ -99.913911107692314, 20.713193784615374 ], [ -99.914582261538456, 20.713018553846197 ], [ -99.915215861538456, 20.712988092307736 ], [ -99.915648892307686, 20.71313938461536 ] ] ] ] } },
{ "type": "Feature", "properties": { "IDBD": 158706, "FC": 6291, "CONDICION": "CUERPO DE AGUA INTERMITENTE" }, "geometry": { "type": "MultiPolygon", "coordinates": [ [ [ [ -99.932383661538452, 20.71423315384618 ], [ -99.930999138461559, 20.713951523076965 ], [ -99.931286492307649, 20.713832523076935 ], [ -99.931689799999987, 20.713830338461545 ], [ -99.931978261538418, 20.713892015384658 ], [ -99.932151599999983, 20.713972400000014 ], [ -99.932383661538452, 20.71423315384618 ] ] ] ] } },
{ "type": "Feature", "properties": { "IDBD": 158707, "FC": 6291, "CONDICION": "CUERPO DE AGUA INTERMITENTE" }, "geometry": { "type": "MultiPolygon", "coordinates": [ [ [ [ -99.933824046153802, 20.714225353846171 ], [ -99.933650261538403, 20.714072692307678 ], [ -99.933485799999957, 20.713874815384639 ], [ -99.933446107692248, 20.713667230769218 ], [ -99.933454661538434, 20.713495507692322 ], [ -99.933540092307652, 20.713332415384642 ], [ -99.933702338461487, 20.713168907692314 ], [ -99.933884015384578, 20.713041430769259 ], [ -99.934075399999969, 20.712931969230794 ], [ -99.933824046153802, 20.714225353846171 ] ] ] ] } },
{ "type": "Feature", "properties": { "IDBD": 158711, "FC": 6291, "CONDICION": "CUERPO DE AGUA INTERMITENTE" }, "geometry": { "type": "MultiPolygon", "coordinates": [ [ [ [ -99.850321799999932, 20.711649323076905 ], [ -99.850919984615331, 20.712152338461536 ], [ -99.851508615384603, 20.712664446153855 ], [ -99.851769353846123, 20.712925169230775 ], [ -99.851510184615378, 20.712944523076917 ], [ -99.851220984615352, 20.712747184615388 ], [ -99.850806261538438, 20.712423953846166 ], [ -99.850516615384578, 20.712145307692328 ], [ -99.850321799999932, 20.711649323076905 ] ] ] ] } },
{ "type": "Feature", "properties": { "IDBD": 158714, "FC": 6291, "CONDICION": "CUERPO DE AGUA INTERMITENTE" }, "geometry": { "type": "MultiPolygon", "coordinates": [ [ [ [ -99.863636630769236, 20.712585953846109 ], [ -99.86458759999995, 20.712635399999964 ], [ -99.865519415384597, 20.712693953846163 ], [ -99.865635153846114, 20.712783723076939 ], [ -99.865635876923051, 20.712910215384614 ], [ -99.865540523076888, 20.713028153846182 ], [ -99.865396784615342, 20.713083092307691 ], [ -99.865051030769195, 20.713075784615398 ], [ -99.864964569230722, 20.713067184615383 ], [ -99.864627953846124, 20.712978523076981 ], [ -99.863686030769216, 20.712829661538471 ], [ -99.863618246153834, 20.712730615384618 ], [ -99.863636630769236, 20.712585953846109 ] ] ] ] } },
{ "type": "Feature", "properties": { "IDBD": 158722, "FC": 6291, "CONDICION": "CUERPO DE AGUA INTERMITENTE" }, "geometry": { "type": "MultiPolygon", "coordinates": [ [ [ [ -99.904865046153816, 20.713160261538494 ], [ -99.904950076923043, 20.712924892307672 ], [ -99.905073938461513, 20.712761615384604 ], [ -99.905265353846104, 20.712652184615393 ], [ -99.905552784615352, 20.712542261538445 ], [ -99.905734738461518, 20.71245998461541 ], [ -99.905993630769217, 20.712395369230723 ], [ -99.906272107692288, 20.71239390769232 ], [ -99.906598753846112, 20.712419292307693 ], [ -99.905994769230773, 20.712585107692291 ], [ -99.905640123076893, 20.7126954 ], [ -99.905352692307659, 20.712805323076889 ], [ -99.905075230769185, 20.712978446153862 ], [ -99.904865046153816, 20.713160261538494 ] ] ] ] } },
{ "type": "Feature", "properties": { "IDBD": 158735, "FC": 6291, "CONDICION": "CUERPO DE AGUA INTERMITENTE" }, "geometry": { "type": "MultiPolygon", "coordinates": [ [ [ [ -99.89755415384613, 20.712629323076943 ], [ -99.897571446153805, 20.712303969230796 ], [ -99.897666830769211, 20.712195046153855 ], [ -99.897868, 20.71211267692307 ], [ -99.898041061538422, 20.71214792307693 ], [ -99.898204630769172, 20.712201276923103 ], [ -99.898387876923053, 20.712335846153838 ], [ -99.898157830769222, 20.71240932307694 ], [ -99.897831830769206, 20.712492338461548 ], [ -99.89755415384613, 20.712629323076943 ] ] ] ] } },
{ "type": "Feature", "properties": { "IDBD": 158737, "FC": 6291, "CONDICION": "CUERPO DE AGUA INTERMITENTE" }, "geometry": { "type": "MultiPolygon", "coordinates": [ [ [ [ -99.902595476923025, 20.712602953846112 ], [ -99.902613615384553, 20.712422169230784 ], [ -99.902679861538431, 20.712259184615377 ], [ -99.902794461538448, 20.712150169230778 ], [ -99.903015261538414, 20.712139969230762 ], [ -99.903447523076863, 20.712164800000014 ], [ -99.903774230769216, 20.712199230769208 ], [ -99.903947553846152, 20.712279646153853 ], [ -99.904025184615364, 20.712414753846129 ], [ -99.904112676923063, 20.712595 ], [ -99.903968369230739, 20.712550584615386 ], [ -99.90370878461539, 20.712497738461561 ], [ -99.903449353846099, 20.712471984615366 ], [ -99.903219, 20.712491276923089 ], [ -99.902988430769213, 20.712474415384619 ], [ -99.902595476923025, 20.712602953846112 ] ] ] ] } },
{ "type": "Feature", "properties": { "IDBD": 158748, "FC": 6291, "CONDICION": "CUERPO DE AGUA INTERMITENTE" }, "geometry": { "type": "MultiPolygon", "coordinates": [ [ [ [ -100.024713184615337, 20.712544353846159 ], [ -100.024747461538411, 20.712579738461542 ], [ -100.024751830769191, 20.71267 ], [ -100.024752415384555, 20.71276033846155 ], [ -100.024745338461514, 20.712850446153809 ], [ -100.024736169230778, 20.712940369230783 ], [ -100.024703476923079, 20.713025323076938 ], [ -100.024678707692274, 20.713112615384627 ], [ -100.024667338461526, 20.713202323076914 ], [ -100.024646369230737, 20.713290492307721 ], [ -100.024639, 20.713380569230821 ], [ -100.024631892307667, 20.713470661538455 ], [ -100.024629307692251, 20.713560984615373 ], [ -100.024629323076894, 20.71365132307691 ], [ -100.024606492307683, 20.71373907692308 ], [ -100.024533292307666, 20.71379755384617 ], [ -100.024437969230718, 20.713786569230784 ], [ -100.024386015384565, 20.713710600000031 ], [ -100.024330707692272, 20.713636723076949 ], [ -100.024288184615386, 20.713555723076954 ], [ -100.024245661538401, 20.713474723076892 ], [ -100.024204292307644, 20.71339318461537 ], [ -100.024166107692309, 20.71331029230771 ], [ -100.02412909230766, 20.713226923076938 ], [ -100.024092092307669, 20.713143569230773 ], [ -100.024054707692258, 20.71306033846151 ], [ -100.024017323076905, 20.712977123076872 ], [ -100.023980523076915, 20.712893676923098 ], [ -100.023943707692297, 20.712810230769236 ], [ -100.023906738461477, 20.712726846153839 ], [ -100.023869753846128, 20.712643476923091 ], [ -100.023832646153821, 20.712560138461562 ], [ -100.023809169230759, 20.712472538461544 ], [ -100.023805123076912, 20.712382276923094 ], [ -100.023823523076871, 20.712293600000017 ], [ -100.023890307692298, 20.712228692307729 ], [ -100.023982707692269, 20.712204061538468 ], [ -100.024078630769196, 20.712199984615399 ], [ -100.024174646153838, 20.712199446153864 ], [ -100.024270261538405, 20.712207769230758 ], [ -100.024360646153809, 20.712238276923113 ], [ -100.024431307692254, 20.712299461538482 ], [ -100.024504584615329, 20.7123578307692 ], [ -100.024571061538452, 20.712423030769212 ], [ -100.024639599999958, 20.712486307692313 ], [ -100.024713184615337, 20.712544353846159 ] ] ] ] } },
{ "type": "Feature", "properties": { "IDBD": 158760, "FC": 6291, "CONDICION": "CUERPO DE AGUA INTERMITENTE" }, "geometry": { "type": "MultiPolygon", "coordinates": [ [ [ [ -99.855357769230721, 20.710666646153836 ], [ -99.856106107692298, 20.710545476923063 ], [ -99.856662646153794, 20.710470430769217 ], [ -99.857008492307685, 20.710495815384611 ], [ -99.85755684615377, 20.710673784615356 ], [ -99.857846353846128, 20.710925323076889 ], [ -99.858242184615349, 20.711302830769252 ], [ -99.857154769230718, 20.710892630769219 ], [ -99.85623170769226, 20.710680384615401 ], [ -99.855357769230721, 20.710666646153836 ] ] ] ] } },
{ "type": "Feature", "properties": { "IDBD": 158766, "FC": 6291, "CONDICION": "CUERPO DE AGUA INTERMITENTE" }, "geometry": { "type": "MultiPolygon", "coordinates": [ [ [ [ -99.935540076923061, 20.712192184615382 ], [ -99.93552964615381, 20.71205670769228 ], [ -99.935623276923053, 20.711667692307689 ], [ -99.936464953846141, 20.711121015384631 ], [ -99.936666215384591, 20.711056676923093 ], [ -99.937606461538437, 20.710925061538475 ], [ -99.937887215384606, 20.711293969230791 ], [ -99.937964984615334, 20.711447153846123 ], [ -99.937331, 20.711414461538453 ], [ -99.936285892307652, 20.711673123076945 ], [ -99.935540076923061, 20.712192184615382 ] ] ] ] } },
{ "type": "Feature", "properties": { "IDBD": 158774, "FC": 6291, "CONDICION": "CUERPO DE AGUA INTERMITENTE" }, "geometry": { "type": "MultiPolygon", "coordinates": [ [ [ [ -99.929296369230727, 20.711873630769269 ], [ -99.929210323076873, 20.711937338461542 ], [ -99.929114353846145, 20.711946892307736 ], [ -99.928566030769204, 20.711787215384636 ], [ -99.927968646153801, 20.711456138461585 ], [ -99.926592430769176, 20.710957584615404 ], [ -99.92639967692304, 20.710841169230758 ], [ -99.926322353846132, 20.710760276923047 ], [ -99.926302276923053, 20.710615815384575 ], [ -99.926368553846117, 20.710461861538423 ], [ -99.927292584615373, 20.710818292307714 ], [ -99.928842076923033, 20.71138818461538 ], [ -99.929296369230727, 20.711873630769269 ] ] ] ] } },
{ "type": "Feature", "properties": { "IDBD": 158780, "FC": 6291, "CONDICION": "CUERPO DE AGUA INTERMITENTE" }, "geometry": { "type": "MultiPolygon", "coordinates": [ [ [ [ -99.711485815384577, 20.70834863076923 ], [ -99.71151438461537, 20.708294292307691 ], [ -99.711705753846118, 20.708148938461534 ], [ -99.711840276923027, 20.708166446153875 ], [ -99.711946123076928, 20.708211184615426 ], [ -99.711937230769209, 20.708364830769259 ], [ -99.711851615384575, 20.708536861538487 ], [ -99.711669876923068, 20.708691215384611 ], [ -99.711468261538428, 20.708701076923116 ], [ -99.71138124615382, 20.708574938461535 ], [ -99.711428538461504, 20.708421138461514 ], [ -99.711485815384577, 20.70834863076923 ] ] ] ] } },
{ "type": "Feature", "properties": { "IDBD": 158798, "FC": 6291, "CONDICION": "CUERPO DE AGUA INTERMITENTE" }, "geometry": { "type": "MultiPolygon", "coordinates": [ [ [ [ -99.92170695384614, 20.709746015384635 ], [ -99.921401153846134, 20.709991600000034 ], [ -99.920788030769188, 20.710229784615422 ], [ -99.919428538461531, 20.710905646153854 ], [ -99.919072646153836, 20.710808153846173 ], [ -99.919597184615341, 20.710209046153867 ], [ -99.920093276923012, 20.709673323076942 ], [ -99.920764846153816, 20.709570353846139 ], [ -99.921244569230723, 20.709504538461509 ], [ -99.92170695384614, 20.709746015384635 ] ] ] ] } },
{ "type": "Feature", "properties": { "IDBD": 158799, "FC": 6291, "CONDICION": "CUERPO DE AGUA INTERMITENTE" }, "geometry": { "type": "MultiPolygon", "coordinates": [ [ [ [ -99.930842184615372, 20.710266076923084 ], [ -99.930995599999974, 20.710229107692314 ], [ -99.931417446153844, 20.710118400000017 ], [ -99.931494969230755, 20.710235430769298 ], [ -99.931505846153797, 20.710443184615414 ], [ -99.931564507692286, 20.710614538461478 ], [ -99.931537030769206, 20.710831523076905 ], [ -99.931451430769158, 20.710967507692313 ], [ -99.931298292307673, 20.711049661538439 ], [ -99.931124399999987, 20.710878923076926 ], [ -99.931008015384592, 20.710689830769258 ], [ -99.930929923076846, 20.710482446153843 ], [ -99.930842184615372, 20.710266076923084 ] ] ] ] } },
{ "type": "Feature", "properties": { "IDBD": 158812, "FC": 6291, "CONDICION": "CUERPO DE AGUA INTERMITENTE" }, "geometry": { "type": "MultiPolygon", "coordinates": [ [ [ [ -99.868834830769174, 20.709749861538508 ], [ -99.868947276923052, 20.7092614 ], [ -99.869090230769203, 20.709070938461515 ], [ -99.86929126153845, 20.708961507692329 ], [ -99.869636692307665, 20.708914584615421 ], [ -99.86995372307689, 20.708940092307703 ], [ -99.870194353846145, 20.70903826153846 ], [ -99.870358984615365, 20.709281369230805 ], [ -99.870446646153823, 20.709497769230747 ], [ -99.870476738461505, 20.709723507692324 ], [ -99.868834830769174, 20.709749861538508 ] ] ] ] } },
{ "type": "Feature", "properties": { "IDBD": 158818, "FC": 6291, "CONDICION": "CUERPO DE AGUA INTERMITENTE" }, "geometry": { "type": "MultiPolygon", "coordinates": [ [ [ [ -99.966500769230748, 20.710936953846186 ], [ -99.966366338461498, 20.710937707692324 ], [ -99.966019230769234, 20.710713784615415 ], [ -99.966162630769205, 20.710613600000034 ], [ -99.96639267692305, 20.710549061538487 ], [ -99.966652061538454, 20.710565676923061 ], [ -99.966854153846128, 20.710636815384607 ], [ -99.966970246153807, 20.710771692307741 ], [ -99.966826907692294, 20.710880923076935 ], [ -99.966644799999969, 20.710936153846156 ], [ -99.966500769230748, 20.710936953846186 ] ] ] ] } },
{ "type": "Feature", "properties": { "IDBD": 158829, "FC": 6291, "CONDICION": "CUERPO DE AGUA INTERMITENTE" }, "geometry": { "type": "MultiPolygon", "coordinates": [ [ [ [ -99.904787323076917, 20.709772507692346 ], [ -99.904882384615334, 20.709609369230808 ], [ -99.904987353846124, 20.70950040000001 ], [ -99.905159769230778, 20.709427215384572 ], [ -99.905562692307669, 20.70936184615384 ], [ -99.905822169230746, 20.70939663076928 ], [ -99.906033907692304, 20.709476830769198 ], [ -99.906178584615347, 20.709584492307712 ], [ -99.904787323076917, 20.709772507692346 ] ] ] ] } },
{ "type": "Feature", "properties": { "IDBD": 158840, "FC": 6291, "CONDICION": "CUERPO DE AGUA INTERMITENTE" }, "geometry": { "type": "MultiPolygon", "coordinates": [ [ [ [ -99.929476230769197, 20.709875907692272 ], [ -99.929360738461497, 20.709831353846187 ], [ -99.929139061538436, 20.709697030769217 ], [ -99.92852115384612, 20.709149230769224 ], [ -99.92887719999996, 20.7092738 ], [ -99.929281769230755, 20.709479415384621 ], [ -99.929445892307697, 20.709623092307648 ], [ -99.929485230769203, 20.709776476923047 ], [ -99.929476230769197, 20.709875907692272 ] ] ] ] } },
{ "type": "Feature", "properties": { "IDBD": 158880, "FC": 6291, "CONDICION": "CUERPO DE AGUA INTERMITENTE" }, "geometry": { "type": "MultiPolygon", "coordinates": [ [ [ [ -99.763263138461525, 20.706193338461542 ], [ -99.763041876923026, 20.706113 ], [ -99.762917138461532, 20.706131630769256 ], [ -99.76284049230766, 20.706168107692335 ], [ -99.762725399999951, 20.706195723076927 ], [ -99.762552107692258, 20.706106138461553 ], [ -99.762465415384568, 20.706052307692246 ], [ -99.762339538461489, 20.705845061538472 ], [ -99.762376953846143, 20.70564610769231 ], [ -99.762539661538412, 20.705536969230774 ], [ -99.762721692307665, 20.705454846153852 ], [ -99.76300936923073, 20.705372246153853 ], [ -99.763527261538428, 20.705243461538451 ], [ -99.763263138461525, 20.706193338461542 ] ] ] ] } },
{ "type": "Feature", "properties": { "IDBD": 158890, "FC": 6291, "CONDICION": "CUERPO DE AGUA INTERMITENTE" }, "geometry": { "type": "MultiPolygon", "coordinates": [ [ [ [ -99.895872292307686, 20.705861738461515 ], [ -99.896306307692285, 20.706184738461548 ], [ -99.897424507692293, 20.706919800000023 ], [ -99.897926430769203, 20.707359907692314 ], [ -99.897754292307681, 20.707478261538473 ], [ -99.897572169230742, 20.707533415384596 ], [ -99.897312907692267, 20.707534769230712 ], [ -99.89700569230763, 20.707545400000043 ], [ -99.896794707692266, 20.707591676923098 ], [ -99.896632, 20.70768287692308 ], [ -99.896421338461508, 20.707783353846185 ], [ -99.896277353846102, 20.707793138461533 ], [ -99.896132523076901, 20.707658369230757 ], [ -99.896111984615359, 20.707432599999986 ], [ -99.896071984615361, 20.707161753846147 ], [ -99.896012461538433, 20.70683680000004 ], [ -99.895866676923063, 20.7065394 ], [ -99.895817599999972, 20.706358953846145 ], [ -99.895872292307686, 20.705861738461515 ] ] ] ] } },
{ "type": "Feature", "properties": { "IDBD": 158895, "FC": 6291, "CONDICION": "CUERPO DE AGUA INTERMITENTE" }, "geometry": { "type": "MultiPolygon", "coordinates": [ [ [ [ -99.936270199999981, 20.707553230769225 ], [ -99.936385969230741, 20.707642953846186 ], [ -99.936444307692256, 20.707760092307712 ], [ -99.936425492307649, 20.707823446153874 ], [ -99.936080923076901, 20.708006015384619 ], [ -99.935850923076885, 20.708079538461533 ], [ -99.935390676923063, 20.708190461538493 ], [ -99.935208246153834, 20.708191461538455 ], [ -99.935044507692268, 20.708111030769235 ], [ -99.934967076923044, 20.708012061538462 ], [ -99.935551030769204, 20.707719769230781 ], [ -99.936270199999981, 20.707553230769225 ] ] ] ] } },
{ "type": "Feature", "properties": { "IDBD": 158903, "FC": 6291, "CONDICION": "CUERPO DE AGUA INTERMITENTE" }, "geometry": { "type": "MultiPolygon", "coordinates": [ [ [ [ -99.711238707692289, 20.704780646153846 ], [ -99.711410199999946, 20.704490815384659 ], [ -99.711639446153796, 20.704227830769209 ], [ -99.711958138461497, 20.704615046153833 ], [ -99.712064430769217, 20.704759169230773 ], [ -99.71193, 20.704759723076933 ], [ -99.711699753846133, 20.704805846153853 ], [ -99.711459738461528, 20.704815876923075 ], [ -99.711238707692289, 20.704780646153846 ] ] ] ] } },
{ "type": "Feature", "properties": { "IDBD": 158917, "FC": 6291, "CONDICION": "CUERPO DE AGUA INTERMITENTE" }, "geometry": { "type": "MultiPolygon", "coordinates": [ [ [ [ -99.862151676923034, 20.704714723076926 ], [ -99.861902030769201, 20.706414584615398 ], [ -99.861709723076885, 20.706370369230768 ], [ -99.861516661538445, 20.706190630769193 ], [ -99.861655738461536, 20.705313523076917 ], [ -99.861655123076901, 20.705205107692301 ], [ -99.861518246153821, 20.704772107692339 ], [ -99.861565030769214, 20.704555015384603 ], [ -99.861670307692251, 20.704491246153843 ], [ -99.862151676923034, 20.704714723076926 ] ] ] ] } },
{ "type": "Feature", "properties": { "IDBD": 158923, "FC": 6291, "CONDICION": "CUERPO DE AGUA INTERMITENTE" }, "geometry": { "type": "MultiPolygon", "coordinates": [ [ [ [ -99.925482846153798, 20.706924876923093 ], [ -99.925118799999964, 20.707062369230723 ], [ -99.923130615384594, 20.706982692307669 ], [ -99.922141046153811, 20.70689763076922 ], [ -99.921861215384595, 20.706673261538505 ], [ -99.92339689230765, 20.706556615384589 ], [ -99.924251215384572, 20.706506846153836 ], [ -99.925482846153798, 20.706924876923093 ] ] ] ] } },
{ "type": "Feature", "properties": { "IDBD": 158932, "FC": 6291, "CONDICION": "CUERPO DE AGUA INTERMITENTE" }, "geometry": { "type": "MultiPolygon", "coordinates": [ [ [ [ -99.962557492307695, 20.706911369230763 ], [ -99.962279446153843, 20.706976169230764 ], [ -99.962039676923055, 20.707022692307692 ], [ -99.96173264615382, 20.707060538461533 ], [ -99.961463723076903, 20.707053015384624 ], [ -99.961462523076861, 20.706863276923038 ], [ -99.961547815384606, 20.706682107692327 ], [ -99.961643138461511, 20.706573153846175 ], [ -99.961834784615363, 20.706508830769245 ], [ -99.962065292307656, 20.706516584615386 ], [ -99.962267384615359, 20.706587738461554 ], [ -99.962412153846131, 20.706704384615385 ], [ -99.962508969230754, 20.706830323076971 ], [ -99.962557492307695, 20.706911369230763 ] ] ] ] } },
{ "type": "Feature", "properties": { "IDBD": 158935, "FC": 6291, "CONDICION": "CUERPO DE AGUA INTERMITENTE" }, "geometry": { "type": "MultiPolygon", "coordinates": [ [ [ [ -99.933663461538444, 20.70525441538463 ], [ -99.932173892307659, 20.706626769230756 ], [ -99.932287246153834, 20.706318969230775 ], [ -99.932420015384608, 20.706047200000022 ], [ -99.932562938461501, 20.705865723076908 ], [ -99.932715907692312, 20.705756476923117 ], [ -99.933031723076894, 20.705583092307698 ], [ -99.933519815384585, 20.705318430769236 ], [ -99.933663461538444, 20.70525441538463 ] ] ] ] } },
{ "type": "Feature", "properties": { "IDBD": 158940, "FC": 6291, "CONDICION": "CUERPO DE AGUA INTERMITENTE" }, "geometry": { "type": "MultiPolygon", "coordinates": [ [ [ [ -99.896729799999974, 20.704718846153867 ], [ -99.897393553846115, 20.704923200000021 ], [ -99.897672553846107, 20.705012092307687 ], [ -99.900356476923065, 20.705838353846183 ], [ -99.900020892307637, 20.705921415384633 ], [ -99.899560676923031, 20.706041276923116 ], [ -99.899186138461531, 20.706034200000019 ], [ -99.898945830769179, 20.705990276923099 ], [ -99.898628584615366, 20.705928692307701 ], [ -99.898291861538425, 20.705822030769223 ], [ -99.898031969230757, 20.705714953846165 ], [ -99.897800784615342, 20.705589676923051 ], [ -99.897511599999959, 20.705401446153839 ], [ -99.897213076923066, 20.70525843076922 ], [ -99.89701016923074, 20.705042646153828 ], [ -99.896729799999974, 20.704718846153867 ] ] ] ] } },
{ "type": "Feature", "properties": { "IDBD": 158947, "FC": 6291, "CONDICION": "CUERPO DE AGUA INTERMITENTE" }, "geometry": { "type": "MultiPolygon", "coordinates": [ [ [ [ -99.970074523076889, 20.706661384615419 ], [ -99.969653015384608, 20.706817353846173 ], [ -99.969383984615348, 20.706791769230776 ], [ -99.969172569230707, 20.706765846153843 ], [ -99.968970815384608, 20.706748907692273 ], [ -99.969151707692276, 20.706503953846173 ], [ -99.969333384615325, 20.706385476923089 ], [ -99.969505938461495, 20.706339323076882 ], [ -99.96969815384611, 20.706365353846117 ], [ -99.969871507692261, 20.706445692307675 ], [ -99.970074523076889, 20.706661384615419 ] ] ] ] } },
{ "type": "Feature", "properties": { "IDBD": 158954, "FC": 6291, "CONDICION": "CUERPO DE AGUA INTERMITENTE" }, "geometry": { "type": "MultiPolygon", "coordinates": [ [ [ [ -99.907297061538429, 20.705512800000029 ], [ -99.906384969230743, 20.705535676923112 ], [ -99.905856753846152, 20.705520384615397 ], [ -99.905463338461502, 20.705567630769263 ], [ -99.904273646153797, 20.705736507692357 ], [ -99.904655323076895, 20.705327923076904 ], [ -99.904874923076903, 20.705118969230789 ], [ -99.905075769230749, 20.704982384615388 ], [ -99.905363507692286, 20.704926661538437 ], [ -99.905824076923068, 20.704870030769243 ], [ -99.906716692307654, 20.704802076923048 ], [ -99.907014569230711, 20.704836661538469 ], [ -99.907159246153839, 20.704944307692315 ], [ -99.907297061538429, 20.705512800000029 ] ] ] ] } },
{ "type": "Feature", "properties": { "IDBD": 158959, "FC": 6291, "CONDICION": "CUERPO DE AGUA INTERMITENTE" }, "geometry": { "type": "MultiPolygon", "coordinates": [ [ [ [ -99.758410384615388, 20.703576461538447 ], [ -99.758160369230737, 20.703505276923121 ], [ -99.758016153846143, 20.7034697692308 ], [ -99.757900569230742, 20.703398 ], [ -99.757813599999977, 20.703289953846152 ], [ -99.757745799999981, 20.703172784615354 ], [ -99.757725784615332, 20.703010246153827 ], [ -99.75775366153843, 20.702820369230821 ], [ -99.757762676923051, 20.702702876923066 ], [ -99.757781292307669, 20.702585338461535 ], [ -99.757896123076904, 20.70250350769231 ], [ -99.758059446153808, 20.702520861538439 ], [ -99.75840570769229, 20.702636800000011 ], [ -99.758559569230727, 20.702681292307687 ], [ -99.758410384615388, 20.703576461538447 ] ] ] ] } },
{ "type": "Feature", "properties": { "IDBD": 158972, "FC": 6291, "CONDICION": "CUERPO DE AGUA INTERMITENTE" }, "geometry": { "type": "MultiPolygon", "coordinates": [ [ [ [ -99.925057523076902, 20.704876215384608 ], [ -99.926132446153844, 20.704789123076921 ], [ -99.926480415384589, 20.705166723076939 ], [ -99.926480969230738, 20.705257061538429 ], [ -99.925009938461528, 20.704948738461521 ], [ -99.925057523076902, 20.704876215384608 ] ] ] ] } },
{ "type": "Feature", "properties": { "IDBD": 158975, "FC": 6291, "CONDICION": "CUERPO DE AGUA INTERMITENTE" }, "geometry": { "type": "MultiPolygon", "coordinates": [ [ [ [ -99.864233630769192, 20.70270750769231 ], [ -99.86439690769231, 20.702715723076949 ], [ -99.86453159999995, 20.702760230769261 ], [ -99.864677061538416, 20.70301247692311 ], [ -99.864910784615361, 20.703589553846175 ], [ -99.865057692307673, 20.704094784615418 ], [ -99.865039107692311, 20.704203307692318 ], [ -99.864953353846104, 20.704321199999981 ], [ -99.86488536923072, 20.7041860153846 ], [ -99.86468207692306, 20.703897907692316 ], [ -99.864584569230729, 20.703636369230793 ], [ -99.864476907692307, 20.703275507692318 ], [ -99.864233630769192, 20.70270750769231 ] ] ] ] } },
{ "type": "Feature", "properties": { "IDBD": 158976, "FC": 6291, "CONDICION": "CUERPO DE AGUA INTERMITENTE" }, "geometry": { "type": "MultiPolygon", "coordinates": [ [ [ [ -99.862552569230743, 20.70428806153847 ], [ -99.862408384615364, 20.704261676923089 ], [ -99.862321353846141, 20.704153692307695 ], [ -99.862281507692288, 20.703900907692358 ], [ -99.862317876923029, 20.70353930769231 ], [ -99.862486676923069, 20.702824692307679 ], [ -99.862523046153825, 20.702463092307703 ], [ -99.862481415384607, 20.701894092307711 ], [ -99.862614923076862, 20.7017307846154 ], [ -99.862789292307696, 20.702000969230763 ], [ -99.86282810769228, 20.70207306153846 ], [ -99.862773815384585, 20.702660615384612 ], [ -99.862728107692291, 20.703067430769231 ], [ -99.862552569230743, 20.70428806153847 ] ] ] ] } },
{ "type": "Feature", "properties": { "IDBD": 158985, "FC": 6291, "CONDICION": "CUERPO DE AGUA INTERMITENTE" }, "geometry": { "type": "MultiPolygon", "coordinates": [ [ [ [ -100.008878384615372, 20.70330281538461 ], [ -100.008907723076902, 20.70326804615382 ], [ -100.008972953846111, 20.703201830769249 ], [ -100.009042015384594, 20.703139076923094 ], [ -100.009107338461519, 20.703072846153873 ], [ -100.009172430769226, 20.703006430769268 ], [ -100.009237523076877, 20.702940015384627 ], [ -100.009300061538397, 20.702871461538464 ], [ -100.009362615384603, 20.702802923076884 ], [ -100.009425846153817, 20.702734923076918 ], [ -100.009489076923046, 20.702666938461572 ], [ -100.00955176923074, 20.702598492307722 ], [ -100.009614446153805, 20.702530061538479 ], [ -100.009677492307659, 20.702461923076935 ], [ -100.009740553846129, 20.702393784615392 ], [ -100.009803261538451, 20.70232536923076 ], [ -100.009862923076909, 20.702254584615385 ], [ -100.009925138461526, 20.702185753846116 ], [ -100.009989061538462, 20.702118353846156 ], [ -100.010052984615371, 20.702050938461536 ], [ -100.010118646153813, 20.701985015384647 ], [ -100.010184292307656, 20.701919092307687 ], [ -100.010249292307691, 20.701852584615384 ], [ -100.010314292307683, 20.701786092307735 ], [ -100.010379723076923, 20.701719969230783 ], [ -100.010445169230721, 20.701653846153867 ], [ -100.010511292307669, 20.701588353846162 ], [ -100.010577430769217, 20.701522846153807 ], [ -100.010643553846123, 20.701457338461505 ], [ -100.010709676923042, 20.701391830769229 ], [ -100.010776276923067, 20.701326753846125 ], [ -100.010842892307707, 20.701261692307696 ], [ -100.010909276923059, 20.701196415384636 ], [ -100.010981830769197, 20.701255600000021 ], [ -100.011054384615349, 20.701314784615377 ], [ -100.011124399999957, 20.701376600000021 ], [ -100.01119018461533, 20.701442415384591 ], [ -100.011258384615374, 20.701506015384663 ], [ -100.011326584615375, 20.701569615384614 ], [ -100.011393692307664, 20.701634230769216 ], [ -100.011460799999981, 20.70169884615386 ], [ -100.011524984615377, 20.701766030769225 ], [ -100.011589169230746, 20.701833230769253 ], [ -100.011654323076897, 20.7018996 ], [ -100.011675738461491, 20.701987661538485 ], [ -100.011690507692265, 20.702076938461566 ], [ -100.011709538461503, 20.702165492307675 ], [ -100.011722861538431, 20.702254969230761 ], [ -100.011736707692265, 20.702344369230822 ], [ -100.011744092307637, 20.702434446153887 ], [ -100.011750907692274, 20.702524569230754 ], [ -100.011751876923057, 20.702614907692311 ], [ -100.011755492307685, 20.7027052 ], [ -100.011775246153817, 20.702793599999978 ], [ -100.011810723076906, 20.702877569230751 ], [ -100.011847599999967, 20.702960984615373 ], [ -100.011884476923029, 20.703044399999982 ], [ -100.011922015384599, 20.703127553846162 ], [ -100.01195955384614, 20.703210707692303 ], [ -100.011997953846105, 20.703293523076923 ], [ -100.012036492307658, 20.703376276923056 ], [ -100.012080076923056, 20.703456769230797 ], [ -100.012132815384589, 20.703532276923077 ], [ -100.012185553846123, 20.703607769230796 ], [ -100.012238184615342, 20.703683338461527 ], [ -100.012290815384588, 20.703758907692311 ], [ -100.012344784615337, 20.703833630769221 ], [ -100.012379630769203, 20.703917815384614 ], [ -100.012434861538438, 20.703991723076907 ], [ -100.012490861538453, 20.704065123076884 ], [ -100.012538984615361, 20.704143292307673 ], [ -100.012580076923058, 20.704224953846133 ], [ -100.012633569230715, 20.704299984615385 ], [ -100.012674292307651, 20.7043818 ], [ -100.012712492307656, 20.704464676923102 ], [ -100.012755184615344, 20.704545615384614 ], [ -100.012794215384559, 20.704628153846173 ], [ -100.012822046153801, 20.704714630769246 ], [ -100.012835046153825, 20.70480413846154 ], [ -100.012832553846138, 20.704894461538455 ], [ -100.012808015384593, 20.704981799999981 ], [ -100.012776430769208, 20.705067123076955 ], [ -100.012751615384602, 20.705154400000023 ], [ -100.012774138461495, 20.705242230769233 ], [ -100.012841599999987, 20.705306523076924 ], [ -100.012892076923066, 20.705383369230759 ], [ -100.012892523076914, 20.705473723076885 ], [ -100.012891753846148, 20.705564061538453 ], [ -100.012872307692305, 20.705652538461507 ], [ -100.012826076923048, 20.705731723076937 ], [ -100.012747153846149, 20.705783200000024 ], [ -100.012653815384596, 20.705804369230769 ], [ -100.012558415384603, 20.70581464615384 ], [ -100.012462430769233, 20.705812323076938 ], [ -100.012369307692282, 20.705790323076933 ], [ -100.01230843076921, 20.705720446153872 ], [ -100.012242815384596, 20.705654492307659 ], [ -100.012174446153793, 20.705591061538456 ], [ -100.012105153846136, 20.705528507692346 ], [ -100.012020676923044, 20.705485569230767 ], [ -100.011936184615337, 20.70544264615387 ], [ -100.011852461538453, 20.705398400000025 ], [ -100.011768753846141, 20.705354138461502 ], [ -100.011685446153805, 20.705309215384606 ], [ -100.011602153846127, 20.705264276923071 ], [ -100.01151923076921, 20.705218738461522 ], [ -100.011436292307664, 20.705173184615415 ], [ -100.011353599999978, 20.705127292307687 ], [ -100.01127089230765, 20.705081384615411 ], [ -100.011188369230737, 20.705035184615383 ], [ -100.011105846153825, 20.704989 ], [ -100.011023476923071, 20.704942569230791 ], [ -100.010953169230746, 20.704881046153833 ], [ -100.010878523076926, 20.70482421538464 ], [ -100.010803876923077, 20.704767384615394 ], [ -100.010729815384593, 20.704709892307736 ], [ -100.010655753846152, 20.704652384615375 ], [ -100.010582292307674, 20.704594200000031 ], [ -100.010508830769197, 20.704536030769209 ], [ -100.010435799999982, 20.704477369230798 ], [ -100.010348030769208, 20.704440738461521 ], [ -100.010263307692284, 20.704398230769232 ], [ -100.010169661538427, 20.704378292307688 ], [ -100.010084369230739, 20.704336769230785 ], [ -100.010011215384566, 20.704278246153848 ], [ -100.009940523076907, 20.704217123076941 ], [ -100.009869815384576, 20.704155984615348 ], [ -100.009798046153804, 20.704095969230814 ], [ -100.009726292307647, 20.704035938461519 ], [ -100.009655630769188, 20.70397476923079 ], [ -100.009584953846144, 20.7039136 ], [ -100.009514676923033, 20.703852046153852 ], [ -100.009444384615364, 20.703790492307721 ], [ -100.009374415384613, 20.703728615384637 ], [ -100.009304461538449, 20.703666753846132 ], [ -100.009234461538426, 20.703604892307741 ], [ -100.009164476923019, 20.703543046153897 ], [ -100.009094923076901, 20.703480753846144 ], [ -100.009028015384573, 20.70342753846155 ], [ -100.009021430769209, 20.703422307692314 ], [ -100.008953861538401, 20.7033576 ], [ -100.008878384615372, 20.70330281538461 ] ] ] ] } },
{ "type": "Feature", "properties": { "IDBD": 158993, "FC": 6291, "CONDICION": "CUERPO DE AGUA INTERMITENTE" }, "geometry": { "type": "MultiPolygon", "coordinates": [ [ [ [ -99.99823976923075, 20.705470430769221 ], [ -99.997863815384605, 20.705246738461554 ], [ -99.99752639999997, 20.705040892307704 ], [ -99.9976124, 20.704977153846205 ], [ -99.997746461538426, 20.704922169230748 ], [ -99.997890138461514, 20.704867123076934 ], [ -99.99810184615383, 20.704938169230768 ], [ -99.99818867692305, 20.705000923076909 ], [ -99.998275692307644, 20.70509075384614 ], [ -99.9982956, 20.705199061538448 ], [ -99.99827710769226, 20.705307584615348 ], [ -99.99823976923075, 20.705470430769221 ] ] ] ] } },
{ "type": "Feature", "properties": { "IDBD": 158995, "FC": 6291, "CONDICION": "CUERPO DE AGUA INTERMITENTE" }, "geometry": { "type": "MultiPolygon", "coordinates": [ [ [ [ -99.920279276923054, 20.703898907692317 ], [ -99.922295307692295, 20.703824892307729 ], [ -99.924061892307634, 20.703788307692324 ], [ -99.924007338461493, 20.704294569230786 ], [ -99.922844846153836, 20.704192384615379 ], [ -99.921289292307677, 20.704191676923067 ], [ -99.920713938461532, 20.704321246153881 ], [ -99.920521399999956, 20.70424095384617 ], [ -99.920279276923054, 20.703898907692317 ] ] ] ] } },
{ "type": "Feature", "properties": { "IDBD": 159003, "FC": 6291, "CONDICION": "CUERPO DE AGUA INTERMITENTE" }, "geometry": { "type": "MultiPolygon", "coordinates": [ [ [ [ -99.952584184615333, 20.704400892307739 ], [ -99.952238630769202, 20.704420861538505 ], [ -99.952113646153819, 20.704394461538449 ], [ -99.951882692307649, 20.704314415384619 ], [ -99.951738046153778, 20.704215830769272 ], [ -99.951516692307678, 20.704135738461531 ], [ -99.95110239999994, 20.703912153846179 ], [ -99.950958092307673, 20.703867769230754 ], [ -99.950564584615364, 20.703897046153894 ], [ -99.950103307692245, 20.703836353846182 ], [ -99.949988138461521, 20.703846015384613 ], [ -99.94989178461536, 20.703792338461543 ], [ -99.949727538461502, 20.703630615384601 ], [ -99.950553415384562, 20.703644138461573 ], [ -99.950957030769189, 20.703696107692341 ], [ -99.951226553846126, 20.703803046153883 ], [ -99.951659646153786, 20.703963276923055 ], [ -99.952064107692266, 20.704150784615354 ], [ -99.952343415384576, 20.704284769230728 ], [ -99.952584184615333, 20.704400892307739 ] ] ] ] } },
{ "type": "Feature", "properties": { "IDBD": 159010, "FC": 6291, "CONDICION": "CUERPO DE AGUA INTERMITENTE" }, "geometry": { "type": "MultiPolygon", "coordinates": [ [ [ [ -99.847026676923036, 20.702765892307667 ], [ -99.847484199999982, 20.702158276923068 ], [ -99.847675492307687, 20.702021799999965 ], [ -99.84795370769227, 20.7019752615385 ], [ -99.847994215384588, 20.702354538461584 ], [ -99.84765046153845, 20.702699569230777 ], [ -99.847333984615361, 20.702773415384605 ], [ -99.847026676923036, 20.702765892307667 ] ] ] ] } },
{ "type": "Feature", "properties": { "IDBD": 159011, "FC": 6291, "CONDICION": "CUERPO DE AGUA INTERMITENTE" }, "geometry": { "type": "MultiPolygon", "coordinates": [ [ [ [ -99.848075323076927, 20.699670676923049 ], [ -99.847713615384578, 20.700241676923035 ], [ -99.847275892307664, 20.70095761538466 ], [ -99.847037892307682, 20.701329230769232 ], [ -99.846494799999959, 20.702090861538498 ], [ -99.846466199999981, 20.702127138461556 ], [ -99.846342723076873, 20.702371692307668 ], [ -99.84626670769228, 20.702516630769267 ], [ -99.845930892307663, 20.702563461538457 ], [ -99.845738553846118, 20.7025102 ], [ -99.8456421230769, 20.70243838461537 ], [ -99.845612969230743, 20.702375276923068 ], [ -99.845612215384605, 20.702239753846182 ], [ -99.845802861538431, 20.701985830769214 ], [ -99.8464532307692, 20.701521846153813 ], [ -99.847710138461522, 20.699618261538426 ], [ -99.847796307692278, 20.699572661538479 ], [ -99.847892323076906, 20.699572200000027 ], [ -99.847969338461539, 20.699607953846101 ], [ -99.848075323076927, 20.699670676923049 ] ] ] ] } },
{ "type": "Feature", "properties": { "IDBD": 159023, "FC": 6291, "CONDICION": "CUERPO DE AGUA INTERMITENTE" }, "geometry": { "type": "MultiPolygon", "coordinates": [ [ [ [ -99.784207646153817, 20.700813569230803 ], [ -99.784361, 20.70075866153848 ], [ -99.784552615384612, 20.700676476923071 ], [ -99.784706353846161, 20.700693846153833 ], [ -99.784525076923018, 20.700920553846121 ], [ -99.784439030769192, 20.700993230769246 ], [ -99.784295138461559, 20.701020984615397 ], [ -99.784064446153835, 20.700976861538511 ], [ -99.78390075384614, 20.700887261538469 ], [ -99.783755738461537, 20.700698169230765 ], [ -99.784207646153817, 20.700813569230803 ] ] ] ] } },
{ "type": "Feature", "properties": { "IDBD": 159029, "FC": 6291, "CONDICION": "CUERPO DE AGUA INTERMITENTE" }, "geometry": { "type": "MultiPolygon", "coordinates": [ [ [ [ -100.037630046153851, 20.704224476923091 ], [ -100.037686276923068, 20.704164246153809 ], [ -100.037754030769236, 20.704094015384577 ], [ -100.037815384615371, 20.704025215384615 ], [ -100.037874015384574, 20.703953584615384 ], [ -100.037935769230742, 20.703884984615382 ], [ -100.038001707692288, 20.70381930769236 ], [ -100.038037861538442, 20.7037866 ], [ -100.038122292307648, 20.703829630769246 ], [ -100.038209430769172, 20.703867584615391 ], [ -100.038291030769159, 20.703915200000047 ], [ -100.038374369230738, 20.703960076923078 ], [ -100.038453861538443, 20.704010753846145 ], [ -100.038509553846154, 20.704084338461552 ], [ -100.038527507692294, 20.704173092307684 ], [ -100.03844266153844, 20.704215384615392 ], [ -100.038350538461515, 20.704240846153859 ], [ -100.038258384615361, 20.704266246153846 ], [ -100.03816590769226, 20.704290569230768 ], [ -100.038070553846111, 20.704301123076959 ], [ -100.037974723076914, 20.704306784615341 ], [ -100.037878738461529, 20.704304646153822 ], [ -100.037783861538429, 20.704290753846159 ], [ -100.037696723076891, 20.704259707692305 ], [ -100.037630046153851, 20.704224476923091 ] ] ] ] } },
{ "type": "Feature", "properties": { "IDBD": 159033, "FC": 6291, "CONDICION": "CUERPO DE AGUA INTERMITENTE" }, "geometry": { "type": "MultiPolygon", "coordinates": [ [ [ [ -99.865598507692283, 20.70125503076919 ], [ -99.86582027692306, 20.701416538461515 ], [ -99.866003169230723, 20.701496938461542 ], [ -99.866233815384547, 20.701531923076899 ], [ -99.866492769230774, 20.701476415384633 ], [ -99.86637903076921, 20.701739 ], [ -99.866254815384607, 20.701848046153842 ], [ -99.866024276923056, 20.701831138461522 ], [ -99.865774461538436, 20.701805292307675 ], [ -99.865648984615376, 20.701688461538485 ], [ -99.865598507692283, 20.70125503076919 ] ] ] ] } },
{ "type": "Feature", "properties": { "IDBD": 159037, "FC": 6291, "CONDICION": "CUERPO DE AGUA INTERMITENTE" }, "geometry": { "type": "MultiPolygon", "coordinates": [ [ [ [ -99.927327723076885, 20.702388384615411 ], [ -99.927413323076905, 20.7022524 ], [ -99.927556184615355, 20.702061892307736 ], [ -99.927795907692271, 20.702006400000016 ], [ -99.927998430769222, 20.702149861538491 ], [ -99.928153476923043, 20.702383938461562 ], [ -99.927933353846129, 20.70250258461537 ], [ -99.927741430769245, 20.702521692307702 ], [ -99.927558892307673, 20.7025046 ], [ -99.927327723076885, 20.702388384615411 ] ] ] ] } },
{ "type": "Feature", "properties": { "IDBD": 159054, "FC": 6291, "CONDICION": "CUERPO DE AGUA INTERMITENTE" }, "geometry": { "type": "MultiPolygon", "coordinates": [ [ [ [ -99.899240538461484, 20.700603815384639 ], [ -99.89914227692303, 20.700224846153837 ], [ -99.899353092307649, 20.700151461538468 ], [ -99.900715953846102, 20.701671276923076 ], [ -99.90068736923071, 20.701707569230777 ], [ -99.900533676923047, 20.701699338461534 ], [ -99.900370138461497, 20.70164598461535 ], [ -99.899830507692315, 20.701323538461576 ], [ -99.899357353846099, 20.700874261538498 ], [ -99.899260323076902, 20.700703092307691 ], [ -99.899240538461484, 20.700603815384639 ] ] ] ] } },
{ "type": "Feature", "properties": { "IDBD": 159079, "FC": 6291, "CONDICION": "CUERPO DE AGUA INTERMITENTE" }, "geometry": { "type": "MultiPolygon", "coordinates": [ [ [ [ -99.857025138461537, 20.696373707692302 ], [ -99.856843, 20.6981364769231 ], [ -99.856631399999955, 20.699781938461534 ], [ -99.856449523076918, 20.699882230769241 ], [ -99.856295846153813, 20.69987396923074 ], [ -99.856237938461504, 20.69982004615386 ], [ -99.856227461538452, 20.699666492307703 ], [ -99.856405538461487, 20.69888858461535 ], [ -99.85649012307691, 20.698562892307685 ], [ -99.856569292307654, 20.697270461538448 ], [ -99.856708692307677, 20.69644756923077 ], [ -99.856785, 20.696356830769197 ], [ -99.857025138461537, 20.696373707692302 ] ] ] ] } },
{ "type": "Feature", "properties": { "IDBD": 159082, "FC": 6291, "CONDICION": "CUERPO DE AGUA INTERMITENTE" }, "geometry": { "type": "MultiPolygon", "coordinates": [ [ [ [ -99.8590490461538, 20.696002230769228 ], [ -99.858752369230729, 20.697883030769201 ], [ -99.85849410769228, 20.699763630769219 ], [ -99.858216153846143, 20.699855369230747 ], [ -99.858129384615367, 20.699792553846123 ], [ -99.858156815384589, 20.699548476923077 ], [ -99.858335184615356, 20.698824769230743 ], [ -99.858376584615357, 20.697649984615381 ], [ -99.858552969230715, 20.696573907692358 ], [ -99.858674892307647, 20.696058307692301 ], [ -99.858875969230752, 20.695957907692311 ], [ -99.8590490461538, 20.696002230769228 ] ] ] ] } },
{ "type": "Feature", "properties": { "IDBD": 159083, "FC": 6291, "CONDICION": "CUERPO DE AGUA INTERMITENTE" }, "geometry": { "type": "MultiPolygon", "coordinates": [ [ [ [ -99.976328215384584, 20.701069538461542 ], [ -99.976404107692304, 20.700924538461539 ], [ -99.976547492307674, 20.700824353846162 ], [ -99.976691461538437, 20.7008144923077 ], [ -99.976835476923029, 20.700813676923065 ], [ -99.97696047692304, 20.700840076923068 ], [ -99.97712439999998, 20.700947569230731 ], [ -99.977212015384566, 20.701136799999986 ], [ -99.977271015384616, 20.70135330769234 ], [ -99.976328215384584, 20.701069538461542 ] ] ] ] } },
{ "type": "Feature", "properties": { "IDBD": 159084, "FC": 6291, "CONDICION": "CUERPO DE AGUA INTERMITENTE" }, "geometry": { "type": "MultiPolygon", "coordinates": [ [ [ [ -99.8090966, 20.698981753846169 ], [ -99.809075723076901, 20.698665615384606 ], [ -99.809093384615352, 20.698376415384626 ], [ -99.809216476923027, 20.698050553846134 ], [ -99.809445784615349, 20.697832630769238 ], [ -99.809685153846132, 20.697705015384628 ], [ -99.809982569230726, 20.697658446153849 ], [ -99.810338076923031, 20.697701953846146 ], [ -99.810626846153781, 20.697836123076915 ], [ -99.810838953846115, 20.697997753846174 ], [ -99.811032384615345, 20.698258861538495 ], [ -99.811216876923041, 20.698646523076913 ], [ -99.810525553846162, 20.698649769230808 ], [ -99.809661769230729, 20.698726107692305 ], [ -99.8090966, 20.698981753846169 ] ] ] ] } },
{ "type": "Feature", "properties": { "IDBD": 159088, "FC": 6291, "CONDICION": "CUERPO DE AGUA INTERMITENTE" }, "geometry": { "type": "MultiPolygon", "coordinates": [ [ [ [ -99.774802307692283, 20.698000969230751 ], [ -99.775032476923045, 20.697945723076913 ], [ -99.775205230769203, 20.697926876923106 ], [ -99.775330276923043, 20.697971492307687 ], [ -99.775427123076867, 20.698133692307714 ], [ -99.775465815384621, 20.698187723076906 ], [ -99.775389584615354, 20.698305538461589 ], [ -99.775322738461526, 20.698378107692303 ], [ -99.77518846153842, 20.698405830769197 ], [ -99.775073, 20.698361169230775 ], [ -99.774899846153815, 20.698298692307702 ], [ -99.774832123076905, 20.698199615384635 ], [ -99.774802307692283, 20.698000969230751 ] ] ] ] } },
{ "type": "Feature", "properties": { "IDBD": 159090, "FC": 6291, "CONDICION": "CUERPO DE AGUA INTERMITENTE" }, "geometry": { "type": "MultiPolygon", "coordinates": [ [ [ [ -99.860537661538416, 20.699464307692352 ], [ -99.860240569230726, 20.699565184615373 ], [ -99.860173153846091, 20.699529384615417 ], [ -99.860095323076905, 20.699349061538477 ], [ -99.860093384615325, 20.699005738461551 ], [ -99.860177138461509, 20.698535492307737 ], [ -99.860218984615372, 20.697442015384595 ], [ -99.860394692307665, 20.69624849230771 ], [ -99.860555015384591, 20.695732692307672 ], [ -99.86066027692307, 20.69566890769228 ], [ -99.861104138461542, 20.696055215384597 ], [ -99.86102976923074, 20.696489276923096 ], [ -99.860537661538416, 20.699464307692352 ] ] ] ] } },
{ "type": "Feature", "properties": { "IDBD": 159104, "FC": 6291, "CONDICION": "CUERPO DE AGUA INTERMITENTE" }, "geometry": { "type": "MultiPolygon", "coordinates": [ [ [ [ -99.989257769230747, 20.700417523076908 ], [ -99.989285861538406, 20.70030893846155 ], [ -99.989390830769167, 20.700208953846165 ], [ -99.989534630769228, 20.700171984615434 ], [ -99.9897171076923, 20.700179969230764 ], [ -99.989938830769219, 20.700314230769219 ], [ -99.989996953846116, 20.7003952 ], [ -99.990065584615351, 20.70061164615387 ], [ -99.989835138461487, 20.700612969230818 ], [ -99.989345399999948, 20.700606753846131 ], [ -99.989257769230747, 20.700417523076908 ] ] ] ] } },
{ "type": "Feature", "properties": { "IDBD": 159108, "FC": 6291, "CONDICION": "CUERPO DE AGUA INTERMITENTE" }, "geometry": { "type": "MultiPolygon", "coordinates": [ [ [ [ -99.863126, 20.698719507692324 ], [ -99.863075076923039, 20.69820475384617 ], [ -99.863072476923037, 20.6977439846154 ], [ -99.863147953846138, 20.69750867692311 ], [ -99.863301984615362, 20.697580199999976 ], [ -99.863360369230776, 20.697715430769183 ], [ -99.863352, 20.697932323076962 ], [ -99.8632104153846, 20.698366707692276 ], [ -99.863126, 20.698719507692324 ] ] ] ] } },
{ "type": "Feature", "properties": { "IDBD": 159117, "FC": 6291, "CONDICION": "CUERPO DE AGUA INTERMITENTE" }, "geometry": { "type": "MultiPolygon", "coordinates": [ [ [ [ -99.985154307692284, 20.6998808769231 ], [ -99.985182523076915, 20.699790369230787 ], [ -99.985277830769192, 20.699681399999985 ], [ -99.985421507692294, 20.699626369230796 ], [ -99.9855655230769, 20.699625538461547 ], [ -99.985738769230736, 20.6996878 ], [ -99.985845199999986, 20.69981367692311 ], [ -99.985903861538461, 20.699975969230771 ], [ -99.985904615384598, 20.700093415384615 ], [ -99.985154307692284, 20.6998808769231 ] ] ] ] } },
{ "type": "Feature", "properties": { "IDBD": 159119, "FC": 6291, "CONDICION": "CUERPO DE AGUA INTERMITENTE" }, "geometry": { "type": "MultiPolygon", "coordinates": [ [ [ [ -99.909556769230718, 20.6979927076923 ], [ -99.909519815384598, 20.698236846153833 ], [ -99.909473046153821, 20.698444907692284 ], [ -99.90939726153843, 20.69861696923078 ], [ -99.909302046153826, 20.698753 ], [ -99.909167630769176, 20.698753707692326 ], [ -99.909081861538439, 20.698862584615359 ], [ -99.908938153846151, 20.698917553846194 ], [ -99.908813123076897, 20.698882076923063 ], [ -99.908563323076919, 20.69885629230771 ], [ -99.908589538461513, 20.698422461538481 ], [ -99.908616415384586, 20.698097061538448 ], [ -99.908662969230747, 20.697852861538447 ], [ -99.908729692307659, 20.697771199999977 ], [ -99.90895996923075, 20.697742876923034 ], [ -99.909210092307674, 20.69782287692307 ], [ -99.909421969230735, 20.697930169230752 ], [ -99.909556769230718, 20.6979927076923 ] ] ] ] } },
{ "type": "Feature", "properties": { "IDBD": 159123, "FC": 6291, "CONDICION": "CUERPO DE AGUA INTERMITENTE" }, "geometry": { "type": "MultiPolygon", "coordinates": [ [ [ [ -99.981677861538415, 20.699792307692316 ], [ -99.981524123076923, 20.69977510769229 ], [ -99.980688046153816, 20.699662415384626 ], [ -99.98080250769226, 20.699544307692321 ], [ -99.980926507692274, 20.699417123076923 ], [ -99.981070123076904, 20.699353046153835 ], [ -99.981185169230741, 20.699325292307662 ], [ -99.981377430769243, 20.699360338461524 ], [ -99.981522092307699, 20.699458892307661 ], [ -99.981618923076908, 20.699584830769247 ], [ -99.981677861538415, 20.699792307692316 ] ] ] ] } },
{ "type": "Feature", "properties": { "IDBD": 159128, "FC": 6291, "CONDICION": "CUERPO DE AGUA INTERMITENTE" }, "geometry": { "type": "MultiPolygon", "coordinates": [ [ [ [ -99.979227338461499, 20.699471953846142 ], [ -99.978333246153824, 20.699296338461572 ], [ -99.978390092307649, 20.69917856923076 ], [ -99.978466276923058, 20.69907873846158 ], [ -99.978590569230732, 20.698996723076885 ], [ -99.978753615384591, 20.698968692307727 ], [ -99.97887855384613, 20.698986046153863 ], [ -99.979052138461554, 20.699102523076899 ], [ -99.979227338461499, 20.699471953846142 ] ] ] ] } },
{ "type": "Feature", "properties": { "IDBD": 159141, "FC": 6291, "CONDICION": "CUERPO DE AGUA INTERMITENTE" }, "geometry": { "type": "MultiPolygon", "coordinates": [ [ [ [ -99.93830769230766, 20.698479984615354 ], [ -99.935289984615366, 20.698035615384633 ], [ -99.935452261538444, 20.697881138461533 ], [ -99.935721276923047, 20.697906784615391 ], [ -99.93609606153845, 20.697958953846168 ], [ -99.9367302153846, 20.698027784615391 ], [ -99.93788361538455, 20.698220276923074 ], [ -99.938220446153807, 20.698344938461535 ], [ -99.93830769230766, 20.698479984615354 ] ] ] ] } },
{ "type": "Feature", "properties": { "IDBD": 159158, "FC": 6291, "CONDICION": "CUERPO DE AGUA INTERMITENTE" }, "geometry": { "type": "MultiPolygon", "coordinates": [ [ [ [ -99.853810830769234, 20.696787215384617 ], [ -99.853722646153841, 20.696471430769247 ], [ -99.853701815384582, 20.6961824 ], [ -99.853691061538427, 20.695974646153815 ], [ -99.853804, 20.695567507692338 ], [ -99.853860553846104, 20.695377476923056 ], [ -99.853878384615342, 20.695133446153839 ], [ -99.853950399999988, 20.694274738461548 ], [ -99.853997092307679, 20.694039600000011 ], [ -99.854332769230766, 20.692258 ], [ -99.854505753846098, 20.69228424615385 ], [ -99.854688523076888, 20.69234658461539 ], [ -99.85470849230768, 20.692482015384634 ], [ -99.854709399999976, 20.692644646153806 ], [ -99.854550984615386, 20.693503769230787 ], [ -99.854317938461492, 20.694751784615367 ], [ -99.854011, 20.696524215384621 ], [ -99.853906384615357, 20.69670543076926 ], [ -99.853810830769234, 20.696787215384617 ] ] ] ] } },
{ "type": "Feature", "properties": { "IDBD": 159162, "FC": 6291, "CONDICION": "CUERPO DE AGUA INTERMITENTE" }, "geometry": { "type": "MultiPolygon", "coordinates": [ [ [ [ -99.979268384615352, 20.698387523076939 ], [ -99.979353753846112, 20.698224415384637 ], [ -99.979468153846142, 20.698097276923068 ], [ -99.979611599999984, 20.698006107692319 ], [ -99.979726646153836, 20.697978353846111 ], [ -99.979899523076909, 20.69798640000004 ], [ -99.980073169230721, 20.698111907692326 ], [ -99.980180399999966, 20.698364276923073 ], [ -99.980026784615333, 20.698365138461533 ], [ -99.979268384615352, 20.698387523076939 ] ] ] ] } },
{ "type": "Feature", "properties": { "IDBD": 159163, "FC": 6291, "CONDICION": "CUERPO DE AGUA INTERMITENTE" }, "geometry": { "type": "MultiPolygon", "coordinates": [ [ [ [ -99.704728307692264, 20.69443472307697 ], [ -99.704189030769186, 20.694093569230784 ], [ -99.704063276923037, 20.693895307692305 ], [ -99.704110923076911, 20.693813800000019 ], [ -99.70464798461532, 20.693676061538437 ], [ -99.705146953846125, 20.693601738461567 ], [ -99.705502169230769, 20.69359124615384 ], [ -99.705656184615307, 20.693671938461559 ], [ -99.705715538461504, 20.694051184615411 ], [ -99.705515030769178, 20.69429596923078 ], [ -99.7051412307692, 20.694442061538471 ], [ -99.704728307692264, 20.69443472307697 ] ] ] ] } },
{ "type": "Feature", "properties": { "IDBD": 159164, "FC": 6291, "CONDICION": "CUERPO DE AGUA INTERMITENTE" }, "geometry": { "type": "MultiPolygon", "coordinates": [ [ [ [ -99.947843, 20.695500430769243 ], [ -99.947968553846096, 20.695617200000015 ], [ -99.948200276923046, 20.695823738461549 ], [ -99.948268723076907, 20.696022123076915 ], [ -99.948260738461528, 20.696284184615386 ], [ -99.948291061538413, 20.696527969230779 ], [ -99.948274046153799, 20.696880430769241 ], [ -99.948246815384593, 20.697133553846179 ], [ -99.948210107692276, 20.69740481538458 ], [ -99.948134246153813, 20.697558815384603 ], [ -99.94790464615383, 20.697695615384625 ], [ -99.947569215384561, 20.697796846153853 ], [ -99.947843, 20.695500430769243 ] ] ] ] } },
{ "type": "Feature", "properties": { "IDBD": 159165, "FC": 6291, "CONDICION": "CUERPO DE AGUA INTERMITENTE" }, "geometry": { "type": "MultiPolygon", "coordinates": [ [ [ [ -99.906105030769211, 20.697206769230799 ], [ -99.906131692307667, 20.696845230769242 ], [ -99.906206353846159, 20.69648343076922 ], [ -99.906330092307655, 20.696302076923079 ], [ -99.90653135384612, 20.696237769230777 ], [ -99.907010615384593, 20.696099723076895 ], [ -99.907307830769184, 20.696025876923034 ], [ -99.906105030769211, 20.697206769230799 ] ] ] ] } },
{ "type": "Feature", "properties": { "IDBD": 159180, "FC": 6291, "CONDICION": "CUERPO DE AGUA INTERMITENTE" }, "geometry": { "type": "MultiPolygon", "coordinates": [ [ [ [ -99.94939876923074, 20.697091076923055 ], [ -99.94858247692305, 20.697068461538464 ], [ -99.948581523076882, 20.696914876923053 ], [ -99.948667261538404, 20.696805984615402 ], [ -99.948781969230737, 20.696724030769278 ], [ -99.948954799999953, 20.69672307692306 ], [ -99.949166707692299, 20.696830338461542 ], [ -99.949282753846134, 20.696965215384608 ], [ -99.94939876923074, 20.697091076923055 ] ] ] ] } },
{ "type": "Feature", "properties": { "IDBD": 159192, "FC": 6291, "CONDICION": "CUERPO DE AGUA INTERMITENTE" }, "geometry": { "type": "MultiPolygon", "coordinates": [ [ [ [ -99.820787353846114, 20.694553384615343 ], [ -99.820634107692285, 20.694626399999951 ], [ -99.820442123076916, 20.694636338461507 ], [ -99.820201599999962, 20.694547138461559 ], [ -99.820028, 20.694403400000031 ], [ -99.819998415384561, 20.694258969230756 ], [ -99.819997153846089, 20.694024061538467 ], [ -99.820151661538446, 20.694185969230755 ], [ -99.820344507692241, 20.694338646153884 ], [ -99.820633246153818, 20.694463769230811 ], [ -99.820787353846114, 20.694553384615343 ] ] ] ] } },
{ "type": "Feature", "properties": { "IDBD": 159193, "FC": 6291, "CONDICION": "CUERPO DE AGUA INTERMITENTE" }, "geometry": { "type": "MultiPolygon", "coordinates": [ [ [ [ -99.976184538461496, 20.696625138461552 ], [ -99.975234538461493, 20.696711830769235 ], [ -99.975319507692291, 20.69648547692308 ], [ -99.975405107692239, 20.696358507692313 ], [ -99.975625538461486, 20.69629401538462 ], [ -99.975856015384551, 20.696301738461528 ], [ -99.976009984615345, 20.696355076923084 ], [ -99.97612601538458, 20.696480907692337 ], [ -99.976184538461496, 20.696625138461552 ] ] ] ] } },
{ "type": "Feature", "properties": { "IDBD": 159195, "FC": 6291, "CONDICION": "CUERPO DE AGUA INTERMITENTE" }, "geometry": { "type": "MultiPolygon", "coordinates": [ [ [ [ -99.862104707692268, 20.693005338461525 ], [ -99.86236306153846, 20.694549076923082 ], [ -99.862335799999968, 20.694820261538446 ], [ -99.862048676923052, 20.694984338461548 ], [ -99.862000769230733, 20.695002646153842 ], [ -99.8619019384615, 20.694506199999985 ], [ -99.861918846153799, 20.694099538461508 ], [ -99.861916353846169, 20.693656815384614 ], [ -99.861972015384637, 20.6933132 ], [ -99.862104707692268, 20.693005338461525 ] ] ] ] } },
{ "type": "Feature", "properties": { "IDBD": 159203, "FC": 6291, "CONDICION": "CUERPO DE AGUA INTERMITENTE" }, "geometry": { "type": "MultiPolygon", "coordinates": [ [ [ [ -99.908090953846141, 20.695317015384632 ], [ -99.908071276923039, 20.695235800000024 ], [ -99.9080696, 20.694955723076902 ], [ -99.908153646153778, 20.69455773846154 ], [ -99.90842113846152, 20.694330446153803 ], [ -99.90882203076923, 20.6939307846154 ], [ -99.909337599999986, 20.693440169230747 ], [ -99.910024199999981, 20.692650492307717 ], [ -99.910367907692262, 20.692323415384614 ], [ -99.910673630769196, 20.692068815384598 ], [ -99.910912523076902, 20.691877815384633 ], [ -99.911199753846134, 20.691740769230744 ], [ -99.911449446153838, 20.691748476923078 ], [ -99.908090953846141, 20.695317015384632 ] ] ] ] } },
{ "type": "Feature", "properties": { "IDBD": 159209, "FC": 6291, "CONDICION": "CUERPO DE AGUA INTERMITENTE" }, "geometry": { "type": "MultiPolygon", "coordinates": [ [ [ [ -99.970025799999988, 20.695982307692283 ], [ -99.969718030769229, 20.695902723076923 ], [ -99.969525430769238, 20.695813461538457 ], [ -99.969380723076895, 20.695705846153885 ], [ -99.969138692307695, 20.695390984615344 ], [ -99.969463861538415, 20.695190384615376 ], [ -99.969770584615361, 20.695107353846147 ], [ -99.969944107692285, 20.695214799999977 ], [ -99.97003119999998, 20.695322723076952 ], [ -99.970070876923046, 20.695521261538474 ], [ -99.970091969230751, 20.695819307692272 ], [ -99.970025799999988, 20.695982307692283 ] ] ] ] } },
{ "type": "Feature", "properties": { "IDBD": 159222, "FC": 6291, "CONDICION": "CUERPO DE AGUA INTERMITENTE" }, "geometry": { "type": "MultiPolygon", "coordinates": [ [ [ [ -99.992934184615351, 20.695824692307678 ], [ -99.992211446153831, 20.695422276923065 ], [ -99.992278061538428, 20.695331553846195 ], [ -99.992382969230718, 20.695222523076904 ], [ -99.992536415384606, 20.695194538461521 ], [ -99.992757246153843, 20.695193261538481 ], [ -99.992911569230728, 20.695300784615398 ], [ -99.992969876923055, 20.695408876923086 ], [ -99.993047753846142, 20.695571061538455 ], [ -99.99299101538459, 20.695706907692298 ], [ -99.992934184615351, 20.695824692307678 ] ] ] ] } },
{ "type": "Feature", "properties": { "IDBD": 159227, "FC": 6291, "CONDICION": "CUERPO DE AGUA INTERMITENTE" }, "geometry": { "type": "MultiPolygon", "coordinates": [ [ [ [ -99.962507953846099, 20.69449755384618 ], [ -99.962737523076896, 20.694360753846151 ], [ -99.963053907692299, 20.694286707692282 ], [ -99.963188492307637, 20.694313061538452 ], [ -99.963457676923056, 20.694365753846167 ], [ -99.963746846153811, 20.694544846153807 ], [ -99.963988246153832, 20.694760338461546 ], [ -99.964037507692282, 20.694958830769192 ], [ -99.964067630769222, 20.695166461538481 ], [ -99.964058538461501, 20.695247830769254 ], [ -99.963095446153829, 20.694783399999967 ], [ -99.962507953846099, 20.69449755384618 ] ] ] ] } },
{ "type": "Feature", "properties": { "IDBD": 159233, "FC": 6291, "CONDICION": "CUERPO DE AGUA INTERMITENTE" }, "geometry": { "type": "MultiPolygon", "coordinates": [ [ [ [ -99.988562815384554, 20.695416153846182 ], [ -99.987552876923047, 20.695141861538474 ], [ -99.987638476923038, 20.695014876923061 ], [ -99.987752984615355, 20.6949058 ], [ -99.987887169230731, 20.694868892307682 ], [ -99.988069584615374, 20.694867846153851 ], [ -99.988300369230743, 20.694920738461523 ], [ -99.988435723076876, 20.695064523076947 ], [ -99.988504092307664, 20.695244830769216 ], [ -99.988562815384554, 20.695416153846182 ] ] ] ] } },
{ "type": "Feature", "properties": { "IDBD": 159235, "FC": 6291, "CONDICION": "CUERPO DE AGUA INTERMITENTE" }, "geometry": { "type": "MultiPolygon", "coordinates": [ [ [ [ -99.856162953846123, 20.693306030769204 ], [ -99.856125676923043, 20.693504984615384 ], [ -99.855991507692281, 20.693550830769233 ], [ -99.855809123076909, 20.693560769230771 ], [ -99.855846323076904, 20.693343738461497 ], [ -99.855862476923051, 20.692801553846159 ], [ -99.855916892307675, 20.692232061538448 ], [ -99.856118630769188, 20.692249123076923 ], [ -99.856215138461508, 20.692339 ], [ -99.856216215384606, 20.692528738461579 ], [ -99.856162953846123, 20.693306030769204 ] ] ] ] } },
{ "type": "Feature", "properties": { "IDBD": 159238, "FC": 6291, "CONDICION": "CUERPO DE AGUA INTERMITENTE" }, "geometry": { "type": "MultiPolygon", "coordinates": [ [ [ [ -99.972676015384579, 20.694503692307688 ], [ -99.973059030769221, 20.69433890769233 ], [ -99.973231615384563, 20.694301784615377 ], [ -99.973366384615375, 20.694355230769251 ], [ -99.973491892307678, 20.694462953846188 ], [ -99.97352161538457, 20.694607338461502 ], [ -99.973493846153815, 20.69477012307695 ], [ -99.97343744615381, 20.694960184615393 ], [ -99.973042307692268, 20.694727507692324 ], [ -99.972676015384579, 20.694503692307688 ] ] ] ] } },
{ "type": "Feature", "properties": { "IDBD": 159239, "FC": 6291, "CONDICION": "CUERPO DE AGUA INTERMITENTE" }, "geometry": { "type": "MultiPolygon", "coordinates": [ [ [ [ -99.902338569230736, 20.693531184615399 ], [ -99.902223030769207, 20.693477569230762 ], [ -99.902020230769182, 20.693279861538457 ], [ -99.901913169230738, 20.69303647692313 ], [ -99.902326246153834, 20.693070446153861 ], [ -99.904631830769176, 20.693275199999981 ], [ -99.904777138461526, 20.693491292307687 ], [ -99.90469186153841, 20.693681476923103 ], [ -99.904471769230753, 20.693809123076917 ], [ -99.904116846153812, 20.693865184615433 ], [ -99.903800323076908, 20.69392106153844 ], [ -99.903579969230748, 20.694003538461516 ], [ -99.903349061538449, 20.693923430769207 ], [ -99.903146523076884, 20.693770892307707 ], [ -99.902992369230745, 20.693681353846152 ], [ -99.902732969230755, 20.693655600000042 ], [ -99.902454107692279, 20.693584784615375 ], [ -99.902338569230736, 20.693531184615399 ] ] ] ] } },
{ "type": "Feature", "properties": { "IDBD": 159244, "FC": 6291, "CONDICION": "CUERPO DE AGUA INTERMITENTE" }, "geometry": { "type": "MultiPolygon", "coordinates": [ [ [ [ -99.990633507692266, 20.694916369230775 ], [ -99.989767769230738, 20.69466836923079 ], [ -99.989872492307668, 20.694532246153834 ], [ -99.989987184615359, 20.694450261538432 ], [ -99.990111707692293, 20.694404369230774 ], [ -99.990313323076862, 20.694403215384618 ], [ -99.990486676923069, 20.694483538461583 ], [ -99.990592815384602, 20.69456424615387 ], [ -99.990632446153839, 20.694753738461554 ], [ -99.990633507692266, 20.694916369230775 ] ] ] ] } },
{ "type": "Feature", "properties": { "IDBD": 159269, "FC": 6291, "CONDICION": "CUERPO DE AGUA INTERMITENTE" }, "geometry": { "type": "MultiPolygon", "coordinates": [ [ [ [ -99.771741830769201, 20.690921953846157 ], [ -99.771510846153845, 20.690814569230767 ], [ -99.771337338461521, 20.690679815384559 ], [ -99.771202323076892, 20.690562953846186 ], [ -99.771144030769236, 20.69042769230769 ], [ -99.771171923076892, 20.690246861538476 ], [ -99.771305923076895, 20.69016493846155 ], [ -99.771507369230733, 20.690127892307732 ], [ -99.771824230769198, 20.690126476923041 ], [ -99.772064307692261, 20.690134430769206 ], [ -99.771903092307653, 20.690532723076934 ], [ -99.77182715384609, 20.690704723076948 ], [ -99.771741830769201, 20.690921953846157 ] ] ] ] } },
{ "type": "Feature", "properties": { "IDBD": 159273, "FC": 6291, "CONDICION": "CUERPO DE AGUA INTERMITENTE" }, "geometry": { "type": "MultiPolygon", "coordinates": [ [ [ [ -99.767993892307629, 20.688363630769246 ], [ -99.768945338461492, 20.688540092307715 ], [ -99.769233923076882, 20.688647230769224 ], [ -99.769512907692302, 20.688754399999954 ], [ -99.769744353846136, 20.688952153846124 ], [ -99.7698994307692, 20.689240584615398 ], [ -99.770006584615345, 20.689547307692312 ], [ -99.769931292307646, 20.689845815384629 ], [ -99.770019199999965, 20.690143584615392 ], [ -99.77009724615381, 20.6903872 ], [ -99.7701268307692, 20.69054066153846 ], [ -99.77016627692305, 20.69074830769226 ], [ -99.769809569230745, 20.690460769230725 ], [ -99.76941439999996, 20.690164353846161 ], [ -99.769124861538444, 20.689867492307727 ], [ -99.76882535384614, 20.689498369230812 ], [ -99.7685354, 20.689120184615401 ], [ -99.768216092307668, 20.688633692307707 ], [ -99.767993892307629, 20.688363630769246 ] ] ] ] } },
{ "type": "Feature", "properties": { "IDBD": 159284, "FC": 6291, "CONDICION": "CUERPO DE AGUA INTERMITENTE" }, "geometry": { "type": "MultiPolygon", "coordinates": [ [ [ [ -99.753759784615369, 20.685480938461538 ], [ -99.753942692307646, 20.685579523076971 ], [ -99.754001061538418, 20.685732876923101 ], [ -99.753993338461527, 20.686112384615342 ], [ -99.753646476923024, 20.687812553846168 ], [ -99.753319446153839, 20.689639138461544 ], [ -99.753033261538405, 20.690019876923074 ], [ -99.753454092307663, 20.687741123076954 ], [ -99.753759784615369, 20.685480938461538 ] ] ] ] } },
{ "type": "Feature", "properties": { "IDBD": 159289, "FC": 6291, "CONDICION": "CUERPO DE AGUA INTERMITENTE" }, "geometry": { "type": "MultiPolygon", "coordinates": [ [ [ [ -99.900359538461515, 20.691716430769215 ], [ -99.900130769230728, 20.6903714 ], [ -99.900333138461477, 20.690496830769213 ], [ -99.900497153846132, 20.690631507692316 ], [ -99.90055561538459, 20.690775753846182 ], [ -99.900586492307653, 20.691127969230781 ], [ -99.900617169230784, 20.691444030769212 ], [ -99.900531707692295, 20.691607107692292 ], [ -99.900455430769185, 20.691697861538465 ], [ -99.900359538461515, 20.691716430769215 ] ] ] ] } },
{ "type": "Feature", "properties": { "IDBD": 159327, "FC": 6291, "CONDICION": "CUERPO DE AGUA INTERMITENTE" }, "geometry": { "type": "MultiPolygon", "coordinates": [ [ [ [ -99.962168092307678, 20.690849307692307 ], [ -99.96225364615384, 20.690713307692334 ], [ -99.96240635384612, 20.690567892307698 ], [ -99.962626892307668, 20.690521492307703 ], [ -99.962896061538444, 20.690574200000032 ], [ -99.963012246153824, 20.690727138461565 ], [ -99.96309024615384, 20.690916446153853 ], [ -99.962168092307678, 20.690849307692307 ] ] ] ] } },
{ "type": "Feature", "properties": { "IDBD": 159329, "FC": 6291, "CONDICION": "CUERPO DE AGUA INTERMITENTE" }, "geometry": { "type": "MultiPolygon", "coordinates": [ [ [ [ -99.868221815384572, 20.688095630769244 ], [ -99.8682612, 20.688267092307708 ], [ -99.868195015384586, 20.68844813846151 ], [ -99.8680624461538, 20.688774061538446 ], [ -99.867948784615351, 20.689045692307733 ], [ -99.867709723076914, 20.689218569230768 ], [ -99.86736512307688, 20.689401 ], [ -99.867058646153822, 20.689538076923078 ], [ -99.866828369230774, 20.689566338461525 ], [ -99.867019015384614, 20.689321430769215 ], [ -99.867362953846126, 20.689021538461549 ], [ -99.867706338461502, 20.688622261538487 ], [ -99.868221815384572, 20.688095630769244 ] ] ] ] } },
{ "type": "Feature", "properties": { "IDBD": 159334, "FC": 6291, "CONDICION": "CUERPO DE AGUA INTERMITENTE" }, "geometry": { "type": "MultiPolygon", "coordinates": [ [ [ [ -99.903844461538441, 20.690026692307725 ], [ -99.903699276923078, 20.689828676923103 ], [ -99.903630784615345, 20.68961220000002 ], [ -99.903580907692287, 20.689296230769216 ], [ -99.903569215384564, 20.688943923076941 ], [ -99.903693015384619, 20.68877160000002 ], [ -99.903913399999951, 20.688698169230818 ], [ -99.904124738461505, 20.688715123076921 ], [ -99.903844461538441, 20.690026692307725 ] ] ] ] } },
{ "type": "Feature", "properties": { "IDBD": 159339, "FC": 6291, "CONDICION": "CUERPO DE AGUA INTERMITENTE" }, "geometry": { "type": "MultiPolygon", "coordinates": [ [ [ [ -99.963960907692311, 20.690432723076952 ], [ -99.964075430769228, 20.690323661538464 ], [ -99.964238246153826, 20.69025949230771 ], [ -99.964440092307669, 20.690294507692293 ], [ -99.964584630769167, 20.690375015384635 ], [ -99.96467172307689, 20.690482953846111 ], [ -99.964451584615347, 20.690592599999974 ], [ -99.964278769230731, 20.690593569230774 ], [ -99.964105723076926, 20.6905584 ], [ -99.963960907692311, 20.690432723076952 ] ] ] ] } },
{ "type": "Feature", "properties": { "IDBD": 159342, "FC": 6291, "CONDICION": "CUERPO DE AGUA INTERMITENTE" }, "geometry": { "type": "MultiPolygon", "coordinates": [ [ [ [ -99.946216292307668, 20.690205815384633 ], [ -99.94582113846154, 20.689964030769218 ], [ -99.945041723076926, 20.689688215384649 ], [ -99.944868230769217, 20.689580753846169 ], [ -99.944645569230758, 20.689283815384652 ], [ -99.944510199999982, 20.689130969230749 ], [ -99.946171169230752, 20.68912184615386 ], [ -99.946595292307663, 20.689390569230767 ], [ -99.946542215384568, 20.69012270769235 ], [ -99.946389215384585, 20.690222923076906 ], [ -99.946216292307668, 20.690205815384633 ] ] ] ] } },
{ "type": "Feature", "properties": { "IDBD": 159348, "FC": 6291, "CONDICION": "CUERPO DE AGUA INTERMITENTE" }, "geometry": { "type": "MultiPolygon", "coordinates": [ [ [ [ -99.802333707692299, 20.687457246153876 ], [ -99.803150323076892, 20.687552830769231 ], [ -99.803140953846111, 20.687598046153862 ], [ -99.803026846153799, 20.687806384615399 ], [ -99.802844938461504, 20.687906630769231 ], [ -99.802643369230722, 20.687916599999959 ], [ -99.80253736923072, 20.687844815384608 ], [ -99.802469784615326, 20.687772846153869 ], [ -99.802333707692299, 20.687457246153876 ] ] ] ] } },
{ "type": "Feature", "properties": { "IDBD": 159354, "FC": 6291, "CONDICION": "CUERPO DE AGUA INTERMITENTE" }, "geometry": { "type": "MultiPolygon", "coordinates": [ [ [ [ -99.928437230769191, 20.689055676923079 ], [ -99.928772892307691, 20.688990630769229 ], [ -99.929099046153809, 20.688943692307721 ], [ -99.929377969230757, 20.689023507692276 ], [ -99.929532399999971, 20.689158199999977 ], [ -99.929408923076878, 20.689375707692303 ], [ -99.929188923076921, 20.689512415384598 ], [ -99.929064276923071, 20.6895402 ], [ -99.928929969230694, 20.68955898461537 ], [ -99.928814646153839, 20.689541538461519 ], [ -99.928699261538441, 20.689515061538486 ], [ -99.928602923076909, 20.689461369230774 ], [ -99.928544769230754, 20.689371323076934 ], [ -99.92852496923075, 20.689272046153839 ], [ -99.928437230769191, 20.689055676923079 ] ] ] ] } },
{ "type": "Feature", "properties": { "IDBD": 159355, "FC": 6291, "CONDICION": "CUERPO DE AGUA INTERMITENTE" }, "geometry": { "type": "MultiPolygon", "coordinates": [ [ [ [ -100.076679246153816, 20.691063953846179 ], [ -100.076744599999984, 20.691050199999978 ], [ -100.076838523076901, 20.69103147692309 ], [ -100.076932969230754, 20.691015184615395 ], [ -100.077028092307671, 20.691002953846152 ], [ -100.07712319999996, 20.690990615384607 ], [ -100.077218307692263, 20.690978276923087 ], [ -100.077313507692253, 20.690966630769243 ], [ -100.077408846153787, 20.690955938461538 ], [ -100.077505, 20.690947399999981 ], [ -100.077522107692289, 20.690996800000011 ], [ -100.077546553846119, 20.691084169230756 ], [ -100.077562892307654, 20.691173199999987 ], [ -100.07758350769231, 20.691261430769227 ], [ -100.077575584615332, 20.69135147692306 ], [ -100.077479738461506, 20.691346292307671 ], [ -100.077384384615357, 20.691356876923059 ], [ -100.07729310769227, 20.691384876923106 ], [ -100.077203215384614, 20.691416615384625 ], [ -100.077107215384572, 20.691417292307662 ], [ -100.077016676923009, 20.691447384615405 ], [ -100.076924015384606, 20.691423784615377 ], [ -100.076856615384571, 20.691359430769236 ], [ -100.076781323076872, 20.691303384615374 ], [ -100.076718646153793, 20.691234938461516 ], [ -100.076675492307686, 20.691154230769214 ], [ -100.076679246153816, 20.691063953846179 ] ] ] ] } },
{ "type": "Feature", "properties": { "IDBD": 159359, "FC": 6291, "CONDICION": "CUERPO DE AGUA INTERMITENTE" }, "geometry": { "type": "MultiPolygon", "coordinates": [ [ [ [ -99.915300123076889, 20.688629030769238 ], [ -99.915464153846131, 20.688763676923074 ], [ -99.915571553846149, 20.689061276923084 ], [ -99.913575076923038, 20.689162215384584 ], [ -99.913659815384619, 20.688881676923096 ], [ -99.913850753846148, 20.688699969230786 ], [ -99.914311276923044, 20.688643307692267 ], [ -99.915040784615371, 20.688612338461549 ], [ -99.915300123076889, 20.688629030769238 ] ] ] ] } },
{ "type": "Feature", "properties": { "IDBD": 159366, "FC": 6291, "CONDICION": "CUERPO DE AGUA INTERMITENTE" }, "geometry": { "type": "MultiPolygon", "coordinates": [ [ [ [ -99.897082661538434, 20.686348584615398 ], [ -99.897651461538445, 20.686743169230741 ], [ -99.897999369230746, 20.687129861538452 ], [ -99.898183384615351, 20.687399969230768 ], [ -99.898270907692307, 20.687589246153824 ], [ -99.89827538461536, 20.688348169230736 ], [ -99.898248123076925, 20.688610338461551 ], [ -99.898122246153818, 20.688430292307693 ], [ -99.897840784615354, 20.687916753846125 ], [ -99.897548723076923, 20.687231599999976 ], [ -99.897082661538434, 20.686348584615398 ] ] ] ] } },
{ "type": "Feature", "properties": { "IDBD": 159370, "FC": 6291, "CONDICION": "CUERPO DE AGUA INTERMITENTE" }, "geometry": { "type": "MultiPolygon", "coordinates": [ [ [ [ -99.800359723076895, 20.686373138461573 ], [ -99.800734076923078, 20.686353338461515 ], [ -99.801146538461509, 20.68627913846154 ], [ -99.800860261538404, 20.686614769230804 ], [ -99.800640384615335, 20.686796507692328 ], [ -99.800362476923056, 20.686897184615365 ], [ -99.799872861538432, 20.686908492307726 ], [ -99.799776707692246, 20.686881830769259 ], [ -99.799900523076928, 20.686691507692295 ], [ -99.800033953846125, 20.686501153846166 ], [ -99.800359723076895, 20.686373138461573 ] ] ] ] } },
{ "type": "Feature", "properties": { "IDBD": 159376, "FC": 6291, "CONDICION": "CUERPO DE AGUA INTERMITENTE" }, "geometry": { "type": "MultiPolygon", "coordinates": [ [ [ [ -99.776138369230736, 20.685056338461525 ], [ -99.776389892307677, 20.685425661538478 ], [ -99.776730153846117, 20.686255369230782 ], [ -99.776354107692285, 20.685940830769223 ], [ -99.776110907692285, 20.685318492307665 ], [ -99.776138369230736, 20.685056338461525 ] ] ] ] } },
{ "type": "Feature", "properties": { "IDBD": 159382, "FC": 6291, "CONDICION": "CUERPO DE AGUA INTERMITENTE" }, "geometry": { "type": "MultiPolygon", "coordinates": [ [ [ [ -99.862362261538451, 20.685911415384624 ], [ -99.862777046153809, 20.686252676923068 ], [ -99.862883769230734, 20.686450923076919 ], [ -99.862865599999949, 20.686631723076925 ], [ -99.862780261538418, 20.686821892307684 ], [ -99.862656061538402, 20.686930923076901 ], [ -99.862464246153834, 20.686968030769229 ], [ -99.862233507692281, 20.686914969230738 ], [ -99.861887061538411, 20.686772138461571 ], [ -99.862077907692282, 20.686563384615429 ], [ -99.862201492307648, 20.686345923076921 ], [ -99.862362261538451, 20.685911415384624 ] ] ] ] } },
{ "type": "Feature", "properties": { "IDBD": 159385, "FC": 6291, "CONDICION": "CUERPO DE AGUA INTERMITENTE" }, "geometry": { "type": "MultiPolygon", "coordinates": [ [ [ [ -99.858048753846134, 20.683746430769208 ], [ -99.858530523076851, 20.684051230769256 ], [ -99.858589338461528, 20.684267784615404 ], [ -99.858104169230714, 20.686772953846145 ], [ -99.857997338461502, 20.686556630769228 ], [ -99.857928399999935, 20.686249784615342 ], [ -99.857896399999959, 20.685680723076917 ], [ -99.85796046153844, 20.685120215384604 ], [ -99.85803467692304, 20.684659061538465 ], [ -99.858032384615356, 20.684252476923056 ], [ -99.858048753846134, 20.683746430769208 ] ] ] ] } },
{ "type": "Feature", "properties": { "IDBD": 159391, "FC": 6291, "CONDICION": "CUERPO DE AGUA INTERMITENTE" }, "geometry": { "type": "MultiPolygon", "coordinates": [ [ [ [ -99.94821150769225, 20.685270738461554 ], [ -99.949427030769215, 20.686203692307707 ], [ -99.94960878461535, 20.687639261538497 ], [ -99.94938790769227, 20.687631446153851 ], [ -99.948100676923048, 20.685976092307698 ], [ -99.947808723076889, 20.685345246153865 ], [ -99.94821150769225, 20.685270738461554 ] ] ] ] } },
{ "type": "Feature", "properties": { "IDBD": 159392, "FC": 6291, "CONDICION": "CUERPO DE AGUA INTERMITENTE" }, "geometry": { "type": "MultiPolygon", "coordinates": [ [ [ [ -99.875298215384589, 20.686460600000022 ], [ -99.875288, 20.686352230769263 ], [ -99.875383123076872, 20.686198153846167 ], [ -99.875506846153854, 20.686007784615384 ], [ -99.875592476923046, 20.685871815384608 ], [ -99.875687661538436, 20.685726769230783 ], [ -99.875725184615376, 20.685572984615405 ], [ -99.875771569230764, 20.685292661538501 ], [ -99.875799338461519, 20.685111815384641 ], [ -99.875874753846119, 20.684867476923102 ], [ -99.876269, 20.684973892307699 ], [ -99.877144076923031, 20.685213400000048 ], [ -99.876895076923034, 20.685323092307708 ], [ -99.876732492307653, 20.685432338461585 ], [ -99.87626458461537, 20.685877446153849 ], [ -99.876054199999956, 20.686023076923053 ], [ -99.875834676923091, 20.686250061538441 ], [ -99.875643492307645, 20.686395599999976 ], [ -99.875442646153815, 20.68653215384613 ], [ -99.875298938461484, 20.686587092307661 ], [ -99.875298215384589, 20.686460600000022 ] ] ] ] } },
{ "type": "Feature", "properties": { "IDBD": 159398, "FC": 6291, "CONDICION": "CUERPO DE AGUA INTERMITENTE" }, "geometry": { "type": "MultiPolygon", "coordinates": [ [ [ [ -99.729737769230738, 20.683614599999959 ], [ -99.729767523076916, 20.683813246153854 ], [ -99.729739246153812, 20.683921799999982 ], [ -99.729663046153789, 20.684048615384636 ], [ -99.729548261538426, 20.684139446153832 ], [ -99.729433261538446, 20.684185123076958 ], [ -99.729231769230722, 20.684213076923111 ], [ -99.729020538461526, 20.684213969230743 ], [ -99.728857061538449, 20.684160446153854 ], [ -99.728712707692281, 20.684088769230812 ], [ -99.729134323076892, 20.683915323076917 ], [ -99.729306892307662, 20.683860369230825 ], [ -99.729737769230738, 20.683614599999959 ] ] ] ] } },
{ "type": "Feature", "properties": { "IDBD": 159411, "FC": 6291, "CONDICION": "CUERPO DE AGUA INTERMITENTE" }, "geometry": { "type": "MultiPolygon", "coordinates": [ [ [ [ -99.9628643384615, 20.687068784615388 ], [ -99.962036846153836, 20.68678429230771 ], [ -99.962285446153814, 20.686620276923076 ], [ -99.962467692307669, 20.686592153846167 ], [ -99.962640846153832, 20.686645384615346 ], [ -99.962756507692291, 20.686717030769216 ], [ -99.962833830769185, 20.686797907692313 ], [ -99.962863538461505, 20.686942307692288 ], [ -99.9628643384615, 20.687068784615388 ] ] ] ] } },
{ "type": "Feature", "properties": { "IDBD": 159420, "FC": 6291, "CONDICION": "CUERPO DE AGUA INTERMITENTE" }, "geometry": { "type": "MultiPolygon", "coordinates": [ [ [ [ -99.729648292307644, 20.682973461538467 ], [ -99.729600938461502, 20.683109184615361 ], [ -99.729534338461505, 20.68323596923079 ], [ -99.729448107692264, 20.683272476923115 ], [ -99.729304169230744, 20.683291153846124 ], [ -99.729112323076862, 20.683328107692283 ], [ -99.728958661538428, 20.683319723076924 ], [ -99.728814307692275, 20.683248046153846 ], [ -99.728582846153827, 20.683032184615396 ], [ -99.728553353846124, 20.682887738461552 ], [ -99.728755015384579, 20.682895923076924 ], [ -99.728956769230734, 20.6829221692308 ], [ -99.729110338461524, 20.682912492307722 ], [ -99.729302538461525, 20.682947815384615 ], [ -99.729427338461491, 20.682947292307723 ], [ -99.729648292307644, 20.682973461538467 ] ] ] ] } },
{ "type": "Feature", "properties": { "IDBD": 159422, "FC": 6291, "CONDICION": "CUERPO DE AGUA INTERMITENTE" }, "geometry": { "type": "MultiPolygon", "coordinates": [ [ [ [ -99.866678738461488, 20.683504476923066 ], [ -99.866764323076907, 20.68335947692308 ], [ -99.866926969230704, 20.683259276923078 ], [ -99.867137830769195, 20.68319496923079 ], [ -99.86736798461537, 20.683148630769232 ], [ -99.867531199999974, 20.683147815384597 ], [ -99.867771323076894, 20.683164676923106 ], [ -99.867857630769208, 20.683146169230739 ], [ -99.868203415384599, 20.683171538461551 ], [ -99.867978738461503, 20.684184615384609 ], [ -99.867725738461488, 20.685279138461521 ], [ -99.867580692307655, 20.685099169230778 ], [ -99.86745413846154, 20.684792615384595 ], [ -99.867202353846153, 20.684414400000048 ], [ -99.867076784615378, 20.68427950769231 ], [ -99.866786953846116, 20.683964723076894 ], [ -99.866622923076889, 20.683820984615398 ], [ -99.866554492307628, 20.683604492307694 ], [ -99.866678738461488, 20.683504476923066 ] ] ] ] } },
{ "type": "Feature", "properties": { "IDBD": 159426, "FC": 6291, "CONDICION": "CUERPO DE AGUA INTERMITENTE" }, "geometry": { "type": "MultiPolygon", "coordinates": [ [ [ [ -99.535400538461531, 20.679692492307669 ], [ -99.535458523076912, 20.679800738461509 ], [ -99.535458938461488, 20.679918200000028 ], [ -99.53543035384611, 20.67998153846154 ], [ -99.535325030769229, 20.68006318461536 ], [ -99.535113861538449, 20.680081923076926 ], [ -99.534777599999984, 20.680019707692306 ], [ -99.534700476923049, 20.679929600000015 ], [ -99.534699969230729, 20.679785030769207 ], [ -99.534728584615365, 20.679730723076865 ], [ -99.534834, 20.679676184615406 ], [ -99.535025830769229, 20.679621369230762 ], [ -99.535217799999984, 20.6796027076923 ], [ -99.535323507692297, 20.679629476923083 ], [ -99.535400538461531, 20.679692492307669 ] ] ] ] } },
{ "type": "Feature", "properties": { "IDBD": 159455, "FC": 6291, "CONDICION": "CUERPO DE AGUA INTERMITENTE" }, "geometry": { "type": "MultiPolygon", "coordinates": [ [ [ [ -99.921689061538444, 20.684538215384574 ], [ -99.920996661538439, 20.684352184615385 ], [ -99.921139046153812, 20.68408036923077 ], [ -99.92125310769228, 20.683890015384616 ], [ -99.921483184615383, 20.683834584615337 ], [ -99.92177186153846, 20.683941461538506 ], [ -99.92183044615382, 20.68410376923077 ], [ -99.921774, 20.684293815384578 ], [ -99.921689061538444, 20.684538215384574 ] ] ] ] } },
{ "type": "Feature", "properties": { "IDBD": 159462, "FC": 6291, "CONDICION": "CUERPO DE AGUA INTERMITENTE" }, "geometry": { "type": "MultiPolygon", "coordinates": [ [ [ [ -99.851380692307657, 20.682866938461505 ], [ -99.851419046153836, 20.682857707692335 ], [ -99.851621015384566, 20.682919953846113 ], [ -99.851688815384591, 20.683028046153868 ], [ -99.851680384615335, 20.683235907692314 ], [ -99.851566184615379, 20.683417169230783 ], [ -99.851507923076881, 20.6833 ], [ -99.85146875384612, 20.683164661538513 ], [ -99.851429646153804, 20.683038369230776 ], [ -99.851380692307657, 20.682866938461505 ] ] ] ] } },
{ "type": "Feature", "properties": { "IDBD": 159467, "FC": 6291, "CONDICION": "CUERPO DE AGUA INTERMITENTE" }, "geometry": { "type": "MultiPolygon", "coordinates": [ [ [ [ -99.931720938461496, 20.684348753846148 ], [ -99.93156710769226, 20.684313446153851 ], [ -99.931441861538445, 20.68424184615386 ], [ -99.931219938461496, 20.684062338461519 ], [ -99.930736061538397, 20.683432492307656 ], [ -99.9314566, 20.683509923076901 ], [ -99.932138292307656, 20.683515261538446 ], [ -99.932139953846118, 20.683786307692301 ], [ -99.932064969230723, 20.684084876923094 ], [ -99.931855123076886, 20.684311892307687 ], [ -99.931720938461496, 20.684348753846148 ] ] ] ] } },
{ "type": "Feature", "properties": { "IDBD": 159486, "FC": 6291, "CONDICION": "CUERPO DE AGUA INTERMITENTE" }, "geometry": { "type": "MultiPolygon", "coordinates": [ [ [ [ -99.952208799999966, 20.682718892307712 ], [ -99.952410230769217, 20.682690676923073 ], [ -99.952727569230746, 20.682770230769233 ], [ -99.952977907692286, 20.682886307692296 ], [ -99.953536538461492, 20.683172338461539 ], [ -99.953825738461504, 20.683360476923109 ], [ -99.954029046153821, 20.683630400000013 ], [ -99.953886230769172, 20.683820923076933 ], [ -99.953685292307682, 20.683930461538456 ], [ -99.953311384615361, 20.684013846153849 ], [ -99.953060692307645, 20.683843569230756 ], [ -99.952848861538428, 20.683745353846135 ], [ -99.952617599999968, 20.683611107692332 ], [ -99.952328907692291, 20.683504276923095 ], [ -99.952298584615363, 20.683260507692314 ], [ -99.952210661538416, 20.683017046153832 ], [ -99.952208799999966, 20.682718892307712 ] ] ] ] } },
{ "type": "Feature", "properties": { "IDBD": 159495, "FC": 6291, "CONDICION": "CUERPO DE AGUA INTERMITENTE" }, "geometry": { "type": "MultiPolygon", "coordinates": [ [ [ [ -99.981497015384591, 20.683620738461556 ], [ -99.981736046153799, 20.683465784615407 ], [ -99.981908553846097, 20.683419615384608 ], [ -99.982091138461513, 20.683445692307693 ], [ -99.982207338461507, 20.683598615384611 ], [ -99.982266153846126, 20.683788015384618 ], [ -99.982238461538401, 20.683959846153869 ], [ -99.982181969230751, 20.684131830769257 ], [ -99.981699615384571, 20.6837731692308 ], [ -99.981497015384591, 20.683620738461556 ] ] ] ] } },
{ "type": "Feature", "properties": { "IDBD": 159500, "FC": 6291, "CONDICION": "CUERPO DE AGUA INTERMITENTE" }, "geometry": { "type": "MultiPolygon", "coordinates": [ [ [ [ -99.863418046153811, 20.682454692307658 ], [ -99.863242830769181, 20.682030907692294 ], [ -99.86308870769227, 20.681941323076934 ], [ -99.862857723076885, 20.681843092307727 ], [ -99.862607338461501, 20.681708830769232 ], [ -99.862375553846135, 20.681466030769233 ], [ -99.862249523076926, 20.681249815384597 ], [ -99.86240246153848, 20.681131599999983 ], [ -99.862622876923083, 20.681058215384621 ], [ -99.862766215384582, 20.680940030769211 ], [ -99.862880553846097, 20.680785861538485 ], [ -99.863023953846138, 20.680676723076907 ], [ -99.863148399999986, 20.680612861538474 ], [ -99.863321261538402, 20.680621030769203 ], [ -99.863656923076874, 20.680556092307643 ], [ -99.863934938461497, 20.680482415384596 ], [ -99.863587230769184, 20.681812338461516 ], [ -99.863418046153811, 20.682454692307658 ] ] ] ] } },
{ "type": "Feature", "properties": { "IDBD": 159503, "FC": 6291, "CONDICION": "CUERPO DE AGUA INTERMITENTE" }, "geometry": { "type": "MultiPolygon", "coordinates": [ [ [ [ -99.760137199999974, 20.680122046153866 ], [ -99.760484369230724, 20.680427723076964 ], [ -99.760985769230729, 20.680859215384604 ], [ -99.760745876923039, 20.680887369230774 ], [ -99.760467323076881, 20.680861492307677 ], [ -99.760236492307669, 20.680781200000016 ], [ -99.760168707692273, 20.680664030769236 ], [ -99.76011966153844, 20.680456430769233 ], [ -99.760137199999974, 20.680122046153866 ] ] ] ] } },
{ "type": "Feature", "properties": { "IDBD": 159510, "FC": 6291, "CONDICION": "CUERPO DE AGUA INTERMITENTE" }, "geometry": { "type": "MultiPolygon", "coordinates": [ [ [ [ -99.941268415384599, 20.681902584615369 ], [ -99.941373907692252, 20.681883938461542 ], [ -99.941604092307685, 20.681846538461507 ], [ -99.941863369230745, 20.681854153846192 ], [ -99.942296338461517, 20.682005384615376 ], [ -99.94264301538459, 20.682175153846149 ], [ -99.942989630769205, 20.68233589230768 ], [ -99.943249676923045, 20.68247 ], [ -99.943394307692245, 20.682568584615382 ], [ -99.943520169230752, 20.682739569230751 ], [ -99.943539646153852, 20.682784630769234 ], [ -99.941268415384599, 20.681902584615369 ] ] ] ] } },
{ "type": "Feature", "properties": { "IDBD": 159514, "FC": 6291, "CONDICION": "CUERPO DE AGUA INTERMITENTE" }, "geometry": { "type": "MultiPolygon", "coordinates": [ [ [ [ -100.01348567692304, 20.683442430769254 ], [ -100.013413184615374, 20.683491969230769 ], [ -100.013306169230717, 20.683505984615369 ], [ -100.013210876923026, 20.683517015384634 ], [ -100.013115461538405, 20.683527030769259 ], [ -100.013020338461516, 20.683506 ], [ -100.012979692307681, 20.683425461538487 ], [ -100.012976630769174, 20.683335153846173 ], [ -100.012977492307655, 20.683244815384622 ], [ -100.012997907692281, 20.683156538461514 ], [ -100.013011892307659, 20.683067153846153 ], [ -100.013001830769184, 20.682977307692315 ], [ -100.013013830769239, 20.68288766153848 ], [ -100.013107769230757, 20.682869046153861 ], [ -100.013196553846143, 20.682834661538472 ], [ -100.013268092307669, 20.682774415384664 ], [ -100.013350799999984, 20.682728538461536 ], [ -100.01344246153846, 20.68275543076922 ], [ -100.0134859538461, 20.68283596923078 ], [ -100.01347856923077, 20.682926061538424 ], [ -100.013487446153817, 20.683016015384609 ], [ -100.013510123076898, 20.6831038 ], [ -100.013521846153793, 20.683193476923105 ], [ -100.013545707692273, 20.683280984615386 ], [ -100.01354492307685, 20.683371338461527 ], [ -100.01348567692304, 20.683442430769254 ] ] ] ] } },
{ "type": "Feature", "properties": { "IDBD": 159518, "FC": 6291, "CONDICION": "CUERPO DE AGUA INTERMITENTE" }, "geometry": { "type": "MultiPolygon", "coordinates": [ [ [ [ -99.938044861538472, 20.680718492307687 ], [ -99.939306184615347, 20.681307938461551 ], [ -99.939450646153816, 20.68137943076928 ], [ -99.940837107692289, 20.6820224 ], [ -99.940742061538444, 20.682176507692336 ], [ -99.9405790153846, 20.682204507692305 ], [ -99.938769784615374, 20.681509630769263 ], [ -99.938182276923058, 20.681205646153888 ], [ -99.938085261538419, 20.681043538461541 ], [ -99.938044861538472, 20.680718492307687 ] ] ] ] } },
{ "type": "Feature", "properties": { "IDBD": 159521, "FC": 6291, "CONDICION": "CUERPO DE AGUA INTERMITENTE" }, "geometry": { "type": "MultiPolygon", "coordinates": [ [ [ [ -99.862227261538479, 20.680707815384665 ], [ -99.862428353846127, 20.680616461538445 ], [ -99.862619799999962, 20.680516107692338 ], [ -99.862888676923035, 20.680523800000039 ], [ -99.862650246153819, 20.680805092307736 ], [ -99.862478199999941, 20.680941476923103 ], [ -99.862276630769202, 20.680951523076931 ], [ -99.862046061538436, 20.680925569230769 ], [ -99.86173823076922, 20.680818676923067 ], [ -99.862026046153829, 20.680781107692344 ], [ -99.862227261538479, 20.680707815384665 ] ] ] ] } },
{ "type": "Feature", "properties": { "IDBD": 159525, "FC": 6291, "CONDICION": "CUERPO DE AGUA INTERMITENTE" }, "geometry": { "type": "MultiPolygon", "coordinates": [ [ [ [ -99.819488046153822, 20.679678461538483 ], [ -99.820409892307637, 20.679710215384628 ], [ -99.820699184615393, 20.67994375384616 ], [ -99.821208892307681, 20.680103969230757 ], [ -99.821007661538403, 20.680177200000038 ], [ -99.820662092307657, 20.680187892307679 ], [ -99.820440830769229, 20.680107615384642 ], [ -99.820238738461526, 20.680018230769274 ], [ -99.819950184615365, 20.679920215384602 ], [ -99.819488046153822, 20.679678461538483 ] ] ] ] } },
{ "type": "Feature", "properties": { "IDBD": 159550, "FC": 6291, "CONDICION": "CUERPO DE AGUA INTERMITENTE" }, "geometry": { "type": "MultiPolygon", "coordinates": [ [ [ [ -99.850228261538405, 20.677864661538454 ], [ -99.850460784615379, 20.678019553846127 ], [ -99.850663307692301, 20.67818119999998 ], [ -99.850769815384609, 20.678343307692334 ], [ -99.85079967692306, 20.678532892307707 ], [ -99.850781738461478, 20.678758861538459 ], [ -99.850753984615352, 20.678948738461521 ], [ -99.850687692307645, 20.679111707692361 ], [ -99.85057309230767, 20.679220692307663 ], [ -99.850400984615362, 20.679348030769248 ], [ -99.850257323076917, 20.679411984615424 ], [ -99.850084676923046, 20.67943993846151 ], [ -99.850179615384604, 20.679249738461497 ], [ -99.850236415384586, 20.679104892307709 ], [ -99.850254707692287, 20.678942169230773 ], [ -99.850282307692268, 20.67872518461542 ], [ -99.850281153846126, 20.678517384615372 ], [ -99.850260092307636, 20.678183184615406 ], [ -99.850228261538405, 20.677864661538454 ] ] ] ] } },
{ "type": "Feature", "properties": { "IDBD": 159564, "FC": 6291, "CONDICION": "CUERPO DE AGUA INTERMITENTE" }, "geometry": { "type": "MultiPolygon", "coordinates": [ [ [ [ -100.072012753846124, 20.681401799999982 ], [ -100.072031353846128, 20.681313153846158 ], [ -100.072050123076906, 20.681224553846143 ], [ -100.072069107692286, 20.681136 ], [ -100.072088107692281, 20.681047430769276 ], [ -100.072107215384563, 20.680958892307718 ], [ -100.072126323076901, 20.680870353846164 ], [ -100.072145907692246, 20.680781907692307 ], [ -100.072167876923032, 20.680693969230749 ], [ -100.072189861538419, 20.680606015384587 ], [ -100.072211092307654, 20.680517907692309 ], [ -100.072232323076875, 20.6804298 ], [ -100.072253138461491, 20.680341600000013 ], [ -100.072273953846107, 20.68025340000003 ], [ -100.072294938461539, 20.680165246153884 ], [ -100.072315923076914, 20.680077092307716 ], [ -100.072336984615362, 20.679988938461527 ], [ -100.072432184615337, 20.680000615384596 ], [ -100.072528184615379, 20.680000015384579 ], [ -100.072624030769191, 20.680005030769234 ], [ -100.072719230769181, 20.680016753846175 ], [ -100.072814969230734, 20.680023430769253 ], [ -100.072904861538447, 20.679991738461535 ], [ -100.0730005538461, 20.67998449230765 ], [ -100.073082923076868, 20.680030907692302 ], [ -100.0731647384615, 20.680078169230761 ], [ -100.073258215384598, 20.680098753846153 ], [ -100.073353030769198, 20.680112907692315 ], [ -100.073446923076872, 20.680131707692265 ], [ -100.073542076923076, 20.680143676923098 ], [ -100.073632599999982, 20.680173784615327 ], [ -100.073712338461547, 20.680224092307686 ], [ -100.073768907692269, 20.680297092307683 ], [ -100.073807830769198, 20.680379676923074 ], [ -100.073844723076874, 20.680463092307683 ], [ -100.073931538461494, 20.680501646153886 ], [ -100.074019276923067, 20.680538307692302 ], [ -100.073972646153791, 20.680617276923098 ], [ -100.073908353846136, 20.680684369230764 ], [ -100.073843123076884, 20.680750661538436 ], [ -100.073777784615373, 20.680816846153842 ], [ -100.073700799999983, 20.680870830769219 ], [ -100.073627061538446, 20.680928676923095 ], [ -100.073539907692293, 20.680966553846126 ], [ -100.073485415384596, 20.681040938461511 ], [ -100.073434815384573, 20.681117723076859 ], [ -100.073378246153823, 20.681190707692323 ], [ -100.07330478461536, 20.681248876923071 ], [ -100.073225184615353, 20.681299399999986 ], [ -100.073142507692253, 20.681345292307682 ], [ -100.073061123076883, 20.68139323076926 ], [ -100.072965815384606, 20.681404153846181 ], [ -100.072870953846149, 20.681418015384626 ], [ -100.07279084615385, 20.6814678 ], [ -100.072713138461523, 20.681520846153852 ], [ -100.072620107692259, 20.68154313846151 ], [ -100.072524138461503, 20.681545600000028 ], [ -100.072428138461476, 20.681544676923075 ], [ -100.072333492307649, 20.681529584615383 ], [ -100.072239553846131, 20.681510923076932 ], [ -100.072149030769182, 20.681480830769214 ], [ -100.072064199999957, 20.681434815384616 ], [ -100.072012753846124, 20.681401799999982 ] ] ] ] } },
{ "type": "Feature", "properties": { "IDBD": 159568, "FC": 6291, "CONDICION": "CUERPO DE AGUA INTERMITENTE" }, "geometry": { "type": "MultiPolygon", "coordinates": [ [ [ [ -99.916826692307666, 20.679034661538438 ], [ -99.915648461538453, 20.679474615384628 ], [ -99.915704538461497, 20.67922132307692 ], [ -99.91580889230768, 20.679012969230772 ], [ -99.916019246153809, 20.678867292307707 ], [ -99.916364846153812, 20.678865446153836 ], [ -99.916682369230742, 20.678981215384646 ], [ -99.916826692307666, 20.679034661538438 ] ] ] ] } },
{ "type": "Feature", "properties": { "IDBD": 159595, "FC": 6291, "CONDICION": "CUERPO DE AGUA INTERMITENTE" }, "geometry": { "type": "MultiPolygon", "coordinates": [ [ [ [ -99.986070246153815, 20.676691907692348 ], [ -99.986238907692254, 20.679021969230778 ], [ -99.986064415384561, 20.678760953846176 ], [ -99.985831553846168, 20.67838281538458 ], [ -99.985763369230725, 20.678229615384655 ], [ -99.985646476923066, 20.677968261538503 ], [ -99.985624646153823, 20.677561815384628 ], [ -99.985737753846109, 20.677235907692335 ], [ -99.98589903076919, 20.676936830769233 ], [ -99.986070246153815, 20.676691907692348 ] ] ] ] } },
{ "type": "Feature", "properties": { "IDBD": 159597, "FC": 6291, "CONDICION": "CUERPO DE AGUA INTERMITENTE" }, "geometry": { "type": "MultiPolygon", "coordinates": [ [ [ [ -99.933037630769221, 20.678288123076904 ], [ -99.932979430769208, 20.67818906153845 ], [ -99.932910507692284, 20.677909338461571 ], [ -99.932861076923047, 20.677674692307733 ], [ -99.932745215384571, 20.677566907692299 ], [ -99.932628630769216, 20.67734166153847 ], [ -99.932788184615347, 20.676744476923101 ], [ -99.933288123076878, 20.676859230769221 ], [ -99.934126815384573, 20.677423892307733 ], [ -99.934281184615372, 20.677549553846138 ], [ -99.934032799999983, 20.677749661538453 ], [ -99.933726861538418, 20.67795913846151 ], [ -99.933545292307656, 20.678095646153853 ], [ -99.933315538461514, 20.678205307692316 ], [ -99.933037630769221, 20.678288123076904 ] ] ] ] } },
{ "type": "Feature", "properties": { "IDBD": 159598, "FC": 6291, "CONDICION": "CUERPO DE AGUA INTERMITENTE" }, "geometry": { "type": "MultiPolygon", "coordinates": [ [ [ [ -100.020186738461533, 20.679409723076912 ], [ -100.020148861538431, 20.679339907692317 ], [ -100.020104523076895, 20.679259769230779 ], [ -100.020058646153828, 20.679180399999979 ], [ -100.020012769230718, 20.67910104615385 ], [ -100.019965430769176, 20.679022430769223 ], [ -100.019918092307677, 20.678943830769214 ], [ -100.019871615384588, 20.678864784615392 ], [ -100.019825138461556, 20.678785723076871 ], [ -100.019778323076878, 20.678706846153815 ], [ -100.019731507692285, 20.67862798461541 ], [ -100.019685184615341, 20.678548846153863 ], [ -100.019641415384569, 20.678468430769279 ], [ -100.019597646153827, 20.67838801538462 ], [ -100.019553692307653, 20.67830770769233 ], [ -100.019509723076894, 20.678227384615372 ], [ -100.019466092307653, 20.678146907692309 ], [ -100.019422476923054, 20.678066430769224 ], [ -100.019379, 20.677985876923085 ], [ -100.019335523076862, 20.677905323076917 ], [ -100.019291784615348, 20.677824892307676 ], [ -100.019353184615369, 20.677755430769256 ], [ -100.019440076923047, 20.677717015384648 ], [ -100.019532107692285, 20.677691307692285 ], [ -100.019625661538413, 20.677671061538479 ], [ -100.01972152307691, 20.677665969230787 ], [ -100.019817261538421, 20.677659369230796 ], [ -100.019912723076914, 20.677649784615422 ], [ -100.020008723076913, 20.677648953846127 ], [ -100.020104707692255, 20.677647338461547 ], [ -100.020200430769194, 20.677640415384584 ], [ -100.020294430769184, 20.677622107692301 ], [ -100.020386153846133, 20.677595399999962 ], [ -100.020459461538437, 20.677537076923119 ], [ -100.020537846153829, 20.677484923076907 ], [ -100.020633692307683, 20.677490169230818 ], [ -100.020674046153829, 20.677572153846192 ], [ -100.020672399999953, 20.677662476923068 ], [ -100.020655123076892, 20.677751353846155 ], [ -100.020596446153817, 20.677822861538498 ], [ -100.020562523076904, 20.677907384615359 ], [ -100.020526923076901, 20.677991292307681 ], [ -100.020558246153811, 20.678076692307663 ], [ -100.02062147692304, 20.678144676923118 ], [ -100.020680830769194, 20.678215692307678 ], [ -100.020725830769237, 20.678295492307697 ], [ -100.020765538461504, 20.678377753846153 ], [ -100.020797184615347, 20.678463046153841 ], [ -100.020777692307647, 20.678551507692326 ], [ -100.020761846153817, 20.678640630769284 ], [ -100.020758830769239, 20.678730923076944 ], [ -100.02073807692301, 20.678819138461524 ], [ -100.020720692307663, 20.678908 ], [ -100.020708584615363, 20.678997615384603 ], [ -100.020689553846125, 20.679086169230782 ], [ -100.020661661538441, 20.679172615384591 ], [ -100.020602369230758, 20.679243676923083 ], [ -100.020532476923051, 20.679305615384607 ], [ -100.020468430769185, 20.679372923076905 ], [ -100.020378599999972, 20.679404769230757 ], [ -100.020282738461518, 20.679409784615416 ], [ -100.020186738461533, 20.679409723076912 ] ] ] ] } },
{ "type": "Feature", "properties": { "IDBD": 159615, "FC": 6291, "CONDICION": "CUERPO DE AGUA INTERMITENTE" }, "geometry": { "type": "MultiPolygon", "coordinates": [ [ [ [ -99.857873261538387, 20.676437815384631 ], [ -99.858015953846106, 20.676202184615391 ], [ -99.858244323076903, 20.675839630769282 ], [ -99.858357138461486, 20.675414415384633 ], [ -99.85844181538458, 20.6751068 ], [ -99.858498046153784, 20.674862569230765 ], [ -99.858552661538397, 20.674329215384621 ], [ -99.85869986153844, 20.674897707692296 ], [ -99.85879824615381, 20.675321876923089 ], [ -99.858704276923064, 20.675683753846176 ], [ -99.858571492307703, 20.675973538461562 ], [ -99.858361415384607, 20.67617335384617 ], [ -99.8580264153846, 20.676355723076938 ], [ -99.857873261538387, 20.676437815384631 ] ] ] ] } },
{ "type": "Feature", "properties": { "IDBD": 159634, "FC": 6291, "CONDICION": "CUERPO DE AGUA INTERMITENTE" }, "geometry": { "type": "MultiPolygon", "coordinates": [ [ [ [ -99.87983609230767, 20.675857292307708 ], [ -99.879705399999978, 20.674836984615389 ], [ -99.879289861538425, 20.672697769230776 ], [ -99.87919253846151, 20.670800876923085 ], [ -99.878972446153824, 20.669256984615394 ], [ -99.87932753846151, 20.669237092307725 ], [ -99.879760630769212, 20.669424630769235 ], [ -99.879983246153813, 20.66973972307688 ], [ -99.880139030769186, 20.670118415384639 ], [ -99.880160938461472, 20.670588123076946 ], [ -99.880238861538416, 20.672448984615393 ], [ -99.880573215384601, 20.675492123076967 ], [ -99.880487753846111, 20.675655199999969 ], [ -99.880219984615337, 20.675837276923048 ], [ -99.87983609230767, 20.675857292307708 ] ] ] ] } },
{ "type": "Feature", "properties": { "IDBD": 159644, "FC": 6291, "CONDICION": "CUERPO DE AGUA INTERMITENTE" }, "geometry": { "type": "MultiPolygon", "coordinates": [ [ [ [ -100.058797876923038, 20.677783092307656 ], [ -100.058806523076882, 20.677755384615406 ], [ -100.058819430769191, 20.677711953846163 ], [ -100.058827292307669, 20.677667399999965 ], [ -100.058835338461492, 20.677622861538481 ], [ -100.058838523076886, 20.677577784615401 ], [ -100.058842076923042, 20.677532738461544 ], [ -100.058845615384556, 20.677487692307725 ], [ -100.058849246153812, 20.677442646153825 ], [ -100.058852876923069, 20.67739759999996 ], [ -100.058856569230727, 20.677352569230806 ], [ -100.058896338461523, 20.677327261538501 ], [ -100.058935738461514, 20.677301461538498 ], [ -100.058982061538444, 20.677289615384623 ], [ -100.059029938461492, 20.677292738461535 ], [ -100.059077569230752, 20.677298307692332 ], [ -100.05912556923073, 20.677298138461559 ], [ -100.059173476923064, 20.677301061538508 ], [ -100.059221353846127, 20.677304184615434 ], [ -100.059268984615343, 20.677309784615385 ], [ -100.059316969230736, 20.677311015384625 ], [ -100.059364153846147, 20.677319292307708 ], [ -100.059409430769193, 20.677334292307687 ], [ -100.05943629230768, 20.677371738461563 ], [ -100.059484261538429, 20.677370507692299 ], [ -100.059530507692301, 20.6773584153846 ], [ -100.059578461538422, 20.6773564 ], [ -100.059624692307665, 20.677368553846097 ], [ -100.05963410769229, 20.677412846153867 ], [ -100.059608830769221, 20.677451246153819 ], [ -100.059567246153804, 20.677473815384644 ], [ -100.059523292307674, 20.677491953846133 ], [ -100.059480538461528, 20.677512492307724 ], [ -100.059437953846128, 20.677533323076915 ], [ -100.059393415384577, 20.677550169230795 ], [ -100.059347876923042, 20.677564476923084 ], [ -100.059360830769194, 20.677607984615378 ], [ -100.059401430769199, 20.677632076923071 ], [ -100.059402923076902, 20.677677215384602 ], [ -100.059370061538402, 20.67771013846156 ], [ -100.059322061538396, 20.67771076923076 ], [ -100.059274184615404, 20.677713923076929 ], [ -100.05923784615382, 20.677743446153858 ], [ -100.059210646153801, 20.677780661538463 ], [ -100.059166723076871, 20.677798892307692 ], [ -100.059121215384593, 20.677813230769235 ], [ -100.059074446153801, 20.677823446153841 ], [ -100.05902681538457, 20.677829046153878 ], [ -100.05897881538462, 20.677829353846146 ], [ -100.058930830769214, 20.677830507692285 ], [ -100.058883384615356, 20.677823676923044 ], [ -100.058842123076872, 20.6778006 ], [ -100.058797876923038, 20.677783092307656 ] ] ] ] } },
{ "type": "Feature", "properties": { "IDBD": 159648, "FC": 6291, "CONDICION": "CUERPO DE AGUA INTERMITENTE" }, "geometry": { "type": "MultiPolygon", "coordinates": [ [ [ [ -99.866132076923051, 20.675149661538473 ], [ -99.866302276923065, 20.674688015384657 ], [ -99.866454184615336, 20.674389076923056 ], [ -99.866509938461519, 20.674063538461567 ], [ -99.866566307692295, 20.6738464 ], [ -99.8666129230769, 20.67360221538463 ], [ -99.866620892307665, 20.673313061538458 ], [ -99.866706215384596, 20.673122892307738 ], [ -99.866762384615328, 20.672869615384631 ], [ -99.866847707692273, 20.672679446153854 ], [ -99.866961723076884, 20.672471061538438 ], [ -99.866963523076876, 20.672787292307699 ], [ -99.866984769230754, 20.673148584615362 ], [ -99.866940153846116, 20.673745138461559 ], [ -99.866884707692293, 20.67412489230767 ], [ -99.86676276923076, 20.674631476923086 ], [ -99.866591507692263, 20.674903399999977 ], [ -99.866132076923051, 20.675149661538473 ] ] ] ] } },
{ "type": "Feature", "properties": { "IDBD": 159654, "FC": 6291, "CONDICION": "CUERPO DE AGUA INTERMITENTE" }, "geometry": { "type": "MultiPolygon", "coordinates": [ [ [ [ -100.060523107692248, 20.677471092307741 ], [ -100.060502492307648, 20.677393276923073 ], [ -100.060467169230748, 20.677315753846113 ], [ -100.060437892307647, 20.677229707692327 ], [ -100.060405769230741, 20.677144569230819 ], [ -100.060372599999951, 20.677059784615395 ], [ -100.060357430769201, 20.676970569230793 ], [ -100.060350384615361, 20.676880476923053 ], [ -100.060350676923051, 20.676790123076938 ], [ -100.060422984615371, 20.6767306923077 ], [ -100.060518799999969, 20.676736415384642 ], [ -100.060614738461496, 20.676739707692278 ], [ -100.060710599999979, 20.676744353846171 ], [ -100.060806230769202, 20.676736446153821 ], [ -100.060900630769211, 20.676719969230792 ], [ -100.060995815384572, 20.6767082 ], [ -100.061091369230724, 20.676716907692335 ], [ -100.061185599999973, 20.67673418461537 ], [ -100.061266769230741, 20.676782415384608 ], [ -100.061337461538429, 20.676843538461561 ], [ -100.061421061538439, 20.676887953846137 ], [ -100.061489415384571, 20.6769514 ], [ -100.061557784615374, 20.677014815384631 ], [ -100.061627292307648, 20.677077138461545 ], [ -100.061614553846155, 20.677166676923097 ], [ -100.061556430769201, 20.677238584615385 ], [ -100.061482707692264, 20.677296446153882 ], [ -100.061407769230769, 20.677352907692324 ], [ -100.061324584615377, 20.677398 ], [ -100.061242553846114, 20.677444938461541 ], [ -100.061158338461539, 20.677488323076926 ], [ -100.061063861538443, 20.67750432307691 ], [ -100.060970230769215, 20.677484369230807 ], [ -100.060876815384603, 20.677463569230714 ], [ -100.060780861538419, 20.677466630769217 ], [ -100.060702184615366, 20.677515646153839 ], [ -100.060605261538441, 20.677509353846141 ], [ -100.060523107692248, 20.677471092307741 ] ] ] ] } },
{ "type": "Feature", "properties": { "IDBD": 159667, "FC": 6291, "CONDICION": "CUERPO DE AGUA INTERMITENTE" }, "geometry": { "type": "MultiPolygon", "coordinates": [ [ [ [ -99.885050923076875, 20.674502430769255 ], [ -99.885175353846137, 20.674438553846134 ], [ -99.885434353846108, 20.674401076923044 ], [ -99.885827861538417, 20.674380984615357 ], [ -99.886288615384572, 20.674369584615366 ], [ -99.886836138461504, 20.674420984615413 ], [ -99.887154092307668, 20.674618123076897 ], [ -99.886913984615376, 20.674601292307663 ], [ -99.88598224615383, 20.674515723076912 ], [ -99.885511938461519, 20.674536215384624 ], [ -99.885050923076875, 20.674502430769255 ] ] ] ] } },
{ "type": "Feature", "properties": { "IDBD": 159679, "FC": 6291, "CONDICION": "CUERPO DE AGUA INTERMITENTE" }, "geometry": { "type": "MultiPolygon", "coordinates": [ [ [ [ -99.778911615384587, 20.671581153846159 ], [ -99.778997692307669, 20.671517507692336 ], [ -99.779199261538452, 20.671507569230823 ], [ -99.77943967692309, 20.671587799999987 ], [ -99.779623046153787, 20.671776707692334 ], [ -99.779787446153804, 20.672010892307668 ], [ -99.779807199999965, 20.672119215384612 ], [ -99.779759846153809, 20.672245938461565 ], [ -99.779548553846112, 20.672228815384596 ], [ -99.779481353846151, 20.672229123076917 ], [ -99.779365876923052, 20.672175430769233 ], [ -99.779211753846099, 20.672076738461552 ], [ -99.779115246153808, 20.671977784615347 ], [ -99.779057230769197, 20.671896723076966 ], [ -99.779018323076869, 20.67179750769229 ], [ -99.778979323076896, 20.671680230769223 ], [ -99.778911615384587, 20.671581153846159 ] ] ] ] } },
{ "type": "Feature", "properties": { "IDBD": 159681, "FC": 6291, "CONDICION": "CUERPO DE AGUA INTERMITENTE" }, "geometry": { "type": "MultiPolygon", "coordinates": [ [ [ [ -99.883637923076876, 20.669224107692287 ], [ -99.883942215384607, 20.670379046153855 ], [ -99.884062584615307, 20.671272907692302 ], [ -99.884063846153822, 20.671489753846185 ], [ -99.884067076923017, 20.672049923076919 ], [ -99.883870707692282, 20.672954446153831 ], [ -99.883557199999956, 20.673525261538455 ], [ -99.883413769230728, 20.673625384615363 ], [ -99.883306923076887, 20.673409092307711 ], [ -99.883267323076907, 20.673201476923076 ], [ -99.883266215384623, 20.67301175384614 ], [ -99.883340876923086, 20.67264092307693 ], [ -99.88338678461534, 20.672279276923124 ], [ -99.883249461538455, 20.671774015384628 ], [ -99.883170415384569, 20.67138590769229 ], [ -99.883100599999963, 20.670934507692316 ], [ -99.883146723076905, 20.670609 ], [ -99.88320196923074, 20.670202138461548 ], [ -99.883295046153791, 20.669695692307656 ], [ -99.883504261538462, 20.669351276923106 ], [ -99.883637923076876, 20.669224107692287 ] ] ] ] } },
{ "type": "Feature", "properties": { "IDBD": 159685, "FC": 6291, "CONDICION": "CUERPO DE AGUA INTERMITENTE" }, "geometry": { "type": "MultiPolygon", "coordinates": [ [ [ [ -99.797913353846141, 20.67205446153848 ], [ -99.797903523076911, 20.672009338461514 ], [ -99.797921215384633, 20.671720123076948 ], [ -99.797958292307698, 20.671466953846146 ], [ -99.798053815384606, 20.671376169230719 ], [ -99.798293784615353, 20.671366015384606 ], [ -99.798716615384592, 20.671445384615382 ], [ -99.798372707692295, 20.671772246153843 ], [ -99.798219723076897, 20.671890415384571 ], [ -99.798057123076859, 20.672008615384652 ], [ -99.797913353846141, 20.67205446153848 ] ] ] ] } },
{ "type": "Feature", "properties": { "IDBD": 159688, "FC": 6291, "CONDICION": "CUERPO DE AGUA INTERMITENTE" }, "geometry": { "type": "MultiPolygon", "coordinates": [ [ [ [ -99.699570199999954, 20.668894384615399 ], [ -99.699898138461521, 20.669227369230814 ], [ -99.700033707692256, 20.6694798 ], [ -99.69981401538459, 20.669724661538467 ], [ -99.699775784615326, 20.669760953846147 ], [ -99.699374507692283, 20.67018724615383 ], [ -99.698809753846106, 20.670550953846146 ], [ -99.698530138461493, 20.670290061538424 ], [ -99.698729523076892, 20.669801338461532 ], [ -99.699063507692273, 20.669357246153865 ], [ -99.699570199999954, 20.668894384615399 ] ] ] ] } },
{ "type": "Feature", "properties": { "IDBD": 159689, "FC": 6291, "CONDICION": "CUERPO DE AGUA INTERMITENTE" }, "geometry": { "type": "MultiPolygon", "coordinates": [ [ [ [ -99.806832384615362, 20.672094276923087 ], [ -99.806831276923077, 20.671886476923127 ], [ -99.806820676923067, 20.671696784615413 ], [ -99.806867630769204, 20.671497784615383 ], [ -99.807020661538431, 20.671388646153844 ], [ -99.807183815384604, 20.671378846153878 ], [ -99.807356953846138, 20.671441276923122 ], [ -99.807492215384599, 20.671603292307676 ], [ -99.807474015384614, 20.671793107692306 ], [ -99.807378738461523, 20.671929092307671 ], [ -99.807292753846099, 20.672010815384596 ], [ -99.807187538461505, 20.672083584615383 ], [ -99.807082076923038, 20.672111184615403 ], [ -99.806986123076882, 20.672120661538457 ], [ -99.806832384615362, 20.672094276923087 ] ] ] ] } },
{ "type": "Feature", "properties": { "IDBD": 159720, "FC": 6291, "CONDICION": "CUERPO DE AGUA INTERMITENTE" }, "geometry": { "type": "MultiPolygon", "coordinates": [ [ [ [ -99.905812384615373, 20.668928353846173 ], [ -99.906303415384571, 20.669169723076902 ], [ -99.906381015384625, 20.669304846153867 ], [ -99.906449184615354, 20.669467123076942 ], [ -99.906595107692311, 20.669791615384604 ], [ -99.9067708, 20.670278599999978 ], [ -99.906916738461518, 20.670603092307744 ], [ -99.906976584615364, 20.670982246153891 ], [ -99.906950199999983, 20.671388969230733 ], [ -99.906866538461514, 20.671850200000019 ], [ -99.906721415384624, 20.671661230769249 ], [ -99.906517723076874, 20.671309923076937 ], [ -99.906254015384619, 20.670552369230734 ], [ -99.905871046153834, 20.669108753846174 ], [ -99.905812384615373, 20.668928353846173 ] ] ] ] } },
{ "type": "Feature", "properties": { "IDBD": 159726, "FC": 6291, "CONDICION": "CUERPO DE AGUA INTERMITENTE" }, "geometry": { "type": "MultiPolygon", "coordinates": [ [ [ [ -99.747218507692281, 20.669227615384624 ], [ -99.747217230769209, 20.668965584615378 ], [ -99.747534430769221, 20.669045538461557 ], [ -99.747764569230739, 20.668990323076944 ], [ -99.747956523076894, 20.668980461538442 ], [ -99.748081246153831, 20.668961846153863 ], [ -99.748225461538425, 20.6690064 ], [ -99.748312184615344, 20.669069276923071 ], [ -99.7482841230769, 20.669223 ], [ -99.748054123076884, 20.669305307692316 ], [ -99.747967907692271, 20.669341830769238 ], [ -99.747824123076882, 20.669387630769197 ], [ -99.7476420307692, 20.669451661538456 ], [ -99.747392553846112, 20.66947984615388 ], [ -99.747219876923054, 20.669507707692329 ], [ -99.747218507692281, 20.669227615384624 ] ] ] ] } },
{ "type": "Feature", "properties": { "IDBD": 159737, "FC": 6292, "CONDICION": "CUERPO DE AGUA PERENNE" }, "geometry": { "type": "MultiPolygon", "coordinates": [ [ [ [ -99.49788347415199, 20.66074292378471 ], [ -99.497941176325384, 20.660604438126288 ], [ -99.498018372436619, 20.660334251736852 ], [ -99.498314851977312, 20.659641253878117 ], [ -99.49866973897737, 20.65903585987812 ], [ -99.498713836025374, 20.658963024847964 ], [ -99.499235727025365, 20.65812799884797 ], [ -99.499377171549156, 20.657921401124081 ], [ -99.499578276467659, 20.657652467369495 ], [ -99.499681325880388, 20.65748987924761 ], [ -99.499731344368826, 20.657403464974433 ], [ -99.499772833125817, 20.657333966676564 ], [ -99.499826763650333, 20.657246335042906 ], [ -99.499921028774523, 20.657061388086479 ], [ -99.500251266851222, 20.656549617977792 ], [ -99.5006093453093, 20.656102019905141 ], [ -99.500509295163994, 20.655851894541904 ], [ -99.500556, 20.655861523076904 ], [ -99.500795676923076, 20.65576143076925 ], [ -99.501006630769183, 20.655688523076911 ], [ -99.501160169230744, 20.655670015384626 ], [ -99.501746430769202, 20.655876138461473 ], [ -99.501938307692285, 20.655839430769198 ], [ -99.502206246153818, 20.655576615384632 ], [ -99.502369353846106, 20.655549030769251 ], [ -99.502648369230741, 20.655737969230746 ], [ -99.503253538461507, 20.655853676923055 ], [ -99.503504553846113, 20.656286661538477 ], [ -99.50378324615383, 20.656376199999979 ], [ -99.503907369230731, 20.656168015384644 ], [ -99.504031738461521, 20.656041153846164 ], [ -99.504376892307633, 20.655904600000031 ], [ -99.504625615384597, 20.655641846153859 ], [ -99.504183646153834, 20.655525661538473 ], [ -99.50433604615381, 20.6551638 ], [ -99.50440235384616, 20.654892523076903 ], [ -99.504892738461507, 20.655135061538402 ], [ -99.505037, 20.655215953846145 ], [ -99.505382153846114, 20.655079415384602 ], [ -99.505564569230742, 20.655087907692302 ], [ -99.50574741538459, 20.655222907692266 ], [ -99.506063599999976, 20.655041276923082 ], [ -99.50635118461534, 20.654913923076904 ], [ -99.506763753846144, 20.654849461538458 ], [ -99.507128061538438, 20.654703830769211 ], [ -99.50728106153845, 20.654522661538458 ], [ -99.507241523076942, 20.654179415384604 ], [ -99.507403815384592, 20.653907861538453 ], [ -99.507634630769189, 20.654033692307706 ], [ -99.507864476923061, 20.653870369230781 ], [ -99.507950338461484, 20.65370747692306 ], [ -99.508287338461514, 20.654013692307721 ], [ -99.508729646153796, 20.654229246153843 ], [ -99.509219384615363, 20.654272984615371 ], [ -99.509660723076877, 20.654199400000017 ], [ -99.510092492307678, 20.654134876923063 ], [ -99.510158969230744, 20.653917815384592 ], [ -99.510186630769212, 20.653574369230771 ], [ -99.510156353846128, 20.653131707692339 ], [ -99.510097492307679, 20.6527523846154 ], [ -99.510000369230724, 20.652418353846148 ], [ -99.509989415384595, 20.652011769230764 ], [ -99.510084, 20.651586815384604 ], [ -99.510131184615361, 20.651342707692322 ], [ -99.510063384615364, 20.6511622 ], [ -99.510062815384615, 20.650990523076924 ], [ -99.510129199999938, 20.650746353846145 ], [ -99.510301861538423, 20.650709707692339 ], [ -99.510676353846122, 20.650744738461523 ], [ -99.510973523076927, 20.650617353846158 ], [ -99.511289661538441, 20.650426676923036 ], [ -99.511327676923059, 20.650309092307666 ], [ -99.511615569230756, 20.650281138461523 ], [ -99.511873815384575, 20.650000261538477 ], [ -99.51186303076922, 20.649647892307691 ], [ -99.512006692307665, 20.649548076923033 ], [ -99.512161276923067, 20.649845800000012 ], [ -99.512496984615368, 20.649763476923074 ], [ -99.512611753846144, 20.64963664615388 ], [ -99.512764061538419, 20.649256692307699 ], [ -99.512937399999942, 20.649418815384617 ], [ -99.512900092307632, 20.649744215384619 ], [ -99.513112646153843, 20.650150184615363 ], [ -99.513314261538426, 20.650158630769269 ], [ -99.513592123076876, 20.650004200000033 ], [ -99.514080661538429, 20.649695523076932 ], [ -99.514349230769184, 20.649631476923094 ], [ -99.514646507692277, 20.649540230769198 ], [ -99.514963984615335, 20.649747107692285 ], [ -99.515271476923076, 20.649836538461571 ], [ -99.515377461538463, 20.649953692307665 ], [ -99.515330138461479, 20.650152615384609 ], [ -99.51553269230763, 20.650441153846156 ], [ -99.515907353846103, 20.650521353846145 ], [ -99.516272123076888, 20.650520276923093 ], [ -99.516501938461516, 20.650347907692336 ], [ -99.516597107692277, 20.650103661538463 ], [ -99.516807615384593, 20.649904230769277 ], [ -99.517056615384575, 20.649731815384644 ], [ -99.517094276923046, 20.649514846153892 ], [ -99.516757907692295, 20.649398384615417 ], [ -99.516911015384593, 20.64925335384612 ], [ -99.517006430769186, 20.649081384615389 ], [ -99.516928646153801, 20.648792476923099 ], [ -99.516803276923028, 20.64862116923074 ], [ -99.516601476923086, 20.648558523076918 ], [ -99.516955984615336, 20.648358676923081 ], [ -99.517060907692283, 20.648159584615421 ], [ -99.517060630769208, 20.648078261538444 ], [ -99.517329615384568, 20.64814070769232 ], [ -99.517502646153801, 20.648212476923092 ], [ -99.517694938461517, 20.648302246153836 ], [ -99.517734384615338, 20.648609353846151 ], [ -99.517936738461529, 20.648834630769183 ], [ -99.5181483076923, 20.648951461538466 ], [ -99.518445246153789, 20.648760830769259 ], [ -99.518770461538452, 20.648416492307714 ], [ -99.519077507692288, 20.648379415384642 ], [ -99.519030138461545, 20.648560276923074 ], [ -99.519319061538425, 20.648839523076919 ], [ -99.519540492307655, 20.64902860000003 ], [ -99.519224353846113, 20.649219307692331 ], [ -99.51893713846151, 20.649446061538441 ], [ -99.518726938461498, 20.649735830769227 ], [ -99.518689184615369, 20.649925707692308 ], [ -99.518814523076912, 20.650087969230817 ], [ -99.51860419999997, 20.650341599999976 ], [ -99.518460661538413, 20.650477569230802 ], [ -99.518345969230751, 20.650622476923072 ], [ -99.518509861538448, 20.650829815384625 ], [ -99.518711784615363, 20.650928600000018 ], [ -99.518960815384588, 20.650765215384627 ], [ -99.519324646153819, 20.650484 ], [ -99.519707923076908, 20.650275030769219 ], [ -99.519938092307669, 20.6502110923077 ], [ -99.520235507692249, 20.65016501538463 ], [ -99.520542476923083, 20.650100830769233 ], [ -99.520983461538449, 20.649927830769226 ], [ -99.521127061538436, 20.649809923076923 ], [ -99.521242092307659, 20.649764399999984 ], [ -99.521137338461529, 20.650008676923076 ], [ -99.521119123076858, 20.650297876923123 ], [ -99.520947461538441, 20.650632723076928 ], [ -99.520756153846108, 20.650832092307709 ], [ -99.52045924615382, 20.651031769230784 ], [ -99.520296646153795, 20.651203938461538 ], [ -99.520306953846159, 20.651411723076926 ], [ -99.52026916923073, 20.651592553846161 ], [ -99.520308030769215, 20.651727969230773 ], [ -99.5205864461538, 20.651736169230741 ], [ -99.520855107692284, 20.6516992153846 ], [ -99.52123881538455, 20.651616738461545 ], [ -99.521861446153821, 20.651226323076941 ], [ -99.522081707692266, 20.65107204615386 ], [ -99.522369199999972, 20.650926599999988 ], [ -99.522532446153789, 20.650944184615337 ], [ -99.5224756, 20.651161215384601 ], [ -99.522437846153778, 20.65135107692311 ], [ -99.522467138461522, 20.651495553846136 ], [ -99.522304846153787, 20.651758092307688 ], [ -99.52223795384613, 20.651848646153844 ], [ -99.522133076923041, 20.652056784615429 ], [ -99.522114461538422, 20.652228523076914 ], [ -99.522239584615363, 20.652327538461542 ], [ -99.522527538461489, 20.652317630769222 ], [ -99.522757692307664, 20.65224464615385 ], [ -99.523102584615359, 20.652044815384578 ], [ -99.523293861538448, 20.651836415384601 ], [ -99.523417984615378, 20.651637246153857 ], [ -99.523638246153823, 20.651482969230791 ], [ -99.523830076923048, 20.651437215384622 ], [ -99.523888384615361, 20.651644861538458 ], [ -99.524110630769215, 20.652068861538464 ], [ -99.524302738461529, 20.65210441538461 ], [ -99.524542538461489, 20.652049476923072 ], [ -99.525060630769175, 20.651966584615391 ], [ -99.52494444615381, 20.651677799999955 ], [ -99.525020661538449, 20.651505876923068 ], [ -99.525308169230769, 20.651369476923104 ], [ -99.525442107692299, 20.651233523076968 ], [ -99.525479538461525, 20.650953307692344 ], [ -99.525536415384607, 20.650745307692304 ], [ -99.525929692307685, 20.650653753846161 ], [ -99.526294153846095, 20.650562292307693 ], [ -99.526524538461501, 20.650561584615382 ], [ -99.526611646153782, 20.650769138461499 ], [ -99.526641353846117, 20.651031092307726 ], [ -99.526651846153825, 20.651293092307707 ], [ -99.526863630769213, 20.651464123076941 ], [ -99.52709441538461, 20.651580876923088 ], [ -99.527258615384596, 20.651869523076925 ], [ -99.527412692307678, 20.652013630769215 ], [ -99.527709569230737, 20.651804892307656 ], [ -99.527872107692289, 20.651614646153853 ], [ -99.528092476923064, 20.651496507692318 ], [ -99.528351076923045, 20.65132404615381 ], [ -99.52854206153846, 20.651034307692331 ], [ -99.528656261538444, 20.650744815384606 ], [ -99.528780276923044, 20.65051853846153 ], [ -99.528885046153803, 20.650283292307677 ], [ -99.529018815384575, 20.650102169230749 ], [ -99.529133815384597, 20.650047600000029 ], [ -99.529411553846145, 20.649857 ], [ -99.530292676923082, 20.649276015384594 ], [ -99.530858, 20.648976092307681 ], [ -99.531663969230777, 20.648865184615349 ], [ -99.532392953846113, 20.64870029230768 ], [ -99.533102476923048, 20.648463169230801 ], [ -99.533370276923051, 20.648182246153848 ], [ -99.533350230769216, 20.647938338461508 ], [ -99.533569630769207, 20.647540092307683 ], [ -99.534220630769212, 20.647041107692303 ], [ -99.534545430769199, 20.646588323076944 ], [ -99.535013353846139, 20.645891123076936 ], [ -99.535377076923041, 20.645591815384655 ], [ -99.535625538461545, 20.64527478461541 ], [ -99.53557690769226, 20.6450942307692 ], [ -99.535403276923034, 20.644850799999961 ], [ -99.534980723076927, 20.644797892307686 ], [ -99.534625661538414, 20.644826107692282 ], [ -99.534087923076882, 20.64477355384615 ], [ -99.533875799999976, 20.644503138461538 ], [ -99.534163584615342, 20.644448030769276 ], [ -99.534662353846144, 20.644338061538452 ], [ -99.534728030769216, 20.643904138461554 ], [ -99.534717, 20.643497569230775 ], [ -99.534552661538456, 20.643163753846149 ], [ -99.53455167692303, 20.642883646153837 ], [ -99.534646338461499, 20.642503861538447 ], [ -99.534703138461524, 20.642277784615363 ], [ -99.534443184615355, 20.642052707692329 ], [ -99.53411584615381, 20.6417736 ], [ -99.533836907692262, 20.641611830769214 ], [ -99.533366292307676, 20.641531953846151 ], [ -99.533289338461501, 20.641487015384612 ], [ -99.533644123076897, 20.641377492307672 ], [ -99.534902799999955, 20.64172598461538 ], [ -99.535517876923052, 20.641940938461509 ], [ -99.535604230769209, 20.641931646153864 ], [ -99.535681030769211, 20.6419314 ], [ -99.535757815384585, 20.641931169230755 ], [ -99.535844169230742, 20.641921861538489 ], [ -99.535920938461516, 20.641912584615383 ], [ -99.535997661538403, 20.641894276923075 ], [ -99.536074384615361, 20.641875969230764 ], [ -99.53617024615383, 20.641839523076918 ], [ -99.5362565076923, 20.641803107692329 ], [ -99.536333184615387, 20.641766738461541 ], [ -99.536371507692266, 20.641748538461538 ], [ -99.536429, 20.641721261538464 ], [ -99.536476969230748, 20.641712076923078 ], [ -99.536553692307677, 20.641693769230741 ], [ -99.536630461538437, 20.641684492307675 ], [ -99.536726384615363, 20.641666123076917 ], [ -99.536812738461478, 20.641656815384618 ], [ -99.536879892307653, 20.641647569230727 ], [ -99.536966230769195, 20.641629230769233 ], [ -99.537023753846114, 20.64161098461534 ], [ -99.5371004153846, 20.6415746 ], [ -99.537167476923045, 20.641538246153871 ], [ -99.537234476923061, 20.641483830769207 ], [ -99.53729189230765, 20.641429430769225 ], [ -99.537339661538439, 20.641366030769284 ], [ -99.537387430769186, 20.641302630769271 ], [ -99.537425630769178, 20.641248307692319 ], [ -99.537483, 20.641184876923095 ], [ -99.537511615384574, 20.641130569230754 ], [ -99.537415661538432, 20.64113990769232 ], [ -99.5373866, 20.641067707692322 ], [ -99.537415184615355, 20.64100436923076 ], [ -99.53742433846152, 20.640877846153856 ], [ -99.5374141076923, 20.640697153846151 ], [ -99.537663353846156, 20.640606030769177 ], [ -99.537873861538458, 20.640415615384619 ], [ -99.537998415384607, 20.640351984615361 ], [ -99.537910246153828, 20.639846246153834 ], [ -99.538245984615372, 20.639781953846182 ], [ -99.538362307692282, 20.64010687692311 ], [ -99.53823024615383, 20.640766907692313 ], [ -99.538287876923064, 20.640775753846199 ], [ -99.538345569230742, 20.640802676923037 ], [ -99.538403276923077, 20.640838646153867 ], [ -99.538480230769224, 20.640883584615402 ], [ -99.538557123076885, 20.64091044615385 ], [ -99.538643630769215, 20.640946323076932 ], [ -99.538710892307691, 20.640964184615381 ], [ -99.538806969230748, 20.640991 ], [ -99.538874199999981, 20.640999815384628 ], [ -99.538960646153825, 20.641017615384637 ], [ -99.539027876923058, 20.641026446153859 ], [ -99.539095092307662, 20.64103527692308 ], [ -99.53915272307691, 20.64104412307691 ], [ -99.539219969230729, 20.641061984615401 ], [ -99.5392872, 20.641070815384619 ], [ -99.539354446153808, 20.641088676923101 ], [ -99.539440907692295, 20.641106476923067 ], [ -99.539508153846114, 20.64112433846153 ], [ -99.539604246153829, 20.641151153846128 ], [ -99.539661892307649, 20.641169046153831 ], [ -99.539757984615377, 20.641195846153856 ], [ -99.539815676923027, 20.641222769230769 ], [ -99.539902184615372, 20.641258646153826 ], [ -99.539959907692278, 20.64129460000003 ], [ -99.540017630769213, 20.641330569230782 ], [ -99.540094553846131, 20.641366476923078 ], [ -99.540142630769196, 20.64139343076922 ], [ -99.5402195846154, 20.641438369230798 ], [ -99.540277276923021, 20.641465292307743 ], [ -99.540344599999983, 20.641501230769236 ], [ -99.540421538461516, 20.64154616923075 ], [ -99.540498461538462, 20.641582061538497 ], [ -99.540575415384581, 20.641627 ], [ -99.5406427384615, 20.641662938461508 ], [ -99.540978661538432, 20.641652846153846 ], [ -99.541410861538438, 20.641723784615365 ], [ -99.54158326153842, 20.64161481538461 ], [ -99.541687107692283, 20.64112655384616 ], [ -99.541792707692267, 20.641126215384613 ], [ -99.541841661538427, 20.641397138461549 ], [ -99.541900076923042, 20.6416318923077 ], [ -99.542159369230717, 20.641667215384622 ], [ -99.542437323076882, 20.641548876923082 ], [ -99.542676492307649, 20.641322230769234 ], [ -99.542695984615349, 20.641403492307663 ], [ -99.542735661538444, 20.64176480000004 ], [ -99.543015184615356, 20.642089200000036 ], [ -99.54357252307689, 20.642259123076965 ], [ -99.544100707692266, 20.642329753846109 ], [ -99.544216384615382, 20.642464923076933 ], [ -99.544437738461525, 20.642626861538506 ], [ -99.544792830769183, 20.64260767692307 ], [ -99.544830230769193, 20.642327446153857 ], [ -99.544771323076887, 20.641957169230746 ], [ -99.544827784615364, 20.641640738461568 ], [ -99.544807876923031, 20.641442015384634 ], [ -99.544711276923053, 20.641270646153828 ], [ -99.544614615384603, 20.641081200000048 ], [ -99.544912984615337, 20.641306153846156 ], [ -99.545163476923051, 20.641567399999968 ], [ -99.5455294, 20.641891523076907 ], [ -99.546154123076889, 20.642115446153873 ], [ -99.546903707692252, 20.642357030769215 ], [ -99.54729719999996, 20.64233772307692 ], [ -99.547507246153799, 20.642020800000019 ], [ -99.547592569230758, 20.641722353846188 ], [ -99.547677876923061, 20.641423907692317 ], [ -99.548033461538424, 20.641540246153838 ], [ -99.548312076923054, 20.641611646153876 ], [ -99.54882139999998, 20.6417726615385 ], [ -99.549301338461518, 20.641771138461504 ], [ -99.549636784615359, 20.641625507692314 ], [ -99.550086953846105, 20.641353 ], [ -99.550489876923038, 20.641288461538487 ], [ -99.551200276923055, 20.641313307692265 ], [ -99.552006969230746, 20.641419153846147 ], [ -99.55259246153841, 20.641408246153809 ], [ -99.55323512307686, 20.64127969230773 ], [ -99.553300969230747, 20.640909015384619 ], [ -99.55342501538459, 20.6407008 ], [ -99.553587461538413, 20.640501492307742 ], [ -99.553712153846107, 20.640473984615369 ], [ -99.553865892307655, 20.640518661538493 ], [ -99.553981799999988, 20.640717076923096 ], [ -99.554040107692288, 20.64091567692309 ], [ -99.554126799999977, 20.640996723076892 ], [ -99.554290261538455, 20.641077523076937 ], [ -99.554635599999969, 20.641013153846135 ], [ -99.55495284615381, 20.641147676923108 ], [ -99.555068753846115, 20.641346092307664 ], [ -99.555645892307666, 20.64167855384617 ], [ -99.55619283076922, 20.641622584615366 ], [ -99.556595292307662, 20.641431538461546 ], [ -99.557437907692247, 20.640859569230777 ], [ -99.5577914461538, 20.640415676923102 ], [ -99.557924830769181, 20.640144169230751 ], [ -99.558222, 20.640034784615388 ], [ -99.558653646153843, 20.639952061538501 ], [ -99.55886409230763, 20.639752600000012 ], [ -99.559334061538436, 20.63965167692308 ], [ -99.559880430769212, 20.6394420923077 ], [ -99.560513830769182, 20.639412923076911 ], [ -99.560936138461486, 20.639402523076956 ], [ -99.561387246153799, 20.639392015384644 ], [ -99.561876707692292, 20.639372353846095 ], [ -99.562193338461526, 20.63933518461538 ], [ -99.562556846153825, 20.638999676923032 ], [ -99.562719769230711, 20.63892686153849 ], [ -99.563007923076881, 20.638980138461548 ], [ -99.563277615384564, 20.639232261538464 ], [ -99.56390198461537, 20.639356723076968 ], [ -99.5645062, 20.639219215384607 ], [ -99.565109784615373, 20.638910015384631 ], [ -99.565463692307645, 20.638574538461551 ], [ -99.565635169230745, 20.638221584615369 ], [ -99.565643461538443, 20.637869169230768 ], [ -99.565661692307657, 20.637607076923103 ], [ -99.565784938461491, 20.637191030769252 ], [ -99.565572538461538, 20.6368574 ], [ -99.565273646153798, 20.636496953846155 ], [ -99.565042507692297, 20.636289892307694 ], [ -99.564849338461514, 20.635965230769248 ], [ -99.564895969230733, 20.635594615384562 ], [ -99.565784676923059, 20.634525492307674 ], [ -99.567134830769234, 20.633653646153817 ], [ -99.568208723076907, 20.633351938461551 ], [ -99.568659307692286, 20.633205876923114 ], [ -99.569542953846138, 20.633365615384626 ], [ -99.5704164307692, 20.633371769230784 ], [ -99.570819446153848, 20.633343323076929 ], [ -99.570992799999956, 20.633496353846144 ], [ -99.571022492307677, 20.633740230769206 ], [ -99.571196046153801, 20.633947476923041 ], [ -99.571484492307675, 20.634082061538489 ], [ -99.571916246153819, 20.634035446153845 ], [ -99.572309584615354, 20.633979923076954 ], [ -99.572635476923054, 20.633861384615365 ], [ -99.572807107692284, 20.633553599999985 ], [ -99.572796584615375, 20.633309676923052 ], [ -99.572786138461524, 20.633083815384627 ], [ -99.572871507692298, 20.632812461538446 ], [ -99.572803076923037, 20.632478369230775 ], [ -99.57261966153844, 20.632198876923031 ], [ -99.572283292307674, 20.632082523076935 ], [ -99.571986246153799, 20.632219046153878 ], [ -99.57164027692302, 20.632102723076905 ], [ -99.571380584615341, 20.631959015384588 ], [ -99.570890953846131, 20.631924492307679 ], [ -99.570496646153828, 20.631717969230774 ], [ -99.569851492307677, 20.631159876923078 ], [ -99.569811615384609, 20.630762446153842 ], [ -99.569964076923057, 20.630463769230772 ], [ -99.570049676923048, 20.63025566153846 ], [ -99.570509876923055, 20.630118600000028 ], [ -99.571613584615363, 20.630096892307716 ], [ -99.572208630769211, 20.630085876923097 ], [ -99.572851261538418, 20.629966292307667 ], [ -99.573484153846138, 20.629810584615377 ], [ -99.573972646153805, 20.62953789230771 ], [ -99.575485430769206, 20.628547953846152 ], [ -99.576270815384603, 20.628111630769197 ], [ -99.576644430769193, 20.627920630769225 ], [ -99.576989707692249, 20.627856230769218 ], [ -99.577401707692246, 20.627665107692277 ], [ -99.577496215384585, 20.62727624615388 ], [ -99.577312600000013, 20.626942553846149 ], [ -99.576975307692265, 20.62658224615387 ], [ -99.576763553846106, 20.626420307692314 ], [ -99.576780969230754, 20.6259504 ], [ -99.576846492307695, 20.625507430769265 ], [ -99.576883830769205, 20.6252272 ], [ -99.576614246153795, 20.625002200000043 ], [ -99.576210938461529, 20.624949338461544 ], [ -99.575874769230751, 20.624887199999975 ], [ -99.575816338461507, 20.624661507692309 ], [ -99.575700446153789, 20.624472138461517 ], [ -99.575219384615352, 20.62415749230771 ], [ -99.574920861538459, 20.623896461538507 ], [ -99.574660984615335, 20.623698538461539 ], [ -99.574305030769196, 20.623473830769257 ], [ -99.57393947692303, 20.623249153846139 ], [ -99.573026415384589, 20.622908815384591 ], [ -99.572363815384605, 20.622811630769256 ], [ -99.57091476923074, 20.622870630769221 ], [ -99.570329415384577, 20.622899676923065 ], [ -99.569839538461508, 20.622792861538482 ], [ -99.569732723076896, 20.622458892307709 ], [ -99.569914369230759, 20.622268538461558 ], [ -99.570547107692292, 20.62207670769229 ], [ -99.571976430769183, 20.621882230769227 ], [ -99.571937492307654, 20.621737784615387 ], [ -99.571735076923048, 20.621503523076914 ], [ -99.571476015384576, 20.621522461538472 ], [ -99.571091876923063, 20.621460476923072 ], [ -99.570582538461508, 20.621281446153802 ], [ -99.570360707692302, 20.620993030769249 ], [ -99.570013661538454, 20.62057853846154 ], [ -99.56935907692305, 20.62005663076928 ], [ -99.568916261538433, 20.619696661538445 ], [ -99.568618538461507, 20.61964341538458 ], [ -99.568253907692267, 20.619662692307706 ], [ -99.568014707692271, 20.619862261538479 ], [ -99.567996384615356, 20.620097246153854 ], [ -99.567949030769199, 20.62026909230773 ], [ -99.567555969230753, 20.620387846153822 ], [ -99.567075630769239, 20.620262923076922 ], [ -99.566691707692286, 20.620255138461566 ], [ -99.566221769230737, 20.620347046153835 ], [ -99.565781246153833, 20.62061052307693 ], [ -99.565445630769219, 20.620692938461552 ], [ -99.564973661538431, 20.620233661538496 ], [ -99.5649150461538, 20.619953753846147 ], [ -99.564913907692244, 20.619646538461541 ], [ -99.565220430769216, 20.619482892307726 ], [ -99.566026676923045, 20.619498323076936 ], [ -99.566966615384558, 20.619332600000025 ], [ -99.567685923076866, 20.619194707692333 ], [ -99.56818444615385, 20.619048492307726 ], [ -99.568798169230789, 20.618910938461536 ], [ -99.569576369230731, 20.619125230769242 ], [ -99.570018553846126, 20.619313523076929 ], [ -99.570327784615387, 20.61988175384618 ], [ -99.570578015384569, 20.620070676923088 ], [ -99.570942353846135, 20.619970076923103 ], [ -99.571124169230728, 20.619824907692326 ], [ -99.571228153846107, 20.619399892307655 ], [ -99.571687369230744, 20.619009830769198 ], [ -99.571782, 20.618648092307694 ], [ -99.571876892307685, 20.618358630769226 ], [ -99.572068030769216, 20.618141138461549 ], [ -99.572834599999936, 20.617813323076891 ], [ -99.572747107692265, 20.617515430769206 ], [ -99.572688307692246, 20.617190338461558 ], [ -99.572725553846112, 20.616883 ], [ -99.572801276923073, 20.616602646153869 ], [ -99.572943784615333, 20.616213630769202 ], [ -99.57313566153843, 20.616194923076954 ], [ -99.57330983076919, 20.616573846153823 ], [ -99.573522584615347, 20.617006861538464 ], [ -99.573697169230726, 20.6174942153846 ], [ -99.573622276923047, 20.618000461538461 ], [ -99.573326630769174, 20.618498399999989 ], [ -99.572953676923035, 20.618861061538485 ], [ -99.572743323076878, 20.619069584615371 ], [ -99.572639646153831, 20.61957592307694 ], [ -99.573082399999961, 20.619917815384603 ], [ -99.573533723076864, 20.619979569230765 ], [ -99.573668323076859, 20.620042369230763 ], [ -99.573881123076873, 20.62048441538462 ], [ -99.573806230769222, 20.620990661538485 ], [ -99.574027415384592, 20.6211074 ], [ -99.574545338461533, 20.6210153230769 ], [ -99.574928876923067, 20.620914646153828 ], [ -99.575687276923048, 20.620966338461532 ], [ -99.57627319999996, 20.621090876923112 ], [ -99.576560784615353, 20.620999569230783 ], [ -99.576836723076894, 20.620366153846156 ], [ -99.577129615384592, 20.619136307692319 ], [ -99.577711676923002, 20.618239830769252 ], [ -99.578562907692287, 20.617459923076915 ], [ -99.579970892307685, 20.616714276923044 ], [ -99.58136255384612, 20.616727661538448 ], [ -99.582717399999979, 20.617156815384611 ], [ -99.583332246153816, 20.617317384615372 ], [ -99.584073707692269, 20.617965446153807 ], [ -99.585448569230763, 20.618602338461582 ], [ -99.58639, 20.61883406153845 ], [ -99.587071661538431, 20.618895 ], [ -99.587629030769207, 20.619082861538466 ], [ -99.588214923076919, 20.619198323076898 ], [ -99.588848415384604, 20.619214246153849 ], [ -99.589260092307669, 20.618950799999986 ], [ -99.589105384615365, 20.618653153846168 ], [ -99.588787692307648, 20.618401246153823 ], [ -99.58908413846153, 20.618120123076896 ], [ -99.589947092307682, 20.617909353846152 ], [ -99.590425107692283, 20.617428830769214 ], [ -99.590930584615379, 20.616604861538455 ], [ -99.591351923076914, 20.616359461538458 ], [ -99.59214761538459, 20.616130830769272 ], [ -99.592731676923037, 20.615776446153816 ], [ -99.592931599999929, 20.615360123076908 ], [ -99.593006215384591, 20.614799646153855 ], [ -99.59286859999996, 20.6139598 ], [ -99.592664892307681, 20.61340029230773 ], [ -99.592162953846142, 20.612652046153887 ], [ -99.591854076923056, 20.612192276923064 ], [ -99.591785753846139, 20.611894338461536 ], [ -99.59191901538459, 20.611613769230772 ], [ -99.591774015384573, 20.611343200000025 ], [ -99.591524261538424, 20.611280800000038 ], [ -99.590996676923055, 20.611345861538464 ], [ -99.590507830769198, 20.611501138461545 ], [ -99.589989538461509, 20.611484830769221 ], [ -99.589692169230759, 20.611522 ], [ -99.589586461538417, 20.611486215384641 ], [ -99.589509138461494, 20.611341907692289 ], [ -99.589757676923099, 20.611088061538428 ], [ -99.590657753846131, 20.610560907692324 ], [ -99.590897430769203, 20.610496846153893 ], [ -99.590963907692284, 20.610315907692328 ], [ -99.590618153846123, 20.610244800000043 ], [ -99.590175615384609, 20.609966200000049 ], [ -99.59003055384612, 20.609677553846161 ], [ -99.589616815384559, 20.609398861538441 ], [ -99.58926139999997, 20.609309723076937 ], [ -99.589270123076915, 20.6090838 ], [ -99.589807507692285, 20.609072923076962 ], [ -99.590460815384603, 20.609260446153829 ], [ -99.5911427384615, 20.609402692307675 ], [ -99.591777261538383, 20.609698692307717 ], [ -99.5920844, 20.609706676923064 ], [ -99.592266384615357, 20.609615692307674 ], [ -99.592562692307638, 20.609307461538474 ], [ -99.592667492307683, 20.609108323076953 ], [ -99.592667415384568, 20.609090246153862 ], [ -99.5930412, 20.608962476923075 ], [ -99.593500938461503, 20.608725969230782 ], [ -99.593682461538435, 20.608517523076898 ], [ -99.593623769230774, 20.608228584615379 ], [ -99.593479015384574, 20.608021261538482 ], [ -99.593468184615375, 20.607705046153871 ], [ -99.593668461538428, 20.607379076923063 ], [ -99.593925984615353, 20.606971584615437 ], [ -99.593704646153824, 20.606809692307685 ], [ -99.593425676923076, 20.606638984615405 ], [ -99.593251953846135, 20.606386569230775 ], [ -99.593058030769214, 20.605872200000015 ], [ -99.592922846153826, 20.605655815384594 ], [ -99.59279743076921, 20.605484569230775 ], [ -99.592595138461505, 20.605286476923055 ], [ -99.592545230769204, 20.604789676923062 ], [ -99.592543446153854, 20.604328861538431 ], [ -99.592078461538406, 20.603201 ], [ -99.591970907692314, 20.602686323076927 ], [ -99.591768523076922, 20.602461123076942 ], [ -99.591489907692264, 20.602380753846152 ], [ -99.591422384615342, 20.602290630769264 ], [ -99.591345061538405, 20.602146323076955 ], [ -99.591546199999982, 20.602046246153879 ], [ -99.591707630769235, 20.601602938461564 ], [ -99.591610861538442, 20.601395461538509 ], [ -99.591188353846107, 20.601324615384634 ], [ -99.590717261538416, 20.601100338461546 ], [ -99.590313323076899, 20.600866784615413 ], [ -99.590244753846093, 20.60050558461543 ], [ -99.590137246153802, 20.599999953846201 ], [ -99.590223030769224, 20.599846061538482 ], [ -99.590455661538414, 20.600450661538488 ], [ -99.590802415384573, 20.600783784615377 ], [ -99.591301799999968, 20.600881476923064 ], [ -99.592087461538412, 20.600562538461546 ], [ -99.592498184615351, 20.60006416923078 ], [ -99.592689153846123, 20.599819553846125 ], [ -99.59289012307687, 20.599674292307672 ], [ -99.593082323076899, 20.599745923076973 ], [ -99.593236969230745, 20.600034523076904 ], [ -99.593372646153824, 20.600377415384596 ], [ -99.593248953846171, 20.600648923076939 ], [ -99.593000153846106, 20.600830476923093 ], [ -99.592856907692251, 20.601011692307708 ], [ -99.592876830769214, 20.601201369230797 ], [ -99.593031553846117, 20.601508061538436 ], [ -99.593032184615396, 20.60167069230765 ], [ -99.592841338461525, 20.601951461538484 ], [ -99.592775430769166, 20.602276969230765 ], [ -99.592949276923036, 20.60256550769229 ], [ -99.593151646153828, 20.602781676923069 ], [ -99.593152723076912, 20.603061784615434 ], [ -99.593038476923041, 20.603297092307695 ], [ -99.593212230769211, 20.603558538461556 ], [ -99.593194815384606, 20.604019415384631 ], [ -99.593388738461513, 20.604533784615398 ], [ -99.593726076923062, 20.604912123076939 ], [ -99.5940722461538, 20.605091661538403 ], [ -99.59418786153843, 20.605208723076924 ], [ -99.594188876923084, 20.605470753846177 ], [ -99.594400707692301, 20.605650738461545 ], [ -99.594986399999968, 20.605730046153841 ], [ -99.595370369230722, 20.605755830769237 ], [ -99.595639738461529, 20.605926584615364 ], [ -99.595890538461475, 20.606260030769196 ], [ -99.596016769230744, 20.606639107692342 ], [ -99.596017692307669, 20.606874030769184 ], [ -99.595855430769191, 20.607100476923069 ], [ -99.595645076923063, 20.607299984615405 ], [ -99.595837292307678, 20.607371615384629 ], [ -99.5961732, 20.607379492307693 ], [ -99.59642201538459, 20.607197923076896 ], [ -99.596478323076909, 20.606872430769261 ], [ -99.596697738461529, 20.606537353846171 ], [ -99.597224846153836, 20.606354830769249 ], [ -99.597560153846118, 20.606209092307679 ], [ -99.597799092307653, 20.605955276923098 ], [ -99.597884615384544, 20.605738123076904 ], [ -99.598123707692281, 20.605529476923088 ], [ -99.598363553846127, 20.605510569230795 ], [ -99.598517523076893, 20.605618461538473 ], [ -99.599277261538418, 20.606031476923079 ], [ -99.599709846153814, 20.606219723076919 ], [ -99.599949507692273, 20.606155646153823 ], [ -99.600294276923023, 20.605973738461515 ], [ -99.600398923076881, 20.605738446153875 ], [ -99.600359969230766, 20.605594 ], [ -99.600253738461518, 20.60542269230772 ], [ -99.600483661538433, 20.605322507692289 ], [ -99.600885076923035, 20.604905476923044 ], [ -99.601076230769195, 20.604706015384622 ], [ -99.601133415384609, 20.604606430769223 ], [ -99.601355523076876, 20.604958046153879 ], [ -99.601461969230726, 20.605183569230768 ], [ -99.601492138461481, 20.60553586153847 ], [ -99.601684846153773, 20.605733969230762 ], [ -99.602251138461526, 20.605759107692307 ], [ -99.60265352307691, 20.605586030769228 ], [ -99.602690692307675, 20.605278692307682 ], [ -99.602421030769221, 20.605035661538452 ], [ -99.602362430769219, 20.604773830769219 ], [ -99.602707399999943, 20.60464612307694 ], [ -99.603129646153818, 20.604644661538455 ], [ -99.60357036923071, 20.604462400000045 ], [ -99.603935707692244, 20.6046328 ], [ -99.604415707692269, 20.604676307692277 ], [ -99.605424615384564, 20.604998061538478 ], [ -99.606107307692284, 20.605339030769272 ], [ -99.60661613846149, 20.605391461538439 ], [ -99.606701892307683, 20.605237553846123 ], [ -99.606624199999985, 20.605002892307716 ], [ -99.606748092307683, 20.60478560000001 ], [ -99.607034692307636, 20.604459307692277 ], [ -99.607177738461488, 20.604232923076896 ], [ -99.607224799999955, 20.603997830769174 ], [ -99.607319476923053, 20.603672215384609 ], [ -99.607500615384595, 20.6033734 ], [ -99.607441784615361, 20.603057353846168 ], [ -99.607478846153825, 20.602722907692335 ], [ -99.607554538461528, 20.602451569230752 ], [ -99.607869430769213, 20.601998676923056 ], [ -99.607993353846112, 20.601790415384645 ], [ -99.607886584615343, 20.601483584615419 ], [ -99.607703461538463, 20.601285446153845 ], [ -99.607751338461497, 20.601258169230807 ], [ -99.60817295384615, 20.601103076923089 ], [ -99.60847061538459, 20.6011472 ], [ -99.608469861538467, 20.600957461538449 ], [ -99.608468723076896, 20.600668323076942 ], [ -99.608563646153797, 20.600405953846167 ], [ -99.608687923076886, 20.600288046153846 ], [ -99.608485369230777, 20.60002672307693 ], [ -99.60845583076923, 20.599837076923073 ], [ -99.608925353846118, 20.59966375384618 ], [ -99.609328061538449, 20.59958101538459 ], [ -99.609777892307676, 20.599281246153861 ], [ -99.610006830769194, 20.598937092307736 ], [ -99.610082338461524, 20.598620569230736 ], [ -99.610273323076868, 20.598384969230771 ], [ -99.610455969230756, 20.598465646153855 ], [ -99.610600630769184, 20.598645846153847 ], [ -99.610869892307676, 20.598789476923059 ], [ -99.611119538461509, 20.598824738461538 ], [ -99.611435230769203, 20.598579646153848 ], [ -99.611386, 20.598263584615385 ], [ -99.611241799999974, 20.598200830769233 ], [ -99.6112602, 20.598001984615379 ], [ -99.611248630769211, 20.597505061538488 ], [ -99.611492461538447, 20.596085599999974 ], [ -99.611566523076874, 20.595407661538434 ], [ -99.612196753846106, 20.59462836923074 ], [ -99.612042569230724, 20.594466261538482 ], [ -99.611764107692267, 20.594422076923102 ], [ -99.611322276923019, 20.594315215384636 ], [ -99.611225769230742, 20.594180015384634 ], [ -99.611743984615345, 20.594187215384597 ], [ -99.612645584615379, 20.594084630769224 ], [ -99.613240261538436, 20.594019276923085 ], [ -99.613767492307673, 20.593881876923067 ], [ -99.614371, 20.593626738461566 ], [ -99.614677630769194, 20.593517215384647 ], [ -99.614889492307697, 20.593706215384628 ], [ -99.615322030769221, 20.593885384615369 ], [ -99.615993323076907, 20.593783599999973 ], [ -99.616862753846107, 20.59284079999998 ], [ -99.617369246153828, 20.59232395384614 ], [ -99.617951661538427, 20.591599015384617 ], [ -99.618591907692263, 20.590937123076902 ], [ -99.618648784615388, 20.590765246153843 ], [ -99.618638830769186, 20.590674923076953 ], [ -99.618820815384638, 20.590592953846119 ], [ -99.619013276923042, 20.590727799999975 ], [ -99.61936812307691, 20.590681353846136 ], [ -99.61956875384611, 20.590463784615416 ], [ -99.619722092307654, 20.590418046153825 ], [ -99.619799415384591, 20.590553307692304 ], [ -99.620030507692277, 20.590751261538433 ], [ -99.620347307692256, 20.590786276923108 ], [ -99.622341369230725, 20.590336369230723 ], [ -99.622456261538417, 20.590272692307696 ], [ -99.622522615384582, 20.590073676923062 ], [ -99.622628492307683, 20.590154615384634 ], [ -99.62296526153844, 20.590379292307681 ], [ -99.623204923076898, 20.590324215384655 ], [ -99.62355849230768, 20.589961523076919 ], [ -99.623845030769203, 20.589635199999964 ], [ -99.624264938461508, 20.589073476923105 ], [ -99.624321415384586, 20.588802200000028 ], [ -99.624202815384621, 20.587953276923095 ], [ -99.624201892307681, 20.587727384615345 ], [ -99.624056276923071, 20.587312276923083 ], [ -99.624017338461485, 20.587176876923071 ], [ -99.624208799999963, 20.587067753846171 ], [ -99.624476707692281, 20.586877046153813 ], [ -99.624351076923062, 20.586660630769252 ], [ -99.624235246153845, 20.586489384615373 ], [ -99.624367692307658, 20.586028076923082 ], [ -99.624414276923062, 20.585684553846143 ], [ -99.624479599999987, 20.585232538461558 ], [ -99.624246415384576, 20.584519553846139 ], [ -99.624167815384624, 20.584068061538453 ], [ -99.624319030769186, 20.583498261538441 ], [ -99.624394492307644, 20.583181738461548 ], [ -99.624537138461491, 20.58286498461538 ], [ -99.624707461538449, 20.582277046153866 ], [ -99.625051184615359, 20.581860169230765 ], [ -99.625643784615349, 20.581297815384616 ], [ -99.626084599999956, 20.581160676923055 ], [ -99.626506584615356, 20.581113969230771 ], [ -99.626917430769211, 20.580687815384628 ], [ -99.627270846153806, 20.580298 ], [ -99.627394846153805, 20.580116830769253 ], [ -99.627095338461544, 20.579611923076943 ], [ -99.626882153846125, 20.579097661538476 ], [ -99.626919646153851, 20.578880661538459 ], [ -99.627236707692262, 20.578987953846184 ], [ -99.627766338461512, 20.579455876923085 ], [ -99.628026630769213, 20.57975312307693 ], [ -99.628181615384591, 20.580113984615416 ], [ -99.628432153846106, 20.58037510769233 ], [ -99.628500169230719, 20.580582676923104 ], [ -99.628290153846137, 20.58084547692312 ], [ -99.627399646153833, 20.581291461538459 ], [ -99.627007769230744, 20.581663338461535 ], [ -99.626511123076881, 20.58222535384613 ], [ -99.625947199999985, 20.582760492307671 ], [ -99.625467923076883, 20.582879692307682 ], [ -99.625276938461496, 20.583106276923083 ], [ -99.625049015384562, 20.583685384615414 ], [ -99.624993369230722, 20.584155430769268 ], [ -99.625051492307691, 20.584290753846151 ], [ -99.624956338461516, 20.58448989230773 ], [ -99.625130092307671, 20.584742261538473 ], [ -99.625276876923081, 20.585446507692282 ], [ -99.625268953846131, 20.585853153846145 ], [ -99.625482353846124, 20.586421630769237 ], [ -99.625416923076898, 20.58684653846155 ], [ -99.625542738461519, 20.587108123076941 ], [ -99.625726107692316, 20.58736949230773 ], [ -99.625842323076895, 20.587631107692303 ], [ -99.625881953846118, 20.587938169230771 ], [ -99.625701923076903, 20.588499030769267 ], [ -99.625520323076884, 20.588671369230799 ], [ -99.625444369230721, 20.588870430769248 ], [ -99.625397599999971, 20.58916876923081 ], [ -99.625351584615373, 20.589647830769213 ], [ -99.625649892307678, 20.589854569230791 ], [ -99.625861323076876, 20.589935138461538 ], [ -99.625593707692246, 20.590198138461513 ], [ -99.625181738461535, 20.590353230769232 ], [ -99.62498986153841, 20.590362953846181 ], [ -99.624895384615343, 20.590724723076931 ], [ -99.624503323076908, 20.591060461538508 ], [ -99.623851861538427, 20.591315815384586 ], [ -99.623383046153819, 20.591651815384637 ], [ -99.622779030769223, 20.591780492307731 ], [ -99.622097938461479, 20.59182812307693 ], [ -99.621608630769202, 20.59184795384618 ], [ -99.621455692307663, 20.591993076923082 ], [ -99.621965323076893, 20.592253276923078 ], [ -99.622358846153816, 20.592278969230762 ], [ -99.622704138461501, 20.592241584615415 ], [ -99.623472338461497, 20.592374353846168 ], [ -99.623799292307638, 20.592544846153871 ], [ -99.624212076923058, 20.592588538461552 ], [ -99.624767707692286, 20.592360646153864 ], [ -99.625353261538436, 20.592412738461594 ], [ -99.625920384615355, 20.592654661538468 ], [ -99.626256861538451, 20.592807046153844 ], [ -99.626448215384585, 20.592670815384562 ], [ -99.626639476923089, 20.592507476923096 ], [ -99.626955938461549, 20.592461153846134 ], [ -99.627368923076872, 20.59255001538461 ], [ -99.627608446153786, 20.592458784615381 ], [ -99.628001492307646, 20.592367 ], [ -99.628346492307656, 20.59225732307689 ], [ -99.628519430769202, 20.592310907692241 ], [ -99.628356676923062, 20.592401861538512 ], [ -99.627993738461498, 20.592818815384621 ], [ -99.627725430769189, 20.592910153846159 ], [ -99.627457307692254, 20.593046661538427 ], [ -99.627102538461529, 20.593111184615392 ], [ -99.626958384615335, 20.593057507692318 ], [ -99.626796430769176, 20.593347230769226 ], [ -99.626643569230779, 20.593510430769232 ], [ -99.626260584615338, 20.593719630769247 ], [ -99.625819261538425, 20.593739292307703 ], [ -99.625579, 20.593649815384659 ], [ -99.62541698461537, 20.59392146153845 ], [ -99.625523707692295, 20.5942102307692 ], [ -99.625926923076904, 20.594253938461534 ], [ -99.626320307692254, 20.594243476923044 ], [ -99.626963369230708, 20.594277292307691 ], [ -99.62721376923075, 20.594502276923052 ], [ -99.627022446153831, 20.594647538461569 ], [ -99.62657196923071, 20.594775676923078 ], [ -99.626246523076901, 20.594975646153856 ], [ -99.625661446153785, 20.595041 ], [ -99.625286584615353, 20.594888753846142 ], [ -99.62500870769226, 20.594989153846129 ], [ -99.624674107692272, 20.595297569230784 ], [ -99.623995599999986, 20.595986738461516 ], [ -99.623374338461517, 20.59659436923075 ], [ -99.623174553846141, 20.597019753846158 ], [ -99.62323355384612, 20.597371938461553 ], [ -99.623368707692251, 20.597570230769254 ], [ -99.62320709230768, 20.597941276923095 ], [ -99.623343015384592, 20.598329323076911 ], [ -99.623692584615341, 20.599340061538445 ], [ -99.62450218461538, 20.600204553846122 ], [ -99.625176184615341, 20.600762338461553 ], [ -99.625493492307697, 20.6009148 ], [ -99.626098661538421, 20.60106621538462 ], [ -99.626530784615341, 20.601136938461515 ], [ -99.627473061538453, 20.6015852923077 ], [ -99.62832863076919, 20.60195266153849 ], [ -99.628905153846105, 20.602131276923028 ], [ -99.629845984615358, 20.602227246153809 ], [ -99.630393107692257, 20.602261384615339 ], [ -99.631286415384565, 20.602465953846146 ], [ -99.632065092307698, 20.602797430769243 ], [ -99.632902015384587, 20.603291323076924 ], [ -99.633634830769182, 20.604137984615388 ], [ -99.634252138461505, 20.604894723076935 ], [ -99.634906892307669, 20.605425415384637 ], [ -99.635184861538448, 20.605343076923116 ], [ -99.636076646153825, 20.60517715384616 ], [ -99.637409492307683, 20.604919246153852 ], [ -99.637965399999956, 20.604754569230778 ], [ -99.638300446153821, 20.604554538461517 ], [ -99.638827569230742, 20.604389953846173 ], [ -99.640093861538418, 20.6042858769231 ], [ -99.640459015384565, 20.604401984615421 ], [ -99.640584323076908, 20.604537061538498 ], [ -99.64006643076921, 20.604611261538498 ], [ -99.639126446153824, 20.60472316923078 ], [ -99.638829030769202, 20.604742338461538 ], [ -99.638532753846121, 20.605032569230783 ], [ -99.638197815384615, 20.605259707692312 ], [ -99.637613569230751, 20.605532923076932 ], [ -99.637306938461506, 20.605642476923077 ], [ -99.636913446153798, 20.60563489230767 ], [ -99.636539553846092, 20.605726630769208 ], [ -99.635667338461531, 20.605982830769218 ], [ -99.635850830769201, 20.606262261538465 ], [ -99.63577476923075, 20.606434230769253 ], [ -99.635572938461493, 20.606362676923077 ], [ -99.635419215384587, 20.606318061538442 ], [ -99.634449076923076, 20.606104769230786 ], [ -99.634007261538443, 20.606016046153865 ], [ -99.633833292307642, 20.60571850769232 ], [ -99.633707384615349, 20.605438861538484 ], [ -99.633370399999976, 20.605169030769233 ], [ -99.633118692307633, 20.60463684615382 ], [ -99.632780984615366, 20.604195338461519 ], [ -99.631568646153795, 20.603422692307689 ], [ -99.631069307692286, 20.603343199999951 ], [ -99.630589307692262, 20.603299769230798 ], [ -99.629994015384582, 20.603220615384632 ], [ -99.629312338461517, 20.603141784615413 ], [ -99.628803153846135, 20.602999061538444 ], [ -99.628255784615334, 20.602910692307706 ], [ -99.627621692307656, 20.602732292307685 ], [ -99.626545338461497, 20.602347661538467 ], [ -99.626036030769214, 20.602177830769222 ], [ -99.62572855384613, 20.602079538461531 ], [ -99.625190384615323, 20.60189173846155 ], [ -99.624728153846149, 20.601495846153863 ], [ -99.624064876923029, 20.601218138461562 ], [ -99.623670107692249, 20.600894276923086 ], [ -99.623439076923034, 20.6007144 ], [ -99.623293984615344, 20.600434815384645 ], [ -99.623072615384586, 20.600272969230758 ], [ -99.62286063076921, 20.60005687692308 ], [ -99.622657646153797, 20.599696184615368 ], [ -99.62221416923073, 20.599191784615428 ], [ -99.622087630769215, 20.598749492307714 ], [ -99.621835338461509, 20.598063676923061 ], [ -99.621746707692296, 20.597503784615395 ], [ -99.621859476923021, 20.59691606153843 ], [ -99.621876476923035, 20.596373861538464 ], [ -99.62219181538461, 20.596047446153868 ], [ -99.622411230769174, 20.59573041538459 ], [ -99.622649692307675, 20.595377153846151 ], [ -99.622983938461545, 20.594978384615381 ], [ -99.622887138461536, 20.594770907692286 ], [ -99.622828753846107, 20.594572338461532 ], [ -99.62302, 20.594409015384596 ], [ -99.622769815384586, 20.594238230769268 ], [ -99.622424784615347, 20.594338861538471 ], [ -99.621983738461537, 20.594430815384626 ], [ -99.621694923076888, 20.594196923076936 ], [ -99.621378292307639, 20.59420709230767 ], [ -99.6209846153846, 20.594145261538472 ], [ -99.620705246153832, 20.593875184615396 ], [ -99.620550830769233, 20.593658892307694 ], [ -99.620386323076914, 20.593316123076903 ], [ -99.620077430769214, 20.592865446153848 ], [ -99.619932553846112, 20.59263103076923 ], [ -99.619739323076914, 20.592306446153884 ], [ -99.619577323076896, 20.592587138461521 ], [ -99.619550076923019, 20.592966723076934 ], [ -99.619408292307654, 20.593500338461535 ], [ -99.619408846153831, 20.593635876923091 ], [ -99.61922689230768, 20.593726876923139 ], [ -99.618737507692302, 20.593728630769235 ], [ -99.618315876923049, 20.593874707692322 ], [ -99.61768384615381, 20.594193215384596 ], [ -99.617406584615352, 20.594447199999937 ], [ -99.617253784615357, 20.594628461538484 ], [ -99.617245461538459, 20.59494473846155 ], [ -99.617227092307687, 20.595152630769238 ], [ -99.617055061538437, 20.595324923076923 ], [ -99.616680538461495, 20.595253969230807 ], [ -99.61642138461535, 20.595236830769238 ], [ -99.615980630769201, 20.595401030769271 ], [ -99.615577753846125, 20.595438615384595 ], [ -99.614848476923044, 20.5954412 ], [ -99.614311323076876, 20.59549732307698 ], [ -99.613754907692268, 20.595535446153828 ], [ -99.613295353846141, 20.595799107692301 ], [ -99.613182553846144, 20.596386830769237 ], [ -99.613203415384604, 20.5968024 ], [ -99.613608461538433, 20.597306953846122 ], [ -99.614012323076906, 20.597513353846125 ], [ -99.614204599999979, 20.597603015384578 ], [ -99.614205153846129, 20.597738553846145 ], [ -99.613889569230736, 20.598010753846111 ], [ -99.613909661538457, 20.598236569230799 ], [ -99.614313446153815, 20.598424876923087 ], [ -99.614419553846119, 20.598560046153871 ], [ -99.61401673846153, 20.598615692307721 ], [ -99.61373996923075, 20.598996169230791 ], [ -99.613636615384607, 20.599547707692306 ], [ -99.613752646153799, 20.599764153846166 ], [ -99.613791569230727, 20.599899553846136 ], [ -99.613533415384595, 20.6001354 ], [ -99.613592692307677, 20.600559861538439 ], [ -99.613574338461532, 20.600767753846139 ], [ -99.613171430769185, 20.600805323076962 ], [ -99.612902415384568, 20.600724953846157 ], [ -99.612623369230761, 20.600536184615358 ], [ -99.612259476923029, 20.60072723076923 ], [ -99.612020046153816, 20.600845538461567 ], [ -99.611684215384557, 20.600855769230801 ], [ -99.611338569230753, 20.6008118 ], [ -99.610886876923033, 20.600641723076947 ], [ -99.610387769230769, 20.600616384615371 ], [ -99.610205830769203, 20.600716415384667 ], [ -99.609947461538411, 20.600898046153841 ], [ -99.609976646153811, 20.600997323076903 ], [ -99.610121046153822, 20.601114276923127 ], [ -99.610160446153799, 20.601367138461566 ], [ -99.609863892307644, 20.601603123076934 ], [ -99.609624815384578, 20.6018117846154 ], [ -99.609645338461519, 20.602146030769237 ], [ -99.609617923076897, 20.602489476923108 ], [ -99.609417584615372, 20.602788369230787 ], [ -99.609293369230741, 20.602924338461555 ], [ -99.609064276923078, 20.60323235384617 ], [ -99.608873723076883, 20.603576384615376 ], [ -99.608874261538432, 20.603711923076943 ], [ -99.608847584615376, 20.604245123076929 ], [ -99.60887849230771, 20.604778107692301 ], [ -99.608956015384621, 20.604967584615434 ], [ -99.609379153846135, 20.605191984615416 ], [ -99.609495538461516, 20.605498800000035 ], [ -99.609409553846135, 20.605598492307674 ], [ -99.609064769230756, 20.605771384615402 ], [ -99.609209369230726, 20.605933523076938 ], [ -99.609738276923025, 20.606211753846154 ], [ -99.61026716923071, 20.606480953846109 ], [ -99.610564953846136, 20.606552199999975 ], [ -99.610757061538436, 20.606596692307711 ], [ -99.610776861538426, 20.606750230769258 ], [ -99.610912076923029, 20.6069666153846 ], [ -99.610980184615386, 20.607201292307714 ], [ -99.611211630769191, 20.60748058461537 ], [ -99.610992338461514, 20.607842784615386 ], [ -99.610570523076916, 20.607952707692309 ], [ -99.610484692307651, 20.608088538461526 ], [ -99.610544646153798, 20.608684692307701 ], [ -99.610718753846129, 20.60902743076926 ], [ -99.61112229230767, 20.609143461538437 ], [ -99.6113718, 20.609142584615359 ], [ -99.611564461538421, 20.60932261538461 ], [ -99.611737923076888, 20.609502707692311 ], [ -99.611920723076921, 20.609619523076926 ], [ -99.6121228, 20.609754353846157 ], [ -99.612162046153799, 20.609971061538481 ], [ -99.61265263076919, 20.610258476923072 ], [ -99.613162461538437, 20.610554846153878 ], [ -99.613614553846105, 20.610815276923077 ], [ -99.613915015384606, 20.611555123076961 ], [ -99.614126723076893, 20.61169895384614 ], [ -99.614511107692294, 20.611824076923096 ], [ -99.614674, 20.611760246153857 ], [ -99.614807123076886, 20.611452569230789 ], [ -99.614844092307649, 20.61110004615384 ], [ -99.61493973846153, 20.611018384615377 ], [ -99.61518918461536, 20.610999415384612 ], [ -99.615554615384553, 20.611187876923122 ], [ -99.615785599999967, 20.61134969230767 ], [ -99.616083353846136, 20.611411876923043 ], [ -99.61637155384615, 20.611483138461544 ], [ -99.61615166153841, 20.611691738461516 ], [ -99.615979461538444, 20.611827892307698 ], [ -99.615855430769187, 20.612009046153844 ], [ -99.615681738461504, 20.611774738461552 ], [ -99.615402738461498, 20.61160404615384 ], [ -99.615365261538429, 20.611830076923059 ], [ -99.61542309230768, 20.611893123076911 ], [ -99.615500415384588, 20.612028384615378 ], [ -99.615615830769215, 20.612091215384588 ], [ -99.615807876923057, 20.612117646153877 ], [ -99.616047938461492, 20.612152923076895 ], [ -99.615895153846139, 20.612343215384616 ], [ -99.615848015384572, 20.612551215384606 ], [ -99.615973538461532, 20.612740507692298 ], [ -99.616290261538467, 20.612748415384605 ], [ -99.616482492307682, 20.612820015384617 ], [ -99.61680976923077, 20.613062815384641 ], [ -99.617030784615366, 20.613134307692331 ], [ -99.617108723076896, 20.613423169230764 ], [ -99.617062199999978, 20.613784769230737 ], [ -99.617006184615349, 20.614173492307696 ], [ -99.616824199999954, 20.614264507692319 ], [ -99.616777707692293, 20.614635138461562 ], [ -99.617114292307662, 20.61480561538464 ], [ -99.617077261538441, 20.615140061538497 ], [ -99.617001646153824, 20.615429476923087 ], [ -99.616954415384598, 20.615619384615378 ], [ -99.617175153846105, 20.61561859999998 ], [ -99.617423369230721, 20.61529243076923 ], [ -99.617527738461504, 20.614993876923037 ], [ -99.617613446153854, 20.614830938461559 ], [ -99.617497230769175, 20.614569307692307 ], [ -99.617650123076913, 20.614406123076943 ], [ -99.618033969230765, 20.614395723076925 ], [ -99.618399169230713, 20.61452090769232 ], [ -99.618649599999955, 20.61474590769236 ], [ -99.618784753846157, 20.614944200000014 ], [ -99.618641169230756, 20.615035076923096 ], [ -99.618409784615352, 20.614773876923095 ], [ -99.618245861538441, 20.614584707692313 ], [ -99.618074215384581, 20.6148564 ], [ -99.618075338461509, 20.615136492307663 ], [ -99.6180094, 20.615443938461528 ], [ -99.617665153846104, 20.615752384615384 ], [ -99.6174641230769, 20.6158796 ], [ -99.616975584615346, 20.616107246153813 ], [ -99.616591738461508, 20.616117646153882 ], [ -99.616331738461511, 20.615901723076931 ], [ -99.616349769230695, 20.615612507692298 ], [ -99.61655026153845, 20.615349753846157 ], [ -99.61664527692308, 20.615114492307686 ], [ -99.616519938461522, 20.614970369230743 ], [ -99.616288261538415, 20.614636876923054 ], [ -99.6160952, 20.614357461538468 ], [ -99.615940338461527, 20.61403272307691 ], [ -99.615977523076864, 20.613734415384592 ], [ -99.616130138461486, 20.613498953846165 ], [ -99.616005076923074, 20.61342710769231 ], [ -99.615620984615362, 20.613374261538439 ], [ -99.615159861538402, 20.61325844615385 ], [ -99.615015076923015, 20.613051138461579 ], [ -99.614620661538439, 20.612817615384621 ], [ -99.614437815384591, 20.612691769230761 ], [ -99.614149646153834, 20.61262953846153 ], [ -99.613967492307651, 20.612675369230793 ], [ -99.613506153846117, 20.612505323076938 ], [ -99.61313096923071, 20.612280769230779 ], [ -99.612995707692264, 20.612055353846181 ], [ -99.612927276923074, 20.611739353846147 ], [ -99.612743446153786, 20.611369538461581 ], [ -99.612435307692294, 20.611108600000019 ], [ -99.611887061538397, 20.610803323076915 ], [ -99.611252769230731, 20.610579676923077 ], [ -99.61096390769228, 20.610336738461573 ], [ -99.610570215384598, 20.61028390769231 ], [ -99.610331846153841, 20.610673292307705 ], [ -99.610449415384565, 20.611278261538459 ], [ -99.610037446153839, 20.611451384615378 ], [ -99.609617415384619, 20.612013092307684 ], [ -99.609465876923053, 20.612519615384645 ], [ -99.609301538461509, 20.612222015384614 ], [ -99.609290799999954, 20.611932923076878 ], [ -99.608821307692281, 20.612124323076916 ], [ -99.60854378461535, 20.612324076923091 ], [ -99.608553876923054, 20.612450538461584 ], [ -99.608420430769215, 20.612676907692332 ], [ -99.608264399999982, 20.612054 ], [ -99.608262969230736, 20.611692569230748 ], [ -99.60788836923075, 20.611612569230793 ], [ -99.607695784615373, 20.611450599999966 ], [ -99.607236353846119, 20.611759430769215 ], [ -99.606747415384618, 20.611887646153829 ], [ -99.606575, 20.611969569230769 ], [ -99.606171430769209, 20.611844492307682 ], [ -99.606006846153818, 20.61148364615385 ], [ -99.605450230769193, 20.611485584615437 ], [ -99.604730584615353, 20.611515215384635 ], [ -99.604240107692277, 20.611254892307667 ], [ -99.603779076923061, 20.611157123076897 ], [ -99.603202938461536, 20.6110778 ], [ -99.602934661538413, 20.611187169230757 ], [ -99.603012569230714, 20.611476046153836 ], [ -99.603387846153822, 20.611727723076918 ], [ -99.603666907692315, 20.611916507692335 ], [ -99.603552846153804, 20.612197015384606 ], [ -99.603391076923046, 20.612549969230763 ], [ -99.603478876923077, 20.612911092307726 ], [ -99.603355046153823, 20.613146446153895 ], [ -99.603008707692297, 20.612930800000012 ], [ -99.602595815384618, 20.612878030769231 ], [ -99.602652369230725, 20.6126157846154 ], [ -99.602670507692281, 20.612344661538454 ], [ -99.602583061538468, 20.612073892307691 ], [ -99.602034830769213, 20.611768584615405 ], [ -99.60142032307688, 20.611689415384586 ], [ -99.60103669230763, 20.611753984615369 ], [ -99.60077658461536, 20.6115018923077 ], [ -99.600420046153801, 20.611132676923098 ], [ -99.599939153846108, 20.610863276923073 ], [ -99.599324430769229, 20.610729861538442 ], [ -99.598680738461525, 20.610551384615409 ], [ -99.598046046153826, 20.610219261538496 ], [ -99.597104184615389, 20.609870123076892 ], [ -99.59638355384611, 20.609646723076928 ], [ -99.59554909230765, 20.609767061538463 ], [ -99.594984430769216, 20.610166584615378 ], [ -99.594573107692284, 20.610511353846167 ], [ -99.594257353846146, 20.610756400000017 ], [ -99.593788369230722, 20.611083292307679 ], [ -99.593463723076908, 20.61150909230772 ], [ -99.593801230769202, 20.611923569230765 ], [ -99.594224676923034, 20.612229323076956 ], [ -99.594350523076898, 20.612509 ], [ -99.594487369230734, 20.613150061538459 ], [ -99.594537353846107, 20.613664923076922 ], [ -99.594626738461486, 20.614441692307736 ], [ -99.59474313846151, 20.614757538461522 ], [ -99.595165476923057, 20.614774153846145 ], [ -99.595291569230753, 20.615117076923131 ], [ -99.595052876923063, 20.615434153846156 ], [ -99.594605815384568, 20.616465753846139 ], [ -99.593870569230745, 20.617435092307737 ], [ -99.593008338461516, 20.617826599999979 ], [ -99.592442369230739, 20.617900815384633 ], [ -99.592376523076922, 20.618244399999988 ], [ -99.592406461538431, 20.618542476923068 ], [ -99.592658615384565, 20.619219292307701 ], [ -99.59250547692308, 20.619328246153827 ], [ -99.591766523076927, 20.619339815384635 ], [ -99.591440738461543, 20.619476461538451 ], [ -99.591125584615341, 20.619884138461565 ], [ -99.590770876923031, 20.619984753846133 ], [ -99.590983169230725, 20.6202822 ], [ -99.591753923076894, 20.621047600000036 ], [ -99.592273415384568, 20.621362061538459 ], [ -99.593435153846116, 20.621475538461549 ], [ -99.593953661538421, 20.621537015384643 ], [ -99.594855753846133, 20.621515846153844 ], [ -99.59578615384612, 20.621368061538512 ], [ -99.596669215384608, 20.621392123076905 ], [ -99.597677123076849, 20.62143381538456 ], [ -99.59845413846152, 20.621331738461546 ], [ -99.598884738461507, 20.621004953846171 ], [ -99.599075415384576, 20.620679015384567 ], [ -99.599266138461516, 20.620362107692301 ], [ -99.599545723076886, 20.62068641538465 ], [ -99.599978384615341, 20.6208837076923 ], [ -99.600784923076915, 20.620971261538426 ], [ -99.601495169230745, 20.620977815384638 ], [ -99.602319523076901, 20.620712923076919 ], [ -99.602903784615393, 20.620412707692346 ], [ -99.602749446153794, 20.620214461538442 ], [ -99.602795369230748, 20.619690230769272 ], [ -99.6028906, 20.619500138461568 ], [ -99.603140799999977, 20.619670953846157 ], [ -99.603391153846147, 20.619877892307713 ], [ -99.603660276923051, 20.619976353846123 ], [ -99.603728199999964, 20.620165861538464 ], [ -99.604237569230747, 20.620344799999984 ], [ -99.604601384615378, 20.620117630769229 ], [ -99.605146107692264, 20.619528399999965 ], [ -99.605577923076893, 20.619508815384602 ], [ -99.60623132307694, 20.619705307692346 ], [ -99.606567307692259, 20.6197222 ], [ -99.606767984615388, 20.619504646153874 ], [ -99.607017261538402, 20.619440523076932 ], [ -99.607554723076888, 20.619438630769249 ], [ -99.607774523076912, 20.619202938461562 ], [ -99.607898707692286, 20.61905792307692 ], [ -99.608378323076892, 20.618992984615367 ], [ -99.608655892307667, 20.61880226153848 ], [ -99.608683353846089, 20.618467846153862 ], [ -99.608874769230738, 20.618331630769216 ], [ -99.60918136923074, 20.618204061538496 ], [ -99.608980692307668, 20.61842161538458 ], [ -99.608981476923063, 20.618620399999966 ], [ -99.609413723076855, 20.618709230769205 ], [ -99.609664215384612, 20.618952307692275 ], [ -99.609903646153811, 20.618824969230747 ], [ -99.610191461538435, 20.618796846153867 ], [ -99.610421507692266, 20.618723753846137 ], [ -99.61050636923072, 20.618343953846139 ], [ -99.610698630769207, 20.618424584615383 ], [ -99.610871030769218, 20.61833363076925 ], [ -99.611005307692267, 20.618315076923075 ], [ -99.6112166, 20.618350476923059 ], [ -99.611246430769214, 20.6186124 ], [ -99.611324, 20.618810907692357 ], [ -99.611085338461478, 20.619128 ], [ -99.610597169230715, 20.61945501538462 ], [ -99.610309799999953, 20.619591569230764 ], [ -99.610627584615358, 20.619861507692274 ], [ -99.610628923076888, 20.620195830769244 ], [ -99.610611338461496, 20.620602492307732 ], [ -99.611161061538468, 20.621269184615414 ], [ -99.611409661538445, 20.621033384615362 ], [ -99.61169653846153, 20.620770338461512 ], [ -99.611601384615369, 20.620978492307671 ], [ -99.611640969230734, 20.621276523076915 ], [ -99.611372599999967, 20.62136783076927 ], [ -99.611171446153833, 20.621467938461507 ], [ -99.610930969230751, 20.621333246153863 ], [ -99.610651169230778, 20.620963784615412 ], [ -99.610332630769193, 20.620504092307677 ], [ -99.609881107692274, 20.620397246153832 ], [ -99.608969261538462, 20.620373353846169 ], [ -99.608767784615367, 20.620392138461558 ], [ -99.60860484615381, 20.62044692307694 ], [ -99.608086261538418, 20.620367430769246 ], [ -99.607826984615372, 20.620332199999964 ], [ -99.607578923076872, 20.620703538461555 ], [ -99.607397969230718, 20.621056569230806 ], [ -99.607331661538453, 20.62127366153846 ], [ -99.606976830769185, 20.62134718461537 ], [ -99.606688769230729, 20.621312061538468 ], [ -99.606420507692263, 20.621430461538477 ], [ -99.606008384615365, 20.621576476923039 ], [ -99.605538538461516, 20.621686553846168 ], [ -99.605049676923045, 20.621841876923078 ], [ -99.604637230769185, 20.621906569230795 ], [ -99.603629615384591, 20.621937199999984 ], [ -99.603169215384611, 20.622011092307694 ], [ -99.602641599999941, 20.622076184615395 ], [ -99.602170938461498, 20.621978430769239 ], [ -99.60172, 20.622016138461539 ], [ -99.601423646153833, 20.622315353846162 ], [ -99.60116529230767, 20.62251503076924 ], [ -99.600802153846175, 20.622913861538439 ], [ -99.600572584615335, 20.623113446153884 ], [ -99.600755261538424, 20.623194138461553 ], [ -99.601014846153817, 20.623310692307644 ], [ -99.601130661538448, 20.623472938461525 ], [ -99.60113115384614, 20.623599430769239 ], [ -99.600786676923065, 20.623862661538464 ], [ -99.600270061538453, 20.624289138461517 ], [ -99.599877553846127, 20.624543492307708 ], [ -99.599638399999961, 20.624743107692311 ], [ -99.599774846153835, 20.625275738461575 ], [ -99.599804923076903, 20.625600923076906 ], [ -99.599777076923061, 20.625844984615345 ], [ -99.600325984615367, 20.62631293846151 ], [ -99.600750107692278, 20.626772276923084 ], [ -99.601145846153813, 20.627340153846148 ], [ -99.601347938461501, 20.627474984615411 ], [ -99.601186969230767, 20.628035753846159 ], [ -99.601141646153806, 20.628713584615411 ], [ -99.600855261538442, 20.629112153846137 ], [ -99.60125090769229, 20.629652907692304 ], [ -99.601491738461519, 20.629877969230801 ], [ -99.601550723076883, 20.630230153846131 ], [ -99.601762553846157, 20.630401092307721 ], [ -99.602050953846117, 20.630517553846165 ], [ -99.602051415384537, 20.630635015384623 ], [ -99.601859446153782, 20.63063567692312 ], [ -99.601629738461526, 20.630799123076944 ], [ -99.601670476923047, 20.631395338461537 ], [ -99.601748215384603, 20.631639030769222 ], [ -99.601526430769198, 20.631377769230763 ], [ -99.601380753846144, 20.630944553846106 ], [ -99.601254461538403, 20.630556461538472 ], [ -99.601204723076904, 20.63011389230768 ], [ -99.601001892307679, 20.629789307692313 ], [ -99.600781353846131, 20.629844292307705 ], [ -99.600454523076891, 20.629718938461522 ], [ -99.600147184615366, 20.629665784615394 ], [ -99.599992938461511, 20.629494646153844 ], [ -99.599615861538425, 20.62879116923078 ], [ -99.599230415384568, 20.628403969230774 ], [ -99.599047107692286, 20.62816064615383 ], [ -99.599439738461527, 20.6279334 ], [ -99.599794215384577, 20.627769523076907 ], [ -99.600177, 20.627479046153844 ], [ -99.600224169230742, 20.627271061538462 ], [ -99.600145753846121, 20.626855692307736 ], [ -99.599606723076874, 20.62646 ], [ -99.599202707692271, 20.626226476923076 ], [ -99.598866430769178, 20.626137292307696 ], [ -99.598712584615356, 20.626065538461571 ], [ -99.599018476923064, 20.625748230769229 ], [ -99.599084738461514, 20.62551306153847 ], [ -99.599102369230721, 20.625115430769256 ], [ -99.599014723076877, 20.624790461538449 ], [ -99.598860246153833, 20.624556061538488 ], [ -99.598724538461497, 20.624213184615375 ], [ -99.59868458461537, 20.62381575384611 ], [ -99.598396030769194, 20.623654107692325 ], [ -99.598175246153829, 20.623645830769252 ], [ -99.597685984615367, 20.623701738461538 ], [ -99.5974273384615, 20.623829138461559 ], [ -99.596756553846134, 20.624102523076935 ], [ -99.596459246153799, 20.624157769230795 ], [ -99.5959988, 20.6242226 ], [ -99.595336292307636, 20.6241526 ], [ -99.594836507692293, 20.623973615384617 ], [ -99.594644415384593, 20.623938123076943 ], [ -99.593837969230762, 20.623877646153815 ], [ -99.593118599999968, 20.623997584615413 ], [ -99.592716523076902, 20.624261 ], [ -99.59224756923075, 20.624605969230746 ], [ -99.591960923076911, 20.624941261538449 ], [ -99.591760799999975, 20.625312415384613 ], [ -99.591907846153816, 20.626107046153855 ], [ -99.591899753846121, 20.626495615384616 ], [ -99.59167041538457, 20.626758430769247 ], [ -99.591182107692291, 20.627067323076975 ], [ -99.590827861538443, 20.627294415384618 ], [ -99.590674830769188, 20.627430476923053 ], [ -99.59054135384612, 20.627665861538482 ], [ -99.590495046153805, 20.62809973846155 ], [ -99.590408353846101, 20.62801870769232 ], [ -99.590454076923052, 20.62743123076924 ], [ -99.590576230769159, 20.626753138461545 ], [ -99.591004923076895, 20.625920399999973 ], [ -99.591077830769194, 20.624917184615409 ], [ -99.590846092307643, 20.624556553846187 ], [ -99.590305876923054, 20.623844584615423 ], [ -99.589892307692281, 20.623620092307686 ], [ -99.589728107692295, 20.623349584615401 ], [ -99.589325353846107, 20.623441323076921 ], [ -99.588786953846139, 20.623199184615359 ], [ -99.588603692307643, 20.622964892307682 ], [ -99.588535261538439, 20.622639830769248 ], [ -99.588112615384574, 20.622550923076911 ], [ -99.587517123076907, 20.622435476923076 ], [ -99.587152307692264, 20.62240961538463 ], [ -99.586748276923032, 20.62216701538464 ], [ -99.585595061538427, 20.621773369230748 ], [ -99.585247538461502, 20.621250476923041 ], [ -99.584795123076916, 20.620899615384605 ], [ -99.584305338461519, 20.620819953846166 ], [ -99.58388326153846, 20.620875584615376 ], [ -99.583374769230758, 20.620922476923102 ], [ -99.582885507692282, 20.620978353846162 ], [ -99.582473046153837, 20.621042984615407 ], [ -99.582367307692294, 20.620998169230791 ], [ -99.582739276923064, 20.62038249230768 ], [ -99.583150523076895, 20.620001599999981 ], [ -99.583370046153817, 20.619684615384607 ], [ -99.583321107692271, 20.619431769230783 ], [ -99.583108446153815, 20.619034923076935 ], [ -99.582685, 20.618729138461539 ], [ -99.582348923076907, 20.618685092307715 ], [ -99.581695676923033, 20.618524646153816 ], [ -99.581062630769182, 20.618626169230755 ], [ -99.580170707692261, 20.618791815384633 ], [ -99.579950369230744, 20.618900984615383 ], [ -99.579567584615333, 20.619191399999963 ], [ -99.579444384615371, 20.619607461538461 ], [ -99.579957046153822, 20.620662923076956 ], [ -99.580448061538434, 20.621067876923032 ], [ -99.580650830769201, 20.621392476923077 ], [ -99.580209723076862, 20.621493353846187 ], [ -99.580038507692279, 20.62190053846151 ], [ -99.580135923076867, 20.622279707692279 ], [ -99.580549953846145, 20.622630707692309 ], [ -99.580848507692281, 20.622900769230782 ], [ -99.580427353846105, 20.623200369230748 ], [ -99.58035166153843, 20.623489769230758 ], [ -99.580065815384614, 20.624041907692312 ], [ -99.579875138461517, 20.624376861538451 ], [ -99.579837876923065, 20.624675169230752 ], [ -99.579955753846107, 20.625388584615411 ], [ -99.580052892307648, 20.62569547692312 ], [ -99.580371184615359, 20.626110046153869 ], [ -99.580677738461503, 20.625955415384606 ], [ -99.581022907692272, 20.62586389230767 ], [ -99.581379092307699, 20.626142799999982 ], [ -99.581533276923068, 20.626304923076926 ], [ -99.581524061538431, 20.62640435384618 ], [ -99.581419199999957, 20.626594461538474 ], [ -99.581304892307656, 20.626820738461554 ], [ -99.581316399999963, 20.627326692307683 ], [ -99.580962661538422, 20.627689307692329 ], [ -99.580695184615337, 20.62802452307692 ], [ -99.580504876923044, 20.628458876923091 ], [ -99.580650446153797, 20.628883061538485 ], [ -99.580287199999972, 20.629272830769239 ], [ -99.580173015384574, 20.629535246153832 ], [ -99.580000692307664, 20.629653292307705 ], [ -99.579800846153802, 20.630105738461541 ], [ -99.579676492307684, 20.630214584615381 ], [ -99.579427307692299, 20.630314815384605 ], [ -99.579179, 20.630640938461518 ], [ -99.578862676923023, 20.630750415384593 ], [ -99.578325215384581, 20.630761261538463 ], [ -99.5773077538461, 20.630746584615373 ], [ -99.576934030769181, 20.630910476923077 ], [ -99.5768, 20.631001292307687 ], [ -99.57686830769228, 20.631299230769223 ], [ -99.577244276923054, 20.631731692307682 ], [ -99.577581676923046, 20.632119092307693 ], [ -99.577419399999954, 20.63235456923076 ], [ -99.5775164, 20.632625307692297 ], [ -99.577622523076911, 20.632769538461524 ], [ -99.577334923076904, 20.632860846153868 ], [ -99.576864261538404, 20.632772061538443 ], [ -99.576393953846136, 20.632773630769222 ], [ -99.576125784615371, 20.632928138461516 ], [ -99.576175169230737, 20.633298430769237 ], [ -99.576416553846101, 20.63367712307695 ], [ -99.576398507692275, 20.63398440000001 ], [ -99.576456784615374, 20.634164923076948 ], [ -99.57631341538459, 20.634328046153808 ], [ -99.575900630769198, 20.634311353846144 ], [ -99.575575307692262, 20.634583507692316 ], [ -99.575701, 20.634827046153831 ], [ -99.5756448, 20.635197692307703 ], [ -99.575453923076907, 20.635487476923121 ], [ -99.575118661538411, 20.635669307692336 ], [ -99.574869476923055, 20.635769523076927 ], [ -99.574756199999968, 20.636275907692283 ], [ -99.574574907692295, 20.636565646153876 ], [ -99.574123676923051, 20.636540046153804 ], [ -99.57380750769228, 20.636694707692271 ], [ -99.573395784615357, 20.636967138461532 ], [ -99.572973892307644, 20.637086 ], [ -99.572264353846137, 20.637287138461506 ], [ -99.571621292307668, 20.637298307692337 ], [ -99.570863446153794, 20.637418276923079 ], [ -99.57030612307689, 20.637257476923089 ], [ -99.569960415384571, 20.637213446153837 ], [ -99.569403292307669, 20.637106846153813 ], [ -99.568817953846107, 20.63715395384617 ], [ -99.568809, 20.637325661538465 ], [ -99.568993492307698, 20.637894307692321 ], [ -99.568716061538424, 20.638148215384614 ], [ -99.568419292307652, 20.638357015384614 ], [ -99.568371892307667, 20.63851981538464 ], [ -99.568248661538391, 20.638935861538481 ], [ -99.568297892307697, 20.639270015384618 ], [ -99.568605492307668, 20.639386476923043 ], [ -99.568893538461552, 20.639412630769264 ], [ -99.569028461538451, 20.63955675384614 ], [ -99.569134984615374, 20.639809400000011 ], [ -99.569251153846125, 20.640071061538471 ], [ -99.569357246153828, 20.640206246153873 ], [ -99.569751184615356, 20.640313369230725 ], [ -99.570125538461539, 20.64031213846151 ], [ -99.570509584615365, 20.640337969230806 ], [ -99.570702061538412, 20.640472876923088 ], [ -99.570607015384567, 20.640726184615396 ], [ -99.570530599999955, 20.64082583076917 ], [ -99.570838938461506, 20.641141061538441 ], [ -99.571569323076929, 20.64137356923078 ], [ -99.571838323076875, 20.641435938461505 ], [ -99.572002215384586, 20.641625138461556 ], [ -99.571858738461501, 20.641761153846144 ], [ -99.571754, 20.641987384615376 ], [ -99.57195769230762, 20.642555969230784 ], [ -99.57201644615381, 20.642862984615338 ], [ -99.572469615384605, 20.643403615384649 ], [ -99.572682138461545, 20.643764338461541 ], [ -99.572778876923039, 20.643962815384661 ], [ -99.5731830153846, 20.644223507692256 ], [ -99.573395138461493, 20.644475799999984 ], [ -99.573482507692262, 20.644737538461563 ], [ -99.573531953846114, 20.645125907692346 ], [ -99.573706169230761, 20.645504830769262 ], [ -99.573601461538416, 20.645740107692266 ], [ -99.57349709230769, 20.646065738461534 ], [ -99.573660953846129, 20.646245907692304 ], [ -99.574073199999944, 20.646109 ], [ -99.574312799999987, 20.646008815384619 ], [ -99.574629369230706, 20.645953538461516 ], [ -99.574879184615355, 20.646015953846195 ], [ -99.574937384615339, 20.646178415384618 ], [ -99.574938338461507, 20.6464314 ], [ -99.574833523076876, 20.646639569230796 ], [ -99.574786353846136, 20.646856584615378 ], [ -99.574671184615354, 20.646866 ], [ -99.574631307692243, 20.646468569230777 ], [ -99.574391153846136, 20.646424184615366 ], [ -99.574113261538443, 20.646551615384649 ], [ -99.573999123076902, 20.646832107692305 ], [ -99.574018753846147, 20.646949492307687 ], [ -99.573876, 20.647275261538475 ], [ -99.573733123076892, 20.647573907692337 ], [ -99.573561323076873, 20.647836523076936 ], [ -99.573264261538426, 20.647973030769233 ], [ -99.573052799999985, 20.647901461538474 ], [ -99.573147923076888, 20.647666215384607 ], [ -99.573454553846119, 20.647520615384629 ], [ -99.573530723076914, 20.647357723076894 ], [ -99.573232276923022, 20.647123784615395 ], [ -99.572943215384583, 20.646835615384624 ], [ -99.572634692307659, 20.646475200000033 ], [ -99.572537415384573, 20.646132169230757 ], [ -99.57263243076919, 20.645869815384607 ], [ -99.572804230769208, 20.645607215384636 ], [ -99.572553815384595, 20.645382153846175 ], [ -99.572437876923047, 20.64518375384614 ], [ -99.57222632307689, 20.645085061538477 ], [ -99.571782723076907, 20.644535353846145 ], [ -99.571418061538452, 20.644563676923088 ], [ -99.571053630769214, 20.644655230769231 ], [ -99.57064053846149, 20.644566246153854 ], [ -99.570323199999962, 20.64441369230769 ], [ -99.570101353846127, 20.644125276923063 ], [ -99.570023523076912, 20.643845430769222 ], [ -99.569964876923038, 20.64356550769233 ], [ -99.570155953846125, 20.643320923076946 ], [ -99.570097338461508, 20.643050046153871 ], [ -99.569655723076906, 20.643033430769247 ], [ -99.569232646153807, 20.642836046153828 ], [ -99.568982399999982, 20.642656153846172 ], [ -99.568551092307644, 20.642829246153841 ], [ -99.568225907692266, 20.643146569230748 ], [ -99.567976738461525, 20.64325581538462 ], [ -99.567687769230744, 20.642985692307693 ], [ -99.567447630769209, 20.642941307692315 ], [ -99.567072538461531, 20.64274375384614 ], [ -99.566840953846125, 20.642419230769264 ], [ -99.565918123076855, 20.642060830769232 ], [ -99.565591338461502, 20.6419444307692 ], [ -99.565399553846134, 20.641999276923077 ], [ -99.565188815384587, 20.642117430769243 ], [ -99.564901323076924, 20.642244876923108 ], [ -99.564690953846124, 20.642462415384614 ], [ -99.564749876923031, 20.642823661538465 ], [ -99.564125723076927, 20.642762446153835 ], [ -99.563587523076905, 20.642583492307701 ], [ -99.563155769230761, 20.642639107692293 ], [ -99.562992984615363, 20.642748076923059 ], [ -99.562993553846141, 20.642901676923117 ], [ -99.563292384615366, 20.643244061538482 ], [ -99.56313043076922, 20.643578907692309 ], [ -99.563064476923046, 20.643913446153814 ], [ -99.563008046153811, 20.644229876923074 ], [ -99.563018569230749, 20.644482846153817 ], [ -99.56260478461536, 20.644204076923057 ], [ -99.562440538461544, 20.643915476923102 ], [ -99.562228692307656, 20.643735446153858 ], [ -99.5618834307692, 20.643817892307702 ], [ -99.561557507692257, 20.643936430769216 ], [ -99.561173646153833, 20.643964784615402 ], [ -99.560567723076886, 20.643641461538508 ], [ -99.56031789230768, 20.643569984615407 ], [ -99.559761415384543, 20.643644076923067 ], [ -99.559493307692293, 20.643825661538486 ], [ -99.559350476923029, 20.644142369230753 ], [ -99.559418723076917, 20.644431292307694 ], [ -99.559256446153796, 20.644675784615348 ], [ -99.558940199999952, 20.644821384615348 ], [ -99.5585855076923, 20.64494903076919 ], [ -99.558394276923053, 20.645157461538489 ], [ -99.558395599999955, 20.645518892307713 ], [ -99.558396092307675, 20.645654430769245 ], [ -99.558049630769204, 20.645411584615399 ], [ -99.557702584615356, 20.645006092307682 ], [ -99.557443523076898, 20.64503404615386 ], [ -99.557165676923034, 20.645179507692301 ], [ -99.5568776, 20.645153323076929 ], [ -99.556801630769215, 20.645379461538433 ], [ -99.556582076923021, 20.645714492307665 ], [ -99.556592169230768, 20.64585 ], [ -99.5565255230769, 20.646003815384596 ], [ -99.556064738461529, 20.645996276923057 ], [ -99.554747969230704, 20.645530646153862 ], [ -99.554478861538428, 20.64544115384615 ], [ -99.554123630769183, 20.645424230769258 ], [ -99.553854076923059, 20.645208230769217 ], [ -99.553623246153833, 20.645082476923111 ], [ -99.553353876923026, 20.644920692307704 ], [ -99.553036030769235, 20.644623538461541 ], [ -99.552949092307671, 20.644470215384651 ], [ -99.552574984615333, 20.644543692307661 ], [ -99.552278307692291, 20.64478859999997 ], [ -99.552142738461512, 20.644463753846171 ], [ -99.551740199999955, 20.644636723076943 ], [ -99.551385799999949, 20.644845676923058 ], [ -99.551049892307674, 20.64486481538464 ], [ -99.550694984615347, 20.644938230769267 ], [ -99.550984, 20.645226461538488 ], [ -99.551109246153842, 20.645352553846188 ], [ -99.550707261538435, 20.645679123076921 ], [ -99.550449353846119, 20.646032338461534 ], [ -99.550122784615368, 20.64597916923076 ], [ -99.549440661538441, 20.645818692307689 ], [ -99.549095261538454, 20.645864969230786 ], [ -99.548817015384586, 20.645902 ], [ -99.548567569230741, 20.645938938461519 ], [ -99.548298646153839, 20.64589461538462 ], [ -99.547876476923037, 20.645950169230776 ], [ -99.547464323076909, 20.646123153846137 ], [ -99.547224646153794, 20.646205230769226 ], [ -99.546946199999979, 20.646188046153839 ], [ -99.546514246153819, 20.646189415384615 ], [ -99.546178630769205, 20.646289861538463 ], [ -99.545851523076863, 20.646083076923052 ], [ -99.545400015384573, 20.645985123076944 ], [ -99.544727907692291, 20.645942061538452 ], [ -99.544142076923038, 20.645862584615408 ], [ -99.543757923076882, 20.645809584615392 ], [ -99.543066430769201, 20.645712369230779 ], [ -99.54278719999995, 20.64546927692307 ], [ -99.54236381538459, 20.645181461538478 ], [ -99.541489246153844, 20.644886030769253 ], [ -99.540903323076918, 20.644779446153869 ], [ -99.540385199999974, 20.644844307692281 ], [ -99.539809953846117, 20.645044907692327 ], [ -99.539878399999964, 20.645397076923071 ], [ -99.54031150769228, 20.645721015384616 ], [ -99.540734984615341, 20.646035938461527 ], [ -99.54104327692302, 20.646351215384627 ], [ -99.541159384615355, 20.64661289230769 ], [ -99.541198646153802, 20.64685673846154 ], [ -99.54167349230768, 20.648120246153841 ], [ -99.541944923076898, 20.648869353846145 ], [ -99.542119815384552, 20.649465169230751 ], [ -99.542025138461511, 20.649835923076949 ], [ -99.541748292307673, 20.650270507692312 ], [ -99.541605338461494, 20.650560092307703 ], [ -99.541039799999965, 20.650796800000016 ], [ -99.540541523076897, 20.651051369230792 ], [ -99.540082092307671, 20.651432307692332 ], [ -99.539728123076912, 20.651776769230768 ], [ -99.53931696923074, 20.652238876923068 ], [ -99.538992692307659, 20.652836246153853 ], [ -99.538724415384578, 20.652981646153847 ], [ -99.538100507692292, 20.653001661538454 ], [ -99.537668507692246, 20.652993984615375 ], [ -99.537361092307663, 20.652931692307721 ], [ -99.537198307692265, 20.653049661538478 ], [ -99.536988046153851, 20.65331235384614 ], [ -99.536709569230766, 20.653286107692274 ], [ -99.536537061538439, 20.653367969230789 ], [ -99.536527707692287, 20.653440276923064 ], [ -99.536644769230733, 20.653973015384658 ], [ -99.536472615384568, 20.654154276923055 ], [ -99.536263323076881, 20.654697061538464 ], [ -99.536292599999953, 20.654832507692323 ], [ -99.53630303076919, 20.655067400000011 ], [ -99.536141, 20.655402230769205 ], [ -99.535933230769217, 20.656378738461498 ], [ -99.535905953846125, 20.656812538461566 ], [ -99.536329830769191, 20.6572358923077 ], [ -99.536849199999963, 20.6575143846154 ], [ -99.536849676923069, 20.657649923076931 ], [ -99.536650661538417, 20.658382430769223 ], [ -99.536296153846152, 20.658582323076928 ], [ -99.536248984615341, 20.6588174 ], [ -99.536442476923057, 20.659241476923146 ], [ -99.536597076923059, 20.659530138461559 ], [ -99.536762784615334, 20.660243430769192 ], [ -99.536880246153828, 20.660884615384628 ], [ -99.536901184615374, 20.661381507692301 ], [ -99.536497923076894, 20.661364692307671 ], [ -99.535998061538436, 20.661176492307693 ], [ -99.53589124615381, 20.660833461538473 ], [ -99.535525846153817, 20.660662923076934 ], [ -99.535132184615335, 20.660646076923079 ], [ -99.534643184615376, 20.660819276923068 ], [ -99.534183523076891, 20.661145984615381 ], [ -99.533866723076898, 20.661146953846146 ], [ -99.533182938461522, 20.660525615384596 ], [ -99.532885061538408, 20.66044521538463 ], [ -99.532394384615344, 20.660139507692325 ], [ -99.532202415384589, 20.660149138461573 ], [ -99.532079, 20.660547092307695 ], [ -99.531829092307689, 20.660457507692275 ], [ -99.531493615384619, 20.660612138461506 ], [ -99.531013830769211, 20.660676876923031 ], [ -99.530313, 20.660669984615375 ], [ -99.530073569230723, 20.660833369230737 ], [ -99.52994007692304, 20.661095815384638 ], [ -99.529729630769197, 20.661313323076921 ], [ -99.529413169230722, 20.661413676923054 ], [ -99.5291822, 20.661251753846145 ], [ -99.5286624, 20.660846738461562 ], [ -99.528277015384589, 20.660450338461537 ], [ -99.528075107692302, 20.660360599999979 ], [ -99.527575907692281, 20.660362138461522 ], [ -99.527163876923041, 20.660589292307698 ], [ -99.526809184615331, 20.660734938461548 ], [ -99.526665646153845, 20.660870907692324 ], [ -99.526397661538397, 20.661106661538472 ], [ -99.526129723076878, 20.661360476923065 ], [ -99.525996323076882, 20.661650030769231 ], [ -99.525939615384573, 20.661912230769222 ], [ -99.525748199999967, 20.662084492307731 ], [ -99.52570095384614, 20.662301492307702 ], [ -99.525682846153785, 20.6626178 ], [ -99.525578892307649, 20.663097015384611 ], [ -99.525811399999967, 20.663710738461575 ], [ -99.526091092307652, 20.664080338461538 ], [ -99.526226707692231, 20.664432323076909 ], [ -99.526591861538463, 20.664530599999985 ], [ -99.527033723076883, 20.664601538461564 ], [ -99.527082369230726, 20.664791138461577 ], [ -99.526669661538435, 20.664819507692304 ], [ -99.526584153846116, 20.66508180000001 ], [ -99.526460215384589, 20.665335184615415 ], [ -99.52649909230766, 20.665470600000031 ], [ -99.526537769230757, 20.6655518 ], [ -99.526529046153854, 20.665804830769275 ], [ -99.526442861538428, 20.665868338461546 ], [ -99.526154507692269, 20.665769830769239 ], [ -99.525981107692289, 20.665598676923089 ], [ -99.525219953846104, 20.664805861538461 ], [ -99.524776753846112, 20.664346384615385 ], [ -99.524593907692292, 20.664220446153859 ], [ -99.524200369230755, 20.664239707692364 ], [ -99.523605338461508, 20.66429572307695 ], [ -99.52322052307693, 20.664061969230762 ], [ -99.52287370769227, 20.663710630769192 ], [ -99.522354307692268, 20.663423061538467 ], [ -99.521903338461499, 20.663496707692296 ], [ -99.521462569230735, 20.663742 ], [ -99.520800569230758, 20.663870507692348 ], [ -99.520041876923031, 20.663791476923048 ], [ -99.518687538461506, 20.66358772307694 ], [ -99.518014938461491, 20.663418076923076 ], [ -99.517574, 20.663618184615391 ], [ -99.51731495384611, 20.663664138461545 ], [ -99.516920523076891, 20.663421353846154 ], [ -99.516613461538441, 20.663467446153863 ], [ -99.516181938461528, 20.663613323076891 ], [ -99.515788907692254, 20.663786169230725 ], [ -99.515682969230738, 20.663687092307683 ], [ -99.515279953846118, 20.663742507692316 ], [ -99.514771461538444, 20.663843430769205 ], [ -99.51417621538458, 20.663836169230773 ], [ -99.513889307692267, 20.664162307692333 ], [ -99.513130523076882, 20.664056138461515 ], [ -99.512785307692297, 20.664174630769278 ], [ -99.512622015384565, 20.664148 ], [ -99.512257138461507, 20.664131015384598 ], [ -99.511700569230712, 20.664204953846109 ], [ -99.510913461538422, 20.664243430769247 ], [ -99.510510584615375, 20.664344015384643 ], [ -99.510116876923064, 20.664318076923088 ], [ -99.509636692307666, 20.664265276923089 ], [ -99.509021969230744, 20.664176738461524 ], [ -99.508377938461493, 20.66393467692307 ], [ -99.508051446153829, 20.663908523076934 ], [ -99.507792107692296, 20.663873153846147 ], [ -99.507417169230735, 20.663711600000013 ], [ -99.506811261538459, 20.663388107692324 ], [ -99.506128846153828, 20.663146138461556 ], [ -99.505379338461509, 20.662940507692312 ], [ -99.504744984615328, 20.662716476923091 ], [ -99.504273230769229, 20.662311246153838 ], [ -99.503695815384603, 20.661888261538429 ], [ -99.503013338461528, 20.661628215384642 ], [ -99.502389461538399, 20.661666169230763 ], [ -99.502217276923034, 20.661856430769241 ], [ -99.501807353846104, 20.662734092307737 ], [ -99.501531676923022, 20.663566169230737 ], [ -99.501445123076877, 20.663521246153838 ], [ -99.501320076923022, 20.663449323076911 ], [ -99.501137384615348, 20.663359492307631 ], [ -99.50103176923075, 20.663359800000016 ], [ -99.500935892307638, 20.663396230769223 ], [ -99.500932815384587, 20.662456523076884 ], [ -99.500882138461492, 20.661643446153882 ], [ -99.500612476923052, 20.6613822 ], [ -99.500074261538415, 20.661194 ], [ -99.4997957076923, 20.661149630769287 ], [ -99.498575230769191, 20.660764630769236 ], [ -99.4983352, 20.66075629230771 ], [ -99.498056753846129, 20.660748046153845 ], [ -99.49788347415199, 20.66074292378471 ] ], [ [ -99.6074670307692, 20.609427415384658 ], [ -99.607669430769207, 20.609643569230798 ], [ -99.608015446153843, 20.609777876923079 ], [ -99.608217338461529, 20.609867523076925 ], [ -99.608476876923049, 20.609975046153838 ], [ -99.608754707692299, 20.609856599999983 ], [ -99.608897692307636, 20.609612138461546 ], [ -99.60864756923074, 20.609459400000031 ], [ -99.608445461538423, 20.609315553846173 ], [ -99.608118569230726, 20.609163092307703 ], [ -99.607859676923056, 20.609218215384622 ], [ -99.60763933846151, 20.60931838461541 ], [ -99.6074670307692, 20.609427415384658 ] ], [ [ -99.604005430769206, 20.607713738461534 ], [ -99.60399686153842, 20.60797580000003 ], [ -99.604150876923043, 20.608092723076886 ], [ -99.604142338461529, 20.608363815384646 ], [ -99.6042967384615, 20.608580138461537 ], [ -99.604517538461494, 20.608597430769219 ], [ -99.604757384615368, 20.608578523076904 ], [ -99.604835230769197, 20.608849323076921 ], [ -99.604979707692252, 20.608984353846161 ], [ -99.605151984615361, 20.60886629230772 ], [ -99.6052182, 20.608622092307698 ], [ -99.605178569230745, 20.608305984615392 ], [ -99.605158399999979, 20.608062092307719 ], [ -99.605060907692305, 20.607673892307712 ], [ -99.604743692307679, 20.607539476923083 ], [ -99.60449367692307, 20.607413846153836 ], [ -99.604234892307673, 20.607496076923095 ], [ -99.604120261538455, 20.607632015384638 ], [ -99.604005430769206, 20.607713738461534 ] ] ], [ [ [ -99.499715453199229, 20.654062957803042 ], [ -99.499602876306568, 20.653585388348777 ], [ -99.499575307248094, 20.653045331089057 ], [ -99.499645137101254, 20.652509098221387 ], [ -99.49981009700187, 20.651994112660468 ], [ -99.499872790047704, 20.651845929618815 ], [ -99.499966984615369, 20.651878461538463 ], [ -99.500149784615374, 20.65200443076926 ], [ -99.500342338461465, 20.65217555384616 ], [ -99.499910723076894, 20.652285230769269 ], [ -99.499873923076919, 20.652773261538464 ], [ -99.500364261538436, 20.653006769230789 ], [ -99.500537353846113, 20.653096630769245 ], [ -99.50034595384615, 20.65327790769231 ], [ -99.500346692307659, 20.653503800000038 ], [ -99.500491276923043, 20.653684092307721 ], [ -99.500290276923039, 20.653865384615415 ], [ -99.499858969230743, 20.654074461538482 ], [ -99.499715453199229, 20.654062957803042 ] ] ], [ [ [ -99.500277015374778, 20.651021203093826 ], [ -99.500340196428056, 20.650906670705726 ], [ -99.500746534070359, 20.650435671130271 ], [ -99.501101420070327, 20.650101660130261 ], [ -99.501559077545849, 20.649747558922993 ], [ -99.501685789666197, 20.649667777292525 ], [ -99.501697415384584, 20.649713892307734 ], [ -99.501621507692263, 20.649985184615392 ], [ -99.501795046153831, 20.650210569230779 ], [ -99.501575169230733, 20.650491323076928 ], [ -99.501153569230738, 20.650727476923041 ], [ -99.500799338461491, 20.651017646153825 ], [ -99.500588384615327, 20.651090538461524 ], [ -99.500338830769195, 20.651100307692271 ], [ -99.500277015374778, 20.651021203093826 ] ] ] ] } },
{ "type": "Feature", "properties": { "IDBD": 159740, "FC": 6291, "CONDICION": "CUERPO DE AGUA INTERMITENTE" }, "geometry": { "type": "MultiPolygon", "coordinates": [ [ [ [ -99.78022656923072, 20.669641630769199 ], [ -99.780168046153818, 20.6694612 ], [ -99.780080630769191, 20.669262815384624 ], [ -99.780079430769192, 20.669027892307678 ], [ -99.780126461538416, 20.668837938461593 ], [ -99.780153646153806, 20.668521584615377 ], [ -99.780210323076886, 20.668340615384583 ], [ -99.780276184615346, 20.66807829230773 ], [ -99.780351138461526, 20.667716538461569 ], [ -99.780369461538456, 20.667544784615377 ], [ -99.780397753846088, 20.667445261538475 ], [ -99.7805508, 20.667336153846168 ], [ -99.780411784615367, 20.668312599999968 ], [ -99.78022656923072, 20.669641630769199 ] ] ] ] } },
{ "type": "Feature", "properties": { "IDBD": 159745, "FC": 6291, "CONDICION": "CUERPO DE AGUA INTERMITENTE" }, "geometry": { "type": "MultiPolygon", "coordinates": [ [ [ [ -99.989525553846107, 20.67211849230771 ], [ -99.989167723076889, 20.67171396923078 ], [ -99.98884696923075, 20.671101430769248 ], [ -99.988880630769188, 20.67036940000003 ], [ -99.989242369230752, 20.669897507692312 ], [ -99.989921892307677, 20.669577384615391 ], [ -99.990658584615389, 20.669193676923104 ], [ -99.990891323076909, 20.669553753846159 ], [ -99.990789076923022, 20.67006932307692 ], [ -99.990773030769205, 20.67055730769232 ], [ -99.990870553846108, 20.670791661538448 ], [ -99.990854169230744, 20.671225430769283 ], [ -99.990808276923062, 20.671550953846179 ], [ -99.990742015384612, 20.671695892307731 ], [ -99.990570569230712, 20.671904676923074 ], [ -99.990283584615383, 20.672059923076919 ], [ -99.989525553846107, 20.67211849230771 ] ] ] ] } },
{ "type": "Feature", "properties": { "IDBD": 159747, "FC": 6291, "CONDICION": "CUERPO DE AGUA INTERMITENTE" }, "geometry": { "type": "MultiPolygon", "coordinates": [ [ [ [ -99.922865261538448, 20.669461369230785 ], [ -99.924107015384578, 20.670014892307723 ], [ -99.925582184615365, 20.671064092307713 ], [ -99.925101769230722, 20.670994384615394 ], [ -99.923040523076921, 20.669867015384611 ], [ -99.922500907692296, 20.6695356 ], [ -99.922423461538443, 20.6694276 ], [ -99.922470584615382, 20.669282784615344 ], [ -99.922865261538448, 20.669461369230785 ] ] ] ] } },
{ "type": "Feature", "properties": { "IDBD": 159750, "FC": 6291, "CONDICION": "CUERPO DE AGUA INTERMITENTE" }, "geometry": { "type": "MultiPolygon", "coordinates": [ [ [ [ -99.770962169230756, 20.667722615384616 ], [ -99.770886599999969, 20.667966923076921 ], [ -99.77079181538457, 20.668211292307717 ], [ -99.770687276923056, 20.668419569230814 ], [ -99.770572523076922, 20.668510446153828 ], [ -99.770457876923075, 20.668619384615422 ], [ -99.770256538461524, 20.668674492307655 ], [ -99.770045984615351, 20.668801923076916 ], [ -99.769949569230718, 20.668721030769234 ], [ -99.769872399999969, 20.668649092307724 ], [ -99.769823446153794, 20.668459569230766 ], [ -99.769678169230744, 20.668207230769255 ], [ -99.769580676923042, 20.667909507692269 ], [ -99.76944504615382, 20.667666153846206 ], [ -99.770107584615388, 20.66769029230765 ], [ -99.770962169230756, 20.667722615384616 ] ] ] ] } },
{ "type": "Feature", "properties": { "IDBD": 159758, "FC": 6291, "CONDICION": "CUERPO DE AGUA INTERMITENTE" }, "geometry": { "type": "MultiPolygon", "coordinates": [ [ [ [ -99.866796553846129, 20.668740353846175 ], [ -99.866825399999954, 20.668749246153833 ], [ -99.867046353846149, 20.668775246153846 ], [ -99.867219138461493, 20.668774369230771 ], [ -99.867277507692279, 20.668909600000013 ], [ -99.867250153846101, 20.669162723076919 ], [ -99.867194707692278, 20.669542492307684 ], [ -99.867177199999958, 20.669840738461538 ], [ -99.86710795384613, 20.669479676923068 ], [ -99.867000553846154, 20.669163984615384 ], [ -99.866796553846129, 20.668740353846175 ] ] ] ] } },
{ "type": "Feature", "properties": { "IDBD": 159761, "FC": 6291, "CONDICION": "CUERPO DE AGUA INTERMITENTE" }, "geometry": { "type": "MultiPolygon", "coordinates": [ [ [ [ -99.876542446153834, 20.66905250769231 ], [ -99.876579707692315, 20.668853538461534 ], [ -99.876684630769191, 20.668735553846201 ], [ -99.87684776923075, 20.668725676923099 ], [ -99.877175107692253, 20.668886646153879 ], [ -99.877599261538421, 20.669191692307656 ], [ -99.8778504153846, 20.669461476923107 ], [ -99.877889907692278, 20.669651 ], [ -99.877795353846139, 20.669904476923051 ], [ -99.876947092307645, 20.669303430769236 ], [ -99.876783015384575, 20.669150661538442 ], [ -99.876542446153834, 20.66905250769231 ] ] ] ] } },
{ "type": "Feature", "properties": { "IDBD": 159764, "FC": 6291, "CONDICION": "CUERPO DE AGUA INTERMITENTE" }, "geometry": { "type": "MultiPolygon", "coordinates": [ [ [ [ -99.995774846153793, 20.670591738461539 ], [ -99.995853292307672, 20.670844261538463 ], [ -99.996027846153822, 20.671114307692307 ], [ -99.99612538461534, 20.671348661538463 ], [ -99.995595338461513, 20.67103549230772 ], [ -99.995420953846121, 20.67079255384612 ], [ -99.995371892307674, 20.670630215384623 ], [ -99.99530310769228, 20.670386661538455 ], [ -99.995387676923073, 20.670106092307691 ], [ -99.995626492307679, 20.669924015384616 ], [ -99.995774846153793, 20.670591738461539 ] ] ] ] } },
{ "type": "Feature", "properties": { "IDBD": 159768, "FC": 6291, "CONDICION": "CUERPO DE AGUA INTERMITENTE" }, "geometry": { "type": "MultiPolygon", "coordinates": [ [ [ [ -100.075077338461512, 20.672040753846176 ], [ -100.0749748, 20.67197483076923 ], [ -100.074896846153862, 20.671922107692318 ], [ -100.074819553846112, 20.671868523076949 ], [ -100.074742138461517, 20.671815107692293 ], [ -100.074664707692278, 20.67176169230768 ], [ -100.074586015384568, 20.671709953846168 ], [ -100.074510353846108, 20.671654353846147 ], [ -100.074453584615384, 20.671581492307705 ], [ -100.074392984615358, 20.67151143076925 ], [ -100.074323230769238, 20.671449353846164 ], [ -100.074261569230714, 20.67138012307694 ], [ -100.07424567692307, 20.671291015384618 ], [ -100.074251061538448, 20.671200815384633 ], [ -100.074295076923065, 20.671120523076929 ], [ -100.074337799999952, 20.67103961538464 ], [ -100.074409953846128, 20.670980030769236 ], [ -100.074484076923028, 20.670922615384619 ], [ -100.074560892307645, 20.67086844615384 ], [ -100.074642876923036, 20.670821430769262 ], [ -100.074736046153831, 20.670799692307718 ], [ -100.074828476923045, 20.670824092307715 ], [ -100.074901476923046, 20.670882769230751 ], [ -100.07497707692302, 20.670938446153837 ], [ -100.075043092307666, 20.671004030769208 ], [ -100.07510483076922, 20.671073215384617 ], [ -100.075129738461513, 20.671160461538506 ], [ -100.075153830769224, 20.671247923076958 ], [ -100.075157446153796, 20.671338199999987 ], [ -100.075158153846147, 20.671428538461548 ], [ -100.075158815384569, 20.67151889230767 ], [ -100.075163015384632, 20.671609153846155 ], [ -100.075163861538428, 20.671699492307663 ], [ -100.075145707692272, 20.6717882 ], [ -100.075128830769202, 20.671877138461543 ], [ -100.07508839999997, 20.671959092307727 ], [ -100.075077338461512, 20.672040753846176 ] ] ] ] } },
{ "type": "Feature", "properties": { "IDBD": 159777, "FC": 6291, "CONDICION": "CUERPO DE AGUA INTERMITENTE" }, "geometry": { "type": "MultiPolygon", "coordinates": [ [ [ [ -100.055092, 20.67113681538461 ], [ -100.055113061538435, 20.671048661538471 ], [ -100.055154153846132, 20.670967015384637 ], [ -100.055193553846124, 20.670884630769187 ], [ -100.055167046153812, 20.670797784615395 ], [ -100.055137276923062, 20.670711892307708 ], [ -100.055107507692256, 20.670626 ], [ -100.055079030769193, 20.67053972307691 ], [ -100.05505255384611, 20.670452876923083 ], [ -100.05502518461536, 20.670366292307676 ], [ -100.054997799999967, 20.670279692307655 ], [ -100.054970076923055, 20.670193200000011 ], [ -100.054942353846087, 20.670106707692291 ], [ -100.054914938461494, 20.670020123076931 ], [ -100.0548875230769, 20.66993353846156 ], [ -100.05485993846149, 20.669847 ], [ -100.05495218461536, 20.669822 ], [ -100.055045861538417, 20.669802261538468 ], [ -100.055139569230747, 20.669782646153845 ], [ -100.055235446153816, 20.669778215384621 ], [ -100.055329153846102, 20.669797830769248 ], [ -100.055416046153837, 20.66983624615381 ], [ -100.05550453846152, 20.669871246153896 ], [ -100.055597323076896, 20.66989444615384 ], [ -100.055693276923023, 20.669896815384657 ], [ -100.055786923076909, 20.669876969230753 ], [ -100.05587846153847, 20.669849723076954 ], [ -100.055967507692287, 20.669816 ], [ -100.056049523076879, 20.669769030769228 ], [ -100.05613047692303, 20.669720492307654 ], [ -100.056215923076877, 20.669679307692306 ], [ -100.056297815384553, 20.669632153846155 ], [ -100.056373769230774, 20.669576907692303 ], [ -100.056463799999989, 20.669545553846099 ], [ -100.056559692307673, 20.66954138461541 ], [ -100.056593015384578, 20.669626107692295 ], [ -100.056565, 20.669712523076925 ], [ -100.056477107692288, 20.669748846153823 ], [ -100.056391415384596, 20.669789569230758 ], [ -100.056312276923038, 20.669840707692344 ], [ -100.056247, 20.669906953846112 ], [ -100.0561692461538, 20.66995993846151 ], [ -100.056092323076911, 20.670013984615398 ], [ -100.056016938461525, 20.670069923076944 ], [ -100.055944138461513, 20.670128815384626 ], [ -100.055892384615362, 20.670204907692305 ], [ -100.055850246153838, 20.670286076923073 ], [ -100.055802215384574, 20.670364307692317 ], [ -100.055752492307676, 20.670441584615403 ], [ -100.055702769230734, 20.670518876923108 ], [ -100.055654876923072, 20.670597169230774 ], [ -100.055605230769174, 20.670674507692276 ], [ -100.05558058461537, 20.67076181538463 ], [ -100.055556369230729, 20.67084924615386 ], [ -100.055540430769199, 20.670938338461571 ], [ -100.055522169230741, 20.671027030769221 ], [ -100.05546603076921, 20.671100323076917 ], [ -100.055375784615379, 20.671131107692332 ], [ -100.055281061538437, 20.671145769230765 ], [ -100.055185061538424, 20.671146430769213 ], [ -100.055092, 20.67113681538461 ] ] ] ] } },
{ "type": "Feature", "properties": { "IDBD": 159782, "FC": 6291, "CONDICION": "CUERPO DE AGUA INTERMITENTE" }, "geometry": { "type": "MultiPolygon", "coordinates": [ [ [ [ -99.570060815384608, 20.664148461538481 ], [ -99.56983923076919, 20.663941384615381 ], [ -99.569453384615343, 20.6634456923077 ], [ -99.570154384615378, 20.663497584615364 ], [ -99.570826569230761, 20.66354053846154 ], [ -99.570731723076861, 20.663848076923074 ], [ -99.570559661538411, 20.664047430769195 ], [ -99.570320015384624, 20.6641476153846 ], [ -99.570060815384608, 20.664148461538481 ] ] ] ] } },
{ "type": "Feature", "properties": { "IDBD": 159801, "FC": 6291, "CONDICION": "CUERPO DE AGUA INTERMITENTE" }, "geometry": { "type": "MultiPolygon", "coordinates": [ [ [ [ -99.982138569230742, 20.668429261538485 ], [ -99.982601092307661, 20.668697676923074 ], [ -99.982707492307654, 20.668823569230799 ], [ -99.982766138461514, 20.668985861538449 ], [ -99.982853584615356, 20.669148 ], [ -99.982633492307613, 20.669257661538481 ], [ -99.982489907692269, 20.669321723076941 ], [ -99.982317276923055, 20.669349815384635 ], [ -99.982173061538447, 20.669314492307706 ], [ -99.98208601538461, 20.669215615384623 ], [ -99.981941276923038, 20.669098984615378 ], [ -99.981844399999986, 20.668964 ], [ -99.981766446153841, 20.668783753846171 ], [ -99.981851969230746, 20.668647738461495 ], [ -99.982138569230742, 20.668429261538485 ] ] ] ] } },
{ "type": "Feature", "properties": { "IDBD": 159802, "FC": 6291, "CONDICION": "CUERPO DE AGUA INTERMITENTE" }, "geometry": { "type": "MultiPolygon", "coordinates": [ [ [ [ -99.837834723076895, 20.667320384615348 ], [ -99.837632538461477, 20.667212938461514 ], [ -99.837506846153815, 20.667050923076904 ], [ -99.837323599999976, 20.666898199999981 ], [ -99.837217369230743, 20.666781261538436 ], [ -99.837187476923049, 20.666582630769231 ], [ -99.837330538461501, 20.666410261538438 ], [ -99.837407030769199, 20.666355692307693 ], [ -99.837454584615358, 20.666274138461549 ], [ -99.837492584615362, 20.66620167692307 ], [ -99.837578738461488, 20.666156076923063 ], [ -99.837655292307645, 20.666110523076963 ], [ -99.837837584615357, 20.66609156923078 ], [ -99.83796243076921, 20.6661 ], [ -99.837834723076895, 20.667320384615348 ] ] ] ] } },
{ "type": "Feature", "properties": { "IDBD": 159809, "FC": 6291, "CONDICION": "CUERPO DE AGUA INTERMITENTE" }, "geometry": { "type": "MultiPolygon", "coordinates": [ [ [ [ -99.803906861538422, 20.665295307692297 ], [ -99.8043475538461, 20.665121584615413 ], [ -99.804855338461479, 20.664929476923092 ], [ -99.804828107692316, 20.665227769230778 ], [ -99.804822030769174, 20.66589641538458 ], [ -99.804813769230719, 20.666149430769252 ], [ -99.804795661538449, 20.666357338461562 ], [ -99.804739492307647, 20.666628661538436 ], [ -99.804643630769192, 20.666656215384638 ], [ -99.804537523076917, 20.666557307692294 ], [ -99.804450076923061, 20.666358938461507 ], [ -99.804353076923036, 20.666169661538436 ], [ -99.804188538461517, 20.665917430769273 ], [ -99.804082138461538, 20.665764323076907 ], [ -99.804052476923033, 20.665601830769209 ], [ -99.804023107692288, 20.665493538461583 ], [ -99.803906861538422, 20.665295307692297 ] ] ] ] } },
{ "type": "Feature", "properties": { "IDBD": 159827, "FC": 6291, "CONDICION": "CUERPO DE AGUA INTERMITENTE" }, "geometry": { "type": "MultiPolygon", "coordinates": [ [ [ [ -100.062616815384573, 20.669281769230786 ], [ -100.062615723076917, 20.669252399999984 ], [ -100.062618338461505, 20.669161830769237 ], [ -100.062616446153825, 20.669071723076929 ], [ -100.062618969230769, 20.668981415384607 ], [ -100.062617061538447, 20.668891076923092 ], [ -100.062615153846096, 20.668800753846156 ], [ -100.062613215384587, 20.668710430769231 ], [ -100.062611292307679, 20.668620092307709 ], [ -100.062609353846113, 20.668529769230734 ], [ -100.062607415384591, 20.668439446153862 ], [ -100.062605446153796, 20.668349107692293 ], [ -100.062603492307673, 20.668258784615379 ], [ -100.062601523076893, 20.668168461538457 ], [ -100.062599107692279, 20.668078138461574 ], [ -100.06259669230765, 20.667987830769246 ], [ -100.062594246153836, 20.667897507692327 ], [ -100.062591784615336, 20.667807184615423 ], [ -100.06259495384613, 20.667718707692309 ], [ -100.062594876923029, 20.667627030769257 ], [ -100.06259110769227, 20.667535753846142 ], [ -100.062589692307682, 20.667445369230716 ], [ -100.062585584615348, 20.667354476923109 ], [ -100.062652738461523, 20.667299969230772 ], [ -100.062736307692276, 20.667255523076914 ], [ -100.062831138461505, 20.667241538461564 ], [ -100.062920230769208, 20.66727516923082 ], [ -100.063009569230758, 20.667308261538466 ], [ -100.063097846153823, 20.667343738461554 ], [ -100.063177384615344, 20.667394307692284 ], [ -100.063245738461475, 20.66745775384619 ], [ -100.063289184615371, 20.667538307692315 ], [ -100.063320553846111, 20.667623707692343 ], [ -100.063367661538436, 20.667702430769236 ], [ -100.063440061538401, 20.667761753846108 ], [ -100.063490369230735, 20.667838692307701 ], [ -100.063535984615356, 20.667918184615402 ], [ -100.063617738461517, 20.667965538461527 ], [ -100.063705107692286, 20.668002953846166 ], [ -100.063782738461512, 20.668056092307683 ], [ -100.063847892307692, 20.66812244615387 ], [ -100.063857861538452, 20.668212307692333 ], [ -100.063817707692294, 20.668294369230804 ], [ -100.063733984615354, 20.668338553846173 ], [ -100.063646076923064, 20.668374846153839 ], [ -100.063562307692251, 20.668418984615407 ], [ -100.063481738461505, 20.668468107692306 ], [ -100.063405507692281, 20.668523015384629 ], [ -100.063328276923045, 20.668576661538427 ], [ -100.063253907692285, 20.66863378461537 ], [ -100.063195184615353, 20.668705261538495 ], [ -100.063158938461513, 20.668788923076892 ], [ -100.063114261538445, 20.668868892307721 ], [ -100.063063399999962, 20.668945507692289 ], [ -100.062997461538444, 20.669011169230771 ], [ -100.062931369230768, 20.669076692307694 ], [ -100.062857738461489, 20.669134646153857 ], [ -100.062782969230767, 20.669191323076923 ], [ -100.062700876923046, 20.66923815384612 ], [ -100.062616815384573, 20.669281769230786 ] ] ] ] } },
{ "type": "Feature", "properties": { "IDBD": 159840, "FC": 6291, "CONDICION": "CUERPO DE AGUA INTERMITENTE" }, "geometry": { "type": "MultiPolygon", "coordinates": [ [ [ [ -99.878984030769189, 20.664594753846149 ], [ -99.879243692307639, 20.664674753846153 ], [ -99.879561307692271, 20.664817692307693 ], [ -99.87972464615379, 20.664843969230791 ], [ -99.880051292307655, 20.664887476923084 ], [ -99.880425892307684, 20.66492170769228 ], [ -99.880762138461506, 20.664965169230776 ], [ -99.881309784615354, 20.665043692307709 ], [ -99.881742692307654, 20.665204107692308 ], [ -99.881945076923031, 20.665338599999981 ], [ -99.8820622, 20.665672307692329 ], [ -99.882101692307657, 20.665861846153863 ], [ -99.882036169230744, 20.666151307692303 ], [ -99.881701784615373, 20.666433107692299 ], [ -99.881633446153828, 20.6662346769231 ], [ -99.881583569230727, 20.665909661538443 ], [ -99.881515646153829, 20.665783523076914 ], [ -99.881399769230725, 20.665666661538435 ], [ -99.881140169230747, 20.665595707692301 ], [ -99.880793953846108, 20.665489046153851 ], [ -99.880534707692249, 20.665481338461543 ], [ -99.880285169230746, 20.665491646153892 ], [ -99.880073938461493, 20.665483692307728 ], [ -99.879765969230746, 20.665349723076922 ], [ -99.879524723076898, 20.665134123076921 ], [ -99.879360799999972, 20.665008461538495 ], [ -99.879244984615369, 20.66490063076926 ], [ -99.878984030769189, 20.664594753846149 ] ] ] ] } },
{ "type": "Feature", "properties": { "IDBD": 159842, "FC": 6291, "CONDICION": "CUERPO DE AGUA INTERMITENTE" }, "geometry": { "type": "MultiPolygon", "coordinates": [ [ [ [ -99.774120815384578, 20.663967830769241 ], [ -99.774378215384601, 20.663614292307702 ], [ -99.774607199999963, 20.66333316923075 ], [ -99.774887276923067, 20.663666215384595 ], [ -99.775119138461491, 20.66395430769229 ], [ -99.775178030769197, 20.664207030769191 ], [ -99.775131123076889, 20.664424092307655 ], [ -99.775046246153849, 20.664722646153891 ], [ -99.774979861538455, 20.664885584615405 ], [ -99.774709323076905, 20.664543446153843 ], [ -99.774670153846117, 20.66439003076923 ], [ -99.77455416923074, 20.664236938461556 ], [ -99.774400123076916, 20.664147276923082 ], [ -99.774169353846119, 20.664076030769223 ], [ -99.774120815384578, 20.663967830769241 ] ] ] ] } },
{ "type": "Feature", "properties": { "IDBD": 159847, "FC": 6291, "CONDICION": "CUERPO DE AGUA INTERMITENTE" }, "geometry": { "type": "MultiPolygon", "coordinates": [ [ [ [ -99.860042061538451, 20.662630215384613 ], [ -99.860282415384589, 20.662692261538457 ], [ -99.860513707692277, 20.662853738461539 ], [ -99.860630276923047, 20.663097107692277 ], [ -99.860950753846097, 20.665453707692279 ], [ -99.86092316923073, 20.665670692307682 ], [ -99.860770907692284, 20.665906369230772 ], [ -99.860702030769218, 20.66560855384613 ], [ -99.860642599999963, 20.665283569230724 ], [ -99.860544461538439, 20.664904584615343 ], [ -99.860523784615339, 20.664642661538455 ], [ -99.860425446153826, 20.664227538461539 ], [ -99.860318230769181, 20.66393893846152 ], [ -99.860286676923039, 20.663451200000029 ], [ -99.860130907692266, 20.663063461538446 ], [ -99.860042061538451, 20.662630215384613 ] ] ] ] } },
{ "type": "Feature", "properties": { "IDBD": 159848, "FC": 6291, "CONDICION": "CUERPO DE AGUA INTERMITENTE" }, "geometry": { "type": "MultiPolygon", "coordinates": [ [ [ [ -100.008830015384589, 20.667860461538439 ], [ -100.008819415384593, 20.667816138461575 ], [ -100.008803646153822, 20.667773476923106 ], [ -100.008790969230759, 20.66772990769228 ], [ -100.008778276923053, 20.667686338461522 ], [ -100.008764630769207, 20.667643030769231 ], [ -100.008750984615375, 20.667599723076908 ], [ -100.008736984615325, 20.667556507692343 ], [ -100.008723, 20.667513307692282 ], [ -100.008709, 20.667470092307699 ], [ -100.008695, 20.667426876923063 ], [ -100.008680799999951, 20.667383738461524 ], [ -100.008666584615355, 20.667340584615385 ], [ -100.008652969230752, 20.667297261538469 ], [ -100.008639369230764, 20.66725393846151 ], [ -100.008625969230721, 20.667210569230736 ], [ -100.008612584615364, 20.667167184615426 ], [ -100.008599076923076, 20.66712383076926 ], [ -100.008587876923031, 20.667079907692308 ], [ -100.008576676923056, 20.667035984615339 ], [ -100.008565492307696, 20.666992046153862 ], [ -100.008554292307679, 20.666948123076953 ], [ -100.008542876923016, 20.666904246153859 ], [ -100.008531476923039, 20.666860369230772 ], [ -100.008520076923048, 20.666816492307692 ], [ -100.008508676923043, 20.66677260000003 ], [ -100.008496969230762, 20.6667288 ], [ -100.008485276923039, 20.66668498461539 ], [ -100.008473323076913, 20.66664123076924 ], [ -100.008461369230773, 20.666597476923052 ], [ -100.00844916923073, 20.666553784615374 ], [ -100.008436969230715, 20.666510092307711 ], [ -100.008424676923042, 20.666466430769216 ], [ -100.008412369230783, 20.666422769230767 ], [ -100.008400446153814, 20.66637901538461 ], [ -100.00838852307686, 20.666335246153846 ], [ -100.008376430769189, 20.666291538461557 ], [ -100.008414892307684, 20.666264523076912 ], [ -100.008453953846114, 20.666238261538442 ], [ -100.008486984615374, 20.666205492307686 ], [ -100.008527646153851, 20.66618149230769 ], [ -100.0085718, 20.666163769230771 ], [ -100.008619, 20.666155584615385 ], [ -100.008664615384575, 20.666141538461535 ], [ -100.008711938461488, 20.666134 ], [ -100.008759461538432, 20.666127692307654 ], [ -100.008807399999966, 20.666130169230755 ], [ -100.008854569230749, 20.666138523076921 ], [ -100.008898584615338, 20.666156523076893 ], [ -100.008935876923076, 20.666184969230756 ], [ -100.008961369230718, 20.666223230769237 ], [ -100.008990830769179, 20.666258892307706 ], [ -100.009012399999989, 20.666299246153873 ], [ -100.009029738461493, 20.666341384615386 ], [ -100.009043584615341, 20.666384630769247 ], [ -100.009066538461511, 20.666424307692289 ], [ -100.009073630769194, 20.666468984615371 ], [ -100.009081446153829, 20.666513553846137 ], [ -100.009081769230704, 20.666558723076935 ], [ -100.009082246153781, 20.666603892307702 ], [ -100.009083184615335, 20.666649061538436 ], [ -100.009085815384609, 20.666694169230787 ], [ -100.009089138461533, 20.666739230769224 ], [ -100.009092476923044, 20.666784292307678 ], [ -100.009095123076904, 20.666829400000012 ], [ -100.009095292307663, 20.666874569230771 ], [ -100.009094738461513, 20.666919753846184 ], [ -100.009090184615374, 20.666964723076951 ], [ -100.009084723076882, 20.667009600000029 ], [ -100.009080230769172, 20.667054569230782 ], [ -100.009075492307659, 20.66709952307691 ], [ -100.0090758, 20.667144692307684 ], [ -100.009076092307652, 20.667189876923079 ], [ -100.009076384615341, 20.667235046153863 ], [ -100.009076538461514, 20.667280215384629 ], [ -100.00907621538461, 20.667325384615381 ], [ -100.009074415384603, 20.667370538461537 ], [ -100.009066846153829, 20.667415138461561 ], [ -100.009065815384602, 20.667460307692345 ], [ -100.009054723076886, 20.667504261538451 ], [ -100.009050246153805, 20.667549230769218 ], [ -100.009042953846119, 20.667593876923117 ], [ -100.009030553846131, 20.667637523076948 ], [ -100.00901383076922, 20.667679861538453 ], [ -100.008994876923055, 20.667721369230801 ], [ -100.008974723076904, 20.667762369230768 ], [ -100.008946046153824, 20.667798584615387 ], [ -100.00891190769228, 20.66783033846156 ], [ -100.008869138461506, 20.667850861538447 ], [ -100.008830015384589, 20.667860461538439 ] ] ] ] } },
{ "type": "Feature", "properties": { "IDBD": 159851, "FC": 6291, "CONDICION": "CUERPO DE AGUA INTERMITENTE" }, "geometry": { "type": "MultiPolygon", "coordinates": [ [ [ [ -99.972415446153846, 20.667165246153843 ], [ -99.97239532307691, 20.667020799999989 ], [ -99.972471030769213, 20.666848707692289 ], [ -99.972699753846115, 20.666585415384596 ], [ -99.973025153846095, 20.666429984615409 ], [ -99.973284046153822, 20.666383338461515 ], [ -99.973562199999975, 20.666345630769225 ], [ -99.973754830769195, 20.666443923076898 ], [ -99.973938476923053, 20.666641661538478 ], [ -99.974054769230747, 20.66681267692304 ], [ -99.97389156923073, 20.6668136 ], [ -99.973786446153795, 20.666886461538478 ], [ -99.973672107692295, 20.66702263076925 ], [ -99.973596184615388, 20.667158584615414 ], [ -99.973452646153831, 20.667231676923073 ], [ -99.973289399999985, 20.667223569230767 ], [ -99.972981753846128, 20.667153030769214 ], [ -99.97278023076916, 20.6671632 ], [ -99.972645661538436, 20.667136846153859 ], [ -99.972415446153846, 20.667165246153843 ] ] ] ] } },
{ "type": "Feature", "properties": { "IDBD": 159873, "FC": 6291, "CONDICION": "CUERPO DE AGUA INTERMITENTE" }, "geometry": { "type": "MultiPolygon", "coordinates": [ [ [ [ -99.891130446153838, 20.665047446153892 ], [ -99.891043676923061, 20.664984646153865 ], [ -99.891052323076892, 20.664821969230793 ], [ -99.891156661538432, 20.664604584615368 ], [ -99.891242430769211, 20.664495723076893 ], [ -99.89133736923074, 20.664314523076932 ], [ -99.891470446153804, 20.664087953846156 ], [ -99.891593969230755, 20.66387047692308 ], [ -99.891669338461526, 20.663626138461538 ], [ -99.891494030769181, 20.663261830769262 ], [ -99.892282538461501, 20.663424184615355 ], [ -99.892302799999968, 20.663604784615409 ], [ -99.89222679999996, 20.663740707692302 ], [ -99.892055107692272, 20.663931338461538 ], [ -99.892017661538432, 20.664094169230786 ], [ -99.892018723076902, 20.664274861538431 ], [ -99.891703523076913, 20.664547538461548 ], [ -99.89153156923075, 20.664693 ], [ -99.891369430769231, 20.664874538461536 ], [ -99.891225969230732, 20.664965630769245 ], [ -99.891130446153838, 20.665047446153892 ] ] ] ] } },
{ "type": "Feature", "properties": { "IDBD": 159896, "FC": 6291, "CONDICION": "CUERPO DE AGUA INTERMITENTE" }, "geometry": { "type": "MultiPolygon", "coordinates": [ [ [ [ -99.711993738461487, 20.660783892307698 ], [ -99.712271369230734, 20.660620107692292 ], [ -99.712616830769193, 20.660591584615343 ], [ -99.712522399999969, 20.66092627692311 ], [ -99.712465723076889, 20.661125292307663 ], [ -99.712380630769189, 20.661405753846168 ], [ -99.712410492307626, 20.661631507692299 ], [ -99.712265984615357, 20.661523676923085 ], [ -99.712092430769218, 20.661361753846148 ], [ -99.712005107692278, 20.661163338461542 ], [ -99.711946661538406, 20.660982876923057 ], [ -99.711993738461487, 20.660783892307698 ] ] ] ] } },
{ "type": "Feature", "properties": { "IDBD": 159910, "FC": 6291, "CONDICION": "CUERPO DE AGUA INTERMITENTE" }, "geometry": { "type": "MultiPolygon", "coordinates": [ [ [ [ -99.866726723076894, 20.663202107692353 ], [ -99.866782123076888, 20.662813323076914 ], [ -99.866819246153838, 20.662587261538444 ], [ -99.866947230769185, 20.661457215384644 ], [ -99.867044492307656, 20.661682599999988 ], [ -99.867094753846118, 20.662079892307737 ], [ -99.867193876923054, 20.662630553846189 ], [ -99.867184384615371, 20.662648661538448 ], [ -99.867013015384572, 20.662902507692301 ], [ -99.866726723076894, 20.663202107692353 ] ] ] ] } },
{ "type": "Feature", "properties": { "IDBD": 159916, "FC": 6291, "CONDICION": "CUERPO DE AGUA INTERMITENTE" }, "geometry": { "type": "MultiPolygon", "coordinates": [ [ [ [ -100.075965723076905, 20.665768246153885 ], [ -100.075886169230756, 20.665763876923037 ], [ -100.0758078, 20.665748476923095 ], [ -100.075720169230735, 20.665714246153836 ], [ -100.075633861538449, 20.665674707692347 ], [ -100.075543784615363, 20.665643492307684 ], [ -100.075458184615371, 20.665602600000017 ], [ -100.075393246153823, 20.665536061538443 ], [ -100.075324923076906, 20.6654726 ], [ -100.0752964, 20.665426107692323 ], [ -100.075276923076871, 20.665394353846168 ], [ -100.075239553846117, 20.665311138461568 ], [ -100.075186076923075, 20.665236123076923 ], [ -100.075142492307705, 20.665155615384631 ], [ -100.075118907692314, 20.665068046153813 ], [ -100.075111538461528, 20.664977953846176 ], [ -100.07511469230765, 20.664887661538497 ], [ -100.075150523076886, 20.664803846153866 ], [ -100.075206415384585, 20.664730399999986 ], [ -100.075287692307668, 20.66477847692305 ], [ -100.07534339999998, 20.664852046153882 ], [ -100.075397276923027, 20.664926815384636 ], [ -100.075460061538436, 20.664995169230775 ], [ -100.075532769230705, 20.665054138461585 ], [ -100.075593523076904, 20.665124107692296 ], [ -100.075645046153838, 20.665200323076931 ], [ -100.07571136923076, 20.665265646153834 ], [ -100.075785430769187, 20.665323123076941 ], [ -100.075859107692324, 20.665381030769208 ], [ -100.075911846153815, 20.665456523076916 ], [ -100.075965569230704, 20.665531384615402 ], [ -100.076013630769225, 20.6656096 ], [ -100.076027399999973, 20.665699015384632 ], [ -100.075965723076905, 20.665768246153885 ] ] ] ] } },
{ "type": "Feature", "properties": { "IDBD": 159926, "FC": 6291, "CONDICION": "CUERPO DE AGUA INTERMITENTE" }, "geometry": { "type": "MultiPolygon", "coordinates": [ [ [ [ -100.033759876923057, 20.664662046153872 ], [ -100.033681215384618, 20.664610261538428 ], [ -100.033602661538438, 20.664558338461553 ], [ -100.033524169230745, 20.664506323076971 ], [ -100.033445692307666, 20.664454307692345 ], [ -100.03336738461536, 20.664402030769253 ], [ -100.033289092307683, 20.664349769230775 ], [ -100.033210723076905, 20.664297600000012 ], [ -100.033132338461499, 20.664245430769203 ], [ -100.033054215384595, 20.664192938461557 ], [ -100.032976092307678, 20.664140446153827 ], [ -100.032899553846121, 20.664085907692307 ], [ -100.03281689230765, 20.664039969230757 ], [ -100.032735338461507, 20.663992323076926 ], [ -100.032653784615363, 20.663944661538459 ], [ -100.032573584615363, 20.663895030769233 ], [ -100.032490876923049, 20.663849153846108 ], [ -100.032406692307674, 20.663798738461526 ], [ -100.032461769230736, 20.663724738461578 ], [ -100.032532261538435, 20.663663400000043 ], [ -100.032610892307659, 20.663611584615424 ], [ -100.032684599999982, 20.663553707692277 ], [ -100.032741953846113, 20.663481261538493 ], [ -100.032800907692291, 20.663409953846156 ], [ -100.032865338461534, 20.663342984615404 ], [ -100.032935061538424, 20.663280876923093 ], [ -100.033008230769198, 20.663222399999977 ], [ -100.033080015384598, 20.663162430769248 ], [ -100.033152138461475, 20.6631028 ], [ -100.033198446153833, 20.663023661538443 ], [ -100.033217707692273, 20.662935153846124 ], [ -100.033283092307656, 20.662869 ], [ -100.033352553846129, 20.662806646153847 ], [ -100.03341789230771, 20.662740461538448 ], [ -100.033511399999952, 20.662760907692324 ], [ -100.033597292307661, 20.662801246153851 ], [ -100.033666938461522, 20.662863415384617 ], [ -100.033761553846148, 20.662878692307707 ], [ -100.0338499076923, 20.662843369230753 ], [ -100.033825892307689, 20.662755892307668 ], [ -100.0337562307692, 20.662693738461542 ], [ -100.033717384615372, 20.662611123076896 ], [ -100.033803153846122, 20.662570553846152 ], [ -100.033899138461493, 20.662572076923109 ], [ -100.033948784615347, 20.662649399999985 ], [ -100.033971369230727, 20.662737200000027 ], [ -100.034009584615362, 20.662820076923126 ], [ -100.03408995384612, 20.662869492307657 ], [ -100.03418526153844, 20.662880307692308 ], [ -100.034251799999964, 20.66294541538462 ], [ -100.034276215384565, 20.663032799999989 ], [ -100.034282015384605, 20.663122969230756 ], [ -100.034271907692258, 20.663212815384618 ], [ -100.034246276923071, 20.663299892307709 ], [ -100.0342013384615, 20.663379723076918 ], [ -100.034195030769197, 20.663469876923106 ], [ -100.034166123076901, 20.663556030769215 ], [ -100.034136353846137, 20.663641923076931 ], [ -100.034102784615328, 20.6637265692308 ], [ -100.0340768, 20.663813538461554 ], [ -100.034054738461506, 20.663901476923083 ], [ -100.034032692307647, 20.6639894 ], [ -100.034013584615352, 20.664077938461507 ], [ -100.033985569230765, 20.664164353846132 ], [ -100.033949892307689, 20.664248230769243 ], [ -100.033918584615336, 20.66433364615385 ], [ -100.033886153846112, 20.664418676923074 ], [ -100.033842723076901, 20.664499246153866 ], [ -100.033805276923033, 20.664582430769215 ], [ -100.033759876923057, 20.664662046153872 ] ] ] ] } },
{ "type": "Feature", "properties": { "IDBD": 159930, "FC": 6291, "CONDICION": "CUERPO DE AGUA INTERMITENTE" }, "geometry": { "type": "MultiPolygon", "coordinates": [ [ [ [ -99.869349938461511, 20.66026150769229 ], [ -99.869717184615368, 20.660693338461545 ], [ -99.869921384615381, 20.661153107692275 ], [ -99.870417230769206, 20.662252907692295 ], [ -99.870456399999966, 20.662388230769224 ], [ -99.870234538461546, 20.662199615384647 ], [ -99.870031553846118, 20.661956692307726 ], [ -99.869663123076904, 20.661317046153837 ], [ -99.869564969230751, 20.660938061538427 ], [ -99.869349938461511, 20.66026150769229 ] ] ] ] } },
{ "type": "Feature", "properties": { "IDBD": 159931, "FC": 6291, "CONDICION": "CUERPO DE AGUA INTERMITENTE" }, "geometry": { "type": "MultiPolygon", "coordinates": [ [ [ [ -99.927447753846124, 20.662091246153853 ], [ -99.927763707692279, 20.661954015384616 ], [ -99.928099184615348, 20.661870907692322 ], [ -99.928454292307649, 20.661859953846154 ], [ -99.928790707692301, 20.661930430769221 ], [ -99.929137276923029, 20.662091184615363 ], [ -99.929368476923031, 20.662225476923066 ], [ -99.929754323076864, 20.662530584615368 ], [ -99.93008218461533, 20.662772769230756 ], [ -99.930179169230726, 20.662934876923103 ], [ -99.92993056923072, 20.66309884615384 ], [ -99.929729092307682, 20.663118 ], [ -99.929459599999959, 20.663002 ], [ -99.929006507692293, 20.662688215384616 ], [ -99.928323476923069, 20.662447938461519 ], [ -99.927651092307642, 20.662379276923048 ], [ -99.927516307692272, 20.662316753846152 ], [ -99.927447753846124, 20.662091246153853 ] ] ] ] } },
{ "type": "Feature", "properties": { "IDBD": 159937, "FC": 6291, "CONDICION": "CUERPO DE AGUA INTERMITENTE" }, "geometry": { "type": "MultiPolygon", "coordinates": [ [ [ [ -99.87932049230767, 20.661340369230732 ], [ -99.880196538461547, 20.6617696 ], [ -99.880292784615349, 20.661814276923057 ], [ -99.881178276923066, 20.662216338461565 ], [ -99.880871307692288, 20.662254046153866 ], [ -99.880237169230753, 20.662157907692315 ], [ -99.879967707692288, 20.662041815384626 ], [ -99.879659446153823, 20.661853646153876 ], [ -99.879446692307653, 20.661583676923126 ], [ -99.87932049230767, 20.661340369230732 ] ] ] ] } },
{ "type": "Feature", "properties": { "IDBD": 159969, "FC": 6291, "CONDICION": "CUERPO DE AGUA INTERMITENTE" }, "geometry": { "type": "MultiPolygon", "coordinates": [ [ [ [ -99.708073215384601, 20.657899646153837 ], [ -99.708160661538443, 20.658125169230793 ], [ -99.708056076923071, 20.65834244615387 ], [ -99.707989123076899, 20.658396938461568 ], [ -99.70781670769226, 20.658478969230746 ], [ -99.707615323076936, 20.658524969230754 ], [ -99.707585907692291, 20.658389553846138 ], [ -99.707594661538423, 20.658208815384604 ], [ -99.707651630769192, 20.658073046153834 ], [ -99.707852476923009, 20.657909584615407 ], [ -99.708073215384601, 20.657899646153837 ] ] ] ] } },
{ "type": "Feature", "properties": { "IDBD": 159970, "FC": 6291, "CONDICION": "CUERPO DE AGUA INTERMITENTE" }, "geometry": { "type": "MultiPolygon", "coordinates": [ [ [ [ -100.066783476923021, 20.66335856923078 ], [ -100.066687569230737, 20.663354646153845 ], [ -100.066592753846137, 20.663340553846147 ], [ -100.0665, 20.663317292307685 ], [ -100.066406, 20.663299015384652 ], [ -100.066313892307662, 20.663273553846153 ], [ -100.066236138461491, 20.663220584615431 ], [ -100.066206323076884, 20.663134707692265 ], [ -100.066199415384574, 20.6630446 ], [ -100.0661986, 20.662954246153838 ], [ -100.066202692307684, 20.662863984615381 ], [ -100.066207599999956, 20.662773753846167 ], [ -100.066216400000016, 20.6626838 ], [ -100.066222230769185, 20.662593615384658 ], [ -100.066242338461507, 20.662505276923056 ], [ -100.066282399999963, 20.662423169230777 ], [ -100.066348969230759, 20.662358076923073 ], [ -100.066438676923056, 20.662325953846164 ], [ -100.066532092307639, 20.662305169230777 ], [ -100.06662684615381, 20.662290692307742 ], [ -100.066722830769223, 20.662289153846153 ], [ -100.066734230769185, 20.662378861538464 ], [ -100.066683615384619, 20.662455630769227 ], [ -100.066672953846137, 20.662545415384638 ], [ -100.066673553846144, 20.662635753846153 ], [ -100.066674184615366, 20.662726107692301 ], [ -100.066715169230761, 20.662807799999978 ], [ -100.066773969230766, 20.662879215384606 ], [ -100.066803938461533, 20.662965046153847 ], [ -100.066807107692298, 20.66305533846154 ], [ -100.066808199999983, 20.663145676923097 ], [ -100.066804076923049, 20.663235938461533 ], [ -100.066794861538412, 20.663322953846123 ], [ -100.066783476923021, 20.66335856923078 ] ] ] ] } },
{ "type": "Feature", "properties": { "IDBD": 159974, "FC": 6291, "CONDICION": "CUERPO DE AGUA INTERMITENTE" }, "geometry": { "type": "MultiPolygon", "coordinates": [ [ [ [ -99.934836461538424, 20.661608646153876 ], [ -99.934074984615336, 20.661097769230793 ], [ -99.934247107692286, 20.660988415384622 ], [ -99.934458123076865, 20.660960169230773 ], [ -99.934660092307652, 20.661022323076963 ], [ -99.934833476923032, 20.661120769230781 ], [ -99.934911153846116, 20.661264907692292 ], [ -99.934883353846118, 20.661427692307669 ], [ -99.934836461538424, 20.661608646153876 ] ] ] ] } },
{ "type": "Feature", "properties": { "IDBD": 159976, "FC": 6291, "CONDICION": "CUERPO DE AGUA INTERMITENTE" }, "geometry": { "type": "MultiPolygon", "coordinates": [ [ [ [ -99.967194215384581, 20.66126763076922 ], [ -99.967788276923059, 20.661092630769218 ], [ -99.969513015384578, 20.660595061538483 ], [ -99.969561353846146, 20.660649 ], [ -99.969629292307687, 20.660766076923078 ], [ -99.969619984615321, 20.660811292307688 ], [ -99.969505199999972, 20.660875184615428 ], [ -99.969351953846129, 20.660930261538464 ], [ -99.968680815384616, 20.661060523076916 ], [ -99.967876784615356, 20.661426430769236 ], [ -99.967225307692274, 20.661628861538428 ], [ -99.96673672307692, 20.6617852 ], [ -99.966612153846128, 20.661822030769258 ], [ -99.966246769230736, 20.661724692307693 ], [ -99.966121061538416, 20.66158083076926 ], [ -99.966763061538416, 20.661396538461538 ], [ -99.967194215384581, 20.66126763076922 ] ] ] ] } },
{ "type": "Feature", "properties": { "IDBD": 159985, "FC": 6291, "CONDICION": "CUERPO DE AGUA INTERMITENTE" }, "geometry": { "type": "MultiPolygon", "coordinates": [ [ [ [ -99.985971, 20.661314938461523 ], [ -99.986124984615373, 20.661377292307712 ], [ -99.98624052307693, 20.661430846153859 ], [ -99.986576676923036, 20.661456030769223 ], [ -99.986778892307683, 20.661554261538477 ], [ -99.986702569230729, 20.661626969230809 ], [ -99.986520646153807, 20.661700292307657 ], [ -99.986155599999947, 20.6616572 ], [ -99.985934461538434, 20.661604261538468 ], [ -99.985693907692266, 20.661515292307694 ], [ -99.98553961538461, 20.661407753846181 ], [ -99.985971, 20.661314938461523 ] ] ] ] } },
{ "type": "Feature", "properties": { "IDBD": 159998, "FC": 6291, "CONDICION": "CUERPO DE AGUA INTERMITENTE" }, "geometry": { "type": "MultiPolygon", "coordinates": [ [ [ [ -100.035902584615371, 20.661583476923099 ], [ -100.035872661538434, 20.661548153846145 ], [ -100.035842338461521, 20.661513138461565 ], [ -100.035813246153822, 20.66147721538464 ], [ -100.035784153846123, 20.661441276923103 ], [ -100.035754615384576, 20.661405676923088 ], [ -100.035725076923029, 20.661370076923124 ], [ -100.035695907692286, 20.661334184615395 ], [ -100.035666507692298, 20.661298492307704 ], [ -100.035640323076919, 20.661260630769242 ], [ -100.035610876923045, 20.661224953846141 ], [ -100.035582584615355, 20.66118846153844 ], [ -100.03555429230768, 20.66115198461538 ], [ -100.035525584615357, 20.661115769230744 ], [ -100.035496876923034, 20.66107956923079 ], [ -100.035467892307665, 20.661043569230738 ], [ -100.035438907692281, 20.661007553846186 ], [ -100.035409723076924, 20.660971707692333 ], [ -100.035380523076881, 20.660935846153855 ], [ -100.03535221538462, 20.660899369230755 ], [ -100.035335076923033, 20.660857169230734 ], [ -100.035334769230758, 20.660812 ], [ -100.035339353846169, 20.660767030769243 ], [ -100.035355784615362, 20.660724584615373 ], [ -100.035382584615348, 20.660687123076919 ], [ -100.035416753846093, 20.660655399999971 ], [ -100.035463184615352, 20.660643953846186 ], [ -100.035511184615331, 20.660643984615405 ], [ -100.035558799999961, 20.660649661538468 ], [ -100.035605769230742, 20.660658953846166 ], [ -100.03565230769226, 20.660670015384628 ], [ -100.035699230769211, 20.660679461538454 ], [ -100.035745830769201, 20.660690307692292 ], [ -100.035791092307662, 20.660705307692325 ], [ -100.035831092307674, 20.660730276923072 ], [ -100.035863907692288, 20.660763246153859 ], [ -100.035901353846114, 20.660791507692338 ], [ -100.035939892307653, 20.66081843076924 ], [ -100.035975876923047, 20.660848323076898 ], [ -100.036012830769195, 20.66087713846154 ], [ -100.036044738461513, 20.660910892307683 ], [ -100.036081215384584, 20.660940246153846 ], [ -100.036116169230738, 20.66097120000002 ], [ -100.036135307692248, 20.661012630769235 ], [ -100.036142861538465, 20.661057230769263 ], [ -100.036149461538443, 20.661101984615367 ], [ -100.036154092307655, 20.661146938461545 ], [ -100.0361604, 20.661191723076922 ], [ -100.036163630769195, 20.661236800000026 ], [ -100.036163384615321, 20.661281969230807 ], [ -100.036160246153798, 20.661327046153826 ], [ -100.036146738461511, 20.661370400000013 ], [ -100.036136492307634, 20.661414523076964 ], [ -100.036126246153799, 20.661458661538447 ], [ -100.036110030769237, 20.66150116923081 ], [ -100.036083123076892, 20.661538584615418 ], [ -100.036047615384575, 20.6615689846154 ], [ -100.036003523076872, 20.661585476923065 ], [ -100.035955938461512, 20.661588446153868 ], [ -100.035902584615371, 20.661583476923099 ] ] ] ] } },
{ "type": "Feature", "properties": { "IDBD": 160003, "FC": 6291, "CONDICION": "CUERPO DE AGUA INTERMITENTE" }, "geometry": { "type": "MultiPolygon", "coordinates": [ [ [ [ -100.058377907692289, 20.661737538461502 ], [ -100.058312107692259, 20.661713261538498 ], [ -100.058231107692279, 20.661681753846146 ], [ -100.058138523076892, 20.661652015384586 ], [ -100.058052169230734, 20.661612569230755 ], [ -100.057982, 20.661550907692348 ], [ -100.057918846153854, 20.661482861538481 ], [ -100.057879738461494, 20.661400353846147 ], [ -100.057860492307668, 20.661311846153861 ], [ -100.057860538461526, 20.66122150769236 ], [ -100.057872815384627, 20.661131892307676 ], [ -100.057884184615347, 20.661042184615404 ], [ -100.057897938461494, 20.6609527692308 ], [ -100.057984876923044, 20.660914492307676 ], [ -100.058065476923034, 20.66096355384613 ], [ -100.058160923076898, 20.660953907692285 ], [ -100.058253969230762, 20.660931707692299 ], [ -100.058349938461518, 20.660929661538447 ], [ -100.058442815384566, 20.660952461538468 ], [ -100.058498046153829, 20.661026353846179 ], [ -100.058526307692276, 20.661112692307714 ], [ -100.0585259230769, 20.661203046153879 ], [ -100.058515938461539, 20.661292907692282 ], [ -100.058524138461522, 20.661382923076914 ], [ -100.058529076923051, 20.661473138461567 ], [ -100.058533338461473, 20.66156340000002 ], [ -100.058521169230744, 20.661653015384626 ], [ -100.058473676923029, 20.66173153846157 ], [ -100.058377907692289, 20.661737538461502 ] ] ] ] } },
{ "type": "Feature", "properties": { "IDBD": 160005, "FC": 6291, "CONDICION": "CUERPO DE AGUA INTERMITENTE" }, "geometry": { "type": "MultiPolygon", "coordinates": [ [ [ [ -99.942253215384568, 20.659454092307691 ], [ -99.941335938461535, 20.660145753846162 ], [ -99.941296646153802, 20.660001415384585 ], [ -99.941276169230719, 20.659793723076927 ], [ -99.941351738461506, 20.65959453846154 ], [ -99.941551984615373, 20.659376599999987 ], [ -99.941762830769207, 20.659321230769265 ], [ -99.942022230769183, 20.659355953846116 ], [ -99.942253215384568, 20.659454092307691 ] ] ] ] } },
{ "type": "Feature", "properties": { "IDBD": 160013, "FC": 6291, "CONDICION": "CUERPO DE AGUA INTERMITENTE" }, "geometry": { "type": "MultiPolygon", "coordinates": [ [ [ [ -99.870532430769217, 20.658882184615404 ], [ -99.870522523076886, 20.658828030769207 ], [ -99.870482061538453, 20.658466815384635 ], [ -99.870499261538441, 20.65811436923077 ], [ -99.870419938461524, 20.657672030769263 ], [ -99.870437953846135, 20.657464138461567 ], [ -99.870417215384592, 20.657193184615398 ], [ -99.870415307692284, 20.656858892307678 ], [ -99.870576646153822, 20.656532815384665 ], [ -99.870699276923062, 20.656152707692293 ], [ -99.870659323076922, 20.655881861538468 ], [ -99.870571907692252, 20.655701584615379 ], [ -99.870551738461501, 20.655530030769238 ], [ -99.870626938461498, 20.655249553846147 ], [ -99.870886046153799, 20.655239215384576 ], [ -99.871030507692296, 20.655319800000044 ], [ -99.871233107692262, 20.655499476923058 ], [ -99.87135, 20.655797046153825 ], [ -99.871418784615358, 20.656076800000026 ], [ -99.871325569230748, 20.656565169230767 ], [ -99.87064570769229, 20.658547307692313 ], [ -99.870532430769217, 20.658882184615404 ] ] ] ] } },
{ "type": "Feature", "properties": { "IDBD": 160021, "FC": 6291, "CONDICION": "CUERPO DE AGUA INTERMITENTE" }, "geometry": { "type": "MultiPolygon", "coordinates": [ [ [ [ -99.911564184615344, 20.657893246153805 ], [ -99.912122323076872, 20.65812521538459 ], [ -99.91306616923076, 20.658644261538431 ], [ -99.913258846153809, 20.658760707692288 ], [ -99.91342263076919, 20.658859215384645 ], [ -99.913154599999942, 20.658987138461541 ], [ -99.913010461538462, 20.65896078461536 ], [ -99.91287558461535, 20.658880184615402 ], [ -99.912759907692276, 20.658799476923114 ], [ -99.912634630769176, 20.658718830769175 ], [ -99.912432738461519, 20.658665692307672 ], [ -99.912269230769184, 20.658612338461541 ], [ -99.911981246153829, 20.658613861538484 ], [ -99.911798538461525, 20.658560615384626 ], [ -99.911635092307662, 20.658516307692302 ], [ -99.911481446153815, 20.658508076923088 ], [ -99.911366, 20.658463507692314 ], [ -99.911259923076898, 20.658382753846137 ], [ -99.91111529230767, 20.658275107692269 ], [ -99.910999446153852, 20.65816729230767 ], [ -99.910912676923033, 20.658104507692261 ], [ -99.910844892307665, 20.658005476923073 ], [ -99.9107578, 20.657888476923084 ], [ -99.910670769230734, 20.65778050769234 ], [ -99.910486830769216, 20.657519461538485 ], [ -99.911564184615344, 20.657893246153805 ] ] ] ] } },
{ "type": "Feature", "properties": { "IDBD": 160026, "FC": 6291, "CONDICION": "CUERPO DE AGUA INTERMITENTE" }, "geometry": { "type": "MultiPolygon", "coordinates": [ [ [ [ -99.800350569230744, 20.657143907692284 ], [ -99.800226107692268, 20.65720772307694 ], [ -99.800082215384592, 20.657226461538457 ], [ -99.79993809230767, 20.657200030769239 ], [ -99.799822523076926, 20.657128276923103 ], [ -99.799706846153811, 20.657038461538452 ], [ -99.799629492307645, 20.656930400000029 ], [ -99.799561169230699, 20.656713861538496 ], [ -99.799511938461507, 20.656479169230789 ], [ -99.799906876923075, 20.656739369230767 ], [ -99.800234676923068, 20.657008907692326 ], [ -99.800350569230744, 20.657143907692284 ] ] ] ] } },
{ "type": "Feature", "properties": { "IDBD": 160033, "FC": 6291, "CONDICION": "CUERPO DE AGUA INTERMITENTE" }, "geometry": { "type": "MultiPolygon", "coordinates": [ [ [ [ -100.003870184615366, 20.659521707692321 ], [ -100.003903, 20.6594368 ], [ -100.003937, 20.659352307692334 ], [ -100.003979092307645, 20.659271107692298 ], [ -100.004013199999974, 20.659186661538456 ], [ -100.004051446153824, 20.659103799999979 ], [ -100.004091369230707, 20.659021630769232 ], [ -100.004135, 20.658941153846161 ], [ -100.004174799999944, 20.658858938461506 ], [ -100.004210338461533, 20.658775015384581 ], [ -100.004250738461479, 20.658693061538422 ], [ -100.004298692307657, 20.658614784615356 ], [ -100.004366661538427, 20.658550984615399 ], [ -100.004460599999973, 20.658532430769252 ], [ -100.004546784615343, 20.658572230769231 ], [ -100.004633707692292, 20.658610538461545 ], [ -100.004718138461527, 20.658653538461518 ], [ -100.004806723076896, 20.658688323076891 ], [ -100.004888430769213, 20.658735753846148 ], [ -100.004959, 20.658796984615428 ], [ -100.005021953846125, 20.658865199999962 ], [ -100.005080461538441, 20.658936815384592 ], [ -100.005132969230743, 20.659012446153795 ], [ -100.005168338461516, 20.659096446153857 ], [ -100.005217138461532, 20.659176123076971 ], [ -100.005166061538432, 20.659187661538468 ], [ -100.005073492307673, 20.659211538461559 ], [ -100.004981061538416, 20.65923590769232 ], [ -100.004888338461512, 20.659259307692317 ], [ -100.00479561538458, 20.659282692307741 ], [ -100.004702984615335, 20.659306384615419 ], [ -100.004610353846118, 20.659330076923066 ], [ -100.004517584615371, 20.659353276923074 ], [ -100.004424815384624, 20.659376492307672 ], [ -100.004331984615348, 20.659399461538463 ], [ -100.004239153846143, 20.659422446153883 ], [ -100.004146338461538, 20.65944552307694 ], [ -100.004053538461534, 20.659468600000011 ], [ -100.003960769230758, 20.659491830769216 ], [ -100.003870184615366, 20.659521707692321 ] ] ] ] } },
{ "type": "Feature", "properties": { "IDBD": 160049, "FC": 6291, "CONDICION": "CUERPO DE AGUA INTERMITENTE" }, "geometry": { "type": "MultiPolygon", "coordinates": [ [ [ [ -99.911032199999951, 20.657218430769262 ], [ -99.911213123076891, 20.656973523076932 ], [ -99.911443015384577, 20.656891 ], [ -99.911701646153787, 20.656799276923081 ], [ -99.912057123076892, 20.65685159999995 ], [ -99.912191953846104, 20.656923169230783 ], [ -99.912336369230758, 20.656994692307684 ], [ -99.912424046153788, 20.657211076923065 ], [ -99.912454784615363, 20.657536169230799 ], [ -99.911810784615341, 20.657395015384637 ], [ -99.911032199999951, 20.657218430769262 ] ] ] ] } },
{ "type": "Feature", "properties": { "IDBD": 160053, "FC": 6291, "CONDICION": "CUERPO DE AGUA INTERMITENTE" }, "geometry": { "type": "MultiPolygon", "coordinates": [ [ [ [ -99.621520692307641, 20.652947292307744 ], [ -99.621548907692272, 20.652802615384633 ], [ -99.621682230769238, 20.652540107692317 ], [ -99.621911815384578, 20.652340492307697 ], [ -99.622257169230721, 20.652285046153857 ], [ -99.622296553846112, 20.652528861538453 ], [ -99.622316338461502, 20.652673353846136 ], [ -99.622297661538468, 20.652799923076891 ], [ -99.622231015384571, 20.652935692307668 ], [ -99.622029753846107, 20.653017738461529 ], [ -99.621866676923034, 20.65304544615384 ], [ -99.621520692307641, 20.652947292307744 ] ] ] ] } },
{ "type": "Feature", "properties": { "IDBD": 160065, "FC": 6291, "CONDICION": "CUERPO DE AGUA INTERMITENTE" }, "geometry": { "type": "MultiPolygon", "coordinates": [ [ [ [ -99.988458723076889, 20.657090384615401 ], [ -99.988622076923036, 20.657116553846194 ], [ -99.988737261538432, 20.65711589230774 ], [ -99.988881246153838, 20.657115076923073 ], [ -99.98902539999996, 20.657141353846164 ], [ -99.98902609230764, 20.657249769230773 ], [ -99.989122723076889, 20.6573486 ], [ -99.989152461538453, 20.657492984615406 ], [ -99.98917283076922, 20.657673569230724 ], [ -99.989000276923051, 20.657710707692271 ], [ -99.988837046153819, 20.6577026 ], [ -99.988663799999983, 20.657631307692284 ], [ -99.988489799999968, 20.657442569230778 ], [ -99.988460230769221, 20.657325292307668 ], [ -99.988458723076889, 20.657090384615401 ] ] ] ] } },
{ "type": "Feature", "properties": { "IDBD": 160077, "FC": 6291, "CONDICION": "CUERPO DE AGUA INTERMITENTE" }, "geometry": { "type": "MultiPolygon", "coordinates": [ [ [ [ -100.067882492307689, 20.657679461538443 ], [ -100.067882430769203, 20.657586184615404 ], [ -100.067888584615375, 20.657496953846195 ], [ -100.067889584615386, 20.657407276923092 ], [ -100.067888923076907, 20.657313938461513 ], [ -100.068009846153814, 20.657331984615382 ], [ -100.068105799999955, 20.657334600000038 ], [ -100.068201753846139, 20.657337046153863 ], [ -100.068296061538447, 20.6573538615385 ], [ -100.068389507692288, 20.657374507692317 ], [ -100.068482615384582, 20.657396492307729 ], [ -100.068576107692266, 20.657416953846155 ], [ -100.068670969230752, 20.657430769230739 ], [ -100.068764615384566, 20.657450600000018 ], [ -100.068859123076905, 20.657466369230779 ], [ -100.068948984615389, 20.657498138461509 ], [ -100.069013015384598, 20.657565446153843 ], [ -100.069050261538422, 20.657648707692328 ], [ -100.069072461538454, 20.657736615384639 ], [ -100.069055507692298, 20.65782553846153 ], [ -100.068985707692278, 20.657887553846152 ], [ -100.068906661538449, 20.6579388 ], [ -100.068810707692279, 20.657941476923064 ], [ -100.068715030769212, 20.657934215384596 ], [ -100.068620692307675, 20.657917523076943 ], [ -100.068526569230755, 20.6578998307692 ], [ -100.068436676923071, 20.657868138461552 ], [ -100.068345092307666, 20.657841092307695 ], [ -100.068253307692302, 20.657814676923095 ], [ -100.068164446153816, 20.657780507692294 ], [ -100.068072907692283, 20.657753323076932 ], [ -100.067982707692266, 20.657722446153858 ], [ -100.067882492307689, 20.657679461538443 ] ] ] ] } },
{ "type": "Feature", "properties": { "IDBD": 160085, "FC": 6291, "CONDICION": "CUERPO DE AGUA INTERMITENTE" }, "geometry": { "type": "MultiPolygon", "coordinates": [ [ [ [ -99.705524107692284, 20.652615276923068 ], [ -99.705849938461498, 20.65041832307692 ], [ -99.705915092307663, 20.64997532307693 ], [ -99.705952276923057, 20.649713138461522 ], [ -99.706339076923058, 20.650325969230735 ], [ -99.706436538461489, 20.650641815384617 ], [ -99.706476430769214, 20.650966923076943 ], [ -99.7064016, 20.65139190769235 ], [ -99.706077938461533, 20.651980538461537 ], [ -99.70569598461536, 20.652415800000032 ], [ -99.705524107692284, 20.652615276923068 ] ] ] ] } },
{ "type": "Feature", "properties": { "IDBD": 160092, "FC": 6291, "CONDICION": "CUERPO DE AGUA INTERMITENTE" }, "geometry": { "type": "MultiPolygon", "coordinates": [ [ [ [ -99.979226338461515, 20.654405430769227 ], [ -99.979229292307693, 20.654866199999987 ], [ -99.979307123076921, 20.655028384615367 ], [ -99.979367261538442, 20.655425584615369 ], [ -99.97933956923076, 20.655597399999966 ], [ -99.979312507692242, 20.655868615384634 ], [ -99.979265323076888, 20.655995369230805 ], [ -99.979149323076882, 20.655869538461534 ], [ -99.979033215384561, 20.655725630769254 ], [ -99.978916707692292, 20.655518492307685 ], [ -99.978857323076895, 20.655238738461506 ], [ -99.978874784615343, 20.654967584615402 ], [ -99.978988461538435, 20.654732030769267 ], [ -99.97911179999997, 20.654505461538456 ], [ -99.979226338461515, 20.654405430769227 ] ] ] ] } },
{ "type": "Feature", "properties": { "IDBD": 160096, "FC": 6291, "CONDICION": "CUERPO DE AGUA INTERMITENTE" }, "geometry": { "type": "MultiPolygon", "coordinates": [ [ [ [ -99.781116369230759, 20.652145123076924 ], [ -99.780744553846105, 20.652643753846107 ], [ -99.780344061538429, 20.653169615384645 ], [ -99.780189507692299, 20.652980584615392 ], [ -99.780111984615331, 20.652836353846144 ], [ -99.78006287692304, 20.652619738461507 ], [ -99.7801766, 20.652330092307672 ], [ -99.780281723076897, 20.652239261538472 ], [ -99.780444353846121, 20.652130092307711 ], [ -99.780770169230749, 20.652020199999964 ], [ -99.780952784615366, 20.652064553846134 ], [ -99.781116369230759, 20.652145123076924 ] ] ] ] } },
{ "type": "Feature", "properties": { "IDBD": 160099, "FC": 6291, "CONDICION": "CUERPO DE AGUA INTERMITENTE" }, "geometry": { "type": "MultiPolygon", "coordinates": [ [ [ [ -100.005208461538444, 20.656031292307695 ], [ -100.005114030769207, 20.65600783076923 ], [ -100.005024461538412, 20.655984707692319 ], [ -100.004935507692281, 20.65595076923077 ], [ -100.004846061538416, 20.655918 ], [ -100.004756599999965, 20.655885230769258 ], [ -100.004665553846124, 20.65585663076924 ], [ -100.004578215384598, 20.655820846153865 ], [ -100.004529399999967, 20.655797815384656 ], [ -100.004564399999978, 20.655713876923066 ], [ -100.004608815384614, 20.655633784615372 ], [ -100.004649969230741, 20.655552153846163 ], [ -100.004708230769225, 20.655480353846148 ], [ -100.004779784615366, 20.655420138461526 ], [ -100.004860846153832, 20.655371753846168 ], [ -100.0049529384615, 20.65534627692309 ], [ -100.005048046153817, 20.655334061538447 ], [ -100.005143661538426, 20.655342076923123 ], [ -100.005212092307687, 20.655405430769196 ], [ -100.005237692307674, 20.655492507692284 ], [ -100.005238738461529, 20.655582846153866 ], [ -100.005242723076876, 20.655673123076951 ], [ -100.00525029230765, 20.655763184615406 ], [ -100.005237430769213, 20.655852723076947 ], [ -100.00522076923076, 20.655941692307682 ], [ -100.005208461538444, 20.656031292307695 ] ] ] ] } },
{ "type": "Feature", "properties": { "IDBD": 160103, "FC": 6291, "CONDICION": "CUERPO DE AGUA INTERMITENTE" }, "geometry": { "type": "MultiPolygon", "coordinates": [ [ [ [ -100.021214861538439, 20.656037184615403 ], [ -100.021182307692271, 20.6559522 ], [ -100.021186276923046, 20.655861923076891 ], [ -100.021209015384585, 20.655774138461553 ], [ -100.021268661538429, 20.655703353846185 ], [ -100.021334, 20.655637184615401 ], [ -100.021411, 20.655583230769281 ], [ -100.021497138461513, 20.655543353846166 ], [ -100.021584169230763, 20.655505261538458 ], [ -100.021656553846114, 20.655445923076915 ], [ -100.021712030769194, 20.655372200000027 ], [ -100.021769215384566, 20.65529963076925 ], [ -100.021841646153803, 20.655240338461589 ], [ -100.021900230769177, 20.655168769230801 ], [ -100.021990123076876, 20.655137092307708 ], [ -100.02208519999995, 20.655149523076926 ], [ -100.022180861538402, 20.655156876923108 ], [ -100.022266784615368, 20.6551166 ], [ -100.022330599999989, 20.655049107692303 ], [ -100.022343769230744, 20.654959615384612 ], [ -100.0223442, 20.654869276923083 ], [ -100.022355384615352, 20.654779538461572 ], [ -100.022408507692262, 20.654704292307695 ], [ -100.022491861538469, 20.654659492307697 ], [ -100.022577692307678, 20.654699938461533 ], [ -100.022657046153824, 20.654750769230795 ], [ -100.022740553846106, 20.654795323076943 ], [ -100.022829153846146, 20.654830076923094 ], [ -100.022915415384617, 20.654869676923084 ], [ -100.022980615384597, 20.654936 ], [ -100.023011015384583, 20.655021692307709 ], [ -100.023014446153823, 20.655111969230813 ], [ -100.023008753846099, 20.655202169230819 ], [ -100.0230156, 20.655292276923078 ], [ -100.022971261538444, 20.655312492307708 ], [ -100.022889276923053, 20.655356923076909 ], [ -100.022802, 20.655394523076961 ], [ -100.02271376923072, 20.655430107692307 ], [ -100.022625846153829, 20.655466338461544 ], [ -100.022537907692239, 20.655502553846187 ], [ -100.022449630769216, 20.655538046153861 ], [ -100.022361353846094, 20.655573523076953 ], [ -100.022273276923045, 20.655609430769218 ], [ -100.022185184615367, 20.655645323076932 ], [ -100.022096938461502, 20.655680861538439 ], [ -100.022008692307679, 20.6557164 ], [ -100.021920538461529, 20.655752169230787 ], [ -100.02183239999998, 20.655787953846161 ], [ -100.021744138461528, 20.655823461538461 ], [ -100.021655861538449, 20.655858953846188 ], [ -100.021567646153812, 20.655894538461556 ], [ -100.02147941538459, 20.655930123076939 ], [ -100.021391215384554, 20.655965784615372 ], [ -100.021303030769189, 20.656001446153848 ], [ -100.021214861538439, 20.656037184615403 ] ] ] ] } },
{ "type": "Feature", "properties": { "IDBD": 160113, "FC": 6291, "CONDICION": "CUERPO DE AGUA INTERMITENTE" }, "geometry": { "type": "MultiPolygon", "coordinates": [ [ [ [ -99.702231553846147, 20.650532476923047 ], [ -99.702568107692272, 20.6506576 ], [ -99.702770230769204, 20.650774246153834 ], [ -99.70295343076917, 20.6509542 ], [ -99.702896015384624, 20.650990584615421 ], [ -99.702742630769222, 20.651036384615384 ], [ -99.702579692307665, 20.651091261538454 ], [ -99.702406784615349, 20.65106486153849 ], [ -99.702320276923047, 20.651038107692333 ], [ -99.702176199999954, 20.651020615384621 ], [ -99.702231553846147, 20.650532476923047 ] ] ] ] } },
{ "type": "Feature", "properties": { "IDBD": 160117, "FC": 6291, "CONDICION": "CUERPO DE AGUA INTERMITENTE" }, "geometry": { "type": "MultiPolygon", "coordinates": [ [ [ [ -100.04153678461536, 20.655493384615404 ], [ -100.041482430769179, 20.655418907692273 ], [ -100.041428492307645, 20.65534418461538 ], [ -100.041374553846126, 20.655269446153824 ], [ -100.041320307692274, 20.65519490769233 ], [ -100.041267199999979, 20.655119646153842 ], [ -100.041212692307653, 20.655045292307683 ], [ -100.041158169230727, 20.654970923076934 ], [ -100.04110507692306, 20.654895661538475 ], [ -100.04105196923075, 20.6548204 ], [ -100.040997738461527, 20.654745861538462 ], [ -100.040943507692305, 20.654671307692347 ], [ -100.040889476923056, 20.654596630769245 ], [ -100.040835446153807, 20.65452195384615 ], [ -100.040781584615388, 20.654447184615414 ], [ -100.040727707692312, 20.654372415384596 ], [ -100.040686076923024, 20.654314430769244 ], [ -100.040673953846152, 20.654297553846185 ], [ -100.040620215384607, 20.654222707692295 ], [ -100.040566569230748, 20.654147769230786 ], [ -100.040512938461518, 20.654072846153856 ], [ -100.040458923076898, 20.653998169230785 ], [ -100.040404907692277, 20.653923476923062 ], [ -100.040351138461517, 20.653848630769236 ], [ -100.040297369230743, 20.653773800000049 ], [ -100.040243307692265, 20.653699138461516 ], [ -100.040265646153813, 20.653611276923073 ], [ -100.040291307692314, 20.653524215384618 ], [ -100.040368415384592, 20.6534704 ], [ -100.040462261538437, 20.653451430769245 ], [ -100.040558076923062, 20.653446123076957 ], [ -100.04065389230766, 20.653440846153824 ], [ -100.04074987692303, 20.653440292307714 ], [ -100.040845861538429, 20.653439907692338 ], [ -100.040941707692255, 20.653444769230752 ], [ -100.041037707692283, 20.653444600000039 ], [ -100.041133369230764, 20.653451892307704 ], [ -100.041228276923064, 20.653465461538445 ], [ -100.041320969230739, 20.653488923076953 ], [ -100.041407476923041, 20.653528076923031 ], [ -100.041488861538397, 20.653575969230769 ], [ -100.041551846153837, 20.653644153846169 ], [ -100.041609199999968, 20.6537166 ], [ -100.041634076923046, 20.653803846153828 ], [ -100.041641753846122, 20.653893907692275 ], [ -100.041651692307653, 20.653983769230734 ], [ -100.041652784615394, 20.654074107692328 ], [ -100.041655507692269, 20.654164430769214 ], [ -100.04167724615381, 20.654252430769237 ], [ -100.04171069230766, 20.654337107692321 ], [ -100.041773476923055, 20.654405446153874 ], [ -100.04183775384611, 20.654472553846183 ], [ -100.041896092307681, 20.654544292307705 ], [ -100.041935030769224, 20.654626876923082 ], [ -100.041964076923051, 20.654712984615379 ], [ -100.042008138461483, 20.654793246153815 ], [ -100.042047861538421, 20.654875492307685 ], [ -100.042021569230755, 20.654962384615377 ], [ -100.04199093846151, 20.655048 ], [ -100.041949215384577, 20.655129369230767 ], [ -100.041896969230791, 20.655205153846161 ], [ -100.041822215384613, 20.655261830769227 ], [ -100.041753415384591, 20.655324830769239 ], [ -100.041685323076877, 20.655388523076908 ], [ -100.041613199999986, 20.655447769230786 ], [ -100.04153678461536, 20.655493384615404 ] ] ] ] } },
{ "type": "Feature", "properties": { "IDBD": 160136, "FC": 6291, "CONDICION": "CUERPO DE AGUA INTERMITENTE" }, "geometry": { "type": "MultiPolygon", "coordinates": [ [ [ [ -99.866261892307662, 20.652326030769217 ], [ -99.866463015384596, 20.65224370769231 ], [ -99.8665202, 20.652171138461551 ], [ -99.866615676923047, 20.652080307692298 ], [ -99.86660550769227, 20.651980969230785 ], [ -99.866518969230754, 20.651954307692282 ], [ -99.866460907692272, 20.651873276923116 ], [ -99.866440953846109, 20.651737846153853 ], [ -99.866526569230743, 20.65160189230771 ], [ -99.866554492307657, 20.651448153846168 ], [ -99.866659415384603, 20.651330169230796 ], [ -99.866917199999961, 20.651084923076919 ], [ -99.867014461538446, 20.651310307692349 ], [ -99.867062969230759, 20.65140041538465 ], [ -99.867131753846138, 20.651680169230787 ], [ -99.867161938461535, 20.651923969230811 ], [ -99.867153661538438, 20.652158923076932 ], [ -99.867077230769212, 20.652222553846151 ], [ -99.866962461538435, 20.652295415384621 ], [ -99.866694, 20.652350969230785 ], [ -99.866444323076891, 20.652334153846187 ], [ -99.866261892307662, 20.652326030769217 ] ] ] ] } },
{ "type": "Feature", "properties": { "IDBD": 160163, "FC": 6291, "CONDICION": "CUERPO DE AGUA INTERMITENTE" }, "geometry": { "type": "MultiPolygon", "coordinates": [ [ [ [ -99.968483969230746, 20.64968652307693 ], [ -99.968380784615363, 20.650066569230738 ], [ -99.968353015384608, 20.650229353846161 ], [ -99.968363476923045, 20.650364815384609 ], [ -99.968296969230778, 20.650473615384616 ], [ -99.968269092307693, 20.650618338461548 ], [ -99.968311492307649, 20.651250538461536 ], [ -99.968380169230727, 20.651485076923091 ], [ -99.968593230769187, 20.65178203076924 ], [ -99.968835646153806, 20.652169184615406 ], [ -99.968971799999963, 20.652448492307713 ], [ -99.968278938461495, 20.652172307692293 ], [ -99.967613784615338, 20.651724276923108 ], [ -99.96720847692302, 20.65138321538462 ], [ -99.967015876923057, 20.651284923076943 ], [ -99.966852015384575, 20.651177415384641 ], [ -99.966735969230768, 20.651042538461564 ], [ -99.966696492307648, 20.650871092307685 ], [ -99.966772138461522, 20.650689969230761 ], [ -99.967030323076898, 20.650534923076972 ], [ -99.967479676923034, 20.650252323076959 ], [ -99.968149276923057, 20.649887169230805 ], [ -99.968483969230746, 20.64968652307693 ] ] ] ] } },
{ "type": "Feature", "properties": { "IDBD": 160167, "FC": 6291, "CONDICION": "CUERPO DE AGUA INTERMITENTE" }, "geometry": { "type": "MultiPolygon", "coordinates": [ [ [ [ -99.918716769230727, 20.651684323076907 ], [ -99.918284184615345, 20.651578200000017 ], [ -99.918014707692279, 20.651462184615362 ], [ -99.91786, 20.651273261538435 ], [ -99.917731307692293, 20.65062341538464 ], [ -99.917149107692282, 20.649578430769253 ], [ -99.917195307692282, 20.649280030769198 ], [ -99.91804698461533, 20.650441030769233 ], [ -99.918559615384581, 20.651088830769243 ], [ -99.91897555384611, 20.651619692307687 ], [ -99.918716769230727, 20.651684323076907 ] ] ] ] } },
{ "type": "Feature", "properties": { "IDBD": 160185, "FC": 6291, "CONDICION": "CUERPO DE AGUA INTERMITENTE" }, "geometry": { "type": "MultiPolygon", "coordinates": [ [ [ [ -99.927480584615324, 20.643767846153839 ], [ -99.927782061538451, 20.644416753846162 ], [ -99.927830553846107, 20.644497815384632 ], [ -99.928461292307688, 20.645623815384578 ], [ -99.929432523076898, 20.647497892307694 ], [ -99.92952895384613, 20.647569661538451 ], [ -99.930412738461541, 20.649263492307711 ], [ -99.931335430769181, 20.65103843076923 ], [ -99.930063969230758, 20.650313446153842 ], [ -99.928977584615367, 20.650030169230792 ], [ -99.927421799999976, 20.649903015384627 ], [ -99.927286646153803, 20.649777246153846 ], [ -99.927218415384587, 20.649605953846155 ], [ -99.927138292307674, 20.649055230769235 ], [ -99.927069507692281, 20.648793584615401 ], [ -99.926982369230743, 20.648667569230756 ], [ -99.926847492307672, 20.648586969230777 ], [ -99.926741799999931, 20.648569476923079 ], [ -99.926377230769191, 20.648598538461556 ], [ -99.926300107692256, 20.64854473846156 ], [ -99.926222938461521, 20.64848190769229 ], [ -99.926527461538427, 20.648046584615358 ], [ -99.926590923076915, 20.647431861538461 ], [ -99.926482446153798, 20.646953569230789 ], [ -99.926246446153797, 20.646024230769264 ], [ -99.926359661538456, 20.645698353846157 ], [ -99.926672615384604, 20.645073246153842 ], [ -99.92708096923073, 20.644348246153854 ], [ -99.927290323076903, 20.644048953846134 ], [ -99.927480584615324, 20.643767846153839 ] ] ] ] } },
{ "type": "Feature", "properties": { "IDBD": 160200, "FC": 6291, "CONDICION": "CUERPO DE AGUA INTERMITENTE" }, "geometry": { "type": "MultiPolygon", "coordinates": [ [ [ [ -99.800006953846108, 20.648345061538496 ], [ -99.799948369230748, 20.648155599999974 ], [ -99.800121369230752, 20.64819996923077 ], [ -99.800179015384586, 20.648208738461555 ], [ -99.800274384615363, 20.648090830769206 ], [ -99.800360538461518, 20.648045261538492 ], [ -99.800465984615343, 20.648017661538461 ], [ -99.800552092307683, 20.647963046153823 ], [ -99.800619369230759, 20.647980815384578 ], [ -99.800677292307668, 20.648043784615354 ], [ -99.800667984615373, 20.648098046153851 ], [ -99.800610476923069, 20.648116384615403 ], [ -99.800524430769173, 20.648180030769247 ], [ -99.800467261538458, 20.648261615384609 ], [ -99.800429153846125, 20.648316 ], [ -99.800410046153843, 20.648334153846129 ], [ -99.8003529230769, 20.648424784615408 ], [ -99.800305215384597, 20.648479215384643 ], [ -99.800219061538414, 20.648524784615372 ], [ -99.800104353846123, 20.648615676923058 ], [ -99.800006953846108, 20.648345061538496 ] ] ] ] } },
{ "type": "Feature", "properties": { "IDBD": 160229, "FC": 6291, "CONDICION": "CUERPO DE AGUA INTERMITENTE" }, "geometry": { "type": "MultiPolygon", "coordinates": [ [ [ [ -99.88808164615385, 20.647552969230787 ], [ -99.887397584615329, 20.647113753846192 ], [ -99.889108953846133, 20.647592861538467 ], [ -99.890858707692317, 20.648071738461532 ], [ -99.890388969230727, 20.648173538461545 ], [ -99.889976384615338, 20.648202784615396 ], [ -99.889505738461509, 20.648151 ], [ -99.889284815384585, 20.648125030769233 ], [ -99.888707907692265, 20.647956323076883 ], [ -99.888447753846137, 20.647786 ], [ -99.88808164615385, 20.647552969230787 ] ] ] ] } },
{ "type": "Feature", "properties": { "IDBD": 160252, "FC": 6291, "CONDICION": "CUERPO DE AGUA INTERMITENTE" }, "geometry": { "type": "MultiPolygon", "coordinates": [ [ [ [ -99.890083, 20.646729492307692 ], [ -99.890476953846147, 20.646799738461553 ], [ -99.890736323076865, 20.646834538461526 ], [ -99.890516338461524, 20.646971199999982 ], [ -99.890257599999956, 20.647044815384614 ], [ -99.889931476923053, 20.647082646153841 ], [ -99.889586092307653, 20.647111538461544 ], [ -99.889221338461525, 20.647113415384577 ], [ -99.889354784615364, 20.646950092307687 ], [ -99.889536307692282, 20.646804584615381 ], [ -99.889766246153812, 20.646731123076904 ], [ -99.890083, 20.646729492307692 ] ] ] ] } },
{ "type": "Feature", "properties": { "IDBD": 160291, "FC": 6291, "CONDICION": "CUERPO DE AGUA INTERMITENTE" }, "geometry": { "type": "MultiPolygon", "coordinates": [ [ [ [ -99.931715353846116, 20.645651461538478 ], [ -99.931446938461505, 20.645707123076935 ], [ -99.93137009230766, 20.645698492307684 ], [ -99.931312292307666, 20.645662661538491 ], [ -99.931292707692279, 20.645599523076921 ], [ -99.93138653846151, 20.64524664615389 ], [ -99.931471723076896, 20.64504741538461 ], [ -99.931728661538443, 20.644684630769227 ], [ -99.931986338461513, 20.644439292307684 ], [ -99.932235169230708, 20.644320492307688 ], [ -99.932446384615375, 20.644328384615374 ], [ -99.93258135384616, 20.644427046153879 ], [ -99.932659692307666, 20.6446796 ], [ -99.932642199999989, 20.644959784615395 ], [ -99.932241938461516, 20.645431769230765 ], [ -99.931983553846138, 20.645559661538488 ], [ -99.931715353846116, 20.645651461538478 ] ] ] ] } },
{ "type": "Feature", "properties": { "IDBD": 160301, "FC": 6291, "CONDICION": "CUERPO DE AGUA INTERMITENTE" }, "geometry": { "type": "MultiPolygon", "coordinates": [ [ [ [ -100.038256292307665, 20.646664538461565 ], [ -100.038300661538415, 20.646532646153826 ], [ -100.038340061538435, 20.64640230769227 ], [ -100.038437230769205, 20.646302307692316 ], [ -100.038572876923027, 20.646256876923079 ], [ -100.03871592307685, 20.646241492307709 ], [ -100.038858723076899, 20.646258723076922 ], [ -100.03900219999997, 20.646247461538454 ], [ -100.039145523076883, 20.646234615384625 ], [ -100.039289215384585, 20.646243030769227 ], [ -100.039433184615362, 20.64624293846154 ], [ -100.03957318461535, 20.646211307692283 ], [ -100.039688938461524, 20.646130738461586 ], [ -100.03978581538459, 20.646030492307702 ], [ -100.039889799999955, 20.645936753846161 ], [ -100.040001399999966, 20.645851138461559 ], [ -100.040113215384565, 20.645765753846181 ], [ -100.040223799999978, 20.645678984615376 ], [ -100.040334384615377, 20.645592200000028 ], [ -100.040456323076882, 20.64552015384611 ], [ -100.04059361538458, 20.645479353846159 ], [ -100.040734323076919, 20.645450692307683 ], [ -100.040845907692272, 20.645536338461557 ], [ -100.040961369230743, 20.64561730769233 ], [ -100.040864184615373, 20.64571729230768 ], [ -100.04075378461539, 20.645804292307673 ], [ -100.040632876923041, 20.645877861538438 ], [ -100.040524, 20.645966538461519 ], [ -100.040445676923071, 20.646080246153854 ], [ -100.040349876923045, 20.646181399999989 ], [ -100.040214830769216, 20.6462284 ], [ -100.040076384615375, 20.646265584615403 ], [ -100.03993369230767, 20.646283600000015 ], [ -100.039793769230741, 20.646315507692329 ], [ -100.039661569230759, 20.646369184615406 ], [ -100.039554861538434, 20.646460169230778 ], [ -100.039474, 20.646572292307731 ], [ -100.039345276923044, 20.646632984615412 ], [ -100.039203430769234, 20.646656230769196 ], [ -100.039060261538438, 20.646670507692313 ], [ -100.038916584615365, 20.646679107692346 ], [ -100.038772646153816, 20.646682123076939 ], [ -100.038628784615383, 20.646676646153871 ], [ -100.038484830769221, 20.646674800000021 ], [ -100.038340938461531, 20.646670446153841 ], [ -100.038256292307665, 20.646664538461565 ] ] ] ] } },
{ "type": "Feature", "properties": { "IDBD": 160320, "FC": 6291, "CONDICION": "CUERPO DE AGUA INTERMITENTE" }, "geometry": { "type": "MultiPolygon", "coordinates": [ [ [ [ -99.687319369230735, 20.638846307692322 ], [ -99.687281830769194, 20.639036215384635 ], [ -99.687205938461517, 20.639235292307664 ], [ -99.68713984615384, 20.639479523076922 ], [ -99.687121615384569, 20.639696446153856 ], [ -99.687065123076891, 20.63994063076926 ], [ -99.687123569230778, 20.640130138461533 ], [ -99.687124538461518, 20.640346984615363 ], [ -99.68705784615382, 20.640455676923079 ], [ -99.68691423076919, 20.640537569230794 ], [ -99.68672161538457, 20.640393769230794 ], [ -99.686548030769202, 20.640213753846126 ], [ -99.686422753846159, 20.640105815384597 ], [ -99.68628773846153, 20.63996178461538 ], [ -99.686171369230735, 20.63970021538465 ], [ -99.685796384615372, 20.639557138461566 ], [ -99.686466692307647, 20.639202092307681 ], [ -99.687347676923068, 20.638737769230762 ], [ -99.687319369230735, 20.638846307692322 ] ] ] ] } },
{ "type": "Feature", "properties": { "IDBD": 160335, "FC": 6291, "CONDICION": "CUERPO DE AGUA INTERMITENTE" }, "geometry": { "type": "MultiPolygon", "coordinates": [ [ [ [ -99.780327892307668, 20.640592430769257 ], [ -99.780326692307654, 20.640357523076904 ], [ -99.78062479999997, 20.640464599999984 ], [ -99.780970415384573, 20.640481107692334 ], [ -99.780923907692298, 20.640770446153869 ], [ -99.780877476923024, 20.641077861538452 ], [ -99.780771769230739, 20.641051230769243 ], [ -99.780598215384572, 20.640898415384623 ], [ -99.780424753846106, 20.640763676923076 ], [ -99.78033781538457, 20.640655646153864 ], [ -99.780327892307668, 20.640592430769257 ] ] ] ] } },
{ "type": "Feature", "properties": { "IDBD": 160343, "FC": 6291, "CONDICION": "CUERPO DE AGUA INTERMITENTE" }, "geometry": { "type": "MultiPolygon", "coordinates": [ [ [ [ -99.992486399999947, 20.643171446153833 ], [ -99.992559138461502, 20.642547615384604 ], [ -99.992809215384568, 20.642627492307671 ], [ -99.992944338461498, 20.642744169230713 ], [ -99.993022123076884, 20.642897323076912 ], [ -99.993051969230748, 20.64305978461536 ], [ -99.992966169230741, 20.643150615384581 ], [ -99.992861061538449, 20.643223507692309 ], [ -99.992803953846135, 20.643296107692279 ], [ -99.992766676923068, 20.643468 ], [ -99.992757723076863, 20.643567430769195 ], [ -99.992652492307641, 20.643622246153889 ], [ -99.992547153846118, 20.643658984615403 ], [ -99.992422492307682, 20.643677784615406 ], [ -99.992486399999947, 20.643171446153833 ] ] ] ] } },
{ "type": "Feature", "properties": { "IDBD": 160347, "FC": 6291, "CONDICION": "CUERPO DE AGUA INTERMITENTE" }, "geometry": { "type": "MultiPolygon", "coordinates": [ [ [ [ -99.970308538461524, 20.639222723076941 ], [ -99.970597953846138, 20.639456015384653 ], [ -99.970694969230721, 20.639618092307707 ], [ -99.970801107692296, 20.639707846153854 ], [ -99.970955707692269, 20.639869615384605 ], [ -99.971100815384574, 20.640049492307696 ], [ -99.971063861538411, 20.640275584615395 ], [ -99.970959784615374, 20.640511076923101 ], [ -99.970989830769227, 20.640709676923056 ], [ -99.971096215384605, 20.640835569230745 ], [ -99.971241446153826, 20.641033523076967 ], [ -99.971280799999988, 20.641186892307637 ], [ -99.971502769230725, 20.64137538461539 ], [ -99.971733676923066, 20.641464430769215 ], [ -99.97194529230768, 20.641535523076943 ], [ -99.972022769230762, 20.641643507692311 ], [ -99.971850923076872, 20.641789030769218 ], [ -99.971640692307645, 20.641934784615366 ], [ -99.971420399999971, 20.642008307692286 ], [ -99.971113261538449, 20.642010030769274 ], [ -99.970872923076911, 20.641948138461522 ], [ -99.970671584615346, 20.6419854 ], [ -99.970538015384591, 20.642112646153873 ], [ -99.970453246153824, 20.642366107692308 ], [ -99.970330538461511, 20.642692061538469 ], [ -99.970198061538426, 20.642990953846123 ], [ -99.97007449230766, 20.643181384615396 ], [ -99.969940738461517, 20.643281523076922 ], [ -99.970091184615342, 20.641274907692313 ], [ -99.970099646153813, 20.641094153846122 ], [ -99.970234784615386, 20.639702 ], [ -99.970308538461524, 20.639222723076941 ] ] ] ] } },
{ "type": "Feature", "properties": { "IDBD": 160368, "FC": 6291, "CONDICION": "CUERPO DE AGUA INTERMITENTE" }, "geometry": { "type": "MultiPolygon", "coordinates": [ [ [ [ -99.89138712307691, 20.639919261538466 ], [ -99.891704123076892, 20.6399628 ], [ -99.891858061538429, 20.640025246153836 ], [ -99.891945553846142, 20.640214538461578 ], [ -99.891936892307683, 20.640377215384621 ], [ -99.891977184615328, 20.640702276923111 ], [ -99.891949492307674, 20.64089215384617 ], [ -99.8918544153846, 20.641046246153838 ], [ -99.891720876923031, 20.64119149230768 ], [ -99.891539153846139, 20.641300861538443 ], [ -99.891566523076904, 20.641056769230754 ], [ -99.891593584615379, 20.640758461538432 ], [ -99.891601384615342, 20.640451230769209 ], [ -99.891542215384604, 20.640180476923064 ], [ -99.89138712307691, 20.639919261538466 ] ] ] ] } },
{ "type": "Feature", "properties": { "IDBD": 160375, "FC": 6291, "CONDICION": "CUERPO DE AGUA INTERMITENTE" }, "geometry": { "type": "MultiPolygon", "coordinates": [ [ [ [ -99.890163784615339, 20.640820061538477 ], [ -99.890066861538443, 20.640657923076912 ], [ -99.89000816923074, 20.640468476923058 ], [ -99.88992918461534, 20.640089415384658 ], [ -99.889927553846135, 20.639809323076921 ], [ -99.889886476923024, 20.639348753846136 ], [ -99.889942230769194, 20.6390322307692 ], [ -99.89003018461537, 20.639302830769246 ], [ -99.890176307692272, 20.6396725230769 ], [ -99.890264169230704, 20.639925046153845 ], [ -99.890217753846144, 20.640196353846171 ], [ -99.89021, 20.640512615384569 ], [ -99.890163784615339, 20.640820061538477 ] ] ] ] } },
{ "type": "Feature", "properties": { "IDBD": 160389, "FC": 6291, "CONDICION": "CUERPO DE AGUA INTERMITENTE" }, "geometry": { "type": "MultiPolygon", "coordinates": [ [ [ [ -99.891415892307634, 20.638265661538483 ], [ -99.8916476, 20.638499384615383 ], [ -99.891783230769192, 20.638715538461511 ], [ -99.891784553846094, 20.6389414 ], [ -99.891699861538427, 20.63923096923078 ], [ -99.89161458461534, 20.639421153846165 ], [ -99.891500507692328, 20.639611476923086 ], [ -99.891299799999942, 20.639757076923086 ], [ -99.891355753846128, 20.639476692307706 ], [ -99.891363615384591, 20.639178492307696 ], [ -99.891390723076881, 20.638889230769255 ], [ -99.891388938461517, 20.638582046153854 ], [ -99.891415892307634, 20.638265661538483 ] ] ] ] } },
{ "type": "Feature", "properties": { "IDBD": 160391, "FC": 6291, "CONDICION": "CUERPO DE AGUA INTERMITENTE" }, "geometry": { "type": "MultiPolygon", "coordinates": [ [ [ [ -99.987715784615361, 20.640154015384631 ], [ -99.987608753846132, 20.63992875384616 ], [ -99.987866892307622, 20.639773676923095 ], [ -99.988049138461506, 20.639754569230767 ], [ -99.988212523076896, 20.639789769230813 ], [ -99.988289953846134, 20.639888707692354 ], [ -99.988377261538474, 20.640032769230775 ], [ -99.988445323076888, 20.640167907692344 ], [ -99.988484938461511, 20.640357415384617 ], [ -99.98844766153843, 20.640529292307733 ], [ -99.98837175384611, 20.640665261538501 ], [ -99.988238323076899, 20.640810584615398 ], [ -99.988066369230765, 20.64093804615386 ], [ -99.987715784615361, 20.640154015384631 ] ] ] ] } },
{ "type": "Feature", "properties": { "IDBD": 160393, "FC": 6291, "CONDICION": "CUERPO DE AGUA INTERMITENTE" }, "geometry": { "type": "MultiPolygon", "coordinates": [ [ [ [ -99.934043092307647, 20.640163600000012 ], [ -99.934685430769235, 20.63847055384614 ], [ -99.934888692307666, 20.638749538461514 ], [ -99.935004861538403, 20.638911538461532 ], [ -99.934958030769167, 20.639101538461542 ], [ -99.934921676923054, 20.639436030769275 ], [ -99.934827292307673, 20.639698553846163 ], [ -99.934751399999982, 20.639843538461555 ], [ -99.934608046153798, 20.639943692307732 ], [ -99.934407092307666, 20.64004416923078 ], [ -99.934043092307647, 20.640163600000012 ] ] ] ] } },
{ "type": "Feature", "properties": { "IDBD": 160443, "FC": 6291, "CONDICION": "CUERPO DE AGUA INTERMITENTE" }, "geometry": { "type": "MultiPolygon", "coordinates": [ [ [ [ -100.003461169230761, 20.638273800000011 ], [ -100.00347012307688, 20.638206599999961 ], [ -100.003478769230767, 20.638116630769225 ], [ -100.003487015384579, 20.638026615384632 ], [ -100.003495246153847, 20.6379366 ], [ -100.003503307692284, 20.63784656923081 ], [ -100.003518092307672, 20.637757292307668 ], [ -100.003532876923032, 20.637668030769227 ], [ -100.00354779999995, 20.637578784615414 ], [ -100.003570784615363, 20.637491061538498 ], [ -100.003594446153784, 20.637403492307666 ], [ -100.003684276923053, 20.637435292307664 ], [ -100.003756276923014, 20.637495030769234 ], [ -100.00381396923072, 20.637567246153854 ], [ -100.003869646153817, 20.637640830769222 ], [ -100.003941307692259, 20.637700923076935 ], [ -100.004025430769218, 20.637744415384574 ], [ -100.004110169230756, 20.637786846153812 ], [ -100.004195892307649, 20.637827492307689 ], [ -100.004283246153847, 20.637864907692265 ], [ -100.004369399999973, 20.637904723076911 ], [ -100.004455138461495, 20.637945323076952 ], [ -100.004444446153812, 20.638035107692303 ], [ -100.004362215384575, 20.638081707692272 ], [ -100.004268353846129, 20.638100569230772 ], [ -100.004172384615345, 20.638101907692324 ], [ -100.004077046153824, 20.638112292307678 ], [ -100.003981123076883, 20.638115276923052 ], [ -100.003885630769233, 20.638124323076937 ], [ -100.003804753846111, 20.638172984615395 ], [ -100.003740261538425, 20.638239876923059 ], [ -100.003652138461561, 20.638275661538454 ], [ -100.00355655384611, 20.638283830769204 ], [ -100.003461169230761, 20.638273800000011 ] ] ] ] } },
{ "type": "Feature", "properties": { "IDBD": 160464, "FC": 6291, "CONDICION": "CUERPO DE AGUA INTERMITENTE" }, "geometry": { "type": "MultiPolygon", "coordinates": [ [ [ [ -99.890290261538453, 20.634512830769232 ], [ -99.890140799999926, 20.635218353846128 ], [ -99.889871061538415, 20.635048061538466 ], [ -99.889706646153826, 20.634832076923082 ], [ -99.889628338461506, 20.634570446153887 ], [ -99.889636676923033, 20.634353569230747 ], [ -99.889741092307659, 20.63415424615383 ], [ -99.889903369230751, 20.633999815384605 ], [ -99.890516769230743, 20.633852092307681 ], [ -99.890290261538453, 20.634512830769232 ] ] ] ] } },
{ "type": "Feature", "properties": { "IDBD": 160484, "FC": 6291, "CONDICION": "CUERPO DE AGUA INTERMITENTE" }, "geometry": { "type": "MultiPolygon", "coordinates": [ [ [ [ -100.008700907692301, 20.6357074 ], [ -100.008653923076864, 20.635674369230752 ], [ -100.008577861538413, 20.635619261538448 ], [ -100.008502230769238, 20.635563630769223 ], [ -100.008454030769201, 20.635529476923093 ], [ -100.008425553846109, 20.635509307692274 ], [ -100.008344261538412, 20.635461399999983 ], [ -100.008276384615357, 20.635416015384621 ], [ -100.00822324615379, 20.635380230769211 ], [ -100.008259676923046, 20.635330492307698 ], [ -100.00834729230769, 20.635291292307663 ], [ -100.008439384615372, 20.635265876923093 ], [ -100.008530538461514, 20.635237584615414 ], [ -100.008606799999981, 20.635182738461509 ], [ -100.008671923076875, 20.635116369230772 ], [ -100.008730369230747, 20.635188030769299 ], [ -100.008766799999961, 20.635271615384596 ], [ -100.008780938461527, 20.635360984615346 ], [ -100.008795276923067, 20.635450307692285 ], [ -100.00879087692303, 20.635540569230788 ], [ -100.008747753846151, 20.635621276923086 ], [ -100.008700907692301, 20.6357074 ] ] ] ] } },
{ "type": "Feature", "properties": { "IDBD": 160554, "FC": 6291, "CONDICION": "CUERPO DE AGUA INTERMITENTE" }, "geometry": { "type": "MultiPolygon", "coordinates": [ [ [ [ -99.971721738461525, 20.63051401538462 ], [ -99.971807538461491, 20.630423184615363 ], [ -99.971960061538425, 20.630259707692268 ], [ -99.971987015384556, 20.629970430769276 ], [ -99.972032876923066, 20.62963587692305 ], [ -99.9720084, 20.628804784615362 ], [ -99.972344307692282, 20.628802892307682 ], [ -99.972584507692275, 20.628846723076947 ], [ -99.972834215384594, 20.628872415384588 ], [ -99.973132230769195, 20.628952046153845 ], [ -99.973325030769189, 20.629086492307735 ], [ -99.973671738461519, 20.629274276923081 ], [ -99.973759384615406, 20.629472553846128 ], [ -99.973875861538417, 20.629679707692276 ], [ -99.973944599999982, 20.629923261538487 ], [ -99.973936615384545, 20.630176292307667 ], [ -99.973774953846117, 20.63041210769234 ], [ -99.973632261538413, 20.630611676923053 ], [ -99.973374338461511, 20.630802876923067 ], [ -99.973173830769227, 20.63096663076923 ], [ -99.972934938461506, 20.631130615384563 ], [ -99.972714892307678, 20.631240276923052 ], [ -99.972533, 20.631313569230802 ], [ -99.972313307692261, 20.631477446153824 ], [ -99.972102846153817, 20.631587046153857 ], [ -99.971968830769214, 20.631642015384614 ], [ -99.971824584615348, 20.631597646153825 ], [ -99.971737476923039, 20.631480692307665 ], [ -99.97158346153843, 20.631409276923094 ], [ -99.971324446153801, 20.6314288 ], [ -99.971351861538409, 20.6312118 ], [ -99.971389107692275, 20.63103089230766 ], [ -99.971502369230706, 20.630732092307671 ], [ -99.971674030769194, 20.630559461538439 ], [ -99.971721738461525, 20.63051401538462 ] ] ] ] } },
{ "type": "Feature", "properties": { "IDBD": 160582, "FC": 6291, "CONDICION": "CUERPO DE AGUA INTERMITENTE" }, "geometry": { "type": "MultiPolygon", "coordinates": [ [ [ [ -99.888436446153847, 20.627655615384597 ], [ -99.888579307692311, 20.62746513846152 ], [ -99.888731599999957, 20.627247507692296 ], [ -99.88890335384616, 20.627074953846169 ], [ -99.889380953846114, 20.62668398461539 ], [ -99.889306646153813, 20.627109015384615 ], [ -99.889196199999972, 20.627922753846203 ], [ -99.889020261538391, 20.629025969230771 ], [ -99.888954815384565, 20.629324461538438 ], [ -99.88887713846151, 20.629171261538438 ], [ -99.888770738461488, 20.629027246153854 ], [ -99.888567984615364, 20.628820476923046 ], [ -99.8884514, 20.628577123076937 ], [ -99.88835316923074, 20.628189123076925 ], [ -99.888389984615372, 20.627917876923096 ], [ -99.888436446153847, 20.627655615384597 ] ] ] ] } },
{ "type": "Feature", "properties": { "IDBD": 160590, "FC": 6291, "CONDICION": "CUERPO DE AGUA INTERMITENTE" }, "geometry": { "type": "MultiPolygon", "coordinates": [ [ [ [ -99.891629738461546, 20.627196430769224 ], [ -99.891977815384593, 20.62763736923074 ], [ -99.891902415384578, 20.62787266153844 ], [ -99.89177986153841, 20.628252784615395 ], [ -99.891582584615335, 20.628985646153833 ], [ -99.891465984615337, 20.628742307692356 ], [ -99.891407461538435, 20.628579969230771 ], [ -99.891329584615377, 20.628390630769211 ], [ -99.891270892307674, 20.628201200000021 ], [ -99.891356215384576, 20.628020046153839 ], [ -99.891441276923032, 20.627793738461541 ], [ -99.891497646153809, 20.62758563076919 ], [ -99.89161081538461, 20.627241707692342 ], [ -99.891629738461546, 20.627196430769224 ] ] ] ] } },
{ "type": "Feature", "properties": { "IDBD": 160594, "FC": 6291, "CONDICION": "CUERPO DE AGUA INTERMITENTE" }, "geometry": { "type": "MultiPolygon", "coordinates": [ [ [ [ -99.983213769230758, 20.62961776923072 ], [ -99.983221923076911, 20.629391846153862 ], [ -99.983451323076906, 20.62924596923078 ], [ -99.983547692307653, 20.629308676923106 ], [ -99.983606553846101, 20.629507107692262 ], [ -99.983493415384558, 20.629823984615417 ], [ -99.983475276923045, 20.629986707692304 ], [ -99.983360692307642, 20.630077707692315 ], [ -99.983188169230729, 20.630114830769216 ], [ -99.983213769230758, 20.62961776923072 ] ] ] ] } },
{ "type": "Feature", "properties": { "IDBD": 160662, "FC": 6291, "CONDICION": "CUERPO DE AGUA INTERMITENTE" }, "geometry": { "type": "MultiPolygon", "coordinates": [ [ [ [ -99.862364676923065, 20.621670861538437 ], [ -99.863686630769195, 20.622938230769194 ], [ -99.864625046153847, 20.624261723076934 ], [ -99.864512123076892, 20.624659830769211 ], [ -99.86444636923072, 20.62491315384613 ], [ -99.863748692307638, 20.625431646153825 ], [ -99.863086892307635, 20.625507246153791 ], [ -99.862078123076913, 20.625322538461539 ], [ -99.860841061538437, 20.625500369230799 ], [ -99.860360230769217, 20.625331107692347 ], [ -99.859839907692319, 20.62496324615385 ], [ -99.859666092307677, 20.624774369230757 ], [ -99.859568753846119, 20.624530907692325 ], [ -99.859547738461487, 20.624205738461562 ], [ -99.859632538461526, 20.623925215384595 ], [ -99.859938323076889, 20.623688784615375 ], [ -99.860196630769209, 20.623542938461537 ], [ -99.860415184615363, 20.623153323076927 ], [ -99.860423461538431, 20.622918369230788 ], [ -99.860566199999965, 20.622700815384636 ], [ -99.860833538461478, 20.622455523076916 ], [ -99.861368984615368, 20.622100476923062 ], [ -99.861693953846142, 20.621863938461562 ], [ -99.862067630769189, 20.621753661538477 ], [ -99.862364676923065, 20.621670861538437 ] ] ] ] } },
{ "type": "Feature", "properties": { "IDBD": 160681, "FC": 6291, "CONDICION": "CUERPO DE AGUA INTERMITENTE" }, "geometry": { "type": "MultiPolygon", "coordinates": [ [ [ [ -99.980815153846095, 20.623740553846172 ], [ -99.981276092307652, 20.623783107692333 ], [ -99.981449584615333, 20.623899584615398 ], [ -99.981902369230781, 20.624168061538455 ], [ -99.982307169230737, 20.624436815384612 ], [ -99.982596230769232, 20.624615861538459 ], [ -99.982712599999985, 20.624804938461541 ], [ -99.982637630769204, 20.625085461538511 ], [ -99.982581199999942, 20.625266476923123 ], [ -99.982371292307676, 20.6254574 ], [ -99.982228030769207, 20.625566646153857 ], [ -99.982056507692278, 20.625757353846133 ], [ -99.98192319999994, 20.62592073846152 ], [ -99.981780523076864, 20.626120323076972 ], [ -99.981637553846085, 20.626274723076904 ], [ -99.981407753846128, 20.626357353846149 ], [ -99.981254261538396, 20.626367261538441 ], [ -99.981114399999981, 20.625509723076885 ], [ -99.980815153846095, 20.623740553846172 ] ] ] ] } },
{ "type": "Feature", "properties": { "IDBD": 160693, "FC": 6291, "CONDICION": "CUERPO DE AGUA INTERMITENTE" }, "geometry": { "type": "MultiPolygon", "coordinates": [ [ [ [ -99.89486909230763, 20.624767276923077 ], [ -99.895135261538428, 20.624332215384641 ], [ -99.895325615384564, 20.624060169230781 ], [ -99.895736076923029, 20.623678569230805 ], [ -99.895499323076891, 20.624221907692313 ], [ -99.895356199999981, 20.624367215384613 ], [ -99.895098353846137, 20.6245854 ], [ -99.89486909230763, 20.624767276923077 ] ] ] ] } },
{ "type": "Feature", "properties": { "IDBD": 160702, "FC": 6291, "CONDICION": "CUERPO DE AGUA INTERMITENTE" }, "geometry": { "type": "MultiPolygon", "coordinates": [ [ [ [ -99.805209384615367, 20.622768876923072 ], [ -99.805083338461529, 20.622525523076927 ], [ -99.805169523076913, 20.622488969230762 ], [ -99.805226907692301, 20.622452569230731 ], [ -99.805284538461507, 20.622461338461559 ], [ -99.805380553846106, 20.622469923076896 ], [ -99.805467553846128, 20.622586969230763 ], [ -99.805526184615346, 20.622785476923077 ], [ -99.805507276923038, 20.622839784615394 ], [ -99.805488599999975, 20.622939261538463 ], [ -99.805393061538439, 20.623021015384612 ], [ -99.805297138461526, 20.623030507692302 ], [ -99.805209384615367, 20.622768876923072 ] ] ] ] } },
{ "type": "Feature", "properties": { "IDBD": 160708, "FC": 6291, "CONDICION": "CUERPO DE AGUA INTERMITENTE" }, "geometry": { "type": "MultiPolygon", "coordinates": [ [ [ [ -99.803778553846143, 20.622612907692297 ], [ -99.803768384615367, 20.622504538461541 ], [ -99.803747815384583, 20.6222426 ], [ -99.803959153846151, 20.622277753846159 ], [ -99.804093892307662, 20.622349415384626 ], [ -99.804151892307672, 20.622430461538478 ], [ -99.804161969230719, 20.622520769230757 ], [ -99.80407678461539, 20.622747046153883 ], [ -99.803943230769192, 20.622901276923059 ], [ -99.803847261538451, 20.622901723076929 ], [ -99.803798984615341, 20.622847738461516 ], [ -99.803778553846143, 20.622612907692297 ] ] ] ] } },
{ "type": "Feature", "properties": { "IDBD": 160715, "FC": 6291, "CONDICION": "CUERPO DE AGUA INTERMITENTE" }, "geometry": { "type": "MultiPolygon", "coordinates": [ [ [ [ -99.832572892307653, 20.623054815384638 ], [ -99.832437599999977, 20.622883800000011 ], [ -99.832446661538413, 20.622784369230821 ], [ -99.832493953846125, 20.622657646153893 ], [ -99.832522153846099, 20.622549092307725 ], [ -99.83260809230768, 20.622467353846186 ], [ -99.83275189230767, 20.622439553846146 ], [ -99.832905446153816, 20.622438815384619 ], [ -99.833001615384589, 20.622474492307706 ], [ -99.833107476923047, 20.622528200000016 ], [ -99.832572892307653, 20.623054815384638 ] ] ] ] } },
{ "type": "Feature", "properties": { "IDBD": 160745, "FC": 6291, "CONDICION": "CUERPO DE AGUA INTERMITENTE" }, "geometry": { "type": "MultiPolygon", "coordinates": [ [ [ [ -99.947078492307668, 20.621724215384589 ], [ -99.946975, 20.622059092307687 ], [ -99.946832830769225, 20.622348984615339 ], [ -99.946681123076871, 20.622647984615352 ], [ -99.946482169230748, 20.623064676923104 ], [ -99.94632013846153, 20.623246276923116 ], [ -99.946148230769211, 20.623382738461558 ], [ -99.946062246153815, 20.623446461538478 ], [ -99.945832538461502, 20.62354710769231 ], [ -99.945592846153801, 20.623584553846182 ], [ -99.945333338461509, 20.623522723076896 ], [ -99.945111615384604, 20.623361307692292 ], [ -99.944764846153831, 20.623155400000044 ], [ -99.944523861538428, 20.622985046153829 ], [ -99.944292538461511, 20.622823676923076 ], [ -99.944032092307665, 20.62260826153846 ], [ -99.943781523076865, 20.622437969230774 ], [ -99.946870630769169, 20.619150353846145 ], [ -99.947073507692267, 20.619366076923065 ], [ -99.947179969230746, 20.619510061538442 ], [ -99.947296076923038, 20.619663015384603 ], [ -99.947374969230765, 20.620005923076906 ], [ -99.947356492307676, 20.620123476923112 ], [ -99.9472814, 20.620394953846152 ], [ -99.947167969230762, 20.620675661538431 ], [ -99.947141476923036, 20.621046246153867 ], [ -99.947105323076883, 20.621407846153829 ], [ -99.947078492307668, 20.621724215384589 ] ] ] ] } },
{ "type": "Feature", "properties": { "IDBD": 160747, "FC": 6291, "CONDICION": "CUERPO DE AGUA INTERMITENTE" }, "geometry": { "type": "MultiPolygon", "coordinates": [ [ [ [ -99.930137246153834, 20.622891430769229 ], [ -99.929341799999975, 20.623076415384595 ], [ -99.929092784615349, 20.623159076923098 ], [ -99.928872492307676, 20.623232538461533 ], [ -99.928899753846139, 20.622979400000013 ], [ -99.928937153846121, 20.622816569230736 ], [ -99.929003892307662, 20.622743938461578 ], [ -99.92917624615383, 20.622679753846125 ], [ -99.929348661538413, 20.622624615384627 ], [ -99.92959801538457, 20.622596169230803 ], [ -99.929867492307665, 20.622721215384647 ], [ -99.930137246153834, 20.622891430769229 ] ] ] ] } },
{ "type": "Feature", "properties": { "IDBD": 160758, "FC": 6291, "CONDICION": "CUERPO DE AGUA INTERMITENTE" }, "geometry": { "type": "MultiPolygon", "coordinates": [ [ [ [ -99.689227876923042, 20.619303861538473 ], [ -99.689122107692285, 20.619259107692304 ], [ -99.688986646153808, 20.619015692307677 ], [ -99.6888418, 20.61881747692312 ], [ -99.688503507692303, 20.618285723076891 ], [ -99.688906538461524, 20.618275092307687 ], [ -99.689300015384603, 20.618273523076947 ], [ -99.689300799999955, 20.6184452 ], [ -99.689272861538427, 20.618635046153877 ], [ -99.689340892307655, 20.618824523076924 ], [ -99.689428123076908, 20.619013923076942 ], [ -99.689476676923036, 20.619140230769226 ], [ -99.689390784615327, 20.619249 ], [ -99.689227876923042, 20.619303861538473 ] ] ] ] } },
{ "type": "Feature", "properties": { "IDBD": 160775, "FC": 6291, "CONDICION": "CUERPO DE AGUA INTERMITENTE" }, "geometry": { "type": "MultiPolygon", "coordinates": [ [ [ [ -99.99334269230765, 20.622783553846212 ], [ -99.993254969230748, 20.622576246153791 ], [ -99.99319586153841, 20.622341676923064 ], [ -99.993193646153799, 20.621998353846148 ], [ -99.993221323076924, 20.621826538461523 ], [ -99.993316046153822, 20.621636261538438 ], [ -99.993392353846133, 20.621563538461558 ], [ -99.993458938461529, 20.6214728 ], [ -99.99367849230768, 20.621290846153833 ], [ -99.993898338461491, 20.621154046153865 ], [ -99.994061415384564, 20.621144076923077 ], [ -99.993815538461561, 20.621705661538432 ], [ -99.99334269230765, 20.622783553846212 ] ] ] ] } },
{ "type": "Feature", "properties": { "IDBD": 160780, "FC": 6291, "CONDICION": "CUERPO DE AGUA INTERMITENTE" }, "geometry": { "type": "MultiPolygon", "coordinates": [ [ [ [ -99.8857595384615, 20.62115496923078 ], [ -99.885672015384614, 20.620956630769271 ], [ -99.885584599999973, 20.620776384615418 ], [ -99.885526492307676, 20.620686323076942 ], [ -99.885458215384588, 20.620496938461507 ], [ -99.885361046153847, 20.620289615384628 ], [ -99.88529319999995, 20.620172507692299 ], [ -99.885244215384574, 20.620001092307657 ], [ -99.885262523076904, 20.619847400000033 ], [ -99.885310138461534, 20.619783907692288 ], [ -99.885414923076922, 20.619647846153857 ], [ -99.885490661538412, 20.61946675384614 ], [ -99.885557046153835, 20.619330876923051 ], [ -99.885623599999988, 20.619222123076941 ], [ -99.885919892307655, 20.619012784615389 ], [ -99.8858580461538, 20.619934707692298 ], [ -99.8857595384615, 20.62115496923078 ] ] ] ] } },
{ "type": "Feature", "properties": { "IDBD": 160787, "FC": 6291, "CONDICION": "CUERPO DE AGUA INTERMITENTE" }, "geometry": { "type": "MultiPolygon", "coordinates": [ [ [ [ -99.688921753846117, 20.617389538461563 ], [ -99.689459476923062, 20.617450646153838 ], [ -99.689441861538427, 20.617803107692335 ], [ -99.689462030769192, 20.618019876923071 ], [ -99.689357199999975, 20.618182938461569 ], [ -99.689155707692294, 20.618192769230781 ], [ -99.688829030769199, 20.618112753846198 ], [ -99.688752338461541, 20.618131138461543 ], [ -99.688604892307666, 20.617354661538485 ], [ -99.688921753846117, 20.617389538461563 ] ] ] ] } },
{ "type": "Feature", "properties": { "IDBD": 160795, "FC": 6291, "CONDICION": "CUERPO DE AGUA INTERMITENTE" }, "geometry": { "type": "MultiPolygon", "coordinates": [ [ [ [ -99.868833984615335, 20.618430938461543 ], [ -99.869188753846132, 20.618374938461535 ], [ -99.870003646153819, 20.618226276923075 ], [ -99.870405215384594, 20.617962230769205 ], [ -99.870463261538418, 20.618043246153839 ], [ -99.870550030769195, 20.618115092307676 ], [ -99.870569846153813, 20.618223415384605 ], [ -99.870541723076897, 20.618341015384608 ], [ -99.870542753846109, 20.618521723076935 ], [ -99.870553015384587, 20.618639123076882 ], [ -99.870573138461509, 20.618801661538463 ], [ -99.870555123076926, 20.619009553846151 ], [ -99.870556046153794, 20.619172184615387 ], [ -99.870489384615382, 20.619262876923084 ], [ -99.870471261538441, 20.619452707692311 ], [ -99.870433907692302, 20.619633599999972 ], [ -99.870386738461505, 20.6197784 ], [ -99.870272153846159, 20.619878369230815 ], [ -99.870204707692295, 20.619833538461581 ], [ -99.870127784615391, 20.619806815384646 ], [ -99.87006101538455, 20.619879430769249 ], [ -99.870004107692267, 20.619997184615396 ], [ -99.869976030769209, 20.620123815384666 ], [ -99.869889661538423, 20.620124246153857 ], [ -99.869774399999955, 20.620106753846141 ], [ -99.869669092307646, 20.620152461538485 ], [ -99.869602123076902, 20.620188938461538 ], [ -99.869545307692263, 20.620324753846134 ], [ -99.869440307692287, 20.620424676923079 ], [ -99.869267461538413, 20.620407476923091 ], [ -99.869123769230725, 20.620453369230795 ], [ -99.869008353846127, 20.620408784615364 ], [ -99.868892876923042, 20.620355138461569 ], [ -99.868748769230763, 20.620328769230767 ], [ -99.868547338461525, 20.620347846153877 ], [ -99.868374799999984, 20.620384861538437 ], [ -99.868231, 20.62041267692307 ], [ -99.867856723076898, 20.620414569230817 ], [ -99.867539676923059, 20.620352907692311 ], [ -99.867826861538404, 20.620224969230776 ], [ -99.868056830769234, 20.62016056923073 ], [ -99.86827713846148, 20.620087184615425 ], [ -99.868650799999983, 20.619976876923104 ], [ -99.868919061538449, 20.619894215384605 ], [ -99.869005123076917, 20.619839569230773 ], [ -99.869024, 20.61978526153846 ], [ -99.868947030769206, 20.619749507692326 ], [ -99.868946261538454, 20.61961398461542 ], [ -99.869003123076908, 20.619487199999984 ], [ -99.868964369230738, 20.619424153846161 ], [ -99.868791323076877, 20.619370815384613 ], [ -99.868646753846107, 20.619263123076927 ], [ -99.868530876923032, 20.619137199999987 ], [ -99.86838553846151, 20.618893984615383 ], [ -99.868336430769205, 20.618695461538476 ], [ -99.868297030769199, 20.618514953846155 ], [ -99.868565523076882, 20.618477461538468 ], [ -99.868833984615335, 20.618430938461543 ] ] ] ] } },
{ "type": "Feature", "properties": { "IDBD": 160829, "FC": 6291, "CONDICION": "CUERPO DE AGUA INTERMITENTE" }, "geometry": { "type": "MultiPolygon", "coordinates": [ [ [ [ -99.689153630769198, 20.615599584615381 ], [ -99.689585815384575, 20.615670138461574 ], [ -99.689921953846095, 20.615723015384624 ], [ -99.689932523076905, 20.615939815384625 ], [ -99.689895153846123, 20.616165861538455 ], [ -99.689867553846113, 20.616428 ], [ -99.689733923076872, 20.616591169230748 ], [ -99.68958076923073, 20.616682138461538 ], [ -99.689388830769218, 20.616682907692329 ], [ -99.689043061538442, 20.616621030769263 ], [ -99.689013415384579, 20.616431415384632 ], [ -99.689041399999965, 20.616250584615408 ], [ -99.689126630769238, 20.615997246153821 ], [ -99.689153630769198, 20.615599584615381 ] ] ] ] } },
{ "type": "Feature", "properties": { "IDBD": 160830, "FC": 6291, "CONDICION": "CUERPO DE AGUA INTERMITENTE" }, "geometry": { "type": "MultiPolygon", "coordinates": [ [ [ [ -99.895164861538461, 20.61954339999998 ], [ -99.894992215384562, 20.619562369230803 ], [ -99.894742446153813, 20.61951847692308 ], [ -99.894606984615379, 20.619329446153866 ], [ -99.894471938461507, 20.619212692307681 ], [ -99.894279061538427, 20.619051046153832 ], [ -99.894077215384584, 20.618997876923085 ], [ -99.893894615384582, 20.618953646153855 ], [ -99.893644676923046, 20.61888266153845 ], [ -99.893912753846095, 20.618772846153874 ], [ -99.894095199999953, 20.618789984615368 ], [ -99.89437323076919, 20.618743369230749 ], [ -99.894477799999976, 20.618571153846155 ], [ -99.894447892307682, 20.618381569230735 ], [ -99.894389676923069, 20.618273446153843 ], [ -99.89437944615382, 20.618165076923042 ], [ -99.894532953846138, 20.618155246153854 ], [ -99.894637615384582, 20.618001107692301 ], [ -99.894790153846117, 20.617828646153853 ], [ -99.89483703076921, 20.617638661538447 ], [ -99.895046938461491, 20.617429769230768 ], [ -99.895305246153811, 20.617292907692352 ], [ -99.895164861538461, 20.61954339999998 ] ] ] ] } },
{ "type": "Feature", "properties": { "IDBD": 160840, "FC": 6291, "CONDICION": "CUERPO DE AGUA INTERMITENTE" }, "geometry": { "type": "MultiPolygon", "coordinates": [ [ [ [ -99.896735615384586, 20.617366800000024 ], [ -99.896842799999959, 20.619281707692291 ], [ -99.89665966153845, 20.619147138461532 ], [ -99.896514446153816, 20.618931046153822 ], [ -99.896379138461512, 20.618769107692341 ], [ -99.89617633846153, 20.61855332307692 ], [ -99.896107738461509, 20.61830972307693 ], [ -99.896116061538464, 20.618092830769204 ], [ -99.896201215384622, 20.617884584615421 ], [ -99.896363092307695, 20.61766689230766 ], [ -99.896735615384586, 20.617366800000024 ] ] ] ] } },
{ "type": "Feature", "properties": { "IDBD": 160869, "FC": 6291, "CONDICION": "CUERPO DE AGUA INTERMITENTE" }, "geometry": { "type": "MultiPolygon", "coordinates": [ [ [ [ -99.827492184615338, 20.617034584615361 ], [ -99.827550646153796, 20.617196938461536 ], [ -99.827416676923079, 20.617269861538482 ], [ -99.827272723076916, 20.617270553846154 ], [ -99.82715746153842, 20.617253030769234 ], [ -99.826860507692274, 20.617353846153875 ], [ -99.826859876923052, 20.617236384615399 ], [ -99.826859184615387, 20.617109907692303 ], [ -99.826925538461509, 20.616955984615387 ], [ -99.82703992307691, 20.616810876923061 ], [ -99.827230969230754, 20.616647323076929 ], [ -99.827299169230727, 20.616836738461537 ], [ -99.827492184615338, 20.617034584615361 ] ] ] ] } },
{ "type": "Feature", "properties": { "IDBD": 160873, "FC": 6291, "CONDICION": "CUERPO DE AGUA INTERMITENTE" }, "geometry": { "type": "MultiPolygon", "coordinates": [ [ [ [ -99.816847353846128, 20.616696707692313 ], [ -99.817798061538454, 20.616809676923058 ], [ -99.818517661538436, 20.61677915384611 ], [ -99.818824707692244, 20.616768676923058 ], [ -99.818738969230722, 20.616886538461532 ], [ -99.818643723076889, 20.617022523076972 ], [ -99.818596030769157, 20.617076953846169 ], [ -99.818375784615355, 20.617168353846161 ], [ -99.817127399999976, 20.617020661538454 ], [ -99.816944430769183, 20.616904061538452 ], [ -99.816905507692297, 20.616804861538501 ], [ -99.816847353846128, 20.616696707692313 ] ] ] ] } },
{ "type": "Feature", "properties": { "IDBD": 160877, "FC": 6291, "CONDICION": "CUERPO DE AGUA INTERMITENTE" }, "geometry": { "type": "MultiPolygon", "coordinates": [ [ [ [ -99.916341399999936, 20.617282030769232 ], [ -99.916571384615338, 20.617226599999988 ], [ -99.916811307692271, 20.617225323076919 ], [ -99.916984415384604, 20.617287646153844 ], [ -99.917148307692287, 20.617413276923067 ], [ -99.917273553846101, 20.617493923076921 ], [ -99.917446615384605, 20.617547215384619 ], [ -99.91758086153844, 20.617528430769205 ], [ -99.917667723076917, 20.617609292307709 ], [ -99.917811507692306, 20.61758141538461 ], [ -99.91798310769228, 20.617390769230802 ], [ -99.918166246153802, 20.617525323076968 ], [ -99.918301676923036, 20.61770530769234 ], [ -99.918331338461513, 20.617849723076894 ], [ -99.918313446153817, 20.618066661538464 ], [ -99.91828606153841, 20.618301707692307 ], [ -99.918132199999974, 20.618248323076923 ], [ -99.917968246153805, 20.618113661538459 ], [ -99.917765738461512, 20.6179521076923 ], [ -99.9175349384615, 20.617872015384616 ], [ -99.917188538461502, 20.617720261538469 ], [ -99.916919138461509, 20.617604230769206 ], [ -99.916688492307671, 20.617551246153873 ], [ -99.916573230769188, 20.617533784615386 ], [ -99.916380815384571, 20.617453492307739 ], [ -99.916313153846147, 20.617372523076959 ], [ -99.916341399999936, 20.617282030769232 ] ] ] ] } },
{ "type": "Feature", "properties": { "IDBD": 160914, "FC": 6291, "CONDICION": "CUERPO DE AGUA INTERMITENTE" }, "geometry": { "type": "MultiPolygon", "coordinates": [ [ [ [ -99.964452261538426, 20.614616892307708 ], [ -99.964739753846132, 20.614552046153889 ], [ -99.964884092307656, 20.614614476923066 ], [ -99.965085553846109, 20.614604323076929 ], [ -99.965200707692262, 20.6146036769231 ], [ -99.965316261538447, 20.614666276923121 ], [ -99.965268738461504, 20.614738830769273 ], [ -99.965355846153827, 20.6148558 ], [ -99.965471107692267, 20.61487321538463 ], [ -99.965585984615331, 20.614827400000038 ], [ -99.965691030769193, 20.614745507692334 ], [ -99.965757799999977, 20.614681876923072 ], [ -99.965949784615347, 20.61468984615389 ], [ -99.966103092307634, 20.614652846153845 ], [ -99.96623681538459, 20.614552707692276 ], [ -99.966389676923043, 20.614443430769203 ], [ -99.966523169230754, 20.614307169230756 ], [ -99.966667107692274, 20.614306353846146 ], [ -99.966733769230743, 20.614224676923055 ], [ -99.966905984615366, 20.614142399999988 ], [ -99.967097907692249, 20.614141323076929 ], [ -99.967251615384569, 20.614167569230784 ], [ -99.967386584615355, 20.614266200000017 ], [ -99.967387446153836, 20.61440172307697 ], [ -99.967369107692264, 20.61453733846157 ], [ -99.967360246153802, 20.61465484615384 ], [ -99.9673422, 20.614835646153828 ], [ -99.967257092307676, 20.61503490769234 ], [ -99.967210199999954, 20.615206830769253 ], [ -99.967048476923068, 20.615433615384639 ], [ -99.966857753846142, 20.615624415384605 ], [ -99.966714661538433, 20.615760738461578 ], [ -99.966561876923024, 20.615879046153847 ], [ -99.966342692307634, 20.61612423076922 ], [ -99.966219076923025, 20.61630561538465 ], [ -99.965847738461505, 20.616768476923102 ], [ -99.965676415384607, 20.616995323076889 ], [ -99.965543215384599, 20.617176769230756 ], [ -99.965419661538448, 20.617367184615421 ], [ -99.965286153846108, 20.617503461538458 ], [ -99.964766123076885, 20.61569032307693 ], [ -99.964452261538426, 20.614616892307708 ] ] ] ] } },
{ "type": "Feature", "properties": { "IDBD": 160917, "FC": 6291, "CONDICION": "CUERPO DE AGUA INTERMITENTE" }, "geometry": { "type": "MultiPolygon", "coordinates": [ [ [ [ -99.905406076923015, 20.616508430769194 ], [ -99.905826707692285, 20.616235169230762 ], [ -99.906496646153812, 20.615924461538455 ], [ -99.907041876923074, 20.615623430769247 ], [ -99.907443476923063, 20.615377384615382 ], [ -99.907406276923055, 20.615576353846141 ], [ -99.907349923076865, 20.615784446153842 ], [ -99.907006215384598, 20.61608441538462 ], [ -99.906632969230756, 20.616258046153831 ], [ -99.9062312, 20.616477 ], [ -99.906030107692288, 20.616550338461568 ], [ -99.905857692307634, 20.616605446153866 ], [ -99.905406076923015, 20.616508430769194 ] ] ] ] } },
{ "type": "Feature", "properties": { "IDBD": 160978, "FC": 6291, "CONDICION": "CUERPO DE AGUA INTERMITENTE" }, "geometry": { "type": "MultiPolygon", "coordinates": [ [ [ [ -99.823620292307666, 20.612661907692281 ], [ -99.824089738461481, 20.612515107692321 ], [ -99.825114907692281, 20.612203015384633 ], [ -99.824924630769218, 20.612511123076892 ], [ -99.824829246153811, 20.61262 ], [ -99.82474336923076, 20.612710769230784 ], [ -99.824686369230733, 20.612819461538468 ], [ -99.8245911384615, 20.612955446153858 ], [ -99.824505153846133, 20.613028138461523 ], [ -99.82439, 20.613028692307722 ], [ -99.824265, 20.612984107692306 ], [ -99.824139907692285, 20.612921446153862 ], [ -99.824024415384613, 20.61285875384619 ], [ -99.823620292307666, 20.612661907692281 ] ] ] ] } },
{ "type": "Feature", "properties": { "IDBD": 161007, "FC": 6291, "CONDICION": "CUERPO DE AGUA INTERMITENTE" }, "geometry": { "type": "MultiPolygon", "coordinates": [ [ [ [ -99.992135323076909, 20.614180107692256 ], [ -99.99246152307694, 20.614169200000028 ], [ -99.992614953846143, 20.614150246153823 ], [ -99.992931507692262, 20.61413035384615 ], [ -99.993152276923055, 20.614138123076938 ], [ -99.993363615384581, 20.61417304615382 ], [ -99.99334447692307, 20.6141822 ], [ -99.993249107692293, 20.614273092307705 ], [ -99.993182230769236, 20.614318661538462 ], [ -99.992289738461508, 20.614314753846166 ], [ -99.992183876923065, 20.6142701846154 ], [ -99.992135323076909, 20.614180107692256 ] ] ] ] } },
{ "type": "Feature", "properties": { "IDBD": 161018, "FC": 6291, "CONDICION": "CUERPO DE AGUA INTERMITENTE" }, "geometry": { "type": "MultiPolygon", "coordinates": [ [ [ [ -99.993658815384592, 20.613818984615385 ], [ -99.993802169230733, 20.613727815384596 ], [ -99.993849676923048, 20.613655261538444 ], [ -99.993983553846149, 20.613582215384614 ], [ -99.994098707692288, 20.613581553846167 ], [ -99.994156861538443, 20.613671569230792 ], [ -99.994157569230723, 20.613779984615377 ], [ -99.994234861538445, 20.613860846153887 ], [ -99.994407953846149, 20.613914061538456 ], [ -99.994379399999985, 20.613950369230803 ], [ -99.99428372307689, 20.613996092307698 ], [ -99.994245815384616, 20.6140686 ], [ -99.994226676923063, 20.614077738461582 ], [ -99.993977061538416, 20.614061107692322 ], [ -99.993804215384571, 20.614044030769243 ], [ -99.99372692307692, 20.613963153846143 ], [ -99.993658815384592, 20.613818984615385 ] ] ] ] } },
{ "type": "Feature", "properties": { "IDBD": 161070, "FC": 6291, "CONDICION": "CUERPO DE AGUA INTERMITENTE" }, "geometry": { "type": "MultiPolygon", "coordinates": [ [ [ [ -99.825195107692309, 20.609275169230752 ], [ -99.825340553846132, 20.609554569230752 ], [ -99.825215907692268, 20.609573246153865 ], [ -99.825091292307675, 20.609600938461583 ], [ -99.824995476923036, 20.609628507692353 ], [ -99.824909123076907, 20.609628923076915 ], [ -99.8247748153846, 20.609638600000022 ], [ -99.824659615384604, 20.609630107692286 ], [ -99.824535153846099, 20.609684907692305 ], [ -99.82442, 20.609685461538486 ], [ -99.824390876923033, 20.609622353846152 ], [ -99.824447769230744, 20.609495584615392 ], [ -99.824543092307678, 20.609377676923085 ], [ -99.824676861538421, 20.609268615384629 ], [ -99.824820323076878, 20.609177569230791 ], [ -99.825078738461542, 20.609049846153873 ], [ -99.825195107692309, 20.609275169230752 ] ] ] ] } },
{ "type": "Feature", "properties": { "IDBD": 161090, "FC": 6291, "CONDICION": "CUERPO DE AGUA INTERMITENTE" }, "geometry": { "type": "MultiPolygon", "coordinates": [ [ [ [ -99.826918969230732, 20.608625430769198 ], [ -99.827159799999976, 20.608795953846158 ], [ -99.827035923076849, 20.608959169230761 ], [ -99.826873323076882, 20.609059338461563 ], [ -99.826451969230718, 20.609224 ], [ -99.826231246153839, 20.609225046153895 ], [ -99.825817738461495, 20.609064384615337 ], [ -99.825807661538434, 20.608974076923104 ], [ -99.825883984615373, 20.60889240000002 ], [ -99.82641003076921, 20.608564615384605 ], [ -99.826754615384573, 20.608400323076911 ], [ -99.826918969230732, 20.608625430769198 ] ] ] ] } },
{ "type": "Feature", "properties": { "IDBD": 161139, "FC": 6291, "CONDICION": "CUERPO DE AGUA INTERMITENTE" }, "geometry": { "type": "MultiPolygon", "coordinates": [ [ [ [ -100.00473632307687, 20.609882446153836 ], [ -100.004678476923047, 20.609819784615407 ], [ -100.004617123076912, 20.609750323076902 ], [ -100.004565153846116, 20.609674369230763 ], [ -100.004529353846124, 20.609590538461553 ], [ -100.004518738461513, 20.609500753846188 ], [ -100.00452323076918, 20.609410492307671 ], [ -100.004533892307649, 20.609320707692298 ], [ -100.004565953846139, 20.609235553846201 ], [ -100.004638969230768, 20.609176923076944 ], [ -100.004724646153818, 20.609136246153863 ], [ -100.004746061538455, 20.609134492307682 ], [ -100.004820246153798, 20.609128430769214 ], [ -100.004914876923081, 20.609143384615354 ], [ -100.005008184615377, 20.609164476923066 ], [ -100.00510303076922, 20.609178246153856 ], [ -100.005185292307644, 20.609224753846163 ], [ -100.005253415384573, 20.609288384615393 ], [ -100.005309492307646, 20.609361707692358 ], [ -100.00534984615382, 20.609443676923039 ], [ -100.005373430769211, 20.609531261538464 ], [ -100.005369953846142, 20.609621538461511 ], [ -100.005359769230736, 20.609710476923119 ], [ -100.005292815384607, 20.609733030769242 ], [ -100.005200907692299, 20.609759 ], [ -100.005108907692275, 20.609784676923066 ], [ -100.005017230769198, 20.609807415384598 ], [ -100.004923323076866, 20.609832507692321 ], [ -100.004831369230757, 20.609857476923093 ], [ -100.00473632307687, 20.609882446153836 ] ] ] ] } },
{ "type": "Feature", "properties": { "IDBD": 161159, "FC": 6291, "CONDICION": "CUERPO DE AGUA INTERMITENTE" }, "geometry": { "type": "MultiPolygon", "coordinates": [ [ [ [ -99.888155369230759, 20.607318753846148 ], [ -99.887924799999979, 20.607274769230784 ], [ -99.887751399999956, 20.6071582 ], [ -99.887549261538453, 20.607050815384621 ], [ -99.887347169230722, 20.606952461538487 ], [ -99.887116399999968, 20.606872323076914 ], [ -99.886827846153835, 20.606756353846198 ], [ -99.886298815384578, 20.606542215384586 ], [ -99.8868552153846, 20.606512261538459 ], [ -99.887143307692284, 20.60654692307693 ], [ -99.887450846153826, 20.606626661538488 ], [ -99.887720307692291, 20.606760800000011 ], [ -99.887893984615346, 20.606922553846161 ], [ -99.888029415384594, 20.607111599999964 ], [ -99.888155369230759, 20.607318753846148 ] ] ] ] } },
{ "type": "Feature", "properties": { "IDBD": 161193, "FC": 6291, "CONDICION": "CUERPO DE AGUA INTERMITENTE" }, "geometry": { "type": "MultiPolygon", "coordinates": [ [ [ [ -99.895757553846138, 20.60601460000003 ], [ -99.895343815384578, 20.605827 ], [ -99.895112892307679, 20.605719784615374 ], [ -99.894891815384597, 20.605657676923062 ], [ -99.894679799999977, 20.605505169230767 ], [ -99.894487107692285, 20.605370646153894 ], [ -99.894285430769216, 20.605344584615391 ], [ -99.894112015384565, 20.605228015384604 ], [ -99.893957907692297, 20.605129430769232 ], [ -99.893446599999962, 20.604662246153858 ], [ -99.893647784615354, 20.604606984615412 ], [ -99.893868646153805, 20.60463295384621 ], [ -99.894128261538469, 20.604721969230777 ], [ -99.89438824615381, 20.604874215384616 ], [ -99.894657769230747, 20.605017384615433 ], [ -99.89491775384613, 20.605169646153854 ], [ -99.895554553846111, 20.605762661538467 ], [ -99.895757553846138, 20.60601460000003 ] ] ] ] } },
{ "type": "Feature", "properties": { "IDBD": 161208, "FC": 6291, "CONDICION": "CUERPO DE AGUA INTERMITENTE" }, "geometry": { "type": "MultiPolygon", "coordinates": [ [ [ [ -99.683447015384601, 20.601355061538467 ], [ -99.68359147692307, 20.601471953846172 ], [ -99.683841907692297, 20.601678784615373 ], [ -99.683698446153826, 20.601787784615368 ], [ -99.683555030769185, 20.601905815384622 ], [ -99.683421246153841, 20.60203284615385 ], [ -99.683306384615364, 20.602096538461517 ], [ -99.6831628, 20.602178430769239 ], [ -99.68303792307691, 20.602151815384605 ], [ -99.682865523076899, 20.602224784615338 ], [ -99.682702307692267, 20.602207353846136 ], [ -99.682558246153789, 20.602180815384628 ], [ -99.682299384615362, 20.602236046153877 ], [ -99.682155692307646, 20.602290830769256 ], [ -99.682040538461507, 20.602291292307672 ], [ -99.681934661538421, 20.602219415384639 ], [ -99.681799876923023, 20.602120553846145 ], [ -99.681808630769197, 20.601930784615394 ], [ -99.681942615384571, 20.601848923076929 ], [ -99.682115015384596, 20.601775969230779 ], [ -99.682239523076902, 20.601721261538497 ], [ -99.68251769230767, 20.601693061538452 ], [ -99.682786215384567, 20.601655846153843 ], [ -99.683044953846093, 20.601573507692343 ], [ -99.68324610769227, 20.601491400000018 ], [ -99.683447015384601, 20.601355061538467 ] ] ] ] } },
{ "type": "Feature", "properties": { "IDBD": 161213, "FC": 6291, "CONDICION": "CUERPO DE AGUA INTERMITENTE" }, "geometry": { "type": "MultiPolygon", "coordinates": [ [ [ [ -99.795042184615355, 20.603579599999978 ], [ -99.795252584615355, 20.603443107692335 ], [ -99.795367507692291, 20.6033974 ], [ -99.795463415384631, 20.60338792307693 ], [ -99.795540230769234, 20.603396615384646 ], [ -99.79561736923074, 20.603468538461485 ], [ -99.795694553846104, 20.603549492307703 ], [ -99.795771846153841, 20.603648538461542 ], [ -99.795849169230749, 20.6037566 ], [ -99.795734061538425, 20.603766169230738 ], [ -99.795628553846115, 20.603775692307664 ], [ -99.795484569230752, 20.603767323076919 ], [ -99.795350092307672, 20.603740830769233 ], [ -99.795042184615355, 20.603579599999978 ] ] ] ] } },
{ "type": "Feature", "properties": { "IDBD": 161227, "FC": 6291, "CONDICION": "CUERPO DE AGUA INTERMITENTE" }, "geometry": { "type": "MultiPolygon", "coordinates": [ [ [ [ -99.97070913846153, 20.605519676923073 ], [ -99.970257692307655, 20.605449938461561 ], [ -99.970734892307661, 20.605040676923068 ], [ -99.971002323076917, 20.6048404 ], [ -99.971222384615388, 20.604739784615393 ], [ -99.971423323076905, 20.604648307692305 ], [ -99.971634138461511, 20.604601938461553 ], [ -99.971759276923038, 20.604664476923073 ], [ -99.97166458461534, 20.604863784615389 ], [ -99.971521676923047, 20.605027215384588 ], [ -99.971407384615375, 20.605163384615405 ], [ -99.971351015384556, 20.60535344615386 ], [ -99.97131424615381, 20.605606630769206 ], [ -99.97070913846153, 20.605519676923073 ] ] ] ] } },
{ "type": "Feature", "properties": { "IDBD": 161236, "FC": 6291, "CONDICION": "CUERPO DE AGUA INTERMITENTE" }, "geometry": { "type": "MultiPolygon", "coordinates": [ [ [ [ -99.813223107692252, 20.602871615384576 ], [ -99.813433123076891, 20.602662815384591 ], [ -99.813710538461521, 20.602498876923082 ], [ -99.814246123076927, 20.602162046153818 ], [ -99.815021753846139, 20.601851184615427 ], [ -99.815414599999968, 20.601740907692321 ], [ -99.81569269230765, 20.601703461538492 ], [ -99.816047830769222, 20.601719846153824 ], [ -99.816297799999958, 20.60180903076926 ], [ -99.816471046153808, 20.6019076 ], [ -99.816693, 20.602141461538469 ], [ -99.816184676923029, 20.602189046153889 ], [ -99.815896984615378, 20.602226538461554 ], [ -99.815551876923053, 20.60229141538462 ], [ -99.815254846153834, 20.602374138461521 ], [ -99.814957615384586, 20.602420707692332 ], [ -99.814698815384574, 20.60247615384618 ], [ -99.814478538461501, 20.602558507692319 ], [ -99.814191246153811, 20.602668276923076 ], [ -99.813904030769194, 20.602796123076949 ], [ -99.813664523076895, 20.602869538461572 ], [ -99.81345346153843, 20.602879569230776 ], [ -99.813223107692252, 20.602871615384576 ] ] ] ] } },
{ "type": "Feature", "properties": { "IDBD": 161237, "FC": 6291, "CONDICION": "CUERPO DE AGUA INTERMITENTE" }, "geometry": { "type": "MultiPolygon", "coordinates": [ [ [ [ -99.932944923076874, 20.603279061538419 ], [ -99.933367569230739, 20.60334906153847 ], [ -99.933627092307646, 20.603419938461524 ], [ -99.933762307692263, 20.60356376923076 ], [ -99.933916723076891, 20.603707492307723 ], [ -99.934023323076929, 20.603878584615384 ], [ -99.934091369230742, 20.604022784615392 ], [ -99.934130799999963, 20.604194246153867 ], [ -99.934141446153845, 20.60436584615384 ], [ -99.934123246153817, 20.604528584615426 ], [ -99.933921015384598, 20.604412215384603 ], [ -99.933786184615343, 20.604331630769202 ], [ -99.933660892307699, 20.604241953846167 ], [ -99.933535538461527, 20.604143246153846 ], [ -99.933419507692307, 20.603999307692302 ], [ -99.933341861538452, 20.603855169230776 ], [ -99.932944923076874, 20.603279061538419 ] ] ] ] } },
{ "type": "Feature", "properties": { "IDBD": 161245, "FC": 6291, "CONDICION": "CUERPO DE AGUA INTERMITENTE" }, "geometry": { "type": "MultiPolygon", "coordinates": [ [ [ [ -99.695667676923037, 20.600276276923069 ], [ -99.695533569230761, 20.600331030769251 ], [ -99.695304138461523, 20.600521707692298 ], [ -99.695246969230737, 20.600612292307687 ], [ -99.695151246153813, 20.600666892307711 ], [ -99.695017030769193, 20.600694538461511 ], [ -99.694901753846111, 20.600667892307673 ], [ -99.694843892307674, 20.600604876923075 ], [ -99.694728292307644, 20.600505953846156 ], [ -99.694718292307698, 20.600415630769255 ], [ -99.694631307692262, 20.600280446153825 ], [ -99.694640415384569, 20.6001719846154 ], [ -99.694716615384564, 20.600045184615357 ], [ -99.694802569230745, 20.599954476923074 ], [ -99.694926615384574, 20.599800384615378 ], [ -99.695031676923065, 20.599691523076938 ], [ -99.695117384615386, 20.599546615384622 ], [ -99.695155199999959, 20.599419969230745 ], [ -99.695143599999938, 20.598977276923101 ], [ -99.69518090769229, 20.5987422 ], [ -99.695266907692286, 20.59866052307688 ], [ -99.695401323076922, 20.598678061538465 ], [ -99.695507046153793, 20.598713784615391 ], [ -99.695641723076889, 20.598785523076927 ], [ -99.695776676923046, 20.598920507692316 ], [ -99.695719630769219, 20.5990382 ], [ -99.69566243076919, 20.599119753846182 ], [ -99.69566292307691, 20.599228184615349 ], [ -99.695673215384588, 20.599381738461524 ], [ -99.695703138461496, 20.599634615384613 ], [ -99.695703630769188, 20.599743046153833 ], [ -99.695761784615371, 20.599869307692295 ], [ -99.695848676923006, 20.599986415384606 ], [ -99.69579159999995, 20.600095076923051 ], [ -99.695724923076881, 20.600203769230802 ], [ -99.695667676923037, 20.600276276923069 ] ] ] ] } },
{ "type": "Feature", "properties": { "IDBD": 161246, "FC": 6291, "CONDICION": "CUERPO DE AGUA INTERMITENTE" }, "geometry": { "type": "MultiPolygon", "coordinates": [ [ [ [ -99.940738230769199, 20.603516923076956 ], [ -99.941025769230748, 20.603461138461547 ], [ -99.941141307692305, 20.603523769230765 ], [ -99.941228323076899, 20.603631707692333 ], [ -99.941248676923053, 20.603821338461501 ], [ -99.941144138461496, 20.603984538461532 ], [ -99.940933523076893, 20.604067 ], [ -99.94074189230767, 20.604113215384594 ], [ -99.940738230769199, 20.603516923076956 ] ] ] ] } },
{ "type": "Feature", "properties": { "IDBD": 161253, "FC": 6291, "CONDICION": "CUERPO DE AGUA INTERMITENTE" }, "geometry": { "type": "MultiPolygon", "coordinates": [ [ [ [ -99.836539015384574, 20.602408015384622 ], [ -99.836404384615321, 20.602354446153804 ], [ -99.836423076923026, 20.602264 ], [ -99.83650855384613, 20.60210095384619 ], [ -99.836593876923047, 20.6019108 ], [ -99.836735353846137, 20.601458353846166 ], [ -99.836996507692291, 20.601836569230777 ], [ -99.837209246153819, 20.602133707692282 ], [ -99.836978938461499, 20.602134815384634 ], [ -99.836854784615355, 20.602243846153833 ], [ -99.836692353846146, 20.602371123076871 ], [ -99.836539015384574, 20.602408015384622 ] ] ] ] } },
{ "type": "Feature", "properties": { "IDBD": 161268, "FC": 6291, "CONDICION": "CUERPO DE AGUA INTERMITENTE" }, "geometry": { "type": "MultiPolygon", "coordinates": [ [ [ [ -99.872474538461546, 20.602158153846123 ], [ -99.872359538461524, 20.602185830769194 ], [ -99.872282615384592, 20.602159107692259 ], [ -99.872196153846104, 20.602141476923041 ], [ -99.872109753846118, 20.602132876923076 ], [ -99.872013784615348, 20.602133369230788 ], [ -99.871792676923064, 20.602062200000013 ], [ -99.871734892307657, 20.602026353846153 ], [ -99.871676815384575, 20.601936292307716 ], [ -99.871676292307669, 20.601845938461523 ], [ -99.871733307692296, 20.601746261538437 ], [ -99.871771123076883, 20.601646676923068 ], [ -99.871847276923049, 20.601537876923096 ], [ -99.871952415384612, 20.601465061538441 ], [ -99.872077153846135, 20.601464430769234 ], [ -99.872192246153801, 20.601454815384585 ], [ -99.872489461538464, 20.601408138461526 ], [ -99.872481707692273, 20.601733446153826 ], [ -99.872474538461546, 20.602158153846123 ] ] ] ] } },
{ "type": "Feature", "properties": { "IDBD": 161282, "FC": 6291, "CONDICION": "CUERPO DE AGUA INTERMITENTE" }, "geometry": { "type": "MultiPolygon", "coordinates": [ [ [ [ -99.705608723076878, 20.598076507692291 ], [ -99.706173446153826, 20.597767 ], [ -99.706193646153835, 20.597983769230758 ], [ -99.70631070769231, 20.598398923076889 ], [ -99.706340446153817, 20.598606615384618 ], [ -99.706408292307657, 20.598750907692295 ], [ -99.706408615384561, 20.598823199999984 ], [ -99.70639956923074, 20.598940692307654 ], [ -99.706313538461515, 20.59901333846156 ], [ -99.70611230769228, 20.599077399999974 ], [ -99.705910753846126, 20.59906918461537 ], [ -99.705747292307635, 20.598997569230811 ], [ -99.705592846153792, 20.598799415384597 ], [ -99.705130138461513, 20.598340492307685 ], [ -99.705608723076878, 20.598076507692291 ] ] ] ] } },
{ "type": "Feature", "properties": { "IDBD": 161284, "FC": 6291, "CONDICION": "CUERPO DE AGUA INTERMITENTE" }, "geometry": { "type": "MultiPolygon", "coordinates": [ [ [ [ -99.848027369230749, 20.601023861538515 ], [ -99.847824661538439, 20.600808 ], [ -99.847756738461527, 20.600672815384641 ], [ -99.847446384615353, 20.600078 ], [ -99.848273107692265, 20.600345 ], [ -99.848965199999952, 20.600558461538458 ], [ -99.848764692307668, 20.600740153846143 ], [ -99.848602615384593, 20.60093067692307 ], [ -99.84839215384612, 20.601049169230816 ], [ -99.848305938461522, 20.6010767076923 ], [ -99.848027369230749, 20.601023861538515 ] ] ] ] } },
{ "type": "Feature", "properties": { "IDBD": 161289, "FC": 6291, "CONDICION": "CUERPO DE AGUA INTERMITENTE" }, "geometry": { "type": "MultiPolygon", "coordinates": [ [ [ [ -99.825680661538428, 20.599650200000024 ], [ -99.8264006307692, 20.599700969230781 ], [ -99.826746215384588, 20.599726430769213 ], [ -99.827533446153822, 20.599794953846178 ], [ -99.828215076923044, 20.599854938461565 ], [ -99.82855121538455, 20.599907538461515 ], [ -99.829262707692308, 20.600166153846139 ], [ -99.829830215384561, 20.600416415384583 ], [ -99.830032461538423, 20.600550969230763 ], [ -99.829811661538415, 20.600533969230757 ], [ -99.829629, 20.6004716 ], [ -99.829071230769188, 20.600248384615366 ], [ -99.828542399999961, 20.600052138461525 ], [ -99.828081415384602, 20.599982061538459 ], [ -99.827678107692293, 20.599929784615405 ], [ -99.8273613076923, 20.599904200000033 ], [ -99.826679723076879, 20.599853246153867 ], [ -99.826381923076895, 20.599791415384601 ], [ -99.825680661538428, 20.599650200000024 ] ] ] ] } },
{ "type": "Feature", "properties": { "IDBD": 161293, "FC": 6291, "CONDICION": "CUERPO DE AGUA INTERMITENTE" }, "geometry": { "type": "MultiPolygon", "coordinates": [ [ [ [ -99.978201323076874, 20.602161584615374 ], [ -99.978113646153801, 20.601954276923088 ], [ -99.978111738461521, 20.601656123076932 ], [ -99.978177815384583, 20.601484092307683 ], [ -99.978272553846125, 20.601293815384643 ], [ -99.978485846153788, 20.601635938461548 ], [ -99.978496599999957, 20.601816584615385 ], [ -99.978440169230751, 20.601997600000026 ], [ -99.978431384615334, 20.602124138461509 ], [ -99.978279538461507, 20.602387015384615 ], [ -99.978201323076874, 20.602161584615374 ] ] ] ] } },
{ "type": "Feature", "properties": { "IDBD": 161318, "FC": 6291, "CONDICION": "CUERPO DE AGUA INTERMITENTE" }, "geometry": { "type": "MultiPolygon", "coordinates": [ [ [ [ -99.861858369230731, 20.59990738461542 ], [ -99.861655953846153, 20.599745753846136 ], [ -99.861520753846122, 20.599592830769225 ], [ -99.861212569230744, 20.599395584615387 ], [ -99.861067830769187, 20.599251753846151 ], [ -99.860961569230739, 20.599125784615371 ], [ -99.860835661538445, 20.598918600000044 ], [ -99.860662184615393, 20.598783923076908 ], [ -99.860622784615359, 20.598603415384574 ], [ -99.860640707692298, 20.598377446153858 ], [ -99.860793723076895, 20.598286338461541 ], [ -99.861033769230744, 20.59831224615386 ], [ -99.861254815384612, 20.598374384615408 ], [ -99.861456476923038, 20.598400492307725 ], [ -99.861667276923029, 20.598345230769208 ], [ -99.861906907692301, 20.598298861538471 ], [ -99.862147092307637, 20.598351876923058 ], [ -99.862348646153819, 20.598359907692288 ], [ -99.862502430769183, 20.59840430769232 ], [ -99.862627523076881, 20.598466938461534 ], [ -99.862752923076883, 20.598583769230739 ], [ -99.862438369230745, 20.598955784615416 ], [ -99.862371553846131, 20.599019369230785 ], [ -99.862190246153801, 20.599200984615436 ], [ -99.862037692307666, 20.59937341538464 ], [ -99.861933353846084, 20.599590769230762 ], [ -99.861858369230731, 20.59990738461542 ] ] ] ] } },
{ "type": "Feature", "properties": { "IDBD": 161326, "FC": 6291, "CONDICION": "CUERPO DE AGUA INTERMITENTE" }, "geometry": { "type": "MultiPolygon", "coordinates": [ [ [ [ -99.881709092307688, 20.599391692307702 ], [ -99.881833, 20.599246492307685 ], [ -99.881918430769176, 20.599083430769213 ], [ -99.882032061538453, 20.598820830769267 ], [ -99.882177292307645, 20.599045969230801 ], [ -99.882351523076878, 20.599307092307697 ], [ -99.882429476923093, 20.599514507692316 ], [ -99.882411584615355, 20.599740492307696 ], [ -99.882355215384564, 20.599948584615355 ], [ -99.882230307692296, 20.599922123076922 ], [ -99.88212429230768, 20.599841338461509 ], [ -99.882037523076903, 20.599769492307686 ], [ -99.88185469230767, 20.599680076923082 ], [ -99.881748723076925, 20.599608338461515 ], [ -99.881709092307688, 20.599391692307702 ] ] ] ] } },
{ "type": "Feature", "properties": { "IDBD": 161359, "FC": 6291, "CONDICION": "CUERPO DE AGUA INTERMITENTE" }, "geometry": { "type": "MultiPolygon", "coordinates": [ [ [ [ -99.79006353846151, 20.596473476923112 ], [ -99.789897430769173, 20.595895969230739 ], [ -99.790358476923032, 20.595984215384625 ], [ -99.790617969230723, 20.596064353846156 ], [ -99.790782169230738, 20.596271415384646 ], [ -99.790889169230709, 20.596551030769238 ], [ -99.790909338461518, 20.596740676923094 ], [ -99.790833415384569, 20.59690366153842 ], [ -99.790690323076902, 20.597066953846159 ], [ -99.790508846153799, 20.597230415384622 ], [ -99.790337184615368, 20.59743901538463 ], [ -99.79006353846151, 20.596473476923112 ] ] ] ] } },
{ "type": "Feature", "properties": { "IDBD": 161376, "FC": 6291, "CONDICION": "CUERPO DE AGUA INTERMITENTE" }, "geometry": { "type": "MultiPolygon", "coordinates": [ [ [ [ -99.842666415384599, 20.596360723076913 ], [ -99.842784584615359, 20.596911307692327 ], [ -99.84295089230767, 20.597488753846147 ], [ -99.842480969230721, 20.597536230769268 ], [ -99.84213543076919, 20.597519830769247 ], [ -99.84178959999997, 20.597449246153857 ], [ -99.841702846153837, 20.597377384615385 ], [ -99.841673461538434, 20.59726909230768 ], [ -99.841710953846132, 20.59710627692311 ], [ -99.841863138461534, 20.5968615846154 ], [ -99.842187892307678, 20.59658893846154 ], [ -99.842666415384599, 20.596360723076913 ] ] ] ] } },
{ "type": "Feature", "properties": { "IDBD": 161383, "FC": 6291, "CONDICION": "CUERPO DE AGUA INTERMITENTE" }, "geometry": { "type": "MultiPolygon", "coordinates": [ [ [ [ -99.858301323076887, 20.5970157076923 ], [ -99.858225630769184, 20.597205830769251 ], [ -99.858159276923047, 20.597350723076886 ], [ -99.858035184615332, 20.597468799999987 ], [ -99.857795953846107, 20.597587446153867 ], [ -99.857719446153837, 20.597633 ], [ -99.857642276923016, 20.597561092307664 ], [ -99.857564969230737, 20.597462092307726 ], [ -99.85747779999997, 20.597317953846179 ], [ -99.857419569230757, 20.597200784615357 ], [ -99.857101107692273, 20.596877092307647 ], [ -99.856975, 20.596633769230799 ], [ -99.85682995384613, 20.596435707692326 ], [ -99.856694061538448, 20.596156292307683 ], [ -99.8568088, 20.596083430769234 ], [ -99.857000599999949, 20.596064415384628 ], [ -99.85726952307688, 20.59610826153849 ], [ -99.857500169230732, 20.596170369230741 ], [ -99.857778630769218, 20.596205123076949 ], [ -99.858336015384566, 20.596355953846146 ], [ -99.858301323076887, 20.5970157076923 ] ] ] ] } },
{ "type": "Feature", "properties": { "IDBD": 161393, "FC": 6291, "CONDICION": "CUERPO DE AGUA INTERMITENTE" }, "geometry": { "type": "MultiPolygon", "coordinates": [ [ [ [ -99.794745384615354, 20.596307461538466 ], [ -99.794687107692297, 20.59617219999998 ], [ -99.794676538461545, 20.595982507692352 ], [ -99.794723015384591, 20.595693153846167 ], [ -99.794770092307672, 20.595521276923105 ], [ -99.794855938461538, 20.595421492307697 ], [ -99.795076076923053, 20.595312046153843 ], [ -99.795029923076896, 20.595664646153871 ], [ -99.795002538461503, 20.595935830769275 ], [ -99.794907523076901, 20.59611696923076 ], [ -99.794745384615354, 20.596307461538466 ] ] ] ] } },
{ "type": "Feature", "properties": { "IDBD": 161408, "FC": 6291, "CONDICION": "CUERPO DE AGUA INTERMITENTE" }, "geometry": { "type": "MultiPolygon", "coordinates": [ [ [ [ -99.852742338461496, 20.594730169230754 ], [ -99.852693815384598, 20.594631015384643 ], [ -99.852817446153821, 20.594431630769215 ], [ -99.852999907692308, 20.594457830769247 ], [ -99.853307399999977, 20.594537630769228 ], [ -99.853624553846075, 20.594626430769225 ], [ -99.854057046153812, 20.594750784615382 ], [ -99.854537261538454, 20.59482972307692 ], [ -99.854623707692298, 20.594847369230799 ], [ -99.854501446153805, 20.595290707692318 ], [ -99.854209923076894, 20.596358307692341 ], [ -99.854094876923071, 20.596376953846175 ], [ -99.853912369230741, 20.596341707692286 ], [ -99.853787123076884, 20.596251984615385 ], [ -99.853681030769224, 20.596153107692309 ], [ -99.853593907692257, 20.596018015384601 ], [ -99.853496707692258, 20.5957926153846 ], [ -99.853437969230754, 20.595585092307726 ], [ -99.85332183076919, 20.595404953846135 ], [ -99.853196338461501, 20.59527004615386 ], [ -99.853071338461532, 20.595225492307673 ], [ -99.852945907692273, 20.595099615384605 ], [ -99.85274309230762, 20.594865692307671 ], [ -99.852742338461496, 20.594730169230754 ] ] ] ] } },
{ "type": "Feature", "properties": { "IDBD": 161433, "FC": 6291, "CONDICION": "CUERPO DE AGUA INTERMITENTE" }, "geometry": { "type": "MultiPolygon", "coordinates": [ [ [ [ -99.85220736923074, 20.595157461538474 ], [ -99.852053138461528, 20.595031723076932 ], [ -99.851956738461467, 20.594950876923068 ], [ -99.851850738461494, 20.594870092307659 ], [ -99.851725692307681, 20.594816492307736 ], [ -99.851523938461497, 20.594772307692313 ], [ -99.851399153846117, 20.594763892307721 ], [ -99.851283861538448, 20.594737353846142 ], [ -99.851321338461503, 20.594574523076894 ], [ -99.851445876923066, 20.594537769230804 ], [ -99.851714246153819, 20.594482246153838 ], [ -99.851944476923009, 20.594472076923065 ], [ -99.852164923076913, 20.594425815384636 ], [ -99.852538584615388, 20.594324584615382 ], [ -99.852500953846132, 20.594460292307694 ], [ -99.852434984615357, 20.594677461538467 ], [ -99.852378369230749, 20.594849415384608 ], [ -99.85229296923076, 20.595021507692287 ], [ -99.85220736923074, 20.595157461538474 ] ] ] ] } },
{ "type": "Feature", "properties": { "IDBD": 161434, "FC": 6291, "CONDICION": "CUERPO DE AGUA INTERMITENTE" }, "geometry": { "type": "MultiPolygon", "coordinates": [ [ [ [ -99.849306646153821, 20.594638646153843 ], [ -99.849376461538426, 20.595117169230758 ], [ -99.84924203076919, 20.595099769230725 ], [ -99.849088507692272, 20.595100523076908 ], [ -99.848953969230735, 20.595065030769248 ], [ -99.848761461538459, 20.594957553846193 ], [ -99.848549723076871, 20.594841138461543 ], [ -99.848357307692268, 20.594751723076918 ], [ -99.848193446153829, 20.594617 ], [ -99.84824027692305, 20.594408953846173 ], [ -99.848393738461496, 20.594399169230744 ], [ -99.84863356923077, 20.59438895384616 ], [ -99.84922752307692, 20.594214369230798 ], [ -99.849306646153821, 20.594638646153843 ] ] ] ] } },
{ "type": "Feature", "properties": { "IDBD": 161449, "FC": 6291, "CONDICION": "CUERPO DE AGUA INTERMITENTE" }, "geometry": { "type": "MultiPolygon", "coordinates": [ [ [ [ -99.932366123076875, 20.594888507692335 ], [ -99.932560230769184, 20.595248876923051 ], [ -99.93265733846151, 20.595438092307692 ], [ -99.932562153846135, 20.595565092307684 ], [ -99.932388784615341, 20.5954576 ], [ -99.932128938461545, 20.59533250769228 ], [ -99.931850353846116, 20.595279800000011 ], [ -99.93156229230766, 20.595245215384608 ], [ -99.931274661538438, 20.595282907692312 ], [ -99.930978138461512, 20.595438092307692 ], [ -99.930729492307648, 20.595574969230736 ], [ -99.930461, 20.595603507692271 ], [ -99.930154169230747, 20.595641307692311 ], [ -99.929885446153804, 20.595633707692265 ], [ -99.929692953846086, 20.595535369230756 ], [ -99.92953904615382, 20.595472938461562 ], [ -99.929289138461513, 20.595402 ], [ -99.929029846153838, 20.595367261538478 ], [ -99.928799569230705, 20.595368492307724 ], [ -99.928597907692264, 20.595342476923058 ], [ -99.928443569230723, 20.59520776923075 ], [ -99.928250246153794, 20.594973892307699 ], [ -99.928008661538428, 20.594695107692299 ], [ -99.927843907692264, 20.594424923076946 ], [ -99.927717369230749, 20.594127446153887 ], [ -99.927630092307666, 20.593974323076942 ], [ -99.927484692307672, 20.593731153846136 ], [ -99.927396861538469, 20.593487661538425 ], [ -99.927185061538438, 20.593371353846138 ], [ -99.929788261538448, 20.592264123076941 ], [ -99.930190199999956, 20.592090292307713 ], [ -99.930355399999968, 20.592432738461554 ], [ -99.930471415384559, 20.592576676923112 ], [ -99.930501015384579, 20.592712046153892 ], [ -99.93055952307688, 20.592865323076918 ], [ -99.930685076923027, 20.593000184615384 ], [ -99.930849230769198, 20.59317096923078 ], [ -99.931023369230758, 20.593404938461557 ], [ -99.931226076923068, 20.593602630769237 ], [ -99.931543969230731, 20.593808723076965 ], [ -99.93175636923074, 20.594024415384666 ], [ -99.931979199999972, 20.594375584615406 ], [ -99.932153938461511, 20.594708953846094 ], [ -99.932366123076875, 20.594888507692335 ] ] ] ] } },
{ "type": "Feature", "properties": { "IDBD": 161451, "FC": 6291, "CONDICION": "CUERPO DE AGUA INTERMITENTE" }, "geometry": { "type": "MultiPolygon", "coordinates": [ [ [ [ -99.832703938461492, 20.594186276923061 ], [ -99.83232023076917, 20.59420619999997 ], [ -99.831955369230769, 20.594162784615357 ], [ -99.831571353846144, 20.594128476923064 ], [ -99.831340630769205, 20.594048276923107 ], [ -99.8312252, 20.593994615384574 ], [ -99.831109461538432, 20.593886753846167 ], [ -99.831031815384605, 20.593724492307693 ], [ -99.831002307692287, 20.593589092307731 ], [ -99.831078184615365, 20.593426092307698 ], [ -99.831144753846147, 20.593317353846132 ], [ -99.831250015384597, 20.593262630769253 ], [ -99.83147990769227, 20.593189246153838 ], [ -99.831690953846135, 20.593179200000016 ], [ -99.831892153846155, 20.59312401538461 ], [ -99.832179907692264, 20.593104569230785 ], [ -99.832832384615386, 20.593101415384613 ], [ -99.833216338461526, 20.593126676923102 ], [ -99.83353313846149, 20.593152261538442 ], [ -99.83386935384614, 20.593222923076951 ], [ -99.834052446153805, 20.5933666 ], [ -99.834139646153801, 20.593519784615378 ], [ -99.834130938461499, 20.593682461538481 ], [ -99.834045507692309, 20.593854553846175 ], [ -99.833940846153837, 20.594017692307681 ], [ -99.833730584615324, 20.594172307692318 ], [ -99.833596307692289, 20.594181984615371 ], [ -99.833107046153813, 20.594202415384583 ], [ -99.832703938461492, 20.594186276923061 ] ] ] ] } },
{ "type": "Feature", "properties": { "IDBD": 161457, "FC": 6291, "CONDICION": "CUERPO DE AGUA INTERMITENTE" }, "geometry": { "type": "MultiPolygon", "coordinates": [ [ [ [ -99.984696076923029, 20.595944738461508 ], [ -99.98443764615385, 20.5960456 ], [ -99.984426723076922, 20.595837846153831 ], [ -99.984491907692274, 20.595530292307718 ], [ -99.984689692307654, 20.594950923076915 ], [ -99.984860830769222, 20.594706 ], [ -99.985006384615374, 20.594958153846154 ], [ -99.985007599999989, 20.595147876923111 ], [ -99.984941661538429, 20.595337984615391 ], [ -99.984885430769197, 20.595546123076932 ], [ -99.984696076923029, 20.595944738461508 ] ] ] ] } },
{ "type": "Feature", "properties": { "IDBD": 161464, "FC": 6291, "CONDICION": "CUERPO DE AGUA INTERMITENTE" }, "geometry": { "type": "MultiPolygon", "coordinates": [ [ [ [ -99.821467307692274, 20.59234258461537 ], [ -99.821957923076923, 20.592575169230788 ], [ -99.822275584615369, 20.592763400000038 ], [ -99.8225648, 20.593015015384637 ], [ -99.822680953846088, 20.593204215384628 ], [ -99.822768138461512, 20.593357399999963 ], [ -99.822932230769197, 20.593537323076948 ], [ -99.822788830769184, 20.593637399999981 ], [ -99.822558492307664, 20.593629461538459 ], [ -99.822308923076875, 20.593612569230775 ], [ -99.821953615384601, 20.593560046153851 ], [ -99.821646415384592, 20.593534400000038 ], [ -99.821348923076883, 20.593526784615399 ], [ -99.821421953846141, 20.592830707692301 ], [ -99.821467307692274, 20.59234258461537 ] ] ] ] } },
{ "type": "Feature", "properties": { "IDBD": 161465, "FC": 6291, "CONDICION": "CUERPO DE AGUA INTERMITENTE" }, "geometry": { "type": "MultiPolygon", "coordinates": [ [ [ [ -99.835723153846104, 20.593566353846178 ], [ -99.836000276923073, 20.5933572 ], [ -99.836191938461525, 20.59331109230774 ], [ -99.836315984615354, 20.593184 ], [ -99.836487953846145, 20.593047646153874 ], [ -99.836717692307673, 20.592947138461557 ], [ -99.836661707692286, 20.593236538461497 ], [ -99.836643246153798, 20.593372169230744 ], [ -99.836634153846134, 20.593462553846155 ], [ -99.836558369230744, 20.593643630769254 ], [ -99.836463153846097, 20.593779630769237 ], [ -99.836299938461494, 20.593762338461527 ], [ -99.836117430769207, 20.593727092307706 ], [ -99.835723153846104, 20.593566353846178 ] ] ] ] } },
{ "type": "Feature", "properties": { "IDBD": 161478, "FC": 6291, "CONDICION": "CUERPO DE AGUA INTERMITENTE" }, "geometry": { "type": "MultiPolygon", "coordinates": [ [ [ [ -99.923337199999978, 20.593346753846149 ], [ -99.925451646153832, 20.593922738461536 ], [ -99.92550016923073, 20.594012830769252 ], [ -99.925472307692274, 20.59416658461538 ], [ -99.9253962, 20.594275415384597 ], [ -99.925281553846133, 20.594357338461556 ], [ -99.925157353846132, 20.59444835384615 ], [ -99.925013876923046, 20.594521399999962 ], [ -99.924907676923056, 20.594413553846117 ], [ -99.924791923076867, 20.594314784615385 ], [ -99.924647676923058, 20.594261338461536 ], [ -99.924474907692272, 20.594253230769233 ], [ -99.924330876923079, 20.594235923076909 ], [ -99.924100107692311, 20.594155846153839 ], [ -99.923927184615323, 20.594120630769229 ], [ -99.92368653846151, 20.593995415384626 ], [ -99.923541646153836, 20.593833553846142 ], [ -99.923368061538426, 20.593689923076905 ], [ -99.923337199999978, 20.593346753846149 ] ] ] ] } },
{ "type": "Feature", "properties": { "IDBD": 161484, "FC": 6291, "CONDICION": "CUERPO DE AGUA INTERMITENTE" }, "geometry": { "type": "MultiPolygon", "coordinates": [ [ [ [ -99.818934292307688, 20.592372661538473 ], [ -99.819287046153789, 20.59194632307694 ], [ -99.819525415384575, 20.591665107692329 ], [ -99.819641430769209, 20.591827184615376 ], [ -99.819767184615372, 20.592016338461544 ], [ -99.820056246153825, 20.592240846153839 ], [ -99.820191399999956, 20.592393815384629 ], [ -99.820221338461479, 20.592610523076939 ], [ -99.820317923076914, 20.592727523076928 ], [ -99.820251476923062, 20.59286336923077 ], [ -99.820107553846114, 20.592864046153814 ], [ -99.819847861538435, 20.592747815384634 ], [ -99.819645784615361, 20.592640353846146 ], [ -99.818934292307688, 20.592372661538473 ] ] ] ] } },
{ "type": "Feature", "properties": { "IDBD": 161502, "FC": 6291, "CONDICION": "CUERPO DE AGUA INTERMITENTE" }, "geometry": { "type": "MultiPolygon", "coordinates": [ [ [ [ -99.805478261538454, 20.591758184615397 ], [ -99.80553584615383, 20.59175792307688 ], [ -99.805737523076886, 20.591793123076911 ], [ -99.805862646153813, 20.591864815384614 ], [ -99.805978492307645, 20.59199981538465 ], [ -99.806065846153814, 20.592189153846146 ], [ -99.804971907692277, 20.592176169230751 ], [ -99.805018892307658, 20.591986215384658 ], [ -99.805143061538445, 20.591877199999974 ], [ -99.80531529230764, 20.591786046153832 ], [ -99.805478261538454, 20.591758184615397 ] ] ] ] } },
{ "type": "Feature", "properties": { "IDBD": 161511, "FC": 6291, "CONDICION": "CUERPO DE AGUA INTERMITENTE" }, "geometry": { "type": "MultiPolygon", "coordinates": [ [ [ [ -99.760813492307662, 20.588291984615385 ], [ -99.760890969230729, 20.588436215384615 ], [ -99.760920199999973, 20.588526430769249 ], [ -99.761036276923022, 20.588715676923073 ], [ -99.761075061538463, 20.588796815384619 ], [ -99.761094799999967, 20.588905153846166 ], [ -99.761076323076878, 20.5890498 ], [ -99.761096, 20.5891491076923 ], [ -99.761125153846123, 20.589221261538469 ], [ -99.761211815384584, 20.589284138461586 ], [ -99.761317492307668, 20.589310769230764 ], [ -99.761432861538438, 20.589355446153874 ], [ -99.761509676923026, 20.589364138461541 ], [ -99.7615962, 20.589399907692311 ], [ -99.76167327692302, 20.589462815384628 ], [ -99.761740492307652, 20.58947155384616 ], [ -99.761855584615347, 20.589462015384633 ], [ -99.761980184615368, 20.589434353846165 ], [ -99.762047492307644, 20.589461169230791 ], [ -99.762134123076876, 20.589515 ], [ -99.76219173846151, 20.589523769230777 ], [ -99.762316553846162, 20.589541292307711 ], [ -99.762431692307658, 20.589540784615387 ], [ -99.762508646153833, 20.5895766 ], [ -99.762566615384586, 20.589657661538489 ], [ -99.762605630769229, 20.589783984615416 ], [ -99.762635, 20.589901307692283 ], [ -99.762664323076876, 20.590009615384631 ], [ -99.762712476923056, 20.590045538461542 ], [ -99.762818199999984, 20.590081215384615 ], [ -99.762876, 20.590126138461532 ], [ -99.76288581538455, 20.590171276923055 ], [ -99.762847707692316, 20.59022564615384 ], [ -99.762780815384602, 20.590280153846155 ], [ -99.762714, 20.590352738461572 ], [ -99.762666338461514, 20.5904162 ], [ -99.762685892307687, 20.5904884 ], [ -99.762744046153799, 20.590605600000032 ], [ -99.762668230769194, 20.590795676923118 ], [ -99.762486369230743, 20.59088683076925 ], [ -99.762323338461528, 20.590905630769221 ], [ -99.762217923076889, 20.5909332 ], [ -99.762198784615336, 20.590942307692298 ], [ -99.762179538461524, 20.590933369230786 ], [ -99.761977646153824, 20.59085293846157 ], [ -99.76187204615384, 20.590844369230744 ], [ -99.761756815384601, 20.59082680000002 ], [ -99.761680276923045, 20.590872307692329 ], [ -99.761651584615336, 20.590890507692304 ], [ -99.761498553846138, 20.590990569230812 ], [ -99.761497569230755, 20.590791800000023 ], [ -99.761439584615374, 20.590710738461539 ], [ -99.761362738461528, 20.590693 ], [ -99.76130521538461, 20.590702292307689 ], [ -99.761247953846137, 20.590765784615389 ], [ -99.761190476923048, 20.59078412307689 ], [ -99.761123399999974, 20.590802476923081 ], [ -99.761084569230718, 20.590712292307721 ], [ -99.761103353846153, 20.590630892307708 ], [ -99.761112723076863, 20.590585676923098 ], [ -99.761141015384609, 20.590486169230768 ], [ -99.761102061538466, 20.590368876923076 ], [ -99.761034446153801, 20.590278815384611 ], [ -99.760928446153827, 20.590188923076937 ], [ -99.760803353846143, 20.590117200000016 ], [ -99.760707261538428, 20.590090507692302 ], [ -99.76067838461536, 20.590072569230781 ], [ -99.760543923076895, 20.59004604615383 ], [ -99.760322692307653, 20.589938599999972 ], [ -99.760255169230774, 20.589866615384601 ], [ -99.760235538461529, 20.589776338461572 ], [ -99.76028310769226, 20.58969481538464 ], [ -99.760311753846139, 20.589667584615359 ], [ -99.760349907692301, 20.589622230769187 ], [ -99.760407307692262, 20.589585846153842 ], [ -99.760474107692303, 20.589513261538471 ], [ -99.76051209230765, 20.589431784615353 ], [ -99.760540523076884, 20.58935936923077 ], [ -99.760597769230742, 20.589295861538425 ], [ -99.760674092307681, 20.589205184615384 ], [ -99.760750184615361, 20.589069307692323 ], [ -99.76075936923074, 20.588987953846111 ], [ -99.760758923076892, 20.5888976 ], [ -99.760739507692293, 20.588852507692316 ], [ -99.760594907692294, 20.588717615384624 ], [ -99.760546523076883, 20.588636507692275 ], [ -99.76051729230764, 20.588546276923083 ], [ -99.760516492307644, 20.588383646153829 ], [ -99.760669784615345, 20.588337784615391 ], [ -99.760813492307662, 20.588291984615385 ] ] ] ] } },
{ "type": "Feature", "properties": { "IDBD": 161548, "FC": 6291, "CONDICION": "CUERPO DE AGUA INTERMITENTE" }, "geometry": { "type": "MultiPolygon", "coordinates": [ [ [ [ -99.797202169230715, 20.588977476923091 ], [ -99.797306307692295, 20.588705938461526 ], [ -99.797547076923053, 20.588876492307701 ], [ -99.797768184615407, 20.5889568 ], [ -99.797950338461504, 20.588928846153859 ], [ -99.798113415384591, 20.588919061538476 ], [ -99.798266984615324, 20.588927384615385 ], [ -99.798295953846107, 20.588963399999972 ], [ -99.798162230769194, 20.589081476923074 ], [ -99.797807738461515, 20.589182492307657 ], [ -99.797606707692296, 20.589273784615415 ], [ -99.797462923076878, 20.589301553846127 ], [ -99.797242384615345, 20.589329676923057 ], [ -99.797050769230765, 20.589384769230755 ], [ -99.797202169230715, 20.588977476923091 ] ] ] ] } },
{ "type": "Feature", "properties": { "IDBD": 161551, "FC": 6291, "CONDICION": "CUERPO DE AGUA INTERMITENTE" }, "geometry": { "type": "MultiPolygon", "coordinates": [ [ [ [ -99.938520723076877, 20.590834584615362 ], [ -99.938269446153825, 20.590537784615378 ], [ -99.93813401538462, 20.590357815384621 ], [ -99.9380466, 20.590186615384653 ], [ -99.937997415384586, 20.589988107692246 ], [ -99.938043615384572, 20.589698738461529 ], [ -99.938291261538424, 20.589399230769239 ], [ -99.938823446153847, 20.590128199999977 ], [ -99.939201953846094, 20.590830876923047 ], [ -99.939357076923017, 20.591092061538468 ], [ -99.939126692307667, 20.5910752461538 ], [ -99.938828923076883, 20.591022646153842 ], [ -99.938520723076877, 20.590834584615362 ] ] ] ] } },
{ "type": "Feature", "properties": { "IDBD": 161552, "FC": 6291, "CONDICION": "CUERPO DE AGUA INTERMITENTE" }, "geometry": { "type": "MultiPolygon", "coordinates": [ [ [ [ -99.817411523076927, 20.58931687692305 ], [ -99.816940646153824, 20.589183569230762 ], [ -99.81717883076918, 20.588866200000037 ], [ -99.81729344615384, 20.588766276923089 ], [ -99.817561723076906, 20.588692723076939 ], [ -99.817685969230737, 20.58860178461541 ], [ -99.817858384615377, 20.588546753846138 ], [ -99.817926092307658, 20.58864581538457 ], [ -99.817888292307671, 20.588754430769235 ], [ -99.817812061538433, 20.58885416923075 ], [ -99.817716784615357, 20.58898112307693 ], [ -99.817659738461515, 20.58908078461539 ], [ -99.817622123076887, 20.589225523076916 ], [ -99.8176037076923, 20.589370169230754 ], [ -99.817411523076927, 20.58931687692305 ] ] ] ] } },
{ "type": "Feature", "properties": { "IDBD": 161563, "FC": 6291, "CONDICION": "CUERPO DE AGUA INTERMITENTE" }, "geometry": { "type": "MultiPolygon", "coordinates": [ [ [ [ -99.809834199999955, 20.588051415384637 ], [ -99.81049910769228, 20.588590415384633 ], [ -99.810787969230759, 20.588778815384629 ], [ -99.810692215384606, 20.588815400000023 ], [ -99.810510338461512, 20.588897569230774 ], [ -99.810299384615348, 20.588925661538436 ], [ -99.810203538461508, 20.588944184615361 ], [ -99.810184338461482, 20.588944276923076 ], [ -99.810165107692271, 20.588935323076921 ], [ -99.809809569230751, 20.588837600000019 ], [ -99.809464, 20.588812107692302 ], [ -99.809701307692265, 20.588323092307718 ], [ -99.809834199999955, 20.588051415384637 ] ] ] ] } },
{ "type": "Feature", "properties": { "IDBD": 161569, "FC": 6291, "CONDICION": "CUERPO DE AGUA INTERMITENTE" }, "geometry": { "type": "MultiPolygon", "coordinates": [ [ [ [ -99.794620323076884, 20.586983492307727 ], [ -99.794842261538435, 20.587226430769238 ], [ -99.794909984615359, 20.587334538461583 ], [ -99.794977861538428, 20.587469753846115 ], [ -99.794987876923059, 20.587551030769216 ], [ -99.795017307692262, 20.587677384615375 ], [ -99.795065938461491, 20.587803661538462 ], [ -99.795143307692271, 20.587920769230795 ], [ -99.795249553846133, 20.588055815384621 ], [ -99.795374753846119, 20.588145584615386 ], [ -99.795529030769174, 20.588289446153837 ], [ -99.795337969230744, 20.588452969230769 ], [ -99.795232476923076, 20.588462476923088 ], [ -99.795213292307665, 20.588462569230792 ], [ -99.795040384615348, 20.588427230769238 ], [ -99.794713461538436, 20.5882932 ], [ -99.794462538461502, 20.588014246153858 ], [ -99.794259692307634, 20.587753153846183 ], [ -99.794201784615353, 20.587690169230754 ], [ -99.794134246153817, 20.587618200000033 ], [ -99.794353384615349, 20.587319015384608 ], [ -99.794620323076884, 20.586983492307727 ] ] ] ] } },
{ "type": "Feature", "properties": { "IDBD": 161577, "FC": 6291, "CONDICION": "CUERPO DE AGUA INTERMITENTE" }, "geometry": { "type": "MultiPolygon", "coordinates": [ [ [ [ -99.566704415384592, 20.584753707692244 ], [ -99.566626384615361, 20.584410615384606 ], [ -99.566683199999957, 20.584202599999966 ], [ -99.56676895384615, 20.584039676923119 ], [ -99.566884061538417, 20.584030261538501 ], [ -99.567027923076921, 20.584011723076912 ], [ -99.567210630769225, 20.584119553846193 ], [ -99.567383907692303, 20.584272584615363 ], [ -99.567413030769202, 20.584362846153844 ], [ -99.567442507692292, 20.584552507692308 ], [ -99.566982415384587, 20.584680507692312 ], [ -99.566704415384592, 20.584753707692244 ] ] ] ] } },
{ "type": "Feature", "properties": { "IDBD": 161610, "FC": 6291, "CONDICION": "CUERPO DE AGUA INTERMITENTE" }, "geometry": { "type": "MultiPolygon", "coordinates": [ [ [ [ -99.818289246153824, 20.586575 ], [ -99.818777769230721, 20.586419092307708 ], [ -99.818988369230752, 20.586327738461549 ], [ -99.819218692307658, 20.586335676923056 ], [ -99.819363430769215, 20.5864886 ], [ -99.819392846153832, 20.586605923076885 ], [ -99.819278338461515, 20.58672392307691 ], [ -99.819097153846101, 20.586932600000011 ], [ -99.818905830769182, 20.587041923076942 ], [ -99.818771984615339, 20.5871329076923 ], [ -99.818676369230744, 20.58719661538461 ], [ -99.818531199999981, 20.586962384615376 ], [ -99.818289246153824, 20.586575 ] ] ] ] } },
{ "type": "Feature", "properties": { "IDBD": 161626, "FC": 6291, "CONDICION": "CUERPO DE AGUA INTERMITENTE" }, "geometry": { "type": "MultiPolygon", "coordinates": [ [ [ [ -99.7096644, 20.584895123076944 ], [ -99.709922953846132, 20.58478563076924 ], [ -99.710058, 20.584938676923073 ], [ -99.709981953846125, 20.5850926 ], [ -99.709818969230724, 20.585120369230747 ], [ -99.709559599999977, 20.585058184615374 ], [ -99.709444138461521, 20.584986369230766 ], [ -99.7096644, 20.584895123076944 ] ] ] ] } },
{ "type": "Feature", "properties": { "IDBD": 161632, "FC": 6291, "CONDICION": "CUERPO DE AGUA INTERMITENTE" }, "geometry": { "type": "MultiPolygon", "coordinates": [ [ [ [ -99.819293676923067, 20.586001015384618 ], [ -99.819666753846121, 20.585791430769252 ], [ -99.81976207692307, 20.585673523076935 ], [ -99.81990561538457, 20.585600569230767 ], [ -99.820155076923058, 20.585599384615385 ], [ -99.820366399999955, 20.585643553846143 ], [ -99.820510907692253, 20.585751292307723 ], [ -99.820569384615354, 20.585922692307683 ], [ -99.820369353846118, 20.586194707692286 ], [ -99.820254892307673, 20.586321738461553 ], [ -99.820111446153803, 20.586412769230783 ], [ -99.81992972307691, 20.586522061538496 ], [ -99.819293676923067, 20.586001015384618 ] ] ] ] } },
{ "type": "Feature", "properties": { "IDBD": 161637, "FC": 6291, "CONDICION": "CUERPO DE AGUA INTERMITENTE" }, "geometry": { "type": "MultiPolygon", "coordinates": [ [ [ [ -99.893349784615324, 20.584749061538496 ], [ -99.893311661538448, 20.584794446153893 ], [ -99.891628384615373, 20.585724723076911 ], [ -99.890414907692261, 20.586598353846171 ], [ -99.889066092307658, 20.587301 ], [ -99.889104261538421, 20.587264661538509 ], [ -99.892054, 20.584665399999981 ], [ -99.893349784615324, 20.584749061538496 ] ] ] ] } },
{ "type": "Feature", "properties": { "IDBD": 161672, "FC": 6291, "CONDICION": "CUERPO DE AGUA INTERMITENTE" }, "geometry": { "type": "MultiPolygon", "coordinates": [ [ [ [ -99.965830615384618, 20.586636538461565 ], [ -99.965687892307685, 20.58682707692304 ], [ -99.965610569230719, 20.586737153846112 ], [ -99.965494815384574, 20.586638415384577 ], [ -99.965398246153796, 20.586539569230791 ], [ -99.965311276923075, 20.586440661538486 ], [ -99.965349138461519, 20.58635913846155 ], [ -99.965473630769196, 20.58632230769226 ], [ -99.965656046153825, 20.586339353846164 ], [ -99.965828692307639, 20.586329353846168 ], [ -99.966020861538411, 20.586373461538482 ], [ -99.965830615384618, 20.586636538461565 ] ] ] ] } },
{ "type": "Feature", "properties": { "IDBD": 161677, "FC": 6291, "CONDICION": "CUERPO DE AGUA INTERMITENTE" }, "geometry": { "type": "MultiPolygon", "coordinates": [ [ [ [ -99.955993553846113, 20.586248446153874 ], [ -99.955963923076879, 20.586113076923034 ], [ -99.955972507692294, 20.5859504 ], [ -99.956028446153823, 20.58568807692312 ], [ -99.956123092307664, 20.585479738461597 ], [ -99.956266215384559, 20.58535246153847 ], [ -99.956505292307654, 20.585224646153851 ], [ -99.956535938461528, 20.585522646153866 ], [ -99.95646950769229, 20.585640461538464 ], [ -99.956422492307667, 20.585794323076961 ], [ -99.95643275384613, 20.585902692307691 ], [ -99.956491169230745, 20.586037892307679 ], [ -99.956520738461506, 20.586164215384628 ], [ -99.956425476923016, 20.586273169230797 ], [ -99.956368138461528, 20.586309615384611 ], [ -99.956281723076899, 20.586301061538503 ], [ -99.956166307692285, 20.586256523076894 ], [ -99.955993553846113, 20.586248446153874 ] ] ] ] } },
{ "type": "Feature", "properties": { "IDBD": 161687, "FC": 6291, "CONDICION": "CUERPO DE AGUA INTERMITENTE" }, "geometry": { "type": "MultiPolygon", "coordinates": [ [ [ [ -99.935119476923077, 20.585359615384615 ], [ -99.934306507692284, 20.584207507692266 ], [ -99.934219323076874, 20.58407244615384 ], [ -99.934170538461544, 20.58393718461539 ], [ -99.934227384615355, 20.583819415384628 ], [ -99.934503523076899, 20.583474584615409 ], [ -99.934846061538465, 20.583002907692318 ], [ -99.935135261538434, 20.583227230769243 ], [ -99.935107646153824, 20.583417123076909 ], [ -99.935002876923051, 20.583544169230766 ], [ -99.934994107692276, 20.583679753846173 ], [ -99.934975969230749, 20.583851523076952 ], [ -99.934977230769206, 20.584059323076954 ], [ -99.935026030769208, 20.584194584615343 ], [ -99.93509356923073, 20.584257461538471 ], [ -99.935038323076895, 20.584637246153822 ], [ -99.935068092307674, 20.584799707692333 ], [ -99.935117661538456, 20.585061461538452 ], [ -99.935119476923077, 20.585359615384615 ] ] ] ] } },
{ "type": "Feature", "properties": { "IDBD": 161704, "FC": 6291, "CONDICION": "CUERPO DE AGUA INTERMITENTE" }, "geometry": { "type": "MultiPolygon", "coordinates": [ [ [ [ -99.773163261538457, 20.580810092307651 ], [ -99.77318126153844, 20.580575076923115 ], [ -99.773189907692313, 20.58038530769231 ], [ -99.773652123076857, 20.580717553846164 ], [ -99.773854384615362, 20.580870246153847 ], [ -99.773682553846143, 20.581042692307683 ], [ -99.773626215384581, 20.581286892307652 ], [ -99.773675276923043, 20.581503523076929 ], [ -99.773733799999988, 20.581693015384623 ], [ -99.773744353846141, 20.581882707692284 ], [ -99.773764230769203, 20.58201815384615 ], [ -99.773534415384589, 20.582109538461562 ], [ -99.773195692307667, 20.581532784615391 ], [ -99.773127430769222, 20.581316230769254 ], [ -99.77313580000002, 20.581072230769241 ], [ -99.773163261538457, 20.580810092307651 ] ] ] ] } },
{ "type": "Feature", "properties": { "IDBD": 161760, "FC": 6291, "CONDICION": "CUERPO DE AGUA INTERMITENTE" }, "geometry": { "type": "MultiPolygon", "coordinates": [ [ [ [ -99.95133070769225, 20.581639123076926 ], [ -99.951358199999973, 20.581431153846125 ], [ -99.951404938461508, 20.581232123076973 ], [ -99.951451784615358, 20.5810511692308 ], [ -99.951585538461501, 20.580960076923088 ], [ -99.951815307692272, 20.580877507692335 ], [ -99.952084107692315, 20.580903123076922 ], [ -99.952334276923025, 20.581019215384643 ], [ -99.952594784615357, 20.581252692307682 ], [ -99.952711307692269, 20.581477923076925 ], [ -99.952779584615357, 20.581658246153847 ], [ -99.952031138461479, 20.581644307692304 ], [ -99.95133070769225, 20.581639123076926 ] ] ] ] } },
{ "type": "Feature", "properties": { "IDBD": 161776, "FC": 6291, "CONDICION": "CUERPO DE AGUA INTERMITENTE" }, "geometry": { "type": "MultiPolygon", "coordinates": [ [ [ [ -99.973353076923047, 20.580613153846116 ], [ -99.973170569230717, 20.580578030769196 ], [ -99.972853969230727, 20.580579815384635 ], [ -99.972853846153811, 20.580561738461569 ], [ -99.9728716, 20.580335769230768 ], [ -99.972725861538422, 20.580047461538456 ], [ -99.972696799999952, 20.580002446153863 ], [ -99.972435061538448, 20.57957927692312 ], [ -99.975482615384564, 20.579038092307716 ], [ -99.975541738461501, 20.579281692307649 ], [ -99.975638707692269, 20.579443784615378 ], [ -99.975668399999989, 20.5795881846154 ], [ -99.975516046153857, 20.579769738461568 ], [ -99.975315492307672, 20.579915430769201 ], [ -99.975010153846142, 20.580179169230789 ], [ -99.974609323076891, 20.580515723076896 ], [ -99.974456276923021, 20.580588861538455 ], [ -99.974342076923065, 20.580734076923097 ], [ -99.974208953846116, 20.580924553846177 ], [ -99.974085092307647, 20.581060784615392 ], [ -99.973999092307693, 20.581115476923067 ], [ -99.973854661538454, 20.581034969230796 ], [ -99.973679738461499, 20.580683584615343 ], [ -99.973353076923047, 20.580613153846116 ] ] ] ] } },
{ "type": "Feature", "properties": { "IDBD": 161813, "FC": 6291, "CONDICION": "CUERPO DE AGUA INTERMITENTE" }, "geometry": { "type": "MultiPolygon", "coordinates": [ [ [ [ -99.88679093846153, 20.577138969230781 ], [ -99.887253753846124, 20.577534153846148 ], [ -99.887861215384603, 20.578055076923089 ], [ -99.88771792307692, 20.578164230769222 ], [ -99.887612861538443, 20.57824609230769 ], [ -99.887527138461508, 20.578354953846109 ], [ -99.887354230769205, 20.578319692307666 ], [ -99.887210369230758, 20.578329476923102 ], [ -99.887114276923086, 20.57830286153845 ], [ -99.88697047692304, 20.578321661538503 ], [ -99.886807215384579, 20.57829540000002 ], [ -99.886739584615341, 20.578214430769233 ], [ -99.886652661538449, 20.578115476923092 ], [ -99.88661335384613, 20.577953046153844 ], [ -99.886602969230736, 20.577817569230753 ], [ -99.886535138461483, 20.57770046153847 ], [ -99.886514846153815, 20.57751083076926 ], [ -99.886600784615354, 20.577438107692327 ], [ -99.886677015384578, 20.577347353846157 ], [ -99.88679093846153, 20.577138969230781 ] ] ] ] } },
{ "type": "Feature", "properties": { "IDBD": 161835, "FC": 6291, "CONDICION": "CUERPO DE AGUA INTERMITENTE" }, "geometry": { "type": "MultiPolygon", "coordinates": [ [ [ [ -99.804713476923027, 20.575832323076906 ], [ -99.804452830769179, 20.575526323076929 ], [ -99.804970569230704, 20.575460661538454 ], [ -99.805162369230743, 20.575441707692292 ], [ -99.805296584615334, 20.575423015384594 ], [ -99.805421507692287, 20.575458569230744 ], [ -99.805450707692287, 20.575539753846144 ], [ -99.805422584615357, 20.575666384615371 ], [ -99.805346215384589, 20.575739015384656 ], [ -99.805241630769217, 20.575920215384606 ], [ -99.805117569230759, 20.576047292307717 ], [ -99.804983861538446, 20.576165369230758 ], [ -99.804713476923027, 20.575832323076906 ] ] ] ] } },
{ "type": "Feature", "properties": { "IDBD": 161839, "FC": 6291, "CONDICION": "CUERPO DE AGUA INTERMITENTE" }, "geometry": { "type": "MultiPolygon", "coordinates": [ [ [ [ -99.810449399999953, 20.575543523076924 ], [ -99.810388876923028, 20.574983615384635 ], [ -99.810832030769191, 20.575324892307709 ], [ -99.810948199999984, 20.575523123076945 ], [ -99.810987492307646, 20.575694615384581 ], [ -99.810872876923014, 20.575794538461494 ], [ -99.81067192307691, 20.57589486153848 ], [ -99.810480523076876, 20.575986123076969 ], [ -99.810449399999953, 20.575543523076924 ] ] ] ] } },
{ "type": "Feature", "properties": { "IDBD": 161840, "FC": 6291, "CONDICION": "CUERPO DE AGUA INTERMITENTE" }, "geometry": { "type": "MultiPolygon", "coordinates": [ [ [ [ -99.812231292307686, 20.575038230769259 ], [ -99.812614861538449, 20.575000292307688 ], [ -99.812749707692248, 20.575099046153831 ], [ -99.812846399999955, 20.575243153846174 ], [ -99.812933276923061, 20.575342138461515 ], [ -99.812982107692235, 20.575504553846145 ], [ -99.812983076923032, 20.575685246153839 ], [ -99.812897384615368, 20.575812153846183 ], [ -99.812802076923035, 20.575930061538411 ], [ -99.812648953846121, 20.576003061538476 ], [ -99.812590523076906, 20.575840692307654 ], [ -99.812425507692296, 20.575480061538432 ], [ -99.812231292307686, 20.575038230769259 ] ] ] ] } },
{ "type": "Feature", "properties": { "IDBD": 161841, "FC": 6291, "CONDICION": "CUERPO DE AGUA INTERMITENTE" }, "geometry": { "type": "MultiPolygon", "coordinates": [ [ [ [ -99.807711984615381, 20.574969015384642 ], [ -99.808009969230753, 20.575076061538482 ], [ -99.8081546, 20.575210907692313 ], [ -99.808261030769202, 20.575382092307716 ], [ -99.808137030769174, 20.575518199999969 ], [ -99.808012584615327, 20.575572984615377 ], [ -99.80787864615381, 20.575645907692309 ], [ -99.80774466153845, 20.575709769230755 ], [ -99.807630015384603, 20.575800661538434 ], [ -99.807675984615372, 20.57542095384612 ], [ -99.807711984615381, 20.574969015384642 ] ] ] ] } },
{ "type": "Feature", "properties": { "IDBD": 161844, "FC": 6291, "CONDICION": "CUERPO DE AGUA INTERMITENTE" }, "geometry": { "type": "MultiPolygon", "coordinates": [ [ [ [ -99.81013259999996, 20.575508876923081 ], [ -99.810046738461537, 20.575599630769222 ], [ -99.809912984615337, 20.575708676923075 ], [ -99.809769323076907, 20.575754523076952 ], [ -99.809728984615347, 20.575384261538474 ], [ -99.809679015384575, 20.575005015384601 ], [ -99.810102246153789, 20.575210846153841 ], [ -99.810141630769223, 20.5754004 ], [ -99.81013259999996, 20.575508876923081 ] ] ] ] } },
{ "type": "Feature", "properties": { "IDBD": 161879, "FC": 6291, "CONDICION": "CUERPO DE AGUA INTERMITENTE" }, "geometry": { "type": "MultiPolygon", "coordinates": [ [ [ [ -99.970288923076879, 20.575498415384651 ], [ -99.970988353846124, 20.575349923076924 ], [ -99.97176104615383, 20.574649892307693 ], [ -99.971867030769189, 20.574721569230764 ], [ -99.971924938461527, 20.574775461538476 ], [ -99.971983584615387, 20.574946800000017 ], [ -99.972108923076874, 20.57504547692308 ], [ -99.972138399999963, 20.575153738461569 ], [ -99.972168215384585, 20.575316199999985 ], [ -99.972159707692256, 20.575487907692306 ], [ -99.972083753846107, 20.57561483076924 ], [ -99.971969138461461, 20.575696784615371 ], [ -99.971911984615389, 20.575760353846174 ], [ -99.971970338461489, 20.57588652307691 ], [ -99.972047661538426, 20.575976446153877 ], [ -99.972086723076885, 20.576084646153831 ], [ -99.972106892307664, 20.576238123076912 ], [ -99.972145953846152, 20.576346323076958 ], [ -99.972165646153812, 20.576427538461516 ], [ -99.972089307692286, 20.5764912 ], [ -99.971974184615362, 20.576491846153889 ], [ -99.971859230769198, 20.576519599999969 ], [ -99.971773, 20.576538153846165 ], [ -99.971571415384588, 20.576521215384616 ], [ -99.971427153846108, 20.576467815384603 ], [ -99.9713596, 20.576404953846179 ], [ -99.971243846153826, 20.576306215384665 ], [ -99.97116652307686, 20.576216292307706 ], [ -99.971107815384613, 20.576035923076901 ], [ -99.970963061538427, 20.575901215384622 ], [ -99.970895384615346, 20.575820276923046 ], [ -99.970780092307649, 20.575793815384603 ], [ -99.970674738461511, 20.575821507692307 ], [ -99.970288923076879, 20.575498415384651 ] ] ] ] } },
{ "type": "Feature", "properties": { "IDBD": 161884, "FC": 6291, "CONDICION": "CUERPO DE AGUA INTERMITENTE" }, "geometry": { "type": "MultiPolygon", "coordinates": [ [ [ [ -99.565979953846096, 20.570434399999961 ], [ -99.565864015384591, 20.570217923076957 ], [ -99.565766646153833, 20.569829707692318 ], [ -99.565717569230728, 20.569531692307709 ], [ -99.565716876923048, 20.569341938461573 ], [ -99.565898969230759, 20.569287123076961 ], [ -99.566148153846115, 20.569214030769238 ], [ -99.566493538461486, 20.569212892307682 ], [ -99.566800723076895, 20.569257076923062 ], [ -99.567031384615348, 20.569364738461545 ], [ -99.567185199999969, 20.569445569230748 ], [ -99.567262815384581, 20.569680230769233 ], [ -99.56653521538459, 20.570107307692304 ], [ -99.565979953846096, 20.570434399999961 ] ] ] ] } },
{ "type": "Feature", "properties": { "IDBD": 161900, "FC": 6291, "CONDICION": "CUERPO DE AGUA INTERMITENTE" }, "geometry": { "type": "MultiPolygon", "coordinates": [ [ [ [ -99.989949246153842, 20.575829815384605 ], [ -99.989908492307663, 20.575459600000027 ], [ -99.989868138461532, 20.575152646153896 ], [ -99.990252630769206, 20.575267892307682 ], [ -99.990406307692297, 20.575294123076951 ], [ -99.99043515384615, 20.575303 ], [ -99.990580276923069, 20.575491907692346 ], [ -99.990427476923045, 20.5756012 ], [ -99.990312584615353, 20.575638 ], [ -99.990150138461502, 20.575738307692319 ], [ -99.989949246153842, 20.575829815384605 ] ] ] ] } },
{ "type": "Feature", "properties": { "IDBD": 161912, "FC": 6291, "CONDICION": "CUERPO DE AGUA INTERMITENTE" }, "geometry": { "type": "MultiPolygon", "coordinates": [ [ [ [ -99.971050076923049, 20.574491246153862 ], [ -99.971262, 20.574625584615394 ], [ -99.971176630769222, 20.574779661538457 ], [ -99.971062184615363, 20.574888723076942 ], [ -99.970957, 20.574943523076946 ], [ -99.970804246153833, 20.575061830769268 ], [ -99.970660861538434, 20.57514395384619 ], [ -99.970545846153811, 20.575162676923068 ], [ -99.9704402, 20.575145200000012 ], [ -99.970343923076882, 20.57509152307696 ], [ -99.970285784615328, 20.575001492307656 ], [ -99.970208523076863, 20.57492061538462 ], [ -99.970169230769187, 20.574776276923082 ], [ -99.970686215384589, 20.574601707692313 ], [ -99.971050076923049, 20.574491246153862 ] ] ] ] } },
{ "type": "Feature", "properties": { "IDBD": 161941, "FC": 6291, "CONDICION": "CUERPO DE AGUA INTERMITENTE" }, "geometry": { "type": "MultiPolygon", "coordinates": [ [ [ [ -99.967378876923064, 20.57349083076922 ], [ -99.96738738461535, 20.573319123076914 ], [ -99.967395953846136, 20.573156430769206 ], [ -99.967452599999973, 20.573011553846197 ], [ -99.967509538461528, 20.572911846153829 ], [ -99.967643615384588, 20.572874969230785 ], [ -99.96785518461536, 20.572955092307662 ], [ -99.968153384615363, 20.573079923076925 ], [ -99.968336184615353, 20.57316021538464 ], [ -99.968365076923035, 20.573178123076914 ], [ -99.968615307692261, 20.573303215384641 ], [ -99.968528969230761, 20.573303692307647 ], [ -99.968116492307686, 20.573315046153851 ], [ -99.96790532307692, 20.573298153846192 ], [ -99.967665769230749, 20.57334466153851 ], [ -99.967493599999955, 20.573426938461534 ], [ -99.967378876923064, 20.57349083076922 ] ] ] ] } },
{ "type": "Feature", "properties": { "IDBD": 161962, "FC": 6291, "CONDICION": "CUERPO DE AGUA INTERMITENTE" }, "geometry": { "type": "MultiPolygon", "coordinates": [ [ [ [ -99.890642830769224, 20.569656061538481 ], [ -99.890902123076899, 20.569699892307678 ], [ -99.891891507692264, 20.569911646153844 ], [ -99.891824784615352, 20.569984276923059 ], [ -99.891623569230745, 20.570030492307733 ], [ -99.891384107692261, 20.570094969230766 ], [ -99.891135092307678, 20.570168538461548 ], [ -99.891049215384584, 20.57025029230768 ], [ -99.890963707692293, 20.570395292307687 ], [ -99.890878784615325, 20.570639692307669 ], [ -99.8907752, 20.570974523076902 ], [ -99.890747723076899, 20.571200553846143 ], [ -99.890739184615384, 20.57138129230772 ], [ -99.890624430769194, 20.57144513846152 ], [ -99.89052816923072, 20.571391415384639 ], [ -99.890403092307665, 20.571328815384621 ], [ -99.89035464615381, 20.57124775384618 ], [ -99.890334199999955, 20.571031 ], [ -99.890390923076893, 20.570886153846178 ], [ -99.890467046153802, 20.570777338461511 ], [ -99.890533261538394, 20.570614353846139 ], [ -99.890522876923029, 20.570478876923094 ], [ -99.890426846153801, 20.57046130769227 ], [ -99.890302384615353, 20.570507123076894 ], [ -99.890177661538431, 20.570507769230748 ], [ -99.890176769230749, 20.570354169230782 ], [ -99.890271615384606, 20.570163938461526 ], [ -99.890357215384583, 20.570037 ], [ -99.890490846153867, 20.569918861538476 ], [ -99.890642830769224, 20.569656061538481 ] ] ] ] } },
{ "type": "Feature", "properties": { "IDBD": 161978, "FC": 6291, "CONDICION": "CUERPO DE AGUA INTERMITENTE" }, "geometry": { "type": "MultiPolygon", "coordinates": [ [ [ [ -99.751837846153848, 20.56591413846153 ], [ -99.751436246153801, 20.566186938461513 ], [ -99.751207107692295, 20.566413830769235 ], [ -99.750977861538445, 20.566622630769206 ], [ -99.750777630769235, 20.566876492307731 ], [ -99.75066383076917, 20.567148061538465 ], [ -99.750588369230726, 20.567410415384604 ], [ -99.750503123076882, 20.567636676923083 ], [ -99.750437953846117, 20.568043553846096 ], [ -99.750439769230709, 20.568414 ], [ -99.750469784615333, 20.568666861538421 ], [ -99.750471107692249, 20.56893792307692 ], [ -99.750297584615339, 20.568767 ], [ -99.750181569230747, 20.568586799999988 ], [ -99.75003669230766, 20.568388646153831 ], [ -99.74995919999995, 20.568235369230763 ], [ -99.749920107692247, 20.568090969230806 ], [ -99.749919230769223, 20.567910261538511 ], [ -99.749975692307686, 20.567684138461502 ], [ -99.750155846153802, 20.567249646153854 ], [ -99.750468876923065, 20.566516415384584 ], [ -99.750630292307676, 20.566172369230738 ], [ -99.750810707692267, 20.565792092307699 ], [ -99.750973138461518, 20.56565586153847 ], [ -99.751145569230772, 20.565600892307714 ], [ -99.751376030769194, 20.56564507692309 ], [ -99.7515874, 20.565707399999983 ], [ -99.751722246153804, 20.565815246153853 ], [ -99.751837846153848, 20.56591413846153 ] ] ] ] } },
{ "type": "Feature", "properties": { "IDBD": 161982, "FC": 6291, "CONDICION": "CUERPO DE AGUA INTERMITENTE" }, "geometry": { "type": "MultiPolygon", "coordinates": [ [ [ [ -99.75472216923076, 20.567166553846182 ], [ -99.7545708, 20.567600923076881 ], [ -99.754514307692276, 20.567818015384606 ], [ -99.754496353846136, 20.568071092307676 ], [ -99.754459538461504, 20.568387492307668 ], [ -99.754374569230762, 20.568667969230759 ], [ -99.754298876923031, 20.568885153846153 ], [ -99.754202415384555, 20.568777138461524 ], [ -99.75412521538459, 20.56868712307692 ], [ -99.7540956307692, 20.568524615384618 ], [ -99.754113676923041, 20.568289615384618 ], [ -99.754169769230742, 20.567991199999973 ], [ -99.754254784615341, 20.567719753846177 ], [ -99.754320430769198, 20.567412261538472 ], [ -99.754406015384561, 20.567258292307681 ], [ -99.754491830769211, 20.567149492307692 ], [ -99.754606907692306, 20.567139953846159 ], [ -99.75472216923076, 20.567166553846182 ] ] ] ] } },
{ "type": "Feature", "properties": { "IDBD": 162028, "FC": 6291, "CONDICION": "CUERPO DE AGUA INTERMITENTE" }, "geometry": { "type": "MultiPolygon", "coordinates": [ [ [ [ -99.911657446153811, 20.568733507692301 ], [ -99.91180092307691, 20.568660476923068 ], [ -99.9119928, 20.56865946153847 ], [ -99.912252092307639, 20.568703276923046 ], [ -99.912453876923067, 20.568756415384566 ], [ -99.912569369230738, 20.568819061538495 ], [ -99.912666276923048, 20.568981184615378 ], [ -99.912753692307632, 20.569161430769242 ], [ -99.911572553846099, 20.568977907692336 ], [ -99.911590784615328, 20.568815184615424 ], [ -99.911657446153811, 20.568733507692301 ] ] ] ] } },
{ "type": "Feature", "properties": { "IDBD": 162093, "FC": 6291, "CONDICION": "CUERPO DE AGUA INTERMITENTE" }, "geometry": { "type": "MultiPolygon", "coordinates": [ [ [ [ -99.828271830769182, 20.56414686153844 ], [ -99.828252538461513, 20.564128892307693 ], [ -99.828107369230707, 20.563894661538484 ], [ -99.82814546153844, 20.563840261538427 ], [ -99.82852967692304, 20.563928784615378 ], [ -99.828665153846146, 20.564144984615389 ], [ -99.828636769230712, 20.564217400000036 ], [ -99.828271830769182, 20.56414686153844 ] ] ] ] } },
{ "type": "Feature", "properties": { "IDBD": 162094, "FC": 6292, "CONDICION": "CUERPO DE AGUA PERENNE" }, "geometry": { "type": "MultiPolygon", "coordinates": [ [ [ [ -99.745808030769183, 20.558982846153881 ], [ -99.745903923076909, 20.558973399999964 ], [ -99.746067446153802, 20.559063046153867 ], [ -99.747095630769195, 20.55941101538464 ], [ -99.747738461538447, 20.559426307692313 ], [ -99.747930415384559, 20.559443553846151 ], [ -99.748103369230705, 20.559497015384601 ], [ -99.748372723076884, 20.559649461538481 ], [ -99.748459507692289, 20.559739430769241 ], [ -99.748517553846142, 20.559838569230799 ], [ -99.74874, 20.560208076923086 ], [ -99.749000476923072, 20.560505123076911 ], [ -99.749318061538418, 20.560711553846183 ], [ -99.749385353846137, 20.560738369230815 ], [ -99.749568030769211, 20.560818907692305 ], [ -99.750059, 20.561169169230769 ], [ -99.750222492307685, 20.561249769230781 ], [ -99.75053915384612, 20.561266476923084 ], [ -99.750779076923067, 20.561283507692302 ], [ -99.751076692307663, 20.5613274 ], [ -99.751355569230739, 20.561461723076917 ], [ -99.75173112307688, 20.561749230769266 ], [ -99.752088246153804, 20.562190415384663 ], [ -99.752608953846135, 20.562730276923098 ], [ -99.752637815384546, 20.562748230769245 ], [ -99.752782215384585, 20.562846984615419 ], [ -99.752974384615356, 20.5629094 ], [ -99.753262323076882, 20.562935261538428 ], [ -99.753559630769203, 20.562915892307725 ], [ -99.753760661538465, 20.562824661538496 ], [ -99.754485938461499, 20.562044446153831 ], [ -99.75489530769228, 20.56140115384617 ], [ -99.755086292307666, 20.5612196 ], [ -99.755411446153815, 20.561010369230804 ], [ -99.755755953846133, 20.560837200000016 ], [ -99.756014753846102, 20.560790892307669 ], [ -99.756437138461521, 20.560843261538452 ], [ -99.756811492307634, 20.560886800000038 ], [ -99.757051507692282, 20.560921892307672 ], [ -99.757070738461522, 20.560930846153845 ], [ -99.757455399999955, 20.561118907692293 ], [ -99.757860430769199, 20.561541800000025 ], [ -99.758091861538418, 20.561784753846172 ], [ -99.758513984615362, 20.561782907692308 ], [ -99.758897230769193, 20.561681830769245 ], [ -99.759366184615345, 20.561453892307711 ], [ -99.760399399999983, 20.560871076923103 ], [ -99.76135676923073, 20.560469307692298 ], [ -99.761816799999977, 20.560376938461548 ], [ -99.762545169230762, 20.560229169230762 ], [ -99.762784784615349, 20.560182938461551 ], [ -99.763149230769201, 20.560163261538431 ], [ -99.763235615384588, 20.560171907692293 ], [ -99.763801984615355, 20.560241692307699 ], [ -99.763993769230751, 20.560222784615352 ], [ -99.764310123076896, 20.5601762 ], [ -99.76435807692306, 20.560176 ], [ -99.764607061538484, 20.56008453846156 ], [ -99.764798569230734, 20.560011415384619 ], [ -99.764989353846104, 20.559793723076911 ], [ -99.765084692307695, 20.559675830769262 ], [ -99.765400599999936, 20.559538907692332 ], [ -99.765573046153804, 20.559492969230785 ], [ -99.76588007692304, 20.559500646153843 ], [ -99.766542646153809, 20.559624215384613 ], [ -99.766715692307656, 20.559695723076945 ], [ -99.7667158153846, 20.55972283076925 ], [ -99.766716, 20.559758984615392 ], [ -99.766706630769193, 20.559804199999977 ], [ -99.766283984615384, 20.55969764615385 ], [ -99.766187923076899, 20.559670953846151 ], [ -99.765852061538425, 20.55965436923076 ], [ -99.765784953846122, 20.559663707692327 ], [ -99.765641153846133, 20.559682415384611 ], [ -99.765507123076858, 20.559737215384583 ], [ -99.765286923076886, 20.559828538461524 ], [ -99.765019430769186, 20.560055615384641 ], [ -99.764923769230734, 20.560110246153837 ], [ -99.7647896, 20.56013795384618 ], [ -99.764722769230744, 20.560201492307712 ], [ -99.764655969230745, 20.56027407692309 ], [ -99.764435676923057, 20.560347323076947 ], [ -99.764416538461518, 20.560356446153836 ], [ -99.763927646153846, 20.560430892307718 ], [ -99.76371649230768, 20.560413753846152 ], [ -99.763159815384611, 20.560361984615408 ], [ -99.762440861538451, 20.560473584615391 ], [ -99.76184647692304, 20.560557523076934 ], [ -99.761415092307672, 20.560622661538428 ], [ -99.760716169230733, 20.560905830769244 ], [ -99.759826938461501, 20.561506076923063 ], [ -99.759597323076875, 20.561633584615347 ], [ -99.759463323076886, 20.561697415384625 ], [ -99.759281353846134, 20.561761461538463 ], [ -99.759080261538429, 20.561834630769251 ], [ -99.758591215384598, 20.561881953846157 ], [ -99.758303723076892, 20.561946461538437 ], [ -99.758092630769198, 20.56193835384617 ], [ -99.757689123076887, 20.561822646153836 ], [ -99.757458123076901, 20.561670061538436 ], [ -99.757034230769207, 20.561310492307697 ], [ -99.756986046153784, 20.561265523076937 ], [ -99.756726399999962, 20.561140169230772 ], [ -99.756505399999966, 20.56106884615388 ], [ -99.756207784615384, 20.561024969230772 ], [ -99.755776215384586, 20.561053953846169 ], [ -99.755536738461544, 20.561127292307681 ], [ -99.755335892307642, 20.561254661538452 ], [ -99.754906415384582, 20.56170830769231 ], [ -99.754497261538432, 20.562396784615377 ], [ -99.754297092307667, 20.562659692307662 ], [ -99.75399129230766, 20.562904984615393 ], [ -99.753761815384593, 20.563059584615395 ], [ -99.75358947692304, 20.56313261538461 ], [ -99.753560738461502, 20.5631417846154 ], [ -99.75296581538457, 20.563117261538491 ], [ -99.752725753846093, 20.563073123076919 ], [ -99.752466061538442, 20.562938723076901 ], [ -99.752244538461525, 20.562758969230778 ], [ -99.751501276923037, 20.561831538461508 ], [ -99.7513374, 20.561669615384659 ], [ -99.751221923076912, 20.561597830769209 ], [ -99.751144953846151, 20.561552984615354 ], [ -99.750751092307667, 20.56144626153845 ], [ -99.750539953846129, 20.561429107692327 ], [ -99.750511123076919, 20.561420200000011 ], [ -99.750386323076924, 20.561402676923109 ], [ -99.750069430769187, 20.5613408 ], [ -99.749723230769206, 20.561170615384615 ], [ -99.748934199999979, 20.56068610769233 ], [ -99.748712538461533, 20.560479261538472 ], [ -99.748635261538453, 20.560371169230791 ], [ -99.748384030769216, 20.56000178461538 ], [ -99.748249153846132, 20.559884907692332 ], [ -99.748075692307637, 20.559723015384609 ], [ -99.747873784615379, 20.55963353846154 ], [ -99.747556861538428, 20.559562615384632 ], [ -99.747278876923048, 20.559609 ], [ -99.746981661538399, 20.559646430769252 ], [ -99.746452707692271, 20.559377630769188 ], [ -99.745770446153784, 20.55914564615383 ], [ -99.745703030769235, 20.559091723076925 ], [ -99.74569321538462, 20.5590466 ], [ -99.745808030769183, 20.558982846153881 ] ] ] ] } },
{ "type": "Feature", "properties": { "IDBD": 162124, "FC": 6291, "CONDICION": "CUERPO DE AGUA INTERMITENTE" }, "geometry": { "type": "MultiPolygon", "coordinates": [ [ [ [ -99.736025676923049, 20.561608861538438 ], [ -99.735946723076879, 20.5611483846154 ], [ -99.735829261538441, 20.560660953846146 ], [ -99.73580890769226, 20.560417092307702 ], [ -99.735990538461508, 20.560280784615372 ], [ -99.736259969230758, 20.560451307692311 ], [ -99.736395492307651, 20.560703738461545 ], [ -99.736482399999971, 20.560820830769227 ], [ -99.736559876923053, 20.560974107692285 ], [ -99.736637323076906, 20.56111833846154 ], [ -99.736685846153819, 20.5612356 ], [ -99.736725, 20.561398061538462 ], [ -99.736725830769203, 20.56156973846155 ], [ -99.736332584615326, 20.561589476923078 ], [ -99.736025676923049, 20.561608861538438 ] ] ] ] } },
{ "type": "Feature", "properties": { "IDBD": 162140, "FC": 6291, "CONDICION": "CUERPO DE AGUA INTERMITENTE" }, "geometry": { "type": "MultiPolygon", "coordinates": [ [ [ [ -99.97519616923077, 20.56414984615386 ], [ -99.975660830769215, 20.563297923076924 ], [ -99.975729076923045, 20.563469215384632 ], [ -99.975778184615379, 20.56364963076922 ], [ -99.975798353846116, 20.563803123076912 ], [ -99.975789676923043, 20.563947723076907 ], [ -99.975685015384585, 20.564083846153828 ], [ -99.975560646153795, 20.564138753846184 ], [ -99.97519616923077, 20.56414984615386 ] ] ] ] } },
{ "type": "Feature", "properties": { "IDBD": 162151, "FC": 6291, "CONDICION": "CUERPO DE AGUA INTERMITENTE" }, "geometry": { "type": "MultiPolygon", "coordinates": [ [ [ [ -99.735539338461479, 20.560219446153855 ], [ -99.735287061538415, 20.559624169230762 ], [ -99.735276907692267, 20.559506753846122 ], [ -99.735411, 20.559461015384592 ], [ -99.735545523076865, 20.559505615384637 ], [ -99.735651523076868, 20.559604553846139 ], [ -99.73574798461533, 20.55971256923074 ], [ -99.735835092307681, 20.559874846153875 ], [ -99.735941538461489, 20.560064138461531 ], [ -99.735826630769196, 20.5601098 ], [ -99.735539338461479, 20.560219446153855 ] ] ] ] } },
{ "type": "Feature", "properties": { "IDBD": 162165, "FC": 6291, "CONDICION": "CUERPO DE AGUA INTERMITENTE" }, "geometry": { "type": "MultiPolygon", "coordinates": [ [ [ [ -99.529943169230762, 20.556524861538481 ], [ -99.530076138461524, 20.556135923076933 ], [ -99.530334507692302, 20.555945384615395 ], [ -99.530746492307685, 20.555790507692318 ], [ -99.531091353846122, 20.555644876923051 ], [ -99.531492907692254, 20.555246061538455 ], [ -99.531837676923047, 20.555073323076932 ], [ -99.532154384615367, 20.555108507692335 ], [ -99.531361030769204, 20.555951261538453 ], [ -99.529943169230762, 20.556524861538481 ] ] ] ] } },
{ "type": "Feature", "properties": { "IDBD": 162169, "FC": 6292, "CONDICION": "CUERPO DE AGUA PERENNE" }, "geometry": { "type": "MultiPolygon", "coordinates": [ [ [ [ -99.767570338461496, 20.559863615384614 ], [ -99.767675553846132, 20.559799907692298 ], [ -99.767733107692308, 20.559799646153827 ], [ -99.767972861538439, 20.559780523076906 ], [ -99.768212692307642, 20.55977944615384 ], [ -99.768423461538433, 20.559724307692314 ], [ -99.768614692307651, 20.55959695384615 ], [ -99.768929738461509, 20.559288353846128 ], [ -99.76959650769227, 20.558336661538494 ], [ -99.769777830769215, 20.558146107692327 ], [ -99.769921230769228, 20.558046092307695 ], [ -99.770323599999941, 20.557935876923064 ], [ -99.770534461538404, 20.557898799999965 ], [ -99.771043399999954, 20.557995923076938 ], [ -99.771418215384585, 20.558129784615357 ], [ -99.772043307692286, 20.558434200000011 ], [ -99.772322646153825, 20.558658846153865 ], [ -99.772544784615363, 20.558956030769238 ], [ -99.772978307692284, 20.559315507692322 ], [ -99.773392, 20.559548584615385 ], [ -99.773862523076872, 20.559636846153875 ], [ -99.774457430769189, 20.559661292307641 ], [ -99.774859892307674, 20.559569138461523 ], [ -99.775262076923028, 20.559422769230792 ], [ -99.775845723076884, 20.559112953846135 ], [ -99.776448769230754, 20.558848215384575 ], [ -99.777002923076878, 20.558403 ], [ -99.77714646153845, 20.558330061538459 ], [ -99.777510676923058, 20.558265184615369 ], [ -99.777721861538438, 20.558291338461519 ], [ -99.777808430769227, 20.558336123076948 ], [ -99.777914784615376, 20.558498292307693 ], [ -99.77801216923072, 20.55878698461537 ], [ -99.778070599999964, 20.558958399999966 ], [ -99.778119261538436, 20.559093707692323 ], [ -99.77825433846148, 20.55924670769231 ], [ -99.778475399999977, 20.559327030769239 ], [ -99.778580876923044, 20.559317523076931 ], [ -99.77934695384613, 20.55904301538461 ], [ -99.779461846153822, 20.558997323076902 ], [ -99.78023715384613, 20.558650476923091 ], [ -99.78034244615381, 20.558604830769255 ], [ -99.780504846153804, 20.55846856923079 ], [ -99.780552615384579, 20.558432215384645 ], [ -99.781337230769182, 20.558031107692315 ], [ -99.781394615384585, 20.557994707692316 ], [ -99.781576230769232, 20.557867399999981 ], [ -99.78169089230768, 20.557776523076949 ], [ -99.782406692307632, 20.55705046153842 ], [ -99.783111753846129, 20.556098538461551 ], [ -99.783340276923028, 20.5557632 ], [ -99.783425692307659, 20.55558210769231 ], [ -99.783462907692325, 20.555356046153854 ], [ -99.783472323076921, 20.555319861538472 ], [ -99.783642, 20.554731784615402 ], [ -99.783851338461531, 20.554396523076917 ], [ -99.784490323076881, 20.55366176923075 ], [ -99.784805553846155, 20.553398307692287 ], [ -99.785647830769236, 20.553024030769208 ], [ -99.786403399999955, 20.552577876923085 ], [ -99.786853369230741, 20.552404153846126 ], [ -99.786911261538449, 20.552467138461548 ], [ -99.786806153846115, 20.552548938461502 ], [ -99.784979061538465, 20.553560153846142 ], [ -99.784625184615365, 20.55376958461536 ], [ -99.784300538461508, 20.554069215384636 ], [ -99.784005338461512, 20.554495230769238 ], [ -99.783720538461523, 20.555083815384581 ], [ -99.783711184615328, 20.555129030769223 ], [ -99.783579276923049, 20.555599476923121 ], [ -99.78342749230768, 20.555934476923071 ], [ -99.7832372, 20.556242538461568 ], [ -99.782484138461498, 20.557185630769204 ], [ -99.781721230769222, 20.558083600000046 ], [ -99.781377307692281, 20.558365246153851 ], [ -99.78073667692307, 20.558783769230732 ], [ -99.780612384615353, 20.558865646153858 ], [ -99.780392246153809, 20.558966030769252 ], [ -99.780028523076879, 20.559130307692325 ], [ -99.779549646153811, 20.559286061538451 ], [ -99.779368015384577, 20.559413384615389 ], [ -99.779022799999979, 20.559442030769205 ], [ -99.778927184615327, 20.55950570769232 ], [ -99.778399615384572, 20.559517123076962 ], [ -99.77821701538457, 20.559454692307721 ], [ -99.777967046153833, 20.559347384615393 ], [ -99.777851015384599, 20.5591672 ], [ -99.777820676923042, 20.55886013846154 ], [ -99.777752384615354, 20.558634553846147 ], [ -99.777636584615337, 20.558499538461586 ], [ -99.777569338461518, 20.558481769230774 ], [ -99.777425353846127, 20.558464338461519 ], [ -99.777291184615379, 20.558492061538491 ], [ -99.777185784615369, 20.558519630769226 ], [ -99.77674596923076, 20.558810738461545 ], [ -99.776057723076889, 20.559301738461503 ], [ -99.77549336923073, 20.559629553846179 ], [ -99.774918630769207, 20.559803799999983 ], [ -99.773912030769168, 20.559943830769228 ], [ -99.773268692307681, 20.559829246153861 ], [ -99.773153338461526, 20.559784569230811 ], [ -99.772644, 20.559606138461564 ], [ -99.772480507692279, 20.559525553846179 ], [ -99.772413169230745, 20.559489707692297 ], [ -99.772201030769196, 20.559273800000025 ], [ -99.772162476923057, 20.559237830769234 ], [ -99.7718438923077, 20.558841692307702 ], [ -99.77167976923073, 20.5586346 ], [ -99.771198030769199, 20.558221123076862 ], [ -99.77096724615383, 20.558113723076893 ], [ -99.77056424615381, 20.558097446153809 ], [ -99.770171199999979, 20.558153399999977 ], [ -99.769912723076914, 20.558262969230743 ], [ -99.769693123076905, 20.558471769230785 ], [ -99.76926518461535, 20.559223615384607 ], [ -99.769246184615341, 20.559259846153846 ], [ -99.768864569230757, 20.559686199999984 ], [ -99.768683030769225, 20.559831584615388 ], [ -99.768184892307673, 20.55997835384613 ], [ -99.768156123076906, 20.559978476923074 ], [ -99.767704969230763, 20.559926276923072 ], [ -99.767570338461496, 20.559863615384614 ] ] ] ] } },
{ "type": "Feature", "properties": { "IDBD": 162170, "FC": 6291, "CONDICION": "CUERPO DE AGUA INTERMITENTE" }, "geometry": { "type": "MultiPolygon", "coordinates": [ [ [ [ -99.888791446153803, 20.561407323076882 ], [ -99.889326938461494, 20.561106415384589 ], [ -99.890315446153821, 20.561173615384629 ], [ -99.890824076923053, 20.561207138461555 ], [ -99.891179184615353, 20.561232415384612 ], [ -99.891553938461527, 20.561338907692324 ], [ -99.891891523076907, 20.561653415384626 ], [ -99.891584292307655, 20.561609815384642 ], [ -99.891085184615363, 20.56156719999996 ], [ -99.890768399999956, 20.561532692307665 ], [ -99.890538430769226, 20.561579061538449 ], [ -99.890308092307635, 20.561562169230761 ], [ -99.889846846153816, 20.561429015384579 ], [ -99.889424384615339, 20.56136793846153 ], [ -99.888791446153803, 20.561407323076882 ] ] ] ] } },
{ "type": "Feature", "properties": { "IDBD": 162180, "FC": 6291, "CONDICION": "CUERPO DE AGUA INTERMITENTE" }, "geometry": { "type": "MultiPolygon", "coordinates": [ [ [ [ -99.970584230769205, 20.561501353846175 ], [ -99.970516953846129, 20.561483661538436 ], [ -99.97089679999992, 20.560867138461557 ], [ -99.971238815384609, 20.560341184615407 ], [ -99.971335769230734, 20.560503276923061 ], [ -99.971480646153822, 20.560656061538499 ], [ -99.971596092307706, 20.560709630769217 ], [ -99.97180736923076, 20.560744584615364 ], [ -99.972095599999946, 20.560815246153879 ], [ -99.972403492307677, 20.560958076923061 ], [ -99.9725198, 20.561147169230804 ], [ -99.972635892307665, 20.561300107692308 ], [ -99.972819523076893, 20.561515923076964 ], [ -99.972954692307653, 20.561650692307708 ], [ -99.973109199999982, 20.561812446153823 ], [ -99.973215815384592, 20.561983523076908 ], [ -99.973159107692283, 20.562119369230754 ], [ -99.973073292307632, 20.562201169230811 ], [ -99.972910384615318, 20.562229184615404 ], [ -99.972766723076887, 20.562266138461531 ], [ -99.97247887692302, 20.562258707692326 ], [ -99.972296215384588, 20.562196492307706 ], [ -99.972074769230701, 20.562071246153803 ], [ -99.971978676923044, 20.56204467692309 ], [ -99.971863338461503, 20.562009184615427 ], [ -99.971584169230752, 20.561857153846169 ], [ -99.971439584615339, 20.561749538461534 ], [ -99.97096879999998, 20.561634723076907 ], [ -99.970584230769205, 20.561501353846175 ] ] ] ] } },
{ "type": "Feature", "properties": { "IDBD": 162188, "FC": 6291, "CONDICION": "CUERPO DE AGUA INTERMITENTE" }, "geometry": { "type": "MultiPolygon", "coordinates": [ [ [ [ -99.949125, 20.560075261538437 ], [ -99.949353276923048, 20.559757784615389 ], [ -99.949640384615378, 20.559647784615407 ], [ -99.949869615384571, 20.559483907692314 ], [ -99.950213938461516, 20.559319384615421 ], [ -99.950415230769195, 20.559291169230804 ], [ -99.950559953846124, 20.559425907692312 ], [ -99.950704015384616, 20.559452215384614 ], [ -99.950933399999968, 20.559315430769221 ], [ -99.951076615384594, 20.559206215384624 ], [ -99.951275892307663, 20.558852753846146 ], [ -99.95159059999996, 20.558552861538477 ], [ -99.951790030769203, 20.558226507692325 ], [ -99.951961523076875, 20.55803583076926 ], [ -99.952219353846132, 20.557844661538432 ], [ -99.952420123076863, 20.557735138461549 ], [ -99.95270739999998, 20.557652246153854 ], [ -99.952794584615361, 20.557787292307705 ], [ -99.952738538461517, 20.558031553846174 ], [ -99.952739876923033, 20.558248384615403 ], [ -99.952654553846145, 20.558411492307663 ], [ -99.952540615384564, 20.558601861538484 ], [ -99.952455630769236, 20.558819169230794 ], [ -99.952342692307667, 20.559172153846141 ], [ -99.95217086153842, 20.559308630769227 ], [ -99.952114661538417, 20.559525784615388 ], [ -99.952202338461518, 20.559742153846145 ], [ -99.952059615384599, 20.559932676923076 ], [ -99.951888461538402, 20.560177553846152 ], [ -99.951717138461504, 20.560395338461575 ], [ -99.951402584615337, 20.56072233846151 ], [ -99.951173353846144, 20.560886230769245 ], [ -99.951203307692268, 20.561075800000033 ], [ -99.951117646153818, 20.561184692307698 ], [ -99.950916369230725, 20.561212907692337 ], [ -99.950628907692249, 20.561268692307703 ], [ -99.950467230769192, 20.561495461538492 ], [ -99.949125, 20.560075261538437 ] ] ] ] } },
{ "type": "Feature", "properties": { "IDBD": 162244, "FC": 6291, "CONDICION": "CUERPO DE AGUA INTERMITENTE" }, "geometry": { "type": "MultiPolygon", "coordinates": [ [ [ [ -99.892283353846139, 20.558091492307689 ], [ -99.89213956923075, 20.558110307692331 ], [ -99.893110323076897, 20.556777107692252 ], [ -99.893427199999962, 20.556829692307698 ], [ -99.893619215384561, 20.556855799999987 ], [ -99.893772953846138, 20.556900184615397 ], [ -99.893964707692291, 20.556881123076902 ], [ -99.894146769230744, 20.556844046153863 ], [ -99.894262399999974, 20.556933800000017 ], [ -99.894167369230786, 20.557087892307685 ], [ -99.894062784615343, 20.557251076923077 ], [ -99.893996476923078, 20.557395984615372 ], [ -99.894026476923059, 20.557603630769218 ], [ -99.894066261538441, 20.557847384615357 ], [ -99.89409567692303, 20.557955646153847 ], [ -99.893952092307657, 20.558010600000035 ], [ -99.893770353846094, 20.558101892307693 ], [ -99.893578753846128, 20.558148061538482 ], [ -99.893348276923035, 20.558104076923097 ], [ -99.893050523076866, 20.558042369230762 ], [ -99.892791523076909, 20.558043692307702 ], [ -99.892532569230752, 20.558054061538439 ], [ -99.892379184615322, 20.558072923076892 ], [ -99.892283353846139, 20.558091492307689 ] ] ] ] } },
{ "type": "Feature", "properties": { "IDBD": 162278, "FC": 6291, "CONDICION": "CUERPO DE AGUA INTERMITENTE" }, "geometry": { "type": "MultiPolygon", "coordinates": [ [ [ [ -99.758562938461509, 20.554210923076933 ], [ -99.758485846153832, 20.554138984615335 ], [ -99.758877415384589, 20.553784876923075 ], [ -99.759145338461536, 20.553648169230758 ], [ -99.759442415384569, 20.553583615384614 ], [ -99.758938676923052, 20.554534553846167 ], [ -99.758717184615378, 20.554363861538484 ], [ -99.758562938461509, 20.554210923076933 ] ] ] ] } },
{ "type": "Feature", "properties": { "IDBD": 162338, "FC": 6292, "CONDICION": "CUERPO DE AGUA PERENNE" }, "geometry": { "type": "MultiPolygon", "coordinates": [ [ [ [ -99.796138584615392, 20.550401046153805 ], [ -99.7958231076923, 20.550610307692327 ], [ -99.794885738461531, 20.551138661538459 ], [ -99.794579476923076, 20.551275600000029 ], [ -99.794512415384574, 20.551293984615398 ], [ -99.794023846153848, 20.551422723076943 ], [ -99.793400738461528, 20.551506892307717 ], [ -99.793141692307657, 20.551499046153864 ], [ -99.792854138461522, 20.551545538461564 ], [ -99.792681846153798, 20.551618599999937 ], [ -99.791953646153814, 20.551784569230801 ], [ -99.791896138461496, 20.551793876923099 ], [ -99.7910428, 20.551879092307683 ], [ -99.790640323076929, 20.551962246153845 ], [ -99.789470061538438, 20.551976615384621 ], [ -99.788473107692283, 20.552116692307671 ], [ -99.788214292307686, 20.552154015384616 ], [ -99.788089676923008, 20.552172646153878 ], [ -99.787668061538412, 20.55226492307693 ], [ -99.787485938461501, 20.552292861538479 ], [ -99.787476123076914, 20.552247723076917 ], [ -99.7874566, 20.552184569230793 ], [ -99.78809867692307, 20.552055138461572 ], [ -99.788491461538413, 20.551953969230777 ], [ -99.788797969230728, 20.551862215384599 ], [ -99.789852707692276, 20.551767061538456 ], [ -99.790265276923066, 20.551783246153878 ], [ -99.790552830769229, 20.551736753846122 ], [ -99.790926892307667, 20.551726015384592 ], [ -99.791233538461512, 20.551661369230761 ], [ -99.79160727692306, 20.551587384615388 ], [ -99.792383876923068, 20.551502507692305 ], [ -99.79299649230768, 20.551246707692268 ], [ -99.793532938461496, 20.551099692307691 ], [ -99.794547799999975, 20.550715553846182 ], [ -99.794921215384591, 20.550578307692355 ], [ -99.79579207692305, 20.550176753846145 ], [ -99.796777492307669, 20.549666230769216 ], [ -99.797637969230749, 20.549111107692312 ], [ -99.798288338461475, 20.548737661538453 ], [ -99.800020907692272, 20.548024907692291 ], [ -99.8007189384615, 20.547597015384586 ], [ -99.801082, 20.547315246153829 ], [ -99.802503199999975, 20.5457636 ], [ -99.802675199999968, 20.545636307692298 ], [ -99.80329540000001, 20.545000953846166 ], [ -99.803419630769199, 20.544910030769273 ], [ -99.80355363076923, 20.544855184615379 ], [ -99.803841215384594, 20.544817723076964 ], [ -99.80502106153844, 20.544812246153878 ], [ -99.806144246153835, 20.544978692307701 ], [ -99.806643092307652, 20.5449854 ], [ -99.80702639999997, 20.544911338461549 ], [ -99.807122369230711, 20.544919923076876 ], [ -99.80737224615379, 20.545009123076916 ], [ -99.807410799999957, 20.54504507692306 ], [ -99.80739166153846, 20.54505419999996 ], [ -99.806394830769193, 20.545203415384606 ], [ -99.805972630769176, 20.545178276923064 ], [ -99.805146892307661, 20.545028507692297 ], [ -99.804005076923048, 20.544970553846127 ], [ -99.803832615384565, 20.545007507692318 ], [ -99.803373738461531, 20.545307799999986 ], [ -99.802858584615365, 20.545852307692318 ], [ -99.801638261538429, 20.5472946 ], [ -99.800883476923062, 20.54787635384616 ], [ -99.799630384615369, 20.548559799999975 ], [ -99.799266630769225, 20.548706046153839 ], [ -99.798644107692297, 20.548898661538466 ], [ -99.797964907692275, 20.549263215384595 ], [ -99.797706523076897, 20.549381861538457 ], [ -99.797323661538428, 20.549546261538474 ], [ -99.7967504, 20.549991630769242 ], [ -99.796138584615392, 20.550401046153805 ] ] ] ] } },
{ "type": "Feature", "properties": { "IDBD": 162402, "FC": 6292, "CONDICION": "CUERPO DE AGUA PERENNE" }, "geometry": { "type": "MultiPolygon", "coordinates": [ [ [ [ -99.824689830769174, 20.542027215384675 ], [ -99.825007, 20.542143169230805 ], [ -99.825055061538436, 20.542161 ], [ -99.825247138461506, 20.542205261538495 ], [ -99.825381476923042, 20.542213661538483 ], [ -99.825592553846136, 20.542221692307677 ], [ -99.826062953846133, 20.54229173846154 ], [ -99.826206830769181, 20.542291046153878 ], [ -99.82823283076921, 20.542669907692297 ], [ -99.82901003076924, 20.542711369230766 ], [ -99.829576599999967, 20.542826107692314 ], [ -99.829816492307657, 20.542843030769244 ], [ -99.830650123076893, 20.542676400000051 ], [ -99.830832676923066, 20.54272973846156 ], [ -99.830938723076912, 20.542828630769208 ], [ -99.831054307692298, 20.542918430769195 ], [ -99.831352599999974, 20.543088661538508 ], [ -99.831564399999976, 20.543232215384631 ], [ -99.831737738461513, 20.543357876923057 ], [ -99.831862830769211, 20.543429569230756 ], [ -99.832007153846106, 20.543510184615368 ], [ -99.832257323076917, 20.543653553846177 ], [ -99.832526692307653, 20.543796830769242 ], [ -99.83271936923073, 20.543949507692346 ], [ -99.832854199999986, 20.544048246153878 ], [ -99.833066107692261, 20.544209861538469 ], [ -99.833220307692287, 20.544344661538489 ], [ -99.833383861538437, 20.544434230769202 ], [ -99.833547369230729, 20.544514753846158 ], [ -99.833730399999965, 20.544658446153871 ], [ -99.833826815384612, 20.544748338461499 ], [ -99.833913538461502, 20.544820199999965 ], [ -99.834028938461515, 20.544873861538424 ], [ -99.834096276923063, 20.544909676923087 ], [ -99.834249907692268, 20.544936046153847 ], [ -99.835210399999951, 20.545166338461581 ], [ -99.835488815384593, 20.545210169230767 ], [ -99.835766984615375, 20.545208830769202 ], [ -99.836752569230754, 20.544761338461544 ], [ -99.837135969230744, 20.544705276923057 ], [ -99.837317969230725, 20.544659215384598 ], [ -99.8374136, 20.544604538461549 ], [ -99.837710707692253, 20.544557938461526 ], [ -99.83801766153843, 20.544556446153848 ], [ -99.838478769230719, 20.544680707692319 ], [ -99.838757338461491, 20.54475164615382 ], [ -99.838843815384607, 20.544778338461573 ], [ -99.838959861538441, 20.544949446153861 ], [ -99.838978153846156, 20.544786723076921 ], [ -99.839083569230723, 20.544768138461524 ], [ -99.839179384615377, 20.5447496 ], [ -99.839294738461518, 20.544794230769227 ], [ -99.839410199999961, 20.544856907692324 ], [ -99.839506261538403, 20.544883553846184 ], [ -99.839582953846147, 20.544874138461566 ], [ -99.839669384615348, 20.544891800000013 ], [ -99.839765107692244, 20.544855200000036 ], [ -99.839889553846135, 20.544809415384663 ], [ -99.839966138461492, 20.544781938461512 ], [ -99.840052123076916, 20.544718276923096 ], [ -99.840090046153804, 20.544636769230763 ], [ -99.84009904615381, 20.544528307692332 ], [ -99.840117784615373, 20.544446892307711 ], [ -99.840155907692278, 20.5444015230769 ], [ -99.840271015384587, 20.544400969230768 ], [ -99.840328923076925, 20.544463938461533 ], [ -99.840358384615357, 20.544590292307671 ], [ -99.840397446153816, 20.5447166 ], [ -99.840475169230757, 20.544896923076934 ], [ -99.840581523076878, 20.545050015384582 ], [ -99.840745430769218, 20.545202815384656 ], [ -99.840880169230715, 20.545283492307696 ], [ -99.841024538461483, 20.545373138461549 ], [ -99.841159184615378, 20.545435738461542 ], [ -99.841303399999958, 20.545498276923102 ], [ -99.841486046153818, 20.545569676923055 ], [ -99.841658907692278, 20.545604984615331 ], [ -99.841889276923041, 20.545630969230739 ], [ -99.842061938461526, 20.545630123076965 ], [ -99.842205723076887, 20.545611353846152 ], [ -99.842378323076915, 20.545601476923093 ], [ -99.84257956923075, 20.545564369230814 ], [ -99.842752123076892, 20.545545461538456 ], [ -99.843039492307682, 20.545471769230758 ], [ -99.843240738461532, 20.545434646153826 ], [ -99.843451461538422, 20.545379415384634 ], [ -99.843604446153805, 20.545288323076953 ], [ -99.843728846153823, 20.545233492307673 ], [ -99.843843692307672, 20.545187769230758 ], [ -99.844035092307635, 20.545105507692309 ], [ -99.844159292307694, 20.545014553846144 ], [ -99.844235784615378, 20.544969 ], [ -99.84430249230769, 20.544887353846114 ], [ -99.844330615384578, 20.544769769230765 ], [ -99.844330123076887, 20.544679415384643 ], [ -99.844300953846144, 20.544607276923067 ], [ -99.844262184615346, 20.544535184615388 ], [ -99.844233261538434, 20.544508215384603 ], [ -99.84425195384614, 20.544417769230805 ], [ -99.844289923076886, 20.544345292307703 ], [ -99.844356907692287, 20.544317861538484 ], [ -99.844414323076862, 20.544290476923081 ], [ -99.84451013846153, 20.544271938461531 ], [ -99.844606107692243, 20.54428050769231 ], [ -99.844701938461498, 20.544261969230796 ], [ -99.844816446153814, 20.544152984615383 ], [ -99.844873646153815, 20.544089461538491 ], [ -99.844902076923049, 20.54402607692305 ], [ -99.844892184615318, 20.543971907692296 ], [ -99.844882199999958, 20.543899676923097 ], [ -99.844891384615352, 20.543827353846165 ], [ -99.844929507692299, 20.543781984615364 ], [ -99.845025430769212, 20.543781523076952 ], [ -99.845102123076899, 20.543772107692348 ], [ -99.845140384615334, 20.543753861538445 ], [ -99.845178553846111, 20.543717523076896 ], [ -99.845226076923041, 20.543635969230774 ], [ -99.845273630769171, 20.543563461538444 ], [ -99.84530190769226, 20.543472969230763 ], [ -99.845358876923015, 20.54336426153845 ], [ -99.845444553846121, 20.543246384615372 ], [ -99.845501553846148, 20.543146723076916 ], [ -99.84558758461533, 20.543092092307681 ], [ -99.845654538461503, 20.543055615384588 ], [ -99.845731123076874, 20.54302813846153 ], [ -99.84581735384613, 20.543009646153852 ], [ -99.845960984615388, 20.542963769230788 ], [ -99.846066338461497, 20.542936153846156 ], [ -99.846152323076893, 20.542872492307684 ], [ -99.846333784615368, 20.542727030769278 ], [ -99.846562846153816, 20.542518107692285 ], [ -99.846677353846133, 20.542409123076922 ], [ -99.846753892307632, 20.542372599999961 ], [ -99.846849461538426, 20.542308892307705 ], [ -99.8469738, 20.542245030769237 ], [ -99.847117230769186, 20.542163015384595 ], [ -99.847222307692277, 20.542081184615384 ], [ -99.847298692307675, 20.542017553846193 ], [ -99.847394153846139, 20.541935769230751 ], [ -99.847508723076871, 20.541835830769259 ], [ -99.847566123076859, 20.541808430769226 ], [ -99.847633061538431, 20.541771969230766 ], [ -99.847670938461533, 20.541681430769199 ], [ -99.847680030769197, 20.541591030769233 ], [ -99.84767807692306, 20.541238661538483 ], [ -99.847658507692287, 20.541166476923092 ], [ -99.847676984615376, 20.541039892307712 ], [ -99.847782446153829, 20.541030338461525 ], [ -99.847849446153816, 20.541002907692345 ], [ -99.847916492307647, 20.540984507692315 ], [ -99.84802169230764, 20.540929784615436 ], [ -99.848107630769192, 20.540857076923043 ], [ -99.848116615384555, 20.540748599999972 ], [ -99.848144353846152, 20.540558723076924 ], [ -99.848134215384604, 20.540459384615399 ], [ -99.848162292307677, 20.540332753846137 ], [ -99.848209446153817, 20.540187953846171 ], [ -99.848218538461509, 20.540097553846138 ], [ -99.848266, 20.540006969230799 ], [ -99.848303876923069, 20.539916430769228 ], [ -99.84835178461536, 20.539907169230784 ], [ -99.848447446153827, 20.539861523076901 ], [ -99.848572092307691, 20.539851876923052 ], [ -99.848629953846114, 20.539905800000049 ], [ -99.848659015384598, 20.539959876923081 ], [ -99.848707630769212, 20.540077092307687 ], [ -99.848747138461476, 20.540284723076944 ], [ -99.848786307692293, 20.540429092307708 ], [ -99.848806338461515, 20.540582599999983 ], [ -99.848912292307645, 20.5406634 ], [ -99.849056769230742, 20.540771107692311 ], [ -99.849316353846135, 20.540878261538467 ], [ -99.849642923076928, 20.540957984615396 ], [ -99.84987373846154, 20.541065276923103 ], [ -99.8500946, 20.541109369230764 ], [ -99.850402138461519, 20.541216276923087 ], [ -99.85050793846149, 20.541269969230793 ], [ -99.850709923076906, 20.541368369230778 ], [ -99.85084456923073, 20.541430953846142 ], [ -99.850940630769202, 20.5414576 ], [ -99.851036600000015, 20.541466153846176 ], [ -99.851151646153838, 20.541456553846146 ], [ -99.851228446153812, 20.541465215384605 ], [ -99.851285984615402, 20.541464938461544 ], [ -99.851353276923035, 20.541491707692302 ], [ -99.851401692307675, 20.541572784615365 ], [ -99.851421476923079, 20.541681123076906 ], [ -99.851508399999986, 20.541789123076946 ], [ -99.851662676923027, 20.541932923076963 ], [ -99.85179756923074, 20.542040692307687 ], [ -99.851970969230734, 20.542175369230794 ], [ -99.852086430769205, 20.542238046153816 ], [ -99.852173046153851, 20.542291830769198 ], [ -99.852297953846119, 20.542327353846172 ], [ -99.852374984615352, 20.542381184615405 ], [ -99.852499830769219, 20.542407676923084 ], [ -99.8526344153846, 20.542461230769227 ], [ -99.852711399999976, 20.542506030769236 ], [ -99.852711599999949, 20.542542169230778 ], [ -99.852663799999988, 20.542569507692285 ], [ -99.852577369230758, 20.54255186153846 ], [ -99.852462215384577, 20.542543400000028 ], [ -99.852376138461494, 20.542589 ], [ -99.852434092307661, 20.542661 ], [ -99.852530507692293, 20.542750876923098 ], [ -99.852636523076896, 20.542840707692342 ], [ -99.85272310769227, 20.542885461538454 ], [ -99.852838307692309, 20.542902969230802 ], [ -99.85301115384614, 20.542938261538467 ], [ -99.853116876923067, 20.542973876923089 ], [ -99.853222738461525, 20.543036600000026 ], [ -99.853414984615341, 20.543107938461542 ], [ -99.853501599999987, 20.543161723076928 ], [ -99.853568907692264, 20.543188492307703 ], [ -99.853655430769194, 20.543224215384637 ], [ -99.853751553846152, 20.543259876923091 ], [ -99.853838184615356, 20.543313661538459 ], [ -99.853867261538412, 20.543367738461544 ], [ -99.853819492307693, 20.543404107692297 ], [ -99.853723584615366, 20.543404584615388 ], [ -99.853589246153803, 20.543396215384625 ], [ -99.853493261538461, 20.543387646153832 ], [ -99.853407046153819, 20.543406138461531 ], [ -99.853388153846112, 20.543460446153858 ], [ -99.853446061538421, 20.54352341538462 ], [ -99.853532892307655, 20.543613338461498 ], [ -99.853600384615362, 20.543676261538501 ], [ -99.853591199999983, 20.543748584615408 ], [ -99.853514461538424, 20.543748953846126 ], [ -99.853418384615367, 20.543722323076935 ], [ -99.853331907692294, 20.543695646153839 ], [ -99.853129923076892, 20.543597246153848 ], [ -99.852918692307668, 20.543562153846128 ], [ -99.852668907692262, 20.543491092307722 ], [ -99.852438492307684, 20.5434560923077 ], [ -99.852207984615347, 20.543403015384591 ], [ -99.852121507692274, 20.543376323076931 ], [ -99.851948399999955, 20.543295861538482 ], [ -99.851716984615365, 20.543080153846152 ], [ -99.851659092307685, 20.543017184615397 ], [ -99.851514661538417, 20.542918507692306 ], [ -99.85137043076918, 20.5428559692308 ], [ -99.851235938461514, 20.542820492307673 ], [ -99.851159061538439, 20.542793753846173 ], [ -99.851053292307654, 20.542749107692273 ], [ -99.850928492307673, 20.542731646153847 ], [ -99.850678707692254, 20.542660584615373 ], [ -99.850438599999947, 20.54260755384615 ], [ -99.850198307692295, 20.542518384615402 ], [ -99.849976984615353, 20.542392969230768 ], [ -99.849919138461487, 20.542339046153881 ], [ -99.849822769230755, 20.5422582 ], [ -99.84976506153842, 20.542231369230773 ], [ -99.84964003076918, 20.542168738461527 ], [ -99.8495055384615, 20.542133246153817 ], [ -99.849428599999968, 20.542097492307697 ], [ -99.849294107692273, 20.542062 ], [ -99.8491504307692, 20.542098846153884 ], [ -99.849035676923066, 20.542162661538431 ], [ -99.848949753846099, 20.542235369230795 ], [ -99.84879763076917, 20.542480061538473 ], [ -99.848740769230744, 20.542606846153831 ], [ -99.848712646153785, 20.542724430769223 ], [ -99.848627061538451, 20.542860384615434 ], [ -99.848522599999967, 20.54305064615383 ], [ -99.848417984615324, 20.543213784615375 ], [ -99.848332507692277, 20.543367815384617 ], [ -99.848228292307695, 20.54360324615384 ], [ -99.848066723076883, 20.543875092307665 ], [ -99.847971446153849, 20.543993015384633 ], [ -99.847904753846137, 20.544074661538456 ], [ -99.847781, 20.544246938461526 ], [ -99.847666538461496, 20.544364953846131 ], [ -99.847590246153842, 20.544446646153872 ], [ -99.847504461538449, 20.544546461538481 ], [ -99.847437769230751, 20.544628107692287 ], [ -99.847351738461541, 20.544682738461532 ], [ -99.847265507692271, 20.544701230769217 ], [ -99.847160199999948, 20.544737892307701 ], [ -99.84689161538455, 20.544739200000016 ], [ -99.846776415384596, 20.544721692307672 ], [ -99.846708923076903, 20.544658769230775 ], [ -99.846660815384595, 20.544631907692317 ], [ -99.846574630769183, 20.544659430769244 ], [ -99.846517369230725, 20.544713923076937 ], [ -99.846402723076906, 20.544795800000038 ], [ -99.846297646153786, 20.544877630769189 ], [ -99.84623120000002, 20.545004446153854 ], [ -99.846069184615374, 20.545194984615367 ], [ -99.845878723076922, 20.545448907692279 ], [ -99.8457455384615, 20.545648338461589 ], [ -99.84566, 20.545793323076932 ], [ -99.845574169230758, 20.545884092307677 ], [ -99.845344553846147, 20.545993630769257 ], [ -99.845105292307693, 20.546094184615363 ], [ -99.844856492307642, 20.546203830769251 ], [ -99.844655492307666, 20.546286123076953 ], [ -99.844540738461546, 20.54634993846151 ], [ -99.844435676923055, 20.546431769230793 ], [ -99.844359384615331, 20.546513446153881 ], [ -99.84425430769231, 20.5465952769231 ], [ -99.844206892307668, 20.546694907692348 ], [ -99.844198, 20.546821446153842 ], [ -99.844169907692304, 20.546948076923051 ], [ -99.844170507692269, 20.547056492307732 ], [ -99.844228753846124, 20.547182707692279 ], [ -99.84431573846156, 20.547299738461543 ], [ -99.844373876923015, 20.547407876923074 ], [ -99.844451507692298, 20.54757013846152 ], [ -99.844519646153785, 20.547750523076932 ], [ -99.844606630769192, 20.54786755384616 ], [ -99.844703153846126, 20.547975507692321 ], [ -99.844799369230756, 20.548029246153877 ], [ -99.844895692307645, 20.548101061538457 ], [ -99.845020584615384, 20.548136600000038 ], [ -99.845116815384571, 20.548190338461509 ], [ -99.845251846153829, 20.548325215384661 ], [ -99.84536759999996, 20.54844210769236 ], [ -99.845473615384591, 20.548531938461519 ], [ -99.845608399999961, 20.548621646153897 ], [ -99.845714415384606, 20.548711476923113 ], [ -99.845743646153835, 20.548792646153853 ], [ -99.845705523076916, 20.548838015384643 ], [ -99.845619384615347, 20.548874584615358 ], [ -99.845523569230764, 20.548893123076923 ], [ -99.845331861538412, 20.548921153846134 ], [ -99.845159246153813, 20.548931030769225 ], [ -99.844986492307669, 20.5489138 ], [ -99.844823523076926, 20.548932676923073 ], [ -99.844718353846147, 20.548996430769225 ], [ -99.844613138461511, 20.549051153846172 ], [ -99.8444598, 20.549079015384617 ], [ -99.84432550769229, 20.549079661538482 ], [ -99.844239323076877, 20.549107184615412 ], [ -99.844230523076902, 20.549251800000015 ], [ -99.844231169230753, 20.549369261538473 ], [ -99.844222123076889, 20.549468692307688 ], [ -99.844184399999975, 20.549586338461548 ], [ -99.84409876923074, 20.549713246153857 ], [ -99.844022369230728, 20.549776861538462 ], [ -99.843955676923059, 20.549858507692303 ], [ -99.843888723076901, 20.549894969230749 ], [ -99.843811784615369, 20.549859215384583 ], [ -99.843620276923033, 20.549923384615372 ], [ -99.843429076923044, 20.550041784615352 ], [ -99.843362430769204, 20.550132461538453 ], [ -99.84332459999996, 20.550232030769266 ], [ -99.843238569230749, 20.550286661538433 ], [ -99.843133492307672, 20.550368492307701 ], [ -99.8430860307692, 20.550459076923094 ], [ -99.843028969230744, 20.550549707692301 ], [ -99.842971707692271, 20.5506042 ], [ -99.842924246153814, 20.550694784615388 ], [ -99.842838015384601, 20.550713276923073 ], [ -99.842818430769199, 20.550641092307679 ], [ -99.842769615384583, 20.550487723076927 ], [ -99.842797753846114, 20.550370123076931 ], [ -99.842835430769185, 20.55024344615385 ], [ -99.842902138461497, 20.550161800000023 ], [ -99.843006907692285, 20.550025769230746 ], [ -99.843102292307648, 20.549925907692291 ], [ -99.843207107692308, 20.549798907692296 ], [ -99.843321323076864, 20.549635707692332 ], [ -99.843359153846137, 20.549536138461544 ], [ -99.843434907692256, 20.549355061538463 ], [ -99.843414630769161, 20.549156384615387 ], [ -99.84342347692305, 20.54902081538463 ], [ -99.843345938461511, 20.548876615384621 ], [ -99.843239830769164, 20.548768707692282 ], [ -99.843210753846137, 20.548714646153883 ], [ -99.84321016923073, 20.548606215384634 ], [ -99.843199523076905, 20.548416523076952 ], [ -99.843168276923038, 20.547964907692361 ], [ -99.843166892307664, 20.547711923076921 ], [ -99.843156353846112, 20.547540307692312 ], [ -99.84313647692305, 20.547413907692334 ], [ -99.843155015384596, 20.547296353846153 ], [ -99.843135184615363, 20.547179 ], [ -99.84311579999995, 20.547142953846144 ], [ -99.84304846153843, 20.547107138461559 ], [ -99.842933307692277, 20.547098661538474 ], [ -99.842703184615388, 20.547117846153835 ], [ -99.842626353846128, 20.547100153846181 ], [ -99.842529984615368, 20.547019307692281 ], [ -99.84242376923072, 20.546893323076954 ], [ -99.842384815384619, 20.546785092307708 ], [ -99.842345938461492, 20.546694923076899 ], [ -99.842287892307695, 20.546604846153858 ], [ -99.842210907692277, 20.546560046153836 ], [ -99.842124092307671, 20.546470123076926 ], [ -99.842066092307689, 20.54638907692312 ], [ -99.841969923076888, 20.546344369230749 ], [ -99.841864261538419, 20.546317769230772 ], [ -99.841758846153809, 20.546336353846154 ], [ -99.841663107692284, 20.546372969230763 ], [ -99.841576830769228, 20.546382415384635 ], [ -99.841365799999963, 20.546383446153872 ], [ -99.841269830769249, 20.546374876923068 ], [ -99.841173707692263, 20.546339200000023 ], [ -99.841087092307632, 20.546285415384631 ], [ -99.840961938461504, 20.546204692307672 ], [ -99.840644507692261, 20.5460436 ], [ -99.840356046153786, 20.545918507692274 ], [ -99.840106153846122, 20.54582936923077 ], [ -99.839789169230741, 20.545749584615425 ], [ -99.839510553846097, 20.545669615384625 ], [ -99.839116830769171, 20.545590199999978 ], [ -99.839011323076889, 20.545590707692302 ], [ -99.838905307692258, 20.545500876923121 ], [ -99.838942, 20.545193492307718 ], [ -99.838787738461534, 20.545049661538446 ], [ -99.838499184615372, 20.544906492307696 ], [ -99.838297446153817, 20.544853261538453 ], [ -99.838086184615364, 20.544809107692295 ], [ -99.837903584615333, 20.544746738461555 ], [ -99.837759646153813, 20.544738399999986 ], [ -99.837577553846117, 20.544766384615343 ], [ -99.837338138461533, 20.544839830769266 ], [ -99.837146492307667, 20.544876892307705 ], [ -99.836945399999976, 20.544941107692292 ], [ -99.836763646153798, 20.54503235384615 ], [ -99.83662006153844, 20.545087246153859 ], [ -99.836457476923044, 20.545178384615429 ], [ -99.836285215384564, 20.545251507692285 ], [ -99.836189584615369, 20.545306184615377 ], [ -99.835998184615349, 20.545388415384647 ], [ -99.835749123076909, 20.545452876923065 ], [ -99.835557538461529, 20.54549896923081 ], [ -99.835385015384603, 20.545526907692317 ], [ -99.835202723076861, 20.545518753846139 ], [ -99.835030015384575, 20.545510553846135 ], [ -99.8348667384615, 20.545475200000016 ], [ -99.834665015384587, 20.545421953846144 ], [ -99.834511246153824, 20.545368476923091 ], [ -99.834338292307677, 20.545315107692314 ], [ -99.834174876923043, 20.545252646153866 ], [ -99.833934384615389, 20.545127307692304 ], [ -99.833790061538423, 20.545046676923079 ], [ -99.833636046153813, 20.544948030769227 ], [ -99.833510969230744, 20.544876353846121 ], [ -99.833376138461503, 20.5447776 ], [ -99.833212338461507, 20.544642861538492 ], [ -99.833000476923047, 20.544490276923096 ], [ -99.832634399999961, 20.544202907692245 ], [ -99.832326338461485, 20.543996569230728 ], [ -99.832124261538411, 20.543880076923074 ], [ -99.831960799999976, 20.543808584615402 ], [ -99.831854907692261, 20.543736800000023 ], [ -99.831662723076917, 20.543674476923073 ], [ -99.83145110769226, 20.5435670769231 ], [ -99.831249276923032, 20.543495753846155 ], [ -99.830960938461487, 20.543388707692312 ], [ -99.830672723076916, 20.543308784615384 ], [ -99.830442323076895, 20.543273738461536 ], [ -99.830269953846098, 20.54332878461538 ], [ -99.830077969230757, 20.543302584615422 ], [ -99.82993413846151, 20.543312323076911 ], [ -99.829751799999983, 20.543295123076895 ], [ -99.829588338461491, 20.543223615384576 ], [ -99.829482769230765, 20.543215092307673 ], [ -99.829309876923034, 20.543170738461551 ], [ -99.829194769230753, 20.543171292307687 ], [ -99.828705430769205, 20.54314652307696 ], [ -99.82745704615381, 20.542890461538502 ], [ -99.827140461538406, 20.542882938461542 ], [ -99.826757169230717, 20.542957046153873 ], [ -99.826498323076876, 20.542985384615349 ], [ -99.826354353846128, 20.542968 ], [ -99.825806199999988, 20.542708584615376 ], [ -99.825555923076877, 20.542547138461565 ], [ -99.824325630769252, 20.542083153846136 ], [ -99.824161984615358, 20.541975507692289 ], [ -99.824171338461525, 20.541930292307658 ], [ -99.824343846153823, 20.541902369230808 ], [ -99.824689830769174, 20.542027215384675 ] ] ] ] } },
{ "type": "Feature", "properties": { "IDBD": 162406, "FC": 6291, "CONDICION": "CUERPO DE AGUA INTERMITENTE" }, "geometry": { "type": "MultiPolygon", "coordinates": [ [ [ [ -99.97319887692305, 20.550219876923123 ], [ -99.974425292307686, 20.549996138461491 ], [ -99.974493461538401, 20.55015839999998 ], [ -99.974465199999969, 20.550239861538483 ], [ -99.974044246153838, 20.55041390769231 ], [ -99.973920292307682, 20.550532061538487 ], [ -99.973891969230735, 20.550604492307677 ], [ -99.974019984615353, 20.551127815384593 ], [ -99.974264492307682, 20.551867323076902 ], [ -99.974246046153809, 20.55198487692309 ], [ -99.97416039999996, 20.552093784615366 ], [ -99.973949723076885, 20.552149184615367 ], [ -99.97319887692305, 20.550219876923123 ] ] ] ] } },
{ "type": "Feature", "properties": { "IDBD": 162411, "FC": 6291, "CONDICION": "CUERPO DE AGUA INTERMITENTE" }, "geometry": { "type": "MultiPolygon", "coordinates": [ [ [ [ -99.883748892307651, 20.550346815384643 ], [ -99.883643846153817, 20.550428661538461 ], [ -99.883500738461464, 20.550564923076937 ], [ -99.883309507692289, 20.550674323076944 ], [ -99.883137, 20.550702307692355 ], [ -99.883079138461525, 20.55064840000005 ], [ -99.883136169230752, 20.550557753846167 ], [ -99.883336892307668, 20.550430230769233 ], [ -99.88348, 20.550293969230751 ], [ -99.88353687692306, 20.550176215384631 ], [ -99.883469153846121, 20.550077184615368 ], [ -99.883306184615321, 20.550096076923065 ], [ -99.883152923076935, 20.550133 ], [ -99.883037599999966, 20.550097446153856 ], [ -99.883036876923029, 20.549970953846156 ], [ -99.88320907692308, 20.549888769230776 ], [ -99.883362553846112, 20.549887984615371 ], [ -99.88352578461533, 20.549914261538472 ], [ -99.883689107692277, 20.549958600000018 ], [ -99.883823092307665, 20.549903707692298 ], [ -99.883908692307656, 20.549776769230757 ], [ -99.884080215384571, 20.549577123076915 ], [ -99.88418515384609, 20.549477199999973 ], [ -99.884222846153804, 20.549359553846152 ], [ -99.884308292307708, 20.549205507692328 ], [ -99.884422461538406, 20.5490422923077 ], [ -99.884517199999962, 20.548834 ], [ -99.884497030769182, 20.54866243076922 ], [ -99.884409599999941, 20.548473138461528 ], [ -99.884283969230751, 20.548311138461543 ], [ -99.884206923076889, 20.5482573230769 ], [ -99.883890369230727, 20.548258938461576 ], [ -99.88369816923074, 20.548196661538444 ], [ -99.883544215384575, 20.548116138461538 ], [ -99.883371461538417, 20.548098938461539 ], [ -99.883237323076898, 20.54812673846153 ], [ -99.883007061538436, 20.548118876923098 ], [ -99.882824338461546, 20.548038492307722 ], [ -99.882747184615354, 20.547966600000017 ], [ -99.882736599999944, 20.547794984615415 ], [ -99.882803338461514, 20.547722353846158 ], [ -99.8829371538461, 20.547640353846134 ], [ -99.883109769230742, 20.547630446153839 ], [ -99.883263138461501, 20.547611584615424 ], [ -99.883397584615352, 20.547638015384656 ], [ -99.883513107692281, 20.547709707692299 ], [ -99.883667046153832, 20.547790230769234 ], [ -99.884070861538447, 20.547950815384638 ], [ -99.884176215384585, 20.547923169230728 ], [ -99.884405815384582, 20.54781356923078 ], [ -99.884462784615337, 20.547713892307691 ], [ -99.884519399999974, 20.547550969230748 ], [ -99.88451815384613, 20.547334123076912 ], [ -99.884488599999955, 20.547198753846146 ], [ -99.884343938461498, 20.547063953846195 ], [ -99.884151323076892, 20.546929415384646 ], [ -99.884055246153835, 20.546902800000016 ], [ -99.883997538461514, 20.546875984615422 ], [ -99.883824507692296, 20.546813615384618 ], [ -99.883622446153794, 20.546706230769228 ], [ -99.88351606153843, 20.546553169230773 ], [ -99.883543846153827, 20.54638135384613 ], [ -99.883600830769211, 20.546281676923119 ], [ -99.883705507692298, 20.54613658461539 ], [ -99.883764676923064, 20.546416369230769 ], [ -99.883803815384596, 20.54655170769232 ], [ -99.883919184615365, 20.546596292307711 ], [ -99.884024276923043, 20.546523476923053 ], [ -99.884177599999987, 20.54649558461541 ], [ -99.884321430769219, 20.546485815384621 ], [ -99.884456246153846, 20.546575476923095 ], [ -99.884543353846112, 20.546710569230783 ], [ -99.884572538461512, 20.546782692307719 ], [ -99.88481364615383, 20.547007353846162 ], [ -99.884910923076873, 20.547241769230769 ], [ -99.884959861538405, 20.5474132 ], [ -99.8849326461538, 20.547684384615355 ], [ -99.884866553846123, 20.547865430769271 ], [ -99.884867476923063, 20.548028061538467 ], [ -99.884964969230765, 20.548298630769246 ], [ -99.884985246153818, 20.548488261538491 ], [ -99.884985923076911, 20.548605723076939 ], [ -99.884928830769212, 20.548687323076926 ], [ -99.88479547692306, 20.548850646153845 ], [ -99.884671399999959, 20.548959707692312 ], [ -99.884595599999983, 20.549122723076934 ], [ -99.884558476923033, 20.549339769230738 ], [ -99.884511246153835, 20.549466492307694 ], [ -99.88435953846151, 20.54977447692308 ], [ -99.884255415384573, 20.550018953846198 ], [ -99.884084, 20.55023667692306 ], [ -99.883940430769215, 20.550291630769237 ], [ -99.883748892307651, 20.550346815384643 ] ] ] ] } },
{ "type": "Feature", "properties": { "IDBD": 162460, "FC": 6291, "CONDICION": "CUERPO DE AGUA INTERMITENTE" }, "geometry": { "type": "MultiPolygon", "coordinates": [ [ [ [ -99.984454815384595, 20.549343138461488 ], [ -99.984827738461533, 20.54916030769229 ], [ -99.984923723076889, 20.5491688 ], [ -99.985000569230749, 20.549186430769254 ], [ -99.984982430769193, 20.549349169230783 ], [ -99.984935046153822, 20.5494398 ], [ -99.984878015384609, 20.549521430769261 ], [ -99.984820861538424, 20.549585 ], [ -99.984696861538453, 20.549694123076947 ], [ -99.984570953846145, 20.549505107692301 ], [ -99.984454815384595, 20.549343138461488 ] ] ] ] } },
{ "type": "Feature", "properties": { "IDBD": 162522, "FC": 6292, "CONDICION": "CUERPO DE AGUA PERENNE" }, "geometry": { "type": "MultiPolygon", "coordinates": [ [ [ [ -99.818678784615372, 20.540844953846147 ], [ -99.818965630769185, 20.540671938461564 ], [ -99.81926219999994, 20.540525969230792 ], [ -99.820153769230728, 20.540431384615413 ], [ -99.820517923076878, 20.540366415384597 ], [ -99.820959015384588, 20.540337230769254 ], [ -99.822264, 20.540421400000028 ], [ -99.822581215384588, 20.540546384615418 ], [ -99.8227062923077, 20.540618076923103 ], [ -99.822841307692272, 20.540752969230766 ], [ -99.822861353846122, 20.54091550769234 ], [ -99.822467169230777, 20.540745707692349 ], [ -99.822332738461498, 20.540719230769231 ], [ -99.821449646153837, 20.540605969230779 ], [ -99.819934938461529, 20.540766738461553 ], [ -99.819187738461508, 20.54095098461535 ], [ -99.818306953846147, 20.541271384615388 ], [ -99.817895461538441, 20.54145403076922 ], [ -99.817245123076901, 20.541818507692298 ], [ -99.816929215384604, 20.541937461538421 ], [ -99.816689692307648, 20.541992799999957 ], [ -99.816459446153814, 20.541984861538484 ], [ -99.816132830769206, 20.541896046153795 ], [ -99.816036769230735, 20.541869384615406 ], [ -99.815478753846122, 20.541555769230776 ], [ -99.815257953846128, 20.541520661538467 ], [ -99.814874984615358, 20.541658 ], [ -99.814416523076886, 20.542030615384643 ], [ -99.814063876923043, 20.542456923076937 ], [ -99.813748199999964, 20.542621046153847 ], [ -99.813173292307681, 20.542741215384666 ], [ -99.812914169230737, 20.542715323076951 ], [ -99.812127799999956, 20.542755153846173 ], [ -99.811686892307662, 20.542820461538476 ], [ -99.811246384615345, 20.542958046153863 ], [ -99.810442446153814, 20.543305153846156 ], [ -99.810136984615369, 20.543586692307713 ], [ -99.809851061538453, 20.543940399999983 ], [ -99.80950750769226, 20.544276323076939 ], [ -99.809211015384591, 20.544440338461573 ], [ -99.808540553846115, 20.544633215384632 ], [ -99.808521030769228, 20.544570061538444 ], [ -99.808578107692284, 20.544479446153822 ], [ -99.808587615384582, 20.544461323076906 ], [ -99.808654569230768, 20.544424876923081 ], [ -99.809046892307677, 20.54424233846154 ], [ -99.80960124615379, 20.543860261538441 ], [ -99.809849538461464, 20.543651276923075 ], [ -99.810164092307645, 20.54327032307696 ], [ -99.810689553846117, 20.54287030769229 ], [ -99.81088078461535, 20.542751953846157 ], [ -99.811216030769174, 20.542660030769216 ], [ -99.811609061538434, 20.542613015384628 ], [ -99.811800476923068, 20.5425308 ], [ -99.812298984615367, 20.542474246153819 ], [ -99.812913353846156, 20.542561723076926 ], [ -99.813306476923032, 20.542532769230778 ], [ -99.813641723076913, 20.542440846153852 ], [ -99.813890353846134, 20.542295107692354 ], [ -99.814214615384586, 20.541941199999989 ], [ -99.814529676923058, 20.541659630769274 ], [ -99.81518039999996, 20.54136743076922 ], [ -99.81540076923072, 20.541321215384642 ], [ -99.815756399999984, 20.541455076923093 ], [ -99.816122230769182, 20.541706338461573 ], [ -99.816438861538458, 20.541722923076904 ], [ -99.817004123076885, 20.541593769230754 ], [ -99.817405830769218, 20.541375015384631 ], [ -99.817778538461511, 20.541111230769243 ], [ -99.81818996923073, 20.54091955384613 ], [ -99.818448615384611, 20.540855076923094 ], [ -99.818678784615372, 20.540844953846147 ] ] ] ] } },
{ "type": "Feature", "properties": { "IDBD": 162640, "FC": 6291, "CONDICION": "CUERPO DE AGUA INTERMITENTE" }, "geometry": { "type": "MultiPolygon", "coordinates": [ [ [ [ -99.974893707692274, 20.539151353846123 ], [ -99.9745242, 20.538358338461517 ], [ -99.974697015384578, 20.53838446153847 ], [ -99.974860246153796, 20.538410661538496 ], [ -99.975013307692265, 20.538346553846154 ], [ -99.975243261538438, 20.538309107692275 ], [ -99.975396553846153, 20.538281138461564 ], [ -99.975597738461545, 20.538243876923122 ], [ -99.975837076923057, 20.538170246153864 ], [ -99.976009830769186, 20.538187338461547 ], [ -99.976125046153783, 20.538204769230774 ], [ -99.976221076923039, 20.53822229230774 ], [ -99.976336569230739, 20.538284892307697 ], [ -99.976366138461515, 20.538411215384585 ], [ -99.97627987692303, 20.53842073846155 ], [ -99.976126707692316, 20.538466769230823 ], [ -99.976021430769222, 20.538503507692329 ], [ -99.975926199999961, 20.538612461538456 ], [ -99.97585986153841, 20.538739323076953 ], [ -99.975870092307673, 20.538838661538474 ], [ -99.975803630769235, 20.538947461538498 ], [ -99.9757276461538, 20.539065338461509 ], [ -99.975651784615366, 20.539201292307709 ], [ -99.975556599999962, 20.539319292307727 ], [ -99.975547815384587, 20.539445830769282 ], [ -99.975510199999988, 20.539563492307703 ], [ -99.975463046153806, 20.53969024615385 ], [ -99.975454199999987, 20.539807753846183 ], [ -99.975368553846096, 20.539916661538467 ], [ -99.97529252307686, 20.54002550769232 ], [ -99.974893707692274, 20.539151353846123 ] ] ] ] } },
{ "type": "Feature", "properties": { "IDBD": 162672, "FC": 6291, "CONDICION": "CUERPO DE AGUA INTERMITENTE" }, "geometry": { "type": "MultiPolygon", "coordinates": [ [ [ [ -99.79200179999998, 20.535059692307673 ], [ -99.791977599999953, 20.534083969230743 ], [ -99.792285646153815, 20.534299415384623 ], [ -99.792401630769191, 20.534470553846145 ], [ -99.792556215384579, 20.534686707692302 ], [ -99.7926912, 20.534821615384612 ], [ -99.79287384615381, 20.534902107692321 ], [ -99.792980292307661, 20.5350823230769 ], [ -99.792923584615352, 20.535245230769206 ], [ -99.792578846153816, 20.53535523076923 ], [ -99.792377830769198, 20.53543746153845 ], [ -99.79217701538461, 20.535555846153798 ], [ -99.792014092307667, 20.535583692307707 ], [ -99.79200179999998, 20.535059692307673 ] ] ] ] } },
{ "type": "Feature", "properties": { "IDBD": 162706, "FC": 6291, "CONDICION": "CUERPO DE AGUA INTERMITENTE" }, "geometry": { "type": "MultiPolygon", "coordinates": [ [ [ [ -99.802208246153796, 20.533350246153855 ], [ -99.802224784615333, 20.532844184615396 ], [ -99.802407538461509, 20.532942723076921 ], [ -99.802686353846141, 20.533067938461535 ], [ -99.802811615384599, 20.533175784615405 ], [ -99.802745276923048, 20.533329692307699 ], [ -99.802592415384581, 20.533447861538498 ], [ -99.802468338461509, 20.533565892307703 ], [ -99.802334769230725, 20.533702046153824 ], [ -99.802181953846144, 20.53382924615385 ], [ -99.802208246153796, 20.533350246153855 ] ] ] ] } },
{ "type": "Feature", "properties": { "IDBD": 162764, "FC": 6291, "CONDICION": "CUERPO DE AGUA INTERMITENTE" }, "geometry": { "type": "MultiPolygon", "coordinates": [ [ [ [ -99.869550723076912, 20.531507676923084 ], [ -99.869444046153816, 20.531300399999953 ], [ -99.869423538461518, 20.531065584615376 ], [ -99.869384415384602, 20.530930246153815 ], [ -99.869393030769189, 20.530758538461551 ], [ -99.869392107692263, 20.530595907692305 ], [ -99.869439461538448, 20.530487246153847 ], [ -99.869563830769209, 20.5304324 ], [ -99.869727338461473, 20.530512907692298 ], [ -99.86985295384612, 20.530674907692283 ], [ -99.869997430769189, 20.53078260000002 ], [ -99.87033486153841, 20.531088123076913 ], [ -99.869875861538446, 20.531334369230748 ], [ -99.869550723076912, 20.531507676923084 ] ] ] ] } },
{ "type": "Feature", "properties": { "IDBD": 162784, "FC": 6291, "CONDICION": "CUERPO DE AGUA INTERMITENTE" }, "geometry": { "type": "MultiPolygon", "coordinates": [ [ [ [ -99.787426338461543, 20.527535892307693 ], [ -99.787541061538434, 20.527463092307709 ], [ -99.787456969230746, 20.527897184615352 ], [ -99.787534246153825, 20.528005246153832 ], [ -99.787688169230719, 20.528094907692338 ], [ -99.787919153846133, 20.52824746153847 ], [ -99.787939492307672, 20.528473261538494 ], [ -99.787911538461529, 20.528636030769221 ], [ -99.787768461538434, 20.5287902769231 ], [ -99.787567923076907, 20.528962861538474 ], [ -99.787128984615379, 20.52940760000001 ], [ -99.786917061538432, 20.529227846153837 ], [ -99.786512553846137, 20.528904400000016 ], [ -99.786798630769212, 20.528577830769226 ], [ -99.786960338461483, 20.528315061538432 ], [ -99.787160784615338, 20.52812441538461 ], [ -99.787226676923055, 20.527880153846208 ], [ -99.78731161538461, 20.527608707692298 ], [ -99.787426338461543, 20.527535892307693 ] ] ] ] } },
{ "type": "Feature", "properties": { "IDBD": 162840, "FC": 6291, "CONDICION": "CUERPO DE AGUA INTERMITENTE" }, "geometry": { "type": "MultiPolygon", "coordinates": [ [ [ [ -99.967840323076928, 20.52946 ], [ -99.96746623076919, 20.529453061538444 ], [ -99.967043046153805, 20.529265676923103 ], [ -99.966667861538454, 20.529087061538497 ], [ -99.966311246153808, 20.528808969230806 ], [ -99.966232876923016, 20.528547384615404 ], [ -99.966200861538439, 20.528032553846167 ], [ -99.966218861538422, 20.52784272307694 ], [ -99.966490061538437, 20.52826586153844 ], [ -99.966721938461518, 20.528535615384619 ], [ -99.966982261538419, 20.528751015384614 ], [ -99.96720392307688, 20.528921446153845 ], [ -99.967550846153799, 20.529181523076915 ], [ -99.967840323076928, 20.52946 ] ] ] ] } },
{ "type": "Feature", "properties": { "IDBD": 162853, "FC": 6291, "CONDICION": "CUERPO DE AGUA INTERMITENTE" }, "geometry": { "type": "MultiPolygon", "coordinates": [ [ [ [ -99.954211753846124, 20.527999553846108 ], [ -99.953702723076887, 20.527884892307696 ], [ -99.953219876923058, 20.5242554 ], [ -99.953634215384582, 20.524569353846147 ], [ -99.953768707692277, 20.524604753846184 ], [ -99.953836461538444, 20.524703769230747 ], [ -99.953808861538477, 20.524893661538464 ], [ -99.953886769230721, 20.52508296923072 ], [ -99.953973753846114, 20.525190907692284 ], [ -99.954013123076919, 20.525353323076899 ], [ -99.954120030769189, 20.525578615384575 ], [ -99.95417869230765, 20.525759 ], [ -99.954362923076914, 20.526083261538457 ], [ -99.954440892307645, 20.526281600000029 ], [ -99.954470492307678, 20.526416969230784 ], [ -99.954423661538428, 20.526597923076892 ], [ -99.954280538461504, 20.526716169230802 ], [ -99.954243461538425, 20.526924184615368 ], [ -99.954244461538423, 20.527086815384614 ], [ -99.954331953846122, 20.527276076923059 ], [ -99.954428876923046, 20.527438169230713 ], [ -99.954506446153829, 20.5275732769231 ], [ -99.954488276923058, 20.527736 ], [ -99.95431647692304, 20.527872476923086 ], [ -99.954211753846124, 20.527999553846108 ] ] ] ] } },
{ "type": "Feature", "properties": { "IDBD": 162923, "FC": 6291, "CONDICION": "CUERPO DE AGUA INTERMITENTE" }, "geometry": { "type": "MultiPolygon", "coordinates": [ [ [ [ -99.835239092307646, 20.522180107692314 ], [ -99.835239184615332, 20.52219818461543 ], [ -99.834980630769195, 20.52227170769233 ], [ -99.834760676923054, 20.522390230769236 ], [ -99.834702246153824, 20.522227876923093 ], [ -99.834701415384572, 20.522074276923085 ], [ -99.834729692307675, 20.521983784615426 ], [ -99.834825169230768, 20.521902015384658 ], [ -99.834921030769195, 20.521892507692325 ], [ -99.83500743076921, 20.521910169230804 ], [ -99.835084307692284, 20.521936907692318 ], [ -99.835209630769185, 20.522053753846119 ], [ -99.835239092307646, 20.522180107692314 ] ] ] ] } },
{ "type": "Feature", "properties": { "IDBD": 163053, "FC": 6291, "CONDICION": "CUERPO DE AGUA INTERMITENTE" }, "geometry": { "type": "MultiPolygon", "coordinates": [ [ [ [ -99.801476215384582, 20.512499753846164 ], [ -99.801295461538444, 20.510937446153871 ], [ -99.80182395384611, 20.511133784615332 ], [ -99.802112230769197, 20.511240876923125 ], [ -99.80256441538458, 20.511518892307702 ], [ -99.802728492307665, 20.51171690769231 ], [ -99.802836153846116, 20.512132046153834 ], [ -99.802866523076887, 20.512439107692273 ], [ -99.802781107692269, 20.512611184615405 ], [ -99.80265750769226, 20.512819569230743 ], [ -99.802495230769239, 20.512964876923085 ], [ -99.802361492307682, 20.513064892307725 ], [ -99.802199107692275, 20.513192138461545 ], [ -99.802007923076886, 20.513310476923088 ], [ -99.801874261538444, 20.513428569230747 ], [ -99.801616738461504, 20.513700815384635 ], [ -99.801476215384582, 20.512499753846164 ] ] ] ] } },
{ "type": "Feature", "properties": { "IDBD": 163078, "FC": 6292, "CONDICION": "CUERPO DE AGUA PERENNE" }, "geometry": { "type": "MultiPolygon", "coordinates": [ [ [ [ -99.911576316780184, 20.499999857472968 ], [ -99.911576515440387, 20.500000804625785 ], [ -99.911576676747373, 20.500001678742731 ], [ -99.911576711145187, 20.500003430942684 ], [ -99.911576399657292, 20.500005273256637 ], [ -99.911575750882989, 20.500007025465912 ], [ -99.911574787471963, 20.500008626398348 ], [ -99.911573543058296, 20.500010020162875 ], [ -99.911572061086289, 20.500011158101493 ], [ -99.911570393293658, 20.500012000487022 ], [ -99.911568597905671, 20.500012517910303 ], [ -99.911567632684566, 20.500012608396631 ], [ -99.911618046153762, 20.500571646153794 ], [ -99.911716030769142, 20.500923507692296 ], [ -99.911622384615356, 20.501303476923152 ], [ -99.911546953846184, 20.501520723076926 ], [ -99.911452184615399, 20.501710969230825 ], [ -99.911310107692259, 20.502009876923083 ], [ -99.911080276923045, 20.50206529230773 ], [ -99.910735230769177, 20.502094215384567 ], [ -99.910362046153764, 20.502231692307685 ], [ -99.910084430769174, 20.50231447692309 ], [ -99.909768784615366, 20.502451661538505 ], [ -99.909500599999959, 20.502507276923104 ], [ -99.909222676923065, 20.502535830769233 ], [ -99.908925399999958, 20.502537384615387 ], [ -99.908705169230771, 20.502592753846251 ], [ -99.908436984615392, 20.502648369230769 ], [ -99.90826533846149, 20.502811907692283 ], [ -99.908093846153804, 20.503002538461534 ], [ -99.90796038461535, 20.503138769230802 ], [ -99.907789861538475, 20.503492030769227 ], [ -99.907695076923076, 20.503682276923104 ], [ -99.907696199999947, 20.503872015384584 ], [ -99.907593584615356, 20.504360461538514 ], [ -99.907498969230801, 20.5045778 ], [ -99.907499923076884, 20.504740430769182 ], [ -99.907472123076872, 20.504903200000012 ], [ -99.907502, 20.50509280000005 ], [ -99.907503446153783, 20.505336738461512 ], [ -99.907332261538471, 20.505581584615371 ], [ -99.907189, 20.505681723076936 ], [ -99.9070161230769, 20.505637446153823 ], [ -99.906642138461521, 20.505639400000039 ], [ -99.906383323076838, 20.5056588307692 ], [ -99.906067246153796, 20.505723723076848 ], [ -99.905750569230804, 20.505689230769185 ], [ -99.904945369230731, 20.50574764615379 ], [ -99.904427907692252, 20.505813584615382 ], [ -99.904083261538474, 20.505914769230827 ], [ -99.903680876923062, 20.505980123076913 ], [ -99.903451199999978, 20.506062630769193 ], [ -99.903193553846123, 20.506280815384638 ], [ -99.902993553846159, 20.506516784615386 ], [ -99.90273653846144, 20.50684338461539 ], [ -99.902507861538453, 20.507097569230773 ], [ -99.902308384615381, 20.507423876923113 ], [ -99.902223830769188, 20.507722476923089 ], [ -99.901965384615352, 20.507805138461478 ], [ -99.901707353846064, 20.507960076923087 ], [ -99.901448907692242, 20.508042738461508 ], [ -99.901248846153777, 20.50826966153851 ], [ -99.900991307692237, 20.508505923076914 ], [ -99.900877969230791, 20.508804676923098 ], [ -99.900936676923067, 20.50900313846147 ], [ -99.900966707692248, 20.509219830769212 ], [ -99.90085306153847, 20.50946438461537 ], [ -99.900855123076852, 20.50981673846151 ], [ -99.900799476923098, 20.510142307692345 ], [ -99.900628292307658, 20.510387153846185 ], [ -99.900428323076881, 20.510632138461482 ], [ -99.900257292307657, 20.510904076923097 ], [ -99.900028876923059, 20.511203430769207 ], [ -99.899858, 20.511502492307695 ], [ -99.899744661538449, 20.511801246153823 ], [ -99.899631646153779, 20.5121542 ], [ -99.89957584615388, 20.512452661538525 ], [ -99.899491123076871, 20.512724153846225 ], [ -99.899463461538446, 20.512914046153782 ], [ -99.899522415384581, 20.513157692307701 ], [ -99.899523692307696, 20.513374523076877 ], [ -99.8994094, 20.513510646153787 ], [ -99.899382153846062, 20.513772815384623 ], [ -99.897758230769185, 20.51323007692309 ], [ -99.897162492307643, 20.513034369230798 ], [ -99.89502416923078, 20.5130906 ], [ -99.894955353846186, 20.51280181538457 ], [ -99.894858676923079, 20.512666784615373 ], [ -99.894799984615375, 20.512468307692316 ], [ -99.894712938461481, 20.512342261538478 ], [ -99.894606969230779, 20.51226149230768 ], [ -99.894423969230786, 20.512126907692299 ], [ -99.894260261538477, 20.512010292307686 ], [ -99.894135169230765, 20.511938661538501 ], [ -99.894000446153854, 20.511858030769186 ], [ -99.893501769230795, 20.5118606 ], [ -99.893328830769178, 20.511807276923133 ], [ -99.893251430769141, 20.511690215384611 ], [ -99.893298646153838, 20.511563476923111 ], [ -99.893471107692292, 20.511535492307701 ], [ -99.893596092307646, 20.511589046153823 ], [ -99.893759276923063, 20.511615323076942 ], [ -99.893826246153779, 20.511587861538526 ], [ -99.89395003076919, 20.511433630769215 ], [ -99.89399746153849, 20.511343030769218 ], [ -99.894044723076846, 20.511225323076879 ], [ -99.894188307692275, 20.511179415384593 ], [ -99.894284153846172, 20.51116987692312 ], [ -99.89444687692307, 20.511114830769234 ], [ -99.894571276923074, 20.511069015384578 ], [ -99.894772461538508, 20.511031830769173 ], [ -99.894945538461457, 20.511112261538504 ], [ -99.895080015384579, 20.511147707692295 ], [ -99.895253369230744, 20.511273307692299 ], [ -99.895426615384565, 20.511380846153799 ], [ -99.895580415384586, 20.511443292307675 ], [ -99.895772169230767, 20.511433276923107 ], [ -99.895944523076878, 20.5113872 ], [ -99.89606872307688, 20.511305246153814 ], [ -99.896144646153786, 20.511169323076885 ], [ -99.896201399999981, 20.511033492307746 ], [ -99.896285815384573, 20.510707784615391 ], [ -99.896370399999938, 20.51040918461544 ], [ -99.896484046153788, 20.510164646153807 ], [ -99.896684492307685, 20.510000984615399 ], [ -99.896741092307707, 20.509838046153799 ], [ -99.896739815384578, 20.509621215384595 ], [ -99.896709323076877, 20.5093232 ], [ -99.8967362, 20.508997784615406 ], [ -99.896849215384563, 20.508644830769196 ], [ -99.896876092307707, 20.508319415384598 ], [ -99.896817138461486, 20.508075769230821 ], [ -99.896671553846076, 20.507778353846231 ], [ -99.896354307692278, 20.507644461538476 ], [ -99.896209984615368, 20.507563892307704 ], [ -99.896123046153804, 20.507455923076879 ], [ -99.896352738461474, 20.507373415384578 ], [ -99.89675533846146, 20.507344230769192 ], [ -99.897128384615399, 20.507179661538537 ], [ -99.897472353846183, 20.506961030769183 ], [ -99.897701553846176, 20.506797215384598 ], [ -99.89781569230766, 20.506633984615409 ], [ -99.897871953846092, 20.506416846153808 ], [ -99.897898830769165, 20.506091446153839 ], [ -99.898012492307686, 20.505846892307712 ], [ -99.898470892307657, 20.505519261538549 ], [ -99.898642399999972, 20.505328630769224 ], [ -99.898956630769163, 20.504947507692261 ], [ -99.899242261538447, 20.504593661538536 ], [ -99.899440953846167, 20.504131830769211 ], [ -99.89958226153847, 20.503697399999965 ], [ -99.899781430769181, 20.503316876923098 ], [ -99.900066584615374, 20.502881707692278 ], [ -99.900381292307657, 20.502581907692306 ], [ -99.900754169230765, 20.502390230769198 ], [ -99.901012923076891, 20.502361784615399 ], [ -99.901214138461469, 20.502333630769176 ], [ -99.901358769230782, 20.502468415384605 ], [ -99.901560615384582, 20.502548692307727 ], [ -99.901818892307659, 20.502438923076951 ], [ -99.901934292307658, 20.502492538461464 ], [ -99.902059584615387, 20.502600307692287 ], [ -99.902280769230771, 20.502707584615422 ], [ -99.90253889230766, 20.502570707692261 ], [ -99.902825615384558, 20.502406584615418 ], [ -99.903025092307658, 20.502080276923078 ], [ -99.903023184615392, 20.501755015384578 ], [ -99.902848046153792, 20.501322230769208 ], [ -99.90278859999998, 20.500997261538487 ], [ -99.902960723076873, 20.500915046153807 ], [ -99.903134446153771, 20.501103892307711 ], [ -99.903307846153851, 20.501238523076882 ], [ -99.903452646153866, 20.501400400000033 ], [ -99.903739676923038, 20.501290476923081 ], [ -99.903911184615367, 20.501099846153835 ], [ -99.904111276923118, 20.500881953846203 ], [ -99.904253846153779, 20.500664369230805 ], [ -99.904396092307664, 20.50039256923078 ], [ -99.904624969230738, 20.500174523076904 ], [ -99.904761451310591, 20.500009771389173 ], [ -99.904760721188183, 20.500009171007751 ], [ -99.904759477821202, 20.500007652179718 ], [ -99.904758555091078, 20.500005919733621 ], [ -99.904757988548781, 20.500004040417295 ], [ -99.904757800022182, 20.500002086636908 ], [ -99.904757996774663, 20.500000133667768 ], [ -99.904758571225756, 20.499998256753781 ], [ -99.904759501243163, 20.499996528208818 ], [ -99.904760410861158, 20.499995426567519 ], [ -99.904761292960572, 20.499994572782921 ], [ -99.904761962301336, 20.499994027090423 ], [ -99.904763038806962, 20.49999336807987 ], [ -99.90476376713228, 20.499992982047683 ], [ -99.904765620845637, 20.499992348015709 ], [ -99.904767800859887, 20.499992107692265 ], [ -99.904792186404975, 20.499992109789179 ], [ -99.905169584615379, 20.499837384615425 ], [ -99.905466538461482, 20.499781615384641 ], [ -99.905715538461479, 20.499726107692297 ], [ -99.905926169230767, 20.4996708 ], [ -99.906098615384536, 20.4996428 ], [ -99.906203784615386, 20.4995880307692 ], [ -99.906317953846184, 20.499433830769206 ], [ -99.906460830769149, 20.499270461538551 ], [ -99.906526923076868, 20.499098446153855 ], [ -99.906659923076859, 20.498880892307692 ], [ -99.906696876923078, 20.498645784615352 ], [ -99.906686123076838, 20.498447061538464 ], [ -99.906656276923073, 20.498266523076904 ], [ -99.906626692307682, 20.498122107692293 ], [ -99.906568492307656, 20.498013984615408 ], [ -99.906567723076918, 20.49787846153853 ], [ -99.906595215384556, 20.497661461538474 ], [ -99.906574599999985, 20.497417615384578 ], [ -99.906487323076874, 20.497255446153808 ], [ -99.906419, 20.497047984615396 ], [ -99.906312553846064, 20.49688590769231 ], [ -99.906282815384586, 20.496723430769158 ], [ -99.906243615384568, 20.496579061538529 ], [ -99.906164846153771, 20.496227092307695 ], [ -99.906067030769179, 20.495902338461541 ], [ -99.905930723076864, 20.495550676923092 ], [ -99.90578530769227, 20.495280369230795 ], [ -99.905726492307664, 20.495063830769162 ], [ -99.905715953846169, 20.49490124615382 ], [ -99.90574396923077, 20.494774615384596 ], [ -99.905656661538501, 20.494603400000045 ], [ -99.905521307692283, 20.494414353846203 ], [ -99.90537636923078, 20.494225369230794 ], [ -99.905222046153881, 20.494072569230809 ], [ -99.905116092307694, 20.493991815384579 ], [ -99.904886061538463, 20.494011076923091 ], [ -99.904616830769186, 20.493885984615421 ], [ -99.904444184615386, 20.493877846153765 ], [ -99.904252246153789, 20.493851738461533 ], [ -99.904280430769191, 20.493752215384585 ], [ -99.904395123076881, 20.493688369230828 ], [ -99.904452076923079, 20.493588676923114 ], [ -99.904538153846076, 20.493552092307684 ], [ -99.904672461538496, 20.493560430769186 ], [ -99.904845, 20.493550492307669 ], [ -99.904930876923089, 20.493477753846182 ], [ -99.904930076923065, 20.493342230769187 ], [ -99.90487158461535, 20.493179907692266 ], [ -99.904841707692242, 20.492990323076878 ], [ -99.904763892307656, 20.492800984615407 ], [ -99.904733538461457, 20.492530076923131 ], [ -99.904752184615376, 20.492439630769251 ], [ -99.904808923076885, 20.492303800000034 ], [ -99.904846630769171, 20.492195184615408 ], [ -99.904874292307682, 20.492005292307717 ], [ -99.904919584615342, 20.491553292307682 ], [ -99.905014676923074, 20.491417276923105 ], [ -99.905061769230798, 20.491272461538458 ], [ -99.905127830769189, 20.491091415384606 ], [ -99.905271015384557, 20.490982246153784 ], [ -99.905376123076891, 20.490918446153792 ], [ -99.905519, 20.490755061538518 ], [ -99.905786092307679, 20.490518753846221 ], [ -99.90629153846146, 20.490046276923067 ], [ -99.906434615384555, 20.489919030769219 ], [ -99.906490876923073, 20.489701892307696 ], [ -99.906547276923106, 20.489511861538517 ], [ -99.90669056923079, 20.489420753846201 ], [ -99.90671839999996, 20.489257984615435 ], [ -99.906584046153867, 20.489240615384613 ], [ -99.906469307692277, 20.489295415384635 ], [ -99.906383015384606, 20.48929586153853 ], [ -99.906372615384569, 20.4891604 ], [ -99.90645781538457, 20.4889702 ], [ -99.906629907692263, 20.488887984615442 ], [ -99.906774015384585, 20.488932415384646 ], [ -99.906947292307692, 20.489048969230822 ], [ -99.907072538461506, 20.48914770769229 ], [ -99.907245615384568, 20.489228123076888 ], [ -99.907332415384559, 20.489318015384566 ], [ -99.907409461538492, 20.48937183076918 ], [ -99.907496169230797, 20.489443661538527 ], [ -99.907620676923045, 20.489415907692322 ], [ -99.907763753846154, 20.48928866153852 ], [ -99.907954846153757, 20.4891702 ], [ -99.908135738461482, 20.4889524 ], [ -99.908307215384539, 20.488761769230784 ], [ -99.908469153846141, 20.488580215384602 ], [ -99.908582892307692, 20.48835373846148 ], [ -99.908782538461466, 20.4880635692308 ], [ -99.908877307692279, 20.487873323076915 ], [ -99.909010692307703, 20.48772806153854 ], [ -99.909182153846174, 20.487537430769223 ], [ -99.909325830769205, 20.487509569230806 ], [ -99.909498723076879, 20.487562876923111 ], [ -99.90964263076917, 20.487571153846186 ], [ -99.909852769230753, 20.487434523076953 ], [ -99.90996733846147, 20.48735260000003 ], [ -99.910053815384543, 20.487379261538525 ], [ -99.9105444, 20.487647753846201 ], [ -99.910717599999984, 20.487746230769197 ], [ -99.910891307692268, 20.487935061538511 ], [ -99.910968584615389, 20.488034046153807 ], [ -99.911036230769184, 20.488124046153846 ], [ -99.911152323076863, 20.488295107692309 ], [ -99.911325984615345, 20.488474892307675 ], [ -99.911461646153754, 20.488718138461508 ], [ -99.911616676923103, 20.488988384615425 ], [ -99.911780692307687, 20.489159199999978 ], [ -99.91196410769227, 20.489366046153794 ], [ -99.912272230769204, 20.489581276923094 ], [ -99.912531907692269, 20.489715446153799 ], [ -99.91276267692308, 20.489822646153769 ], [ -99.913032015384545, 20.489965799999943 ], [ -99.9133201076923, 20.490036569230824 ], [ -99.913579538461491, 20.490125553846191 ], [ -99.913915230769149, 20.490141861538529 ], [ -99.914154830769164, 20.490122523076906 ], [ -99.914355861538468, 20.490067261538513 ], [ -99.914576046153869, 20.490002861538507 ], [ -99.914757784615389, 20.489929615384582 ], [ -99.914920415384557, 20.489865507692308 ], [ -99.91513152307688, 20.48989150769231 ], [ -99.915323953846183, 20.489998907692307 ], [ -99.9154402, 20.490197076923092 ], [ -99.915537369230776, 20.490413415384587 ], [ -99.915598276923063, 20.490982323076889 ], [ -99.91561906153845, 20.491253261538471 ], [ -99.915591584615385, 20.491470261538495 ], [ -99.915516015384583, 20.4916604 ], [ -99.91547844615377, 20.491796123076899 ], [ -99.915450769230787, 20.491976984615398 ], [ -99.915510553846175, 20.492356138461485 ], [ -99.915492169230788, 20.49249176923081 ], [ -99.915377492307655, 20.492555630769232 ], [ -99.915310353846166, 20.492555984615382 ], [ -99.91487823076919, 20.492449830769189 ], [ -99.914841738461462, 20.492766261538517 ], [ -99.914796538461502, 20.493227292307672 ], [ -99.914566723076874, 20.493282723076895 ], [ -99.914173815384615, 20.493320923076904 ], [ -99.913972261538504, 20.493294892307723 ], [ -99.913742, 20.493268984615415 ], [ -99.913512138461471, 20.493315369230807 ], [ -99.913272569230784, 20.49334373846149 ], [ -99.912956307692284, 20.4933725076923 ], [ -99.91262107692306, 20.493437523076896 ], [ -99.912324415384575, 20.493538461538499 ], [ -99.912037276923058, 20.493630323076918 ], [ -99.911730753846143, 20.493686153846234 ], [ -99.911501215384561, 20.493786738461534 ], [ -99.911300061538455, 20.493823938461492 ], [ -99.911147230769174, 20.493924123076898 ], [ -99.910975, 20.493988276923115 ], [ -99.910841676923042, 20.494142584615439 ], [ -99.910804476923076, 20.494341553846162 ], [ -99.910815153846173, 20.494522199999981 ], [ -99.910844923076866, 20.494693723076885 ], [ -99.910922369230803, 20.4948198 ], [ -99.910980723076875, 20.494955030769219 ], [ -99.911067876923056, 20.495099138461498 ], [ -99.911183907692305, 20.495261169230815 ], [ -99.911280753846199, 20.495423292307734 ], [ -99.911454738461472, 20.495657292307719 ], [ -99.911590261538478, 20.495873430769187 ], [ -99.911649061538441, 20.496089969230841 ], [ -99.911621969230779, 20.496370200000033 ], [ -99.911594646153773, 20.496614307692315 ], [ -99.911548076923054, 20.496849461538496 ], [ -99.911492030769168, 20.497102753846185 ], [ -99.911407353846201, 20.497374246153832 ], [ -99.911350938461482, 20.497564292307722 ], [ -99.911313876923074, 20.4977813384615 ], [ -99.911286476923081, 20.498016399999983 ], [ -99.911325707692285, 20.498160753846189 ], [ -99.911355415384577, 20.498323230769209 ], [ -99.911385323076871, 20.498512815384597 ], [ -99.911435292307658, 20.498855892307702 ], [ -99.911467415384593, 20.499424953846201 ], [ -99.911497630769134, 20.499668753846187 ], [ -99.911508076923084, 20.499813261538513 ], [ -99.911563641651981, 20.499992692041438 ], [ -99.911566739321373, 20.499992692307693 ], [ -99.911568579723763, 20.499992863281612 ], [ -99.911570357222772, 20.4999933700458 ], [ -99.911572011093654, 20.499994195287613 ], [ -99.91157348483496, 20.499995310814189 ], [ -99.911574728098969, 20.499996678515817 ], [ -99.91157569841198, 20.499998251667304 ], [ -99.911576316780184, 20.499999857472968 ] ] ] ] } },
{ "type": "Feature", "properties": { "IDBD": 163111, "FC": 6291, "CONDICION": "CUERPO DE AGUA INTERMITENTE" }, "geometry": { "type": "MultiPolygon", "coordinates": [ [ [ [ -99.787826046153825, 20.506300646153871 ], [ -99.788037261538435, 20.506344861538466 ], [ -99.78822946153845, 20.506425307692322 ], [ -99.788797815384584, 20.506919676923122 ], [ -99.789116599999971, 20.50737 ], [ -99.789232923076923, 20.507613430769251 ], [ -99.789291384615353, 20.507793876923067 ], [ -99.789273092307667, 20.507965630769245 ], [ -99.789015923076889, 20.508310153846139 ], [ -99.788566846153799, 20.508637476923106 ], [ -99.788099615384596, 20.509163661538512 ], [ -99.787871615384603, 20.507709969230763 ], [ -99.787826046153825, 20.506300646153871 ] ] ] ] } },
{ "type": "Feature", "properties": { "IDBD": 163148, "FC": 6291, "CONDICION": "CUERPO DE AGUA INTERMITENTE" }, "geometry": { "type": "MultiPolygon", "coordinates": [ [ [ [ -99.815665538461474, 20.5062082 ], [ -99.816097615384606, 20.506305553846129 ], [ -99.816346846153849, 20.506286307692307 ], [ -99.816375615384601, 20.506286184615405 ], [ -99.81665458461535, 20.506447507692311 ], [ -99.816732353846106, 20.506645923076931 ], [ -99.816685323076882, 20.50681781538464 ], [ -99.8166759230769, 20.506854 ], [ -99.816513461538449, 20.506963184615458 ], [ -99.816360461538437, 20.507045230769226 ], [ -99.816245861538434, 20.507136123076883 ], [ -99.816102399999977, 20.507209076923054 ], [ -99.815958984615335, 20.507291076923089 ], [ -99.815890553846117, 20.50704744615383 ], [ -99.815665538461474, 20.5062082 ] ] ] ] } },
{ "type": "Feature", "properties": { "IDBD": 163149, "FC": 6291, "CONDICION": "CUERPO DE AGUA INTERMITENTE" }, "geometry": { "type": "MultiPolygon", "coordinates": [ [ [ [ -99.812770953846154, 20.506510907692295 ], [ -99.812866230769217, 20.506393 ], [ -99.813047815384579, 20.506274692307695 ], [ -99.813057738461524, 20.506337892307702 ], [ -99.813077723076916, 20.50649139999998 ], [ -99.813116892307647, 20.506644815384604 ], [ -99.813011938461528, 20.50674470769232 ], [ -99.812868753846132, 20.5068718769231 ], [ -99.81265, 20.507216246153863 ], [ -99.812590507692306, 20.506846061538411 ], [ -99.812656492307667, 20.506628907692335 ], [ -99.812770953846154, 20.506510907692295 ] ] ] ] } },
{ "type": "Feature", "properties": { "IDBD": 163167, "FC": 6291, "CONDICION": "CUERPO DE AGUA INTERMITENTE" }, "geometry": { "type": "MultiPolygon", "coordinates": [ [ [ [ -99.861618276923039, 20.505751261538453 ], [ -99.86185, 20.506030215384634 ], [ -99.861918184615334, 20.506219615384602 ], [ -99.861880692307679, 20.506373400000012 ], [ -99.861766523076923, 20.506536615384611 ], [ -99.861633015384598, 20.506672799999969 ], [ -99.861422246153808, 20.50670998461537 ], [ -99.861172923076907, 20.506711230769262 ], [ -99.861618276923039, 20.505751261538453 ] ] ] ] } },
{ "type": "Feature", "properties": { "IDBD": 163170, "FC": 6291, "CONDICION": "CUERPO DE AGUA INTERMITENTE" }, "geometry": { "type": "MultiPolygon", "coordinates": [ [ [ [ -99.819411799999941, 20.505558076923094 ], [ -99.819391261538399, 20.505305169230795 ], [ -99.819861984615358, 20.505456553846145 ], [ -99.819987030769198, 20.50552824615383 ], [ -99.819939753846128, 20.505654969230797 ], [ -99.819873353846134, 20.505790815384621 ], [ -99.819653692307668, 20.505963523076954 ], [ -99.819452846153808, 20.506063861538475 ], [ -99.819411799999941, 20.505558076923094 ] ] ] ] } },
{ "type": "Feature", "properties": { "IDBD": 163191, "FC": 6291, "CONDICION": "CUERPO DE AGUA INTERMITENTE" }, "geometry": { "type": "MultiPolygon", "coordinates": [ [ [ [ -99.783625384615362, 20.504377015384627 ], [ -99.783270569230751, 20.504378615384589 ], [ -99.783440338461517, 20.503817646153809 ], [ -99.783506353846107, 20.503600492307722 ], [ -99.783534169230748, 20.503410630769189 ], [ -99.783638830769206, 20.503247507692283 ], [ -99.783820384615353, 20.5031202 ], [ -99.784040492307668, 20.503028846153871 ], [ -99.784241369230742, 20.502928553846168 ], [ -99.784471476923031, 20.502918476923092 ], [ -99.784672907692311, 20.5029266 ], [ -99.784903015384586, 20.502916523076919 ], [ -99.785104569230739, 20.502951753846137 ], [ -99.785248969230764, 20.503059523076924 ], [ -99.785374276923065, 20.503185461538408 ], [ -99.785538323076906, 20.50338349230768 ], [ -99.785338184615355, 20.503628369230775 ], [ -99.785080323076912, 20.503837338461562 ], [ -99.784764676923061, 20.504001415384607 ], [ -99.78440110769229, 20.504165692307701 ], [ -99.784075646153795, 20.504284630769181 ], [ -99.783740415384614, 20.504367461538475 ], [ -99.783625384615362, 20.504377015384627 ] ] ] ] } },
{ "type": "Feature", "properties": { "IDBD": 163229, "FC": 6291, "CONDICION": "CUERPO DE AGUA INTERMITENTE" }, "geometry": { "type": "MultiPolygon", "coordinates": [ [ [ [ -99.87081821538456, 20.502922461538496 ], [ -99.87087723076921, 20.503184184615368 ], [ -99.870877384615326, 20.503211292307675 ], [ -99.870868707692281, 20.503373969230754 ], [ -99.870764138461524, 20.503537138461549 ], [ -99.870563061538419, 20.503592353846155 ], [ -99.870351953846125, 20.503566307692328 ], [ -99.870044369230754, 20.503441353846121 ], [ -99.87081821538456, 20.502922461538496 ] ] ] ] } },
{ "type": "Feature", "properties": { "IDBD": 163249, "FC": 6291, "CONDICION": "CUERPO DE AGUA INTERMITENTE" }, "geometry": { "type": "MultiPolygon", "coordinates": [ [ [ [ -99.936889661538444, 20.502695923076903 ], [ -99.938480215384573, 20.502479523076961 ], [ -99.938367015384614, 20.502787338461548 ], [ -99.938167292307639, 20.503059476923109 ], [ -99.9379092, 20.5031964 ], [ -99.937755938461549, 20.503224338461546 ], [ -99.937621861538403, 20.503252153846137 ], [ -99.937304692307649, 20.503136415384631 ], [ -99.936889661538444, 20.502695923076903 ] ] ] ] } },
{ "type": "Feature", "properties": { "IDBD": 163250, "FC": 6291, "CONDICION": "CUERPO DE AGUA INTERMITENTE" }, "geometry": { "type": "MultiPolygon", "coordinates": [ [ [ [ -99.78510908294335, 20.500007388708738 ], [ -99.785108621602603, 20.500009418942135 ], [ -99.785107749864565, 20.500011309644492 ], [ -99.785106505516481, 20.50001297886002 ], [ -99.785105142241378, 20.500014178468895 ], [ -99.785301923076887, 20.500276353846189 ], [ -99.785331523076877, 20.500438846153799 ], [ -99.785361215384555, 20.500619430769181 ], [ -99.785304446153788, 20.500773292307713 ], [ -99.78526683076916, 20.500918030769192 ], [ -99.785335061538461, 20.501134569230828 ], [ -99.783885292307644, 20.500797769230772 ], [ -99.784228630769178, 20.500425769230798 ], [ -99.784246615384575, 20.500190753846208 ], [ -99.78439285596788, 20.500008093307397 ], [ -99.784391994092061, 20.500007382361915 ], [ -99.784390762323781, 20.500005878924213 ], [ -99.784389844645958, 20.500004165609901 ], [ -99.784389275724692, 20.500002307141028 ], [ -99.784389077051287, 20.5000003737225 ], [ -99.784389059130973, 20.499996835387609 ], [ -99.784391270573551, 20.499994073204299 ], [ -99.784392521760893, 20.499992771266001 ], [ -99.784393986679959, 20.499991715555542 ], [ -99.784395617567156, 20.499990940494296 ], [ -99.784397361247159, 20.499990471353403 ], [ -99.784399026334683, 20.499990334487503 ], [ -99.784397292307673, 20.499647953846232 ], [ -99.784511907692291, 20.499557076923125 ], [ -99.784828353846152, 20.499555646153802 ], [ -99.78497266153849, 20.499645353846169 ], [ -99.785040153846168, 20.499717323076922 ], [ -99.785117553846078, 20.499852507692335 ], [ -99.785100337755296, 20.499996310992717 ], [ -99.785101063070272, 20.499996383948705 ], [ -99.78510282409826, 20.499996897890082 ], [ -99.785104461609336, 20.499997724880568 ], [ -99.785105920495241, 20.499998837088985 ], [ -99.785107151659361, 20.50000019708553 ], [ -99.785109559809982, 20.500003405516697 ], [ -99.78510908294335, 20.500007388708738 ] ] ] ] } },
{ "type": "Feature", "properties": { "IDBD": 163281, "FC": 6291, "CONDICION": "CUERPO DE AGUA INTERMITENTE" }, "geometry": { "type": "MultiPolygon", "coordinates": [ [ [ [ -99.812850138461528, 20.499706830769249 ], [ -99.81279150769231, 20.499499276923071 ], [ -99.812973707692308, 20.499498430769211 ], [ -99.813030861538451, 20.499425876923095 ], [ -99.813221892307652, 20.499280415384604 ], [ -99.813394538461537, 20.499288646153826 ], [ -99.813433138461477, 20.499333646153829 ], [ -99.813395353846133, 20.49944224615389 ], [ -99.813338384615378, 20.499550938461542 ], [ -99.813262107692267, 20.499632615384606 ], [ -99.813262538461501, 20.499713923076882 ], [ -99.81343552307689, 20.4997854 ], [ -99.813464476923045, 20.499821415384641 ], [ -99.813388046153847, 20.499875984615432 ], [ -99.813254230769175, 20.499957923076924 ], [ -99.813081523076917, 20.499940661538464 ], [ -99.8129186, 20.499959492307706 ], [ -99.812850138461528, 20.499706830769249 ] ] ] ] } },
{ "type": "Feature", "properties": { "IDBD": 163332, "FC": 6291, "CONDICION": "CUERPO DE AGUA INTERMITENTE" }, "geometry": { "type": "MultiPolygon", "coordinates": [ [ [ [ -99.782555476923051, 20.495752907692335 ], [ -99.781045738461486, 20.496816861538449 ], [ -99.780948876923063, 20.496627553846178 ], [ -99.780687723076895, 20.496185984615405 ], [ -99.780638399999972, 20.495915138461548 ], [ -99.780608538461493, 20.495698415384588 ], [ -99.780636123076903, 20.495463369230787 ], [ -99.780548676923075, 20.495237876923046 ], [ -99.780653107692302, 20.495029584615367 ], [ -99.780796338461499, 20.494911492307693 ], [ -99.780920769230718, 20.494865753846156 ], [ -99.781093738461507, 20.49493726153845 ], [ -99.781429969230729, 20.495053199999983 ], [ -99.78154539999997, 20.495124969230787 ], [ -99.781756538461494, 20.495160153846186 ], [ -99.782063538461529, 20.495185892307717 ], [ -99.782208061538412, 20.495320769230727 ], [ -99.782295138461535, 20.495473984615387 ], [ -99.782420538461523, 20.495617984615432 ], [ -99.782555476923051, 20.495752907692335 ] ] ] ] } },
{ "type": "Feature", "properties": { "IDBD": 163363, "FC": 6291, "CONDICION": "CUERPO DE AGUA INTERMITENTE" }, "geometry": { "type": "MultiPolygon", "coordinates": [ [ [ [ -99.961836415384568, 20.495701784615367 ], [ -99.961962030769214, 20.495854692307677 ], [ -99.962058615384606, 20.495962569230787 ], [ -99.962145415384612, 20.49604341538463 ], [ -99.962136492307664, 20.496151876923083 ], [ -99.962108738461495, 20.496314676923095 ], [ -99.962080646153836, 20.496423246153814 ], [ -99.961994630769183, 20.496468907692314 ], [ -99.9619474307692, 20.496586615384594 ], [ -99.96188110769225, 20.496713476923098 ], [ -99.961767769230747, 20.496994200000049 ], [ -99.96162455384615, 20.497094384615394 ], [ -99.961575661538433, 20.496941046153847 ], [ -99.96145798461535, 20.496526076923079 ], [ -99.961389261538415, 20.496264446153866 ], [ -99.961388, 20.496065676923102 ], [ -99.961444353846147, 20.495875630769245 ], [ -99.961530323076886, 20.495820938461549 ], [ -99.961836415384568, 20.495701784615367 ] ] ] ] } },
{ "type": "Feature", "properties": { "IDBD": 163375, "FC": 6291, "CONDICION": "CUERPO DE AGUA INTERMITENTE" }, "geometry": { "type": "MultiPolygon", "coordinates": [ [ [ [ -99.916423230769226, 20.492649492307688 ], [ -99.916441938461489, 20.492568076923035 ], [ -99.916497107692265, 20.492170230769275 ], [ -99.916552969230736, 20.491889846153857 ], [ -99.916493553846109, 20.491573923076889 ], [ -99.916597523076888, 20.491320384615381 ], [ -99.916691384615362, 20.490976553846174 ], [ -99.916746923076886, 20.490641953846126 ], [ -99.916821892307667, 20.490352430769249 ], [ -99.916714676923064, 20.490054830769257 ], [ -99.916684292307664, 20.489783923076942 ], [ -99.916759230769188, 20.489485369230799 ], [ -99.916795107692295, 20.489069553846164 ], [ -99.916879476923043, 20.488743830769238 ], [ -99.916935076923068, 20.488418276923099 ], [ -99.917009846153803, 20.488092615384609 ], [ -99.917065599999958, 20.487794153846149 ], [ -99.917092584615347, 20.487495846153845 ], [ -99.9170718, 20.48722489230768 ], [ -99.917118353846149, 20.486989723076942 ], [ -99.917261323076914, 20.486844415384617 ], [ -99.917547569230763, 20.486607984615372 ], [ -99.917862953846097, 20.486434646153867 ], [ -99.918063723076898, 20.486334184615391 ], [ -99.918160199999988, 20.486433076923113 ], [ -99.918132246153817, 20.486568753846175 ], [ -99.918008292307675, 20.486686861538463 ], [ -99.917845892307653, 20.486787107692269 ], [ -99.917760230769218, 20.486895984615408 ], [ -99.917761015384585, 20.487031507692311 ], [ -99.917809338461524, 20.48709450769228 ], [ -99.917962276923092, 20.487012369230751 ], [ -99.918191599999957, 20.486875630769198 ], [ -99.91835427692304, 20.486820569230744 ], [ -99.918498261538403, 20.486846907692296 ], [ -99.918680384615328, 20.486836907692297 ], [ -99.9187959384615, 20.486917615384613 ], [ -99.918844661538429, 20.487052892307695 ], [ -99.91871093846153, 20.487134907692315 ], [ -99.918586938461516, 20.487243984615379 ], [ -99.918300569230752, 20.487462353846151 ], [ -99.918186538461484, 20.487634630769225 ], [ -99.918197015384578, 20.487788169230804 ], [ -99.918256553846106, 20.488122169230738 ], [ -99.918248892307687, 20.488447476923092 ], [ -99.918173753846148, 20.488709892307714 ], [ -99.918165184615361, 20.488881615384607 ], [ -99.918089723076918, 20.489089815384617 ], [ -99.917994692307673, 20.489234892307703 ], [ -99.917881230769197, 20.489506553846173 ], [ -99.917806738461493, 20.489877384615429 ], [ -99.917608769230768, 20.490447661538486 ], [ -99.917524615384579, 20.490809523076948 ], [ -99.917468492307677, 20.491044723076932 ], [ -99.91743115384611, 20.491216600000012 ], [ -99.91749087692304, 20.491586723076885 ], [ -99.917550076923035, 20.491866507692322 ], [ -99.917609215384573, 20.492137261538428 ], [ -99.917784553846133, 20.492597138461573 ], [ -99.917911569230739, 20.492994015384607 ], [ -99.918018723076898, 20.493273538461551 ], [ -99.918320923076877, 20.494103184615362 ], [ -99.918370384615372, 20.494355923076935 ], [ -99.918498430769191, 20.494924461538428 ], [ -99.918576584615352, 20.495168 ], [ -99.91852978461533, 20.495358 ], [ -99.918291676923033, 20.495630307692309 ], [ -99.918090476923027, 20.495658476923055 ], [ -99.917984338461466, 20.495550615384612 ], [ -99.917859353846112, 20.495497061538437 ], [ -99.917744307692288, 20.495497676923094 ], [ -99.917542876923065, 20.49548970769235 ], [ -99.917311830769179, 20.495337323076914 ], [ -99.917109169230756, 20.495121553846147 ], [ -99.916878015384569, 20.494951092307698 ], [ -99.916674938461483, 20.494663046153878 ], [ -99.916413938461531, 20.494312046153823 ], [ -99.916124123076898, 20.493952153846159 ], [ -99.915950138461511, 20.493718153846128 ], [ -99.915785692307651, 20.493475076923055 ], [ -99.916042923076887, 20.493193615384602 ], [ -99.916233276923037, 20.492957707692284 ], [ -99.91640486153841, 20.492785123076949 ], [ -99.916423230769226, 20.492649492307688 ] ] ] ] } },
{ "type": "Feature", "properties": { "IDBD": 163416, "FC": 6291, "CONDICION": "CUERPO DE AGUA INTERMITENTE" }, "geometry": { "type": "MultiPolygon", "coordinates": [ [ [ [ -99.930112030769223, 20.490345015384641 ], [ -99.930314123076926, 20.490470430769193 ], [ -99.930731461538457, 20.491299430769228 ], [ -99.931031384615366, 20.491740553846132 ], [ -99.931255246153825, 20.492290507692339 ], [ -99.931332661538434, 20.492407553846199 ], [ -99.931756861538432, 20.492784753846163 ], [ -99.931853938461515, 20.492983015384628 ], [ -99.931768953846131, 20.493200307692319 ], [ -99.931693384615343, 20.493390461538475 ], [ -99.931522446153821, 20.493662430769223 ], [ -99.931198384615371, 20.493989446153883 ], [ -99.930710384615367, 20.494163723076948 ], [ -99.930441861538441, 20.49415613846157 ], [ -99.928461399999961, 20.493308384615332 ], [ -99.928527246153834, 20.493100215384576 ], [ -99.928631646153804, 20.492918953846175 ], [ -99.928811538461474, 20.49253850769227 ], [ -99.92932361538459, 20.491587061538439 ], [ -99.92994844615383, 20.490255538461575 ], [ -99.930112030769223, 20.490345015384641 ] ] ] ] } },
{ "type": "Feature", "properties": { "IDBD": 163460, "FC": 6291, "CONDICION": "CUERPO DE AGUA INTERMITENTE" }, "geometry": { "type": "MultiPolygon", "coordinates": [ [ [ [ -99.921771569230756, 20.485844723076905 ], [ -99.921886923076897, 20.485889292307689 ], [ -99.921973707692274, 20.485970138461536 ], [ -99.921974246153823, 20.486060492307697 ], [ -99.922023584615374, 20.486295153846143 ], [ -99.922101476923032, 20.486493507692344 ], [ -99.922226492307672, 20.486556092307687 ], [ -99.922332076923041, 20.486573599999961 ], [ -99.922399630769192, 20.486645523076909 ], [ -99.922409815384569, 20.486744861538437 ], [ -99.922487076923062, 20.4868348 ], [ -99.9225832, 20.486879476923075 ], [ -99.9227082, 20.486933015384629 ], [ -99.922766046153825, 20.48698692307693 ], [ -99.922824061538435, 20.487067938461543 ], [ -99.922901369230757, 20.487166907692316 ], [ -99.923093661538431, 20.487256246153848 ], [ -99.923237769230724, 20.487300661538459 ], [ -99.923401199999944, 20.487372061538466 ], [ -99.923526153846126, 20.487425615384595 ], [ -99.923603, 20.487443276923095 ], [ -99.923708723076885, 20.487487892307691 ], [ -99.923814861538432, 20.487595753846183 ], [ -99.923892538461502, 20.487757969230749 ], [ -99.92394178461538, 20.487974553846186 ], [ -99.924009523076876, 20.488082615384602 ], [ -99.924106569230716, 20.488271846153857 ], [ -99.924203323076895, 20.488415892307707 ], [ -99.924319953846151, 20.488677292307674 ], [ -99.924455384615371, 20.488875353846147 ], [ -99.924639676923036, 20.489226753846143 ], [ -99.92474649230769, 20.489452061538469 ], [ -99.924834046153848, 20.489659415384644 ], [ -99.924912, 20.489866800000019 ], [ -99.924941507692282, 20.489993138461564 ], [ -99.925133892307628, 20.490091507692355 ], [ -99.925277707692274, 20.490090738461507 ], [ -99.925383230769214, 20.490099215384621 ], [ -99.925460538461493, 20.490198184615405 ], [ -99.925509353846124, 20.490342492307661 ], [ -99.925577461538424, 20.490504769230775 ], [ -99.925654861538405, 20.490621815384618 ], [ -99.925770969230726, 20.490792861538477 ], [ -99.925819861538429, 20.490955246153845 ], [ -99.92580138461534, 20.491072799999955 ], [ -99.925725569230735, 20.491217769230801 ], [ -99.925678430769224, 20.491353538461517 ], [ -99.92559295384612, 20.491489523076922 ], [ -99.925574153846114, 20.491552876923084 ], [ -99.925536061538423, 20.491598261538435 ], [ -99.925392523076894, 20.491644200000017 ], [ -99.925296630769182, 20.491644707692334 ], [ -99.925143046153835, 20.491618415384636 ], [ -99.924999384615376, 20.491646292307706 ], [ -99.924893584615361, 20.491592646153862 ], [ -99.924739446153822, 20.491476 ], [ -99.924594846153809, 20.49135027692304 ], [ -99.924393446153786, 20.491342323076935 ], [ -99.924249353846108, 20.491297907692296 ], [ -99.924143292307676, 20.491199092307721 ], [ -99.92403672307691, 20.49101895384613 ], [ -99.92391115384612, 20.490866015384618 ], [ -99.923766507692278, 20.490731261538492 ], [ -99.923631676923051, 20.490632584615362 ], [ -99.923506430769208, 20.490533861538449 ], [ -99.923419415384615, 20.490416861538506 ], [ -99.923111292307667, 20.490201661538457 ], [ -99.92290889230766, 20.490031061538446 ], [ -99.922793307692274, 20.489941323076934 ], [ -99.922677338461511, 20.489788338461533 ], [ -99.922512907692294, 20.489554292307719 ], [ -99.922424953846118, 20.489274661538467 ], [ -99.922385523076869, 20.489094169230775 ], [ -99.922345646153829, 20.4888414 ], [ -99.922354476923047, 20.488714846153865 ], [ -99.922382323076931, 20.488561107692316 ], [ -99.9223906153846, 20.488344215384643 ], [ -99.922351276923067, 20.488181784615378 ], [ -99.922359692307651, 20.487982969230806 ], [ -99.922358861538427, 20.487847446153836 ], [ -99.922329292307666, 20.487712061538435 ], [ -99.922174815384551, 20.487532184615404 ], [ -99.922019923076874, 20.487289046153862 ], [ -99.921884630769199, 20.487109061538494 ], [ -99.9217010461538, 20.486875123076945 ], [ -99.92160407692306, 20.486694923076904 ], [ -99.921535984615346, 20.486532661538458 ], [ -99.921543846153796, 20.486243476923111 ], [ -99.921571307692261, 20.486026492307673 ], [ -99.9215898, 20.485908938461566 ], [ -99.921647, 20.485854415384601 ], [ -99.921771569230756, 20.485844723076905 ] ] ] ] } },
{ "type": "Feature", "properties": { "IDBD": 163479, "FC": 6291, "CONDICION": "CUERPO DE AGUA INTERMITENTE" }, "geometry": { "type": "MultiPolygon", "coordinates": [ [ [ [ -99.949456338461502, 20.490945092307708 ], [ -99.949254923076907, 20.490937169230779 ], [ -99.949044076923045, 20.490956384615412 ], [ -99.948852492307665, 20.490984538461557 ], [ -99.948737661538416, 20.491021307692304 ], [ -99.948584415384602, 20.491049246153828 ], [ -99.948344015384578, 20.490942138461548 ], [ -99.949174676923036, 20.490359353846195 ], [ -99.949862092307683, 20.489876723076954 ], [ -99.949901461538445, 20.490039138461515 ], [ -99.949911969230754, 20.490192676923069 ], [ -99.949817261538456, 20.490382938461554 ], [ -99.949712692307642, 20.490528076923077 ], [ -99.949502723076918, 20.490691861538458 ], [ -99.9495705076923, 20.490799907692296 ], [ -99.949456338461502, 20.490945092307708 ] ] ] ] } },
{ "type": "Feature", "properties": { "IDBD": 163540, "FC": 6291, "CONDICION": "CUERPO DE AGUA INTERMITENTE" }, "geometry": { "type": "MultiPolygon", "coordinates": [ [ [ [ -99.923693, 20.484858707692297 ], [ -99.923810215384606, 20.485219492307685 ], [ -99.92384215384611, 20.485752400000017 ], [ -99.923785061538425, 20.485824984615412 ], [ -99.923679799999974, 20.485861692307729 ], [ -99.923612492307683, 20.485825907692323 ], [ -99.923541584615322, 20.485193815384619 ], [ -99.923559184615371, 20.48493169230769 ], [ -99.923625861538426, 20.484859061538469 ], [ -99.923693, 20.484858707692297 ] ] ] ] } },
{ "type": "Feature", "properties": { "IDBD": 163593, "FC": 6291, "CONDICION": "CUERPO DE AGUA INTERMITENTE" }, "geometry": { "type": "MultiPolygon", "coordinates": [ [ [ [ -99.872126569230701, 20.479920830769256 ], [ -99.872049507692267, 20.479857969230761 ], [ -99.871991784615346, 20.4798221230769 ], [ -99.871847753846112, 20.47978670769232 ], [ -99.871761415384569, 20.479778092307704 ], [ -99.871674907692295, 20.479742384615378 ], [ -99.871616923076914, 20.47966136923079 ], [ -99.871645076923031, 20.479552800000015 ], [ -99.871721123076881, 20.479434953846166 ], [ -99.8719218, 20.479316492307703 ], [ -99.872132784615332, 20.479324461538454 ], [ -99.872276507692305, 20.479305676923076 ], [ -99.872410892307641, 20.479332107692315 ], [ -99.872487846153817, 20.47937689230772 ], [ -99.872555984615346, 20.479557261538432 ], [ -99.872355615384564, 20.47972993846156 ], [ -99.872126569230701, 20.479920830769256 ] ] ] ] } },
{ "type": "Feature", "properties": { "IDBD": 163658, "FC": 6291, "CONDICION": "CUERPO DE AGUA INTERMITENTE" }, "geometry": { "type": "MultiPolygon", "coordinates": [ [ [ [ -99.89209230769228, 20.473792892307703 ], [ -99.892133538461508, 20.474289630769199 ], [ -99.892205599999983, 20.475147615384618 ], [ -99.892100353846132, 20.475184292307684 ], [ -99.891965969230725, 20.475157876923106 ], [ -99.891898384615359, 20.475076907692308 ], [ -99.891811461538424, 20.474968923076936 ], [ -99.891734246153831, 20.474878969230772 ], [ -99.89161876923076, 20.474807276923062 ], [ -99.89136907692307, 20.474736276923075 ], [ -99.89124444615382, 20.474736923076954 ], [ -99.891090507692297, 20.474647353846134 ], [ -99.891042153846115, 20.474575323076955 ], [ -99.891070507692291, 20.474502892307701 ], [ -99.89117570769227, 20.474457169230767 ], [ -99.891357199999945, 20.474338784615352 ], [ -99.891586876923071, 20.474265323076885 ], [ -99.891701153846142, 20.474129199999982 ], [ -99.891786753846119, 20.474011307692273 ], [ -99.891881799999965, 20.473866246153889 ], [ -99.89209230769228, 20.473792892307703 ] ] ] ] } },
{ "type": "Feature", "properties": { "IDBD": 163725, "FC": 6291, "CONDICION": "CUERPO DE AGUA INTERMITENTE" }, "geometry": { "type": "MultiPolygon", "coordinates": [ [ [ [ -99.963707138461501, 20.471278246153862 ], [ -99.964222584615371, 20.470913984615382 ], [ -99.964680815384583, 20.470595199999948 ], [ -99.964634123076905, 20.470794246153854 ], [ -99.964539476923051, 20.470993538461492 ], [ -99.964444753846138, 20.471174769230782 ], [ -99.9643302, 20.471256723076948 ], [ -99.964052323076913, 20.471285369230731 ], [ -99.963707138461501, 20.471278246153862 ] ] ] ] } },
{ "type": "Feature", "properties": { "IDBD": 163784, "FC": 6291, "CONDICION": "CUERPO DE AGUA INTERMITENTE" }, "geometry": { "type": "MultiPolygon", "coordinates": [ [ [ [ -99.902079369230748, 20.46663052307693 ], [ -99.902336907692259, 20.466403307692286 ], [ -99.902498615384602, 20.466185615384621 ], [ -99.902622307692283, 20.466022338461507 ], [ -99.902736769230756, 20.465922353846125 ], [ -99.9028414307692, 20.465786276923051 ], [ -99.902965538461501, 20.465695276923089 ], [ -99.903128199999983, 20.465640215384621 ], [ -99.903139215384599, 20.465884123076943 ], [ -99.903130938461487, 20.46611004615383 ], [ -99.903045723076886, 20.466291199999972 ], [ -99.90284555384612, 20.466491015384594 ], [ -99.902625676923051, 20.46660058461536 ], [ -99.902386323076897, 20.466656030769244 ], [ -99.902079369230748, 20.46663052307693 ] ] ] ] } },
{ "type": "Feature", "properties": { "IDBD": 163900, "FC": 6291, "CONDICION": "CUERPO DE AGUA INTERMITENTE" }, "geometry": { "type": "MultiPolygon", "coordinates": [ [ [ [ -99.901351953846145, 20.45698452307693 ], [ -99.901474692307644, 20.456658615384654 ], [ -99.901588876923043, 20.456513461538464 ], [ -99.901808415384579, 20.45634967692305 ], [ -99.902018738461521, 20.4562492 ], [ -99.902049876923058, 20.456655630769205 ], [ -99.902012476923034, 20.456818461538454 ], [ -99.901878846153835, 20.456918553846126 ], [ -99.901351953846145, 20.45698452307693 ] ] ] ] } },
{ "type": "Feature", "properties": { "IDBD": 164009, "FC": 6291, "CONDICION": "CUERPO DE AGUA INTERMITENTE" }, "geometry": { "type": "MultiPolygon", "coordinates": [ [ [ [ -99.923944015384606, 20.449899738461543 ], [ -99.923627615384561, 20.449892384615396 ], [ -99.923320369230765, 20.449812692307695 ], [ -99.922915984615344, 20.449516676923061 ], [ -99.922790784615358, 20.449417953846165 ], [ -99.923057723076909, 20.449172584615379 ], [ -99.923277707692293, 20.449090092307653 ], [ -99.923488923076889, 20.449143184615384 ], [ -99.923689430769187, 20.4490066 ], [ -99.923775184615351, 20.448915784615373 ], [ -99.92390970769226, 20.448969276923098 ], [ -99.924034384615354, 20.448977661538478 ], [ -99.924197338461511, 20.448976784615361 ], [ -99.924264753846103, 20.449030646153862 ], [ -99.924342215384598, 20.449156723076936 ], [ -99.924400076923064, 20.449219661538471 ], [ -99.924515707692251, 20.449318446153828 ], [ -99.92463106153842, 20.449372046153837 ], [ -99.924555215384586, 20.449507969230755 ], [ -99.924402969230727, 20.449698523076915 ], [ -99.924231046153835, 20.449807861538503 ], [ -99.923944015384606, 20.449899738461543 ] ] ] ] } },
{ "type": "Feature", "properties": { "IDBD": 164015, "FC": 6291, "CONDICION": "CUERPO DE AGUA INTERMITENTE" }, "geometry": { "type": "MultiPolygon", "coordinates": [ [ [ [ -99.94375558461536, 20.449350661538485 ], [ -99.943802969230745, 20.449260061538432 ], [ -99.943917430769176, 20.44916907692307 ], [ -99.944165953846138, 20.449050276923128 ], [ -99.94445309230764, 20.448976430769189 ], [ -99.94491289230767, 20.448919723076948 ], [ -99.944819676923046, 20.449353923076906 ], [ -99.944679369230769, 20.449923907692302 ], [ -99.94456361538461, 20.449807076923065 ], [ -99.944380753846119, 20.449690615384643 ], [ -99.944198030769215, 20.449592215384595 ], [ -99.944073, 20.449529646153884 ], [ -99.943900215384616, 20.449485415384629 ], [ -99.94375558461536, 20.449350661538485 ] ] ] ] } },
{ "type": "Feature", "properties": { "IDBD": 164025, "FC": 6291, "CONDICION": "CUERPO DE AGUA INTERMITENTE" }, "geometry": { "type": "MultiPolygon", "coordinates": [ [ [ [ -99.892710738461503, 20.448084061538452 ], [ -99.892537415384595, 20.447949415384592 ], [ -99.892536630769172, 20.447813892307739 ], [ -99.892583569230752, 20.447641984615423 ], [ -99.892697815384608, 20.447505861538488 ], [ -99.892849984615367, 20.447297261538473 ], [ -99.892993, 20.447161 ], [ -99.89303952307688, 20.446916799999983 ], [ -99.893270630769194, 20.44709632307697 ], [ -99.893530430769218, 20.44726666153846 ], [ -99.89375206153845, 20.447464307692343 ], [ -99.893887261538453, 20.447635292307691 ], [ -99.893974676923051, 20.447833615384603 ], [ -99.893946969230726, 20.448014461538467 ], [ -99.893909723076874, 20.448204399999966 ], [ -99.893833969230698, 20.448367430769235 ], [ -99.893690969230718, 20.448503692307725 ], [ -99.893404169230749, 20.448640692307698 ], [ -99.893374523076872, 20.448487246153853 ], [ -99.893431261538424, 20.448351415384597 ], [ -99.893420569230756, 20.44816173846149 ], [ -99.89321858461534, 20.448045307692286 ], [ -99.893027184615349, 20.448100507692288 ], [ -99.89291215384614, 20.448101092307706 ], [ -99.892710738461503, 20.448084061538452 ] ] ] ] } },
{ "type": "Feature", "properties": { "IDBD": 164084, "FC": 6291, "CONDICION": "CUERPO DE AGUA INTERMITENTE" }, "geometry": { "type": "MultiPolygon", "coordinates": [ [ [ [ -99.925756384615354, 20.44519173846157 ], [ -99.925497630769186, 20.445202138461514 ], [ -99.925248338461515, 20.445194430769259 ], [ -99.925075538461527, 20.445150184615393 ], [ -99.924960276923017, 20.445114646153851 ], [ -99.924873276923051, 20.444988615384638 ], [ -99.924786030769198, 20.444826446153854 ], [ -99.924727169230763, 20.444600876923094 ], [ -99.925015215384562, 20.444680661538463 ], [ -99.925293907692279, 20.444796630769247 ], [ -99.925563215384585, 20.4449488 ], [ -99.925698138461527, 20.44506555384617 ], [ -99.925756384615354, 20.44519173846157 ] ] ] ] } },
{ "type": "Feature", "properties": { "IDBD": 164132, "FC": 6291, "CONDICION": "CUERPO DE AGUA INTERMITENTE" }, "geometry": { "type": "MultiPolygon", "coordinates": [ [ [ [ -99.941936061538442, 20.4402168 ], [ -99.942001615384555, 20.439963461538447 ], [ -99.942259584615357, 20.439826538461542 ], [ -99.94251772307689, 20.439716707692327 ], [ -99.942890723076943, 20.439579153846161 ], [ -99.943235815384583, 20.439577292307707 ], [ -99.943551969230725, 20.439548476923125 ], [ -99.943840015384581, 20.43962823076922 ], [ -99.944157, 20.439734938461545 ], [ -99.944415799999973, 20.439733523076949 ], [ -99.94473246153845, 20.439786015384627 ], [ -99.945019830769198, 20.439757353846151 ], [ -99.945479938461531, 20.439754861538496 ], [ -99.944749661538438, 20.4410328 ], [ -99.9438012, 20.442691399999951 ], [ -99.943484215384601, 20.442584707692262 ], [ -99.943195830769213, 20.442450738461535 ], [ -99.94284892307688, 20.442154446153857 ], [ -99.942743046153836, 20.44208273846154 ], [ -99.942589138461528, 20.441993215384592 ], [ -99.942415430769216, 20.441804415384642 ], [ -99.942414107692287, 20.441587584615352 ], [ -99.94232635384617, 20.441344107692309 ], [ -99.942266707692255, 20.440992046153863 ], [ -99.942140153846125, 20.440676492307723 ], [ -99.941975507692248, 20.440397292307669 ], [ -99.941936061538442, 20.4402168 ] ] ] ] } },
{ "type": "Feature", "properties": { "IDBD": 164171, "FC": 6291, "CONDICION": "CUERPO DE AGUA INTERMITENTE" }, "geometry": { "type": "MultiPolygon", "coordinates": [ [ [ [ -99.891275984615376, 20.438658461538456 ], [ -99.891179492307671, 20.438550523076898 ], [ -99.891035246153834, 20.438469938461555 ], [ -99.890948353846127, 20.438361969230787 ], [ -99.890890476923062, 20.438299015384597 ], [ -99.890890015384585, 20.438217692307706 ], [ -99.890947215384585, 20.4381632 ], [ -99.891042015384571, 20.437982 ], [ -99.891271923076914, 20.437953723076919 ], [ -99.891434815384571, 20.437943846153821 ], [ -99.891588184615358, 20.437943061538427 ], [ -99.891799784615344, 20.438068476923043 ], [ -99.891599738461494, 20.438286353846173 ], [ -99.891275984615376, 20.438658461538456 ] ] ] ] } },
{ "type": "Feature", "properties": { "IDBD": 164216, "FC": 6291, "CONDICION": "CUERPO DE AGUA INTERMITENTE" }, "geometry": { "type": "MultiPolygon", "coordinates": [ [ [ [ -99.898045769230734, 20.435750399999964 ], [ -99.897997307692279, 20.435660307692302 ], [ -99.897939430769199, 20.435597353846127 ], [ -99.897843169230725, 20.435525569230769 ], [ -99.897747107692268, 20.435489923076918 ], [ -99.897631815384585, 20.435445338461513 ], [ -99.897573892307648, 20.435373353846135 ], [ -99.897698230769223, 20.435327538461529 ], [ -99.897765323076882, 20.435327184615382 ], [ -99.897832323076912, 20.435308769230765 ], [ -99.897918369230723, 20.435272184615364 ], [ -99.897985153846122, 20.43521763076922 ], [ -99.898032923076926, 20.435190276923102 ], [ -99.898109507692268, 20.435171815384599 ], [ -99.898253123076884, 20.435143969230818 ], [ -99.898282461538415, 20.4352432 ], [ -99.898292830769222, 20.435378676923111 ], [ -99.898245738461526, 20.435523492307723 ], [ -99.898150630769223, 20.435650476923069 ], [ -99.898045769230734, 20.435750399999964 ] ] ] ] } },
{ "type": "Feature", "properties": { "IDBD": 164281, "FC": 6291, "CONDICION": "CUERPO DE AGUA INTERMITENTE" }, "geometry": { "type": "MultiPolygon", "coordinates": [ [ [ [ -99.907039646153834, 20.431303538461588 ], [ -99.906865369230758, 20.431006276923068 ], [ -99.906845092307648, 20.430816646153858 ], [ -99.906988523076876, 20.430761692307726 ], [ -99.907180446153831, 20.430796830769225 ], [ -99.907296030769217, 20.430895615384628 ], [ -99.907459630769196, 20.431003184615385 ], [ -99.907039646153834, 20.431303538461588 ] ] ] ] } },
{ "type": "Feature", "properties": { "IDBD": 164283, "FC": 6291, "CONDICION": "CUERPO DE AGUA INTERMITENTE" }, "geometry": { "type": "MultiPolygon", "coordinates": [ [ [ [ -99.903323892307668, 20.43022958461539 ], [ -99.90344881538455, 20.430283138461522 ], [ -99.903545399999956, 20.430409138461538 ], [ -99.90358473846149, 20.4305806 ], [ -99.903633676923064, 20.430752030769256 ], [ -99.903624984615377, 20.430905676923054 ], [ -99.903568215384581, 20.431032461538436 ], [ -99.903453723076879, 20.431123415384626 ], [ -99.903281461538441, 20.431169476923063 ], [ -99.903155107692271, 20.430871969230751 ], [ -99.903173123076883, 20.430673092307661 ], [ -99.903171799999939, 20.4304472153846 ], [ -99.90321872307689, 20.430275307692302 ], [ -99.903323892307668, 20.43022958461539 ] ] ] ] } },
{ "type": "Feature", "properties": { "IDBD": 164287, "FC": 6291, "CONDICION": "CUERPO DE AGUA INTERMITENTE" }, "geometry": { "type": "MultiPolygon", "coordinates": [ [ [ [ -99.906021953846107, 20.431019707692325 ], [ -99.905953092307655, 20.430721892307684 ], [ -99.906009615384605, 20.430549938461557 ], [ -99.906171661538451, 20.430395492307703 ], [ -99.906324523076862, 20.430313369230756 ], [ -99.906459446153804, 20.430439169230773 ], [ -99.906613015384579, 20.43047450769236 ], [ -99.906737938461504, 20.430528076923043 ], [ -99.906021953846107, 20.431019707692325 ] ] ] ] } },
{ "type": "Feature", "properties": { "IDBD": 164418, "FC": 6291, "CONDICION": "CUERPO DE AGUA INTERMITENTE" }, "geometry": { "type": "MultiPolygon", "coordinates": [ [ [ [ -99.8843252, 20.421689230769232 ], [ -99.884355230769188, 20.421914969230752 ], [ -99.884327215384573, 20.422041615384593 ], [ -99.884309015384602, 20.422213369230729 ], [ -99.884137276923028, 20.422349784615385 ], [ -99.883926830769155, 20.422423123076928 ], [ -99.883524030769181, 20.42238 ], [ -99.883924199999953, 20.421962338461508 ], [ -99.8843252, 20.421689230769232 ] ] ] ] } },
{ "type": "Feature", "properties": { "IDBD": 164422, "FC": 6291, "CONDICION": "CUERPO DE AGUA INTERMITENTE" }, "geometry": { "type": "MultiPolygon", "coordinates": [ [ [ [ -99.922524892307635, 20.422521123076876 ], [ -99.922171553846127, 20.422739846153835 ], [ -99.922027646153822, 20.422713507692325 ], [ -99.921806230769221, 20.422552046153868 ], [ -99.921680184615369, 20.422308753846139 ], [ -99.921602430769198, 20.422128461538467 ], [ -99.92163021538461, 20.421965676923033 ], [ -99.921821092307695, 20.421829138461472 ], [ -99.921993399999963, 20.421792076923115 ], [ -99.922195153846147, 20.421872323076894 ], [ -99.922406707692261, 20.421988676923117 ], [ -99.922684923076872, 20.422032369230813 ], [ -99.922886015384591, 20.422004200000032 ], [ -99.922954630769169, 20.42225683076926 ], [ -99.922524892307635, 20.422521123076876 ] ] ] ] } },
{ "type": "Feature", "properties": { "IDBD": 164443, "FC": 6291, "CONDICION": "CUERPO DE AGUA INTERMITENTE" }, "geometry": { "type": "MultiPolygon", "coordinates": [ [ [ [ -99.906329369230733, 20.421323138461581 ], [ -99.906294076923061, 20.42183833846153 ], [ -99.906150092307655, 20.421802938461536 ], [ -99.905890846153824, 20.4217229692308 ], [ -99.905737446153822, 20.421714738461549 ], [ -99.905554738461518, 20.421616292307721 ], [ -99.905429692307678, 20.421535630769238 ], [ -99.905314092307677, 20.421436846153863 ], [ -99.905303615384611, 20.421283292307677 ], [ -99.905398815384615, 20.421174369230794 ], [ -99.905503923076907, 20.421119615384598 ], [ -99.905896876923052, 20.42111756923077 ], [ -99.906040799999971, 20.421143923076951 ], [ -99.906347076923069, 20.421070046153847 ], [ -99.906329369230733, 20.421323138461581 ] ] ] ] } },
{ "type": "Feature", "properties": { "IDBD": 164542, "FC": 6291, "CONDICION": "CUERPO DE AGUA INTERMITENTE" }, "geometry": { "type": "MultiPolygon", "coordinates": [ [ [ [ -99.878299569230734, 20.415485261538411 ], [ -99.878100261538421, 20.415829615384592 ], [ -99.877927184615345, 20.415731107692334 ], [ -99.877792692307651, 20.415677569230773 ], [ -99.877686923076922, 20.415614846153829 ], [ -99.877667184615348, 20.415515553846181 ], [ -99.877752615384608, 20.415370569230749 ], [ -99.877886538461496, 20.415324707692314 ], [ -99.877962861538435, 20.415261076923102 ], [ -99.878048338461511, 20.415125123076919 ], [ -99.878153, 20.414989061538453 ], [ -99.878315769230767, 20.414961123076942 ], [ -99.878411769230766, 20.414987753846113 ], [ -99.878546246153803, 20.415041292307713 ], [ -99.878299569230734, 20.415485261538411 ] ] ] ] } },
{ "type": "Feature", "properties": { "IDBD": 164558, "FC": 6291, "CONDICION": "CUERPO DE AGUA INTERMITENTE" }, "geometry": { "type": "MultiPolygon", "coordinates": [ [ [ [ -99.940023415384601, 20.41571430769234 ], [ -99.940708953846112, 20.414969723076936 ], [ -99.9413462, 20.414162123076935 ], [ -99.941803446153799, 20.413707892307727 ], [ -99.942088723076893, 20.413335907692304 ], [ -99.942317199999977, 20.413081676923113 ], [ -99.942267107692288, 20.414301723076932 ], [ -99.942249507692267, 20.414563830769243 ], [ -99.942231415384612, 20.414735599999954 ], [ -99.942136230769165, 20.414844538461519 ], [ -99.941926261538427, 20.414990246153874 ], [ -99.941333507692264, 20.415228369230768 ], [ -99.940023415384601, 20.41571430769234 ] ] ] ] } },
{ "type": "Feature", "properties": { "IDBD": 164559, "FC": 6291, "CONDICION": "CUERPO DE AGUA INTERMITENTE" }, "geometry": { "type": "MultiPolygon", "coordinates": [ [ [ [ -99.960398153846143, 20.413976830769247 ], [ -99.959806584615364, 20.415949784615389 ], [ -99.959507815384612, 20.41568036923077 ], [ -99.959286046153849, 20.415464738461552 ], [ -99.959025938461508, 20.415249338461564 ], [ -99.958823199999969, 20.415015523076921 ], [ -99.958668646153839, 20.4148176 ], [ -99.958552307692301, 20.414601400000034 ], [ -99.958522092307646, 20.414366646153862 ], [ -99.958616092307651, 20.414067969230771 ], [ -99.958816184615344, 20.413877123076947 ], [ -99.959093246153842, 20.413740061538469 ], [ -99.959323046153813, 20.413702661538476 ], [ -99.959534061538463, 20.413728599999981 ], [ -99.959754876923057, 20.413790630769224 ], [ -99.959995076923079, 20.413888692307683 ], [ -99.960196846153821, 20.413968907692283 ], [ -99.960398153846143, 20.413976830769247 ] ] ] ] } },
{ "type": "Feature", "properties": { "IDBD": 164565, "FC": 6291, "CONDICION": "CUERPO DE AGUA INTERMITENTE" }, "geometry": { "type": "MultiPolygon", "coordinates": [ [ [ [ -99.908257476923069, 20.413425200000042 ], [ -99.90836395384612, 20.413605338461533 ], [ -99.908403199999952, 20.413758738461553 ], [ -99.908394769230753, 20.413957569230799 ], [ -99.908261784615334, 20.414157030769218 ], [ -99.90813801538458, 20.414302246153834 ], [ -99.907985538461503, 20.41444761538466 ], [ -99.907775646153823, 20.414611338461548 ], [ -99.907536615384586, 20.414711969230797 ], [ -99.907287938461522, 20.414794584615354 ], [ -99.907085507692301, 20.414596861538467 ], [ -99.906979707692258, 20.414534169230713 ], [ -99.906893030769197, 20.414462338461572 ], [ -99.90694, 20.414299461538494 ], [ -99.906958, 20.414100584615376 ], [ -99.906937615384592, 20.413892876923068 ], [ -99.906965261538431, 20.413702984615394 ], [ -99.906906692307658, 20.413522584615389 ], [ -99.906877030769195, 20.413369138461526 ], [ -99.906952815384571, 20.413215138461531 ], [ -99.907048261538449, 20.413151400000018 ], [ -99.907268292307648, 20.413077969230752 ], [ -99.907556276923032, 20.413157784615414 ], [ -99.907700600000013, 20.413256415384616 ], [ -99.907806723076931, 20.41337332307695 ], [ -99.907922353846118, 20.413481153846185 ], [ -99.908047, 20.41348953846158 ], [ -99.908257476923069, 20.413425200000042 ] ] ] ] } },
{ "type": "Feature", "properties": { "IDBD": 164604, "FC": 6291, "CONDICION": "CUERPO DE AGUA INTERMITENTE" }, "geometry": { "type": "MultiPolygon", "coordinates": [ [ [ [ -99.94340461538458, 20.412235507692333 ], [ -99.943453199999951, 20.412343661538486 ], [ -99.943415553846108, 20.412461323076929 ], [ -99.943291861538427, 20.4126065692308 ], [ -99.943129615384606, 20.412715861538452 ], [ -99.94303398461534, 20.412752523076922 ], [ -99.942890123076893, 20.412735230769236 ], [ -99.942745938461528, 20.412663723076957 ], [ -99.942688015384562, 20.412600799999979 ], [ -99.942668415384588, 20.412528615384634 ], [ -99.942706215384561, 20.412438061538477 ], [ -99.942849153846112, 20.412301753846187 ], [ -99.9431936, 20.412209538461571 ], [ -99.94340461538458, 20.412235507692333 ] ] ] ] } },
{ "type": "Feature", "properties": { "IDBD": 164614, "FC": 6291, "CONDICION": "CUERPO DE AGUA INTERMITENTE" }, "geometry": { "type": "MultiPolygon", "coordinates": [ [ [ [ -99.889660246153809, 20.411054476923084 ], [ -99.889708784615351, 20.411162646153848 ], [ -99.889622738461512, 20.411199230769206 ], [ -99.889498199999963, 20.411208907692309 ], [ -99.889402261538464, 20.411191323076917 ], [ -99.889268353846091, 20.411237184615377 ], [ -99.889172876923055, 20.411300923076933 ], [ -99.889058076923035, 20.411337646153815 ], [ -99.888904630769204, 20.411320353846182 ], [ -99.888999492307676, 20.411148200000024 ], [ -99.889142461538398, 20.411011938461527 ], [ -99.889228199999962, 20.410921153846154 ], [ -99.889275246153801, 20.410767307692321 ], [ -99.889495138461498, 20.410675830769254 ], [ -99.889660246153809, 20.411054476923084 ] ] ] ] } },
{ "type": "Feature", "properties": { "IDBD": 164617, "FC": 6291, "CONDICION": "CUERPO DE AGUA INTERMITENTE" }, "geometry": { "type": "MultiPolygon", "coordinates": [ [ [ [ -99.920361553846107, 20.411708199999989 ], [ -99.920159876923037, 20.411636984615374 ], [ -99.919986799999947, 20.41153850769232 ], [ -99.91977509230766, 20.411395061538485 ], [ -99.919611199999963, 20.411233292307678 ], [ -99.919533553846136, 20.41107106153849 ], [ -99.919763723076912, 20.411096953846176 ], [ -99.920013492307646, 20.411195015384646 ], [ -99.92012898461536, 20.411275723076937 ], [ -99.920234846153846, 20.411347461538458 ], [ -99.920312261538427, 20.411473538461543 ], [ -99.920351353846115, 20.41159983076923 ], [ -99.920361553846107, 20.411708199999989 ] ] ] ] } },
{ "type": "Feature", "properties": { "IDBD": 164620, "FC": 6291, "CONDICION": "CUERPO DE AGUA INTERMITENTE" }, "geometry": { "type": "MultiPolygon", "coordinates": [ [ [ [ -99.899844892307669, 20.41051426153847 ], [ -99.899949784615345, 20.410423369230809 ], [ -99.899978538461525, 20.410423215384604 ], [ -99.900180107692279, 20.410476384615393 ], [ -99.900295153846145, 20.410484830769246 ], [ -99.900343076923022, 20.410484584615372 ], [ -99.900458184615388, 20.410502061538462 ], [ -99.900582830769196, 20.410510446153847 ], [ -99.900697892307633, 20.410518892307717 ], [ -99.900851323076921, 20.410536169230788 ], [ -99.900834476923038, 20.410933815384599 ], [ -99.900826892307691, 20.4112772 ], [ -99.900288676923083, 20.411017953846144 ], [ -99.900125076923075, 20.41090133846156 ], [ -99.900038399999971, 20.410829507692299 ], [ -99.899942092307697, 20.410748676923081 ], [ -99.899884169230745, 20.410676692307689 ], [ -99.899845353846146, 20.410595584615365 ], [ -99.899844892307669, 20.41051426153847 ] ] ] ] } },
{ "type": "Feature", "properties": { "IDBD": 164651, "FC": 6291, "CONDICION": "CUERPO DE AGUA INTERMITENTE" }, "geometry": { "type": "MultiPolygon", "coordinates": [ [ [ [ -99.927412169230735, 20.409574615384606 ], [ -99.92805290769229, 20.409345323076902 ], [ -99.928415969230755, 20.409153646153872 ], [ -99.928711953846118, 20.408971353846137 ], [ -99.929026753846131, 20.408725723076881 ], [ -99.929274723076887, 20.40852561538464 ], [ -99.929560815384605, 20.40828916923077 ], [ -99.92991298461537, 20.407880707692328 ], [ -99.930170384615352, 20.407653446153866 ], [ -99.930370199999984, 20.407417461538447 ], [ -99.930789276923065, 20.40698152307694 ], [ -99.931142061538438, 20.406681476923051 ], [ -99.931428215384599, 20.406454061538483 ], [ -99.931676123076912, 20.40624492307694 ], [ -99.931915169230763, 20.406153292307692 ], [ -99.932278876923036, 20.406079061538453 ], [ -99.93165958461536, 20.406678707692322 ], [ -99.930945061538452, 20.407387292307686 ], [ -99.930363553846121, 20.407905400000033 ], [ -99.929973076923062, 20.408314076923059 ], [ -99.929687153846089, 20.408577630769223 ], [ -99.929429692307679, 20.408795861538426 ], [ -99.929162830769201, 20.409041230769223 ], [ -99.928962599999977, 20.409213969230763 ], [ -99.928762276923038, 20.409368646153869 ], [ -99.928590446153819, 20.409487015384641 ], [ -99.92837047692305, 20.409560476923062 ], [ -99.927968199999981, 20.409598753846137 ], [ -99.927412169230735, 20.409574615384606 ] ] ] ] } },
{ "type": "Feature", "properties": { "IDBD": 164663, "FC": 6291, "CONDICION": "CUERPO DE AGUA INTERMITENTE" }, "geometry": { "type": "MultiPolygon", "coordinates": [ [ [ [ -99.928753815384582, 20.407959169230793 ], [ -99.928592076923067, 20.408158815384613 ], [ -99.928420676923039, 20.408340430769247 ], [ -99.928191476923075, 20.408477184615439 ], [ -99.927990876923047, 20.408586676923107 ], [ -99.927809169230741, 20.408650892307705 ], [ -99.927617830769208, 20.408706123076932 ], [ -99.927387830769177, 20.408707338461543 ], [ -99.92721515384612, 20.40868115384616 ], [ -99.927463846153799, 20.408598523076964 ], [ -99.927664384615341, 20.408479984615404 ], [ -99.927932092307671, 20.408370138461581 ], [ -99.928218476923064, 20.408187907692323 ], [ -99.928753815384582, 20.407959169230793 ] ] ] ] } },
{ "type": "Feature", "properties": { "IDBD": 164677, "FC": 6291, "CONDICION": "CUERPO DE AGUA INTERMITENTE" }, "geometry": { "type": "MultiPolygon", "coordinates": [ [ [ [ -99.92648, 20.407546615384646 ], [ -99.926461923076914, 20.407727415384613 ], [ -99.926433984615358, 20.407863092307682 ], [ -99.926310076923059, 20.407981215384599 ], [ -99.926080353846118, 20.408027615384661 ], [ -99.925879107692268, 20.408028676923127 ], [ -99.925706507692283, 20.40801152307694 ], [ -99.925629338461505, 20.407930615384615 ], [ -99.925532646153826, 20.407786569230787 ], [ -99.926001415384576, 20.407648538461551 ], [ -99.926307661538431, 20.407574630769222 ], [ -99.92648, 20.407546615384646 ] ] ] ] } },
{ "type": "Feature", "properties": { "IDBD": 164696, "FC": 6291, "CONDICION": "CUERPO DE AGUA INTERMITENTE" }, "geometry": { "type": "MultiPolygon", "coordinates": [ [ [ [ -99.950479123076889, 20.406242784615426 ], [ -99.950566446153829, 20.406413969230769 ], [ -99.950567523076913, 20.406594676923053 ], [ -99.950510861538419, 20.406730507692327 ], [ -99.950368107692313, 20.4068939230769 ], [ -99.950148076923043, 20.406958369230761 ], [ -99.94977467692307, 20.407014630769236 ], [ -99.949516030769203, 20.407034107692301 ], [ -99.949716353846128, 20.406879415384623 ], [ -99.949878599999977, 20.406770107692306 ], [ -99.950021292307653, 20.406597661538459 ], [ -99.950144892307662, 20.406434338461558 ], [ -99.950287846153813, 20.406307076923103 ], [ -99.950479123076889, 20.406242784615426 ] ] ] ] } },
{ "type": "Feature", "properties": { "IDBD": 164717, "FC": 6291, "CONDICION": "CUERPO DE AGUA INTERMITENTE" }, "geometry": { "type": "MultiPolygon", "coordinates": [ [ [ [ -99.863183538461513, 20.403164123076955 ], [ -99.863190969230743, 20.40277556923078 ], [ -99.863285584615369, 20.402558246153855 ], [ -99.863333246153815, 20.402512830769254 ], [ -99.863505599999968, 20.402484876923086 ], [ -99.863697661538438, 20.402556199999985 ], [ -99.863851707692291, 20.402681938461502 ], [ -99.864132138461528, 20.403132323076957 ], [ -99.864229384615328, 20.403384830769273 ], [ -99.864288492307651, 20.403673676923066 ], [ -99.864289353846104, 20.403827276923113 ], [ -99.864222969230738, 20.403954107692314 ], [ -99.86409893846151, 20.404054107692293 ], [ -99.863945969230727, 20.404118107692305 ], [ -99.863821430769221, 20.404127769230726 ], [ -99.863562123076889, 20.404029661538445 ], [ -99.863456307692275, 20.403957907692309 ], [ -99.863301661538429, 20.40372373846153 ], [ -99.86322343076921, 20.403444030769236 ], [ -99.863183538461513, 20.403164123076955 ] ] ] ] } },
{ "type": "Feature", "properties": { "IDBD": 164727, "FC": 6291, "CONDICION": "CUERPO DE AGUA INTERMITENTE" }, "geometry": { "type": "MultiPolygon", "coordinates": [ [ [ [ -99.949071523076867, 20.401741815384604 ], [ -99.948214138461495, 20.402577738461538 ], [ -99.946309599999964, 20.404566830769252 ], [ -99.945818169230762, 20.404126769230764 ], [ -99.945750353846108, 20.404009676923092 ], [ -99.945759246153813, 20.403892169230783 ], [ -99.946433846153823, 20.402939799999984 ], [ -99.946508246153797, 20.402568938461542 ], [ -99.946534692307679, 20.402189307692353 ], [ -99.946628246153836, 20.401818353846146 ], [ -99.946760353846102, 20.401483323076924 ], [ -99.946950138461517, 20.401175092307678 ], [ -99.947074076923045, 20.401066 ], [ -99.947227, 20.401001923076919 ], [ -99.947887953846148, 20.400953153846185 ], [ -99.948337461538443, 20.400806138461558 ], [ -99.948585784615346, 20.400669261538454 ], [ -99.948795446153781, 20.400478384615393 ], [ -99.949356692307646, 20.399797676923075 ], [ -99.949527892307657, 20.399588923076912 ], [ -99.949071523076867, 20.401741815384604 ] ] ] ] } },
{ "type": "Feature", "properties": { "IDBD": 164760, "FC": 6291, "CONDICION": "CUERPO DE AGUA INTERMITENTE" }, "geometry": { "type": "MultiPolygon", "coordinates": [ [ [ [ -99.942254769230757, 20.401245723076933 ], [ -99.942456661538429, 20.401353046153844 ], [ -99.942629553846146, 20.401415369230754 ], [ -99.942726199999953, 20.401550369230762 ], [ -99.942718276923031, 20.401821476923082 ], [ -99.942690830769209, 20.402038476923046 ], [ -99.942634338461517, 20.402201415384631 ], [ -99.942577338461504, 20.402283046153837 ], [ -99.942443507692289, 20.40233796923081 ], [ -99.942233169230761, 20.402420430769215 ], [ -99.941974861538441, 20.40249410769232 ], [ -99.942058815384598, 20.402114169230803 ], [ -99.94217121538459, 20.401688907692325 ], [ -99.942254769230757, 20.401245723076933 ] ] ] ] } },
{ "type": "Feature", "properties": { "IDBD": 164832, "FC": 6291, "CONDICION": "CUERPO DE AGUA INTERMITENTE" }, "geometry": { "type": "MultiPolygon", "coordinates": [ [ [ [ -99.857607676923053, 20.394824769230745 ], [ -99.85749327692308, 20.394933769230786 ], [ -99.85739790769226, 20.39501555384614 ], [ -99.857235799999955, 20.395160923076947 ], [ -99.857092753846132, 20.395288123076945 ], [ -99.856911430769188, 20.395424538461537 ], [ -99.856624446153845, 20.395516307692308 ], [ -99.856432892307694, 20.39553532307696 ], [ -99.856087507692294, 20.395464723076905 ], [ -99.855828015384574, 20.395330476923093 ], [ -99.85570239999997, 20.395141338461535 ], [ -99.855586353846121, 20.394952169230795 ], [ -99.855470015384569, 20.394708784615368 ], [ -99.855411123076863, 20.39445607692307 ], [ -99.855390615384565, 20.394212215384648 ], [ -99.855331523076927, 20.393923369230802 ], [ -99.855358569230773, 20.393616030769252 ], [ -99.855368861538452, 20.393311030769237 ], [ -99.855498769230749, 20.392973815384607 ], [ -99.855660430769234, 20.392747138461548 ], [ -99.855774569230718, 20.392592969230783 ], [ -99.855946461538437, 20.392483707692325 ], [ -99.856118599999974, 20.392419615384604 ], [ -99.856262246153818, 20.392400830769247 ], [ -99.856463723076899, 20.392445015384595 ], [ -99.856607815384592, 20.392507569230787 ], [ -99.8567232, 20.392579276923083 ], [ -99.856790938461486, 20.392696415384638 ], [ -99.856860846153822, 20.392775123076913 ], [ -99.856919323076923, 20.392951030769233 ], [ -99.856992015384606, 20.393099753846123 ], [ -99.857064784615375, 20.393262046153843 ], [ -99.857238615384603, 20.393505138461514 ], [ -99.857354953846098, 20.393748538461534 ], [ -99.857413430769199, 20.393924430769214 ], [ -99.857486199999968, 20.394086723076931 ], [ -99.857516, 20.394276323076877 ], [ -99.857509599999958, 20.394418661538474 ], [ -99.857577584615328, 20.394580969230745 ], [ -99.857607076923031, 20.394716353846192 ], [ -99.857607676923053, 20.394824769230745 ] ] ] ] } },
{ "type": "Feature", "properties": { "IDBD": 164842, "FC": 6291, "CONDICION": "CUERPO DE AGUA INTERMITENTE" }, "geometry": { "type": "MultiPolygon", "coordinates": [ [ [ [ -99.882494107692267, 20.394700600000025 ], [ -99.882639538461518, 20.394998030769237 ], [ -99.88265050769229, 20.395241923076888 ], [ -99.882565030769186, 20.395377892307732 ], [ -99.88233495384614, 20.395360984615365 ], [ -99.882238353846134, 20.395225938461515 ], [ -99.882179923076862, 20.395063599999943 ], [ -99.882131138461503, 20.39491024615387 ], [ -99.882197907692259, 20.394855692307676 ], [ -99.882303323076911, 20.394855169230762 ], [ -99.88237024615384, 20.394827723076887 ], [ -99.882494107692267, 20.394700600000025 ] ] ] ] } },
{ "type": "Feature", "properties": { "IDBD": 164847, "FC": 6291, "CONDICION": "CUERPO DE AGUA INTERMITENTE" }, "geometry": { "type": "MultiPolygon", "coordinates": [ [ [ [ -99.909127553846176, 20.395105892307676 ], [ -99.909185261538425, 20.395141723076954 ], [ -99.909243661538426, 20.395295030769219 ], [ -99.909301953846125, 20.39543024615385 ], [ -99.909331323076898, 20.395538523076898 ], [ -99.90901506153844, 20.395531138461546 ], [ -99.908785015384581, 20.395523307692315 ], [ -99.908879353846118, 20.395269815384623 ], [ -99.908936123076884, 20.395143030769248 ], [ -99.909127553846176, 20.395105892307676 ] ] ] ] } },
{ "type": "Feature", "properties": { "IDBD": 164854, "FC": 6291, "CONDICION": "CUERPO DE AGUA INTERMITENTE" }, "geometry": { "type": "MultiPolygon", "coordinates": [ [ [ [ -99.862418815384601, 20.393183692307701 ], [ -99.862754661538446, 20.393263353846137 ], [ -99.862688738461515, 20.393471492307718 ], [ -99.862593969230772, 20.393661707692285 ], [ -99.862479784615346, 20.393806830769233 ], [ -99.862394292307656, 20.3939428 ], [ -99.862280461538433, 20.394151169230774 ], [ -99.862147399999955, 20.394350615384646 ], [ -99.862052276923038, 20.39447758461537 ], [ -99.861927446153814, 20.394433015384635 ], [ -99.861820938461534, 20.394234769230792 ], [ -99.86177172307687, 20.394000076923092 ], [ -99.861712861538422, 20.393756415384615 ], [ -99.861682461538393, 20.393458399999968 ], [ -99.861699169230732, 20.393015569230784 ], [ -99.862418815384601, 20.393183692307701 ] ] ] ] } },
{ "type": "Feature", "properties": { "IDBD": 164868, "FC": 6291, "CONDICION": "CUERPO DE AGUA INTERMITENTE" }, "geometry": { "type": "MultiPolygon", "coordinates": [ [ [ [ -99.909045169230708, 20.394130492307674 ], [ -99.908460323076881, 20.394079323076923 ], [ -99.908555184615366, 20.3939162 ], [ -99.908630938461528, 20.3937622 ], [ -99.9088028, 20.393652876923081 ], [ -99.909099692307649, 20.393624230769245 ], [ -99.909233707692266, 20.393596415384625 ], [ -99.909329353846132, 20.393568815384636 ], [ -99.90934932307691, 20.393704246153867 ], [ -99.909350076923062, 20.393830738461553 ], [ -99.909465692307634, 20.393938553846187 ], [ -99.909504661538463, 20.394046769230769 ], [ -99.909534199999968, 20.394182153846131 ], [ -99.909045169230708, 20.394130492307674 ] ] ] ] } },
{ "type": "Feature", "properties": { "IDBD": 164883, "FC": 6291, "CONDICION": "CUERPO DE AGUA INTERMITENTE" }, "geometry": { "type": "MultiPolygon", "coordinates": [ [ [ [ -99.896705630769219, 20.393037846153856 ], [ -99.896522, 20.392767723076915 ], [ -99.896434861538438, 20.392614569230741 ], [ -99.896347676923085, 20.392452384615385 ], [ -99.896203107692287, 20.392308569230799 ], [ -99.896077907692302, 20.392200784615405 ], [ -99.895905153846144, 20.392156492307752 ], [ -99.895655384615367, 20.392049353846133 ], [ -99.895501292307657, 20.391914615384589 ], [ -99.895577430769208, 20.391823861538473 ], [ -99.895769276923033, 20.391859015384583 ], [ -99.895941876923033, 20.3918762 ], [ -99.896143, 20.391857092307692 ], [ -99.896353661538427, 20.3918289076923 ], [ -99.896574061538431, 20.391827769230812 ], [ -99.896832523076881, 20.391781276923087 ], [ -99.896995369230723, 20.3917714 ], [ -99.896883046153803, 20.39223278461537 ], [ -99.896705630769219, 20.393037846153856 ] ] ] ] } },
{ "type": "Feature", "properties": { "IDBD": 164884, "FC": 6291, "CONDICION": "CUERPO DE AGUA INTERMITENTE" }, "geometry": { "type": "MultiPolygon", "coordinates": [ [ [ [ -99.909442169230744, 20.393197769230749 ], [ -99.908867123076902, 20.393182707692304 ], [ -99.909143938461526, 20.393000553846164 ], [ -99.909296492307647, 20.392864215384623 ], [ -99.909487169230744, 20.392700584615376 ], [ -99.90958204615383, 20.392537461538456 ], [ -99.909609769230755, 20.392365646153831 ], [ -99.909665861538443, 20.392121384615365 ], [ -99.909751199999945, 20.391967338461519 ], [ -99.909827323076883, 20.391876600000028 ], [ -99.909855169230738, 20.391722846153861 ], [ -99.910027123076873, 20.391631600000018 ], [ -99.910103723076929, 20.391622153846097 ], [ -99.910180323076887, 20.391612723076953 ], [ -99.910209723076875, 20.391721 ], [ -99.910201092307645, 20.391883676923079 ], [ -99.91017346153842, 20.392073569230771 ], [ -99.910155092307676, 20.3922092 ], [ -99.910146246153829, 20.392335738461558 ], [ -99.910176276923025, 20.392552430769239 ], [ -99.910187507692299, 20.392832461538465 ], [ -99.910178661538438, 20.392959015384591 ], [ -99.910150446153835, 20.393049507692311 ], [ -99.910122646153795, 20.393212292307702 ], [ -99.909442169230744, 20.393197769230749 ] ] ] ] } },
{ "type": "Feature", "properties": { "IDBD": 164892, "FC": 6291, "CONDICION": "CUERPO DE AGUA INTERMITENTE" }, "geometry": { "type": "MultiPolygon", "coordinates": [ [ [ [ -100.029462953846092, 20.394459030769202 ], [ -100.029450092307655, 20.394422507692305 ], [ -100.029415599999965, 20.394288276923064 ], [ -100.029387676923065, 20.394158384615395 ], [ -100.029351384615339, 20.394027246153861 ], [ -100.029338953846107, 20.393892230769207 ], [ -100.029331661538464, 20.393756876923071 ], [ -100.029328430769198, 20.393621384615372 ], [ -100.029330230769204, 20.393485876923052 ], [ -100.02933047692305, 20.393350353846198 ], [ -100.029331630769207, 20.393214830769253 ], [ -100.029335461538423, 20.393079353846151 ], [ -100.029375584615366, 20.392949215384576 ], [ -100.029412307692283, 20.392818184615393 ], [ -100.029475830769201, 20.392696615384608 ], [ -100.029536030769222, 20.392573553846159 ], [ -100.029598338461511, 20.392451430769263 ], [ -100.029651046153816, 20.392325338461514 ], [ -100.029709476923074, 20.392201523076906 ], [ -100.029763707692283, 20.392076015384657 ], [ -100.029818123076893, 20.39195056923079 ], [ -100.02993861538458, 20.392024461538412 ], [ -100.03005195384614, 20.392107815384627 ], [ -100.030174815384598, 20.392178153846178 ], [ -100.030302846153816, 20.392239753846141 ], [ -100.030435092307656, 20.392292830769239 ], [ -100.03057421538459, 20.392326892307697 ], [ -100.030716261538458, 20.392347615384615 ], [ -100.030858092307682, 20.3923696 ], [ -100.031001799999956, 20.392366538461573 ], [ -100.031144, 20.392386246153851 ], [ -100.031287738461515, 20.392386753846122 ], [ -100.031430599999979, 20.392371861538454 ], [ -100.031573338461527, 20.39236755384615 ], [ -100.031707415384588, 20.39240718461539 ], [ -100.031746661538435, 20.392537553846154 ], [ -100.031696599999961, 20.3926646 ], [ -100.031658415384584, 20.392795246153856 ], [ -100.031561923076865, 20.392895692307654 ], [ -100.031460538461559, 20.392991769230786 ], [ -100.031363507692262, 20.393091753846193 ], [ -100.03128746153844, 20.393206753846151 ], [ -100.031377184615351, 20.393312646153838 ], [ -100.031305138461491, 20.39342992307694 ], [ -100.031256415384576, 20.393557415384649 ], [ -100.031249569230752, 20.393692784615407 ], [ -100.03128226153845, 20.393824769230772 ], [ -100.031285123076927, 20.393960261538506 ], [ -100.031222169230745, 20.394082092307723 ], [ -100.031190015384624, 20.394214184615411 ], [ -100.031183369230732, 20.394349569230791 ], [ -100.031039830769203, 20.394356923076945 ], [ -100.030897030769196, 20.394372246153818 ], [ -100.030753523076939, 20.394379969230787 ], [ -100.030609892307652, 20.394385430769258 ], [ -100.030466584615354, 20.39439576923079 ], [ -100.030323492307673, 20.39440858461538 ], [ -100.03017995384613, 20.394415876923073 ], [ -100.030036430769229, 20.394423138461569 ], [ -100.029892799999971, 20.394428246153829 ], [ -100.029749261538441, 20.394435430769239 ], [ -100.029606615384566, 20.394448430769245 ], [ -100.029462953846092, 20.394459030769202 ] ] ] ] } },
{ "type": "Feature", "properties": { "IDBD": 164943, "FC": 6291, "CONDICION": "CUERPO DE AGUA INTERMITENTE" }, "geometry": { "type": "MultiPolygon", "coordinates": [ [ [ [ -99.942274492307646, 20.390303800000016 ], [ -99.942614846153816, 20.389543 ], [ -99.942843492307659, 20.389324907692306 ], [ -99.942957184615338, 20.389107446153812 ], [ -99.943127846153814, 20.388808353846159 ], [ -99.943442723076913, 20.3885898 ], [ -99.9439304153846, 20.388424523076907 ], [ -99.945250446153835, 20.388037892307675 ], [ -99.945968292307654, 20.387898476923123 ], [ -99.946657707692268, 20.387813415384606 ], [ -99.94726155384609, 20.387837246153897 ], [ -99.947386, 20.387818492307705 ], [ -99.947663676923071, 20.387780846153856 ], [ -99.948067107692296, 20.387941292307719 ], [ -99.94864352307691, 20.388182107692341 ], [ -99.949104953846145, 20.388423553846149 ], [ -99.949769107692276, 20.388907846153849 ], [ -99.950374138461498, 20.3891214 ], [ -99.950922030769192, 20.389398507692338 ], [ -99.942274492307646, 20.390303800000016 ] ] ] ] } },
{ "type": "Feature", "properties": { "IDBD": 164956, "FC": 6291, "CONDICION": "CUERPO DE AGUA INTERMITENTE" }, "geometry": { "type": "MultiPolygon", "coordinates": [ [ [ [ -99.964884876923065, 20.388038800000011 ], [ -99.965413061538442, 20.388225615384613 ], [ -99.965614861538441, 20.388314861538412 ], [ -99.966057153846108, 20.388556353846184 ], [ -99.966394169230711, 20.388816507692312 ], [ -99.966721430769198, 20.389049615384657 ], [ -99.967211676923043, 20.389299892307715 ], [ -99.967414215384579, 20.38950658461539 ], [ -99.967501461538419, 20.389668723076923 ], [ -99.962988584615346, 20.389747923076921 ], [ -99.963368969230729, 20.389275984615345 ], [ -99.963530261538452, 20.389022107692316 ], [ -99.963816046153838, 20.38874946153847 ], [ -99.963958661538442, 20.388567969230792 ], [ -99.964197046153814, 20.388376907692329 ], [ -99.964474046153811, 20.388230815384595 ], [ -99.964712799999973, 20.388103 ], [ -99.964884876923065, 20.388038800000011 ] ] ] ] } },
{ "type": "Feature", "properties": { "IDBD": 164969, "FC": 6291, "CONDICION": "CUERPO DE AGUA INTERMITENTE" }, "geometry": { "type": "MultiPolygon", "coordinates": [ [ [ [ -99.864064753846151, 20.384167138461532 ], [ -99.864755876923041, 20.3843805692308 ], [ -99.864766523076923, 20.384570261538464 ], [ -99.864671953846099, 20.384796615384577 ], [ -99.864586769230769, 20.384986784615414 ], [ -99.864472799999973, 20.385168061538451 ], [ -99.864396784615366, 20.385285892307692 ], [ -99.864282661538439, 20.385440061538475 ], [ -99.864168276923067, 20.385549061538487 ], [ -99.86404450769227, 20.385694246153857 ], [ -99.86391172307691, 20.385938861538452 ], [ -99.863759861538455, 20.386201646153879 ], [ -99.863627076923038, 20.386446261538474 ], [ -99.863484553846149, 20.386663815384619 ], [ -99.8633709230769, 20.386908338461552 ], [ -99.863143353846112, 20.387343169230771 ], [ -99.863048492307669, 20.387515307692325 ], [ -99.862838076923069, 20.387588630769198 ], [ -99.862759907692265, 20.387317953846129 ], [ -99.862768292307663, 20.387101061538445 ], [ -99.862786092307644, 20.386857015384653 ], [ -99.862784738461528, 20.386613061538437 ], [ -99.86284087692303, 20.386368830769207 ], [ -99.862924846153803, 20.385961815384643 ], [ -99.862962030769182, 20.385753815384632 ], [ -99.863037630769185, 20.385563692307699 ], [ -99.863131938461507, 20.385292169230798 ], [ -99.863149846153831, 20.385066184615386 ], [ -99.863157815384596, 20.384777015384607 ], [ -99.863127723076886, 20.384533200000011 ], [ -99.863116784615357, 20.384289292307727 ], [ -99.863115723076859, 20.384099553846131 ], [ -99.86322964615384, 20.383909246153841 ], [ -99.864064753846151, 20.384167138461532 ] ] ] ] } },
{ "type": "Feature", "properties": { "IDBD": 164996, "FC": 6291, "CONDICION": "CUERPO DE AGUA INTERMITENTE" }, "geometry": { "type": "MultiPolygon", "coordinates": [ [ [ [ -99.850345661538398, 20.384695369230748 ], [ -99.850490523076928, 20.384902476923088 ], [ -99.850529753846146, 20.385064923076914 ], [ -99.850511430769174, 20.385218630769216 ], [ -99.850454584615335, 20.385336369230796 ], [ -99.850235184615357, 20.385518138461538 ], [ -99.849986692307652, 20.385636815384643 ], [ -99.849776030769235, 20.385664953846128 ], [ -99.849622461538416, 20.385620523076916 ], [ -99.849487369230758, 20.385449507692314 ], [ -99.849438415384583, 20.38526 ], [ -99.849446369230733, 20.384961784615413 ], [ -99.849531615384578, 20.384780661538446 ], [ -99.84972232307689, 20.384608046153812 ], [ -99.849951953846116, 20.384543692307705 ], [ -99.850143784615383, 20.384578892307697 ], [ -99.850345661538398, 20.384695369230748 ] ] ] ] } },
{ "type": "Feature", "properties": { "IDBD": 165027, "FC": 6291, "CONDICION": "CUERPO DE AGUA INTERMITENTE" }, "geometry": { "type": "MultiPolygon", "coordinates": [ [ [ [ -99.927068030769206, 20.38408763076924 ], [ -99.926757907692277, 20.383501984615393 ], [ -99.926632046153799, 20.383285799999971 ], [ -99.926467538461537, 20.383015615384611 ], [ -99.926408646153831, 20.382781015384641 ], [ -99.926648553846107, 20.382842984615426 ], [ -99.926984892307701, 20.383003830769209 ], [ -99.927120076923046, 20.383174784615395 ], [ -99.927226492307682, 20.383345892307716 ], [ -99.927256599999964, 20.383571615384639 ], [ -99.927181830769214, 20.383888261538416 ], [ -99.927068030769206, 20.38408763076924 ] ] ] ] } },
{ "type": "Feature", "properties": { "IDBD": 165033, "FC": 6292, "CONDICION": "CUERPO DE AGUA PERENNE" }, "geometry": { "type": "MultiPolygon", "coordinates": [ [ [ [ -99.99999, 20.380920978800511 ], [ -99.999993067663667, 20.380919756460532 ], [ -99.999994931232578, 20.380919216516844 ], [ -99.999996863991583, 20.38091904660282 ], [ -99.999998793183366, 20.38091925311474 ], [ -100.0, 20.380919627705417 ], [ -100.0, 20.380785215384606 ], [ -100.000131123076955, 20.380729723076907 ], [ -100.000263876922986, 20.380677784615397 ], [ -100.000399938461968, 20.380634092307684 ], [ -100.000537353845971, 20.3805944153846 ], [ -100.000671046153983, 20.38054464615379 ], [ -100.000806938461949, 20.380500507692329 ], [ -100.000942953846007, 20.380456738461479 ], [ -100.001078769230986, 20.380412400000044 ], [ -100.001215246153947, 20.38036990769233 ], [ -100.001349, 20.380320292307697 ], [ -100.001486676922966, 20.380281400000015 ], [ -100.001621630768952, 20.380234769230789 ], [ -100.001759646153943, 20.380196969230834 ], [ -100.001894461537987, 20.380149969230764 ], [ -100.002028399999972, 20.380100830769202 ], [ -100.002162015384954, 20.380050892307665 ], [ -100.002291261537962, 20.379991615384601 ], [ -100.002415061537974, 20.37992276923077 ], [ -100.002542599999956, 20.379860292307683 ], [ -100.002670276922998, 20.379798061538501 ], [ -100.002792076922958, 20.379726107692292 ], [ -100.00292009230796, 20.379664507692297 ], [ -100.003049876922987, 20.379606276923109 ], [ -100.003171507691988, 20.379534076923111 ], [ -100.003288153845986, 20.379454907692306 ], [ -100.00340479999997, 20.379375723076873 ], [ -100.003514569230958, 20.379288230769191 ], [ -100.003631553845992, 20.379209507692288 ], [ -100.003740984614964, 20.379121646153841 ], [ -100.003842599999984, 20.379025800000033 ], [ -100.003910692307983, 20.378906461538474 ], [ -100.003948246153996, 20.378775630769258 ], [ -100.003962415384962, 20.378640769230788 ], [ -100.003965, 20.378505261538482 ], [ -100.003966415384937, 20.378369753846233 ], [ -100.003955399999938, 20.378234615384603 ], [ -100.00394352307697, 20.378099553846191 ], [ -100.003918, 20.377966184615403 ], [ -100.003897723076946, 20.377832015384651 ], [ -100.003880353846, 20.377697476923124 ], [ -100.003872723076938, 20.377562153846206 ], [ -100.003863399999958, 20.377426907692342 ], [ -100.003853723076958, 20.37729169230769 ], [ -100.003842769230985, 20.377156553846209 ], [ -100.003806861537981, 20.377025323076939 ], [ -100.003766846153951, 20.376895169230796 ], [ -100.003725276922992, 20.376765430769201 ], [ -100.003679353845982, 20.376633246153808 ], [ -100.003646415384992, 20.3765048153846 ], [ -100.003630276922962, 20.376370138461496 ], [ -100.003640569230967, 20.376234953846197 ], [ -100.003671630768963, 20.376102630769228 ], [ -100.003716446153987, 20.375973876923098 ], [ -100.003741646153983, 20.375840446153848 ], [ -100.003752184614939, 20.375705276923107 ], [ -100.003721923076981, 20.375572800000018 ], [ -100.003635646153967, 20.37546439999997 ], [ -100.003505876922958, 20.375406169230811 ], [ -100.003362523076959, 20.37539655384618 ], [ -100.003228107691953, 20.375348538461505 ], [ -100.003095323076963, 20.375296707692296 ], [ -100.002965015384973, 20.375239553846168 ], [ -100.002835907691988, 20.375180015384572 ], [ -100.00270621538499, 20.375121600000011 ], [ -100.002577184614992, 20.375061923076906 ], [ -100.002515599999953, 20.375031753846216 ], [ -100.002438984614997, 20.375000092307726 ], [ -100.002387830768953, 20.374977723076874 ], [ -100.001921476922988, 20.374856 ], [ -100.001710723076968, 20.374865523076878 ], [ -100.001424446153976, 20.374713430769173 ], [ -100.00118693846197, 20.374517876923104 ], [ -100.000942615384972, 20.374280276923088 ], [ -100.000836092307964, 20.374075953846244 ], [ -100.00054490769196, 20.373798492307717 ], [ -100.000413799999976, 20.373611061538512 ], [ -100.000287876922968, 20.373451830769206 ], [ -100.000175430768948, 20.373057307692335 ], [ -100.000123846153983, 20.37278841538458 ], [ -100.000241769230996, 20.372481953846179 ], [ -100.000128199999963, 20.372004430769227 ], [ -100.000136061537987, 20.371675076923129 ], [ -100.000119599999962, 20.371444646153822 ], [ -100.000165, 20.371223876923072 ], [ -100.000185261537993, 20.37111521538462 ], [ -100.000174015384999, 20.370996861538526 ], [ -100.000183538461954, 20.370848784615418 ], [ -100.000172046154006, 20.370690969230822 ], [ -100.000138830769004, 20.3704148461538 ], [ -100.000050661537969, 20.37012287692313 ], [ -100.000002866747991, 20.370093863322495 ], [ -100.000002889150949, 20.37010557522969 ], [ -99.999994810828255, 20.37010067132217 ], [ -99.999993179031506, 20.370099435695415 ], [ -99.999992876726196, 20.370099089379046 ], [ -99.999996430769201, 20.37195704615382 ], [ -99.9998759538462, 20.371099384615388 ], [ -99.999874676923085, 20.370900615384571 ], [ -99.999892953846185, 20.370764984615377 ], [ -99.999882030769186, 20.370557246153812 ], [ -99.999702830769166, 20.369672446153793 ], [ -99.99999, 20.368678976754296 ], [ -99.99999, 20.368648044323184 ], [ -99.999990272117742, 20.368647756921057 ], [ -99.999991819427663, 20.368646647538977 ], [ -99.999993548951267, 20.368645851520903 ], [ -99.999995397995065, 20.368645397721512 ], [ -99.999997299533078, 20.368645302590647 ], [ -99.999999184636579, 20.368645569576689 ], [ -100.0, 20.368645850111253 ], [ -100.0, 20.368644369230818 ], [ -100.000233569230971, 20.368493846153818 ], [ -100.000424369230956, 20.36814250769228 ], [ -100.000463092307996, 20.36779126153851 ], [ -100.000339476922946, 20.367144769230823 ], [ -100.0, 20.366981507692309 ], [ -100.0, 20.366814327859924 ], [ -99.999998542511264, 20.366814731991393 ], [ -99.999996550316979, 20.366814872546243 ], [ -99.99999, 20.366814678678921 ], [ -99.99999, 20.366804674300024 ], [ -99.999492630769197, 20.366789953846197 ], [ -99.999030246153865, 20.366730353846183 ], [ -99.998756338461476, 20.3666478 ], [ -99.998448553846075, 20.366555046153831 ], [ -99.998258399999969, 20.366476815384647 ], [ -99.998122723076904, 20.366333661538462 ], [ -99.998080476923064, 20.366040876923108 ], [ -99.998455261538453, 20.3647286307692 ], [ -99.998568830769187, 20.364511123076891 ], [ -99.9987662, 20.364286384615429 ], [ -99.999023461538471, 20.364068061538504 ], [ -99.999151569230762, 20.363877584615388 ], [ -99.999265338461456, 20.363687200000012 ], [ -99.999307323076891, 20.363510769230817 ], [ -99.999517138461471, 20.363277815384563 ], [ -99.99920453846147, 20.363172538461523 ], [ -99.999325153846172, 20.3629346615385 ], [ -99.999353369230789, 20.3628531846154 ], [ -99.999429861538488, 20.362825646153823 ], [ -99.999477507692262, 20.362789230769209 ], [ -99.999486523076868, 20.362698830769219 ], [ -99.999485369230754, 20.362518123076914 ], [ -99.9994752, 20.362427830769207 ], [ -99.999445523076872, 20.362283430769235 ], [ -99.999435123076879, 20.362157 ], [ -99.999405676923075, 20.362048753846224 ], [ -99.999366661538488, 20.361940553846214 ], [ -99.999308430769162, 20.361823430769196 ], [ -99.999279, 20.361715169230809 ], [ -99.999278215384564, 20.361597707692351 ], [ -99.999248692307646, 20.361471384615403 ], [ -99.999228984615399, 20.361390184615409 ], [ -99.999218784615366, 20.3612908615385 ], [ -99.999246184615387, 20.36108289230771 ], [ -99.999293723076846, 20.361028400000027 ], [ -99.999369907692284, 20.360955692307734 ], [ -99.999455353846201, 20.360837738461491 ], [ -99.999512323076857, 20.360756092307675 ], [ -99.999578476923062, 20.360611153846222 ], [ -99.999616015384589, 20.360493476923097 ], [ -99.999720123076855, 20.360294107692319 ], [ -99.999743984615378, 20.360162692307693 ], [ -99.999770230769158, 20.360042 ], [ -99.999817461538484, 20.359905569230786 ], [ -99.999827938461451, 20.359742876923132 ], [ -99.999812215384551, 20.3595592 ], [ -99.999775492307691, 20.359370292307695 ], [ -99.999686276923072, 20.359191815384605 ], [ -99.99963904615376, 20.359086923076919 ], [ -99.999558476923056, 20.358993953846213 ], [ -99.999462107692281, 20.358904153846204 ], [ -99.999356184615365, 20.358823446153831 ], [ -99.999221353846153, 20.358715784615367 ], [ -99.999144415384606, 20.358671046153805 ], [ -99.999057923076876, 20.358626369230802 ], [ -99.998971353846173, 20.358572661538524 ], [ -99.998894338461497, 20.358518876923071 ], [ -99.998826123076881, 20.358338569230792 ], [ -99.998834969230785, 20.358221061538526 ], [ -99.998882276923098, 20.358130430769219 ], [ -99.998977384615401, 20.35802146153851 ], [ -99.99905466153848, 20.358120415384594 ], [ -99.999035984615389, 20.35819280000003 ], [ -99.999046261538481, 20.358301169230785 ], [ -99.999065923076842, 20.358382369230785 ], [ -99.999066492307705, 20.358472723076947 ], [ -99.999124415384557, 20.358535630769182 ], [ -99.99918215384605, 20.358580476923109 ], [ -99.999278430769152, 20.358652215384613 ], [ -99.999384184615352, 20.35870581538461 ], [ -99.999518769230775, 20.358777338461508 ], [ -99.999653446153744, 20.358866923076892 ], [ -99.999759384615388, 20.358947630769233 ], [ -99.999957476923072, 20.359126292307685 ], [ -99.999964399999968, 20.360131153846233 ], [ -99.999959138461477, 20.360267615384593 ], [ -99.999940723076904, 20.360328984615403 ], [ -99.999912784615361, 20.360455630769199 ], [ -99.999855984615351, 20.360564384615394 ], [ -99.999780169230746, 20.360691307692282 ], [ -99.999704184615354, 20.360791138461501 ], [ -99.999618599999977, 20.360891015384592 ], [ -99.999542569230769, 20.360990846153772 ], [ -99.99947658461538, 20.361153846153826 ], [ -99.999400738461446, 20.361280784615406 ], [ -99.999382384615387, 20.361407384615443 ], [ -99.999402523076881, 20.361560861538486 ], [ -99.999479938461462, 20.361677876923082 ], [ -99.999557523076845, 20.361822 ], [ -99.999606215384603, 20.361948215384604 ], [ -99.999635676923091, 20.362056461538533 ], [ -99.999703907692265, 20.362236784615405 ], [ -99.999714353846187, 20.362372246153807 ], [ -99.999725199999958, 20.362570969230791 ], [ -99.999735676923052, 20.362706430769201 ], [ -99.999726830769148, 20.362823938461467 ], [ -99.999698692307675, 20.362914461538498 ], [ -99.999699430769198, 20.363031907692282 ], [ -99.999728938461459, 20.3631492 ], [ -99.999805938461449, 20.363202969230805 ], [ -99.999882676923079, 20.36322060000002 ], [ -99.99999, 20.363214641624108 ], [ -99.99999, 20.363214076923121 ], [ -99.999990202463266, 20.363212074855301 ], [ -99.999990801655059, 20.363210153856567 ], [ -99.999991773312388, 20.363208391713304 ], [ -99.999993078090185, 20.363206859779311 ], [ -99.999994663154581, 20.363205620086688 ], [ -99.999996464322052, 20.363204722834052 ], [ -99.999997864077983, 20.363204349572328 ], [ -99.999998318986258, 20.363204370594879 ], [ -100.000000285492973, 20.363204871599876 ], [ -100.00000211036199, 20.363205759297031 ], [ -100.000003718442954, 20.36320699712952 ], [ -100.000005043512957, 20.363208534121529 ], [ -100.000006031002968, 20.363210306977443 ], [ -100.000006640245971, 20.363212242688306 ], [ -100.000006846153951, 20.363214261538516 ], [ -100.000006846153951, 20.363214362953411 ], [ -100.000028353845977, 20.363215261538503 ], [ -100.000085169230971, 20.363300323076913 ], [ -100.000161338461965, 20.363355430769236 ], [ -100.000274030769006, 20.363412969230769 ], [ -100.000258246153962, 20.363516615384555 ], [ -100.000216123076953, 20.363577307692285 ], [ -100.000168323076977, 20.363567 ], [ -100.000070492308012, 20.363431076923099 ], [ -100.00000652630402, 20.363413137963168 ], [ -100.000006108574965, 20.363414538522807 ], [ -100.000005212324965, 20.363416247111751 ], [ -100.000004004640985, 20.363417751784517 ], [ -100.000002530479961, 20.3634189965289 ], [ -100.000000844718002, 20.363419935008785 ], [ -99.999999010107075, 20.36342053228902 ], [ -99.999997094942387, 20.363420766135533 ], [ -99.999996800973392, 20.363420745010423 ], [ -99.999995571626499, 20.363420273711903 ], [ -99.999993995209692, 20.363419304097413 ], [ -99.99999262447156, 20.363418060586525 ], [ -99.999991506363088, 20.36341658577269 ], [ -99.999990679182304, 20.363414930171796 ], [ -99.999990171262098, 20.363413150492171 ], [ -99.99999, 20.363411307692264 ], [ -99.99999, 20.363409605611579 ], [ -99.99982513846146, 20.363381584615418 ], [ -99.999504753846168, 20.363485876923104 ], [ -99.999480723076857, 20.363658861538489 ], [ -99.999351369230794, 20.364027784615391 ], [ -99.999093630769138, 20.364173815384575 ], [ -99.99876115384609, 20.364618446153784 ], [ -99.998685538461444, 20.364781523076921 ], [ -99.998460553846172, 20.365550800000019 ], [ -99.998441092307672, 20.366219523076872 ], [ -99.99853056923078, 20.366294 ], [ -99.99876921538457, 20.366409646153766 ], [ -99.999127230769147, 20.366555061538509 ], [ -99.999488892307653, 20.366562569230815 ], [ -99.999996846153749, 20.366573753846186 ], [ -99.999996846153792, 20.366689521603902 ], [ -99.999998218738085, 20.366689129154288 ], [ -100.000000197332, 20.366688971177997 ], [ -100.000002168151966, 20.366689207104095 ], [ -100.000004053550981, 20.366689827637515 ], [ -100.000006846153951, 20.366691065929132 ], [ -100.000006846153966, 20.366702004941292 ], [ -100.000471476922982, 20.366908030769224 ], [ -100.000842030768979, 20.367486769230776 ], [ -100.000852661537948, 20.368025553846184 ], [ -100.000775953845988, 20.368329092307722 ], [ -100.000663153846006, 20.368578953846228 ], [ -100.000435953845979, 20.368829476923136 ], [ -100.000006846153966, 20.369227132567701 ], [ -100.000006846153966, 20.369240766274306 ], [ -100.000006797150974, 20.369240811685611 ], [ -100.000005262574987, 20.369241980175882 ], [ -100.000003532214976, 20.369242832320175 ], [ -100.000001670446991, 20.369243336416321 ], [ -99.999999746533462, 20.369243473710327 ], [ -99.999997832049473, 20.369243239094477 ], [ -99.999996846153792, 20.36924291770929 ], [ -99.999996846153778, 20.369439907692282 ], [ -99.999906246153756, 20.369624030769188 ], [ -99.999935261538468, 20.369779 ], [ -99.99999, 20.369831511762293 ], [ -99.99999, 20.369817654284059 ], [ -99.99999929199916, 20.36982656829521 ], [ -100.0, 20.369827399328511 ], [ -100.0, 20.369790661538499 ], [ -100.000026323076952, 20.369791138461537 ], [ -100.000154292307982, 20.369725107692283 ], [ -100.000578846153942, 20.369889507692292 ], [ -100.000517015384986, 20.370080107692331 ], [ -100.000427876922956, 20.370409184615433 ], [ -100.000472323076963, 20.370641461538465 ], [ -100.000458399999985, 20.370977246153803 ], [ -100.000369230768968, 20.371301276923113 ], [ -100.000422046153986, 20.37163830769228 ], [ -100.00035127692297, 20.371888630769202 ], [ -100.00038092307696, 20.372368246153794 ], [ -100.000377953845955, 20.372683461538521 ], [ -100.000394723076951, 20.373026507692288 ], [ -100.000404846153941, 20.373349153846242 ], [ -100.000660461537947, 20.373617846153774 ], [ -100.000797307691968, 20.373837061538502 ], [ -100.000937461537987, 20.3739802 ], [ -100.001312430768948, 20.374288415384608 ], [ -100.001497415384961, 20.374415061538471 ], [ -100.001761353845993, 20.374598292307702 ], [ -100.002034476922987, 20.374679538461528 ], [ -100.002392553845965, 20.374681323076878 ], [ -100.002744599999943, 20.374564630769179 ], [ -100.002979815384975, 20.37468459999997 ], [ -100.003123492307964, 20.374774738461515 ], [ -100.003345753845963, 20.3748442 ], [ -100.003396738461987, 20.374982030769218 ], [ -100.00340856923097, 20.375000092307687 ], [ -100.003471353845967, 20.375078153846211 ], [ -100.00355261538499, 20.375189938461496 ], [ -100.003654430768961, 20.375285584615419 ], [ -100.003762461537974, 20.375374969230801 ], [ -100.003803153845951, 20.375504953846182 ], [ -100.003830323076954, 20.375638030769231 ], [ -100.00383132307698, 20.37577355384623 ], [ -100.003867046153971, 20.375904830769201 ], [ -100.00388813846196, 20.376036507692355 ], [ -100.003910261537953, 20.376170538461501 ], [ -100.003914876923005, 20.376303353846193 ], [ -100.00395009230796, 20.37643473846153 ], [ -100.00396883076894, 20.37656926153846 ], [ -100.003992923076964, 20.376703292307713 ], [ -100.004014815384977, 20.376836692307677 ], [ -100.004036215384986, 20.376970707692326 ], [ -100.004057599999967, 20.377104723076865 ], [ -100.004093692307976, 20.37723493846153 ], [ -100.004126430768963, 20.377365907692329 ], [ -100.00415601538495, 20.3775 ], [ -100.004168646153971, 20.377634015384576 ], [ -100.004179076922952, 20.377768107692297 ], [ -100.004188199999959, 20.377904338461502 ], [ -100.004189861537967, 20.378039861538515 ], [ -100.004207384615, 20.378174369230848 ], [ -100.004233015384955, 20.378307723076869 ], [ -100.004242199999936, 20.378442969230822 ], [ -100.004236461537957, 20.378578400000027 ], [ -100.004233630768979, 20.378713892307736 ], [ -100.004213046154007, 20.378848015384595 ], [ -100.004182523076977, 20.37898046153849 ], [ -100.00412449230798, 20.379104446153836 ], [ -100.004025230768974, 20.379202446153847 ], [ -100.00391698461496, 20.379291615384641 ], [ -100.003813415384968, 20.37938556923076 ], [ -100.003695138461964, 20.379462569230807 ], [ -100.003581661537979, 20.379545738461484 ], [ -100.003466399999965, 20.379626692307678 ], [ -100.003356138461982, 20.379713630769221 ], [ -100.003241907691987, 20.379795892307651 ], [ -100.003125630768977, 20.379875538461508 ], [ -100.003008707691961, 20.379954369230806 ], [ -100.002891523076968, 20.380032830769203 ], [ -100.00277433846199, 20.380111276923117 ], [ -100.002655199999978, 20.380187107692304 ], [ -100.002526738461953, 20.380247876923097 ], [ -100.002393, 20.380297523076891 ], [ -100.002259553845974, 20.380347846153761 ], [ -100.00212278461494, 20.380389507692303 ], [ -100.001984184614955, 20.380425353846242 ], [ -100.001846784614969, 20.38046512307692 ], [ -100.00170913846199, 20.380504138461525 ], [ -100.001578369230941, 20.380560369230807 ], [ -100.001450661537987, 20.380622523076877 ], [ -100.001316107691991, 20.380670184615415 ], [ -100.001185138461963, 20.380726015384592 ], [ -100.001050846153944, 20.380774292307716 ], [ -100.000912661537967, 20.380811569230801 ], [ -100.000782, 20.380868015384578 ], [ -100.000650876922975, 20.380923507692323 ], [ -100.000514076922968, 20.380965076923097 ], [ -100.00038243076898, 20.381019476923083 ], [ -100.000272399999972, 20.381070861538507 ], [ -100.000129846153968, 20.381144261538502 ], [ -100.0, 20.38120203076917 ], [ -100.0, 20.381117948936485 ], [ -99.99999, 20.381121696916161 ], [ -99.99999, 20.381111017620764 ], [ -99.999436353846079, 20.381318523076899 ], [ -99.999208061538454, 20.381577338461518 ], [ -99.999080276923081, 20.381822015384603 ], [ -99.998981676923066, 20.382134292307711 ], [ -99.998955384615371, 20.382513923076882 ], [ -99.999232384615368, 20.383122215384613 ], [ -99.999464876923071, 20.383513923076894 ], [ -99.99975178461537, 20.383799153846223 ], [ -99.99999, 20.383861533963788 ], [ -99.99999, 20.383851196783684 ], [ -99.999999071689587, 20.383853572335809 ], [ -100.0, 20.383853910734878 ], [ -100.0, 20.383726261538524 ], [ -100.00002424615397, 20.383745600000019 ], [ -100.000130276922974, 20.383837200000013 ], [ -100.000239430768971, 20.383926046153757 ], [ -100.000345061537985, 20.384016784615355 ], [ -100.000464076922967, 20.384090276923128 ], [ -100.000595723076941, 20.384144092307704 ], [ -100.00073063076897, 20.384190846153786 ], [ -100.000865507691998, 20.384237676923075 ], [ -100.00100484615399, 20.384263615384594 ], [ -100.001146615384954, 20.384293153846198 ], [ -100.001289553845993, 20.3842851538462 ], [ -100.001430430768949, 20.384259846153782 ], [ -100.001569661537971, 20.384229292307722 ], [ -100.001710569230966, 20.384204200000017 ], [ -100.001850338461963, 20.384168261538537 ], [ -100.001988276922987, 20.384134723076926 ], [ -100.002119461537959, 20.384079369230797 ], [ -100.002251692307993, 20.384026230769244 ], [ -100.002382276922987, 20.383969615384611 ], [ -100.00251289230799, 20.3839130615385 ], [ -100.002637538461954, 20.383849476923103 ], [ -100.002758723076965, 20.383776430769213 ], [ -100.002875476922966, 20.383697369230806 ], [ -100.003116261537997, 20.383638261538529 ], [ -100.003275107691991, 20.383653969230796 ], [ -100.003357292307953, 20.383724938461505 ], [ -100.00325004615398, 20.383815169230804 ], [ -100.003129092308015, 20.383888399999961 ], [ -100.003010769230968, 20.383965323076882 ], [ -100.002887261537978, 20.384034630769207 ], [ -100.002759292307957, 20.3840963384615 ], [ -100.002633953846001, 20.384162676923083 ], [ -100.00250203076898, 20.3842164615385 ], [ -100.002367969231003, 20.384265307692331 ], [ -100.002233553845954, 20.384313323076903 ], [ -100.002092015384974, 20.384336892307719 ], [ -100.001950984614979, 20.384363 ], [ -100.001821584614959, 20.384422 ], [ -100.001693092307988, 20.384482738461479 ], [ -100.001564153845962, 20.384542615384596 ], [ -100.001442292307956, 20.384614461538522 ], [ -100.00127601538496, 20.384621784615405 ], [ -100.00112138461499, 20.384545015384589 ], [ -100.00104404615395, 20.384502876923097 ], [ -100.00089, 20.384506261538512 ], [ -100.000754153845946, 20.384461953846206 ], [ -100.000564230768958, 20.384388030769209 ], [ -100.000462553845992, 20.384346123076924 ], [ -100.000360646153965, 20.384272353846207 ], [ -100.000284969230989, 20.384191384615406 ], [ -100.000184661537986, 20.38417424615379 ], [ -100.000045461537994, 20.384099261538484 ], [ -100.000007876598971, 20.384072182575416 ], [ -100.000007955888975, 20.38408456480818 ], [ -99.999997909333544, 20.38407732652842 ], [ -99.999998230769179, 20.384127523076923 ], [ -99.999709646153761, 20.383948476923088 ], [ -99.999545861538479, 20.383813876923096 ], [ -99.99921759999998, 20.383427246153818 ], [ -99.998935876923085, 20.382832538461486 ], [ -99.998789769230726, 20.382462923076883 ], [ -99.998778046153788, 20.382128692307671 ], [ -99.998891153846188, 20.381838907692291 ], [ -99.99909996923077, 20.381530523076908 ], [ -99.999375569230779, 20.381176569230814 ], [ -99.99999, 20.380931743418508 ], [ -99.99999, 20.380920978800511 ] ] ] ] } },
{ "type": "Feature", "properties": { "IDBD": 165034, "FC": 6291, "CONDICION": "CUERPO DE AGUA INTERMITENTE" }, "geometry": { "type": "MultiPolygon", "coordinates": [ [ [ [ -99.887055046153804, 20.382877138461577 ], [ -99.887293246153803, 20.382641 ], [ -99.887349861538425, 20.382487107692317 ], [ -99.887406261538459, 20.38229707692312 ], [ -99.887530415384589, 20.382224169230728 ], [ -99.887597953846125, 20.382305138461565 ], [ -99.887636799999981, 20.382395292307677 ], [ -99.88764710769226, 20.382521738461531 ], [ -99.887666953846121, 20.382639107692334 ], [ -99.887715476923077, 20.382747276923119 ], [ -99.887534292307663, 20.382901800000017 ], [ -99.887305461538418, 20.383101753846177 ], [ -99.887113523076891, 20.38304850769228 ], [ -99.886988846153812, 20.383031076923057 ], [ -99.887055046153804, 20.382877138461577 ] ] ] ] } },
{ "type": "Feature", "properties": { "IDBD": 165085, "FC": 6291, "CONDICION": "CUERPO DE AGUA INTERMITENTE" }, "geometry": { "type": "MultiPolygon", "coordinates": [ [ [ [ -99.853861153846154, 20.377503984615359 ], [ -99.854217230769194, 20.377782338461568 ], [ -99.854496338461487, 20.378006861538445 ], [ -99.854333646153833, 20.378043799999965 ], [ -99.854228399999968, 20.37807143076925 ], [ -99.854142461538416, 20.378126061538467 ], [ -99.854085415384574, 20.378207661538433 ], [ -99.854009215384579, 20.378289353846192 ], [ -99.853904153846116, 20.378353123076892 ], [ -99.853847215384604, 20.378452784615373 ], [ -99.853790369230737, 20.378570523076885 ], [ -99.853733476923026, 20.378679230769222 ], [ -99.8536668461538, 20.378760876923096 ], [ -99.853609061538464, 20.378706938461566 ], [ -99.853531461538466, 20.378535646153846 ], [ -99.853463846153787, 20.378436584615397 ], [ -99.853434446153827, 20.378319276923069 ], [ -99.8534431384615, 20.37815658461534 ], [ -99.853480723076871, 20.378020876923038 ], [ -99.853556630769219, 20.377884969230763 ], [ -99.853861153846154, 20.377503984615359 ] ] ] ] } },
{ "type": "Feature", "properties": { "IDBD": 165151, "FC": 6291, "CONDICION": "CUERPO DE AGUA INTERMITENTE" }, "geometry": { "type": "MultiPolygon", "coordinates": [ [ [ [ -100.031493030769198, 20.376731215384606 ], [ -100.03136609230765, 20.376770599999986 ], [ -100.031259369230753, 20.376738430769244 ], [ -100.031158353846095, 20.376662953846168 ], [ -100.031130523076911, 20.37653 ], [ -100.031153430769209, 20.376396199999974 ], [ -100.031186646153785, 20.376264353846157 ], [ -100.031294861538456, 20.376175169230763 ], [ -100.031426799999977, 20.376228892307697 ], [ -100.031530030769176, 20.376323184615373 ], [ -100.031630169230723, 20.376420400000026 ], [ -100.03168095384612, 20.376547184615415 ], [ -100.031621569230751, 20.376670600000036 ], [ -100.031493030769198, 20.376731215384606 ] ] ] ] } },
{ "type": "Feature", "properties": { "IDBD": 165162, "FC": 6291, "CONDICION": "CUERPO DE AGUA INTERMITENTE" }, "geometry": { "type": "MultiPolygon", "coordinates": [ [ [ [ -99.944414261538483, 20.375031507692345 ], [ -99.944403892307676, 20.374905061538435 ], [ -99.944507584615366, 20.374624415384631 ], [ -99.944669492307654, 20.374460892307656 ], [ -99.944985184615348, 20.374377861538445 ], [ -99.945138784615366, 20.374431246153826 ], [ -99.945333015384563, 20.374854861538441 ], [ -99.944892707692276, 20.374929523076947 ], [ -99.944414261538483, 20.375031507692345 ] ] ] ] } },
{ "type": "Feature", "properties": { "IDBD": 165201, "FC": 6291, "CONDICION": "CUERPO DE AGUA INTERMITENTE" }, "geometry": { "type": "MultiPolygon", "coordinates": [ [ [ [ -99.911928599999953, 20.371138353846177 ], [ -99.911947553846119, 20.371102107692312 ], [ -99.912062476923055, 20.371092476923067 ], [ -99.912205907692282, 20.371046553846163 ], [ -99.912358907692251, 20.370991538461546 ], [ -99.912540892307661, 20.370981553846182 ], [ -99.912722830769226, 20.370962523076916 ], [ -99.912666753846125, 20.371206784615431 ], [ -99.912610707692281, 20.371451030769222 ], [ -99.912505015384596, 20.371397369230774 ], [ -99.912303738461517, 20.371389384615391 ], [ -99.912159861538441, 20.371363030769174 ], [ -99.911958338461517, 20.371309876923064 ], [ -99.911900046153818, 20.371174646153833 ], [ -99.911928599999953, 20.371138353846177 ] ] ] ] } },
{ "type": "Feature", "properties": { "IDBD": 165204, "FC": 6291, "CONDICION": "CUERPO DE AGUA INTERMITENTE" }, "geometry": { "type": "MultiPolygon", "coordinates": [ [ [ [ -99.908610799999977, 20.370694846153839 ], [ -99.908661399999971, 20.371155400000028 ], [ -99.908306646153804, 20.37111206153844 ], [ -99.908152876923069, 20.371031538461569 ], [ -99.907960815384598, 20.370960261538485 ], [ -99.907807138461521, 20.370897815384634 ], [ -99.907605046153833, 20.370745261538442 ], [ -99.907431799999955, 20.370610630769235 ], [ -99.907229799999953, 20.370476153846166 ], [ -99.906999199999973, 20.370368923076942 ], [ -99.906768723076908, 20.37027976923077 ], [ -99.906508984615343, 20.3701004 ], [ -99.906365076923066, 20.370065015384618 ], [ -99.906172707692235, 20.369939507692322 ], [ -99.905990461538423, 20.369904323076959 ], [ -99.905818138461527, 20.369932323076952 ], [ -99.905674907692301, 20.370014384615406 ], [ -99.905560399999956, 20.370096292307736 ], [ -99.905417538461506, 20.3702416 ], [ -99.905284138461496, 20.370368784615408 ], [ -99.90516969230768, 20.370459738461559 ], [ -99.905103523076875, 20.370613692307714 ], [ -99.905017969230727, 20.370731584615406 ], [ -99.904855723076892, 20.370840861538444 ], [ -99.904645569230723, 20.370950369230769 ], [ -99.904444953846138, 20.371050800000013 ], [ -99.904272692307657, 20.371087830769234 ], [ -99.904129246153829, 20.371133753846152 ], [ -99.904099230769205, 20.370917061538478 ], [ -99.904328753846116, 20.370843584615375 ], [ -99.904510430769207, 20.370779399999982 ], [ -99.904672676923056, 20.370670138461531 ], [ -99.904844353846144, 20.370533707692303 ], [ -99.905054399999983, 20.370406123076936 ], [ -99.905158799999953, 20.370233907692331 ], [ -99.905224599999983, 20.370016723076919 ], [ -99.905252061538434, 20.369799723076941 ], [ -99.905327784615366, 20.369636692307679 ], [ -99.905499430769211, 20.369500276923084 ], [ -99.905652461538466, 20.369454307692305 ], [ -99.905843769230714, 20.369399092307699 ], [ -99.906054569230747, 20.369398 ], [ -99.906246123076883, 20.369387969230775 ], [ -99.906457076923061, 20.369413984615395 ], [ -99.906716138461476, 20.369475876923069 ], [ -99.907234461538422, 20.369635830769258 ], [ -99.907426830769182, 20.369761323076926 ], [ -99.907686046153785, 20.36985033846155 ], [ -99.907772923076877, 20.369958307692318 ], [ -99.907869199999979, 20.370039123076953 ], [ -99.908061138461491, 20.370092338461546 ], [ -99.908300938461494, 20.370136261538494 ], [ -99.908559507692289, 20.370116846153863 ], [ -99.908610799999977, 20.370694846153839 ] ] ] ] } },
{ "type": "Feature", "properties": { "IDBD": 165232, "FC": 6291, "CONDICION": "CUERPO DE AGUA INTERMITENTE" }, "geometry": { "type": "MultiPolygon", "coordinates": [ [ [ [ -99.990673723076924, 20.370447107692321 ], [ -99.990499707692294, 20.37020415384616 ], [ -99.990336369230732, 20.370132799999965 ], [ -99.990019123076905, 20.369962923076937 ], [ -99.989931846153809, 20.369800784615375 ], [ -99.990065476923064, 20.369718707692325 ], [ -99.990237461538456, 20.369645446153854 ], [ -99.990467707692275, 20.36968932307693 ], [ -99.990727138461509, 20.369805307692324 ], [ -99.990938553846107, 20.369903492307646 ], [ -99.991169230769202, 20.370019646153882 ], [ -99.991342676923054, 20.37017226153845 ], [ -99.990998646153827, 20.370309738461518 ], [ -99.990673723076924, 20.370447107692321 ] ] ] ] } },
{ "type": "Feature", "properties": { "IDBD": 165236, "FC": 6291, "CONDICION": "CUERPO DE AGUA INTERMITENTE" }, "geometry": { "type": "MultiPolygon", "coordinates": [ [ [ [ -100.033773938461508, 20.37089172307693 ], [ -100.033772, 20.3707562 ], [ -100.033770953846116, 20.370710092307654 ], [ -100.03376892307692, 20.370620707692357 ], [ -100.033763830769189, 20.370485261538462 ], [ -100.033758, 20.370411784615431 ], [ -100.033787153846134, 20.37037315384616 ], [ -100.033921938461489, 20.370326153846189 ], [ -100.034061953846148, 20.370295553846169 ], [ -100.034196492307672, 20.370247923076928 ], [ -100.034339846153799, 20.37023833846153 ], [ -100.034456553846127, 20.370317430769184 ], [ -100.034591015384578, 20.370269630769204 ], [ -100.034689953846097, 20.370288076923043 ], [ -100.034673246153829, 20.370357969230795 ], [ -100.034630692307658, 20.370487415384662 ], [ -100.034551553846129, 20.370600538461506 ], [ -100.034429276923007, 20.370671738461528 ], [ -100.03431386153845, 20.370752492307698 ], [ -100.034196230769211, 20.370830369230735 ], [ -100.034055876923048, 20.370859507692316 ], [ -100.033917569230738, 20.370896338461549 ], [ -100.033773938461508, 20.37089172307693 ] ] ] ] } },
{ "type": "Feature", "properties": { "IDBD": 165240, "FC": 6291, "CONDICION": "CUERPO DE AGUA INTERMITENTE" }, "geometry": { "type": "MultiPolygon", "coordinates": [ [ [ [ -99.948238984615372, 20.369029353846191 ], [ -99.948497830769199, 20.369055061538489 ], [ -99.948708661538447, 20.369062938461553 ], [ -99.948957723076902, 20.369052553846146 ], [ -99.949139476923023, 20.369006384615368 ], [ -99.949302353846107, 20.369005507692286 ], [ -99.949332876923037, 20.369294461538452 ], [ -99.949333584615374, 20.3694119230769 ], [ -99.949295584615342, 20.369466338461571 ], [ -99.9492766, 20.369493553846166 ], [ -99.949113830769178, 20.369512507692303 ], [ -99.948701923076896, 20.369523784615378 ], [ -99.948443323076887, 20.36954326153846 ], [ -99.948337338461528, 20.369444446153864 ], [ -99.94827852307688, 20.369227923076913 ], [ -99.948238984615372, 20.369029353846191 ] ] ] ] } },
{ "type": "Feature", "properties": { "IDBD": 165242, "FC": 6291, "CONDICION": "CUERPO DE AGUA INTERMITENTE" }, "geometry": { "type": "MultiPolygon", "coordinates": [ [ [ [ -100.020603799999975, 20.370404799999985 ], [ -100.020478553846118, 20.370338323076968 ], [ -100.020368446153796, 20.370251246153884 ], [ -100.020273923076886, 20.370149153846167 ], [ -100.020171815384586, 20.370053784615386 ], [ -100.020101, 20.369935846153819 ], [ -100.020141723076875, 20.369815384615389 ], [ -100.020234292307663, 20.369706123076938 ], [ -100.02035793846153, 20.369669261538444 ], [ -100.020499584615365, 20.369646323076921 ], [ -100.020642507692287, 20.36963212307688 ], [ -100.020782599999947, 20.369601938461571 ], [ -100.020920692307669, 20.369564399999984 ], [ -100.021030969230722, 20.369477492307691 ], [ -100.021140199999962, 20.369389415384624 ], [ -100.021257892307645, 20.369311630769275 ], [ -100.0213884, 20.36925490769227 ], [ -100.021522553846111, 20.369206307692302 ], [ -100.021665907692253, 20.369196676923085 ], [ -100.021560138461481, 20.369288430769235 ], [ -100.02145143076919, 20.369377076923108 ], [ -100.021359753846156, 20.369481446153852 ], [ -100.021294, 20.369601953846143 ], [ -100.021259923076897, 20.369733615384618 ], [ -100.021202861538427, 20.369858 ], [ -100.021128230769193, 20.369973815384608 ], [ -100.021026215384609, 20.370069276923086 ], [ -100.020915338461535, 20.370155507692317 ], [ -100.02080623076921, 20.370243723076893 ], [ -100.020707338461492, 20.370342046153851 ], [ -100.020603799999975, 20.370404799999985 ] ] ] ] } },
{ "type": "Feature", "properties": { "IDBD": 165243, "FC": 6291, "CONDICION": "CUERPO DE AGUA INTERMITENTE" }, "geometry": { "type": "MultiPolygon", "coordinates": [ [ [ [ -100.029061892307652, 20.370435430769273 ], [ -100.029011030769212, 20.370360061538459 ], [ -100.028970215384561, 20.370230123076905 ], [ -100.028928769230731, 20.370100353846173 ], [ -100.0288868, 20.369970738461568 ], [ -100.028867292307652, 20.369836461538512 ], [ -100.028910861538421, 20.369707307692284 ], [ -100.02905330769228, 20.369689353846152 ], [ -100.029196738461536, 20.369697784615401 ], [ -100.029338215384556, 20.369721630769256 ], [ -100.029481815384614, 20.369727123076917 ], [ -100.029620184615325, 20.369763738461522 ], [ -100.029758892307669, 20.36979918461541 ], [ -100.029898384615379, 20.3698318 ], [ -100.029899461538406, 20.369967323076889 ], [ -100.029756753846101, 20.369983307692284 ], [ -100.029621584615384, 20.370029369230789 ], [ -100.029515584615353, 20.370120892307671 ], [ -100.02939139999998, 20.370189076923101 ], [ -100.029295461538425, 20.370289984615379 ], [ -100.029180046153812, 20.370370753846132 ], [ -100.029061892307652, 20.370435430769273 ] ] ] ] } },
{ "type": "Feature", "properties": { "IDBD": 165249, "FC": 6291, "CONDICION": "CUERPO DE AGUA INTERMITENTE" }, "geometry": { "type": "MultiPolygon", "coordinates": [ [ [ [ -100.000361123076885, 20.369739384615393 ], [ -100.000063615384576, 20.369616261538475 ], [ -100.000112938461498, 20.369553369230772 ], [ -100.000294692307634, 20.369516923076905 ], [ -100.000531738461504, 20.369403584615409 ], [ -100.000770676923068, 20.369180107692316 ], [ -100.000963323076874, 20.36896153846158 ], [ -100.000977246153781, 20.368949661538494 ], [ -100.001012953846129, 20.368932584615379 ], [ -100.001043923076907, 20.368910215384634 ], [ -100.001063692307653, 20.368907446153866 ], [ -100.001075, 20.368916046153846 ], [ -100.001081092307672, 20.368938400000026 ], [ -100.001084723076886, 20.368974369230777 ], [ -100.001074753846112, 20.369008800000032 ], [ -100.001063830769183, 20.36902566153848 ], [ -100.00105809230763, 20.369035015384654 ], [ -100.00099872307689, 20.369164646153862 ], [ -100.000887661538428, 20.369287615384575 ], [ -100.000686953846099, 20.369496030769223 ], [ -100.000361123076885, 20.369739384615393 ] ] ] ] } },
{ "type": "Feature", "properties": { "IDBD": 165257, "FC": 6291, "CONDICION": "CUERPO DE AGUA INTERMITENTE" }, "geometry": { "type": "MultiPolygon", "coordinates": [ [ [ [ -100.030487615384601, 20.36981512307694 ], [ -100.030441076923054, 20.369658215384636 ], [ -100.030491153846114, 20.369633815384596 ], [ -100.030564723076893, 20.36958876923077 ], [ -100.0306845076923, 20.369663661538439 ], [ -100.0307372, 20.369789738461535 ], [ -100.030604815384606, 20.369842476923111 ], [ -100.030487615384601, 20.36981512307694 ] ] ] ] } },
{ "type": "Feature", "properties": { "IDBD": 165258, "FC": 6291, "CONDICION": "CUERPO DE AGUA INTERMITENTE" }, "geometry": { "type": "MultiPolygon", "coordinates": [ [ [ [ -99.986440661538424, 20.369233261538461 ], [ -99.986351123076915, 20.368709723076947 ], [ -99.986350430769193, 20.368601292307726 ], [ -99.986455353846111, 20.368528415384656 ], [ -99.986618338461497, 20.368545569230765 ], [ -99.987165723076899, 20.368741246153835 ], [ -99.987157692307647, 20.368985246153862 ], [ -99.987101, 20.369112061538438 ], [ -99.986900569230755, 20.369230661538452 ], [ -99.986642046153833, 20.369259230769224 ], [ -99.986440661538424, 20.369233261538461 ] ] ] ] } },
{ "type": "Feature", "properties": { "IDBD": 165269, "FC": 6291, "CONDICION": "CUERPO DE AGUA INTERMITENTE" }, "geometry": { "type": "MultiPolygon", "coordinates": [ [ [ [ -100.022212861538435, 20.36937193846153 ], [ -100.022132261538445, 20.369259738461565 ], [ -100.022022184615352, 20.3691726 ], [ -100.021909646153816, 20.369088323076916 ], [ -100.021813969230749, 20.368987184615357 ], [ -100.021721907692296, 20.368883123076952 ], [ -100.02162469230764, 20.368783307692311 ], [ -100.021583784615359, 20.368653384615381 ], [ -100.021571507692258, 20.368518353846135 ], [ -100.021585784615354, 20.368443153846155 ], [ -100.021630769230754, 20.368379707692295 ], [ -100.021618292307664, 20.368307230769215 ], [ -100.021647984615342, 20.36817463076925 ], [ -100.02177255384612, 20.368053061538479 ], [ -100.021700261538413, 20.36791201538459 ], [ -100.021716215384558, 20.367777323076915 ], [ -100.021708261538464, 20.367642 ], [ -100.02179669230766, 20.367535169230791 ], [ -100.021911969230743, 20.367454246153841 ], [ -100.021896184615343, 20.36731953846153 ], [ -100.021811123076901, 20.367210292307682 ], [ -100.021765384615335, 20.367081815384591 ], [ -100.021794723076894, 20.366949153846143 ], [ -100.021850153846088, 20.366824107692359 ], [ -100.021966092307679, 20.366744015384587 ], [ -100.022084276923067, 20.366666907692302 ], [ -100.02221447692304, 20.366609538461564 ], [ -100.022314892307634, 20.366706492307721 ], [ -100.022361553846153, 20.366834676923077 ], [ -100.022429984615385, 20.366953861538516 ], [ -100.022461799999974, 20.367086015384661 ], [ -100.022506476923041, 20.367214830769239 ], [ -100.022563676923042, 20.367339153846157 ], [ -100.022620538461496, 20.367463630769215 ], [ -100.022679399999944, 20.36758726153845 ], [ -100.02273866153844, 20.367710723076954 ], [ -100.022808446153832, 20.367829200000017 ], [ -100.022910138461526, 20.367924969230796 ], [ -100.023041384615368, 20.367980184615408 ], [ -100.023184707692309, 20.367990123076954 ], [ -100.023328230769195, 20.367997076923086 ], [ -100.023468338461527, 20.368027230769222 ], [ -100.023545661538449, 20.368141461538443 ], [ -100.023564876923061, 20.36827578461541 ], [ -100.02359607692307, 20.368408076923071 ], [ -100.02368678461535, 20.368513184615374 ], [ -100.023805046153811, 20.36859018461541 ], [ -100.023943507692294, 20.368626523076923 ], [ -100.024084, 20.368655030769276 ], [ -100.024211907692305, 20.368716815384619 ], [ -100.024258861538414, 20.368844907692271 ], [ -100.024131461538431, 20.368907630769232 ], [ -100.023989507692278, 20.368928738461531 ], [ -100.023859292307691, 20.368986107692326 ], [ -100.023726507692317, 20.369037923076924 ], [ -100.023584692307665, 20.369059907692304 ], [ -100.023441030769206, 20.36906344615387 ], [ -100.023297353846118, 20.369066461538416 ], [ -100.023153769230731, 20.369072400000018 ], [ -100.023010061538429, 20.369072430769215 ], [ -100.022869261538403, 20.369045292307739 ], [ -100.02275701538457, 20.368960646153869 ], [ -100.02262833846153, 20.369020969230757 ], [ -100.022566153846114, 20.369143169230757 ], [ -100.022439907692259, 20.369207907692356 ], [ -100.022335030769199, 20.369300569230766 ], [ -100.022212861538435, 20.36937193846153 ] ] ] ] } },
{ "type": "Feature", "properties": { "IDBD": 165271, "FC": 6291, "CONDICION": "CUERPO DE AGUA INTERMITENTE" }, "geometry": { "type": "MultiPolygon", "coordinates": [ [ [ [ -99.935212876923032, 20.36817803076924 ], [ -99.935192076923045, 20.367907076923078 ], [ -99.935181907692268, 20.36780773846154 ], [ -99.935152446153822, 20.367690430769226 ], [ -99.935074723076909, 20.36751015384618 ], [ -99.935073230769248, 20.367266200000017 ], [ -99.935206230769225, 20.367075738461555 ], [ -99.935264815384585, 20.367256138461542 ], [ -99.935323276923029, 20.367418461538463 ], [ -99.935391338461542, 20.367580738461573 ], [ -99.935468615384579, 20.367688738461545 ], [ -99.935526753846105, 20.367796861538448 ], [ -99.935565799999949, 20.367914107692275 ], [ -99.935653107692261, 20.368094353846097 ], [ -99.935672923076893, 20.368202661538447 ], [ -99.935452430769217, 20.368185784615385 ], [ -99.935212876923032, 20.36817803076924 ] ] ] ] } },
{ "type": "Feature", "properties": { "IDBD": 165276, "FC": 6291, "CONDICION": "CUERPO DE AGUA INTERMITENTE" }, "geometry": { "type": "MultiPolygon", "coordinates": [ [ [ [ -100.03559563076918, 20.369377476923106 ], [ -100.035594692307697, 20.36937286153848 ], [ -100.03557872307691, 20.36929396923075 ], [ -100.035567738461509, 20.369239738461566 ], [ -100.035592169230767, 20.369106184615369 ], [ -100.035664753846149, 20.368989215384584 ], [ -100.035808076923018, 20.36897929230771 ], [ -100.035951369230744, 20.368989723076904 ], [ -100.036068907692282, 20.369067707692299 ], [ -100.036114384615388, 20.369196261538459 ], [ -100.03606204615383, 20.369322476923113 ], [ -100.035921415384621, 20.369350400000044 ], [ -100.03578386153842, 20.369389615384645 ], [ -100.035640953846141, 20.369375246153844 ], [ -100.03559563076918, 20.369377476923106 ] ] ] ] } },
{ "type": "Feature", "properties": { "IDBD": 165292, "FC": 6291, "CONDICION": "CUERPO DE AGUA INTERMITENTE" }, "geometry": { "type": "MultiPolygon", "coordinates": [ [ [ [ -99.855404553846128, 20.36546109230769 ], [ -99.855374707692278, 20.36526244615381 ], [ -99.855585199999965, 20.365207215384626 ], [ -99.855747184615339, 20.365043769230784 ], [ -99.855873969230714, 20.365449753846164 ], [ -99.855807353846131, 20.3655314 ], [ -99.855731061538435, 20.365595015384645 ], [ -99.855616523076918, 20.365676907692318 ], [ -99.855444476923068, 20.365750030769217 ], [ -99.855404553846128, 20.36546109230769 ] ] ] ] } },
{ "type": "Feature", "properties": { "IDBD": 165328, "FC": 6291, "CONDICION": "CUERPO DE AGUA INTERMITENTE" }, "geometry": { "type": "MultiPolygon", "coordinates": [ [ [ [ -99.893549799999946, 20.36255936923077 ], [ -99.893406723076893, 20.362668523076895 ], [ -99.893358138461537, 20.362551307692321 ], [ -99.893319246153823, 20.362452123076928 ], [ -99.893241969230743, 20.362344092307673 ], [ -99.893174384615349, 20.362254076923094 ], [ -99.893087646153802, 20.362164169230752 ], [ -99.892972153846117, 20.3620744 ], [ -99.892722384615382, 20.361958215384636 ], [ -99.892654907692304, 20.361886276923048 ], [ -99.892817769230732, 20.361885446153863 ], [ -99.892980692307688, 20.361893646153828 ], [ -99.893182107692283, 20.361928769230722 ], [ -99.893364599999984, 20.362009153846191 ], [ -99.893460830769214, 20.362080938461556 ], [ -99.893538092307665, 20.362188969230786 ], [ -99.893576876923021, 20.362270092307671 ], [ -99.893692846153769, 20.362441169230749 ], [ -99.893549799999946, 20.36255936923077 ] ] ] ] } },
{ "type": "Feature", "properties": { "IDBD": 165341, "FC": 6291, "CONDICION": "CUERPO DE AGUA INTERMITENTE" }, "geometry": { "type": "MultiPolygon", "coordinates": [ [ [ [ -100.036041630769205, 20.363262246153848 ], [ -100.035898015384589, 20.363257338461565 ], [ -100.035754369230716, 20.36325678461538 ], [ -100.035610953846088, 20.363265523076894 ], [ -100.035467553846104, 20.363274323076929 ], [ -100.035324153846076, 20.363283123076926 ], [ -100.035180692307662, 20.363291092307648 ], [ -100.035037307692278, 20.363300246153859 ], [ -100.034894261538454, 20.363313184615428 ], [ -100.034750630769182, 20.363317661538474 ], [ -100.03460724615384, 20.363326646153855 ], [ -100.034463738461497, 20.363334 ], [ -100.034320369230713, 20.363343246153853 ], [ -100.034177538461506, 20.363358184615425 ], [ -100.034034707692271, 20.363373184615384 ], [ -100.033891599999976, 20.36338558461544 ], [ -100.033747953846103, 20.363381846153835 ], [ -100.033605276923069, 20.363365569230773 ], [ -100.033468969230753, 20.363322661538419 ], [ -100.033362646153833, 20.363274738461534 ], [ -100.033339307692273, 20.363264215384564 ], [ -100.033225230769233, 20.3631818 ], [ -100.033136692307664, 20.363075046153863 ], [ -100.033059307692284, 20.362960846153843 ], [ -100.032994307692277, 20.362839984615359 ], [ -100.032937076923048, 20.362715661538452 ], [ -100.032906092307655, 20.362583323076912 ], [ -100.032864892307629, 20.362453492307719 ], [ -100.032825323076892, 20.3623232 ], [ -100.032801876923045, 20.362189492307674 ], [ -100.032790307692267, 20.362054415384634 ], [ -100.032772076923024, 20.361919984615398 ], [ -100.032770907692296, 20.361784461538448 ], [ -100.032802615384583, 20.361652276923085 ], [ -100.0328782615384, 20.361537046153842 ], [ -100.032917307692315, 20.361460399999988 ], [ -100.033058046153798, 20.361274446153789 ], [ -100.033307138461524, 20.360964446153851 ], [ -100.033417353846133, 20.361154338461564 ], [ -100.033461799999969, 20.361230923076921 ], [ -100.033715907692297, 20.361671646153852 ], [ -100.034012584615354, 20.361947569230804 ], [ -100.034331123076868, 20.362223369230755 ], [ -100.03472567692306, 20.362437015384611 ], [ -100.034988923076909, 20.362610292307743 ], [ -100.035116830769169, 20.362669569230803 ], [ -100.035470907692272, 20.362833692307699 ], [ -100.035821723076893, 20.363037292307691 ], [ -100.036041630769205, 20.363262246153848 ] ] ] ] } },
{ "type": "Feature", "properties": { "IDBD": 165344, "FC": 6291, "CONDICION": "CUERPO DE AGUA INTERMITENTE" }, "geometry": { "type": "MultiPolygon", "coordinates": [ [ [ [ -100.018864892307676, 20.362486107692291 ], [ -100.01880227692304, 20.362608092307696 ], [ -100.018728553846131, 20.362724430769241 ], [ -100.018654599999962, 20.362840630769195 ], [ -100.018586707692265, 20.362960076923059 ], [ -100.018486523076888, 20.363057246153829 ], [ -100.0183562, 20.363114338461564 ], [ -100.018214661538437, 20.363090846153835 ], [ -100.018071784615358, 20.363076307692303 ], [ -100.017931030769219, 20.363048984615361 ], [ -100.017790569230741, 20.363020323076931 ], [ -100.017648553846101, 20.362999553846141 ], [ -100.017506430769203, 20.362979476923087 ], [ -100.017364861538425, 20.362956169230717 ], [ -100.017224630769206, 20.362926523076879 ], [ -100.017084199999942, 20.3628978 ], [ -100.016941215384591, 20.362884200000011 ], [ -100.01679983076923, 20.362859876923071 ], [ -100.016658138461509, 20.362837246153827 ], [ -100.0165192, 20.362802661538467 ], [ -100.016378492307638, 20.362775107692325 ], [ -100.01625096923074, 20.362712600000034 ], [ -100.016140307692268, 20.362626138461508 ], [ -100.016052584615338, 20.362518799999982 ], [ -100.015948076923038, 20.362425769230757 ], [ -100.0158498, 20.36232689230771 ], [ -100.01574756923074, 20.362231646153862 ], [ -100.015645292307667, 20.362136430769244 ], [ -100.015553707692277, 20.362038723076964 ], [ -100.015512753846139, 20.361992323076883 ], [ -100.015531584615331, 20.361948 ], [ -100.015632030769197, 20.361851076923106 ], [ -100.015775738461528, 20.361850107692305 ], [ -100.015919446153802, 20.361848723076896 ], [ -100.016060399999958, 20.361875076923102 ], [ -100.016180338461538, 20.361949738461551 ], [ -100.016306599999979, 20.362014446153871 ], [ -100.016436076923014, 20.362073261538455 ], [ -100.016561676923033, 20.362139123076926 ], [ -100.016685261538427, 20.362208276923063 ], [ -100.016815369230741, 20.362265815384585 ], [ -100.016952738461512, 20.362305630769221 ], [ -100.017091584615358, 20.3623406 ], [ -100.017233261538479, 20.362363338461488 ], [ -100.017374276923064, 20.362389446153877 ], [ -100.017517230769187, 20.362403261538464 ], [ -100.0176606461538, 20.362411830769254 ], [ -100.017804323076888, 20.362415107692318 ], [ -100.017947046153822, 20.362430953846172 ], [ -100.018090615384608, 20.362425246153837 ], [ -100.018230292307635, 20.36239338461538 ], [ -100.018367769230736, 20.362353876923084 ], [ -100.01850916923074, 20.36232972307695 ], [ -100.018652753846141, 20.362335569230783 ], [ -100.01879192307689, 20.362369353846145 ], [ -100.018864892307676, 20.362486107692291 ] ] ] ] } },
{ "type": "Feature", "properties": { "IDBD": 165362, "FC": 6291, "CONDICION": "CUERPO DE AGUA INTERMITENTE" }, "geometry": { "type": "MultiPolygon", "coordinates": [ [ [ [ -99.898212123076902, 20.360276569230777 ], [ -99.898220661538417, 20.360095815384614 ], [ -99.898229723076881, 20.360005415384624 ], [ -99.898190553846149, 20.35986104615387 ], [ -99.898189876923027, 20.359743600000041 ], [ -99.898179723076908, 20.359644261538513 ], [ -99.898188892307672, 20.359571923076878 ], [ -99.898312861538429, 20.359471892307688 ], [ -99.898495461538431, 20.359570353846166 ], [ -99.898870307692263, 20.359776230769274 ], [ -99.898574615384632, 20.360003646153828 ], [ -99.898212123076902, 20.360276569230777 ] ] ] ] } },
{ "type": "Feature", "properties": { "IDBD": 165367, "FC": 6291, "CONDICION": "CUERPO DE AGUA INTERMITENTE" }, "geometry": { "type": "MultiPolygon", "coordinates": [ [ [ [ -99.979432169230762, 20.360906030769222 ], [ -99.979354446153835, 20.360734800000024 ], [ -99.979315276923018, 20.360599492307657 ], [ -99.97916136923071, 20.36050096923076 ], [ -99.97906535384611, 20.360465353846138 ], [ -99.979007, 20.360330153846206 ], [ -99.979073415384576, 20.3602304 ], [ -99.9792842, 20.360229215384617 ], [ -99.979303415384564, 20.360238138461522 ], [ -99.979408907692275, 20.360255615384634 ], [ -99.979524569230719, 20.3603634 ], [ -99.979640153846162, 20.360462138461514 ], [ -99.979746261538438, 20.360579 ], [ -99.979804446153793, 20.360687092307664 ], [ -99.979603984615338, 20.360805676923096 ], [ -99.979432169230762, 20.360906030769222 ] ] ] ] } },
{ "type": "Feature", "properties": { "IDBD": 165368, "FC": 6291, "CONDICION": "CUERPO DE AGUA INTERMITENTE" }, "geometry": { "type": "MultiPolygon", "coordinates": [ [ [ [ -99.857928476923036, 20.359259353846198 ], [ -99.85786121538456, 20.359223538461578 ], [ -99.85764969230766, 20.359089046153866 ], [ -99.857620846153822, 20.359071123076902 ], [ -99.857495861538425, 20.358990415384579 ], [ -99.85814084615383, 20.357812630769192 ], [ -99.858176476923063, 20.357324523076958 ], [ -99.858268430769215, 20.356628338461569 ], [ -99.858402861538409, 20.356681892307712 ], [ -99.85835924615381, 20.357459169230783 ], [ -99.858526661538434, 20.358280569230768 ], [ -99.857928476923036, 20.359259353846198 ] ] ] ] } },
{ "type": "Feature", "properties": { "IDBD": 165383, "FC": 6292, "CONDICION": "CUERPO DE AGUA PERENNE" }, "geometry": { "type": "MultiPolygon", "coordinates": [ [ [ [ -100.0, 20.359180907692323 ], [ -100.000069815384578, 20.359252738461532 ], [ -100.00011760000001, 20.359341384615377 ], [ -100.000124507692263, 20.359496953846147 ], [ -100.00009643076919, 20.359719399999967 ], [ -100.000062369230704, 20.359930769230782 ], [ -100.0, 20.360036692307716 ], [ -100.0, 20.359180907692323 ] ] ] ] } },
{ "type": "Feature", "properties": { "IDBD": 165386, "FC": 6291, "CONDICION": "CUERPO DE AGUA INTERMITENTE" }, "geometry": { "type": "MultiPolygon", "coordinates": [ [ [ [ -100.003356123076884, 20.359726661538463 ], [ -100.003218, 20.359764046153831 ], [ -100.003074692307663, 20.359774276923059 ], [ -100.002932507692279, 20.359793923076921 ], [ -100.002788846153862, 20.359790892307696 ], [ -100.002645261538433, 20.359785061538521 ], [ -100.002502861538431, 20.35976681538461 ], [ -100.002366107692282, 20.359725215384593 ], [ -100.00223498461537, 20.359669738461541 ], [ -100.002140153846128, 20.359567907692313 ], [ -100.002062384615328, 20.359453938461531 ], [ -100.002000153846154, 20.359331784615438 ], [ -100.001942707692308, 20.359207553846165 ], [ -100.001905492307685, 20.359076646153827 ], [ -100.001886630769206, 20.358942292307717 ], [ -100.001868399999978, 20.358807861538459 ], [ -100.001859599999946, 20.35867259999997 ], [ -100.00185576923073, 20.35853712307695 ], [ -100.001850569230754, 20.35840167692303 ], [ -100.00188459999994, 20.35827 ], [ -100.001893784615362, 20.358234507692298 ], [ -100.001956753846144, 20.358211907692322 ], [ -100.002099307692291, 20.358229015384591 ], [ -100.002139476923062, 20.358359138461587 ], [ -100.002192569230715, 20.358485076923063 ], [ -100.002289, 20.358585553846162 ], [ -100.002384846153831, 20.358686523076923 ], [ -100.002438938461523, 20.358812092307705 ], [ -100.002482799999981, 20.35894115384615 ], [ -100.00250929230765, 20.359074353846147 ], [ -100.002540892307692, 20.359206553846139 ], [ -100.002631430769227, 20.35931181538465 ], [ -100.002752, 20.359385569230795 ], [ -100.002879646153801, 20.359447800000044 ], [ -100.002997984615334, 20.359524692307712 ], [ -100.003114399999944, 20.35960415384611 ], [ -100.003255476923044, 20.359629923076902 ], [ -100.003356123076884, 20.359726661538463 ] ] ] ] } },
{ "type": "Feature", "properties": { "IDBD": 165393, "FC": 6291, "CONDICION": "CUERPO DE AGUA INTERMITENTE" }, "geometry": { "type": "MultiPolygon", "coordinates": [ [ [ [ -99.95248493846151, 20.358335476923099 ], [ -99.952522476923065, 20.358208769230771 ], [ -99.952579584615378, 20.35814521538461 ], [ -99.952684969230745, 20.358144646153825 ], [ -99.952866815384624, 20.358116538461545 ], [ -99.953067892307686, 20.358097369230787 ], [ -99.953288707692266, 20.358168446153851 ], [ -99.95328, 20.358313061538482 ], [ -99.953213261538451, 20.358367646153848 ], [ -99.953050738461528, 20.358422738461503 ], [ -99.952878446153804, 20.358450784615371 ], [ -99.952696523076881, 20.358469846153834 ], [ -99.952600846153814, 20.358488446153853 ], [ -99.952543169230751, 20.358452615384603 ], [ -99.95248493846151, 20.358335476923099 ] ] ] ] } },
{ "type": "Feature", "properties": { "IDBD": 165397, "FC": 6291, "CONDICION": "CUERPO DE AGUA INTERMITENTE" }, "geometry": { "type": "MultiPolygon", "coordinates": [ [ [ [ -99.841002338461507, 20.356323815384624 ], [ -99.840857753846123, 20.356161876923078 ], [ -99.840375938461534, 20.355649169230745 ], [ -99.84016370769227, 20.355379123076894 ], [ -99.840153492307664, 20.355261707692296 ], [ -99.840277892307654, 20.355234 ], [ -99.840517738461486, 20.355296092307711 ], [ -99.840681046153804, 20.355376630769221 ], [ -99.840863907692324, 20.355529353846137 ], [ -99.841123461538402, 20.355690738461519 ], [ -99.841258030769211, 20.355771415384631 ], [ -99.841402276923034, 20.355870107692333 ], [ -99.841623353846131, 20.356004584615373 ], [ -99.841728984615372, 20.35604924615382 ], [ -99.841892246153805, 20.356120738461556 ], [ -99.842017184615329, 20.356192430769212 ], [ -99.842123646153837, 20.356390692307698 ], [ -99.841663584615347, 20.356356769230807 ], [ -99.841002338461507, 20.356323815384624 ] ] ] ] } },
{ "type": "Feature", "properties": { "IDBD": 165411, "FC": 6291, "CONDICION": "CUERPO DE AGUA INTERMITENTE" }, "geometry": { "type": "MultiPolygon", "coordinates": [ [ [ [ -99.982809707692283, 20.357173538461531 ], [ -99.982751507692271, 20.357056415384616 ], [ -99.982654553846132, 20.35687624615387 ], [ -99.982577030769207, 20.356741153846141 ], [ -99.982507861538423, 20.356407246153839 ], [ -99.982660123076897, 20.356243753846162 ], [ -99.982716907692293, 20.356135 ], [ -99.982849723076882, 20.355926446153866 ], [ -99.982906630769222, 20.35583576923073 ], [ -99.983088646153817, 20.355834753846153 ], [ -99.983337938461503, 20.355869492307651 ], [ -99.9835298923077, 20.355922615384632 ], [ -99.983827415384596, 20.356002261538485 ], [ -99.982809707692283, 20.357173538461531 ] ] ] ] } },
{ "type": "Feature", "properties": { "IDBD": 165414, "FC": 6291, "CONDICION": "CUERPO DE AGUA INTERMITENTE" }, "geometry": { "type": "MultiPolygon", "coordinates": [ [ [ [ -100.018754184615375, 20.357153107692334 ], [ -100.018616799999975, 20.357192846153868 ], [ -100.018475030769181, 20.357170692307669 ], [ -100.018352538461485, 20.357099830769197 ], [ -100.01828623076922, 20.356979584615374 ], [ -100.018249169230714, 20.356848646153871 ], [ -100.018223399999968, 20.356715323076941 ], [ -100.0182284, 20.356593061538462 ], [ -100.018252384615352, 20.35655693846158 ], [ -100.018313938461546, 20.356504938461519 ], [ -100.018349415384591, 20.356588861538462 ], [ -100.018426199999979, 20.356642907692308 ], [ -100.018511615384597, 20.3566838 ], [ -100.018585892307669, 20.356740861538484 ], [ -100.01864501538455, 20.356811953846186 ], [ -100.018701199999967, 20.356885138461571 ], [ -100.018786892307645, 20.356925523076928 ], [ -100.018882276923051, 20.35693392307692 ], [ -100.018888261538436, 20.357024107692322 ], [ -100.018819523076928, 20.357087030769193 ], [ -100.018754184615375, 20.357153107692334 ] ] ] ] } },
{ "type": "Feature", "properties": { "IDBD": 165424, "FC": 6291, "CONDICION": "CUERPO DE AGUA INTERMITENTE" }, "geometry": { "type": "MultiPolygon", "coordinates": [ [ [ [ -99.966752769230752, 20.355627784615386 ], [ -99.966434430769169, 20.355277169230757 ], [ -99.96629956923077, 20.355160446153864 ], [ -99.966097369230752, 20.354998938461545 ], [ -99.966278676923068, 20.354880461538478 ], [ -99.966460476923061, 20.354843323076917 ], [ -99.966642830769189, 20.354896523076953 ], [ -99.966930907692273, 20.35500335384614 ], [ -99.967074784615363, 20.355029661538474 ], [ -99.966913753846129, 20.355328723076902 ], [ -99.966752769230752, 20.355627784615386 ] ] ] ] } },
{ "type": "Feature", "properties": { "IDBD": 165426, "FC": 6291, "CONDICION": "CUERPO DE AGUA INTERMITENTE" }, "geometry": { "type": "MultiPolygon", "coordinates": [ [ [ [ -99.912805476923026, 20.354056784615409 ], [ -99.912747461538444, 20.353966738461533 ], [ -99.912717723076909, 20.353795215384643 ], [ -99.912707030769198, 20.353605523076943 ], [ -99.91253267692305, 20.35328116923078 ], [ -99.912627830769196, 20.353172246153839 ], [ -99.912820230769199, 20.353306769230795 ], [ -99.912993323076904, 20.353414292307686 ], [ -99.913137646153785, 20.353521953846162 ], [ -99.913291476923035, 20.353611507692278 ], [ -99.913435661538429, 20.353692076923078 ], [ -99.913311969230747, 20.353837292307659 ], [ -99.912940830769173, 20.354263892307674 ], [ -99.912805476923026, 20.354056784615409 ] ] ] ] } },
{ "type": "Feature", "properties": { "IDBD": 165436, "FC": 6291, "CONDICION": "CUERPO DE AGUA INTERMITENTE" }, "geometry": { "type": "MultiPolygon", "coordinates": [ [ [ [ -99.8477074, 20.352550676923084 ], [ -99.847140692307647, 20.352282353846164 ], [ -99.847475169230734, 20.352127123076951 ], [ -99.847657184615343, 20.352126246153855 ], [ -99.847800599999971, 20.352071338461538 ], [ -99.848068584615376, 20.352024846153864 ], [ -99.84826, 20.351987784615396 ], [ -99.848384692307675, 20.352014276923033 ], [ -99.848404092307675, 20.352059369230741 ], [ -99.848356784615376, 20.352168030769214 ], [ -99.84829021538458, 20.352258707692265 ], [ -99.848223799999957, 20.35237649230772 ], [ -99.848176338461485, 20.352458030769263 ], [ -99.848100338461492, 20.352575876923062 ], [ -99.848033923076926, 20.352693661538446 ], [ -99.8477074, 20.352550676923084 ] ] ] ] } },
{ "type": "Feature", "properties": { "IDBD": 165438, "FC": 6291, "CONDICION": "CUERPO DE AGUA INTERMITENTE" }, "geometry": { "type": "MultiPolygon", "coordinates": [ [ [ [ -99.863544753846142, 20.352708015384586 ], [ -99.863276261538445, 20.35266415384617 ], [ -99.863568276923033, 20.3517682 ], [ -99.863688569230746, 20.352725369230779 ], [ -99.863544753846142, 20.352708015384586 ] ] ] ] } },
{ "type": "Feature", "properties": { "IDBD": 165447, "FC": 6291, "CONDICION": "CUERPO DE AGUA INTERMITENTE" }, "geometry": { "type": "MultiPolygon", "coordinates": [ [ [ [ -100.035098523076883, 20.354081015384608 ], [ -100.035044723076879, 20.354037307692341 ], [ -100.034926799999965, 20.353941523076927 ], [ -100.034813784615352, 20.35385781538465 ], [ -100.034698123076879, 20.353777384615398 ], [ -100.034579599999986, 20.353700753846145 ], [ -100.034464046153815, 20.353620184615405 ], [ -100.034378230769178, 20.353511492307682 ], [ -100.034442092307685, 20.35338203076925 ], [ -100.03446352307688, 20.353374553846166 ], [ -100.034600307692273, 20.353333 ], [ -100.03473832307688, 20.353295276923106 ], [ -100.034877523076887, 20.353261661538458 ], [ -100.035017123076898, 20.353229476923058 ], [ -100.035143861538415, 20.353165615384661 ], [ -100.035282430769186, 20.353129707692293 ], [ -100.0354234307692, 20.353155815384625 ], [ -100.03534624615385, 20.353270123076932 ], [ -100.035294984615319, 20.35339673846152 ], [ -100.035245076923019, 20.353523830769216 ], [ -100.035181215384611, 20.353645230769242 ], [ -100.035146261538458, 20.353776676923083 ], [ -100.035075199999966, 20.353894476923063 ], [ -100.035098523076883, 20.354081015384608 ] ] ] ] } },
{ "type": "Feature", "properties": { "IDBD": 165459, "FC": 6291, "CONDICION": "CUERPO DE AGUA INTERMITENTE" }, "geometry": { "type": "MultiPolygon", "coordinates": [ [ [ [ -99.942261630769195, 20.35188546153849 ], [ -99.941975061538415, 20.352022538461561 ], [ -99.941735984615363, 20.352096107692287 ], [ -99.9414777230769, 20.352160738461524 ], [ -99.941237938461541, 20.352116861538445 ], [ -99.940987876923032, 20.351955569230817 ], [ -99.940678907692273, 20.351559676923095 ], [ -99.941178046153837, 20.351719630769235 ], [ -99.94150430769227, 20.35180821538464 ], [ -99.941887953846134, 20.351878430769201 ], [ -99.942261630769195, 20.35188546153849 ] ] ] ] } },
{ "type": "Feature", "properties": { "IDBD": 165465, "FC": 6291, "CONDICION": "CUERPO DE AGUA INTERMITENTE" }, "geometry": { "type": "MultiPolygon", "coordinates": [ [ [ [ -100.029905523076891, 20.35256092307695 ], [ -100.029781199999974, 20.352628876923113 ], [ -100.029649584615342, 20.35268329230772 ], [ -100.029516215384618, 20.352733723076934 ], [ -100.029380953846143, 20.352779507692329 ], [ -100.029242, 20.352814030769188 ], [ -100.029101415384588, 20.352842123076954 ], [ -100.028958307692278, 20.35282984615386 ], [ -100.028859261538472, 20.352731661538513 ], [ -100.028815353846127, 20.352602630769237 ], [ -100.028770815384576, 20.352473769230762 ], [ -100.028732861538444, 20.352343061538484 ], [ -100.028690076923041, 20.352213676923057 ], [ -100.028678753846108, 20.35217947692307 ], [ -100.028779692307651, 20.352205861538447 ], [ -100.028862630769197, 20.352251076923093 ], [ -100.028953276923033, 20.352280323076926 ], [ -100.029047661538442, 20.352295769230732 ], [ -100.029143215384593, 20.352289369230729 ], [ -100.029233230769208, 20.352258446153847 ], [ -100.029325430769219, 20.352233892307684 ], [ -100.029389969230778, 20.352300661538457 ], [ -100.029458276923052, 20.352364 ], [ -100.029545, 20.352402384615406 ], [ -100.029639692307683, 20.352416107692282 ], [ -100.029735476923079, 20.352414676923097 ], [ -100.029831199999975, 20.352410861538498 ], [ -100.029903061538434, 20.352470600000014 ], [ -100.029905523076891, 20.35256092307695 ] ] ] ] } },
{ "type": "Feature", "properties": { "IDBD": 165467, "FC": 6291, "CONDICION": "CUERPO DE AGUA INTERMITENTE" }, "geometry": { "type": "MultiPolygon", "coordinates": [ [ [ [ -100.030646769230756, 20.3527726 ], [ -100.030503676923033, 20.352785030769233 ], [ -100.03036, 20.352787430769247 ], [ -100.030236169230719, 20.352718676923072 ], [ -100.030186507692278, 20.352591492307702 ], [ -100.03018398461532, 20.352569707692314 ], [ -100.030222907692291, 20.352488830769222 ], [ -100.030327446153791, 20.352395830769225 ], [ -100.030467646153824, 20.352366153846198 ], [ -100.03057553846152, 20.352455676923071 ], [ -100.03067349230767, 20.352554830769254 ], [ -100.030744076923071, 20.352672876923084 ], [ -100.030646769230756, 20.3527726 ] ] ] ] } },
{ "type": "Feature", "properties": { "IDBD": 165503, "FC": 6291, "CONDICION": "CUERPO DE AGUA INTERMITENTE" }, "geometry": { "type": "MultiPolygon", "coordinates": [ [ [ [ -99.958184169230748, 20.348817169230809 ], [ -99.958462892307665, 20.348960200000011 ], [ -99.958924153846112, 20.349192584615388 ], [ -99.958791153846121, 20.349374030769216 ], [ -99.958648338461515, 20.349519369230752 ], [ -99.958495523076891, 20.349592492307668 ], [ -99.95836173846152, 20.349647446153803 ], [ -99.95817921538459, 20.349567123076934 ], [ -99.9581302153846, 20.349386692307739 ], [ -99.958147707692305, 20.349115523076915 ], [ -99.958184169230748, 20.348817169230809 ] ] ] ] } },
{ "type": "Feature", "properties": { "IDBD": 165508, "FC": 6291, "CONDICION": "CUERPO DE AGUA INTERMITENTE" }, "geometry": { "type": "MultiPolygon", "coordinates": [ [ [ [ -99.948557738461503, 20.349059446153856 ], [ -99.948070507692279, 20.349278938461506 ], [ -99.948059861538454, 20.349107323076918 ], [ -99.948097630769169, 20.349016769230737 ], [ -99.948077861538451, 20.348917476923067 ], [ -99.948105846153823, 20.34879083076925 ], [ -99.948162153846127, 20.348600784615375 ], [ -99.948247338461499, 20.348428646153874 ], [ -99.94838084615381, 20.348328538461516 ], [ -99.948504938461497, 20.348255584615373 ], [ -99.948753892307678, 20.348236153846173 ], [ -99.948906107692281, 20.348063661538468 ], [ -99.949226507692316, 20.348757646153871 ], [ -99.949054492307667, 20.348830861538485 ], [ -99.948557738461503, 20.349059446153856 ] ] ] ] } },
{ "type": "Feature", "properties": { "IDBD": 165520, "FC": 6291, "CONDICION": "CUERPO DE AGUA INTERMITENTE" }, "geometry": { "type": "MultiPolygon", "coordinates": [ [ [ [ -99.855235599999986, 20.346957107692319 ], [ -99.855139446153828, 20.346894323076913 ], [ -99.855043061538424, 20.346786369230763 ], [ -99.854956292307634, 20.346687399999983 ], [ -99.854916969230729, 20.346506876923073 ], [ -99.854935292307644, 20.34635318461536 ], [ -99.855029446153807, 20.346054553846116 ], [ -99.855221984615355, 20.346225292307679 ], [ -99.855309553846112, 20.346468815384618 ], [ -99.855329753846107, 20.346658461538464 ], [ -99.855282753846126, 20.346821338461528 ], [ -99.855235599999986, 20.346957107692319 ] ] ] ] } },
{ "type": "Feature", "properties": { "IDBD": 165523, "FC": 6291, "CONDICION": "CUERPO DE AGUA INTERMITENTE" }, "geometry": { "type": "MultiPolygon", "coordinates": [ [ [ [ -99.863991507692319, 20.346904984615367 ], [ -99.863962415384592, 20.346841876923072 ], [ -99.863981030769182, 20.346742399999989 ], [ -99.864018892307683, 20.346660892307671 ], [ -99.864076030769198, 20.346597353846146 ], [ -99.864210046153815, 20.34657861538459 ], [ -99.864334723076922, 20.346605107692312 ], [ -99.864421199999953, 20.346649861538452 ], [ -99.864297307692311, 20.346767938461561 ], [ -99.864182599999978, 20.346813676923095 ], [ -99.864096584615353, 20.346850246153853 ], [ -99.863991507692319, 20.346904984615367 ] ] ] ] } },
{ "type": "Feature", "properties": { "IDBD": 165545, "FC": 6291, "CONDICION": "CUERPO DE AGUA INTERMITENTE" }, "geometry": { "type": "MultiPolygon", "coordinates": [ [ [ [ -99.852719523076928, 20.345848984615362 ], [ -99.852623538461529, 20.345813307692335 ], [ -99.852450353846137, 20.345678630769239 ], [ -99.852363246153828, 20.345516415384637 ], [ -99.852324184615341, 20.345381061538443 ], [ -99.8526206, 20.345280230769248 ], [ -99.852792938461491, 20.345261323076919 ], [ -99.852898215384585, 20.345242738461494 ], [ -99.852946415384608, 20.345296707692341 ], [ -99.852985476923052, 20.34543206153846 ], [ -99.853015061538443, 20.345585507692313 ], [ -99.853016446153816, 20.345838507692264 ], [ -99.852882430769199, 20.345857230769226 ], [ -99.852719523076928, 20.345848984615362 ] ] ] ] } },
{ "type": "Feature", "properties": { "IDBD": 165549, "FC": 6291, "CONDICION": "CUERPO DE AGUA INTERMITENTE" }, "geometry": { "type": "MultiPolygon", "coordinates": [ [ [ [ -99.877144061538402, 20.3450504 ], [ -99.877220246153826, 20.344968707692338 ], [ -99.877546199999969, 20.345012246153836 ], [ -99.877709461538416, 20.345083707692286 ], [ -99.877949923076898, 20.345254169230792 ], [ -99.878056123076888, 20.345398215384606 ], [ -99.878152984615355, 20.345587461538457 ], [ -99.877511553846105, 20.345662969230741 ], [ -99.877166892307656, 20.345700846153868 ], [ -99.877173969230739, 20.345258076923088 ], [ -99.877144061538402, 20.3450504 ] ] ] ] } },
{ "type": "Feature", "properties": { "IDBD": 165550, "FC": 6291, "CONDICION": "CUERPO DE AGUA INTERMITENTE" }, "geometry": { "type": "MultiPolygon", "coordinates": [ [ [ [ -99.933127738461536, 20.34645 ], [ -99.933012184615393, 20.346351230769237 ], [ -99.932896384615347, 20.346207276923074 ], [ -99.93284772307689, 20.34608104615382 ], [ -99.932818123076885, 20.345936630769259 ], [ -99.93277855384612, 20.345729030769274 ], [ -99.932815676923013, 20.345530046153868 ], [ -99.932891061538413, 20.345321830769208 ], [ -99.932871030769235, 20.345177369230733 ], [ -99.932860369230724, 20.3449967230769 ], [ -99.932840399999947, 20.344861292307701 ], [ -99.932945615384568, 20.344833630769244 ], [ -99.933013307692278, 20.344941692307689 ], [ -99.933062138461523, 20.345095030769208 ], [ -99.933092815384597, 20.34542013846152 ], [ -99.933151446153815, 20.345609569230731 ], [ -99.933153276923051, 20.34591676923079 ], [ -99.933211523076906, 20.346042953846183 ], [ -99.933327030769206, 20.346132692307712 ], [ -99.933222630769208, 20.346295892307666 ], [ -99.933127738461536, 20.34645 ] ] ] ] } },
{ "type": "Feature", "properties": { "IDBD": 165573, "FC": 6291, "CONDICION": "CUERPO DE AGUA INTERMITENTE" }, "geometry": { "type": "MultiPolygon", "coordinates": [ [ [ [ -100.03438329230768, 20.345840907692306 ], [ -100.03442779999996, 20.34576089230772 ], [ -100.03447396923076, 20.345681738461543 ], [ -100.034520153846131, 20.345602584615417 ], [ -100.03456810769228, 20.345524369230738 ], [ -100.034613553846143, 20.345444830769239 ], [ -100.034657476923059, 20.345364538461542 ], [ -100.03468359999998, 20.345277615384667 ], [ -100.034711815384554, 20.345191261538485 ], [ -100.034756892307627, 20.345111553846152 ], [ -100.034802184615344, 20.345031938461538 ], [ -100.034840923076928, 20.344949292307721 ], [ -100.034860615384559, 20.344927507692351 ], [ -100.034956138461538, 20.344920753846154 ], [ -100.035051723076876, 20.344926646153837 ], [ -100.035146692307634, 20.344938492307683 ], [ -100.035241107692286, 20.344953738461541 ], [ -100.035335953846143, 20.344966415384601 ], [ -100.035422738461492, 20.345004676923082 ], [ -100.035502461538442, 20.345054784615378 ], [ -100.035584938461497, 20.345100738461547 ], [ -100.035675569230705, 20.345129984615365 ], [ -100.035759799999951, 20.345173030769214 ], [ -100.03583415384611, 20.345229984615354 ], [ -100.035918338461514, 20.3452730923077 ], [ -100.036013538461503, 20.345283200000043 ], [ -100.036109138461498, 20.345288953846154 ], [ -100.036204769230736, 20.345294215384627 ], [ -100.036300553846118, 20.345295384615429 ], [ -100.036396015384568, 20.345302907692293 ], [ -100.03649076923071, 20.345316153846163 ], [ -100.036583923076904, 20.345337230769221 ], [ -100.036672599999974, 20.345371415384612 ], [ -100.036753123076878, 20.345420353846155 ], [ -100.036818092307669, 20.345486753846174 ], [ -100.036849076923076, 20.345529246153834 ], [ -100.036872384615378, 20.34556119999996 ], [ -100.036941030769228, 20.345624215384625 ], [ -100.036969338461503, 20.3457105230769 ], [ -100.036923769230739, 20.345767846153887 ], [ -100.036849769230699, 20.34580126153844 ], [ -100.036758907692274, 20.345825538461529 ], [ -100.036668123076907, 20.345860369230785 ], [ -100.036578092307664, 20.345894492307696 ], [ -100.036483769230728, 20.345910323076957 ], [ -100.036388, 20.345912384615374 ], [ -100.036299030769229, 20.345945861538478 ], [ -100.036214938461498, 20.345989138461569 ], [ -100.036123723076898, 20.346016753846143 ], [ -100.036028446153807, 20.346026092307689 ], [ -100.035932815384569, 20.346031446153855 ], [ -100.03583787692304, 20.346019353846188 ], [ -100.035744753846146, 20.345998184615379 ], [ -100.035649907692246, 20.345985492307697 ], [ -100.035554184615393, 20.34598207692305 ], [ -100.035458523076883, 20.345977446153849 ], [ -100.035363199999964, 20.345968446153805 ], [ -100.035267569230712, 20.345963107692313 ], [ -100.035173523076892, 20.345945892307736 ], [ -100.035104230769207, 20.345883523076921 ], [ -100.035008553846097, 20.345887907692347 ], [ -100.034912784615372, 20.345885430769236 ], [ -100.034817, 20.345885107692297 ], [ -100.034721276923065, 20.345881630769238 ], [ -100.034625476923068, 20.345880723076924 ], [ -100.034530292307693, 20.345870646153866 ], [ -100.034435630769181, 20.345856723076931 ], [ -100.03438329230768, 20.345840907692306 ] ] ] ] } },
{ "type": "Feature", "properties": { "IDBD": 165584, "FC": 6291, "CONDICION": "CUERPO DE AGUA INTERMITENTE" }, "geometry": { "type": "MultiPolygon", "coordinates": [ [ [ [ -99.848093753846129, 20.342591584615413 ], [ -99.848066538461524, 20.342871830769255 ], [ -99.848067030769201, 20.342962184615374 ], [ -99.848028661538436, 20.342953323076941 ], [ -99.847980723076887, 20.342944523076923 ], [ -99.847923138461525, 20.342926738461529 ], [ -99.847884676923059, 20.34289981538463 ], [ -99.847846153846149, 20.342863861538493 ], [ -99.847826707692278, 20.34280973846155 ], [ -99.847826307692287, 20.342737461538487 ], [ -99.847854753846136, 20.342683107692295 ], [ -99.847892876923041, 20.342646784615393 ], [ -99.847940630769202, 20.342619446153876 ], [ -99.847997953846132, 20.342592061538443 ], [ -99.848093753846129, 20.342591584615413 ] ] ] ] } },
{ "type": "Feature", "properties": { "IDBD": 165592, "FC": 6291, "CONDICION": "CUERPO DE AGUA INTERMITENTE" }, "geometry": { "type": "MultiPolygon", "coordinates": [ [ [ [ -100.040445215384594, 20.344940615384619 ], [ -100.040353261538442, 20.344915292307707 ], [ -100.04026309230764, 20.344884784615342 ], [ -100.040174523076885, 20.344850353846194 ], [ -100.040087215384574, 20.344813169230761 ], [ -100.040003261538416, 20.344769646153843 ], [ -100.039933292307666, 20.344707953846147 ], [ -100.039880092307655, 20.344632815384632 ], [ -100.039831138461508, 20.344555153846155 ], [ -100.039814061538436, 20.344466246153868 ], [ -100.039794030769215, 20.34437789230768 ], [ -100.039774338461513, 20.344289476923077 ], [ -100.039767984615366, 20.344199323076918 ], [ -100.03978503076921, 20.34411041538462 ], [ -100.039811615384579, 20.344037876923071 ], [ -100.039829907692294, 20.343934938461537 ], [ -100.039867276923033, 20.343847923076893 ], [ -100.040010092307682, 20.343790646153817 ], [ -100.040103461538436, 20.343810846153882 ], [ -100.040121169230773, 20.34389963076924 ], [ -100.040122738461477, 20.343989969230776 ], [ -100.040150492307689, 20.344076461538428 ], [ -100.040173184615355, 20.344164230769216 ], [ -100.040183446153819, 20.344254061538436 ], [ -100.040232353846136, 20.344331753846152 ], [ -100.040280630769217, 20.34440978461533 ], [ -100.040327815384572, 20.344488415384603 ], [ -100.040410769230746, 20.3445336 ], [ -100.040453369230704, 20.344614523076949 ], [ -100.040458046153788, 20.344704769230766 ], [ -100.040489830769189, 20.34479 ], [ -100.040513738461513, 20.344877492307678 ], [ -100.040445215384594, 20.344940615384619 ] ] ] ] } },
{ "type": "Feature", "properties": { "IDBD": 165596, "FC": 6291, "CONDICION": "CUERPO DE AGUA INTERMITENTE" }, "geometry": { "type": "MultiPolygon", "coordinates": [ [ [ [ -100.02961575384613, 20.344461138461551 ], [ -100.029631123076911, 20.344333107692311 ], [ -100.029733815384603, 20.344125338461517 ], [ -100.029813846153829, 20.344118030769263 ], [ -100.029939876923052, 20.344129784615387 ], [ -100.030085876923067, 20.344153907692323 ], [ -100.030232030769227, 20.344203015384608 ], [ -100.030504553846157, 20.344313830769224 ], [ -100.030697399999966, 20.344406369230768 ], [ -100.030876953846118, 20.344492753846151 ], [ -100.031036830769182, 20.344610476923059 ], [ -100.030950907692286, 20.344648446153858 ], [ -100.03058563076921, 20.344544430769218 ], [ -100.030286799999956, 20.344465 ], [ -100.030134061538448, 20.34442347692309 ], [ -100.029987446153839, 20.344426200000012 ], [ -100.029807938461545, 20.34442953846154 ], [ -100.029689338461509, 20.344459107692291 ], [ -100.02961575384613, 20.344461138461551 ] ] ] ] } },
{ "type": "Feature", "properties": { "IDBD": 165603, "FC": 6291, "CONDICION": "CUERPO DE AGUA INTERMITENTE" }, "geometry": { "type": "MultiPolygon", "coordinates": [ [ [ [ -99.971902830769238, 20.342705769230761 ], [ -99.972104892307669, 20.342849200000014 ], [ -99.972259015384594, 20.342983876923075 ], [ -99.972125815384572, 20.343129184615417 ], [ -99.972021015384584, 20.34322012307695 ], [ -99.97185906153841, 20.343365584615384 ], [ -99.971687646153811, 20.343529184615424 ], [ -99.971468169230761, 20.343665923076941 ], [ -99.971543846153835, 20.343511907692299 ], [ -99.971638292307631, 20.343294538461553 ], [ -99.971742692307657, 20.343140353846191 ], [ -99.971827723076913, 20.342950138461568 ], [ -99.971902830769238, 20.342705769230761 ] ] ] ] } },
{ "type": "Feature", "properties": { "IDBD": 165632, "FC": 6291, "CONDICION": "CUERPO DE AGUA INTERMITENTE" }, "geometry": { "type": "MultiPolygon", "coordinates": [ [ [ [ -100.010231507692268, 20.34166075384617 ], [ -100.010225569230741, 20.341750938461523 ], [ -100.010197876923044, 20.341837430769218 ], [ -100.010155969230766, 20.341918676923033 ], [ -100.010104830769194, 20.341995061538498 ], [ -100.010032692307703, 20.342054507692339 ], [ -100.009954246153811, 20.342106384615381 ], [ -100.009863061538397, 20.34213404615388 ], [ -100.009767538461517, 20.34214073846158 ], [ -100.009672399999971, 20.342130153846178 ], [ -100.009578138461521, 20.342114030769224 ], [ -100.00949326153841, 20.342072153846196 ], [ -100.009417507692277, 20.342016846153815 ], [ -100.009348753846112, 20.34195393846159 ], [ -100.009284153846139, 20.341887230769267 ], [ -100.009263076923034, 20.341799092307681 ], [ -100.009257292307666, 20.341708907692311 ], [ -100.009273523076899, 20.341647692307735 ], [ -100.009370553846097, 20.34163630769233 ], [ -100.009466338461493, 20.34163783076923 ], [ -100.009561661538456, 20.34164670769232 ], [ -100.009657276923051, 20.341652092307662 ], [ -100.009752938461517, 20.341656969230723 ], [ -100.009848461538397, 20.341663692307694 ], [ -100.009944246153793, 20.341665215384641 ], [ -100.010040030769218, 20.341666215384631 ], [ -100.010135799999986, 20.341664630769273 ], [ -100.010231507692268, 20.34166075384617 ] ] ] ] } },
{ "type": "Feature", "properties": { "IDBD": 165647, "FC": 6291, "CONDICION": "CUERPO DE AGUA INTERMITENTE" }, "geometry": { "type": "MultiPolygon", "coordinates": [ [ [ [ -100.049246153846113, 20.341589661538464 ], [ -100.049188584615365, 20.341474707692271 ], [ -100.049154169230718, 20.341343138461525 ], [ -100.049113092307664, 20.341213261538471 ], [ -100.049174338461512, 20.341149830769215 ], [ -100.04926510769225, 20.341120969230769 ], [ -100.049351876923041, 20.34108267692309 ], [ -100.049441707692296, 20.34105133846148 ], [ -100.049534215384568, 20.341027861538478 ], [ -100.04962876923075, 20.341013369230748 ], [ -100.049721276923052, 20.340989907692297 ], [ -100.049796723076867, 20.340934261538472 ], [ -100.049863323076892, 20.34086930769233 ], [ -100.049932030769227, 20.340806353846144 ], [ -100.05000681538462, 20.340749892307691 ], [ -100.050086984615319, 20.340700446153836 ], [ -100.050158261538428, 20.340640076923034 ], [ -100.0502252307692, 20.340575492307703 ], [ -100.05028087692304, 20.340614353846171 ], [ -100.050302215384576, 20.340629276923099 ], [ -100.050319830769197, 20.340718076923093 ], [ -100.050264476923033, 20.34079181538462 ], [ -100.050218523076893, 20.340871076923097 ], [ -100.050191676923063, 20.340957815384606 ], [ -100.050174784615379, 20.341046753846161 ], [ -100.050178892307642, 20.341137015384643 ], [ -100.050187738461489, 20.34122698461541 ], [ -100.050126107692279, 20.341296153846137 ], [ -100.050030323076896, 20.341297046153848 ], [ -100.049934676923073, 20.341302 ], [ -100.049844199999967, 20.341331646153854 ], [ -100.049764399999972, 20.341381646153888 ], [ -100.049689399999963, 20.341437846153831 ], [ -100.049602923076876, 20.341476707692312 ], [ -100.049523107692252, 20.341526661538481 ], [ -100.049434953846145, 20.341562030769214 ], [ -100.04934163076922, 20.3415824 ], [ -100.049246153846113, 20.341589661538464 ] ] ] ] } },
{ "type": "Feature", "properties": { "IDBD": 165652, "FC": 6291, "CONDICION": "CUERPO DE AGUA INTERMITENTE" }, "geometry": { "type": "MultiPolygon", "coordinates": [ [ [ [ -99.917663092307635, 20.339511369230809 ], [ -99.917336923076888, 20.339431753846171 ], [ -99.917020353846112, 20.339361138461509 ], [ -99.916627, 20.339254769230774 ], [ -99.916329646153812, 20.339193092307688 ], [ -99.916071030769217, 20.339194446153844 ], [ -99.915850215384594, 20.33911427692307 ], [ -99.915610584615365, 20.339088430769213 ], [ -99.915562092307681, 20.338989292307705 ], [ -99.915704938461502, 20.338843984615345 ], [ -99.915848446153802, 20.33881612307691 ], [ -99.916077569230737, 20.338679384615389 ], [ -99.916297399999948, 20.33859690769232 ], [ -99.916507399999972, 20.338469323076882 ], [ -99.916727246153783, 20.338386846153895 ], [ -99.917072246153793, 20.338412138461582 ], [ -99.917273046153795, 20.338347846153855 ], [ -99.917526507692301, 20.339096446153853 ], [ -99.917663092307635, 20.339511369230809 ] ] ] ] } },
{ "type": "Feature", "properties": { "IDBD": 165654, "FC": 6291, "CONDICION": "CUERPO DE AGUA INTERMITENTE" }, "geometry": { "type": "MultiPolygon", "coordinates": [ [ [ [ -100.028170861538413, 20.340895215384599 ], [ -100.028076723076907, 20.340878507692306 ], [ -100.027982261538426, 20.34086349230769 ], [ -100.027893692307686, 20.340829092307711 ], [ -100.027808, 20.340788707692312 ], [ -100.027733015384584, 20.340732476923122 ], [ -100.027671830769222, 20.340662953846188 ], [ -100.027621799999977, 20.340585907692319 ], [ -100.027568353846121, 20.340510938461527 ], [ -100.027519569230719, 20.340433169230796 ], [ -100.027506015384589, 20.340353123076934 ], [ -100.027504461538442, 20.340343953846141 ], [ -100.027499246153795, 20.340276707692336 ], [ -100.027613199999976, 20.340255153846165 ], [ -100.027708015384604, 20.340267953846173 ], [ -100.027797553846128, 20.340300092307697 ], [ -100.027876953846132, 20.340350615384637 ], [ -100.027948584615359, 20.3404106 ], [ -100.028011707692286, 20.340478569230761 ], [ -100.028063507692295, 20.340554569230797 ], [ -100.028109123076902, 20.340634015384655 ], [ -100.028146538461527, 20.340717184615368 ], [ -100.028169630769199, 20.340804876923112 ], [ -100.028170861538413, 20.340895215384599 ] ] ] ] } },
{ "type": "Feature", "properties": { "IDBD": 165659, "FC": 6291, "CONDICION": "CUERPO DE AGUA INTERMITENTE" }, "geometry": { "type": "MultiPolygon", "coordinates": [ [ [ [ -100.055129523076872, 20.340787907692306 ], [ -100.055087476923035, 20.340706723076888 ], [ -100.055040784615358, 20.340627830769215 ], [ -100.054980092307659, 20.34055793846148 ], [ -100.054915753846146, 20.340490984615347 ], [ -100.054867692307667, 20.340412846153843 ], [ -100.054843076923049, 20.340325523076871 ], [ -100.054854353846139, 20.340235799999981 ], [ -100.05487998461534, 20.340148738461536 ], [ -100.0549398153846, 20.340077169230806 ], [ -100.055081876923026, 20.340097507692303 ], [ -100.055175246153809, 20.340117676923096 ], [ -100.055271, 20.340120323076896 ], [ -100.055366430769212, 20.340128107692308 ], [ -100.055462030769192, 20.340133799999965 ], [ -100.055557523076871, 20.340140984615381 ], [ -100.055653030769179, 20.34014790769233 ], [ -100.055748538461543, 20.3401548 ], [ -100.055844246153782, 20.3401586769231 ], [ -100.05593892307688, 20.340172384615368 ], [ -100.056032769230754, 20.34019052307692 ], [ -100.056128261538447, 20.34019773846153 ], [ -100.056224046153815, 20.340198492307678 ], [ -100.056297338461505, 20.34022183076921 ], [ -100.056352830769214, 20.340275107692321 ], [ -100.056396461538455, 20.340341338461535 ], [ -100.05635944615382, 20.340424676923053 ], [ -100.056306538461484, 20.340499984615395 ], [ -100.05623464615384, 20.340559692307693 ], [ -100.056149753846142, 20.340601553846138 ], [ -100.056054123076905, 20.340606676923073 ], [ -100.055962292307697, 20.340632430769205 ], [ -100.055934153846096, 20.34071878461538 ], [ -100.055874046153804, 20.340789138461577 ], [ -100.05578061538462, 20.340809076923069 ], [ -100.055685076923069, 20.340802507692292 ], [ -100.055589292307673, 20.340800907692309 ], [ -100.055494969230722, 20.340816599999979 ], [ -100.055401123076905, 20.34083472307691 ], [ -100.055319646153805, 20.340787200000044 ], [ -100.05522453846153, 20.340776476923114 ], [ -100.055129523076872, 20.340787907692306 ] ] ] ] } },
{ "type": "Feature", "properties": { "IDBD": 165673, "FC": 6291, "CONDICION": "CUERPO DE AGUA INTERMITENTE" }, "geometry": { "type": "MultiPolygon", "coordinates": [ [ [ [ -100.051159846153837, 20.340055369230786 ], [ -100.051065969230734, 20.340037353846167 ], [ -100.050972076923017, 20.340019492307718 ], [ -100.050879169230711, 20.339997446153845 ], [ -100.050785615384612, 20.339978046153853 ], [ -100.050691138461474, 20.339963123076899 ], [ -100.050597353846157, 20.339944753846162 ], [ -100.050502615384588, 20.339931430769223 ], [ -100.05040826153845, 20.339915846153858 ], [ -100.050342015384558, 20.3398948 ], [ -100.050325323076876, 20.339838984615383 ], [ -100.050352107692305, 20.339752246153886 ], [ -100.050438692307665, 20.3397136 ], [ -100.05053295384613, 20.339697569230811 ], [ -100.05062456923072, 20.339671153846115 ], [ -100.050718892307685, 20.339655446153902 ], [ -100.050813353846124, 20.339640415384608 ], [ -100.050907938461492, 20.33962609230764 ], [ -100.05100196923074, 20.339608861538476 ], [ -100.051092461538445, 20.339579246153846 ], [ -100.051174307692264, 20.33953229230773 ], [ -100.051259292307677, 20.33949061538463 ], [ -100.051347246153838, 20.339454830769245 ], [ -100.05141336923073, 20.339389461538481 ], [ -100.051496061538401, 20.339343861538442 ], [ -100.051585830769213, 20.339312338461522 ], [ -100.051675707692269, 20.339281061538454 ], [ -100.051766923076869, 20.339253492307694 ], [ -100.051856307692304, 20.339221 ], [ -100.05194698461537, 20.33919187692306 ], [ -100.051951292307677, 20.339304138461589 ], [ -100.0519366, 20.339393430769231 ], [ -100.051880815384564, 20.339466861538458 ], [ -100.051809384615368, 20.339527061538472 ], [ -100.051735230769197, 20.339584276923084 ], [ -100.051659384615391, 20.339639461538461 ], [ -100.051583323076912, 20.33969436923077 ], [ -100.051519384615375, 20.339761646153843 ], [ -100.051456538461522, 20.339829830769265 ], [ -100.051392430769198, 20.339896953846146 ], [ -100.051319415384569, 20.339955446153876 ], [ -100.051238461538432, 20.34000375384618 ], [ -100.051159846153837, 20.340055369230786 ] ] ] ] } },
{ "type": "Feature", "properties": { "IDBD": 165676, "FC": 6291, "CONDICION": "CUERPO DE AGUA INTERMITENTE" }, "geometry": { "type": "MultiPolygon", "coordinates": [ [ [ [ -100.028380061538414, 20.339706969230743 ], [ -100.028286599999987, 20.339726784615383 ], [ -100.028190907692263, 20.339730846153834 ], [ -100.028095461538442, 20.339723184615391 ], [ -100.027999938461505, 20.339716399999975 ], [ -100.027907861538438, 20.339691492307679 ], [ -100.027826953846144, 20.339643107692336 ], [ -100.027748323076878, 20.33959152307688 ], [ -100.027678646153817, 20.339529523076912 ], [ -100.027614753846137, 20.339462215384625 ], [ -100.02759649230768, 20.339373507692308 ], [ -100.027588430769214, 20.339283492307725 ], [ -100.027584753846128, 20.3391932 ], [ -100.027595615384584, 20.339103430769235 ], [ -100.027614876923082, 20.339014923076938 ], [ -100.027626876923051, 20.338983230769202 ], [ -100.02771575384611, 20.339021399999975 ], [ -100.027800907692296, 20.33906276923074 ], [ -100.027869784615348, 20.339125553846163 ], [ -100.027948630769188, 20.339176876923091 ], [ -100.027987507692302, 20.339259446153847 ], [ -100.027988615384572, 20.3393498 ], [ -100.02801721538458, 20.33943603076921 ], [ -100.028096907692287, 20.339486153846178 ], [ -100.028183707692278, 20.339524369230791 ], [ -100.028271338461508, 20.339560861538455 ], [ -100.028337861538432, 20.339625876923048 ], [ -100.028380061538414, 20.339706969230743 ] ] ] ] } },
{ "type": "Feature", "properties": { "IDBD": 165681, "FC": 6291, "CONDICION": "CUERPO DE AGUA INTERMITENTE" }, "geometry": { "type": "MultiPolygon", "coordinates": [ [ [ [ -99.913240138461518, 20.336724507692313 ], [ -99.913269923076925, 20.336905061538463 ], [ -99.913252107692287, 20.337131046153843 ], [ -99.913214692307676, 20.337284830769214 ], [ -99.913110276923064, 20.337448015384602 ], [ -99.912986861538414, 20.337638415384614 ], [ -99.912853769230722, 20.337810784615403 ], [ -99.9127396, 20.337946907692292 ], [ -99.912587230769219, 20.338101307692362 ], [ -99.912393584615373, 20.337749938461577 ], [ -99.912363738461494, 20.33756035384614 ], [ -99.912362353846149, 20.337325430769209 ], [ -99.912352353846146, 20.3372532 ], [ -99.912322892307671, 20.337126861538454 ], [ -99.912312353846119, 20.336964276923084 ], [ -99.912388538461514, 20.336891599999966 ], [ -99.912503461538435, 20.336881953846159 ], [ -99.912723461538434, 20.3368266 ], [ -99.912981830769198, 20.336780061538462 ], [ -99.913240138461518, 20.336724507692313 ] ] ] ] } },
{ "type": "Feature", "properties": { "IDBD": 165685, "FC": 6291, "CONDICION": "CUERPO DE AGUA INTERMITENTE" }, "geometry": { "type": "MultiPolygon", "coordinates": [ [ [ [ -99.924340846153825, 20.336431230769229 ], [ -99.924533953846094, 20.336683200000014 ], [ -99.924400415384568, 20.3367832923077 ], [ -99.924257399999959, 20.336892476923101 ], [ -99.924124138461536, 20.33703775384609 ], [ -99.924000307692268, 20.337155861538459 ], [ -99.923895723076882, 20.337291953846133 ], [ -99.923800815384581, 20.337437015384623 ], [ -99.923715415384578, 20.337573 ], [ -99.923610661538419, 20.337681984615401 ], [ -99.923457907692296, 20.337764107692344 ], [ -99.923352523076915, 20.337764661538472 ], [ -99.923380523076901, 20.337638015384638 ], [ -99.923427461538424, 20.337475138461535 ], [ -99.92349367692303, 20.337339246153885 ], [ -99.9235689230769, 20.337103938461567 ], [ -99.923682492307634, 20.336868415384625 ], [ -99.923767830769194, 20.336723384615372 ], [ -99.923843723076899, 20.336596492307695 ], [ -99.923919492307675, 20.336451523076938 ], [ -99.923995430769196, 20.336333661538461 ], [ -99.924089923076863, 20.336116307692318 ], [ -99.924340846153825, 20.336431230769229 ] ] ] ] } },
{ "type": "Feature", "properties": { "IDBD": 165705, "FC": 6291, "CONDICION": "CUERPO DE AGUA INTERMITENTE" }, "geometry": { "type": "MultiPolygon", "coordinates": [ [ [ [ -99.909776923076919, 20.335857092307666 ], [ -99.909626769230755, 20.336390969230759 ], [ -99.909396815384596, 20.336383123076921 ], [ -99.909186076923064, 20.336384230769255 ], [ -99.908937076923095, 20.336394553846173 ], [ -99.908726338461491, 20.336395646153818 ], [ -99.908553861538422, 20.336387507692343 ], [ -99.908362276923057, 20.336388507692302 ], [ -99.908304, 20.33625327692312 ], [ -99.908274599999984, 20.33613596923075 ], [ -99.908446107692271, 20.335981476923052 ], [ -99.908589230769167, 20.335881338461565 ], [ -99.908761153846115, 20.335799123076921 ], [ -99.908933261538465, 20.335744015384588 ], [ -99.909153369230722, 20.335706738461532 ], [ -99.909325492307644, 20.335651630769263 ], [ -99.909584107692254, 20.335650276923076 ], [ -99.909842599999962, 20.335621830769213 ], [ -99.909776923076919, 20.335857092307666 ] ] ] ] } },
{ "type": "Feature", "properties": { "IDBD": 165711, "FC": 6291, "CONDICION": "CUERPO DE AGUA INTERMITENTE" }, "geometry": { "type": "MultiPolygon", "coordinates": [ [ [ [ -100.054066338461524, 20.338007861538511 ], [ -100.053970646153843, 20.338003738461541 ], [ -100.053875061538449, 20.338009415384576 ], [ -100.053779507692283, 20.338015907692309 ], [ -100.05368413846152, 20.33802435384619 ], [ -100.053588446153796, 20.338028261538476 ], [ -100.053492892307659, 20.338034584615414 ], [ -100.053397107692291, 20.338033476923094 ], [ -100.053301599999969, 20.33802660000002 ], [ -100.053206753846126, 20.338013907692293 ], [ -100.053112276923031, 20.337999030769247 ], [ -100.0530094, 20.337990184615368 ], [ -100.053011292307644, 20.337963492307715 ], [ -100.053036676923085, 20.337876369230774 ], [ -100.053129569230762, 20.337854323076925 ], [ -100.053222723076928, 20.337833246153853 ], [ -100.053298646153834, 20.337778153846124 ], [ -100.053341169230762, 20.337697200000033 ], [ -100.053423646153831, 20.337651246153825 ], [ -100.053515753846142, 20.337626415384644 ], [ -100.053608323076887, 20.337649615384588 ], [ -100.053701769230756, 20.337669461538432 ], [ -100.053796523076912, 20.337682784615364 ], [ -100.053886584615356, 20.337713538461518 ], [ -100.053979569230719, 20.337735246153876 ], [ -100.05407535384613, 20.337735123076936 ], [ -100.054165907692294, 20.337730399999963 ], [ -100.054251076923038, 20.337765861538454 ], [ -100.054304969230728, 20.337833384615397 ], [ -100.054318584615345, 20.337924984615391 ], [ -100.054246630769171, 20.337950215384598 ], [ -100.054159938461524, 20.337988661538471 ], [ -100.054066338461524, 20.338007861538511 ] ] ] ] } },
{ "type": "Feature", "properties": { "IDBD": 165732, "FC": 6291, "CONDICION": "CUERPO DE AGUA INTERMITENTE" }, "geometry": { "type": "MultiPolygon", "coordinates": [ [ [ [ -100.010908815384596, 20.335619061538431 ], [ -100.010852692307651, 20.335545846153863 ], [ -100.010795507692293, 20.335473353846108 ], [ -100.010727230769234, 20.335409984615385 ], [ -100.010660292307676, 20.335345353846172 ], [ -100.01058349230766, 20.335291353846145 ], [ -100.010505846153805, 20.335238446153852 ], [ -100.010489369230726, 20.335227215384617 ], [ -100.0104282, 20.335185538461534 ], [ -100.010349538461512, 20.335133984615361 ], [ -100.010271384615365, 20.335081738461533 ], [ -100.010192738461512, 20.335030153846173 ], [ -100.01012918461538, 20.334962553846172 ], [ -100.010073138461493, 20.334884461538472 ], [ -100.010183430769203, 20.334830661538437 ], [ -100.010278646153822, 20.334840415384651 ], [ -100.010372661538455, 20.33485778461543 ], [ -100.010378076923061, 20.334856984615385 ], [ -100.010467261538409, 20.334843630769257 ], [ -100.010562984615362, 20.334840415384612 ], [ -100.010658015384621, 20.334851738461552 ], [ -100.01075207692304, 20.334868861538492 ], [ -100.010844723076872, 20.3348918 ], [ -100.010933184615368, 20.33492646153849 ], [ -100.011017323076899, 20.334969646153841 ], [ -100.01110258461533, 20.335010815384603 ], [ -100.011198384615355, 20.335010861538485 ], [ -100.011293907692263, 20.335017630769212 ], [ -100.011389661538416, 20.335019738461533 ], [ -100.011321830769219, 20.335083538461522 ], [ -100.011232338461511, 20.335115753846107 ], [ -100.011147138461496, 20.335157030769228 ], [ -100.011065769230726, 20.335204723076931 ], [ -100.010999753846122, 20.335270184615382 ], [ -100.010967923076905, 20.335355399999987 ], [ -100.010962507692298, 20.335445615384586 ], [ -100.010936676923066, 20.335532615384619 ], [ -100.010908815384596, 20.335619061538431 ] ] ] ] } },
{ "type": "Feature", "properties": { "IDBD": 165749, "FC": 6291, "CONDICION": "CUERPO DE AGUA INTERMITENTE" }, "geometry": { "type": "MultiPolygon", "coordinates": [ [ [ [ -100.012645753846115, 20.334024446153848 ], [ -100.012565369230728, 20.33407360000005 ], [ -100.012490907692296, 20.334130415384614 ], [ -100.012405, 20.334170384615362 ], [ -100.012312799999975, 20.334194907692286 ], [ -100.012217799999959, 20.3341833076923 ], [ -100.012132092307638, 20.334142969230797 ], [ -100.01205649230765, 20.334087476923109 ], [ -100.012019846153862, 20.334023553846158 ], [ -100.0120109230769, 20.334008015384622 ], [ -100.011982076923061, 20.333921861538414 ], [ -100.011967230769201, 20.333832600000019 ], [ -100.011993538461525, 20.333768061538514 ], [ -100.012050430769193, 20.333767046153859 ], [ -100.012132399999956, 20.333813815384651 ], [ -100.012220092307686, 20.333850153846189 ], [ -100.012313723076872, 20.333869215384635 ], [ -100.012395938461523, 20.333885984615371 ], [ -100.012407353846157, 20.333888323076934 ], [ -100.012499169230708, 20.333914061538444 ], [ -100.012584615384569, 20.333954892307727 ], [ -100.012645753846115, 20.334024446153848 ] ] ] ] } },
{ "type": "Feature", "properties": { "IDBD": 165753, "FC": 6291, "CONDICION": "CUERPO DE AGUA INTERMITENTE" }, "geometry": { "type": "MultiPolygon", "coordinates": [ [ [ [ -99.970293369230731, 20.333480584615351 ], [ -99.970120107692253, 20.333346015384649 ], [ -99.96995619999997, 20.33317524615385 ], [ -99.969830246153847, 20.33295006153844 ], [ -99.970011184615331, 20.332777384615369 ], [ -99.970202261538432, 20.332695015384601 ], [ -99.970346, 20.33270324615383 ], [ -99.970442307692267, 20.332784030769211 ], [ -99.970529169230744, 20.332891969230747 ], [ -99.970606584615354, 20.333018046153843 ], [ -99.970635892307669, 20.333108230769263 ], [ -99.970560107692293, 20.333244184615424 ], [ -99.970522123076918, 20.3332986 ], [ -99.97049356923074, 20.333325861538427 ], [ -99.97041727692303, 20.333380507692326 ], [ -99.970293369230731, 20.333480584615351 ] ] ] ] } },
{ "type": "Feature", "properties": { "IDBD": 165763, "FC": 6291, "CONDICION": "CUERPO DE AGUA INTERMITENTE" }, "geometry": { "type": "MultiPolygon", "coordinates": [ [ [ [ -100.032401, 20.333653538461526 ], [ -100.032476661538439, 20.333554153846169 ], [ -100.032557323076929, 20.3335054153846 ], [ -100.032651261538447, 20.333487769230782 ], [ -100.032743446153802, 20.333463215384604 ], [ -100.03283096923073, 20.333426523076913 ], [ -100.032922738461508, 20.333400599999983 ], [ -100.033015876923031, 20.333379492307671 ], [ -100.033109538461474, 20.333360553846145 ], [ -100.033204646153834, 20.333349830769212 ], [ -100.033300030769169, 20.33334155384614 ], [ -100.033395492307676, 20.333334246153864 ], [ -100.033490584615365, 20.333323261538425 ], [ -100.033585738461511, 20.33331301538465 ], [ -100.033681261538433, 20.333306169230774 ], [ -100.033777046153816, 20.333306046153858 ], [ -100.033872830769212, 20.333307046153873 ], [ -100.033968492307636, 20.333302569230788 ], [ -100.034063584615353, 20.333291661538471 ], [ -100.034159307692249, 20.333288430769205 ], [ -100.034255061538431, 20.333286307692287 ], [ -100.034350584615353, 20.333279615384612 ], [ -100.034445984615346, 20.333271430769258 ], [ -100.034541753846142, 20.333269707692313 ], [ -100.034637276923078, 20.333263061538496 ], [ -100.034733061538432, 20.3332638 ], [ -100.034826046153839, 20.333285492307706 ], [ -100.034919599999967, 20.333304923076934 ], [ -100.03501533846152, 20.333307815384607 ], [ -100.035010353846147, 20.333398030769217 ], [ -100.034972538461517, 20.333481046153842 ], [ -100.034883138461495, 20.333513492307699 ], [ -100.03478832307691, 20.333526292307678 ], [ -100.034692692307672, 20.333531353846151 ], [ -100.034596969230748, 20.333534661538469 ], [ -100.034501184615351, 20.33353569230766 ], [ -100.034405399999955, 20.333536707692279 ], [ -100.034310184615336, 20.333546492307669 ], [ -100.034214461538411, 20.333550138461522 ], [ -100.034118799999973, 20.333554569230781 ], [ -100.034023030769191, 20.333556246153837 ], [ -100.033927246153837, 20.333557123076883 ], [ -100.033831661538429, 20.333551307692339 ], [ -100.033735876923046, 20.333550492307651 ], [ -100.033640553846112, 20.33355940000002 ], [ -100.033544984615361, 20.333565523076896 ], [ -100.033449246153822, 20.333568338461529 ], [ -100.033353461538425, 20.333569384615423 ], [ -100.033258215384592, 20.333578907692353 ], [ -100.033162523076882, 20.333583169230788 ], [ -100.033067046153818, 20.333590292307676 ], [ -100.032971953846157, 20.333601261538508 ], [ -100.032876584615337, 20.333609584615392 ], [ -100.032781030769186, 20.333615846153833 ], [ -100.032687323076885, 20.333634599999982 ], [ -100.032592430769185, 20.333646969230795 ], [ -100.032496676923031, 20.333649200000021 ], [ -100.032401, 20.333653538461526 ] ] ] ] } },
{ "type": "Feature", "properties": { "IDBD": 165766, "FC": 6291, "CONDICION": "CUERPO DE AGUA INTERMITENTE" }, "geometry": { "type": "MultiPolygon", "coordinates": [ [ [ [ -99.962788753846155, 20.331254200000025 ], [ -99.963009676923036, 20.331352369230764 ], [ -99.963192676923072, 20.331514 ], [ -99.963471538461505, 20.331684138461554 ], [ -99.963654030769206, 20.331764446153816 ], [ -99.963513046153849, 20.332198923076884 ], [ -99.963437630769207, 20.332398123076935 ], [ -99.963101492307672, 20.332255400000019 ], [ -99.9629956307692, 20.332174661538488 ], [ -99.962889292307665, 20.332021646153823 ], [ -99.962802184615342, 20.331877569230773 ], [ -99.962762815384593, 20.331706107692277 ], [ -99.962752246153826, 20.331543538461506 ], [ -99.962741599999958, 20.331371923076905 ], [ -99.962788753846155, 20.331254200000025 ] ] ] ] } },
{ "type": "Feature", "properties": { "IDBD": 165780, "FC": 6291, "CONDICION": "CUERPO DE AGUA INTERMITENTE" }, "geometry": { "type": "MultiPolygon", "coordinates": [ [ [ [ -99.942672830769183, 20.331228307692285 ], [ -99.942738507692297, 20.331002061538459 ], [ -99.942823892307686, 20.330866076923115 ], [ -99.942889369230741, 20.330603692307687 ], [ -99.942955246153829, 20.330413600000021 ], [ -99.942973399999957, 20.330241815384621 ], [ -99.942923569230757, 20.329925846153891 ], [ -99.943202707692265, 20.330150230769267 ], [ -99.943357030769221, 20.330321076923052 ], [ -99.943434476923045, 20.330456184615358 ], [ -99.943483138461502, 20.330582415384622 ], [ -99.943493307692265, 20.330681753846161 ], [ -99.943446184615368, 20.330808507692314 ], [ -99.943351, 20.3309084 ], [ -99.943236769230708, 20.331026476923093 ], [ -99.943103061538437, 20.331090446153809 ], [ -99.942950123076926, 20.33114549230768 ], [ -99.942672830769183, 20.331228307692285 ] ] ] ] } },
{ "type": "Feature", "properties": { "IDBD": 165781, "FC": 6291, "CONDICION": "CUERPO DE AGUA INTERMITENTE" }, "geometry": { "type": "MultiPolygon", "coordinates": [ [ [ [ -100.018758138461521, 20.332198969230742 ], [ -100.018662353846096, 20.33219952307693 ], [ -100.018576723076904, 20.332200015384636 ], [ -100.0185665692307, 20.33220007692309 ], [ -100.018471076923078, 20.332207076923105 ], [ -100.018375292307638, 20.332207784615388 ], [ -100.018279507692299, 20.332208400000024 ], [ -100.018183799999974, 20.332204569230761 ], [ -100.018088030769235, 20.332202938461517 ], [ -100.017993399999952, 20.332188969230767 ], [ -100.017909753846141, 20.332144938461575 ], [ -100.017838261538429, 20.332084800000015 ], [ -100.017771353846143, 20.33202015384617 ], [ -100.017704446153786, 20.331955492307685 ], [ -100.017646246153831, 20.331883738461546 ], [ -100.017583123076903, 20.33181578461539 ], [ -100.017517, 20.3317504 ], [ -100.017450292307686, 20.33168556923075 ], [ -100.017386846153826, 20.331617876923048 ], [ -100.017328230769223, 20.331546415384583 ], [ -100.017271, 20.33147396923076 ], [ -100.017192984615377, 20.331421538461548 ], [ -100.017128861538438, 20.331354430769235 ], [ -100.017063615384572, 20.331288276923047 ], [ -100.016993907692296, 20.331226307692326 ], [ -100.016923538461526, 20.331165015384592 ], [ -100.016851799999969, 20.331105153846153 ], [ -100.016780061538469, 20.331045276923092 ], [ -100.016710599999968, 20.330983046153857 ], [ -100.01663950769229, 20.330922507692321 ], [ -100.016573907692276, 20.330856676923045 ], [ -100.016528276923069, 20.330777246153829 ], [ -100.016486553846121, 20.330695907692299 ], [ -100.016454507692316, 20.330610769230773 ], [ -100.01643910769225, 20.330521584615376 ], [ -100.016414923076908, 20.330434169230781 ], [ -100.016386707692291, 20.330347815384645 ], [ -100.016380215384586, 20.33025767692309 ], [ -100.016392076923026, 20.33016803076924 ], [ -100.016394123076893, 20.330152169230786 ], [ -100.016403646153819, 20.330078338461558 ], [ -100.0164188, 20.330014476923076 ], [ -100.016461584615357, 20.330026430769262 ], [ -100.01659935384609, 20.330064938461522 ], [ -100.016674846153848, 20.330120538461518 ], [ -100.01674836923074, 20.33017844615388 ], [ -100.016819338461531, 20.330239138461529 ], [ -100.016891215384575, 20.330298846153838 ], [ -100.016909046153827, 20.33031464615388 ], [ -100.016961046153824, 20.330360692307686 ], [ -100.0170288, 20.330424569230772 ], [ -100.017095584615348, 20.330489323076925 ], [ -100.017146876923064, 20.330565630769271 ], [ -100.017198153846138, 20.330641938461547 ], [ -100.017243369230727, 20.3307216 ], [ -100.017313046153845, 20.330783584615357 ], [ -100.017378923076876, 20.330849184615374 ], [ -100.017442584615353, 20.330916692307692 ], [ -100.01750413846149, 20.330985923076927 ], [ -100.017568769230749, 20.331052600000024 ], [ -100.017636261538414, 20.331116723076931 ], [ -100.017698815384605, 20.33118513846156 ], [ -100.017740538461496, 20.331223015384605 ], [ -100.017767830769188, 20.331247800000021 ], [ -100.017836846153799, 20.331310446153843 ], [ -100.017898876923041, 20.33137929230773 ], [ -100.017980738461503, 20.33142621538466 ], [ -100.018061953846143, 20.331474123076919 ], [ -100.018143723076875, 20.331521169230765 ], [ -100.018223153846108, 20.331571661538426 ], [ -100.018294461538417, 20.331632 ], [ -100.018359292307665, 20.331698507692284 ], [ -100.018424938461507, 20.331764307692353 ], [ -100.018490615384593, 20.331830061538451 ], [ -100.018556292307665, 20.331895830769263 ], [ -100.018621353846129, 20.331962138461559 ], [ -100.018678523076886, 20.332034646153833 ], [ -100.018689323076927, 20.332055938461526 ], [ -100.018719846153843, 20.33211615384619 ], [ -100.018758138461521, 20.332198969230742 ] ] ] ] } },
{ "type": "Feature", "properties": { "IDBD": 165819, "FC": 6291, "CONDICION": "CUERPO DE AGUA INTERMITENTE" }, "geometry": { "type": "MultiPolygon", "coordinates": [ [ [ [ -99.890241, 20.326849892307685 ], [ -99.890366138461488, 20.326957676923129 ], [ -99.890462553846135, 20.327065615384626 ], [ -99.890386384615368, 20.327147323076911 ], [ -99.890272015384554, 20.327247292307693 ], [ -99.890147846153823, 20.327311184615418 ], [ -99.890081107692254, 20.327365723076966 ], [ -99.889966538461522, 20.327429569230752 ], [ -99.889861430769216, 20.327475276923074 ], [ -99.8897275384615, 20.327512092307707 ], [ -99.889727169230753, 20.327448846153835 ], [ -99.889774292307649, 20.327313076923069 ], [ -99.889926661538453, 20.327158692307709 ], [ -99.890012307692302, 20.327058876923068 ], [ -99.890107630769194, 20.326977061538429 ], [ -99.890241, 20.326849892307685 ] ] ] ] } },
{ "type": "Feature", "properties": { "IDBD": 165825, "FC": 6291, "CONDICION": "CUERPO DE AGUA INTERMITENTE" }, "geometry": { "type": "MultiPolygon", "coordinates": [ [ [ [ -99.983881215384585, 20.328182199999972 ], [ -99.983992846153811, 20.328034753846186 ], [ -99.984136261538424, 20.327993292307688 ], [ -99.984394969230749, 20.328005384615388 ], [ -99.984567876923023, 20.328085723076942 ], [ -99.984714692307662, 20.328204615384625 ], [ -99.984629138461528, 20.32830449230773 ], [ -99.984485984615361, 20.328386615384627 ], [ -99.984285184615345, 20.328441953846145 ], [ -99.984093261538419, 20.328388815384642 ], [ -99.983968061538462, 20.328281107692284 ], [ -99.983881215384585, 20.328182199999972 ] ] ] ] } },
{ "type": "Feature", "properties": { "IDBD": 165827, "FC": 6291, "CONDICION": "CUERPO DE AGUA INTERMITENTE" }, "geometry": { "type": "MultiPolygon", "coordinates": [ [ [ [ -99.885712738461521, 20.325607923076905 ], [ -99.885742292307668, 20.325752338461555 ], [ -99.885743984615374, 20.326050492307687 ], [ -99.885506076923036, 20.326322769230774 ], [ -99.885201107692296, 20.326595384615409 ], [ -99.884704876923053, 20.326923169230753 ], [ -99.884523538461508, 20.327041553846165 ], [ -99.884455523076909, 20.326870215384595 ], [ -99.884359430769209, 20.326816492307671 ], [ -99.884244169230755, 20.32676286153842 ], [ -99.883994615384594, 20.326673769230776 ], [ -99.883850784615362, 20.326647384615384 ], [ -99.883783276923083, 20.32656641538464 ], [ -99.883792138461502, 20.32643986153845 ], [ -99.883906569230732, 20.326348938461532 ], [ -99.884040569230748, 20.326330184615369 ], [ -99.884135892307654, 20.326248384615393 ], [ -99.884183153846109, 20.326139723076917 ], [ -99.884125076923027, 20.326031584615379 ], [ -99.884105153846093, 20.32589615384617 ], [ -99.884181153846114, 20.325787338461577 ], [ -99.884334215384598, 20.32575043076924 ], [ -99.884391369230755, 20.325695923076918 ], [ -99.884467230769232, 20.32556 ], [ -99.884620938461481, 20.32564055384616 ], [ -99.884707199999966, 20.325649153846179 ], [ -99.884812830769235, 20.325693784615385 ], [ -99.884879923076909, 20.325702492307705 ], [ -99.884966276923066, 20.325729153846183 ], [ -99.885139153846126, 20.3258096 ], [ -99.885215630769196, 20.325782107692309 ], [ -99.88542646153843, 20.325799107692326 ], [ -99.885560092307657, 20.325717107692299 ], [ -99.885712738461521, 20.325607923076905 ] ] ] ] } },
{ "type": "Feature", "properties": { "IDBD": 165834, "FC": 6291, "CONDICION": "CUERPO DE AGUA INTERMITENTE" }, "geometry": { "type": "MultiPolygon", "coordinates": [ [ [ [ -99.941921353846126, 20.325765923076954 ], [ -99.941920738461519, 20.325666538461519 ], [ -99.942112692307688, 20.325728753846164 ], [ -99.942371584615358, 20.32577253846155 ], [ -99.942611415384562, 20.325834492307706 ], [ -99.942812553846096, 20.325833399999976 ], [ -99.943071123076876, 20.325822969230781 ], [ -99.943348615384593, 20.325776307692355 ], [ -99.943520199999938, 20.325639846153848 ], [ -99.943663492307692, 20.325575830769242 ], [ -99.943864369230738, 20.325529569230756 ], [ -99.944017599999952, 20.325528738461529 ], [ -99.944189969230749, 20.325518769230793 ], [ -99.944304907692285, 20.325518153846176 ], [ -99.944476830769219, 20.325435907692277 ], [ -99.944620184615317, 20.325380907692313 ], [ -99.944596953846144, 20.32629361538465 ], [ -99.944566169230754, 20.327531630769251 ], [ -99.94425869230767, 20.327370661538477 ], [ -99.944027907692288, 20.327227338461544 ], [ -99.943826323076891, 20.327156138461522 ], [ -99.943624476923006, 20.327039769230776 ], [ -99.943442169230721, 20.326986538461526 ], [ -99.943384430769186, 20.326941676923116 ], [ -99.9432495076923, 20.326806876923076 ], [ -99.943077261538463, 20.326834907692309 ], [ -99.942751584615351, 20.326836661538458 ], [ -99.942616615384608, 20.326692830769218 ], [ -99.942490599999971, 20.326449553846114 ], [ -99.942403153846115, 20.326242200000035 ], [ -99.942344630769213, 20.326070846153804 ], [ -99.942114276923036, 20.325990769230732 ], [ -99.94192178461536, 20.325838199999964 ], [ -99.941921353846126, 20.325765923076954 ] ] ] ] } },
{ "type": "Feature", "properties": { "IDBD": 165835, "FC": 6291, "CONDICION": "CUERPO DE AGUA INTERMITENTE" }, "geometry": { "type": "MultiPolygon", "coordinates": [ [ [ [ -99.958896676923032, 20.32765239999997 ], [ -99.958752615384583, 20.327589953846179 ], [ -99.958589430769209, 20.327536630769238 ], [ -99.958521784615385, 20.327437615384621 ], [ -99.958549215384579, 20.32722964615386 ], [ -99.958701338461523, 20.327039076923086 ], [ -99.958901353846144, 20.326857261538475 ], [ -99.959072984615347, 20.326729830769246 ], [ -99.959226138461531, 20.326710923076938 ], [ -99.959341123076896, 20.326719323076958 ], [ -99.959495276923022, 20.326863046153846 ], [ -99.959496553846094, 20.327070846153859 ], [ -99.959555353846113, 20.327287369230746 ], [ -99.959230753846114, 20.327460830769205 ], [ -99.958896676923032, 20.32765239999997 ] ] ] ] } },
{ "type": "Feature", "properties": { "IDBD": 165848, "FC": 6291, "CONDICION": "CUERPO DE AGUA INTERMITENTE" }, "geometry": { "type": "MultiPolygon", "coordinates": [ [ [ [ -99.974465876923063, 20.326735061538457 ], [ -99.973420476923053, 20.326524046153875 ], [ -99.973380492307683, 20.3262532 ], [ -99.973417323076859, 20.326018076923098 ], [ -99.973521661538413, 20.325854861538442 ], [ -99.973750815384577, 20.325736123076926 ], [ -99.973836507692297, 20.325654338461565 ], [ -99.973960338461495, 20.325545215384636 ], [ -99.97421827692304, 20.325435353846114 ], [ -99.97473584615382, 20.325486676923106 ], [ -99.974995184615338, 20.325602692307733 ], [ -99.975130307692282, 20.325764584615428 ], [ -99.975160215384591, 20.325954153846141 ], [ -99.975219353846157, 20.326215846153847 ], [ -99.975259199999982, 20.326459584615399 ], [ -99.975318169230732, 20.326703215384622 ], [ -99.975396215384592, 20.326928661538489 ], [ -99.974465876923063, 20.326735061538457 ] ] ] ] } },
{ "type": "Feature", "properties": { "IDBD": 165850, "FC": 6291, "CONDICION": "CUERPO DE AGUA INTERMITENTE" }, "geometry": { "type": "MultiPolygon", "coordinates": [ [ [ [ -100.036948415384586, 20.327415369230785 ], [ -100.036866584615368, 20.327462323076936 ], [ -100.036780984615362, 20.327502861538484 ], [ -100.036696123076879, 20.327544753846158 ], [ -100.036609661538449, 20.327583630769201 ], [ -100.036519661538421, 20.327614584615365 ], [ -100.036423969230754, 20.327618292307701 ], [ -100.036331646153798, 20.327594215384632 ], [ -100.036244676923033, 20.327556338461541 ], [ -100.036172369230741, 20.327497092307723 ], [ -100.036110492307685, 20.327428123076906 ], [ -100.036049169230751, 20.327358723076941 ], [ -100.035989476923064, 20.3272880615385 ], [ -100.035962707692278, 20.327201307692288 ], [ -100.035975492307657, 20.327111769230783 ], [ -100.036012676923036, 20.327028492307672 ], [ -100.036066384615339, 20.326953676923086 ], [ -100.036115723076904, 20.326876246153883 ], [ -100.036190076923049, 20.326797461538458 ], [ -100.036261138461498, 20.326787507692337 ], [ -100.036403246153824, 20.326767630769233 ], [ -100.036496769230709, 20.326787169230737 ], [ -100.036583892307661, 20.326824723076914 ], [ -100.036671246153801, 20.326861784615431 ], [ -100.036758261538409, 20.326899523076914 ], [ -100.036843753846128, 20.326940276923072 ], [ -100.036917292307663, 20.326998169230741 ], [ -100.036975799999965, 20.327069692307678 ], [ -100.037014769230751, 20.327152230769244 ], [ -100.037000338461525, 20.327241553846129 ], [ -100.036971076923024, 20.327327584615404 ], [ -100.036948415384586, 20.327415369230785 ] ] ] ] } },
{ "type": "Feature", "properties": { "IDBD": 165855, "FC": 6291, "CONDICION": "CUERPO DE AGUA INTERMITENTE" }, "geometry": { "type": "MultiPolygon", "coordinates": [ [ [ [ -99.950631430769235, 20.326278984615371 ], [ -99.950459276923041, 20.32632509230773 ], [ -99.95022941538457, 20.326326338461527 ], [ -99.95008558461538, 20.326300015384589 ], [ -99.949970030769194, 20.326201261538451 ], [ -99.949902338461541, 20.326093200000052 ], [ -99.94985344615381, 20.325930830769245 ], [ -99.949909184615379, 20.325650430769191 ], [ -99.950159569230749, 20.325865923076933 ], [ -99.950275061538449, 20.325955646153872 ], [ -99.950428799999969, 20.326036123076914 ], [ -99.950563492307651, 20.32613478461543 ], [ -99.950631430769235, 20.326278984615371 ] ] ] ] } },
{ "type": "Feature", "properties": { "IDBD": 165867, "FC": 6291, "CONDICION": "CUERPO DE AGUA INTERMITENTE" }, "geometry": { "type": "MultiPolygon", "coordinates": [ [ [ [ -99.913401446153827, 20.323414415384566 ], [ -99.913443738461524, 20.324091861538477 ], [ -99.913486661538414, 20.32487772307692 ], [ -99.913343261538444, 20.324923646153817 ], [ -99.913170369230741, 20.324843230769204 ], [ -99.912997384615352, 20.324744738461568 ], [ -99.912805338461524, 20.324664430769214 ], [ -99.91263278461534, 20.324638215384578 ], [ -99.912450446153827, 20.324584953846177 ], [ -99.912277723076869, 20.324531646153819 ], [ -99.912076584615349, 20.324532692307685 ], [ -99.9118462461538, 20.324452569230814 ], [ -99.911682723076879, 20.324335969230734 ], [ -99.911614338461519, 20.324110446153824 ], [ -99.911709292307648, 20.323965369230773 ], [ -99.91179469230768, 20.323829400000012 ], [ -99.911726676923024, 20.323667107692344 ], [ -99.911697123076905, 20.323522692307723 ], [ -99.9116966461538, 20.323441384615379 ], [ -99.911878153846146, 20.323359107692326 ], [ -99.912022199999981, 20.323421615384635 ], [ -99.912424784615354, 20.32347372307693 ], [ -99.912683569230708, 20.323499476923079 ], [ -99.912990076923052, 20.32349789230771 ], [ -99.913200399999965, 20.323433538461551 ], [ -99.913401446153827, 20.323414415384566 ] ] ] ] } },
{ "type": "Feature", "properties": { "IDBD": 165916, "FC": 6291, "CONDICION": "CUERPO DE AGUA INTERMITENTE" }, "geometry": { "type": "MultiPolygon", "coordinates": [ [ [ [ -99.936900292307641, 20.322278123076927 ], [ -99.936642553846113, 20.322424076923081 ], [ -99.936403738461536, 20.322533769230791 ], [ -99.93617438461537, 20.322616323076954 ], [ -99.936002230769205, 20.322662430769213 ], [ -99.936287030769208, 20.322236230769235 ], [ -99.936439615384586, 20.322126984615402 ], [ -99.936659815384573, 20.322107738461529 ], [ -99.936784707692283, 20.322170323076893 ], [ -99.936900292307641, 20.322278123076927 ] ] ] ] } },
{ "type": "Feature", "properties": { "IDBD": 165930, "FC": 6291, "CONDICION": "CUERPO DE AGUA INTERMITENTE" }, "geometry": { "type": "MultiPolygon", "coordinates": [ [ [ [ -100.026049030769215, 20.323085015384631 ], [ -100.025979399999983, 20.323022969230745 ], [ -100.025954353846103, 20.322935769230725 ], [ -100.025953769230711, 20.322845415384634 ], [ -100.025953230769218, 20.322755061538473 ], [ -100.025973138461538, 20.322666676923113 ], [ -100.026002584615355, 20.322580707692318 ], [ -100.02604349230765, 20.322499015384601 ], [ -100.026088723076924, 20.322419369230808 ], [ -100.026137769230758, 20.322341769230789 ], [ -100.02623303076922, 20.322332323076935 ], [ -100.026327446153843, 20.322347538461528 ], [ -100.026423046153809, 20.322353092307704 ], [ -100.026507876923063, 20.322395030769204 ], [ -100.02657830769229, 20.322456261538459 ], [ -100.026651830769197, 20.322514169230764 ], [ -100.02671639999997, 20.322580892307705 ], [ -100.026783615384574, 20.322645261538451 ], [ -100.026848599999951, 20.322711646153856 ], [ -100.026880276923066, 20.322796907692354 ], [ -100.026896276923068, 20.322885984615375 ], [ -100.026841015384562, 20.322959784615403 ], [ -100.0267498, 20.322987369230813 ], [ -100.026654307692311, 20.322980476923121 ], [ -100.026558707692274, 20.322986138461516 ], [ -100.026463292307653, 20.322994030769244 ], [ -100.026368461538425, 20.323006723076922 ], [ -100.026277523076899, 20.323035061538476 ], [ -100.026186815384591, 20.323064076923075 ], [ -100.026049030769215, 20.323085015384631 ] ] ] ] } },
{ "type": "Feature", "properties": { "IDBD": 165962, "FC": 6291, "CONDICION": "CUERPO DE AGUA INTERMITENTE" }, "geometry": { "type": "MultiPolygon", "coordinates": [ [ [ [ -99.931169184615356, 20.32014023076923 ], [ -99.930749399999968, 20.320422553846154 ], [ -99.930352615384592, 20.319737969230729 ], [ -99.929813123076912, 20.319216784615421 ], [ -99.929764830769216, 20.319153800000013 ], [ -99.929764153846108, 20.319036338461572 ], [ -99.929849876923058, 20.318954569230776 ], [ -99.930472969230763, 20.3190416 ], [ -99.931077738461511, 20.319264276923096 ], [ -99.93139453846149, 20.319389076923091 ], [ -99.931586876923021, 20.319514553846176 ], [ -99.931789323076913, 20.319730323076943 ], [ -99.931169184615356, 20.32014023076923 ] ] ] ] } },
{ "type": "Feature", "properties": { "IDBD": 165982, "FC": 6291, "CONDICION": "CUERPO DE AGUA INTERMITENTE" }, "geometry": { "type": "MultiPolygon", "coordinates": [ [ [ [ -99.929256692307646, 20.319066138461555 ], [ -99.928919338461512, 20.31871555384614 ], [ -99.928764646153851, 20.318472415384598 ], [ -99.928562046153843, 20.318229538461516 ], [ -99.928416769230751, 20.31795924615388 ], [ -99.928358184615362, 20.317769800000015 ], [ -99.928587538461542, 20.317687276923092 ], [ -99.928827646153835, 20.317794415384636 ], [ -99.929047676923034, 20.317748076923042 ], [ -99.92919096923076, 20.317684061538461 ], [ -99.929402692307647, 20.31785461538465 ], [ -99.929595230769195, 20.318016230769253 ], [ -99.929969507692277, 20.318140738461516 ], [ -99.930123415384614, 20.318248338461586 ], [ -99.929256692307646, 20.319066138461555 ] ] ] ] } },
{ "type": "Feature", "properties": { "IDBD": 165989, "FC": 6291, "CONDICION": "CUERPO DE AGUA INTERMITENTE" }, "geometry": { "type": "MultiPolygon", "coordinates": [ [ [ [ -99.943905338461505, 20.316493923076926 ], [ -99.944010246153852, 20.316421076923064 ], [ -99.944078061538434, 20.316547200000031 ], [ -99.944222784615334, 20.316718092307664 ], [ -99.944358138461524, 20.316925169230743 ], [ -99.944590276923051, 20.317303415384657 ], [ -99.94468739999995, 20.317519738461549 ], [ -99.944794246153847, 20.317763107692329 ], [ -99.94483407692303, 20.318015892307741 ], [ -99.944883215384593, 20.318223446153809 ], [ -99.944894138461521, 20.318440230769209 ], [ -99.944914107692284, 20.318575661538443 ], [ -99.944867046153831, 20.318711446153806 ], [ -99.944254107692288, 20.318723784615401 ], [ -99.943794492307688, 20.318744338461563 ], [ -99.943745323076925, 20.318536784615411 ], [ -99.943734769230744, 20.31837421538463 ], [ -99.943714123076873, 20.318130369230719 ], [ -99.943712599999955, 20.317877384615404 ], [ -99.94373, 20.317588153846163 ], [ -99.943708969230755, 20.317281061538441 ], [ -99.943678661538414, 20.317019200000029 ], [ -99.943706892307659, 20.316937723076929 ], [ -99.9438502307692, 20.316882738461558 ], [ -99.943868338461527, 20.316710969230765 ], [ -99.943905338461505, 20.316493923076926 ] ] ] ] } },
{ "type": "Feature", "properties": { "IDBD": 165991, "FC": 6291, "CONDICION": "CUERPO DE AGUA INTERMITENTE" }, "geometry": { "type": "MultiPolygon", "coordinates": [ [ [ [ -99.967134769230725, 20.318472261538449 ], [ -99.967431230769193, 20.318398338461531 ], [ -99.967986615384561, 20.318377200000036 ], [ -99.968340892307666, 20.318357169230769 ], [ -99.968437353846127, 20.31846506153844 ], [ -99.968476492307659, 20.318600369230758 ], [ -99.967357353846126, 20.318841476923065 ], [ -99.9670608461538, 20.318906369230763 ], [ -99.967059061538421, 20.318617246153817 ], [ -99.967134769230725, 20.318472261538449 ] ] ] ] } },
{ "type": "Feature", "properties": { "IDBD": 165997, "FC": 6291, "CONDICION": "CUERPO DE AGUA INTERMITENTE" }, "geometry": { "type": "MultiPolygon", "coordinates": [ [ [ [ -99.907793646153806, 20.317742215384619 ], [ -99.907811538461502, 20.317525276923082 ], [ -99.907820399999949, 20.317398723076948 ], [ -99.907896492307671, 20.317307984615383 ], [ -99.907982107692277, 20.317208138461535 ], [ -99.908134984615373, 20.317144107692293 ], [ -99.908240692307643, 20.3172068 ], [ -99.908308707692285, 20.3173690923077 ], [ -99.908385907692278, 20.317468076923078 ], [ -99.908444215384606, 20.317612338461544 ], [ -99.908214984615341, 20.317721953846142 ], [ -99.90805226153843, 20.317740876923075 ], [ -99.907793646153806, 20.317742215384619 ] ] ] ] } },
{ "type": "Feature", "properties": { "IDBD": 166009, "FC": 6291, "CONDICION": "CUERPO DE AGUA INTERMITENTE" }, "geometry": { "type": "MultiPolygon", "coordinates": [ [ [ [ -99.906352538461505, 20.316990707692266 ], [ -99.906227923076855, 20.316973276923079 ], [ -99.906064892307668, 20.316937984615418 ], [ -99.905949630769214, 20.316884369230777 ], [ -99.905633261538426, 20.316831799999985 ], [ -99.905431953846147, 20.316805738461554 ], [ -99.905278553846117, 20.316779415384605 ], [ -99.905239830769219, 20.316707338461541 ], [ -99.905459923076862, 20.316670061538456 ], [ -99.905632046153798, 20.316623984615362 ], [ -99.905746461538428, 20.316533030769243 ], [ -99.905889984615385, 20.31650518461538 ], [ -99.9060238, 20.31645932307692 ], [ -99.906167153846141, 20.316404369230771 ], [ -99.906425230769202, 20.316312676923083 ], [ -99.906379969230727, 20.316764676923093 ], [ -99.906352538461505, 20.316990707692266 ] ] ] ] } },
{ "type": "Feature", "properties": { "IDBD": 166020, "FC": 6291, "CONDICION": "CUERPO DE AGUA INTERMITENTE" }, "geometry": { "type": "MultiPolygon", "coordinates": [ [ [ [ -99.917948661538432, 20.31647846153848 ], [ -99.91748616923077, 20.316011046153882 ], [ -99.917003815384589, 20.315426261538423 ], [ -99.917117953846116, 20.315290138461545 ], [ -99.917290169230725, 20.315262123076959 ], [ -99.91746269230768, 20.315279292307679 ], [ -99.917606738461529, 20.315341784615423 ], [ -99.917664815384597, 20.315449907692329 ], [ -99.917798923076916, 20.3154492 ], [ -99.91791444615383, 20.315547984615367 ], [ -99.918001599999968, 20.315710169230794 ], [ -99.918098384615377, 20.315881338461534 ], [ -99.918089615384602, 20.316016907692319 ], [ -99.918071353846145, 20.316170615384603 ], [ -99.918014753846123, 20.316315476923066 ], [ -99.917948661538432, 20.31647846153848 ] ] ] ] } },
{ "type": "Feature", "properties": { "IDBD": 166025, "FC": 6291, "CONDICION": "CUERPO DE AGUA INTERMITENTE" }, "geometry": { "type": "MultiPolygon", "coordinates": [ [ [ [ -99.926688292307674, 20.315610153846123 ], [ -99.926460353846124, 20.315936630769226 ], [ -99.926279246153811, 20.316082169230786 ], [ -99.926021553846141, 20.31623712307691 ], [ -99.925476261538449, 20.316348446153853 ], [ -99.925445830769206, 20.316059461538451 ], [ -99.925386892307657, 20.315815815384589 ], [ -99.925327815384591, 20.315545076923112 ], [ -99.92535521538457, 20.315319046153824 ], [ -99.925565830769216, 20.315299846153881 ], [ -99.92581532307689, 20.31537984615386 ], [ -99.926132030769168, 20.315486599999989 ], [ -99.926400676923038, 20.315566492307649 ], [ -99.926688292307674, 20.315610153846123 ] ] ] ] } },
{ "type": "Feature", "properties": { "IDBD": 166026, "FC": 6291, "CONDICION": "CUERPO DE AGUA INTERMITENTE" }, "geometry": { "type": "MultiPolygon", "coordinates": [ [ [ [ -99.914139907692274, 20.315414153846127 ], [ -99.912927507692274, 20.316098138461566 ], [ -99.912858246153803, 20.315719015384623 ], [ -99.912750169230719, 20.315258769230805 ], [ -99.912623123076898, 20.314825723076947 ], [ -99.912544276923029, 20.314446646153861 ], [ -99.912416907692247, 20.313959399999984 ], [ -99.912540569230728, 20.313814184615392 ], [ -99.912760907692245, 20.31382207692311 ], [ -99.913163492307689, 20.313874184615376 ], [ -99.913461353846131, 20.314035261538489 ], [ -99.913855446153846, 20.314277169230799 ], [ -99.914460446153825, 20.314545061538457 ], [ -99.914729907692291, 20.314760507692267 ], [ -99.915123215384583, 20.314866876923098 ], [ -99.914139907692274, 20.315414153846127 ] ] ] ] } },
{ "type": "Feature", "properties": { "IDBD": 166029, "FC": 6291, "CONDICION": "CUERPO DE AGUA INTERMITENTE" }, "geometry": { "type": "MultiPolygon", "coordinates": [ [ [ [ -100.039173846153787, 20.316999153846123 ], [ -100.039316953846111, 20.316999938461571 ], [ -100.039460215384565, 20.316989815384634 ], [ -100.039603676923065, 20.316982569230781 ], [ -100.039747046153806, 20.316973892307715 ], [ -100.039890523076892, 20.316967046153845 ], [ -100.040033738461517, 20.31695638461537 ], [ -100.040177215384574, 20.316949353846155 ], [ -100.040320876923076, 20.316947953846149 ], [ -100.04036036923074, 20.31694461538466 ], [ -100.040463969230785, 20.316935846153807 ], [ -100.04060736923077, 20.316927784615377 ], [ -100.040751030769172, 20.316926030769185 ], [ -100.04089456923073, 20.316920353846204 ], [ -100.040923338461496, 20.317006523076916 ], [ -100.040885984615372, 20.317089707692276 ], [ -100.040845753846128, 20.317171707692317 ], [ -100.040808799999979, 20.317255061538471 ], [ -100.040758030769211, 20.317331676923079 ], [ -100.040702784615334, 20.317405492307707 ], [ -100.040645338461488, 20.31747776923082 ], [ -100.040593015384616, 20.31755346153847 ], [ -100.040522, 20.317614076923082 ], [ -100.040430769230738, 20.317641569230762 ], [ -100.040335015384571, 20.317639723076898 ], [ -100.040244907692284, 20.317609092307713 ], [ -100.040156769230734, 20.317573738461533 ], [ -100.040069723076869, 20.31753604615384 ], [ -100.039985430769207, 20.317493153846176 ], [ -100.039894861538428, 20.31746375384617 ], [ -100.039807015384625, 20.317427769230793 ], [ -100.039717369230758, 20.317395938461509 ], [ -100.039625784615339, 20.317369523076941 ], [ -100.0395344, 20.31734244615383 ], [ -100.039442923076905, 20.317315707692341 ], [ -100.039353261538452, 20.317283953846186 ], [ -100.039261092307669, 20.3172593538462 ], [ -100.039187215384601, 20.317201861538486 ], [ -100.039191123076876, 20.317111584615382 ], [ -100.039175184615374, 20.317022492307711 ], [ -100.039173846153787, 20.316999153846123 ] ] ] ] } },
{ "type": "Feature", "properties": { "IDBD": 166030, "FC": 6291, "CONDICION": "CUERPO DE AGUA INTERMITENTE" }, "geometry": { "type": "MultiPolygon", "coordinates": [ [ [ [ -99.934383169230728, 20.316228799999962 ], [ -99.934246892307655, 20.315868107692317 ], [ -99.934177784615386, 20.315525138461531 ], [ -99.93420344615383, 20.315009984615383 ], [ -99.934211661538427, 20.314784046153836 ], [ -99.934228846153829, 20.314458676923053 ], [ -99.934313599999982, 20.31421427692306 ], [ -99.934484923076894, 20.314032646153869 ], [ -99.934696215384577, 20.314130907692331 ], [ -99.934975169230725, 20.314328199999977 ], [ -99.935205676923019, 20.31443538461539 ], [ -99.935581323076875, 20.314785769230774 ], [ -99.935737338461522, 20.315245738461549 ], [ -99.935795615384578, 20.31538095384612 ], [ -99.935328538461505, 20.315753907692322 ], [ -99.935061123076878, 20.315881830769268 ], [ -99.934383169230728, 20.316228799999962 ] ] ] ] } },
{ "type": "Feature", "properties": { "IDBD": 166047, "FC": 6291, "CONDICION": "CUERPO DE AGUA INTERMITENTE" }, "geometry": { "type": "MultiPolygon", "coordinates": [ [ [ [ -100.00050735384616, 20.316510523076932 ], [ -100.000503799999976, 20.316470169230755 ], [ -100.000532676923044, 20.316384015384639 ], [ -100.000595692307655, 20.316315969230782 ], [ -100.000659492307676, 20.31624858461538 ], [ -100.000723169230753, 20.316181092307673 ], [ -100.00079019999994, 20.316116569230751 ], [ -100.0008670461538, 20.316062615384581 ], [ -100.000949092307692, 20.316016015384612 ], [ -100.001007184615361, 20.31597356923076 ], [ -100.001073753846129, 20.315946630769218 ], [ -100.001152246153808, 20.315928 ], [ -100.001186923076887, 20.315999769230771 ], [ -100.001162030769208, 20.316087015384596 ], [ -100.001138523076875, 20.316174600000014 ], [ -100.001095107692279, 20.316255138461532 ], [ -100.001032061538439, 20.316323153846181 ], [ -100.00096381538458, 20.316386538461554 ], [ -100.000875323076897, 20.316421107692303 ], [ -100.000784015384568, 20.3164484 ], [ -100.00069472307689, 20.316481046153868 ], [ -100.000603076923056, 20.316507307692305 ], [ -100.00050735384616, 20.316510523076932 ] ] ] ] } },
{ "type": "Feature", "properties": { "IDBD": 166061, "FC": 6291, "CONDICION": "CUERPO DE AGUA INTERMITENTE" }, "geometry": { "type": "MultiPolygon", "coordinates": [ [ [ [ -100.004431323076872, 20.316125815384616 ], [ -100.004431692307676, 20.3160882153846 ], [ -100.004433507692298, 20.315997876923106 ], [ -100.004439230769179, 20.315955553846148 ], [ -100.004445, 20.315908184615388 ], [ -100.004464692307621, 20.315826553846176 ], [ -100.004542569230736, 20.315838415384619 ], [ -100.004633138461529, 20.315867830769275 ], [ -100.004712723076906, 20.315918092307705 ], [ -100.004777476923081, 20.315984661538472 ], [ -100.004776599999985, 20.316016646153876 ], [ -100.004775015384581, 20.31607498461538 ], [ -100.004704707692326, 20.316136353846098 ], [ -100.004608969230759, 20.31613879999998 ], [ -100.004513707692311, 20.316129353846165 ], [ -100.004431323076872, 20.316125815384616 ] ] ] ] } },
{ "type": "Feature", "properties": { "IDBD": 166066, "FC": 6292, "CONDICION": "CUERPO DE AGUA PERENNE" }, "geometry": { "type": "MultiPolygon", "coordinates": [ [ [ [ -99.927909123076873, 20.314745307692277 ], [ -99.927974399999954, 20.314446799999988 ], [ -99.928059246153836, 20.314220461538479 ], [ -99.928172769230727, 20.31398493846153 ], [ -99.928276830769178, 20.313767538461533 ], [ -99.928304707692305, 20.31362281538463 ], [ -99.928341569230739, 20.313378661538454 ], [ -99.928340415384582, 20.313188923076943 ], [ -99.928329723076914, 20.312999230769226 ], [ -99.928481784615357, 20.312799646153849 ], [ -99.929774230769212, 20.31431073846155 ], [ -99.929796138461498, 20.314771430769227 ], [ -99.928781061538444, 20.314803938461548 ], [ -99.927909123076873, 20.314745307692277 ] ] ] ] } },
{ "type": "Feature", "properties": { "IDBD": 166080, "FC": 6291, "CONDICION": "CUERPO DE AGUA INTERMITENTE" }, "geometry": { "type": "MultiPolygon", "coordinates": [ [ [ [ -99.917626569230748, 20.313832753846107 ], [ -99.916794215384598, 20.313990723076941 ], [ -99.916961861538454, 20.313185692307709 ], [ -99.917170415384575, 20.312814138461526 ], [ -99.917626569230748, 20.313832753846107 ] ] ] ] } },
{ "type": "Feature", "properties": { "IDBD": 166102, "FC": 6291, "CONDICION": "CUERPO DE AGUA INTERMITENTE" }, "geometry": { "type": "MultiPolygon", "coordinates": [ [ [ [ -100.008044415384589, 20.314052784615381 ], [ -100.007949969230765, 20.31401263076922 ], [ -100.007869184615345, 20.313964076923067 ], [ -100.007794323076908, 20.313907738461577 ], [ -100.007769723076919, 20.313820415384583 ], [ -100.007777738461513, 20.313730369230782 ], [ -100.007787369230755, 20.313640492307695 ], [ -100.007807507692306, 20.313552153846143 ], [ -100.00784192307691, 20.313467830769248 ], [ -100.007910030769239, 20.313404307692313 ], [ -100.007985599999941, 20.313348799999982 ], [ -100.00805792307689, 20.313289569230776 ], [ -100.008123138461514, 20.313223400000027 ], [ -100.008162738461508, 20.313141138461532 ], [ -100.008198461538427, 20.313057307692311 ], [ -100.008237861538447, 20.312974953846176 ], [ -100.008289153846121, 20.312898646153869 ], [ -100.008347861538439, 20.31282726153848 ], [ -100.00839776923074, 20.312750153846181 ], [ -100.008449, 20.312673815384642 ], [ -100.008483969230738, 20.312589692307693 ], [ -100.008518830769219, 20.312505538461537 ], [ -100.008568676923034, 20.312428400000044 ], [ -100.008623630769193, 20.312354384615375 ], [ -100.008689123076906, 20.312288476923097 ], [ -100.008756876923044, 20.312224615384633 ], [ -100.008820138461488, 20.312156769230779 ], [ -100.008878723076876, 20.312085292307646 ], [ -100.008932384615335, 20.312010461538481 ], [ -100.008986061538423, 20.31193563076922 ], [ -100.00902769230764, 20.311854261538436 ], [ -100.009083030769204, 20.311780523076884 ], [ -100.009147415384575, 20.311713630769255 ], [ -100.009213769230726, 20.311648476923079 ], [ -100.009288953846124, 20.311592507692318 ], [ -100.009366138461502, 20.311539015384596 ], [ -100.009448446153812, 20.3114928 ], [ -100.009539907692243, 20.311466030769246 ], [ -100.009632430769187, 20.311442661538457 ], [ -100.009720938461498, 20.311408153846155 ], [ -100.009799984615356, 20.311357138461535 ], [ -100.009871661538426, 20.3112972 ], [ -100.009943323076911, 20.311237261538469 ], [ -100.0100172, 20.311179769230801 ], [ -100.010112323076896, 20.311169200000023 ], [ -100.010207861538433, 20.311175523076926 ], [ -100.010290276923016, 20.311221553846138 ], [ -100.010314892307676, 20.311308861538464 ], [ -100.010376953846119, 20.311377676923058 ], [ -100.010466492307671, 20.311409753846181 ], [ -100.010559538461536, 20.31143118461539 ], [ -100.010655199999988, 20.311435384615358 ], [ -100.010750984615328, 20.311435953846139 ], [ -100.010846538461507, 20.311429953846154 ], [ -100.010941307692278, 20.311416861538447 ], [ -100.011035292307696, 20.311399476923064 ], [ -100.011128553846106, 20.311378938461534 ], [ -100.011220523076886, 20.311353753846173 ], [ -100.01131093846152, 20.311323923076941 ], [ -100.011401661538443, 20.311294984615397 ], [ -100.0114928307692, 20.311267276923097 ], [ -100.011585092307655, 20.311243046153844 ], [ -100.011676415384571, 20.311215815384603 ], [ -100.011771292307643, 20.311203461538462 ], [ -100.011831338461519, 20.311204169230734 ], [ -100.01192476923076, 20.311184276923118 ], [ -100.012019907692292, 20.311173861538474 ], [ -100.012041338461515, 20.31122312307691 ], [ -100.01198084615379, 20.311293169230762 ], [ -100.011925569230712, 20.311366938461575 ], [ -100.011880061538463, 20.311446446153848 ], [ -100.011822753846118, 20.311518830769231 ], [ -100.011762138461492, 20.311588784615406 ], [ -100.011700015384577, 20.311657553846139 ], [ -100.011636230769184, 20.311724953846173 ], [ -100.011550753846109, 20.311765723076913 ], [ -100.011468969230762, 20.311812723076898 ], [ -100.0114234, 20.311840030769211 ], [ -100.011388107692298, 20.311861153846198 ], [ -100.011343938461494, 20.31194132307693 ], [ -100.011351092307663, 20.312031430769242 ], [ -100.011308923076882, 20.312112538461541 ], [ -100.011303199999986, 20.312116799999966 ], [ -100.011233707692284, 20.312168492307688 ], [ -100.011162307692274, 20.312228707692292 ], [ -100.01109446153842, 20.312292476923076 ], [ -100.011024215384595, 20.312353892307666 ], [ -100.010951, 20.312412138461543 ], [ -100.010868046153803, 20.312457292307709 ], [ -100.010776861538432, 20.312484953846134 ], [ -100.010682323076907, 20.312499369230775 ], [ -100.010595384615343, 20.312537292307681 ], [ -100.010516923076878, 20.312589092307704 ], [ -100.010435784615368, 20.312637092307714 ], [ -100.010351769230738, 20.312680461538452 ], [ -100.010268476923045, 20.312725076923051 ], [ -100.010184399999986, 20.31276833846157 ], [ -100.010100292307698, 20.3128115846154 ], [ -100.010022861538431, 20.312864738461517 ], [ -100.009944753846128, 20.312917030769245 ], [ -100.009857153846127, 20.312953553846146 ], [ -100.009762307692299, 20.312966123076883 ], [ -100.009669476923037, 20.312943876923072 ], [ -100.009576153846126, 20.312923569230783 ], [ -100.009531815384591, 20.312919015384608 ], [ -100.009436092307681, 20.312921584615385 ], [ -100.009341, 20.312932415384594 ], [ -100.009266784615377, 20.312989523076904 ], [ -100.009214538461535, 20.313065246153865 ], [ -100.009187892307679, 20.313152030769213 ], [ -100.009167938461502, 20.31324039999998 ], [ -100.009152676923051, 20.3133296 ], [ -100.009127384615368, 20.313416738461537 ], [ -100.009066784615356, 20.313486707692334 ], [ -100.009030138461512, 20.313503584615408 ], [ -100.008948676923012, 20.313551092307716 ], [ -100.008861738461476, 20.313589015384622 ], [ -100.008775815384595, 20.313628938461537 ], [ -100.00869390769229, 20.313675753846166 ], [ -100.008615338461524, 20.313727430769202 ], [ -100.008535907692249, 20.313777907692341 ], [ -100.008450123076912, 20.313818092307702 ], [ -100.008366676923032, 20.313862430769237 ], [ -100.008286076923042, 20.313911246153857 ], [ -100.008212769230738, 20.31396938461539 ], [ -100.008133953846112, 20.314020723076908 ], [ -100.008044415384589, 20.314052784615381 ] ] ] ] } },
{ "type": "Feature", "properties": { "IDBD": 166117, "FC": 6291, "CONDICION": "CUERPO DE AGUA INTERMITENTE" }, "geometry": { "type": "MultiPolygon", "coordinates": [ [ [ [ -100.057767784615365, 20.312550800000029 ], [ -100.057838107692277, 20.312471599999942 ], [ -100.05789298461535, 20.312397553846171 ], [ -100.057939799999957, 20.312318738461578 ], [ -100.057984661538441, 20.312238907692301 ], [ -100.058033323076899, 20.312161092307694 ], [ -100.058079230769209, 20.3120818 ], [ -100.058128661538433, 20.312004415384617 ], [ -100.058178046153841, 20.311927 ], [ -100.05822510769228, 20.311848307692291 ], [ -100.058272723076882, 20.31176992307692 ], [ -100.058330784615364, 20.311698061538451 ], [ -100.058388507692285, 20.311625969230722 ], [ -100.058441923076899, 20.311550969230769 ], [ -100.058503307692291, 20.311481615384643 ], [ -100.058560646153808, 20.311409246153875 ], [ -100.05862512307688, 20.311342446153844 ], [ -100.0587006, 20.311401630769211 ], [ -100.058775661538434, 20.311457753846152 ], [ -100.058824446153821, 20.311535507692351 ], [ -100.058838646153831, 20.311624846153816 ], [ -100.05888209230767, 20.311705369230747 ], [ -100.058959984615356, 20.311757953846154 ], [ -100.059034676923062, 20.31181450769235 ], [ -100.05911616923072, 20.311861953846122 ], [ -100.059200676923069, 20.311904476923079 ], [ -100.05928538461535, 20.311946615384645 ], [ -100.059343492307661, 20.31201844615385 ], [ -100.059374076923049, 20.312104061538488 ], [ -100.059413046153821, 20.312186600000025 ], [ -100.05946339999997, 20.31226344615385 ], [ -100.0595308, 20.312327646153861 ], [ -100.059595584615394, 20.312394199999989 ], [ -100.059660769230746, 20.312460384615378 ], [ -100.059715199999943, 20.312534723076919 ], [ -100.059732415384573, 20.3126236 ], [ -100.059733030769209, 20.312713953846121 ], [ -100.059733553846115, 20.312804292307671 ], [ -100.059734, 20.31289464615385 ], [ -100.059734092307693, 20.312985 ], [ -100.05974963076919, 20.313074153846184 ], [ -100.05976106153841, 20.31316384615387 ], [ -100.059774769230742, 20.313253276923071 ], [ -100.059784661538416, 20.313343138461537 ], [ -100.059786184615334, 20.313433476923059 ], [ -100.059782799999979, 20.31352376923077 ], [ -100.05977296923075, 20.313613646153879 ], [ -100.0597418, 20.313699076923086 ], [ -100.059684153846106, 20.313771230769255 ], [ -100.05962803076919, 20.313844446153848 ], [ -100.059577738461513, 20.313921338461512 ], [ -100.059518046153812, 20.313991984615388 ], [ -100.059460984615342, 20.31406453846153 ], [ -100.059380692307641, 20.314113815384626 ], [ -100.059285753846126, 20.314125676923101 ], [ -100.059190230769218, 20.314119030769252 ], [ -100.05909543076919, 20.314106230769216 ], [ -100.059008769230772, 20.314067753846139 ], [ -100.058932938461496, 20.314012569230769 ], [ -100.058852692307653, 20.313963261538436 ], [ -100.058766876923045, 20.313923138461547 ], [ -100.058681369230769, 20.313882430769215 ], [ -100.058588938461483, 20.313858769230755 ], [ -100.0584986, 20.313828784615406 ], [ -100.058415692307676, 20.313783553846196 ], [ -100.058339553846096, 20.313728738461538 ], [ -100.058253046153808, 20.313689969230776 ], [ -100.058190569230746, 20.3136214923077 ], [ -100.058159923076914, 20.313535876923108 ], [ -100.058126738461539, 20.313451138461545 ], [ -100.058126, 20.313360784615366 ], [ -100.058161815384594, 20.313277 ], [ -100.058203307692267, 20.31319556923075 ], [ -100.058233076923031, 20.313109692307712 ], [ -100.058257, 20.313022200000017 ], [ -100.058280923076879, 20.312934707692317 ], [ -100.058237984615346, 20.312853953846169 ], [ -100.058174015384608, 20.312786707692325 ], [ -100.058099984615353, 20.312729384615373 ], [ -100.058020923076896, 20.312678399999985 ], [ -100.057938553846114, 20.312632292307701 ], [ -100.057854953846117, 20.312588199999983 ], [ -100.057767784615365, 20.312550800000029 ] ] ] ] } },
{ "type": "Feature", "properties": { "IDBD": 166123, "FC": 6291, "CONDICION": "CUERPO DE AGUA INTERMITENTE" }, "geometry": { "type": "MultiPolygon", "coordinates": [ [ [ [ -100.019113323076866, 20.313109723076956 ], [ -100.019090630769213, 20.313067507692299 ], [ -100.019076076923071, 20.312978199999957 ], [ -100.019074692307669, 20.312887861538425 ], [ -100.01909087692303, 20.312798815384653 ], [ -100.019129153846123, 20.312715984615377 ], [ -100.019197338461481, 20.312652538461549 ], [ -100.019268507692274, 20.3125920923077 ], [ -100.019344446153823, 20.312537015384628 ], [ -100.019423323076907, 20.312485784615394 ], [ -100.019509523076877, 20.31244638461536 ], [ -100.01959383076921, 20.312403523076924 ], [ -100.019686307692311, 20.312380046153848 ], [ -100.019781215384597, 20.312367815384619 ], [ -100.019874307692263, 20.3123890307692 ], [ -100.019963723076899, 20.312421384615401 ], [ -100.020051199999941, 20.312458169230727 ], [ -100.02013359999998, 20.312504246153839 ], [ -100.020217353846121, 20.312548061538475 ], [ -100.02029843076923, 20.312596153846133 ], [ -100.02022226153845, 20.312650938461541 ], [ -100.020141646153832, 20.312699707692289 ], [ -100.020046769230746, 20.312712076923102 ], [ -100.019959338461547, 20.312675169230754 ], [ -100.01986356923075, 20.312674969230812 ], [ -100.019769584615347, 20.312692353846156 ], [ -100.019681138461507, 20.312727015384613 ], [ -100.019594876923037, 20.312766292307657 ], [ -100.019517692307645, 20.312819784615357 ], [ -100.019443892307635, 20.312877353846154 ], [ -100.019377307692295, 20.312942307692264 ], [ -100.019361076923047, 20.313031353846128 ], [ -100.019338307692266, 20.313119107692291 ], [ -100.019259861538401, 20.313170938461578 ], [ -100.019165430769206, 20.313155815384633 ], [ -100.019113323076866, 20.313109723076956 ] ] ] ] } },
{ "type": "Feature", "properties": { "IDBD": 166126, "FC": 6291, "CONDICION": "CUERPO DE AGUA INTERMITENTE" }, "geometry": { "type": "MultiPolygon", "coordinates": [ [ [ [ -100.001194830769194, 20.312763415384595 ], [ -100.00116203076918, 20.312667184615357 ], [ -100.00114724615382, 20.312577923076923 ], [ -100.00119849230768, 20.3125016 ], [ -100.001279569230732, 20.312453507692311 ], [ -100.001370584615358, 20.312425338461559 ], [ -100.001462784615384, 20.312400892307696 ], [ -100.001557815384572, 20.31238969230769 ], [ -100.00165212307688, 20.312373907692319 ], [ -100.001743261538422, 20.312346153846143 ], [ -100.001832246153811, 20.31231272307695 ], [ -100.001927861538434, 20.312317861538478 ], [ -100.001987138461487, 20.312388830769255 ], [ -100.002025446153823, 20.312471630769242 ], [ -100.002023292307683, 20.31256196923076 ], [ -100.001957846153829, 20.312598276923119 ], [ -100.001870630769218, 20.312635615384611 ], [ -100.001784523076864, 20.312675184615411 ], [ -100.001698861538443, 20.31271561538458 ], [ -100.0016124307692, 20.31275452307689 ], [ -100.001520338461532, 20.31277932307691 ], [ -100.001425507692247, 20.312791953846133 ], [ -100.001329969230753, 20.312798307692308 ], [ -100.001236138461493, 20.312780153846127 ], [ -100.001194830769194, 20.312763415384595 ] ] ] ] } },
{ "type": "Feature", "properties": { "IDBD": 166130, "FC": 6291, "CONDICION": "CUERPO DE AGUA INTERMITENTE" }, "geometry": { "type": "MultiPolygon", "coordinates": [ [ [ [ -100.003967061538447, 20.312634384615375 ], [ -100.003978246153807, 20.312599046153835 ], [ -100.0039618923077, 20.3125100153846 ], [ -100.003952215384572, 20.312420138461533 ], [ -100.004018476923051, 20.312354892307717 ], [ -100.004081553846106, 20.312324953846154 ], [ -100.004104030769213, 20.312314276923104 ], [ -100.004177830769237, 20.312256692307699 ], [ -100.004273461538446, 20.31225164615385 ], [ -100.004368707692308, 20.312261107692279 ], [ -100.004464399999961, 20.312264892307663 ], [ -100.004560123076928, 20.312262030769258 ], [ -100.004652184615338, 20.312237123076901 ], [ -100.004747784615375, 20.312231507692264 ], [ -100.00483753846153, 20.3122 ], [ -100.004770199999982, 20.312264261538434 ], [ -100.004692615384556, 20.312317215384621 ], [ -100.004606723076876, 20.31235721538463 ], [ -100.004528476923014, 20.312409292307695 ], [ -100.004454415384586, 20.312466584615343 ], [ -100.004376030769222, 20.312518507692342 ], [ -100.004301892307666, 20.31257570769235 ], [ -100.004235, 20.31264036923076 ], [ -100.004150215384584, 20.312682400000011 ], [ -100.004055476923043, 20.312669123076912 ], [ -100.003967061538447, 20.312634384615375 ] ] ] ] } },
{ "type": "Feature", "properties": { "IDBD": 166133, "FC": 6291, "CONDICION": "CUERPO DE AGUA INTERMITENTE" }, "geometry": { "type": "MultiPolygon", "coordinates": [ [ [ [ -100.031092153846103, 20.312716892307698 ], [ -100.031372861538401, 20.312564707692275 ], [ -100.031702369230729, 20.31237915384618 ], [ -100.032014307692279, 20.312215969230799 ], [ -100.03206779999995, 20.312265723076948 ], [ -100.032056646153848, 20.312365938461546 ], [ -100.032009953846128, 20.31244967692308 ], [ -100.031939307692269, 20.312483476923092 ], [ -100.031869092307687, 20.312584046153859 ], [ -100.031834538461482, 20.312717784615398 ], [ -100.031799923076889, 20.312840399999974 ], [ -100.031765046153851, 20.312924061538485 ], [ -100.031694430769235, 20.312963430769262 ], [ -100.031576276923062, 20.312958553846158 ], [ -100.031434276923036, 20.312920446153875 ], [ -100.031316046153847, 20.312904446153809 ], [ -100.031203799999943, 20.312899553846123 ], [ -100.031121046153785, 20.312888907692315 ], [ -100.031091107692276, 20.312827876923077 ], [ -100.031092153846103, 20.312716892307698 ] ] ] ] } },
{ "type": "Feature", "properties": { "IDBD": 166138, "FC": 6291, "CONDICION": "CUERPO DE AGUA INTERMITENTE" }, "geometry": { "type": "MultiPolygon", "coordinates": [ [ [ [ -99.925570861538461, 20.311315184615378 ], [ -99.925540184615343, 20.310990076923087 ], [ -99.925510107692276, 20.310764338461507 ], [ -99.925566338461522, 20.310556230769265 ], [ -99.925554769230729, 20.310221984615374 ], [ -99.925534184615358, 20.309978138461549 ], [ -99.925532784615356, 20.309743215384604 ], [ -99.925685692307681, 20.309688199999979 ], [ -99.925752584615353, 20.309660738461542 ], [ -99.925906738461478, 20.309813523076929 ], [ -99.926099399999984, 20.310002246153868 ], [ -99.926339846153809, 20.310172646153834 ], [ -99.926532692307674, 20.310388476923109 ], [ -99.926744676923036, 20.310604200000018 ], [ -99.926908430769174, 20.310756938461534 ], [ -99.926726876923041, 20.310830184615391 ], [ -99.925570861538461, 20.311315184615378 ] ] ] ] } },
{ "type": "Feature", "properties": { "IDBD": 166154, "FC": 6291, "CONDICION": "CUERPO DE AGUA INTERMITENTE" }, "geometry": { "type": "MultiPolygon", "coordinates": [ [ [ [ -100.004527338461543, 20.311033707692292 ], [ -100.004514784615353, 20.311008123076927 ], [ -100.004460030769209, 20.310896553846177 ], [ -100.004482569230717, 20.310808738461528 ], [ -100.004571153846129, 20.31077440000001 ], [ -100.004660892307669, 20.3107428 ], [ -100.004747861538448, 20.310704969230773 ], [ -100.00482466153845, 20.310650984615396 ], [ -100.004892692307649, 20.3105874 ], [ -100.004951723076871, 20.310516246153849 ], [ -100.004978276923055, 20.310492661538486 ], [ -100.005021446153847, 20.310454307692318 ], [ -100.005112184615342, 20.31042536923076 ], [ -100.005190846153795, 20.310373846153862 ], [ -100.005244830769215, 20.310299215384653 ], [ -100.005339892307688, 20.310288246153821 ], [ -100.00540983076921, 20.310349969230749 ], [ -100.005432861538438, 20.31043767692308 ], [ -100.005444261538415, 20.310527384615344 ], [ -100.005455938461481, 20.310617061538466 ], [ -100.005421353846117, 20.310701307692291 ], [ -100.005366476923044, 20.310775353846164 ], [ -100.005296030769216, 20.310836569230794 ], [ -100.005229661538451, 20.31090172307696 ], [ -100.005160307692307, 20.310964030769281 ], [ -100.005079, 20.311011784615367 ], [ -100.004997723076912, 20.311059569230743 ], [ -100.004904384615372, 20.311079846153874 ], [ -100.004811353846094, 20.311101276923083 ], [ -100.004715646153812, 20.311104876923128 ], [ -100.004622353846131, 20.311084492307678 ], [ -100.004527338461543, 20.311033707692292 ] ] ] ] } },
{ "type": "Feature", "properties": { "IDBD": 166172, "FC": 6291, "CONDICION": "CUERPO DE AGUA INTERMITENTE" }, "geometry": { "type": "MultiPolygon", "coordinates": [ [ [ [ -99.928103599999957, 20.308807984615385 ], [ -99.928082984615358, 20.308564138461552 ], [ -99.928043538461523, 20.308374599999961 ], [ -99.927926461538448, 20.3080138 ], [ -99.928185215384559, 20.308039538461514 ], [ -99.928300538461528, 20.308102169230775 ], [ -99.928368215384594, 20.308210230769248 ], [ -99.928397753846113, 20.308345615384638 ], [ -99.928398507692236, 20.308472107692335 ], [ -99.928332, 20.308562815384605 ], [ -99.928217876923028, 20.308698953846189 ], [ -99.928103599999957, 20.308807984615385 ] ] ] ] } },
{ "type": "Feature", "properties": { "IDBD": 166185, "FC": 6291, "CONDICION": "CUERPO DE AGUA INTERMITENTE" }, "geometry": { "type": "MultiPolygon", "coordinates": [ [ [ [ -99.932292076923062, 20.307719523076877 ], [ -99.932760276923062, 20.307536323076935 ], [ -99.932979738461512, 20.30739961538459 ], [ -99.933208615384572, 20.307235769230765 ], [ -99.933190707692262, 20.307443676923114 ], [ -99.933220246153823, 20.307579046153862 ], [ -99.933221061538447, 20.307714584615379 ], [ -99.933183584615364, 20.307850307692323 ], [ -99.933050030769195, 20.307941369230729 ], [ -99.932839769230739, 20.308014784615395 ], [ -99.932667230769212, 20.3079886 ], [ -99.932523061538419, 20.307908046153877 ], [ -99.932292076923062, 20.307719523076877 ] ] ] ] } },
{ "type": "Feature", "properties": { "IDBD": 166208, "FC": 6291, "CONDICION": "CUERPO DE AGUA INTERMITENTE" }, "geometry": { "type": "MultiPolygon", "coordinates": [ [ [ [ -100.032948292307651, 20.307586230769228 ], [ -100.032897415384568, 20.307509676923051 ], [ -100.032848892307669, 20.307431769230774 ], [ -100.032804338461517, 20.307351799999964 ], [ -100.032780846153813, 20.307321738461543 ], [ -100.032752584615324, 20.307275784615435 ], [ -100.032701738461498, 20.307199215384607 ], [ -100.032651046153845, 20.307122553846146 ], [ -100.032600369230721, 20.307045892307691 ], [ -100.032570092307665, 20.306988846153839 ], [ -100.032594753846155, 20.306937307692326 ], [ -100.032665015384595, 20.306875923076934 ], [ -100.032749092307682, 20.306832661538479 ], [ -100.032840753846131, 20.306858861538508 ], [ -100.032908384615354, 20.306922815384652 ], [ -100.032984476923019, 20.306977692307669 ], [ -100.033068938461511, 20.307020276923087 ], [ -100.033164015384585, 20.307031169230783 ], [ -100.03325972307691, 20.307034338461541 ], [ -100.033353353846124, 20.307053353846129 ], [ -100.03339036923073, 20.307136676923093 ], [ -100.03336724615383, 20.307224353846177 ], [ -100.033316769230751, 20.307301153846122 ], [ -100.033249446153832, 20.307365399999984 ], [ -100.033178861538403, 20.307426461538466 ], [ -100.033108707692264, 20.307487969230753 ], [ -100.033031323076912, 20.3075412 ], [ -100.032948292307651, 20.307586230769228 ] ] ] ] } },
{ "type": "Feature", "properties": { "IDBD": 166212, "FC": 6291, "CONDICION": "CUERPO DE AGUA INTERMITENTE" }, "geometry": { "type": "MultiPolygon", "coordinates": [ [ [ [ -99.953946323076892, 20.306075830769228 ], [ -99.954326876923062, 20.305658123076931 ], [ -99.954469323076864, 20.305458569230797 ], [ -99.954611646153836, 20.305240938461548 ], [ -99.954725076923054, 20.30499636923075 ], [ -99.954859846153838, 20.305113092307707 ], [ -99.954899123076899, 20.305266476923098 ], [ -99.954699569230726, 20.3055205538462 ], [ -99.954462276923053, 20.305874230769199 ], [ -99.954348646153804, 20.306082676923097 ], [ -99.954243676923056, 20.306146492307679 ], [ -99.954071246153788, 20.306138400000027 ], [ -99.953946323076892, 20.306075830769228 ] ] ] ] } },
{ "type": "Feature", "properties": { "IDBD": 166215, "FC": 6291, "CONDICION": "CUERPO DE AGUA INTERMITENTE" }, "geometry": { "type": "MultiPolygon", "coordinates": [ [ [ [ -99.923419046153825, 20.305390246153834 ], [ -99.923407523076875, 20.305065030769235 ], [ -99.92345156923075, 20.304414246153815 ], [ -99.923401846153823, 20.304107307692338 ], [ -99.923228015384595, 20.303864261538457 ], [ -99.923227599999976, 20.303791984615408 ], [ -99.923246646153814, 20.30377381538462 ], [ -99.923582384615358, 20.303862384615439 ], [ -99.923938046153822, 20.3040864 ], [ -99.924255769230712, 20.304364830769217 ], [ -99.924409923076894, 20.304517615384665 ], [ -99.924583969230738, 20.3047968 ], [ -99.924730015384597, 20.305202615384616 ], [ -99.924117553846116, 20.305287169230798 ], [ -99.923419046153825, 20.305390246153834 ] ] ] ] } },
{ "type": "Feature", "properties": { "IDBD": 166222, "FC": 6291, "CONDICION": "CUERPO DE AGUA INTERMITENTE" }, "geometry": { "type": "MultiPolygon", "coordinates": [ [ [ [ -99.948105707692264, 20.304761292307703 ], [ -99.948335784615338, 20.304796184615373 ], [ -99.948700415384579, 20.304911676923076 ], [ -99.949026646153811, 20.305009292307684 ], [ -99.949314446153807, 20.305089046153832 ], [ -99.949429692307689, 20.305142630769247 ], [ -99.949344507692288, 20.305305738461545 ], [ -99.949201446153808, 20.305405907692318 ], [ -99.948943199999974, 20.305461523076907 ], [ -99.94871350769229, 20.305489861538476 ], [ -99.948483707692262, 20.305500153846179 ], [ -99.948253707692302, 20.305474292307704 ], [ -99.9481671384615, 20.305411507692309 ], [ -99.948109061538446, 20.305312430769234 ], [ -99.948059692307666, 20.305068738461532 ], [ -99.948077630769234, 20.304869861538446 ], [ -99.948105707692264, 20.304761292307703 ] ] ] ] } },
{ "type": "Feature", "properties": { "IDBD": 166229, "FC": 6291, "CONDICION": "CUERPO DE AGUA INTERMITENTE" }, "geometry": { "type": "MultiPolygon", "coordinates": [ [ [ [ -100.060227630769205, 20.306570076923087 ], [ -100.060251846153818, 20.306518476923099 ], [ -100.060287707692282, 20.306387246153832 ], [ -100.060308, 20.306253076923078 ], [ -100.06034603076921, 20.30612238461541 ], [ -100.060384092307658, 20.305991707692296 ], [ -100.060423769230738, 20.305861461538477 ], [ -100.060471984615361, 20.305733784615395 ], [ -100.060510184615367, 20.305603138461581 ], [ -100.060546707692268, 20.305472076923103 ], [ -100.060690092307695, 20.305463615384614 ], [ -100.060785107692311, 20.305474892307711 ], [ -100.060871230769251, 20.305514430769232 ], [ -100.060945430769209, 20.305571553846171 ], [ -100.061009169230729, 20.305638984615424 ], [ -100.061071061538399, 20.305707923076941 ], [ -100.061131430769208, 20.305778076923065 ], [ -100.061183184615373, 20.30585409230773 ], [ -100.061203446153797, 20.305942400000024 ], [ -100.061215430769195, 20.306032046153849 ], [ -100.061210184615362, 20.306122261538469 ], [ -100.061191123076924, 20.3062108 ], [ -100.061144938461496, 20.306289938461507 ], [ -100.061101523076914, 20.30637047692306 ], [ -100.061049553846132, 20.306446369230791 ], [ -100.060970169230757, 20.306496892307738 ], [ -100.060893169230766, 20.306529892307651 ], [ -100.060882969230718, 20.306534261538452 ], [ -100.060791630769188, 20.306561430769261 ], [ -100.060698446153836, 20.306582292307709 ], [ -100.060604092307642, 20.306597738461541 ], [ -100.060508784615365, 20.306606707692325 ], [ -100.060413138461499, 20.306611061538447 ], [ -100.060318138461511, 20.306599615384631 ], [ -100.060227630769205, 20.306570076923087 ] ] ] ] } },
{ "type": "Feature", "properties": { "IDBD": 166231, "FC": 6291, "CONDICION": "CUERPO DE AGUA INTERMITENTE" }, "geometry": { "type": "MultiPolygon", "coordinates": [ [ [ [ -100.059289415384583, 20.306494784615413 ], [ -100.059262092307662, 20.306408184615393 ], [ -100.059239476923025, 20.306320384615383 ], [ -100.059230076923058, 20.306230476923069 ], [ -100.05920729230769, 20.306142723076945 ], [ -100.059236076923028, 20.306056538461554 ], [ -100.059245199999978, 20.306031646153848 ], [ -100.059267369230724, 20.305971153846158 ], [ -100.05930238461535, 20.305887061538463 ], [ -100.059331, 20.305800830769261 ], [ -100.059354092307643, 20.305713153846121 ], [ -100.059392661538425, 20.305630446153856 ], [ -100.059432523076893, 20.305572369230774 ], [ -100.059444707692307, 20.30555461538458 ], [ -100.059497830769189, 20.305479430769243 ], [ -100.059546507692289, 20.305401615384643 ], [ -100.059607384615347, 20.305331876923113 ], [ -100.059668569230723, 20.305262369230753 ], [ -100.0597266, 20.305190492307712 ], [ -100.059779415384583, 20.305115123076906 ], [ -100.059832230769203, 20.305039769230763 ], [ -100.059923769230721, 20.3050132 ], [ -100.060009553846115, 20.30497303076924 ], [ -100.060101569230724, 20.304947969230785 ], [ -100.060099399999984, 20.305038292307657 ], [ -100.060127599999944, 20.30512464615386 ], [ -100.060150199999967, 20.30521244615386 ], [ -100.060118907692257, 20.305297830769241 ], [ -100.060088923076904, 20.305383646153849 ], [ -100.060142092307686, 20.305458784615411 ], [ -100.060211061538425, 20.305521476923104 ], [ -100.060289938461494, 20.305572723076928 ], [ -100.060314876923059, 20.305659953846185 ], [ -100.060273969230735, 20.305741646153844 ], [ -100.060203599999952, 20.305802938461554 ], [ -100.060189799999947, 20.305892338461543 ], [ -100.060176615384577, 20.305981830769213 ], [ -100.060145953846131, 20.30606743076925 ], [ -100.060110307692284, 20.306151292307682 ], [ -100.060062153846133, 20.306229384615428 ], [ -100.059994646153839, 20.306293476923084 ], [ -100.059925153846152, 20.306301507692318 ], [ -100.059899584615351, 20.306304461538438 ], [ -100.059806107692253, 20.306324123076887 ], [ -100.059713969230756, 20.306348753846144 ], [ -100.0596418, 20.306408138461528 ], [ -100.059594569230754, 20.306486738461548 ], [ -100.05950324615381, 20.30651395384616 ], [ -100.059407507692256, 20.306516307692306 ], [ -100.059289415384583, 20.306494784615413 ] ] ] ] } },
{ "type": "Feature", "properties": { "IDBD": 166254, "FC": 6291, "CONDICION": "CUERPO DE AGUA INTERMITENTE" }, "geometry": { "type": "MultiPolygon", "coordinates": [ [ [ [ -100.005568938461536, 20.304219876923131 ], [ -100.00557990769228, 20.304183861538462 ], [ -100.005579830769221, 20.30409350769229 ], [ -100.00558626153844, 20.304003353846166 ], [ -100.005586323076912, 20.303913 ], [ -100.005609415384598, 20.303825323076889 ], [ -100.005589892307697, 20.303736861538454 ], [ -100.005537153846106, 20.303661446153875 ], [ -100.005524307692269, 20.303571907692323 ], [ -100.005524323076884, 20.303481553846154 ], [ -100.005538353846106, 20.303392184615419 ], [ -100.005573353846117, 20.303308076923066 ], [ -100.005615938461546, 20.303227153846148 ], [ -100.00566896923074, 20.303151923076896 ], [ -100.00573459999994, 20.30308612307692 ], [ -100.005807399999952, 20.303027415384655 ], [ -100.005896153846152, 20.302993476923078 ], [ -100.00598687692306, 20.302964538461566 ], [ -100.006081953846135, 20.302953661538442 ], [ -100.006177630769173, 20.302949676923085 ], [ -100.006272723076904, 20.302939061538474 ], [ -100.006359707692269, 20.302976861538482 ], [ -100.00645449230764, 20.302989830769228 ], [ -100.006524753846122, 20.303051215384585 ], [ -100.00656224615382, 20.303134369230794 ], [ -100.006637692307663, 20.30319 ], [ -100.006719923076886, 20.303236323076948 ], [ -100.006797553846113, 20.303289230769256 ], [ -100.006804784615341, 20.303379323076907 ], [ -100.006801615384575, 20.303469630769222 ], [ -100.006731092307646, 20.303530753846172 ], [ -100.006659215384573, 20.303590461538434 ], [ -100.006582569230758, 20.303644615384638 ], [ -100.006507738461508, 20.303701015384597 ], [ -100.006498661538416, 20.303711784615398 ], [ -100.006440661538477, 20.303765507692287 ], [ -100.006376753846141, 20.303832800000031 ], [ -100.006308384615338, 20.303896061538474 ], [ -100.006240769230729, 20.303960046153851 ], [ -100.00616861538461, 20.304019461538445 ], [ -100.006093830769188, 20.304075907692315 ], [ -100.006026323076881, 20.304139984615386 ], [ -100.005947430769197, 20.304191215384641 ], [ -100.005859461538449, 20.3042269076923 ], [ -100.005764784615323, 20.304240523076931 ], [ -100.005622015384603, 20.304225476923126 ], [ -100.005568938461536, 20.304219876923131 ] ] ] ] } },
{ "type": "Feature", "properties": { "IDBD": 166255, "FC": 6291, "CONDICION": "CUERPO DE AGUA INTERMITENTE" }, "geometry": { "type": "MultiPolygon", "coordinates": [ [ [ [ -100.006650030769237, 20.304234738461531 ], [ -100.006620738461507, 20.30418580000001 ], [ -100.006677569230732, 20.304113076923077 ], [ -100.006768076923038, 20.304083523076951 ], [ -100.006853753846144, 20.304043153846152 ], [ -100.006900092307674, 20.304070923076946 ], [ -100.006915538461485, 20.304112184615409 ], [ -100.006861138461502, 20.304186553846133 ], [ -100.006779938461491, 20.304234446153835 ], [ -100.006685507692268, 20.304245661538463 ], [ -100.006650030769237, 20.304234738461531 ] ] ] ] } },
{ "type": "Feature", "properties": { "IDBD": 166257, "FC": 6291, "CONDICION": "CUERPO DE AGUA INTERMITENTE" }, "geometry": { "type": "MultiPolygon", "coordinates": [ [ [ [ -99.93253281538459, 20.303137261538488 ], [ -99.932472323076894, 20.3026316 ], [ -99.932528476923011, 20.302414461538476 ], [ -99.932662507692285, 20.302404707692276 ], [ -99.932777815384611, 20.302467338461515 ], [ -99.932892184615369, 20.302376369230767 ], [ -99.932893399999969, 20.302575153846153 ], [ -99.932904046153823, 20.3027558 ], [ -99.93286670769227, 20.302918630769206 ], [ -99.932762, 20.303027615384647 ], [ -99.93253281538459, 20.303137261538488 ] ] ] ] } },
{ "type": "Feature", "properties": { "IDBD": 166270, "FC": 6291, "CONDICION": "CUERPO DE AGUA INTERMITENTE" }, "geometry": { "type": "MultiPolygon", "coordinates": [ [ [ [ -99.938920446153816, 20.301485769230766 ], [ -99.938922753846114, 20.301865246153874 ], [ -99.938875784615362, 20.302019107692303 ], [ -99.938780692307674, 20.30212803076925 ], [ -99.938675876923028, 20.302218953846186 ], [ -99.938465307692269, 20.302238153846172 ], [ -99.938149246153827, 20.302239846153874 ], [ -99.938234953846134, 20.302158061538474 ], [ -99.938377846153799, 20.302030800000036 ], [ -99.938492230769214, 20.301939846153843 ], [ -99.938692353846093, 20.301776123076937 ], [ -99.938920446153816, 20.301485769230766 ] ] ] ] } },
{ "type": "Feature", "properties": { "IDBD": 166272, "FC": 6292, "CONDICION": "CUERPO DE AGUA PERENNE" }, "geometry": { "type": "MultiPolygon", "coordinates": [ [ [ [ -99.960523753846161, 20.297944123076935 ], [ -99.961609799999962, 20.298570630769245 ], [ -99.961486230769211, 20.298724923076914 ], [ -99.96134366153845, 20.298897369230801 ], [ -99.961239323076882, 20.299060584615411 ], [ -99.96114450769231, 20.299214707692322 ], [ -99.961070246153795, 20.299594600000027 ], [ -99.961061707692281, 20.299766323076902 ], [ -99.96098659999997, 20.300010692307705 ], [ -99.960872969230735, 20.300219123076925 ], [ -99.960749707692301, 20.300418584615382 ], [ -99.960645307692246, 20.300572753846154 ], [ -99.960445523076885, 20.300790707692311 ], [ -99.960274030769199, 20.300936215384624 ], [ -99.960179538461503, 20.301144538461543 ], [ -99.960132846153812, 20.301334538461514 ], [ -99.960038584615347, 20.301579015384615 ], [ -99.9598959384615, 20.301742446153845 ], [ -99.959781830769188, 20.301878600000027 ], [ -99.959638907692295, 20.301996846153873 ], [ -99.95947723076921, 20.302178430769246 ], [ -99.959363646153832, 20.30239590769234 ], [ -99.958672984615376, 20.302218984615433 ], [ -99.957934461538414, 20.302042323076957 ], [ -99.957654507692283, 20.301682430769223 ], [ -99.957624953846107, 20.301547061538468 ], [ -99.95771009230765, 20.301374923076924 ], [ -99.957824230769234, 20.3012478 ], [ -99.957947830769186, 20.301102569230721 ], [ -99.958003969230759, 20.300885399999981 ], [ -99.958079092307656, 20.300641030769206 ], [ -99.958202246153803, 20.300423507692273 ], [ -99.958287492307662, 20.30026944615382 ], [ -99.958458353846154, 20.300024553846196 ], [ -99.958619830769209, 20.299806815384649 ], [ -99.958771553846134, 20.299562030769238 ], [ -99.958875353846111, 20.299308476923073 ], [ -99.958941046153811, 20.299091261538425 ], [ -99.958968492307648, 20.298883292307714 ], [ -99.959080092307659, 20.298340553846163 ], [ -99.959164876923026, 20.298114215384608 ], [ -99.959249769230766, 20.297905938461547 ], [ -99.959305692307652, 20.297652630769225 ], [ -99.959333323076933, 20.297471769230768 ], [ -99.959505307692268, 20.297407584615371 ], [ -99.960523753846161, 20.297944123076935 ] ] ] ] } },
{ "type": "Feature", "properties": { "IDBD": 166287, "FC": 6291, "CONDICION": "CUERPO DE AGUA INTERMITENTE" }, "geometry": { "type": "MultiPolygon", "coordinates": [ [ [ [ -100.042360492307637, 20.299860015384628 ], [ -100.042425799999961, 20.299760969230796 ], [ -100.042474430769204, 20.29968313846156 ], [ -100.042527292307668, 20.299607799999986 ], [ -100.042566507692271, 20.299525369230818 ], [ -100.042610415384601, 20.299445076923117 ], [ -100.042648123076901, 20.299362030769235 ], [ -100.042692061538418, 20.299281738461534 ], [ -100.042736, 20.299201461538459 ], [ -100.042782092307661, 20.299122261538447 ], [ -100.042831907692289, 20.299045107692297 ], [ -100.042880199999956, 20.298967092307709 ], [ -100.042926276923083, 20.298887876923068 ], [ -100.042970953846151, 20.298807953846168 ], [ -100.043015615384576, 20.298728030769233 ], [ -100.043060076923041, 20.298648015384611 ], [ -100.043104538461535, 20.298568 ], [ -100.043150261538415, 20.2984886 ], [ -100.043205169230717, 20.298414584615358 ], [ -100.043292369230713, 20.298373507692293 ], [ -100.043388030769165, 20.298377799999983 ], [ -100.043476384615388, 20.29841264615381 ], [ -100.04355233846151, 20.298467692307714 ], [ -100.04361284615382, 20.298537723076961 ], [ -100.043653523076912, 20.298619507692329 ], [ -100.043701907692281, 20.298697476923074 ], [ -100.04376444615383, 20.298765907692353 ], [ -100.043827599999958, 20.298833830769276 ], [ -100.043893353846144, 20.298899523076923 ], [ -100.043962646153815, 20.298961876923038 ], [ -100.044028338461516, 20.299027630769228 ], [ -100.044091661538431, 20.2990954 ], [ -100.044143907692259, 20.299171123076885 ], [ -100.04420784615381, 20.299238384615357 ], [ -100.044277092307681, 20.29930078461539 ], [ -100.044338292307643, 20.299370292307689 ], [ -100.044401769230788, 20.299437938461548 ], [ -100.04446669230768, 20.299504353846139 ], [ -100.044534723076893, 20.299567953846172 ], [ -100.044598799999974, 20.299635092307685 ], [ -100.044662830769212, 20.299702276923064 ], [ -100.044716292307669, 20.299777230769212 ], [ -100.044767876923046, 20.299853353846164 ], [ -100.044826769230752, 20.299924600000022 ], [ -100.044891061538422, 20.299991569230752 ], [ -100.044965169230707, 20.300048784615395 ], [ -100.045036123076869, 20.30010947692309 ], [ -100.045106046153819, 20.300171215384584 ], [ -100.045181107692287, 20.300227323076914 ], [ -100.045252753846128, 20.300287276923058 ], [ -100.045322923076881, 20.300348753846198 ], [ -100.045398384615368, 20.300404384615405 ], [ -100.045473846153797, 20.300460030769248 ], [ -100.045548261538414, 20.300516876923098 ], [ -100.045619523076894, 20.300577246153832 ], [ -100.045706923076864, 20.3006142 ], [ -100.045790815384578, 20.300657753846163 ], [ -100.045879092307658, 20.3006927846154 ], [ -100.045963661538437, 20.300735169230805 ], [ -100.04603078461534, 20.300799630769216 ], [ -100.046104384615361, 20.300857430769288 ], [ -100.04619496923074, 20.300886753846147 ], [ -100.046287538461499, 20.300909923076969 ], [ -100.046377861538417, 20.300939923076943 ], [ -100.046466369230714, 20.30097443076928 ], [ -100.046550615384575, 20.3010174 ], [ -100.046632015384574, 20.301065 ], [ -100.0467169384615, 20.301106753846181 ], [ -100.046805430769183, 20.301141292307708 ], [ -100.046893246153829, 20.301177353846157 ], [ -100.04698310769227, 20.301208584615377 ], [ -100.047072384615362, 20.30124129230769 ], [ -100.047163430769231, 20.301269307692291 ], [ -100.047254399999957, 20.301297523076961 ], [ -100.047345123076909, 20.301326476923059 ], [ -100.047426307692263, 20.301374399999951 ], [ -100.047512461538432, 20.3014138461538 ], [ -100.047508676923016, 20.301430384615404 ], [ -100.047416030769185, 20.301407538461518 ], [ -100.047323876923073, 20.301382953846158 ], [ -100.047229276923048, 20.301368892307693 ], [ -100.047134030769229, 20.301359476923061 ], [ -100.047038784615367, 20.301350061538475 ], [ -100.0469438, 20.301338476923075 ], [ -100.046849569230773, 20.301322353846132 ], [ -100.046755492307682, 20.301305446153822 ], [ -100.046660338461507, 20.301295323076964 ], [ -100.046564676923069, 20.301299569230789 ], [ -100.046473415384554, 20.301272184615392 ], [ -100.046382015384594, 20.301245200000022 ], [ -100.046286507692315, 20.301238615384651 ], [ -100.046190907692306, 20.30124401538464 ], [ -100.046095138461524, 20.301243676923107 ], [ -100.046000692307686, 20.301228753846182 ], [ -100.045910707692272, 20.301197830769237 ], [ -100.045819876923034, 20.301169199999979 ], [ -100.045724230769181, 20.301164707692337 ], [ -100.045628569230772, 20.301169107692328 ], [ -100.045535046153802, 20.30114966153846 ], [ -100.045441261538414, 20.301131399999989 ], [ -100.045345815384593, 20.301138815384608 ], [ -100.045252538461497, 20.301159276923055 ], [ -100.045158261538418, 20.301175153846142 ], [ -100.045062953846156, 20.301183907692295 ], [ -100.044984461538448, 20.301235676923064 ], [ -100.044915307692278, 20.301298169230783 ], [ -100.044849061538415, 20.301363430769221 ], [ -100.044795523076886, 20.301438338461555 ], [ -100.044779123076921, 20.301527353846158 ], [ -100.044754646153805, 20.301614707692334 ], [ -100.0447335538461, 20.301702830769209 ], [ -100.044692353846145, 20.30178440000001 ], [ -100.044667476923067, 20.301871646153877 ], [ -100.044687338461529, 20.301960030769216 ], [ -100.044689799999986, 20.302050353846148 ], [ -100.044653323076872, 20.302133892307683 ], [ -100.044588276923037, 20.302200184615359 ], [ -100.044543630769198, 20.302280123076923 ], [ -100.044505246153832, 20.302362907692334 ], [ -100.044464646153827, 20.302444738461539 ], [ -100.044432076923059, 20.302529692307694 ], [ -100.0444108, 20.302617784615407 ], [ -100.044379261538438, 20.302532476923101 ], [ -100.044359646153836, 20.302444046153866 ], [ -100.044333153846125, 20.302357215384568 ], [ -100.044312184615379, 20.302269061538439 ], [ -100.044291415384606, 20.30218086153846 ], [ -100.044270661538448, 20.30209266153846 ], [ -100.044254323076913, 20.302003630769235 ], [ -100.044248861538421, 20.301913430769211 ], [ -100.044238815384588, 20.301823569230773 ], [ -100.044219076923028, 20.301735169230799 ], [ -100.044168246153816, 20.301658584615396 ], [ -100.04412766153844, 20.301576753846128 ], [ -100.044099723076897, 20.301490338461534 ], [ -100.044060615384581, 20.301407861538486 ], [ -100.044018261538454, 20.301326830769234 ], [ -100.043967692307675, 20.301250092307683 ], [ -100.043910369230744, 20.301177723076901 ], [ -100.04385249230765, 20.301105738461541 ], [ -100.043796353846119, 20.301032538461524 ], [ -100.043726876923046, 20.300970353846132 ], [ -100.043677415384607, 20.300892984615409 ], [ -100.043624507692257, 20.300817676923081 ], [ -100.043560092307658, 20.300750815384621 ], [ -100.043486676923067, 20.300692800000036 ], [ -100.04341093846152, 20.300637523076922 ], [ -100.043336892307664, 20.300580215384603 ], [ -100.043270630769172, 20.30051498461539 ], [ -100.043199492307664, 20.300454492307672 ], [ -100.043123169230753, 20.300399923076913 ], [ -100.043043707692263, 20.300349492307696 ], [ -100.042965830769205, 20.300296907692363 ], [ -100.042890169230731, 20.300241538461538 ], [ -100.042819030769209, 20.300181046153813 ], [ -100.042744338461489, 20.300124492307681 ], [ -100.042660046153813, 20.300081615384599 ], [ -100.042584030769191, 20.30002664615386 ], [ -100.042520938461493, 20.299958692307669 ], [ -100.042440153846101, 20.29991016923076 ], [ -100.042360492307637, 20.299860015384628 ] ] ] ] } },
{ "type": "Feature", "properties": { "IDBD": 166295, "FC": 6291, "CONDICION": "CUERPO DE AGUA INTERMITENTE" }, "geometry": { "type": "MultiPolygon", "coordinates": [ [ [ [ -100.00851510769229, 20.300517461538444 ], [ -100.008410769230721, 20.300818492307741 ], [ -100.008213107692285, 20.301057476923074 ], [ -100.008028723076876, 20.301308923076931 ], [ -100.007790907692282, 20.301498030769178 ], [ -100.007579169230738, 20.301611953846162 ], [ -100.007473461538424, 20.301700153846134 ], [ -100.007287692307685, 20.301726276923077 ], [ -100.006915584615371, 20.30170336923079 ], [ -100.006716230769214, 20.301679507692342 ], [ -100.006463615384604, 20.301630861538506 ], [ -100.006250323076884, 20.301519446153875 ], [ -100.006049738461527, 20.301307769230728 ], [ -100.005969292307682, 20.301183030769206 ], [ -100.00588818461533, 20.300970707692311 ], [ -100.0058062, 20.300608138461541 ], [ -100.005817938461504, 20.300370230769257 ], [ -100.005882046153815, 20.300019338461514 ], [ -100.006026123076893, 20.299705523076888 ], [ -100.006183476923013, 20.299391676923094 ], [ -100.006328369230729, 20.299203046153856 ], [ -100.006433753846125, 20.299064753846181 ], [ -100.006479953846124, 20.299083446153837 ], [ -100.006611969230761, 20.299136892307732 ], [ -100.00670269230767, 20.299165846153848 ], [ -100.006788753846109, 20.299205446153845 ], [ -100.006851399999988, 20.299273784615398 ], [ -100.006916476923067, 20.299340076923073 ], [ -100.006998230769199, 20.299387138461512 ], [ -100.007093969230738, 20.299385123076888 ], [ -100.007189538461546, 20.299379430769225 ], [ -100.007284969230724, 20.299387107692347 ], [ -100.007378092307647, 20.29940816923078 ], [ -100.007468815384598, 20.299437123076931 ], [ -100.007554246153816, 20.299477953846122 ], [ -100.007635138461509, 20.299526323076904 ], [ -100.007716015384588, 20.29957469230769 ], [ -100.007789153846119, 20.299633015384639 ], [ -100.007845692307697, 20.299705938461539 ], [ -100.007892630769192, 20.299784692307693 ], [ -100.007936738461552, 20.299864892307681 ], [ -100.007981815384554, 20.299944615384653 ], [ -100.008022184615342, 20.300026538461559 ], [ -100.008065492307679, 20.300107123076888 ], [ -100.008107876923034, 20.300188153846161 ], [ -100.008153907692261, 20.300267384615402 ], [ -100.008199323076894, 20.300346923076926 ], [ -100.008252861538452, 20.300421846153871 ], [ -100.008328707692272, 20.300477 ], [ -100.008420784615367, 20.300501846153825 ], [ -100.00851510769229, 20.300517461538444 ] ] ] ] } },
{ "type": "Feature", "properties": { "IDBD": 166307, "FC": 6291, "CONDICION": "CUERPO DE AGUA INTERMITENTE" }, "geometry": { "type": "MultiPolygon", "coordinates": [ [ [ [ -100.011426476923049, 20.301050676923058 ], [ -100.011432323076903, 20.30109761538457 ], [ -100.011415907692282, 20.301129015384621 ], [ -100.01137441538458, 20.301137076923037 ], [ -100.01134667692304, 20.301132015384646 ], [ -100.011313261538405, 20.301103507692325 ], [ -100.011310199999983, 20.301059184615376 ], [ -100.011348830769208, 20.301035476923044 ], [ -100.011406984615348, 20.301035138461515 ], [ -100.011426476923049, 20.301050676923058 ] ] ] ] } },
{ "type": "Feature", "properties": { "IDBD": 166326, "FC": 6291, "CONDICION": "CUERPO DE AGUA INTERMITENTE" }, "geometry": { "type": "MultiPolygon", "coordinates": [ [ [ [ -99.978517492307674, 20.29928109230768 ], [ -99.978452753846113, 20.299651892307683 ], [ -99.97843430769224, 20.299760430769243 ], [ -99.978290307692248, 20.29970701538458 ], [ -99.978174938461478, 20.299635384615375 ], [ -99.978030769230742, 20.29955486153845 ], [ -99.977886553846133, 20.299465323076898 ], [ -99.977694230769217, 20.299339892307707 ], [ -99.977607523076884, 20.299259061538457 ], [ -99.977472938461503, 20.299178492307679 ], [ -99.977386369230771, 20.299115738461555 ], [ -99.977223338461499, 20.299080507692317 ], [ -99.977194199999971, 20.299017415384633 ], [ -99.977267415384574, 20.298975569230759 ], [ -99.97734736923077, 20.299007523076913 ], [ -99.977462461538451, 20.299033984615402 ], [ -99.977568030769191, 20.299069538461517 ], [ -99.977683507692248, 20.299159246153877 ], [ -99.977769938461506, 20.299194907692332 ], [ -99.977875261538429, 20.299194323076943 ], [ -99.978028323076899, 20.299166353846196 ], [ -99.978133753846123, 20.2991748 ], [ -99.978239307692263, 20.29921035384616 ], [ -99.978344923076875, 20.299254938461555 ], [ -99.978517492307674, 20.29928109230768 ] ] ] ] } },
{ "type": "Feature", "properties": { "IDBD": 166352, "FC": 6291, "CONDICION": "CUERPO DE AGUA INTERMITENTE" }, "geometry": { "type": "MultiPolygon", "coordinates": [ [ [ [ -100.060035030769185, 20.299234292307684 ], [ -100.059947138461538, 20.29919844615387 ], [ -100.059866553846149, 20.299149630769236 ], [ -100.059804538461492, 20.299080769230812 ], [ -100.059761030769181, 20.29900221538459 ], [ -100.059744184615369, 20.298945446153823 ], [ -100.059734938461517, 20.298913538461544 ], [ -100.059727846153805, 20.298864523076922 ], [ -100.059748015384585, 20.298804061538441 ], [ -100.059801569230771, 20.298729153846157 ], [ -100.059883092307672, 20.298776569230771 ], [ -100.059903461538454, 20.298793184615409 ], [ -100.059955538461494, 20.29883566153849 ], [ -100.060028353846121, 20.298894338461512 ], [ -100.060055492307669, 20.29898098461539 ], [ -100.060083430769197, 20.299067399999988 ], [ -100.06008587692304, 20.299157723076881 ], [ -100.060035030769185, 20.299234292307684 ] ] ] ] } },
{ "type": "Feature", "properties": { "IDBD": 166354, "FC": 6291, "CONDICION": "CUERPO DE AGUA INTERMITENTE" }, "geometry": { "type": "MultiPolygon", "coordinates": [ [ [ [ -100.019836399999946, 20.298415369230774 ], [ -100.019784769230753, 20.29833926153848 ], [ -100.01974944615381, 20.298255292307712 ], [ -100.019708553846101, 20.298173584615416 ], [ -100.019658369230726, 20.298096646153827 ], [ -100.019605199999987, 20.298021492307718 ], [ -100.019547630769196, 20.297949292307692 ], [ -100.019486799999953, 20.297879492307697 ], [ -100.019435769230725, 20.297803046153817 ], [ -100.01940192307687, 20.297718523076949 ], [ -100.019397723076906, 20.297628261538488 ], [ -100.019412430769208, 20.297538984615358 ], [ -100.019432338461513, 20.297450599999966 ], [ -100.019460584615345, 20.297364276923087 ], [ -100.019468107692262, 20.297274200000015 ], [ -100.019490092307649, 20.297186261538506 ], [ -100.019512523076912, 20.297113123076915 ], [ -100.01961521538459, 20.297074753846136 ], [ -100.019709969230732, 20.297087923076923 ], [ -100.019798169230739, 20.297123107692293 ], [ -100.019873830769185, 20.297178492307708 ], [ -100.019946430769181, 20.297237415384611 ], [ -100.020019738461528, 20.297295553846116 ], [ -100.020098369230752, 20.297347123076953 ], [ -100.020167153846131, 20.297409984615403 ], [ -100.020225061538412, 20.297481953846159 ], [ -100.020267476923038, 20.29756295384616 ], [ -100.020287030769168, 20.297651399999978 ], [ -100.020254523076915, 20.297736384615384 ], [ -100.020205523076868, 20.297814015384652 ], [ -100.020131553846142, 20.297871400000012 ], [ -100.020063261538411, 20.29793473846156 ], [ -100.020039261538443, 20.298022215384631 ], [ -100.020016353846117, 20.29810993846155 ], [ -100.019991846153829, 20.298197276923105 ], [ -100.019962692307658, 20.298283338461488 ], [ -100.019912169230736, 20.298360092307721 ], [ -100.019836399999946, 20.298415369230774 ] ] ] ] } },
{ "type": "Feature", "properties": { "IDBD": 166384, "FC": 6291, "CONDICION": "CUERPO DE AGUA INTERMITENTE" }, "geometry": { "type": "MultiPolygon", "coordinates": [ [ [ [ -100.002051584615401, 20.296481076923079 ], [ -100.001981261538432, 20.296397707692314 ], [ -100.0019704, 20.296307938461524 ], [ -100.001961261538455, 20.296218 ], [ -100.001968738461514, 20.296127923076952 ], [ -100.001988707692263, 20.296039553846114 ], [ -100.002034230769212, 20.295960076923105 ], [ -100.002089046153813, 20.295885984615399 ], [ -100.00216309230764, 20.29582869230769 ], [ -100.00225586153843, 20.295806230769244 ], [ -100.002350661538401, 20.295793430769237 ], [ -100.002446369230768, 20.29579032307695 ], [ -100.002542046153806, 20.29579390769225 ], [ -100.002635476923061, 20.295813738461554 ], [ -100.002720092307683, 20.295856061538462 ], [ -100.002660953846075, 20.295927138461483 ], [ -100.002598415384625, 20.295995553846176 ], [ -100.00253943076919, 20.296066738461498 ], [ -100.002475369230737, 20.296133907692315 ], [ -100.002421861538423, 20.296208830769192 ], [ -100.002354923076865, 20.296273446153847 ], [ -100.002282323076912, 20.296332369230736 ], [ -100.002206676923052, 20.29638776923078 ], [ -100.002125507692313, 20.296435707692289 ], [ -100.002051584615401, 20.296481076923079 ] ] ] ] } },
{ "type": "Feature", "properties": { "IDBD": 166419, "FC": 6291, "CONDICION": "CUERPO DE AGUA INTERMITENTE" }, "geometry": { "type": "MultiPolygon", "coordinates": [ [ [ [ -99.941199738461492, 20.291959200000029 ], [ -99.941314661538399, 20.291958584615355 ], [ -99.941372446153835, 20.292012476923091 ], [ -99.941401799999952, 20.29212075384617 ], [ -99.941373861538466, 20.2922474 ], [ -99.941288646153808, 20.292410492307727 ], [ -99.941164538461535, 20.2924744 ], [ -99.940973307692261, 20.292520615384653 ], [ -99.941014661538432, 20.292235769230814 ], [ -99.941071307692283, 20.292099938461536 ], [ -99.941199738461492, 20.291959200000029 ] ] ] ] } },
{ "type": "Feature", "properties": { "IDBD": 166429, "FC": 6291, "CONDICION": "CUERPO DE AGUA INTERMITENTE" }, "geometry": { "type": "MultiPolygon", "coordinates": [ [ [ [ -100.016530676923068, 20.292463753846153 ], [ -100.01647198461535, 20.292535153846199 ], [ -100.016411723076899, 20.29260536923076 ], [ -100.016365676923058, 20.292684584615408 ], [ -100.016318461538432, 20.292763200000014 ], [ -100.016266384615378, 20.292839015384612 ], [ -100.016193892307683, 20.292779984615361 ], [ -100.016121846153794, 20.292720461538433 ], [ -100.016033169230738, 20.292686338461564 ], [ -100.01593859999997, 20.292672153846144 ], [ -100.015843384615323, 20.292662538461535 ], [ -100.01574895384617, 20.292647523076923 ], [ -100.015654030769184, 20.292635538461532 ], [ -100.015593399999958, 20.292626446153836 ], [ -100.015559461538459, 20.292621353846133 ], [ -100.015465661538414, 20.292603184615377 ], [ -100.015377969230741, 20.292566861538447 ], [ -100.015289553846117, 20.2925321692308 ], [ -100.015199092307668, 20.292502492307669 ], [ -100.015109630769217, 20.292470276923105 ], [ -100.015021399999952, 20.292435138461553 ], [ -100.014931753846113, 20.292399492307691 ], [ -100.014838199999971, 20.292389369230797 ], [ -100.014807907692273, 20.292303661538501 ], [ -100.014741723076909, 20.292238353846148 ], [ -100.014654430769212, 20.2922012 ], [ -100.014564215384581, 20.292170923076949 ], [ -100.014545907692266, 20.292259615384602 ], [ -100.014520907692301, 20.292346830769262 ], [ -100.014425261538435, 20.292342492307707 ], [ -100.014346599999982, 20.29229096923072 ], [ -100.014275430769175, 20.29223052307692 ], [ -100.014214599999946, 20.292160738461543 ], [ -100.014165938461488, 20.292082907692336 ], [ -100.014094092307658, 20.292023184615381 ], [ -100.013998461538449, 20.29201830769232 ], [ -100.01391472307688, 20.291974492307684 ], [ -100.01384726153843, 20.291910353846106 ], [ -100.013787030769208, 20.291840123076945 ], [ -100.013727584615367, 20.291769276923088 ], [ -100.013696384615344, 20.291683861538459 ], [ -100.013621338461547, 20.291627738461564 ], [ -100.013535446153796, 20.291587784615423 ], [ -100.013450323076924, 20.2915464 ], [ -100.01336778461534, 20.291500584615363 ], [ -100.013311799999968, 20.291427276923049 ], [ -100.013260953846142, 20.291350723076953 ], [ -100.01320187692302, 20.2912796 ], [ -100.01315552307689, 20.291200538461517 ], [ -100.013146646153828, 20.291129953846159 ], [ -100.013198553846124, 20.291054030769253 ], [ -100.013250261538431, 20.290977969230788 ], [ -100.013302599999989, 20.290902307692313 ], [ -100.013354815384602, 20.290826569230763 ], [ -100.01340373846152, 20.290748907692279 ], [ -100.013461876923017, 20.290677123076929 ], [ -100.013510076923055, 20.290599030769215 ], [ -100.01355219999995, 20.290516692307719 ], [ -100.013646784615361, 20.290530723076909 ], [ -100.013742384615341, 20.290525415384664 ], [ -100.013835507692292, 20.290546461538444 ], [ -100.013925784615338, 20.2905766 ], [ -100.014008861538429, 20.290621553846179 ], [ -100.01408524615384, 20.290676046153891 ], [ -100.014167353846133, 20.290722553846184 ], [ -100.014255538461541, 20.29075775384619 ], [ -100.014341, 20.290798538461527 ], [ -100.014423153846124, 20.290844938461539 ], [ -100.014510338461491, 20.290882307692296 ], [ -100.014604892307631, 20.290896661538447 ], [ -100.014699338461526, 20.290911553846133 ], [ -100.014795107692279, 20.290911984615434 ], [ -100.014890676923059, 20.290906276923089 ], [ -100.01498635384614, 20.290910123076902 ], [ -100.015079138461516, 20.290932430769267 ], [ -100.015167261538465, 20.2909678 ], [ -100.015249507692289, 20.291014092307652 ], [ -100.015341569230728, 20.29103896923079 ], [ -100.015429415384588, 20.291074938461573 ], [ -100.015515246153839, 20.291114984615366 ], [ -100.015598892307665, 20.291158984615414 ], [ -100.015687061538429, 20.291194246153808 ], [ -100.01578075384613, 20.291212923076948 ], [ -100.015875707692288, 20.291224584615389 ], [ -100.015969461538432, 20.291242969230733 ], [ -100.016064861538425, 20.291250830769254 ], [ -100.016159969230728, 20.291261369230771 ], [ -100.016236799999959, 20.291315292307722 ], [ -100.016315, 20.291367446153874 ], [ -100.016392461538416, 20.291420569230766 ], [ -100.016467138461522, 20.291477138461541 ], [ -100.01653303076921, 20.291542692307704 ], [ -100.016562907692261, 20.291628538461573 ], [ -100.016555784615363, 20.291718630769225 ], [ -100.0165194, 20.291802215384614 ], [ -100.016499784615334, 20.291890646153838 ], [ -100.01652161538459, 20.291978615384625 ], [ -100.016599261538403, 20.292031492307675 ], [ -100.016681338461524, 20.292078046153879 ], [ -100.016710738461541, 20.292108246153848 ], [ -100.016688538461509, 20.292154630769204 ], [ -100.016657076923082, 20.292220369230758 ], [ -100.016616107692258, 20.29230276923079 ], [ -100.016571569230706, 20.292386969230769 ], [ -100.016530676923068, 20.292463753846153 ] ] ] ] } },
{ "type": "Feature", "properties": { "IDBD": 166444, "FC": 6291, "CONDICION": "CUERPO DE AGUA INTERMITENTE" }, "geometry": { "type": "MultiPolygon", "coordinates": [ [ [ [ -100.035612369230734, 20.291633800000024 ], [ -100.03552696923073, 20.291674692307684 ], [ -100.035436461538467, 20.291704200000023 ], [ -100.03534296923074, 20.291723800000021 ], [ -100.035249492307685, 20.2917434 ], [ -100.035155538461552, 20.291760846153871 ], [ -100.035059876923029, 20.291764984615352 ], [ -100.034965230769203, 20.291778753846131 ], [ -100.034869646153837, 20.291773276923067 ], [ -100.034774461538433, 20.291763323076914 ], [ -100.034679415384574, 20.2917524 ], [ -100.034584353846142, 20.291741476923054 ], [ -100.034560153846101, 20.291738723076918 ], [ -100.03448927692304, 20.291730692307713 ], [ -100.034394892307631, 20.291715369230765 ], [ -100.034303046153838, 20.291689815384597 ], [ -100.034211323076903, 20.291663846153863 ], [ -100.034120261538447, 20.291635907692307 ], [ -100.034032123076898, 20.291600569230791 ], [ -100.033963446153805, 20.291537599999955 ], [ -100.03391009230765, 20.291484215384653 ], [ -100.033897753846134, 20.291471861538493 ], [ -100.033827430769207, 20.291410538461516 ], [ -100.033785076923053, 20.291329507692321 ], [ -100.03373, 20.291255599999957 ], [ -100.033682923076881, 20.291176907692261 ], [ -100.033644230769227, 20.291094261538444 ], [ -100.033618246153836, 20.291007307692329 ], [ -100.033617953846118, 20.29091321538457 ], [ -100.03363444615384, 20.290889646153843 ], [ -100.033687215384589, 20.290855092307662 ], [ -100.033774107692281, 20.290817123076966 ], [ -100.033860646153798, 20.290778446153851 ], [ -100.033942015384582, 20.290730784615381 ], [ -100.034036061538401, 20.290713830769242 ], [ -100.03413178461534, 20.290710861538457 ], [ -100.034227246153804, 20.290717938461562 ], [ -100.034321369230767, 20.290734538461535 ], [ -100.034415138461497, 20.290752938461509 ], [ -100.034506969230705, 20.290778523076906 ], [ -100.034595569230717, 20.290812800000019 ], [ -100.034684661538421, 20.290845923076947 ], [ -100.03477361538458, 20.290879384615433 ], [ -100.034855507692257, 20.290926215384623 ], [ -100.034951199999966, 20.290929630769217 ], [ -100.035042784615371, 20.290903230769224 ], [ -100.035137523076912, 20.290890092307716 ], [ -100.035217876923056, 20.290939261538487 ], [ -100.035288230769169, 20.291000538461525 ], [ -100.035332661538433, 20.291080584615365 ], [ -100.035356399999984, 20.291168107692346 ], [ -100.035389938461492, 20.291252738461562 ], [ -100.035441338461496, 20.291328969230804 ], [ -100.035511399999976, 20.291390569230785 ], [ -100.03557569230766, 20.291457538461518 ], [ -100.035583846153799, 20.291547553846147 ], [ -100.035612369230734, 20.291633800000024 ] ] ] ] } },
{ "type": "Feature", "properties": { "IDBD": 166483, "FC": 6291, "CONDICION": "CUERPO DE AGUA INTERMITENTE" }, "geometry": { "type": "MultiPolygon", "coordinates": [ [ [ [ -99.99396643076922, 20.287493261538465 ], [ -99.994349123076915, 20.287436876923113 ], [ -99.994665123076899, 20.287435076923014 ], [ -99.994953107692282, 20.287541876923068 ], [ -99.995270476923025, 20.287756907692295 ], [ -99.99549281538458, 20.288080923076905 ], [ -99.995552507692295, 20.288432969230797 ], [ -99.995448738461519, 20.288677507692302 ], [ -99.995239123076928, 20.28884133846157 ], [ -99.99499063076918, 20.288924061538502 ], [ -99.994693092307699, 20.288817338461524 ], [ -99.994520230769197, 20.288737 ], [ -99.994204030769197, 20.288711692307647 ], [ -99.993954738461497, 20.28865889230768 ], [ -99.993867153846111, 20.288442538461499 ], [ -99.993692723076933, 20.288118261538472 ], [ -99.993604461538453, 20.287793476923078 ], [ -99.993737307692285, 20.287602984615422 ], [ -99.99396643076922, 20.287493261538465 ] ] ] ] } },
{ "type": "Feature", "properties": { "IDBD": 166538, "FC": 6291, "CONDICION": "CUERPO DE AGUA INTERMITENTE" }, "geometry": { "type": "MultiPolygon", "coordinates": [ [ [ [ -100.060324046153838, 20.285453584615389 ], [ -100.060335292307684, 20.285364107692295 ], [ -100.060340415384573, 20.285274046153887 ], [ -100.060343876923042, 20.285210400000029 ], [ -100.060352199999969, 20.285184384615356 ], [ -100.060354646153812, 20.285094061538445 ], [ -100.060366215384576, 20.285004369230759 ], [ -100.060369261538412, 20.284914061538466 ], [ -100.060377692307668, 20.284824061538444 ], [ -100.060389784615339, 20.28475353846153 ], [ -100.060392984615348, 20.284734876923043 ], [ -100.060397538461501, 20.28464463076925 ], [ -100.06039887692306, 20.2845360923077 ], [ -100.060516430769198, 20.284549292307677 ], [ -100.060611953846148, 20.2845556 ], [ -100.060707707692259, 20.284555138461553 ], [ -100.060803415384569, 20.284557984615411 ], [ -100.060899153846137, 20.284556523076933 ], [ -100.060994830769204, 20.284552584615383 ], [ -100.061090476923042, 20.284548492307678 ], [ -100.061186230769195, 20.284549692307724 ], [ -100.061281676923059, 20.284557046153857 ], [ -100.061377384615341, 20.284559769230743 ], [ -100.061473123076894, 20.284561753846145 ], [ -100.061568753846132, 20.284566153846164 ], [ -100.06166393846155, 20.284576061538427 ], [ -100.061755799999972, 20.284601538461555 ], [ -100.061844553846115, 20.284635461538471 ], [ -100.061933323076872, 20.284669369230745 ], [ -100.062016276923046, 20.284714476923103 ], [ -100.062096138461513, 20.284764338461532 ], [ -100.062173753846125, 20.284817246153853 ], [ -100.06223663076922, 20.284885400000039 ], [ -100.062240415384593, 20.284975676923072 ], [ -100.062216415384583, 20.285063138461524 ], [ -100.062225, 20.285153138461521 ], [ -100.062149538461526, 20.285208769230714 ], [ -100.062064599999971, 20.285250461538428 ], [ -100.061981907692271, 20.285296015384624 ], [ -100.061901799999973, 20.285345538461531 ], [ -100.061817369230738, 20.285388138461556 ], [ -100.061726738461502, 20.28541732307691 ], [ -100.061637461538439, 20.28545 ], [ -100.061545692307661, 20.285475784615372 ], [ -100.061453584615364, 20.285500492307705 ], [ -100.06135959999996, 20.28551776923079 ], [ -100.061265092307679, 20.285532353846182 ], [ -100.061173446153802, 20.285558507692294 ], [ -100.061077676923063, 20.285559153846165 ], [ -100.060981938461495, 20.285559969230789 ], [ -100.060886753846134, 20.285569861538455 ], [ -100.060791446153843, 20.285578600000012 ], [ -100.06069572307689, 20.285581353846169 ], [ -100.060602061538432, 20.285600092307693 ], [ -100.060507430769235, 20.285613953846148 ], [ -100.060411676923053, 20.285612815384628 ], [ -100.060357784615348, 20.285538138461561 ], [ -100.060324046153838, 20.285453584615389 ] ] ] ] } },
{ "type": "Feature", "properties": { "IDBD": 166606, "FC": 6291, "CONDICION": "CUERPO DE AGUA INTERMITENTE" }, "geometry": { "type": "MultiPolygon", "coordinates": [ [ [ [ -100.035482015384574, 20.281079 ], [ -100.035390215384552, 20.281053323076957 ], [ -100.03529783076921, 20.281029538461564 ], [ -100.035207261538432, 20.281000215384644 ], [ -100.035126569230712, 20.280951569230762 ], [ -100.03505089230768, 20.28089619999998 ], [ -100.034990092307666, 20.2808264 ], [ -100.034951969230747, 20.280743523076914 ], [ -100.034941261538449, 20.280653738461542 ], [ -100.034932569230733, 20.280563769230728 ], [ -100.034933723076875, 20.280473415384598 ], [ -100.034933769230733, 20.280383061538419 ], [ -100.034937692307651, 20.280262400000026 ], [ -100.035002769230758, 20.280235369230784 ], [ -100.035095861538437, 20.280256507692339 ], [ -100.035181246153812, 20.280297399999981 ], [ -100.035255830769188, 20.280354076923075 ], [ -100.035272738461515, 20.280443 ], [ -100.035268769230726, 20.280533276923055 ], [ -100.0353474, 20.280584830769261 ], [ -100.035412892307662, 20.280650738461553 ], [ -100.035452261538438, 20.280733107692289 ], [ -100.035501799999963, 20.280810430769197 ], [ -100.035510738461525, 20.280900384615407 ], [ -100.035498538461525, 20.28099 ], [ -100.035482015384574, 20.281079 ] ] ] ] } },
{ "type": "Feature", "properties": { "IDBD": 166653, "FC": 6291, "CONDICION": "CUERPO DE AGUA INTERMITENTE" }, "geometry": { "type": "MultiPolygon", "coordinates": [ [ [ [ -100.004505953846135, 20.277666461538463 ], [ -100.00441073846153, 20.277656938461583 ], [ -100.004320923076889, 20.277625599999983 ], [ -100.004235553846129, 20.277584692307673 ], [ -100.004151876923046, 20.277540753846196 ], [ -100.004088876923078, 20.27747272307694 ], [ -100.004037476923031, 20.277396492307712 ], [ -100.003983430769225, 20.277321892307697 ], [ -100.004012861538399, 20.277235923076965 ], [ -100.00406179999996, 20.277158261538446 ], [ -100.004103676923066, 20.277077015384627 ], [ -100.004142492307679, 20.276994415384571 ], [ -100.004194784615365, 20.276918723076896 ], [ -100.00425907692302, 20.276851769230813 ], [ -100.004345753846138, 20.276813353846183 ], [ -100.004440353846121, 20.276799369230737 ], [ -100.004529784615386, 20.276767123076922 ], [ -100.004618446153785, 20.27678052307693 ], [ -100.004692030769192, 20.276834184615371 ], [ -100.004718523076875, 20.276921 ], [ -100.004737892307645, 20.277009476923048 ], [ -100.004727492307666, 20.277099307692335 ], [ -100.004653923076901, 20.277157123076925 ], [ -100.004649153846131, 20.277247369230778 ], [ -100.004682846153827, 20.277331938461558 ], [ -100.004723276923045, 20.277379384615401 ], [ -100.004660323076877, 20.277447476923086 ], [ -100.004629169230739, 20.277532907692311 ], [ -100.004581969230713, 20.277611523076931 ], [ -100.004505953846135, 20.277666461538463 ] ] ] ] } },
{ "type": "Feature", "properties": { "IDBD": 166660, "FC": 6291, "CONDICION": "CUERPO DE AGUA INTERMITENTE" }, "geometry": { "type": "MultiPolygon", "coordinates": [ [ [ [ -100.037205123076902, 20.277672892307685 ], [ -100.037110969230767, 20.277656507692338 ], [ -100.037017538461498, 20.277636692307667 ], [ -100.036929738461495, 20.277600646153854 ], [ -100.036840184615343, 20.277568692307707 ], [ -100.036752153846138, 20.277533138461518 ], [ -100.036668923076903, 20.2774884615385 ], [ -100.036606492307683, 20.277419953846156 ], [ -100.036613830769198, 20.277329876923044 ], [ -100.036633861538448, 20.277241523076945 ], [ -100.036668169230751, 20.277157169230765 ], [ -100.036708907692258, 20.277075400000012 ], [ -100.03674373846151, 20.276991246153838 ], [ -100.036786, 20.276910169230774 ], [ -100.036833784615325, 20.276831876923104 ], [ -100.036877153846106, 20.276751323076915 ], [ -100.036918076923044, 20.276669630769231 ], [ -100.036961846153815, 20.276589276923119 ], [ -100.036995246153836, 20.27650460000001 ], [ -100.037054569230733, 20.276405876923079 ], [ -100.037117507692258, 20.276415446153848 ], [ -100.037259307692295, 20.27643698461538 ], [ -100.037350492307652, 20.27646458461539 ], [ -100.037384692307668, 20.276548984615346 ], [ -100.037405584615342, 20.276637153846139 ], [ -100.03738386153843, 20.276725153846122 ], [ -100.037347876923036, 20.276808876923113 ], [ -100.037319138461541, 20.276895061538454 ], [ -100.037294246153792, 20.276982307692322 ], [ -100.037267276923032, 20.277069 ], [ -100.03728750769227, 20.27715730769232 ], [ -100.037325307692257, 20.277240323076931 ], [ -100.03736873846151, 20.277320846153817 ], [ -100.037425230769216, 20.277393800000066 ], [ -100.037500707692288, 20.277449384615409 ], [ -100.037582646153865, 20.27749615384614 ], [ -100.037630676923058, 20.277566738461537 ], [ -100.037588615384593, 20.277639923076901 ], [ -100.037513384615337, 20.277673184615377 ], [ -100.037393723076903, 20.277684830769225 ], [ -100.037299707692256, 20.277672630769246 ], [ -100.037205123076902, 20.277672892307685 ] ] ] ] } },
{ "type": "Feature", "properties": { "IDBD": 166698, "FC": 6291, "CONDICION": "CUERPO DE AGUA INTERMITENTE" }, "geometry": { "type": "MultiPolygon", "coordinates": [ [ [ [ -100.040241215384583, 20.275436399999972 ], [ -100.040147753846114, 20.275416784615352 ], [ -100.040093030769199, 20.275342646153867 ], [ -100.040067476923014, 20.27525556923073 ], [ -100.040064446153806, 20.275165261538447 ], [ -100.040059338461532, 20.275075046153852 ], [ -100.040041692307682, 20.274986246153848 ], [ -100.040030461538407, 20.274896507692304 ], [ -100.040029784615371, 20.274806169230782 ], [ -100.04002915384612, 20.274715815384646 ], [ -100.040025892307682, 20.274625523076921 ], [ -100.040024446153808, 20.274535169230823 ], [ -100.040028907692246, 20.274444923076903 ], [ -100.040049338461486, 20.274356661538448 ], [ -100.040075953846156, 20.27426986153846 ], [ -100.040094415384573, 20.27421523076924 ], [ -100.040106584615344, 20.274199830769263 ], [ -100.040192446153796, 20.274091184615358 ], [ -100.04022915384617, 20.274007738461524 ], [ -100.040259969230718, 20.2739222 ], [ -100.040327323076895, 20.27385796923075 ], [ -100.040398107692269, 20.273918799999972 ], [ -100.040400815384601, 20.27400912307694 ], [ -100.040426507692274, 20.274096153846148 ], [ -100.040428353846139, 20.274186492307688 ], [ -100.04040709230766, 20.274274584615394 ], [ -100.040394153846137, 20.274364107692307 ], [ -100.040472815384618, 20.274415630769234 ], [ -100.040513215384564, 20.274497553846146 ], [ -100.040521030769185, 20.2745876 ], [ -100.040513461538467, 20.274677661538473 ], [ -100.04049283076921, 20.274765892307688 ], [ -100.0404919230769, 20.274856246153853 ], [ -100.040501769230758, 20.27494610769233 ], [ -100.040501661538443, 20.27503646153847 ], [ -100.040554630769222, 20.27511172307694 ], [ -100.040582938461498, 20.275198046153857 ], [ -100.040629446153815, 20.275277015384567 ], [ -100.040693846153843, 20.275343876923074 ], [ -100.040619353846168, 20.275400661538459 ], [ -100.040526046153815, 20.275420923076933 ], [ -100.040431153846143, 20.275433015384593 ], [ -100.040335953846153, 20.275423323076971 ], [ -100.040241215384583, 20.275436399999972 ] ] ] ] } },
{ "type": "Feature", "properties": { "IDBD": 166752, "FC": 6291, "CONDICION": "CUERPO DE AGUA INTERMITENTE" }, "geometry": { "type": "MultiPolygon", "coordinates": [ [ [ [ -100.030302492307655, 20.272284523076959 ], [ -100.030282938461525, 20.27227232307693 ], [ -100.03016309230766, 20.272197630769202 ], [ -100.03013013846153, 20.2721128 ], [ -100.030088523076927, 20.272031430769228 ], [ -100.03005315384614, 20.271947476923128 ], [ -100.03004693846151, 20.271857307692304 ], [ -100.030064830769206, 20.27176855384613 ], [ -100.030127584615357, 20.271700307692321 ], [ -100.03020913846153, 20.2716529692308 ], [ -100.030241061538433, 20.271567784615399 ], [ -100.030244646153818, 20.271477492307685 ], [ -100.030241430769209, 20.2713872 ], [ -100.030237923076911, 20.271296907692303 ], [ -100.030237784615338, 20.271206553846184 ], [ -100.03025270769227, 20.271117307692304 ], [ -100.030310046153801, 20.271044953846175 ], [ -100.03037893846151, 20.270982215384642 ], [ -100.030445876923068, 20.270917615384612 ], [ -100.030519569230719, 20.270859923076969 ], [ -100.030587, 20.270795769230755 ], [ -100.030629461538425, 20.270714784615368 ], [ -100.030672169230741, 20.270633923076915 ], [ -100.030677461538417, 20.270543707692308 ], [ -100.030632723076891, 20.270463830769259 ], [ -100.030625907692269, 20.270373707692343 ], [ -100.030622338461527, 20.27028341538465 ], [ -100.030626584615376, 20.270193153846147 ], [ -100.030628138461509, 20.270102815384625 ], [ -100.030637, 20.270012861538476 ], [ -100.030674507692268, 20.269929723076942 ], [ -100.030704907692297, 20.269844046153818 ], [ -100.030726630769195, 20.269756061538498 ], [ -100.030738261538403, 20.269666369230766 ], [ -100.030743753846124, 20.269576169230735 ], [ -100.03075409230766, 20.269486353846141 ], [ -100.030779061538425, 20.269399123076902 ], [ -100.030834569230734, 20.269325507692283 ], [ -100.030902907692237, 20.269262215384597 ], [ -100.030998646153805, 20.269262923076933 ], [ -100.031088307692272, 20.269294615384602 ], [ -100.031177107692287, 20.269328400000031 ], [ -100.031266030769217, 20.269361923076904 ], [ -100.03135663076921, 20.2693911230769 ], [ -100.031402615384565, 20.269311861538462 ], [ -100.031481815384595, 20.269261092307719 ], [ -100.031576384615335, 20.269247015384604 ], [ -100.031665, 20.269212784615341 ], [ -100.031753, 20.269177184615391 ], [ -100.0318376, 20.269134876923072 ], [ -100.031920584615335, 20.269089799999978 ], [ -100.032006707692275, 20.269050323076936 ], [ -100.032099707692282, 20.26902881538464 ], [ -100.032195199999975, 20.269022276923042 ], [ -100.032290292307678, 20.269011738461533 ], [ -100.03238536923071, 20.269001123076936 ], [ -100.032480276923081, 20.26898912307691 ], [ -100.032574646153847, 20.269004353846171 ], [ -100.03266327692306, 20.269038553846183 ], [ -100.032716846153832, 20.269113430769277 ], [ -100.032785, 20.269176907692309 ], [ -100.032874646153815, 20.269208615384638 ], [ -100.032970246153809, 20.269203615384615 ], [ -100.033017046153816, 20.269282446153838 ], [ -100.033045307692277, 20.269368769230724 ], [ -100.033068369230733, 20.269456461538461 ], [ -100.033080399999989, 20.269546092307714 ], [ -100.03308970769227, 20.269636015384616 ], [ -100.033100261538451, 20.269725815384636 ], [ -100.033111923076888, 20.269815492307707 ], [ -100.033203615384593, 20.269841476923038 ], [ -100.033297661538427, 20.269824492307716 ], [ -100.033392184615323, 20.269810092307683 ], [ -100.033487723076874, 20.269815923076969 ], [ -100.033577415384556, 20.26984756923078 ], [ -100.033667784615361, 20.269877415384638 ], [ -100.033759092307676, 20.26990461538459 ], [ -100.03384186153842, 20.269950046153834 ], [ -100.033915307692268, 20.270008015384636 ], [ -100.033988738461517, 20.27006598461535 ], [ -100.034056276923053, 20.270130030769227 ], [ -100.034075292307691, 20.270218584615368 ], [ -100.034097107692276, 20.270306553846154 ], [ -100.034138446153833, 20.270388046153858 ], [ -100.034231661538399, 20.270408661538482 ], [ -100.034326384615341, 20.270421815384601 ], [ -100.034417861538429, 20.270448507692297 ], [ -100.034461646153815, 20.270528861538477 ], [ -100.034516446153816, 20.270602953846172 ], [ -100.034564153846134, 20.270681292307714 ], [ -100.03459456923072, 20.270766953846156 ], [ -100.034590753846075, 20.270857246153874 ], [ -100.034595799999963, 20.270947461538469 ], [ -100.03460458461538, 20.271037430769216 ], [ -100.034607353846113, 20.271127753846173 ], [ -100.034604230769219, 20.271218046153852 ], [ -100.034604861538426, 20.271308400000031 ], [ -100.034605523076905, 20.271398753846185 ], [ -100.034606369230744, 20.271489092307704 ], [ -100.034612138461526, 20.271579276923095 ], [ -100.034601123076897, 20.271669030769267 ], [ -100.034601015384609, 20.271759384615365 ], [ -100.034599769230752, 20.271849723076922 ], [ -100.034596646153815, 20.27194003076923 ], [ -100.034596738461488, 20.272030384615366 ], [ -100.034595569230746, 20.272120723076938 ], [ -100.034588569230706, 20.272210830769207 ], [ -100.034445092307664, 20.27221698461539 ], [ -100.034293661538428, 20.272218876923109 ], [ -100.034170846153842, 20.2722196 ], [ -100.034016015384609, 20.272210707692338 ], [ -100.033872707692268, 20.27221966153845 ], [ -100.033729092307652, 20.272221353846135 ], [ -100.033585661538424, 20.272228169230772 ], [ -100.033442876923033, 20.272242815384612 ], [ -100.033301723076889, 20.27222918461538 ], [ -100.033155323076898, 20.272234507692314 ], [ -100.033008953846107, 20.272244276923107 ], [ -100.032881353846122, 20.272236123076958 ], [ -100.032728123076907, 20.272245215384633 ], [ -100.03258470769228, 20.272237876923079 ], [ -100.032441230769209, 20.272244015384601 ], [ -100.032297907692282, 20.2722352 ], [ -100.032154307692295, 20.272237615384636 ], [ -100.032010692307665, 20.272239169230776 ], [ -100.031867076923035, 20.272240292307675 ], [ -100.031723569230735, 20.272234923076873 ], [ -100.031580046153806, 20.272240153846194 ], [ -100.031436446153805, 20.27224256923078 ], [ -100.031293123076921, 20.272251292307715 ], [ -100.031151384615328, 20.272273153846161 ], [ -100.031007769230754, 20.272275415384602 ], [ -100.030864292307655, 20.272281384615386 ], [ -100.030720707692311, 20.272278138461537 ], [ -100.030577569230744, 20.272289323076922 ], [ -100.030434199999974, 20.272281292307682 ], [ -100.030302492307655, 20.272284523076959 ] ] ] ] } },
{ "type": "Feature", "properties": { "IDBD": 166769, "FC": 6291, "CONDICION": "CUERPO DE AGUA INTERMITENTE" }, "geometry": { "type": "MultiPolygon", "coordinates": [ [ [ [ -100.009131215384585, 20.271073476923046 ], [ -100.009067815384611, 20.271118784615382 ], [ -100.009006, 20.271130384615386 ], [ -100.008935676923031, 20.271119953846121 ], [ -100.008881646153782, 20.2710570769231 ], [ -100.008910676923037, 20.270989030769233 ], [ -100.00893996923071, 20.270911676923035 ], [ -100.00893936923076, 20.270821323076934 ], [ -100.008938153846131, 20.270730969230787 ], [ -100.008934184615327, 20.270640707692333 ], [ -100.008919923076903, 20.270551353846159 ], [ -100.00887978461536, 20.270469323076885 ], [ -100.00888710769226, 20.270379246153848 ], [ -100.008936061538449, 20.270301584615414 ], [ -100.008937184615348, 20.27021124615381 ], [ -100.008945846153836, 20.270121261538474 ], [ -100.008974553846159, 20.270035061538493 ], [ -100.009034553846121, 20.269964646153831 ], [ -100.009108507692289, 20.269907261538464 ], [ -100.009204138461541, 20.269902661538467 ], [ -100.0092992, 20.269913353846178 ], [ -100.009391476923042, 20.269937461538429 ], [ -100.009451584615363, 20.27000778461537 ], [ -100.009483015384575, 20.27009313846148 ], [ -100.009476169230737, 20.270183261538492 ], [ -100.009421246153821, 20.270257261538468 ], [ -100.009430753846118, 20.270347169230771 ], [ -100.009444953846142, 20.270436523076963 ], [ -100.009424723076876, 20.270524830769215 ], [ -100.009392646153813, 20.270609953846126 ], [ -100.009360553846136, 20.270695092307669 ], [ -100.009315646153823, 20.270774876923028 ], [ -100.009262923076903, 20.270850307692314 ], [ -100.009204753846134, 20.270922076923078 ], [ -100.009154661538417, 20.270999076923093 ], [ -100.009131215384585, 20.271073476923046 ] ] ] ] } },
{ "type": "Feature", "properties": { "IDBD": 166775, "FC": 6291, "CONDICION": "CUERPO DE AGUA INTERMITENTE" }, "geometry": { "type": "MultiPolygon", "coordinates": [ [ [ [ -100.010448538461532, 20.27085441538464 ], [ -100.010360430769197, 20.270819046153825 ], [ -100.010274307692299, 20.270779569230754 ], [ -100.010190276923055, 20.270736261538485 ], [ -100.010106107692295, 20.270693169230807 ], [ -100.010023938461515, 20.270646784615412 ], [ -100.0099442, 20.27059676923076 ], [ -100.009865646153798, 20.270549769230776 ], [ -100.009880476923044, 20.270426676923098 ], [ -100.009974630769236, 20.270410230769258 ], [ -100.010069846153812, 20.270419799999988 ], [ -100.010162092307695, 20.270444 ], [ -100.010248230769236, 20.270483461538461 ], [ -100.010329169230758, 20.270531738461578 ], [ -100.010398615384574, 20.270593938461559 ], [ -100.010452199999989, 20.27066881538461 ], [ -100.010505707692275, 20.270743738461498 ], [ -100.010540123076879, 20.270828046153849 ], [ -100.010448538461532, 20.27085441538464 ] ] ] ] } },
{ "type": "Feature", "properties": { "IDBD": 166780, "FC": 6291, "CONDICION": "CUERPO DE AGUA INTERMITENTE" }, "geometry": { "type": "MultiPolygon", "coordinates": [ [ [ [ -100.023896861538461, 20.270114492307723 ], [ -100.023800430769185, 20.270116830769204 ], [ -100.023704707692289, 20.270114676923043 ], [ -100.023612384615362, 20.270090707692304 ], [ -100.023530199999954, 20.270044353846178 ], [ -100.023476753846126, 20.269969384615397 ], [ -100.023463215384581, 20.26987993846156 ], [ -100.023462630769203, 20.269829046153891 ], [ -100.023462384615343, 20.269806769230765 ], [ -100.023468553846129, 20.2697869230769 ], [ -100.023553938461475, 20.2697302 ], [ -100.023592061538437, 20.269669815384663 ], [ -100.023685092307659, 20.269648384615358 ], [ -100.023777123076925, 20.269673307692283 ], [ -100.023831953846141, 20.269747384615396 ], [ -100.023847646153854, 20.269836507692318 ], [ -100.023858969230758, 20.269926230769254 ], [ -100.023891092307665, 20.269992892307698 ], [ -100.023902230769167, 20.270048046153825 ], [ -100.023896861538461, 20.270114492307723 ] ] ] ] } },
{ "type": "Feature", "properties": { "IDBD": 166808, "FC": 6291, "CONDICION": "CUERPO DE AGUA INTERMITENTE" }, "geometry": { "type": "MultiPolygon", "coordinates": [ [ [ [ -100.043048492307676, 20.268308230769225 ], [ -100.042979569230752, 20.268245507692299 ], [ -100.042906815384598, 20.268186938461518 ], [ -100.042835230769185, 20.268126184615401 ], [ -100.042778646153792, 20.268071015384589 ], [ -100.042801676923077, 20.26797021538464 ], [ -100.042888892307658, 20.267932938461517 ], [ -100.042983584615357, 20.267919569230809 ], [ -100.043078261538398, 20.267906123076894 ], [ -100.043166723076908, 20.267871538461517 ], [ -100.043254599999969, 20.267835676923116 ], [ -100.043341615384605, 20.267797984615349 ], [ -100.043434630769198, 20.267776553846197 ], [ -100.043526753846123, 20.267751907692347 ], [ -100.043616584615378, 20.267720646153847 ], [ -100.043709846153831, 20.267700230769236 ], [ -100.043802061538415, 20.267675892307704 ], [ -100.043895076923036, 20.267654476923067 ], [ -100.043987646153823, 20.2676314 ], [ -100.04407846153839, 20.267602784615409 ], [ -100.044154707692314, 20.267548123076942 ], [ -100.044215415384599, 20.267478261538482 ], [ -100.0442896461538, 20.267421200000037 ], [ -100.044363338461508, 20.267363507692298 ], [ -100.044382353846075, 20.267387461538494 ], [ -100.04431630769227, 20.267452892307663 ], [ -100.044262276923035, 20.267527476923064 ], [ -100.044247138461529, 20.267616692307698 ], [ -100.044314061538429, 20.267681307692307 ], [ -100.044377092307627, 20.267749323076934 ], [ -100.044281553846147, 20.267743399999979 ], [ -100.044187476923057, 20.267726584615374 ], [ -100.044094076923059, 20.267746446153801 ], [ -100.044002630769199, 20.267773199999979 ], [ -100.043918538461512, 20.267816415384647 ], [ -100.043886307692276, 20.267901492307704 ], [ -100.043813938461511, 20.267960661538464 ], [ -100.043721538461511, 20.267984338461542 ], [ -100.04362706153843, 20.267999 ], [ -100.043540184615367, 20.268036984615378 ], [ -100.043453661538464, 20.268075676923093 ], [ -100.043365, 20.268109769230794 ], [ -100.043275815384575, 20.268142661538462 ], [ -100.043199953846141, 20.268197784615367 ], [ -100.043122553846104, 20.268250969230763 ], [ -100.043048492307676, 20.268308230769225 ] ] ] ] } },
{ "type": "Feature", "properties": { "IDBD": 166818, "FC": 6291, "CONDICION": "CUERPO DE AGUA INTERMITENTE" }, "geometry": { "type": "MultiPolygon", "coordinates": [ [ [ [ -100.044698107692298, 20.267811784615379 ], [ -100.044698538461503, 20.267676261538469 ], [ -100.044690584615353, 20.267540938461554 ], [ -100.044676061538425, 20.267406107692324 ], [ -100.044663507692263, 20.267354707692327 ], [ -100.044658369230746, 20.267271615384622 ], [ -100.044643569230715, 20.267136815384628 ], [ -100.044637399999985, 20.267001415384627 ], [ -100.044632830769203, 20.266949615384615 ], [ -100.044752323076892, 20.266900276923057 ], [ -100.044834892307634, 20.266854553846148 ], [ -100.044926815384571, 20.266879846153888 ], [ -100.045015630769214, 20.266913569230791 ], [ -100.045110846153818, 20.266903969230793 ], [ -100.045206399999969, 20.266909476923086 ], [ -100.0453006, 20.266925661538462 ], [ -100.045389415384591, 20.266959415384619 ], [ -100.045483861538443, 20.26697424615385 ], [ -100.045574861538441, 20.266946153846114 ], [ -100.045669953846129, 20.266935553846128 ], [ -100.045765584615339, 20.26693992307694 ], [ -100.045860846153857, 20.266948923076935 ], [ -100.045928615384568, 20.266960907692301 ], [ -100.046022399999984, 20.266990015384621 ], [ -100.045983292307668, 20.267077938461505 ], [ -100.045928953846115, 20.267099276923087 ], [ -100.045833246153833, 20.267101676923083 ], [ -100.045737830769198, 20.267109153846164 ], [ -100.045642107692302, 20.267111430769233 ], [ -100.045552599999965, 20.267143523076932 ], [ -100.045462092307659, 20.267173 ], [ -100.045367446153833, 20.267186646153853 ], [ -100.045284492307673, 20.267231769230825 ], [ -100.0452122, 20.267291 ], [ -100.045149184615354, 20.267359030769278 ], [ -100.045062846153826, 20.267398092307729 ], [ -100.045004430769211, 20.267469676923053 ], [ -100.044945184615358, 20.267540661538476 ], [ -100.044899830769182, 20.267620230769225 ], [ -100.044839492307645, 20.267690384615385 ], [ -100.044772599999959, 20.267755030769262 ], [ -100.044698107692298, 20.267811784615379 ] ] ] ] } },
{ "type": "Feature", "properties": { "IDBD": 166898, "FC": 6291, "CONDICION": "CUERPO DE AGUA INTERMITENTE" }, "geometry": { "type": "MultiPolygon", "coordinates": [ [ [ [ -100.019667753846107, 20.2624358 ], [ -100.019781415384557, 20.2623972 ], [ -100.019872307692253, 20.262368815384626 ], [ -100.01996250769227, 20.262338507692295 ], [ -100.020056799999963, 20.262322784615389 ], [ -100.020152046153839, 20.262313599999981 ], [ -100.020244969230774, 20.262291861538479 ], [ -100.020340707692284, 20.262291338461569 ], [ -100.020424092307678, 20.262335738461566 ], [ -100.020519738461488, 20.262339846153893 ], [ -100.020574769230734, 20.26226592307691 ], [ -100.020665676923016, 20.262294276923086 ], [ -100.020718907692284, 20.262369369230761 ], [ -100.020672123076892, 20.2624482 ], [ -100.020622030769204, 20.262525200000017 ], [ -100.020551830769236, 20.262586646153867 ], [ -100.020477753846123, 20.262643892307704 ], [ -100.02038992307692, 20.262679830769219 ], [ -100.020299153846125, 20.2627086 ], [ -100.020207107692258, 20.26273344615386 ], [ -100.020113953846121, 20.262754307692276 ], [ -100.020021599999964, 20.262730446153846 ], [ -100.019929676923056, 20.262705215384649 ], [ -100.019847938461524, 20.262658153846161 ], [ -100.019773092307659, 20.262585046153834 ], [ -100.019717384615348, 20.262518338461522 ], [ -100.019667753846107, 20.2624358 ] ] ] ] } },
{ "type": "Feature", "properties": { "IDBD": 166927, "FC": 6291, "CONDICION": "CUERPO DE AGUA INTERMITENTE" }, "geometry": { "type": "MultiPolygon", "coordinates": [ [ [ [ -100.051041215384572, 20.26131150769233 ], [ -100.0509522, 20.261278276923086 ], [ -100.050904046153832, 20.261260446153806 ], [ -100.050863076923051, 20.261245261538495 ], [ -100.050774461538438, 20.261211046153853 ], [ -100.050720830769194, 20.261193723076929 ], [ -100.050746215384564, 20.261145292307695 ], [ -100.050812107692266, 20.261079723076929 ], [ -100.050903323076909, 20.261052276923106 ], [ -100.050985430769217, 20.26100583076926 ], [ -100.051034569230751, 20.260928276923057 ], [ -100.051111292307681, 20.260964646153859 ], [ -100.051065969230748, 20.261044230769262 ], [ -100.051043415384598, 20.26113203076925 ], [ -100.051053384615358, 20.261221892307724 ], [ -100.051041215384572, 20.26131150769233 ] ] ] ] } },
{ "type": "Feature", "properties": { "IDBD": 166936, "FC": 6291, "CONDICION": "CUERPO DE AGUA INTERMITENTE" }, "geometry": { "type": "MultiPolygon", "coordinates": [ [ [ [ -100.039073123076918, 20.260815415384609 ], [ -100.039062692307667, 20.26071050769227 ], [ -100.039099830769175, 20.260627230769263 ], [ -100.039150784615373, 20.260550738461525 ], [ -100.03922178461535, 20.260490123076941 ], [ -100.039301461538415, 20.260440015384628 ], [ -100.039372523076878, 20.260379476923106 ], [ -100.039433338461521, 20.260309692307725 ], [ -100.039464553846102, 20.26022427692309 ], [ -100.039499107692265, 20.260140015384625 ], [ -100.03953944615381, 20.260058076923031 ], [ -100.039611569230757, 20.259998646153822 ], [ -100.039707138461495, 20.259993415384624 ], [ -100.039802876923005, 20.259994969230775 ], [ -100.039836815384575, 20.260027538461554 ], [ -100.039859061538436, 20.260115415384604 ], [ -100.039875692307646, 20.260204400000031 ], [ -100.039879338461503, 20.260294692307699 ], [ -100.039848415384554, 20.260380200000021 ], [ -100.03979430769229, 20.260454723076947 ], [ -100.039725984615345, 20.26051801538464 ], [ -100.039654353846132, 20.260577984615374 ], [ -100.039584784615386, 20.260640061538453 ], [ -100.039521307692283, 20.260707692307733 ], [ -100.039445107692288, 20.260762384615425 ], [ -100.039356599999977, 20.260796861538473 ], [ -100.039264138461519, 20.260820292307681 ], [ -100.039168461538452, 20.260823630769249 ], [ -100.039073123076918, 20.260815415384609 ] ] ] ] } },
{ "type": "Feature", "properties": { "IDBD": 166980, "FC": 6291, "CONDICION": "CUERPO DE AGUA INTERMITENTE" }, "geometry": { "type": "MultiPolygon", "coordinates": [ [ [ [ -100.020163261538443, 20.257112030769246 ], [ -100.020147415384614, 20.257022923076946 ], [ -100.020212492307692, 20.256956646153839 ], [ -100.020251030769202, 20.256873953846142 ], [ -100.020276276923056, 20.256786784615379 ], [ -100.020282, 20.256696600000041 ], [ -100.02028915384615, 20.256606507692311 ], [ -100.020309292307687, 20.256518169230787 ], [ -100.020356753846144, 20.25643970769233 ], [ -100.020400092307653, 20.256359138461555 ], [ -100.020425384615336, 20.256272 ], [ -100.020425292307678, 20.256181646153813 ], [ -100.020413799999972, 20.256091953846163 ], [ -100.020404646153807, 20.256002015384635 ], [ -100.020439507692288, 20.255917861538435 ], [ -100.020453030769218, 20.25590316923077 ], [ -100.020577461538466, 20.255911323076948 ], [ -100.020662246153819, 20.25595329230768 ], [ -100.020731984615352, 20.2560152 ], [ -100.020773753846129, 20.256091276923087 ], [ -100.020776030769184, 20.256095415384625 ], [ -100.020791446153837, 20.256142923076926 ], [ -100.020804061538414, 20.256181815384586 ], [ -100.020816123076884, 20.256271446153878 ], [ -100.020836646153782, 20.256359692307637 ], [ -100.020834138461481, 20.256450015384655 ], [ -100.020826676923022, 20.256540092307706 ], [ -100.0208017384615, 20.25662732307692 ], [ -100.020758338461476, 20.256707861538455 ], [ -100.020695538461538, 20.256776046153856 ], [ -100.020643907692246, 20.256852138461525 ], [ -100.020582215384636, 20.256921230769223 ], [ -100.020510384615363, 20.256980969230767 ], [ -100.020438230769159, 20.257040353846154 ], [ -100.020350969230748, 20.257077538461555 ], [ -100.020258030769185, 20.257099215384603 ], [ -100.020163261538443, 20.257112030769246 ] ] ] ] } },
{ "type": "Feature", "properties": { "IDBD": 167050, "FC": 6291, "CONDICION": "CUERPO DE AGUA INTERMITENTE" }, "geometry": { "type": "MultiPolygon", "coordinates": [ [ [ [ -100.050726723076906, 20.254004907692313 ], [ -100.050661430769182, 20.254067261538449 ], [ -100.050576661538443, 20.254088615384603 ], [ -100.050481969230759, 20.254075261538496 ], [ -100.050392353846092, 20.254043446153815 ], [ -100.050312476923054, 20.253993646153845 ], [ -100.050232476923028, 20.253944015384629 ], [ -100.050153446153814, 20.253893030769241 ], [ -100.050077276923062, 20.253838292307673 ], [ -100.050011123076928, 20.25377298461536 ], [ -100.049989846153792, 20.2536848923077 ], [ -100.050014246153836, 20.253597523076927 ], [ -100.050059661538413, 20.253517984615385 ], [ -100.050098369230767, 20.253435353846164 ], [ -100.050139276923076, 20.253353661538505 ], [ -100.0501875384615, 20.253275630769256 ], [ -100.050238738461488, 20.253215369230741 ], [ -100.05027339999998, 20.25316381538461 ], [ -100.05032106153844, 20.253116738461543 ], [ -100.050363, 20.253137230769227 ], [ -100.050404830769196, 20.253221692307683 ], [ -100.050402123076907, 20.253289969230767 ], [ -100.050382492307634, 20.2533784 ], [ -100.050451661538446, 20.253440861538429 ], [ -100.050541399999972, 20.253472338461528 ], [ -100.050594738461527, 20.253547369230763 ], [ -100.05062016923074, 20.253634476923057 ], [ -100.050667630769183, 20.253712953846136 ], [ -100.050730323076891, 20.25378660000003 ], [ -100.050769169230747, 20.253851553846161 ], [ -100.050761676923074, 20.253940215384631 ], [ -100.050726723076906, 20.254004907692313 ] ] ] ] } },
{ "type": "Feature", "properties": { "IDBD": 167084, "FC": 6291, "CONDICION": "CUERPO DE AGUA INTERMITENTE" }, "geometry": { "type": "MultiPolygon", "coordinates": [ [ [ [ -100.028562353846141, 20.252144138461524 ], [ -100.028468492307681, 20.252161892307704 ], [ -100.028372876923015, 20.252166723076922 ], [ -100.028280061538425, 20.25214460000003 ], [ -100.028195569230746, 20.252102107692309 ], [ -100.028185584615372, 20.252088353846144 ], [ -100.028176569230709, 20.252048984615431 ], [ -100.028239907692267, 20.251981230769221 ], [ -100.028335415384589, 20.251987569230767 ], [ -100.028427707692302, 20.252011553846149 ], [ -100.028522769230761, 20.252000799999983 ], [ -100.028595630769189, 20.252059415384654 ], [ -100.028562353846141, 20.252144138461524 ] ] ] ] } },
{ "type": "Feature", "properties": { "IDBD": 167114, "FC": 6291, "CONDICION": "CUERPO DE AGUA INTERMITENTE" }, "geometry": { "type": "MultiPolygon", "coordinates": [ [ [ [ -100.037775261538442, 20.250980969230778 ], [ -100.037699523076896, 20.250925707692282 ], [ -100.0376386, 20.25085601538462 ], [ -100.037599923076883, 20.250773369230792 ], [ -100.037603307692279, 20.250691630769218 ], [ -100.037642353846124, 20.250633215384607 ], [ -100.037717123076874, 20.250597015384635 ], [ -100.037759907692291, 20.250621553846152 ], [ -100.037768769230738, 20.250661169230746 ], [ -100.03779386153839, 20.250748369230774 ], [ -100.037838046153823, 20.250828523076905 ], [ -100.037844599999971, 20.250918661538456 ], [ -100.037775261538442, 20.250980969230778 ] ] ] ] } },
{ "type": "Feature", "properties": { "IDBD": 167171, "FC": 6291, "CONDICION": "CUERPO DE AGUA INTERMITENTE" }, "geometry": { "type": "MultiPolygon", "coordinates": [ [ [ [ -100.065180123076914, 20.247864 ], [ -100.064654292307665, 20.248239030769227 ], [ -100.064386046153828, 20.2482258 ], [ -100.064101169230753, 20.248078784615412 ], [ -100.063870461538457, 20.24779013846155 ], [ -100.063999384615357, 20.24777956923079 ], [ -100.064256092307659, 20.247790353846153 ], [ -100.064795799999985, 20.247826584615368 ], [ -100.065180123076914, 20.247864 ] ] ] ] } },
{ "type": "Feature", "properties": { "IDBD": 167241, "FC": 6291, "CONDICION": "CUERPO DE AGUA INTERMITENTE" }, "geometry": { "type": "MultiPolygon", "coordinates": [ [ [ [ -100.044326907692295, 20.245129384615385 ], [ -100.043584076923068, 20.245013615384583 ], [ -100.043103630769181, 20.24492261538461 ], [ -100.043133953846123, 20.244836907692324 ], [ -100.043152830769202, 20.244748338461541 ], [ -100.04316919999998, 20.244659307692295 ], [ -100.043181538461511, 20.244569723076935 ], [ -100.043186861538445, 20.244479507692304 ], [ -100.043188984615327, 20.244389169230757 ], [ -100.043205, 20.244300107692336 ], [ -100.04322392307688, 20.244211523076928 ], [ -100.04323519999997, 20.244121815384606 ], [ -100.043247046153823, 20.244032153846153 ], [ -100.043278584615365, 20.243946846153872 ], [ -100.043322969230729, 20.243866784615413 ], [ -100.043414938461495, 20.243841692307655 ], [ -100.04350958461535, 20.243828138461573 ], [ -100.043572261538415, 20.243759846153853 ], [ -100.043649123076904, 20.243706 ], [ -100.043725799999976, 20.24365190769231 ], [ -100.043794538461512, 20.243589015384611 ], [ -100.043859338461488, 20.243522492307662 ], [ -100.043922153846111, 20.243454323076946 ], [ -100.043992184615348, 20.243392723076905 ], [ -100.044070046153834, 20.243340153846173 ], [ -100.044151815384609, 20.243293169230803 ], [ -100.044239153846149, 20.243256169230769 ], [ -100.044329953846102, 20.243227538461507 ], [ -100.044411061538455, 20.243275507692324 ], [ -100.044485507692315, 20.24333232307691 ], [ -100.044510553846095, 20.243419538461538 ], [ -100.044457, 20.243493907692311 ], [ -100.044391184615364, 20.24355578461536 ], [ -100.044470938461544, 20.243605753846158 ], [ -100.044488507692265, 20.24369458461539 ], [ -100.044496692307675, 20.24378460000003 ], [ -100.044494030769187, 20.243874923076937 ], [ -100.044490307692314, 20.2439652 ], [ -100.0444878, 20.244055523076934 ], [ -100.044487676923026, 20.244145876923103 ], [ -100.044487907692286, 20.244236215384603 ], [ -100.044484692307677, 20.244326523076957 ], [ -100.04448347692302, 20.244416861538461 ], [ -100.044482276923063, 20.244507199999987 ], [ -100.04447229230766, 20.244597061538474 ], [ -100.044457892307676, 20.24468638461536 ], [ -100.044440476923057, 20.244775230769235 ], [ -100.044417276923056, 20.244862892307712 ], [ -100.044392907692298, 20.24495026153847 ], [ -100.044361461538415, 20.2450356 ], [ -100.04433001538456, 20.245120938461572 ], [ -100.044326907692295, 20.245129384615385 ] ] ] ] } },
{ "type": "Feature", "properties": { "IDBD": 167302, "FC": 6291, "CONDICION": "CUERPO DE AGUA INTERMITENTE" }, "geometry": { "type": "MultiPolygon", "coordinates": [ [ [ [ -100.032867907692278, 20.2419016 ], [ -100.032863061538421, 20.241817907692287 ], [ -100.03287143076922, 20.241729307692303 ], [ -100.032852569230712, 20.241640738461548 ], [ -100.032824323076909, 20.2415544 ], [ -100.032780738461511, 20.241473953846146 ], [ -100.032734215384608, 20.241395 ], [ -100.032685399999977, 20.241317261538502 ], [ -100.032636599999961, 20.241239538461489 ], [ -100.032587830769216, 20.241161800000029 ], [ -100.032538123076861, 20.241084584615376 ], [ -100.03249933846152, 20.241001969230744 ], [ -100.03247673846154, 20.240914169230738 ], [ -100.032446015384579, 20.2408286 ], [ -100.032404907692268, 20.240747015384603 ], [ -100.032362292307667, 20.24066609230767 ], [ -100.032329353846137, 20.240581261538441 ], [ -100.032313169230747, 20.240492215384624 ], [ -100.032349707692276, 20.240408707692271 ], [ -100.032387046153801, 20.240325507692322 ], [ -100.032427215384601, 20.240243492307719 ], [ -100.032471615384594, 20.240163446153868 ], [ -100.032524707692289, 20.240088261538489 ], [ -100.032580430769201, 20.240014800000026 ], [ -100.032641261538416, 20.239945030769224 ], [ -100.032706461538424, 20.239878892307715 ], [ -100.032791569230739, 20.239837523076893 ], [ -100.032877707692265, 20.239798092307705 ], [ -100.032963846153791, 20.239758676923106 ], [ -100.033050276923063, 20.239719830769253 ], [ -100.033139538461512, 20.239687169230777 ], [ -100.033233353846143, 20.239664984615384 ], [ -100.033329307692298, 20.239673953846165 ], [ -100.033425830769218, 20.239707015384631 ], [ -100.033507015384558, 20.239659153846191 ], [ -100.033576538461531, 20.239597030769261 ], [ -100.033654, 20.239538738461547 ], [ -100.033706430769215, 20.23945035384612 ], [ -100.033731107692276, 20.239364523076912 ], [ -100.033755707692293, 20.239269184615349 ], [ -100.033779369230714, 20.239192184615387 ], [ -100.033831461538398, 20.239116384615382 ], [ -100.033918830769252, 20.239153323076941 ], [ -100.033996138461532, 20.239206600000021 ], [ -100.034013307692248, 20.239117707692298 ], [ -100.034031446153804, 20.239029 ], [ -100.034064184615346, 20.238944092307658 ], [ -100.03413058461534, 20.238879015384612 ], [ -100.034147892307658, 20.238790153846168 ], [ -100.034147661538412, 20.238699800000013 ], [ -100.034153292307678, 20.2386096 ], [ -100.034157769230745, 20.238519353846147 ], [ -100.034188938461511, 20.238433923076933 ], [ -100.034239584615349, 20.238510599999973 ], [ -100.034296123076913, 20.238583492307686 ], [ -100.034335861538437, 20.238665707692295 ], [ -100.034359799999962, 20.238753184615383 ], [ -100.034371153846138, 20.238842892307702 ], [ -100.034371646153815, 20.238933246153838 ], [ -100.03437072307689, 20.239023600000014 ], [ -100.034351261538418, 20.239112061538442 ], [ -100.034331984615335, 20.239200553846153 ], [ -100.034356415384593, 20.239287907692322 ], [ -100.034413769230753, 20.239360261538497 ], [ -100.034476553846105, 20.239428476923038 ], [ -100.034545799999947, 20.239490861538481 ], [ -100.034603384615366, 20.239563030769247 ], [ -100.034646969230749, 20.239643476923078 ], [ -100.034705569230724, 20.239714923076882 ], [ -100.034779861538411, 20.23977189230769 ], [ -100.034857169230762, 20.239825184615398 ], [ -100.034930430769194, 20.239883338461514 ], [ -100.035003676923054, 20.239941523076919 ], [ -100.035067184615343, 20.240009123076952 ], [ -100.035109846153816, 20.240090015384617 ], [ -100.034598753846126, 20.240507615384626 ], [ -100.032867907692278, 20.2419016 ] ] ] ] } },
{ "type": "Feature", "properties": { "IDBD": 167341, "FC": 6291, "CONDICION": "CUERPO DE AGUA INTERMITENTE" }, "geometry": { "type": "MultiPolygon", "coordinates": [ [ [ [ -100.054401276923031, 20.24029772307691 ], [ -100.054185215384592, 20.240164646153804 ], [ -100.053931861538445, 20.239988461538438 ], [ -100.054010984615374, 20.239977061538433 ], [ -100.054103153846114, 20.23995266153846 ], [ -100.054195753846102, 20.239929784615402 ], [ -100.054290399999957, 20.239916215384611 ], [ -100.054385907692293, 20.239909907692301 ], [ -100.054481615384617, 20.239907800000012 ], [ -100.054561815384602, 20.239903876923076 ], [ -100.054587615384577, 20.239987061538478 ], [ -100.054526984615379, 20.24008778461538 ], [ -100.054475076923026, 20.240153492307666 ], [ -100.054433446153837, 20.240234846153879 ], [ -100.054401276923031, 20.24029772307691 ] ] ] ] } },
{ "type": "Feature", "properties": { "IDBD": 167424, "FC": 6291, "CONDICION": "CUERPO DE AGUA INTERMITENTE" }, "geometry": { "type": "MultiPolygon", "coordinates": [ [ [ [ -100.064296907692295, 20.236352107692309 ], [ -100.064008, 20.236450953846113 ], [ -100.063263138461508, 20.235733369230783 ], [ -100.06323679999997, 20.235642507692258 ], [ -100.063357353846129, 20.23539298461537 ], [ -100.063431030769181, 20.235450661538493 ], [ -100.063503415384574, 20.235509784615395 ], [ -100.063580938461527, 20.235562815384633 ], [ -100.063641507692282, 20.235632753846158 ], [ -100.063695507692273, 20.235707369230781 ], [ -100.063749523076865, 20.235781969230796 ], [ -100.063804338461523, 20.235856030769238 ], [ -100.063859846153804, 20.235929646153828 ], [ -100.063944846153831, 20.235971199999987 ], [ -100.064026984615353, 20.236017600000011 ], [ -100.064125307692265, 20.236065415384662 ], [ -100.064191861538433, 20.236131107692316 ], [ -100.064218446153831, 20.236214046153851 ], [ -100.064255, 20.236301292307719 ], [ -100.064296907692295, 20.236352107692309 ] ] ] ] } },
{ "type": "Feature", "properties": { "IDBD": 167440, "FC": 6291, "CONDICION": "CUERPO DE AGUA INTERMITENTE" }, "geometry": { "type": "MultiPolygon", "coordinates": [ [ [ [ -100.062827353846146, 20.235806446153891 ], [ -100.062656723076927, 20.236064892307652 ], [ -100.06174072307688, 20.235520538461529 ], [ -100.061359538461502, 20.235301430769216 ], [ -100.061278538461508, 20.23514173846155 ], [ -100.061426615384605, 20.23487701538463 ], [ -100.061446661538426, 20.234916123076925 ], [ -100.06148833846153, 20.234997461538512 ], [ -100.061542446153851, 20.235066276923057 ], [ -100.061613492307657, 20.235117369230771 ], [ -100.061702076923041, 20.235150184615403 ], [ -100.061795076923033, 20.235178876923108 ], [ -100.061876046153813, 20.235214292307671 ], [ -100.061963830769216, 20.235261461538482 ], [ -100.062053846153844, 20.235292215384632 ], [ -100.062143353846139, 20.235324261538487 ], [ -100.062232123076882, 20.235358030769234 ], [ -100.062318123076864, 20.235397738461522 ], [ -100.062404292307662, 20.23543709230772 ], [ -100.06248718461535, 20.235482276923079 ], [ -100.062570953846148, 20.235525984615343 ], [ -100.062658553846134, 20.235562446153835 ], [ -100.062748215384602, 20.2355940923077 ], [ -100.062839076923026, 20.235622523076934 ], [ -100.062929846153807, 20.235651215384596 ], [ -100.062827353846146, 20.235806446153891 ] ] ] ] } },
{ "type": "Feature", "properties": { "IDBD": 167452, "FC": 6291, "CONDICION": "CUERPO DE AGUA INTERMITENTE" }, "geometry": { "type": "MultiPolygon", "coordinates": [ [ [ [ -100.0587776461538, 20.235473307692299 ], [ -100.05860583076921, 20.23553129230768 ], [ -100.058462661538414, 20.235495492307692 ], [ -100.058306584615366, 20.235395461538449 ], [ -100.05822021538458, 20.235274969230751 ], [ -100.058260523076896, 20.234911661538472 ], [ -100.058349030769222, 20.234946092307727 ], [ -100.058436384615391, 20.234983061538426 ], [ -100.058469769230712, 20.235067738461531 ], [ -100.058493230769187, 20.235155338461542 ], [ -100.058558815384572, 20.235221138461586 ], [ -100.058623169230742, 20.235288030769222 ], [ -100.058674107692298, 20.235364523076925 ], [ -100.058738076923063, 20.235431738461532 ], [ -100.0587776461538, 20.235473307692299 ] ] ] ] } },
{ "type": "Feature", "properties": { "IDBD": 167457, "FC": 6291, "CONDICION": "CUERPO DE AGUA INTERMITENTE" }, "geometry": { "type": "MultiPolygon", "coordinates": [ [ [ [ -100.054985323076863, 20.235244030769266 ], [ -100.054751815384591, 20.235183584615378 ], [ -100.054669784615356, 20.235159769230783 ], [ -100.054328830769208, 20.235033307692301 ], [ -100.054344292307661, 20.234998153846139 ], [ -100.054383707692267, 20.234932292307679 ], [ -100.054431476923071, 20.234869876923117 ], [ -100.054474307692288, 20.234789307692356 ], [ -100.05449616923076, 20.234704953846101 ], [ -100.054539338461495, 20.234624307692336 ], [ -100.054579169230763, 20.234542153846185 ], [ -100.054614923076883, 20.234458338461558 ], [ -100.054654338461532, 20.234363323076945 ], [ -100.054686, 20.234290553846179 ], [ -100.054721415384591, 20.234206615384661 ], [ -100.054775646153843, 20.234132169230744 ], [ -100.054828415384605, 20.23405678461539 ], [ -100.05488155384613, 20.233981615384582 ], [ -100.054929769230739, 20.233903569230758 ], [ -100.054982292307685, 20.233828046153871 ], [ -100.055033923076891, 20.233751953846152 ], [ -100.055069230769192, 20.233667969230812 ], [ -100.055104076923016, 20.233583815384648 ], [ -100.055138907692282, 20.233499661538417 ], [ -100.055177738461524, 20.233417092307693 ], [ -100.055231369230739, 20.233342246153835 ], [ -100.055304723076901, 20.23325840000005 ], [ -100.055374553846107, 20.233188123076904 ], [ -100.055424123076918, 20.233141553846188 ], [ -100.055493184615329, 20.233079 ], [ -100.055555830769194, 20.23301067692308 ], [ -100.055612446153802, 20.232937815384652 ], [ -100.055664723076902, 20.232862138461531 ], [ -100.055717015384573, 20.232786446153813 ], [ -100.0557728307692, 20.232713061538455 ], [ -100.0558409230769, 20.232649553846151 ], [ -100.055910830769193, 20.232587830769244 ], [ -100.055991246153781, 20.232538830769233 ], [ -100.055934953846148, 20.232611892307659 ], [ -100.055876676923035, 20.23268358461538 ], [ -100.055840553846124, 20.23276724615387 ], [ -100.055814199999972, 20.232854107692301 ], [ -100.055787846153805, 20.232940969230789 ], [ -100.055762523076908, 20.233028092307709 ], [ -100.055722984615343, 20.233110384615383 ], [ -100.055689523076893, 20.233195030769231 ], [ -100.055665523076897, 20.233282507692305 ], [ -100.05564721538461, 20.233371184615432 ], [ -100.055628523076891, 20.2334598 ], [ -100.055597846153788, 20.233545369230775 ], [ -100.055568276923054, 20.233631307692288 ], [ -100.055536984615344, 20.233716692307695 ], [ -100.055506723076903, 20.233802415384623 ], [ -100.055476461538447, 20.233888138461573 ], [ -100.055445569230741, 20.233973646153828 ], [ -100.0554153076923, 20.234059369230788 ], [ -100.055385030769202, 20.234145076923088 ], [ -100.055354399999956, 20.234230676923126 ], [ -100.055323753846096, 20.234316276923106 ], [ -100.055292799999961, 20.234401769230789 ], [ -100.05526186153844, 20.23448727692308 ], [ -100.05522947692306, 20.234572292307668 ], [ -100.055188692307681, 20.234654046153821 ], [ -100.055149784615352, 20.234736584615376 ], [ -100.055103369230736, 20.234815615384623 ], [ -100.055059061538415, 20.234895707692313 ], [ -100.055034969230732, 20.234967753846188 ], [ -100.055015861538422, 20.235066030769261 ], [ -100.055008584615365, 20.235160507692285 ], [ -100.054985323076863, 20.235244030769266 ] ] ] ] } },
{ "type": "Feature", "properties": { "IDBD": 167465, "FC": 6291, "CONDICION": "CUERPO DE AGUA INTERMITENTE" }, "geometry": { "type": "MultiPolygon", "coordinates": [ [ [ [ -100.062808015384576, 20.234751707692308 ], [ -100.061677830769199, 20.234204461538468 ], [ -100.061755, 20.234151 ], [ -100.06183178461535, 20.234097030769266 ], [ -100.06192695384614, 20.234087369230803 ], [ -100.062022276923031, 20.234095753846191 ], [ -100.062117584615365, 20.234104138461557 ], [ -100.062203953846108, 20.234143092307676 ], [ -100.062283707692274, 20.234193061538452 ], [ -100.062342538461522, 20.234263276923059 ], [ -100.062417092307683, 20.234322261538498 ], [ -100.062487292307651, 20.234383692307677 ], [ -100.062569538461517, 20.234429923076959 ], [ -100.062656492307681, 20.234467676923096 ], [ -100.0627318, 20.23452346153848 ], [ -100.062777, 20.234592184615416 ], [ -100.062789353846114, 20.234695815384615 ], [ -100.062808015384576, 20.234751707692308 ] ] ] ] } },
{ "type": "Feature", "properties": { "IDBD": 167473, "FC": 6291, "CONDICION": "CUERPO DE AGUA INTERMITENTE" }, "geometry": { "type": "MultiPolygon", "coordinates": [ [ [ [ -100.059386815384585, 20.234429646153828 ], [ -100.059171876923074, 20.234369061538484 ], [ -100.059002184615352, 20.234279630769272 ], [ -100.058829369230736, 20.234106923076943 ], [ -100.058778153846148, 20.233993 ], [ -100.058764492307645, 20.233843123076916 ], [ -100.058914169230746, 20.2335828 ], [ -100.058951461538413, 20.233666015384607 ], [ -100.058996876923061, 20.23374555384618 ], [ -100.059047923076889, 20.23382196923075 ], [ -100.059111015384573, 20.233889923076912 ], [ -100.059178984615357, 20.233953553846145 ], [ -100.059232199999968, 20.234028661538478 ], [ -100.059278584615342, 20.234107692307695 ], [ -100.05934059999997, 20.234176507692304 ], [ -100.059389030769225, 20.234254446153855 ], [ -100.059418523076914, 20.234340399999965 ], [ -100.059388092307699, 20.2344260769231 ], [ -100.059386815384585, 20.234429646153828 ] ] ] ] } },
{ "type": "Feature", "properties": { "IDBD": 167482, "FC": 6291, "CONDICION": "CUERPO DE AGUA INTERMITENTE" }, "geometry": { "type": "MultiPolygon", "coordinates": [ [ [ [ -100.039082323076926, 20.23368264615387 ], [ -100.038938646153795, 20.233805261538418 ], [ -100.038788584615347, 20.233893123076921 ], [ -100.038687338461528, 20.233922723076891 ], [ -100.038570430769212, 20.233908907692335 ], [ -100.038430184615365, 20.233839 ], [ -100.038106030769171, 20.233540692307674 ], [ -100.038101323076873, 20.233401323076947 ], [ -100.038248, 20.233342984615359 ], [ -100.038391507692296, 20.233363261538468 ], [ -100.038751046153834, 20.233534323076913 ], [ -100.039082323076926, 20.23368264615387 ] ] ] ] } },
{ "type": "Feature", "properties": { "IDBD": 167503, "FC": 6291, "CONDICION": "CUERPO DE AGUA INTERMITENTE" }, "geometry": { "type": "MultiPolygon", "coordinates": [ [ [ [ -100.0604906, 20.233240569230745 ], [ -100.06032944615383, 20.233194461538492 ], [ -100.060207169230708, 20.233158584615374 ], [ -100.060090246153777, 20.233091292307719 ], [ -100.060000846153827, 20.232997676923084 ], [ -100.059927923076899, 20.232877784615408 ], [ -100.059899199999961, 20.2327315076923 ], [ -100.05993716923075, 20.232605723076915 ], [ -100.060086276923045, 20.23250544615383 ], [ -100.060165307692273, 20.232556415384625 ], [ -100.060223769230745, 20.232627953846137 ], [ -100.060271507692306, 20.232706261538475 ], [ -100.060317153846128, 20.232785676923061 ], [ -100.060370353846139, 20.2328608 ], [ -100.060423138461502, 20.232936169230811 ], [ -100.060442876923048, 20.233024569230778 ], [ -100.060443230769195, 20.233119030769213 ], [ -100.060466092307678, 20.233193984615383 ], [ -100.0604906, 20.233240569230745 ] ] ] ] } },
{ "type": "Feature", "properties": { "IDBD": 167506, "FC": 6291, "CONDICION": "CUERPO DE AGUA INTERMITENTE" }, "geometry": { "type": "MultiPolygon", "coordinates": [ [ [ [ -100.039828553846149, 20.232600461538432 ], [ -100.039765723076897, 20.232682984615405 ], [ -100.039610215384613, 20.232835307692287 ], [ -100.039440323076889, 20.232856615384598 ], [ -100.038802907692329, 20.232496769230778 ], [ -100.038773538461527, 20.232349030769274 ], [ -100.03892652307691, 20.232131523076909 ], [ -100.039397784615346, 20.232370923076907 ], [ -100.039828553846149, 20.232600461538432 ] ] ] ] } },
{ "type": "Feature", "properties": { "IDBD": 167514, "FC": 6291, "CONDICION": "CUERPO DE AGUA INTERMITENTE" }, "geometry": { "type": "MultiPolygon", "coordinates": [ [ [ [ -100.06474127692303, 20.232800815384657 ], [ -100.064536323076879, 20.232821892307705 ], [ -100.064425738461523, 20.23279776923081 ], [ -100.064304184615338, 20.232709230769235 ], [ -100.064245369230747, 20.232565784615385 ], [ -100.064217384615375, 20.232317984615396 ], [ -100.064252230769199, 20.232030138461528 ], [ -100.064334476923051, 20.231751923076953 ], [ -100.064459507692263, 20.2315776 ], [ -100.064721507692298, 20.231442107692342 ], [ -100.064791215384574, 20.231615876923033 ], [ -100.064814199999986, 20.231770753846146 ], [ -100.064808107692244, 20.231949938461572 ], [ -100.064744430769181, 20.232256938461568 ], [ -100.064669076923067, 20.232457199999956 ], [ -100.064665984615374, 20.232539892307678 ], [ -100.0647254, 20.232680784615376 ], [ -100.06474127692303, 20.232800815384657 ] ] ] ] } },
{ "type": "Feature", "properties": { "IDBD": 167545, "FC": 6291, "CONDICION": "CUERPO DE AGUA INTERMITENTE" }, "geometry": { "type": "MultiPolygon", "coordinates": [ [ [ [ -100.041274676923067, 20.231093892307676 ], [ -100.040973738461517, 20.23125204615382 ], [ -100.040747676923019, 20.231328169230778 ], [ -100.040532646153807, 20.231356138461567 ], [ -100.040016476923057, 20.231241676923101 ], [ -100.039641753846098, 20.231105030769267 ], [ -100.039544046153807, 20.230886615384609 ], [ -100.039536261538444, 20.230571523076911 ], [ -100.039716907692295, 20.230587692307719 ], [ -100.039926061538452, 20.230636015384619 ], [ -100.040129692307644, 20.230694292307714 ], [ -100.040673399999974, 20.230780276923053 ], [ -100.040947323076892, 20.230871153846127 ], [ -100.041137261538452, 20.230979076923077 ], [ -100.041274676923067, 20.231093892307676 ] ] ] ] } },
{ "type": "Feature", "properties": { "IDBD": 167611, "FC": 6291, "CONDICION": "CUERPO DE AGUA INTERMITENTE" }, "geometry": { "type": "MultiPolygon", "coordinates": [ [ [ [ -100.065010215384603, 20.229766046153838 ], [ -100.064841446153821, 20.229728538461515 ], [ -100.064728430769222, 20.229632907692288 ], [ -100.064666538461537, 20.229541784615382 ], [ -100.06467576923076, 20.229397246153869 ], [ -100.064729615384593, 20.229230261538461 ], [ -100.0648166, 20.22907856923079 ], [ -100.064878030769194, 20.229147846153882 ], [ -100.064931538461479, 20.229222769230788 ], [ -100.064981861538428, 20.22929961538463 ], [ -100.065009323076907, 20.229386169230768 ], [ -100.064970369230721, 20.229447215384631 ], [ -100.064916815384606, 20.229501107692293 ], [ -100.064928615384602, 20.229571969230754 ], [ -100.064976523076893, 20.229631569230765 ], [ -100.064998553846138, 20.229719492307737 ], [ -100.065010215384603, 20.229766046153838 ] ] ] ] } },
{ "type": "Feature", "properties": { "IDBD": 167682, "FC": 6291, "CONDICION": "CUERPO DE AGUA INTERMITENTE" }, "geometry": { "type": "MultiPolygon", "coordinates": [ [ [ [ -100.057752369230727, 20.226765938461508 ], [ -100.057348384615381, 20.226506076923052 ], [ -100.057136923076882, 20.226360569230753 ], [ -100.05687479999996, 20.226138569230763 ], [ -100.056663784615338, 20.225817553846131 ], [ -100.056757446153838, 20.225798892307697 ], [ -100.056852969230718, 20.225804723076944 ], [ -100.056946646153833, 20.225823276923073 ], [ -100.057037938461491, 20.225850430769242 ], [ -100.057127430769185, 20.225882507692319 ], [ -100.057217569230758, 20.225912923076898 ], [ -100.057301092307668, 20.22595704615383 ], [ -100.057381676923058, 20.226005815384624 ], [ -100.057444569230739, 20.226050784615378 ], [ -100.057499323076925, 20.226103969230728 ], [ -100.057573692307685, 20.22618803076924 ], [ -100.057616369230715, 20.226254846153871 ], [ -100.057646892307659, 20.226314215384615 ], [ -100.057684323076884, 20.226387061538425 ], [ -100.057706446153801, 20.226443153846198 ], [ -100.057740538461502, 20.226527584615411 ], [ -100.057745015384597, 20.226617846153818 ], [ -100.057749492307693, 20.226708092307703 ], [ -100.057752369230727, 20.226765938461508 ] ] ] ] } },
{ "type": "Feature", "properties": { "IDBD": 167794, "FC": 6291, "CONDICION": "CUERPO DE AGUA INTERMITENTE" }, "geometry": { "type": "MultiPolygon", "coordinates": [ [ [ [ -100.054455753846128, 20.222896123076925 ], [ -100.054323661538433, 20.22273301538462 ], [ -100.054188846153849, 20.222562369230804 ], [ -100.054244399999959, 20.222540030769242 ], [ -100.054332461538451, 20.222504615384604 ], [ -100.054420523076885, 20.222469215384589 ], [ -100.054514492307661, 20.222452 ], [ -100.054608446153821, 20.222434753846159 ], [ -100.054701723076903, 20.222414476923095 ], [ -100.054791738461546, 20.222383753846177 ], [ -100.054872046153804, 20.222334599999989 ], [ -100.054940338461506, 20.222271292307695 ], [ -100.055002661538438, 20.222202723076954 ], [ -100.055074353846152, 20.222142861538465 ], [ -100.055154476923036, 20.222093415384652 ], [ -100.055234599999977, 20.22204396923075 ], [ -100.055321, 20.222005123076951 ], [ -100.055414938461524, 20.221987738461539 ], [ -100.05551003076917, 20.22199798461541 ], [ -100.055602892307661, 20.222019923076939 ], [ -100.055683353846121, 20.22197533846154 ], [ -100.055767907692299, 20.221940446153802 ], [ -100.055871615384604, 20.221926830769259 ], [ -100.055951384615341, 20.221935523076908 ], [ -100.055886076923031, 20.22196407692304 ], [ -100.055786630769234, 20.222003323076958 ], [ -100.055722630769182, 20.222069353846187 ], [ -100.055668938461523, 20.222134107692337 ], [ -100.055581430769209, 20.222168538461567 ], [ -100.055485753846114, 20.222171123076922 ], [ -100.055390169230733, 20.222175815384634 ], [ -100.055296938461495, 20.222196292307689 ], [ -100.055215369230723, 20.222268538461552 ], [ -100.055188061538445, 20.2223444 ], [ -100.055140246153798, 20.222422676923067 ], [ -100.055083492307645, 20.222495430769186 ], [ -100.0550178, 20.222561138461547 ], [ -100.054948030769211, 20.222623 ], [ -100.054869492307674, 20.222674646153838 ], [ -100.05478850769228, 20.222708969230769 ], [ -100.054713707692287, 20.222761923076913 ], [ -100.054627723076919, 20.222807076923036 ], [ -100.054544907692275, 20.222863199999988 ], [ -100.054455753846128, 20.222896123076925 ] ] ] ] } },
{ "type": "Feature", "properties": { "IDBD": 167897, "FC": 6291, "CONDICION": "CUERPO DE AGUA INTERMITENTE" }, "geometry": { "type": "MultiPolygon", "coordinates": [ [ [ [ -100.073750738461513, 20.218596461538461 ], [ -100.07344152307688, 20.218539430769216 ], [ -100.073125507692296, 20.218502092307713 ], [ -100.073124276923068, 20.218463199999988 ], [ -100.073121415384605, 20.218372892307666 ], [ -100.073118569230758, 20.218282584615363 ], [ -100.073118646153816, 20.218192230769258 ], [ -100.073126938461527, 20.218102215384611 ], [ -100.073149492307664, 20.218014415384637 ], [ -100.073181538461512, 20.217929276923073 ], [ -100.073227969230771, 20.217850261538445 ], [ -100.073281476923071, 20.217775353846168 ], [ -100.073340661538438, 20.217704338461512 ], [ -100.073404138461527, 20.217636723076911 ], [ -100.073476030769214, 20.21757707692311 ], [ -100.073542353846108, 20.217511923076923 ], [ -100.073602369230741, 20.21744153846155 ], [ -100.073653061538408, 20.217364907692296 ], [ -100.073703769230775, 20.217288276923121 ], [ -100.073755215384566, 20.217212076923037 ], [ -100.073812, 20.217139369230747 ], [ -100.073866246153827, 20.217064923076933 ], [ -100.073922938461507, 20.216992123076935 ], [ -100.073977938461539, 20.216918169230762 ], [ -100.074024769230761, 20.216839369230808 ], [ -100.074075338461512, 20.216762661538468 ], [ -100.07413339999998, 20.216690846153814 ], [ -100.074190938461484, 20.216618630769251 ], [ -100.074252061538431, 20.216549107692313 ], [ -100.074323153846152, 20.2164886 ], [ -100.074399646153822, 20.21643430769231 ], [ -100.074475307692254, 20.216378953846171 ], [ -100.074565169230723, 20.216347861538427 ], [ -100.074542046153852, 20.216435538461557 ], [ -100.074541630769218, 20.216525892307679 ], [ -100.074531369230755, 20.216615723076927 ], [ -100.074509815384587, 20.216703753846158 ], [ -100.074459523076897, 20.216780615384614 ], [ -100.074406369230744, 20.216855769230786 ], [ -100.074353230769191, 20.216930907692344 ], [ -100.074297753846125, 20.217004538461541 ], [ -100.074235923076898, 20.217073492307684 ], [ -100.074171723076887, 20.217140507692285 ], [ -100.074112046153843, 20.217211153846186 ], [ -100.074069553846115, 20.217292107692309 ], [ -100.074039461538462, 20.21737787692307 ], [ -100.074038369230735, 20.217468230769228 ], [ -100.074024430769171, 20.217557615384621 ], [ -100.074003030769205, 20.217645676923091 ], [ -100.073971292307661, 20.217730923076921 ], [ -100.073936215384592, 20.21781496923078 ], [ -100.073901030769221, 20.217899 ], [ -100.073863061538404, 20.217981938461559 ], [ -100.073815753846162, 20.218060492307696 ], [ -100.07378687692308, 20.218146630769244 ], [ -100.073775046153813, 20.218236276923108 ], [ -100.073774584615364, 20.218326630769269 ], [ -100.073771569230743, 20.218416938461516 ], [ -100.073764523076889, 20.218507046153857 ], [ -100.073750738461513, 20.218596461538461 ] ] ] ] } },
{ "type": "Feature", "properties": { "IDBD": 167949, "FC": 6291, "CONDICION": "CUERPO DE AGUA INTERMITENTE" }, "geometry": { "type": "MultiPolygon", "coordinates": [ [ [ [ -100.070423799999958, 20.216253215384583 ], [ -100.070162646153832, 20.216587430769241 ], [ -100.070022523076872, 20.216600307692271 ], [ -100.069873584615365, 20.216569153846198 ], [ -100.069262707692289, 20.216091969230803 ], [ -100.069227923076895, 20.215975969230744 ], [ -100.069434153846117, 20.215686169230761 ], [ -100.070423799999958, 20.216253215384583 ] ] ] ] } },
{ "type": "Feature", "properties": { "IDBD": 167958, "FC": 6291, "CONDICION": "CUERPO DE AGUA INTERMITENTE" }, "geometry": { "type": "MultiPolygon", "coordinates": [ [ [ [ -100.060232261538417, 20.215993430769228 ], [ -100.060007630769221, 20.216174153846129 ], [ -100.059853169230735, 20.216178815384609 ], [ -100.05974189230767, 20.216130907692346 ], [ -100.059559015384593, 20.216034861538493 ], [ -100.059081076923064, 20.215664076923076 ], [ -100.058933046153825, 20.215451984615356 ], [ -100.058923169230724, 20.215160584615337 ], [ -100.0591862307692, 20.215273092307712 ], [ -100.059751553846155, 20.215560107692337 ], [ -100.060042153846112, 20.215767323076921 ], [ -100.060232261538417, 20.215993430769228 ] ] ] ] } },
{ "type": "Feature", "properties": { "IDBD": 168022, "FC": 6291, "CONDICION": "CUERPO DE AGUA INTERMITENTE" }, "geometry": { "type": "MultiPolygon", "coordinates": [ [ [ [ -100.050026246153834, 20.212631492307708 ], [ -100.049743353846139, 20.212650076923051 ], [ -100.04956046153842, 20.212627523076954 ], [ -100.049407153846118, 20.21253012307691 ], [ -100.049308046153797, 20.212427692307692 ], [ -100.04921769230765, 20.212287092307715 ], [ -100.04919375384614, 20.212113538461569 ], [ -100.049227230769191, 20.211949630769279 ], [ -100.049371199999968, 20.211751584615389 ], [ -100.049522799999977, 20.211637030769229 ], [ -100.049561061538441, 20.211719846153841 ], [ -100.049631153846121, 20.211781384615421 ], [ -100.049710523076882, 20.211831861538471 ], [ -100.049772907692272, 20.2119004 ], [ -100.049821307692312, 20.211978338461513 ], [ -100.049819, 20.212068661538414 ], [ -100.049824584615337, 20.212153153846188 ], [ -100.049826523076888, 20.212241769230793 ], [ -100.049819, 20.212337676923056 ], [ -100.049819338461504, 20.212426230769253 ], [ -100.049854907692279, 20.212510107692296 ], [ -100.049917569230772, 20.2125784 ], [ -100.050002584615328, 20.212619938461522 ], [ -100.050026246153834, 20.212631492307708 ] ] ] ] } },
{ "type": "Feature", "properties": { "IDBD": 168035, "FC": 6291, "CONDICION": "CUERPO DE AGUA INTERMITENTE" }, "geometry": { "type": "MultiPolygon", "coordinates": [ [ [ [ -100.079485046153835, 20.212450338461508 ], [ -100.079286938461522, 20.212314661538432 ], [ -100.07915993846153, 20.212168215384644 ], [ -100.079197430769199, 20.212142923076936 ], [ -100.079275292307656, 20.212090369230786 ], [ -100.079353138461528, 20.212037830769244 ], [ -100.079424892307671, 20.211978015384581 ], [ -100.079494938461522, 20.21191644615384 ], [ -100.079561984615339, 20.211851984615365 ], [ -100.079628569230735, 20.21178707692312 ], [ -100.079694599999954, 20.21172167692308 ], [ -100.07975227692306, 20.211649553846193 ], [ -100.079807046153832, 20.211575461538466 ], [ -100.079855415384571, 20.211497507692307 ], [ -100.079903446153821, 20.21141935384615 ], [ -100.079950615384604, 20.2113676 ], [ -100.080009384615337, 20.211296107692299 ], [ -100.080060046153818, 20.211220846153839 ], [ -100.080144169230735, 20.2111528 ], [ -100.08012707692302, 20.211241707692295 ], [ -100.080093338461538, 20.211326246153813 ], [ -100.080058661538416, 20.21141047692311 ], [ -100.0800212, 20.211493615384633 ], [ -100.079978569230761, 20.211574507692305 ], [ -100.079933384615373, 20.211654153846158 ], [ -100.079890169230723, 20.211734769230738 ], [ -100.079850338461512, 20.211816938461567 ], [ -100.079803461538432, 20.211895692307671 ], [ -100.079760923076861, 20.211976630769239 ], [ -100.079717092307675, 20.21205695384614 ], [ -100.079678430769206, 20.2121396 ], [ -100.079638846153799, 20.212221876923088 ], [ -100.079592923076873, 20.212301138461505 ], [ -100.079537046153803, 20.212374492307699 ], [ -100.079485046153835, 20.212450338461508 ] ] ] ] } },
{ "type": "Feature", "properties": { "IDBD": 168046, "FC": 6291, "CONDICION": "CUERPO DE AGUA INTERMITENTE" }, "geometry": { "type": "MultiPolygon", "coordinates": [ [ [ [ -100.049255938461528, 20.211428138461585 ], [ -100.049123984615377, 20.21135433846154 ], [ -100.048934261538449, 20.211196553846165 ], [ -100.048833630769181, 20.210972723076949 ], [ -100.048805599999966, 20.210735984615415 ], [ -100.048856723076909, 20.210473846153857 ], [ -100.048981138461528, 20.210298538461533 ], [ -100.049094384615373, 20.210328846153843 ], [ -100.049187307692293, 20.210430399999961 ], [ -100.049253753846102, 20.210770384615376 ], [ -100.04925549230768, 20.211031338461488 ], [ -100.049255938461528, 20.211428138461585 ] ] ] ] } },
{ "type": "Feature", "properties": { "IDBD": 168061, "FC": 6291, "CONDICION": "CUERPO DE AGUA INTERMITENTE" }, "geometry": { "type": "MultiPolygon", "coordinates": [ [ [ [ -100.054245661538474, 20.210958953846163 ], [ -100.054119615384565, 20.210984338461522 ], [ -100.053954353846095, 20.211001753846102 ], [ -100.05373661538458, 20.210982523076918 ], [ -100.053566292307679, 20.210897369230786 ], [ -100.053465307692292, 20.210766630769211 ], [ -100.053420769230726, 20.210615030769272 ], [ -100.053668861538426, 20.210617646153807 ], [ -100.053904353846136, 20.210686015384624 ], [ -100.054127184615353, 20.210816015384612 ], [ -100.054245661538474, 20.210958953846163 ] ] ] ] } },
{ "type": "Feature", "properties": { "IDBD": 168109, "FC": 6291, "CONDICION": "CUERPO DE AGUA INTERMITENTE" }, "geometry": { "type": "MultiPolygon", "coordinates": [ [ [ [ -100.053091307692284, 20.208985292307698 ], [ -100.052870830769209, 20.208674307692313 ], [ -100.052722307692306, 20.208288907692292 ], [ -100.052761569230782, 20.208175369230794 ], [ -100.052941015384576, 20.208072353846187 ], [ -100.053035292307683, 20.208251923076919 ], [ -100.053152307692272, 20.208571569230777 ], [ -100.053206030769203, 20.208760953846152 ], [ -100.053179630769222, 20.208885861538448 ], [ -100.053091307692284, 20.208985292307698 ] ] ] ] } },
{ "type": "Feature", "properties": { "IDBD": 168128, "FC": 6291, "CONDICION": "CUERPO DE AGUA INTERMITENTE" }, "geometry": { "type": "MultiPolygon", "coordinates": [ [ [ [ -100.05377336923074, 20.208413646153858 ], [ -100.053637276923041, 20.208492523076917 ], [ -100.05349324615382, 20.208534538461532 ], [ -100.053389276923028, 20.208547815384645 ], [ -100.053285061538418, 20.208519953846178 ], [ -100.053207538461507, 20.208466599999973 ], [ -100.053146476923061, 20.208372015384604 ], [ -100.053098676923014, 20.208255169230767 ], [ -100.053087861538458, 20.208132476923069 ], [ -100.053139892307641, 20.208124615384662 ], [ -100.053198138461468, 20.208128830769255 ], [ -100.053290676923027, 20.208151907692301 ], [ -100.053386369230722, 20.208153553846138 ], [ -100.053478630769192, 20.208177353846171 ], [ -100.053534907692253, 20.208236538461563 ], [ -100.053596861538409, 20.208305399999979 ], [ -100.05366990769231, 20.20833296923081 ], [ -100.053736353846119, 20.208385461538459 ], [ -100.05377336923074, 20.208413646153858 ] ] ] ] } },
{ "type": "Feature", "properties": { "IDBD": 168132, "FC": 6291, "CONDICION": "CUERPO DE AGUA INTERMITENTE" }, "geometry": { "type": "MultiPolygon", "coordinates": [ [ [ [ -100.073350369230752, 20.208528307692305 ], [ -100.073208507692286, 20.208638246153871 ], [ -100.073058353846122, 20.208664615384635 ], [ -100.072772815384596, 20.208619092307693 ], [ -100.072586938461498, 20.208492984615393 ], [ -100.072528446153825, 20.208395169230773 ], [ -100.072511430769225, 20.208162599999977 ], [ -100.072604323076874, 20.208140830769274 ], [ -100.072697723076914, 20.208121107692318 ], [ -100.072791599999988, 20.208103492307679 ], [ -100.072887169230754, 20.208098676923086 ], [ -100.072978984615347, 20.208124246153872 ], [ -100.073060123076871, 20.208172169230807 ], [ -100.073103369230722, 20.20825275384616 ], [ -100.073123307692285, 20.208341123076934 ], [ -100.073168153846126, 20.208420938461508 ], [ -100.073237938461517, 20.208482784615381 ], [ -100.073303476923016, 20.208509215384634 ], [ -100.073350369230752, 20.208528307692305 ] ] ] ] } },
{ "type": "Feature", "properties": { "IDBD": 168139, "FC": 6291, "CONDICION": "CUERPO DE AGUA INTERMITENTE" }, "geometry": { "type": "MultiPolygon", "coordinates": [ [ [ [ -100.073537984615356, 20.208345384615381 ], [ -100.073170553846126, 20.208162215384615 ], [ -100.073050661538431, 20.208104769230765 ], [ -100.072930538461506, 20.20801096923077 ], [ -100.072910199999967, 20.207828246153827 ], [ -100.072979538461496, 20.207624153846183 ], [ -100.073339153846121, 20.207397230769232 ], [ -100.073429953846144, 20.207607369230786 ], [ -100.073532723076895, 20.207933292307676 ], [ -100.073563830769203, 20.208126230769263 ], [ -100.073537984615356, 20.208345384615381 ] ] ] ] } },
{ "type": "Feature", "properties": { "IDBD": 168155, "FC": 6291, "CONDICION": "CUERPO DE AGUA INTERMITENTE" }, "geometry": { "type": "MultiPolygon", "coordinates": [ [ [ [ -100.0647764307692, 20.207762353846181 ], [ -100.064601646153818, 20.20739066153844 ], [ -100.064439123076866, 20.20703073846154 ], [ -100.06464833846151, 20.207075399999983 ], [ -100.064777584615342, 20.207139400000031 ], [ -100.064846815384584, 20.207217261538467 ], [ -100.064870153846144, 20.20728192307693 ], [ -100.064859199999944, 20.207354876923066 ], [ -100.064843046153797, 20.20750613846154 ], [ -100.0647764307692, 20.207762353846181 ] ] ] ] } },
{ "type": "Feature", "properties": { "IDBD": 168160, "FC": 6291, "CONDICION": "CUERPO DE AGUA INTERMITENTE" }, "geometry": { "type": "MultiPolygon", "coordinates": [ [ [ [ -100.060129969230715, 20.207313276923085 ], [ -100.059951492307647, 20.207427107692265 ], [ -100.059746061538434, 20.20751016923078 ], [ -100.059577861538429, 20.207485615384588 ], [ -100.059190476923035, 20.207114707692327 ], [ -100.058901046153849, 20.206922969230746 ], [ -100.058857415384537, 20.206892892307707 ], [ -100.05883564615381, 20.20674358461536 ], [ -100.058964569230739, 20.206330261538437 ], [ -100.059267092307635, 20.206382846153844 ], [ -100.059470384615352, 20.206489600000026 ], [ -100.059865507692265, 20.206956553846155 ], [ -100.060129969230715, 20.207313276923085 ] ] ] ] } },
{ "type": "Feature", "properties": { "IDBD": 168179, "FC": 6291, "CONDICION": "CUERPO DE AGUA INTERMITENTE" }, "geometry": { "type": "MultiPolygon", "coordinates": [ [ [ [ -100.066243799999938, 20.206928323076973 ], [ -100.065974153846113, 20.206577061538443 ], [ -100.065790938461504, 20.206270092307676 ], [ -100.065881907692287, 20.206242 ], [ -100.065973692307651, 20.206216430769206 ], [ -100.066068938461513, 20.206207630769221 ], [ -100.066164523076864, 20.206202984615381 ], [ -100.066258984615345, 20.206188461538392 ], [ -100.066352030769167, 20.206167230769243 ], [ -100.066442215384598, 20.20613698461537 ], [ -100.066532046153824, 20.206105830769218 ], [ -100.066618199999965, 20.206066492307688 ], [ -100.066701138461539, 20.206021400000047 ], [ -100.066781461538412, 20.205972261538498 ], [ -100.066873923076912, 20.205948938461535 ], [ -100.06696873846154, 20.205936646153841 ], [ -100.066973338461523, 20.206026907692316 ], [ -100.066917092307648, 20.2061 ], [ -100.066854261538424, 20.206168169230754 ], [ -100.066790553846118, 20.206235584615371 ], [ -100.06672901538461, 20.206304784615408 ], [ -100.066658584615354, 20.206365969230792 ], [ -100.066599184615342, 20.206436815384624 ], [ -100.066540307692264, 20.206508046153854 ], [ -100.0664800615384, 20.20657824615386 ], [ -100.06642267692304, 20.20665055384616 ], [ -100.066364415384584, 20.206722230769255 ], [ -100.066306123076899, 20.206793892307694 ], [ -100.066267738461491, 20.206876661538431 ], [ -100.066243799999938, 20.206928323076973 ] ] ] ] } },
{ "type": "Feature", "properties": { "IDBD": 168180, "FC": 6291, "CONDICION": "CUERPO DE AGUA INTERMITENTE" }, "geometry": { "type": "MultiPolygon", "coordinates": [ [ [ [ -100.072165984615324, 20.20698896923076 ], [ -100.071770215384603, 20.206703046153851 ], [ -100.071520199999981, 20.206493938461499 ], [ -100.071419523076884, 20.206375753846178 ], [ -100.071469292307668, 20.206278953846162 ], [ -100.071562769230752, 20.206298369230737 ], [ -100.071655923076889, 20.206319107692323 ], [ -100.071747569230752, 20.206345123076911 ], [ -100.071839153846142, 20.206371369230759 ], [ -100.071916799999968, 20.206424215384615 ], [ -100.071988907692329, 20.206483615384627 ], [ -100.072081, 20.206508200000016 ], [ -100.072171815384579, 20.20653670769234 ], [ -100.072252199999966, 20.206585769230784 ], [ -100.072256107692269, 20.206680138461518 ], [ -100.072271507692264, 20.206761092307687 ], [ -100.072288153846131, 20.206850061538471 ], [ -100.072253030769161, 20.206901230769247 ], [ -100.072209384615391, 20.206950769230758 ], [ -100.072165984615324, 20.20698896923076 ] ] ] ] } },
{ "type": "Feature", "properties": { "IDBD": 168195, "FC": 6291, "CONDICION": "CUERPO DE AGUA INTERMITENTE" }, "geometry": { "type": "MultiPolygon", "coordinates": [ [ [ [ -100.057481492307659, 20.206069753846158 ], [ -100.05737090769226, 20.206052046153797 ], [ -100.056996753846121, 20.205496538461535 ], [ -100.056950353846133, 20.205355846153836 ], [ -100.057065846153847, 20.205140630769225 ], [ -100.057232353846146, 20.205174307692324 ], [ -100.057396553846132, 20.205254292307696 ], [ -100.057653138461518, 20.205510799999946 ], [ -100.057872815384584, 20.205741630769207 ], [ -100.057481492307659, 20.206069753846158 ] ] ] ] } },
{ "type": "Feature", "properties": { "IDBD": 168212, "FC": 6291, "CONDICION": "CUERPO DE AGUA INTERMITENTE" }, "geometry": { "type": "MultiPolygon", "coordinates": [ [ [ [ -100.076313584615377, 20.205663123076942 ], [ -100.076167307692273, 20.205786015384653 ], [ -100.076027707692262, 20.20576773846151 ], [ -100.075600676923045, 20.205258415384616 ], [ -100.075566861538448, 20.205136630769264 ], [ -100.07561929230765, 20.205016692307698 ], [ -100.075673861538419, 20.205090923076909 ], [ -100.075751138461513, 20.205144230769207 ], [ -100.075831492307657, 20.205193292307698 ], [ -100.075907230769204, 20.205248553846179 ], [ -100.075977507692272, 20.205309876923064 ], [ -100.076056569230744, 20.2053608 ], [ -100.07613323076923, 20.205414876923079 ], [ -100.076195538461505, 20.205483461538464 ], [ -100.076217876923053, 20.205571323076914 ], [ -100.076285015384585, 20.205635723076959 ], [ -100.076313584615377, 20.205663123076942 ] ] ] ] } },
{ "type": "Feature", "properties": { "IDBD": 168218, "FC": 6291, "CONDICION": "CUERPO DE AGUA INTERMITENTE" }, "geometry": { "type": "MultiPolygon", "coordinates": [ [ [ [ -100.079178076923071, 20.205582507692299 ], [ -100.078853246153798, 20.205643492307697 ], [ -100.078579876923072, 20.205323323076946 ], [ -100.078484384615379, 20.205082046153873 ], [ -100.078629230769209, 20.204901538461531 ], [ -100.078858923076879, 20.204981969230747 ], [ -100.079059215384589, 20.205220338461526 ], [ -100.079129599999987, 20.20532586153848 ], [ -100.07916641538462, 20.20544596923077 ], [ -100.079178076923071, 20.205582507692299 ] ] ] ] } },
{ "type": "Feature", "properties": { "IDBD": 168221, "FC": 6291, "CONDICION": "CUERPO DE AGUA INTERMITENTE" }, "geometry": { "type": "MultiPolygon", "coordinates": [ [ [ [ -100.084205707692291, 20.205630599999967 ], [ -100.083913476923016, 20.205445138461542 ], [ -100.083623476923037, 20.205237569230796 ], [ -100.083706615384585, 20.20519281538461 ], [ -100.083771292307645, 20.205119200000013 ], [ -100.083816969230753, 20.205062261538501 ], [ -100.083879753846105, 20.204980399999979 ], [ -100.083934599999978, 20.204906353846152 ], [ -100.084012153846089, 20.204853415384605 ], [ -100.084096738461525, 20.204811153846133 ], [ -100.084187907692254, 20.204783630769228 ], [ -100.084276399999979, 20.20474920000002 ], [ -100.084359876923045, 20.204705030769194 ], [ -100.084443369230712, 20.2046608615385 ], [ -100.084519492307692, 20.204606092307696 ], [ -100.084597138461504, 20.204553276923072 ], [ -100.084673538461502, 20.204498846153793 ], [ -100.08474926153842, 20.204443600000026 ], [ -100.084816753846113, 20.204379538461545 ], [ -100.084870630769203, 20.204304876923061 ], [ -100.084923384615379, 20.204229492307675 ], [ -100.084989584615386, 20.204164230769219 ], [ -100.085072230769171, 20.20420981538464 ], [ -100.08506773846149, 20.204300061538479 ], [ -100.085024784615356, 20.20438080000002 ], [ -100.084961030769222, 20.204448184615362 ], [ -100.084895584615381, 20.204514123076887 ], [ -100.084837138461509, 20.204585661538452 ], [ -100.084798646153786, 20.204668384615381 ], [ -100.084775399999955, 20.204756030769257 ], [ -100.084746292307685, 20.204842092307686 ], [ -100.084716707692294, 20.204928015384617 ], [ -100.084662753846132, 20.205002646153844 ], [ -100.084595969230762, 20.205067353846122 ], [ -100.084533015384565, 20.2051354153846 ], [ -100.084511984615375, 20.205223553846121 ], [ -100.084485415384592, 20.205310353846158 ], [ -100.084428276923063, 20.205382846153871 ], [ -100.084348753846115, 20.205433092307686 ], [ -100.084294723076908, 20.205507676923069 ], [ -100.084240723076931, 20.205582261538485 ], [ -100.084205707692291, 20.205630599999967 ] ] ] ] } },
{ "type": "Feature", "properties": { "IDBD": 168231, "FC": 6291, "CONDICION": "CUERPO DE AGUA INTERMITENTE" }, "geometry": { "type": "MultiPolygon", "coordinates": [ [ [ [ -100.061659846153802, 20.205090061538439 ], [ -100.061403369230774, 20.205119538461531 ], [ -100.06125021538459, 20.205097200000015 ], [ -100.060807630769176, 20.204611030769239 ], [ -100.060899553846141, 20.204585907692326 ], [ -100.060995184615365, 20.204589800000036 ], [ -100.061089399999958, 20.204605692307723 ], [ -100.061173892307664, 20.204648123076932 ], [ -100.061253276923054, 20.204698615384583 ], [ -100.061323753846139, 20.204759723076926 ], [ -100.061388907692276, 20.204825907692321 ], [ -100.061451661538442, 20.204894123076944 ], [ -100.061522061538398, 20.204955338461549 ], [ -100.061588538461521, 20.20502033846158 ], [ -100.061655015384616, 20.205085338461529 ], [ -100.061659846153802, 20.205090061538439 ] ] ] ] } },
{ "type": "Feature", "properties": { "IDBD": 168246, "FC": 6291, "CONDICION": "CUERPO DE AGUA INTERMITENTE" }, "geometry": { "type": "MultiPolygon", "coordinates": [ [ [ [ -100.05668464615384, 20.204378676923078 ], [ -100.056408415384595, 20.204317153846148 ], [ -100.056135538461504, 20.204166415384595 ], [ -100.056020092307676, 20.203992430769222 ], [ -100.056080353846141, 20.203971215384591 ], [ -100.05617072307686, 20.203955030769251 ], [ -100.056266138461538, 20.203960538461516 ], [ -100.056352384615323, 20.203988723076947 ], [ -100.05644187692306, 20.204020723076905 ], [ -100.056527692307696, 20.204060738461543 ], [ -100.056599507692297, 20.204120461538484 ], [ -100.056622938461516, 20.204208061538413 ], [ -100.056659907692264, 20.204291400000017 ], [ -100.05668464615384, 20.204378676923078 ] ] ] ] } },
{ "type": "Feature", "properties": { "IDBD": 168248, "FC": 6291, "CONDICION": "CUERPO DE AGUA INTERMITENTE" }, "geometry": { "type": "MultiPolygon", "coordinates": [ [ [ [ -100.052879707692284, 20.204162892307686 ], [ -100.052638938461527, 20.204215446153849 ], [ -100.052465476923047, 20.204203707692315 ], [ -100.05231339999996, 20.204145861538471 ], [ -100.052204461538437, 20.204062200000017 ], [ -100.052168076923039, 20.203888692307686 ], [ -100.052232138461505, 20.203745230769226 ], [ -100.052329615384579, 20.203553753846148 ], [ -100.052879707692284, 20.204162892307686 ] ] ] ] } },
{ "type": "Feature", "properties": { "IDBD": 168252, "FC": 6291, "CONDICION": "CUERPO DE AGUA INTERMITENTE" }, "geometry": { "type": "MultiPolygon", "coordinates": [ [ [ [ -100.079354384615343, 20.204198230769258 ], [ -100.079010584615347, 20.204378338461538 ], [ -100.078789415384577, 20.204359338461547 ], [ -100.078670184615376, 20.204268538461505 ], [ -100.078500676923042, 20.203923784615395 ], [ -100.07855021538461, 20.203747492307699 ], [ -100.078814892307662, 20.203770830769205 ], [ -100.079005061538425, 20.203863507692301 ], [ -100.079162215384613, 20.20397872307689 ], [ -100.079354384615343, 20.204198230769258 ] ] ] ] } },
{ "type": "Feature", "properties": { "IDBD": 168278, "FC": 6291, "CONDICION": "CUERPO DE AGUA INTERMITENTE" }, "geometry": { "type": "MultiPolygon", "coordinates": [ [ [ [ -100.05671821538462, 20.203140953846152 ], [ -100.056477323076905, 20.203174138461524 ], [ -100.056224692307694, 20.203128061538433 ], [ -100.056050169230744, 20.203023323076962 ], [ -100.055665615384584, 20.202539061538474 ], [ -100.055624830769219, 20.202311876923027 ], [ -100.055701584615363, 20.202052261538473 ], [ -100.055720476923042, 20.202066907692274 ], [ -100.055794415384582, 20.202124276923101 ], [ -100.055868353846122, 20.202181646153839 ], [ -100.055922707692289, 20.202256015384595 ], [ -100.055981276923035, 20.202327476923081 ], [ -100.056045246153801, 20.20239467692307 ], [ -100.056111030769202, 20.202460292307663 ], [ -100.05618476923074, 20.202517892307711 ], [ -100.056259584615361, 20.202574230769205 ], [ -100.056334984615333, 20.202629892307677 ], [ -100.056395846153848, 20.202699615384617 ], [ -100.056454769230726, 20.202770815384604 ], [ -100.056527169230748, 20.202829907692326 ], [ -100.056588292307666, 20.202899430769186 ], [ -100.056632338461498, 20.20297964615385 ], [ -100.056671584615344, 20.203062046153846 ], [ -100.05671821538462, 20.203140953846152 ] ] ] ] } },
{ "type": "Feature", "properties": { "IDBD": 168323, "FC": 6291, "CONDICION": "CUERPO DE AGUA INTERMITENTE" }, "geometry": { "type": "MultiPolygon", "coordinates": [ [ [ [ -100.059396276923053, 20.201599215384601 ], [ -100.059242846153822, 20.20162261538459 ], [ -100.059123661538436, 20.201620846153819 ], [ -100.058990984615363, 20.201581676923077 ], [ -100.058820876923065, 20.201490292307682 ], [ -100.058708969230764, 20.201388569230726 ], [ -100.058625676923029, 20.201211753846156 ], [ -100.058632846153799, 20.201096815384581 ], [ -100.058746630769207, 20.201083646153837 ], [ -100.058855584615372, 20.201137938461518 ], [ -100.058975553846139, 20.20125709230771 ], [ -100.059023723076891, 20.201331738461544 ], [ -100.059050646153821, 20.201396507692323 ], [ -100.059082630769211, 20.201428784615334 ], [ -100.059159569230729, 20.201448292307742 ], [ -100.059241815384595, 20.2014702769231 ], [ -100.059305646153831, 20.201512353846194 ], [ -100.059396276923053, 20.201599215384601 ] ] ] ] } },
{ "type": "Feature", "properties": { "IDBD": 168341, "FC": 6291, "CONDICION": "CUERPO DE AGUA INTERMITENTE" }, "geometry": { "type": "MultiPolygon", "coordinates": [ [ [ [ -100.063988569230744, 20.201013046153836 ], [ -100.063647615384568, 20.20086073846155 ], [ -100.063437030769208, 20.200440446153888 ], [ -100.063349646153839, 20.200248861538469 ], [ -100.063623246153796, 20.200053384615391 ], [ -100.063834830769167, 20.200199630769198 ], [ -100.064037461538405, 20.200403753846189 ], [ -100.064204276923036, 20.20067966153843 ], [ -100.064313923076867, 20.200838076923073 ], [ -100.064193107692276, 20.200949646153834 ], [ -100.063988569230744, 20.201013046153836 ] ] ] ] } },
{ "type": "Feature", "properties": { "IDBD": 168384, "FC": 6291, "CONDICION": "CUERPO DE AGUA INTERMITENTE" }, "geometry": { "type": "MultiPolygon", "coordinates": [ [ [ [ -100.068156938461513, 20.199661384615386 ], [ -100.067957492307684, 20.1996626 ], [ -100.067815246153785, 20.199560292307691 ], [ -100.067644430769178, 20.199171400000012 ], [ -100.067708384615372, 20.198958169230728 ], [ -100.067984415384601, 20.198891692307686 ], [ -100.068380830769186, 20.199471892307717 ], [ -100.068156938461513, 20.199661384615386 ] ] ] ] } },
{ "type": "Feature", "properties": { "IDBD": 168418, "FC": 6291, "CONDICION": "CUERPO DE AGUA INTERMITENTE" }, "geometry": { "type": "MultiPolygon", "coordinates": [ [ [ [ -100.066902246153816, 20.198305015384594 ], [ -100.066451092307673, 20.198168984615428 ], [ -100.066270399999979, 20.197821076923095 ], [ -100.066314307692252, 20.197719876923081 ], [ -100.066790799999978, 20.197649707692303 ], [ -100.066902246153816, 20.198305015384594 ] ] ] ] } },
{ "type": "Feature", "properties": { "IDBD": 168424, "FC": 6291, "CONDICION": "CUERPO DE AGUA INTERMITENTE" }, "geometry": { "type": "MultiPolygon", "coordinates": [ [ [ [ -100.075326676923027, 20.198186830769266 ], [ -100.075187876923039, 20.198180907692315 ], [ -100.075036769230735, 20.198147800000015 ], [ -100.074889384615346, 20.198050476923079 ], [ -100.074810323076903, 20.197910338461508 ], [ -100.074792984615357, 20.19779436923077 ], [ -100.074836984615345, 20.19765569230772 ], [ -100.074933446153821, 20.197548384615398 ], [ -100.075087323076886, 20.197442323076917 ], [ -100.075326676923027, 20.198186830769266 ] ] ] ] } },
{ "type": "Feature", "properties": { "IDBD": 168428, "FC": 6291, "CONDICION": "CUERPO DE AGUA INTERMITENTE" }, "geometry": { "type": "MultiPolygon", "coordinates": [ [ [ [ -100.071331784615339, 20.197772507692314 ], [ -100.071115692307686, 20.197876076923052 ], [ -100.07089547692307, 20.197874538461551 ], [ -100.070603030769192, 20.197630876923089 ], [ -100.07048306153844, 20.197451461538492 ], [ -100.070491615384569, 20.197193353846146 ], [ -100.07057784615381, 20.196968846153855 ], [ -100.071331784615339, 20.197772507692314 ] ] ] ] } },
{ "type": "Feature", "properties": { "IDBD": 168435, "FC": 6291, "CONDICION": "CUERPO DE AGUA INTERMITENTE" }, "geometry": { "type": "MultiPolygon", "coordinates": [ [ [ [ -100.067242876923032, 20.197591523076891 ], [ -100.06712329230767, 20.197486523076908 ], [ -100.066986123076902, 20.197288738461577 ], [ -100.066898692307674, 20.197038584615377 ], [ -100.066856892307655, 20.196764169230761 ], [ -100.066950153846136, 20.196727707692311 ], [ -100.067211123076888, 20.196625707692267 ], [ -100.067200769230752, 20.196715523076925 ], [ -100.067189969230739, 20.196805307692323 ], [ -100.067189399999975, 20.196895646153834 ], [ -100.067212861538437, 20.196983246153867 ], [ -100.067244553846152, 20.197068492307707 ], [ -100.067279369230732, 20.1971526461538 ], [ -100.067314169230741, 20.197236815384628 ], [ -100.067348861538449, 20.197321030769228 ], [ -100.067413615384623, 20.197387553846177 ], [ -100.067487661538436, 20.197444784615392 ], [ -100.067574384615341, 20.197483030769234 ], [ -100.067661092307645, 20.197521246153855 ], [ -100.067690753846122, 20.197534338461558 ], [ -100.067507738461501, 20.197586692307695 ], [ -100.067242876923032, 20.197591523076891 ] ] ] ] } },
{ "type": "Feature", "properties": { "IDBD": 168438, "FC": 6291, "CONDICION": "CUERPO DE AGUA INTERMITENTE" }, "geometry": { "type": "MultiPolygon", "coordinates": [ [ [ [ -100.093462969230771, 20.197803630769272 ], [ -100.093329646153791, 20.19766693846152 ], [ -100.093125769230753, 20.197457892307707 ], [ -100.093213984615375, 20.197422861538467 ], [ -100.093302476923057, 20.197388446153852 ], [ -100.093391092307655, 20.197354353846148 ], [ -100.093482076923067, 20.197326338461536 ], [ -100.093572199999969, 20.19729590769234 ], [ -100.09366112307687, 20.197262538461501 ], [ -100.093751138461528, 20.197230030769202 ], [ -100.093838523076897, 20.197183646153846 ], [ -100.093931584615362, 20.197192015384655 ], [ -100.094021507692247, 20.197143184615392 ], [ -100.094007630769198, 20.197072569230773 ], [ -100.094064307692307, 20.196957092307713 ], [ -100.094130323076897, 20.196947707692313 ], [ -100.094121230769218, 20.197051538461526 ], [ -100.094164815384573, 20.197111723076898 ], [ -100.094100123076885, 20.197180938461582 ], [ -100.09401847692304, 20.197220969230738 ], [ -100.093928261538409, 20.197261492307696 ], [ -100.093881276923042, 20.19735123076924 ], [ -100.093809353846126, 20.197415061538489 ], [ -100.093758338461512, 20.197514876923041 ], [ -100.093682030769187, 20.197541676923041 ], [ -100.093595492307657, 20.197582261538461 ], [ -100.093548399999989, 20.197660923076921 ], [ -100.093501307692307, 20.197739584615363 ], [ -100.093462969230771, 20.197803630769272 ] ] ] ] } },
{ "type": "Feature", "properties": { "IDBD": 168445, "FC": 6291, "CONDICION": "CUERPO DE AGUA INTERMITENTE" }, "geometry": { "type": "MultiPolygon", "coordinates": [ [ [ [ -100.090064923076895, 20.197428830769262 ], [ -100.089540846153852, 20.197603723076899 ], [ -100.08930013846151, 20.197546907692288 ], [ -100.089050830769182, 20.197247292307729 ], [ -100.089062938461481, 20.197149169230769 ], [ -100.089155969230731, 20.19713344615386 ], [ -100.089253615384578, 20.197094676923086 ], [ -100.089343369230718, 20.197053492307674 ], [ -100.08943981538458, 20.197063492307699 ], [ -100.089518769230736, 20.197126400000023 ], [ -100.089601938461499, 20.197171107692302 ], [ -100.089685015384603, 20.19721598461539 ], [ -100.089774292307681, 20.197248523076947 ], [ -100.089869384615341, 20.197258661538459 ], [ -100.089957815384551, 20.197293215384605 ], [ -100.090015015384594, 20.197365646153873 ], [ -100.090064923076895, 20.197428830769262 ] ] ] ] } },
{ "type": "Feature", "properties": { "IDBD": 168465, "FC": 6291, "CONDICION": "CUERPO DE AGUA INTERMITENTE" }, "geometry": { "type": "MultiPolygon", "coordinates": [ [ [ [ -100.089239461538426, 20.196774769230757 ], [ -100.089085523076875, 20.196833646153848 ], [ -100.088948723076882, 20.196839030769233 ], [ -100.08871092307686, 20.196813338461521 ], [ -100.088544569230748, 20.1967102 ], [ -100.088286123076898, 20.196480846153829 ], [ -100.088132338461506, 20.196253384615368 ], [ -100.088059892307683, 20.196076892307715 ], [ -100.088054399999976, 20.195865015384623 ], [ -100.088146938461534, 20.195841969230791 ], [ -100.088241661538447, 20.195829092307697 ], [ -100.088333569230755, 20.195854307692297 ], [ -100.088410046153854, 20.195908630769228 ], [ -100.088476630769236, 20.195973523076919 ], [ -100.08851452307691, 20.19605649230768 ], [ -100.088546815384603, 20.196141538461557 ], [ -100.088583092307644, 20.19622515384615 ], [ -100.088628076923058, 20.196304907692301 ], [ -100.088685707692292, 20.196377015384634 ], [ -100.088751446153807, 20.196442676923116 ], [ -100.088835907692271, 20.196485184615373 ], [ -100.088915276923046, 20.196535646153809 ], [ -100.088997476923083, 20.196581938461538 ], [ -100.089082969230745, 20.196622523076918 ], [ -100.0891636, 20.196671184615404 ], [ -100.089218092307661, 20.196728876923064 ], [ -100.089239461538426, 20.196774769230757 ] ] ] ] } },
{ "type": "Feature", "properties": { "IDBD": 168504, "FC": 6291, "CONDICION": "CUERPO DE AGUA INTERMITENTE" }, "geometry": { "type": "MultiPolygon", "coordinates": [ [ [ [ -100.088464153846147, 20.195138261538435 ], [ -100.088127215384588, 20.195261953846163 ], [ -100.087944984615334, 20.195263092307673 ], [ -100.087801107692272, 20.195024969230779 ], [ -100.087728553846119, 20.194819984615393 ], [ -100.087767661538436, 20.19468976923077 ], [ -100.087863338461503, 20.1946914 ], [ -100.087959046153827, 20.194692015384618 ], [ -100.088041830769214, 20.194737338461525 ], [ -100.088074415384582, 20.194822292307713 ], [ -100.088168338461514, 20.194839538461515 ], [ -100.08826258461535, 20.19485524615386 ], [ -100.088353615384591, 20.194883138461531 ], [ -100.088399799999976, 20.194962276923061 ], [ -100.088431030769186, 20.195047692307678 ], [ -100.088462261538425, 20.195133076923071 ], [ -100.088464153846147, 20.195138261538435 ] ] ] ] } },
{ "type": "Feature", "properties": { "IDBD": 168544, "FC": 6291, "CONDICION": "CUERPO DE AGUA INTERMITENTE" }, "geometry": { "type": "MultiPolygon", "coordinates": [ [ [ [ -100.076223907692295, 20.193838538461566 ], [ -100.075888076923079, 20.193953892307714 ], [ -100.075741892307647, 20.193884784615353 ], [ -100.075557476923038, 20.193450323076888 ], [ -100.07556376923074, 20.193305692307707 ], [ -100.075921369230727, 20.19316195384614 ], [ -100.076187692307641, 20.193757553846186 ], [ -100.076223907692295, 20.193838538461566 ] ] ] ] } },
{ "type": "Feature", "properties": { "IDBD": 168559, "FC": 6291, "CONDICION": "CUERPO DE AGUA INTERMITENTE" }, "geometry": { "type": "MultiPolygon", "coordinates": [ [ [ [ -100.090204923076882, 20.193525569230758 ], [ -100.089896584615346, 20.193624646153868 ], [ -100.089776369230762, 20.19361567692312 ], [ -100.089676261538429, 20.193541800000041 ], [ -100.089593184615367, 20.193445153846163 ], [ -100.089580569230748, 20.193298338461496 ], [ -100.089644046153836, 20.193048553846172 ], [ -100.08973241538456, 20.193083246153858 ], [ -100.089825107692278, 20.193105723076904 ], [ -100.089919769230747, 20.1931190307692 ], [ -100.089980446153803, 20.19318889230771 ], [ -100.089990384615376, 20.19327875384614 ], [ -100.090019707692278, 20.193364753846172 ], [ -100.090080569230778, 20.193434492307688 ], [ -100.090156184615353, 20.193489861538477 ], [ -100.090204923076882, 20.193525569230758 ] ] ] ] } },
{ "type": "Feature", "properties": { "IDBD": 168630, "FC": 6291, "CONDICION": "CUERPO DE AGUA INTERMITENTE" }, "geometry": { "type": "MultiPolygon", "coordinates": [ [ [ [ -100.091171384615393, 20.190710584615388 ], [ -100.090818015384556, 20.190192969230754 ], [ -100.090629753846159, 20.189914800000032 ], [ -100.090708415384597, 20.189867584615346 ], [ -100.090789184615389, 20.189819123076937 ], [ -100.090860799999987, 20.189759200000015 ], [ -100.090921015384609, 20.189688969230779 ], [ -100.090978046153822, 20.189616430769256 ], [ -100.091039523076873, 20.189547169230774 ], [ -100.091105369230746, 20.189481615384647 ], [ -100.091178753846137, 20.189423630769234 ], [ -100.091260538461512, 20.189376707692315 ], [ -100.091343215384612, 20.189331200000012 ], [ -100.091423015384578, 20.189281338461537 ], [ -100.091506153846154, 20.189236584615401 ], [ -100.091601076923041, 20.189248092307714 ], [ -100.091684938461484, 20.189291599999979 ], [ -100.09169909230765, 20.18938096923079 ], [ -100.091672323076892, 20.189467707692337 ], [ -100.091634338461503, 20.189550630769226 ], [ -100.091597630769215, 20.189634076923063 ], [ -100.091566169230759, 20.1897194 ], [ -100.091538046153843, 20.18980576923078 ], [ -100.0915202, 20.189894523076902 ], [ -100.091511184615356, 20.189984476923076 ], [ -100.09150441538462, 20.190074600000028 ], [ -100.091490353846112, 20.190163969230792 ], [ -100.091465138461487, 20.190251123076919 ], [ -100.091430092307647, 20.1903352 ], [ -100.091389030769179, 20.190416815384602 ], [ -100.091345969230758, 20.19049750769231 ], [ -100.091296830769238, 20.190575046153807 ], [ -100.091240446153833, 20.190648030769196 ], [ -100.091171384615393, 20.190710584615388 ] ] ] ] } },
{ "type": "Feature", "properties": { "IDBD": 168640, "FC": 6291, "CONDICION": "CUERPO DE AGUA INTERMITENTE" }, "geometry": { "type": "MultiPolygon", "coordinates": [ [ [ [ -100.095218015384589, 20.190523661538478 ], [ -100.095050338461519, 20.190572261538478 ], [ -100.094893215384573, 20.190530969230768 ], [ -100.09413932307686, 20.190049584615416 ], [ -100.094071030769186, 20.189896769230778 ], [ -100.094164153846137, 20.189595030769247 ], [ -100.094213676923047, 20.18967233846158 ], [ -100.094287707692288, 20.189729615384621 ], [ -100.09436759999997, 20.189779338461548 ], [ -100.094448692307679, 20.189827292307722 ], [ -100.094519615384584, 20.189887969230817 ], [ -100.094573246153843, 20.1899628 ], [ -100.094643199999965, 20.190024461538478 ], [ -100.094716092307635, 20.190083 ], [ -100.094792953846152, 20.19013683076922 ], [ -100.094871230769201, 20.190188784615394 ], [ -100.09494436923076, 20.190247076923118 ], [ -100.095023553846119, 20.190297799999975 ], [ -100.09510050769228, 20.190351507692316 ], [ -100.095161538461497, 20.19040067692308 ], [ -100.095203738461521, 20.190461015384617 ], [ -100.095218015384589, 20.190523661538478 ] ] ] ] } },
{ "type": "Feature", "properties": { "IDBD": 168650, "FC": 6291, "CONDICION": "CUERPO DE AGUA INTERMITENTE" }, "geometry": { "type": "MultiPolygon", "coordinates": [ [ [ [ -100.099652399999954, 20.190291415384603 ], [ -100.099496738461525, 20.190214 ], [ -100.099337984615332, 20.190127107692277 ], [ -100.099235769230773, 20.190047830769252 ], [ -100.099279599999974, 20.190011861538469 ], [ -100.099424969230725, 20.189990292307737 ], [ -100.099558276923062, 20.190033723076944 ], [ -100.09966535384612, 20.19013046153843 ], [ -100.09969561538459, 20.190205553846191 ], [ -100.099652399999954, 20.190291415384603 ] ] ] ] } },
{ "type": "Feature", "properties": { "IDBD": 168655, "FC": 6291, "CONDICION": "CUERPO DE AGUA INTERMITENTE" }, "geometry": { "type": "MultiPolygon", "coordinates": [ [ [ [ -100.097027169230756, 20.189922292307724 ], [ -100.097027784615378, 20.189842461538451 ], [ -100.09708587692306, 20.189782061538466 ], [ -100.097169369230741, 20.189737892307665 ], [ -100.09726178461537, 20.189714446153864 ], [ -100.097356076923049, 20.189699046153819 ], [ -100.097450384615385, 20.189683676923053 ], [ -100.097538492307663, 20.189648415384625 ], [ -100.09762736923075, 20.189614953846156 ], [ -100.097722923076915, 20.189620061538449 ], [ -100.097816661538431, 20.189638230769269 ], [ -100.097909661538438, 20.189659523076937 ], [ -100.098001446153802, 20.189685107692306 ], [ -100.098092261538426, 20.189713615384644 ], [ -100.098182107692296, 20.189744707692299 ], [ -100.098271984615351, 20.189775738461524 ], [ -100.09835649230763, 20.189818123076911 ], [ -100.098436461538427, 20.189867753846173 ], [ -100.098370353846107, 20.190012399999979 ], [ -100.098281553846107, 20.190114984615374 ], [ -100.098114230769227, 20.19018286153846 ], [ -100.097931538461495, 20.190191030769217 ], [ -100.097557923076906, 20.190094861538508 ], [ -100.097300061538405, 20.190015569230773 ], [ -100.097027169230756, 20.189922292307724 ] ] ] ] } },
{ "type": "Feature", "properties": { "IDBD": 168685, "FC": 6291, "CONDICION": "CUERPO DE AGUA INTERMITENTE" }, "geometry": { "type": "MultiPolygon", "coordinates": [ [ [ [ -100.08856289230765, 20.189105523076918 ], [ -100.088440292307681, 20.189192184615397 ], [ -100.088127276923061, 20.189200753846112 ], [ -100.087963707692282, 20.189205230769236 ], [ -100.087727630769194, 20.189146061538469 ], [ -100.087523307692265, 20.189031123076933 ], [ -100.087268907692291, 20.188795615384585 ], [ -100.08718426153844, 20.188608338461545 ], [ -100.08725047692306, 20.188300215384615 ], [ -100.087700630769234, 20.188551292307736 ], [ -100.088401784615328, 20.188929646153841 ], [ -100.08856289230765, 20.189105523076918 ] ] ] ] } },
{ "type": "Feature", "properties": { "IDBD": 168714, "FC": 6291, "CONDICION": "CUERPO DE AGUA INTERMITENTE" }, "geometry": { "type": "MultiPolygon", "coordinates": [ [ [ [ -100.102418, 20.188229030769232 ], [ -100.102320338461482, 20.188303907692315 ], [ -100.102201723076874, 20.188264446153827 ], [ -100.101769415384595, 20.187970753846155 ], [ -100.101261599999972, 20.187490753846109 ], [ -100.10134, 20.187438938461558 ], [ -100.10141486153843, 20.187382661538443 ], [ -100.101510230769208, 20.187375230769245 ], [ -100.101603246153815, 20.187354 ], [ -100.101695969230761, 20.18733161538465 ], [ -100.101777492307633, 20.187378923076938 ], [ -100.101840584615388, 20.187446861538419 ], [ -100.101886876923061, 20.187525923076937 ], [ -100.101944323076879, 20.1875981846154 ], [ -100.10201119999995, 20.187662815384641 ], [ -100.102074369230749, 20.187730692307731 ], [ -100.102141123076876, 20.187795415384578 ], [ -100.102207692307672, 20.187860323076929 ], [ -100.102283984615369, 20.187914876923099 ], [ -100.102352492307659, 20.187977953846158 ], [ -100.102362753846108, 20.188067784615367 ], [ -100.102371846153787, 20.188157723076881 ], [ -100.102418, 20.188229030769232 ] ] ] ] } },
{ "type": "Feature", "properties": { "IDBD": 168735, "FC": 6291, "CONDICION": "CUERPO DE AGUA INTERMITENTE" }, "geometry": { "type": "MultiPolygon", "coordinates": [ [ [ [ -100.09704089230766, 20.187730076923092 ], [ -100.096587753846094, 20.187648646153811 ], [ -100.096263861538418, 20.187500015384632 ], [ -100.096144153846112, 20.187400969230783 ], [ -100.095828169230757, 20.186654476923049 ], [ -100.095734046153794, 20.186430523076947 ], [ -100.096136046153802, 20.186240892307701 ], [ -100.09621756923076, 20.186288200000018 ], [ -100.096305323076905, 20.18632423076922 ], [ -100.096400092307675, 20.186336784615367 ], [ -100.096495784615371, 20.186336584615422 ], [ -100.096516953846162, 20.186424692307703 ], [ -100.096492938461509, 20.186512153846106 ], [ -100.096469323076846, 20.186599707692313 ], [ -100.096435538461492, 20.18668424615386 ], [ -100.096399784615357, 20.186768046153833 ], [ -100.096382523076883, 20.186856907692277 ], [ -100.096370769230731, 20.186946569230724 ], [ -100.096365169230765, 20.187036769230762 ], [ -100.096369507692273, 20.187127030769229 ], [ -100.09637759999994, 20.187217061538473 ], [ -100.096403338461499, 20.187304076923066 ], [ -100.096462661538411, 20.187374984615378 ], [ -100.09653938461534, 20.187428984615401 ], [ -100.096619061538405, 20.187479015384632 ], [ -100.096693153846132, 20.187536184615364 ], [ -100.096775507692271, 20.187576738461537 ], [ -100.09685713846153, 20.18761693846157 ], [ -100.096937399999945, 20.187656461538435 ], [ -100.096996799999971, 20.187696353846157 ], [ -100.09704089230766, 20.187730076923092 ] ] ] ] } },
{ "type": "Feature", "properties": { "IDBD": 168742, "FC": 6291, "CONDICION": "CUERPO DE AGUA INTERMITENTE" }, "geometry": { "type": "MultiPolygon", "coordinates": [ [ [ [ -100.098421123076889, 20.187363415384617 ], [ -100.098180830769195, 20.187457676923067 ], [ -100.097877015384611, 20.187260138461525 ], [ -100.097706461538422, 20.187037276923078 ], [ -100.097331738461506, 20.185977446153828 ], [ -100.097291876923052, 20.18576070769231 ], [ -100.097638076923076, 20.185547461538473 ], [ -100.098421123076889, 20.187363415384617 ] ] ] ] } },
{ "type": "Feature", "properties": { "IDBD": 168747, "FC": 6291, "CONDICION": "CUERPO DE AGUA INTERMITENTE" }, "geometry": { "type": "MultiPolygon", "coordinates": [ [ [ [ -100.10358256923071, 20.187352815384603 ], [ -100.103348830769178, 20.187410846153842 ], [ -100.103110569230722, 20.187361384615382 ], [ -100.10292898461536, 20.18722621538463 ], [ -100.102814276923041, 20.187061399999987 ], [ -100.102776492307655, 20.186823092307691 ], [ -100.102866153846122, 20.186854676923083 ], [ -100.102949969230764, 20.186898261538438 ], [ -100.103028692307674, 20.186949630769227 ], [ -100.103121461538421, 20.18697180000002 ], [ -100.103217076923073, 20.186975569230711 ], [ -100.103302430769205, 20.187016415384612 ], [ -100.103355107692281, 20.18709186153847 ], [ -100.103401446153796, 20.187170907692312 ], [ -100.103473046153823, 20.187230846153888 ], [ -100.103548, 20.187287030769202 ], [ -100.10358256923071, 20.187352815384603 ] ] ] ] } },
{ "type": "Feature", "properties": { "IDBD": 168762, "FC": 6291, "CONDICION": "CUERPO DE AGUA INTERMITENTE" }, "geometry": { "type": "MultiPolygon", "coordinates": [ [ [ [ -100.102390246153817, 20.186342646153854 ], [ -100.10209050769231, 20.186496600000016 ], [ -100.101921799999957, 20.186548015384627 ], [ -100.101592461538417, 20.186533292307722 ], [ -100.101374169230738, 20.186492692307677 ], [ -100.101200261538452, 20.186435015384625 ], [ -100.101083584615338, 20.186293046153825 ], [ -100.100903630769224, 20.186008784615407 ], [ -100.101277507692274, 20.186027030769232 ], [ -100.101883461538421, 20.186168015384613 ], [ -100.102390246153817, 20.186342646153854 ] ] ] ] } },
{ "type": "Feature", "properties": { "IDBD": 168766, "FC": 6291, "CONDICION": "CUERPO DE AGUA INTERMITENTE" }, "geometry": { "type": "MultiPolygon", "coordinates": [ [ [ [ -100.091770230769185, 20.186177553846168 ], [ -100.091670569230757, 20.18621543076922 ], [ -100.091526430769221, 20.186205369230791 ], [ -100.091398292307659, 20.186157938461523 ], [ -100.09132101538458, 20.18607293846155 ], [ -100.091271630769185, 20.185987769230788 ], [ -100.091235969230738, 20.18587401538462 ], [ -100.091237707692301, 20.185788523076884 ], [ -100.091283584615368, 20.185702753846133 ], [ -100.091350707692285, 20.185665076923087 ], [ -100.091527015384585, 20.185622338461567 ], [ -100.091770230769185, 20.186177553846168 ] ] ] ] } },
{ "type": "Feature", "properties": { "IDBD": 168794, "FC": 6291, "CONDICION": "CUERPO DE AGUA INTERMITENTE" }, "geometry": { "type": "MultiPolygon", "coordinates": [ [ [ [ -100.1032449230769, 20.185554923076943 ], [ -100.102784599999978, 20.185574646153867 ], [ -100.102552184615348, 20.185512138461544 ], [ -100.102419030769198, 20.185358076923109 ], [ -100.102514630769249, 20.185362184615379 ], [ -100.102610323076931, 20.185362707692306 ], [ -100.102706015384598, 20.185362476923103 ], [ -100.102801630769221, 20.185366046153888 ], [ -100.102875630769205, 20.185308753846165 ], [ -100.102971307692272, 20.185310492307643 ], [ -100.103063184615351, 20.185335738461539 ], [ -100.103143061538432, 20.185385492307688 ], [ -100.10319029230763, 20.185464061538443 ], [ -100.103226461538426, 20.185519984615372 ], [ -100.1032449230769, 20.185554923076943 ] ] ] ] } },
{ "type": "Feature", "properties": { "IDBD": 168799, "FC": 6291, "CONDICION": "CUERPO DE AGUA INTERMITENTE" }, "geometry": { "type": "MultiPolygon", "coordinates": [ [ [ [ -100.100398630769206, 20.185399307692315 ], [ -100.100246046153813, 20.185412261538467 ], [ -100.100092876923028, 20.185347200000034 ], [ -100.099996230769207, 20.185179723076939 ], [ -100.100051692307659, 20.185106092307695 ], [ -100.100147061538436, 20.185098646153811 ], [ -100.100238384615338, 20.185125630769225 ], [ -100.100314384615345, 20.185180523076909 ], [ -100.100372030769179, 20.185252646153863 ], [ -100.10039984615382, 20.185323400000016 ], [ -100.100398630769206, 20.185399307692315 ] ] ] ] } }
]
}
