{
"type": "FeatureCollection",
"name": "di",
"crs": { "type": "name", "properties": { "name": "urn:ogc:def:crs:OGC:1.3:CRS84" } },
"features": [
{ "type": "Feature", "properties": { "IDBD": 159737, "FC": 6292, "CONDICION": "CUERPO DE AGUA PERENNE" }, "geometry": { "type": "MultiPolygon", "coordinates": [ [ [ [ -99.423796704154952, 20.60200061142524 ], [ -99.423731425901835, 20.602095759121205 ], [ -99.423694405962493, 20.602139509947914 ], [ -99.423640185805155, 20.602261505539218 ], [ -99.423346169182693, 20.602778067829917 ], [ -99.422956082564539, 20.60322652608302 ], [ -99.422485238253628, 20.60358927669893 ], [ -99.421952118582865, 20.603852080411084 ], [ -99.421495261582905, 20.604023401411052 ], [ -99.420792711192504, 20.604193830310258 ], [ -99.420069789076408, 20.604191246750467 ], [ -99.41962371874159, 20.604135487958693 ], [ -99.419323763306579, 20.604100199120321 ], [ -99.418671575279646, 20.604100199120321 ], [ -99.41808630431359, 20.604042554961531 ], [ -99.417853508809287, 20.603971937217338 ], [ -99.417855046153818, 20.603926630769276 ], [ -99.418295261538404, 20.603473769230785 ], [ -99.41840016923075, 20.603238584615386 ], [ -99.418303492307672, 20.602976784615429 ], [ -99.417938092307693, 20.602706584615387 ], [ -99.417601446153796, 20.602427292307702 ], [ -99.417629276923066, 20.602074815384661 ], [ -99.417619153846104, 20.601885092307729 ], [ -99.417397307692283, 20.601469984615356 ], [ -99.417051153846103, 20.6012178 ], [ -99.416474799999975, 20.601011369230811 ], [ -99.416148569230756, 20.601030230769243 ], [ -99.415965553846135, 20.600777661538462 ], [ -99.41556227692304, 20.600697307692297 ], [ -99.415563092307664, 20.600995492307721 ], [ -99.415775384615358, 20.601428707692307 ], [ -99.416132092307663, 20.602033246153837 ], [ -99.416171323076881, 20.602340384615413 ], [ -99.416201338461491, 20.602792092307705 ], [ -99.416299938831926, 20.602971203359708 ], [ -99.416227948351775, 20.602899212879539 ], [ -99.415445417141868, 20.602185677105179 ], [ -99.41501909920413, 20.601703518984404 ], [ -99.414780712961331, 20.60127640146942 ], [ -99.414737609561755, 20.601290769353149 ], [ -99.414346606127225, 20.601386999241704 ], [ -99.414162058929065, 20.601542657485151 ], [ -99.413962183929129, 20.601685424485151 ], [ -99.413410136413461, 20.601997389315851 ], [ -99.412804851015892, 20.60218635519276 ], [ -99.412173369097957, 20.602243879991512 ], [ -99.411543902360989, 20.602167393769264 ], [ -99.411320414962901, 20.602115820124848 ], [ -99.411410123076891, 20.601863830769251 ], [ -99.411649553846146, 20.601682538461528 ], [ -99.412272153846132, 20.601247338461551 ], [ -99.413077661538424, 20.601019523076936 ], [ -99.413738646153803, 20.600584215384593 ], [ -99.414063892307638, 20.600203923076922 ], [ -99.414312353846142, 20.599814784615383 ], [ -99.414627153846112, 20.599118276923054 ], [ -99.414808646153816, 20.598810615384611 ], [ -99.415115215384574, 20.598620123076945 ], [ -99.415470246153802, 20.598610246153893 ], [ -99.415796569230764, 20.598627523076971 ], [ -99.416276692307648, 20.5987348 ], [ -99.41672806153845, 20.598860215384629 ], [ -99.416679676923053, 20.598715769230804 ], [ -99.41617012307691, 20.598364584615386 ], [ -99.41540161538461, 20.598068246153879 ], [ -99.414882184615351, 20.597617707692269 ], [ -99.414448876923018, 20.597067553846156 ], [ -99.414102215384588, 20.59662563076925 ], [ -99.414005492307652, 20.596345738461533 ], [ -99.413841876923073, 20.596165415384625 ], [ -99.413524584615359, 20.595940276923052 ], [ -99.412639676923064, 20.595174338461533 ], [ -99.412052323076907, 20.594434799999963 ], [ -99.411945261538435, 20.59387483076922 ], [ -99.412020338461502, 20.593242138461544 ], [ -99.411806646153806, 20.592284830769238 ], [ -99.411671538461505, 20.59199601538463 ], [ -99.411287092307631, 20.591771030769227 ], [ -99.411315615384581, 20.591671569230751 ], [ -99.411516738461515, 20.591526507692286 ], [ -99.411467892307641, 20.591201338461538 ], [ -99.411189076923037, 20.591003215384607 ], [ -99.410593338461496, 20.590706446153813 ], [ -99.410113184615341, 20.590572046153863 ], [ -99.409565523076878, 20.590311292307675 ], [ -99.408979092307675, 20.589906061538478 ], [ -99.408843892307658, 20.589581092307693 ], [ -99.40878530769227, 20.58920172307689 ], [ -99.408870599999943, 20.588803938461542 ], [ -99.408946338461519, 20.588415215384643 ], [ -99.408897507692274, 20.588099076923083 ], [ -99.408637738461508, 20.587837646153861 ], [ -99.408493076923051, 20.587566923076903 ], [ -99.408635107692291, 20.586852738461545 ], [ -99.408844984615342, 20.586391415384625 ], [ -99.408969430769218, 20.586282692307737 ], [ -99.40878632307691, 20.585984938461507 ], [ -99.408660938461537, 20.585741261538441 ], [ -99.408995984615331, 20.585442292307714 ], [ -99.409225892307632, 20.585297169230763 ], [ -99.409800538461511, 20.584889200000038 ], [ -99.410067923076895, 20.584409661538491 ], [ -99.410335830769199, 20.584119876923072 ], [ -99.410439784615377, 20.583523261538474 ], [ -99.410554507692282, 20.583369369230798 ], [ -99.410583661538425, 20.583504846153833 ], [ -99.410574938461522, 20.583830153846176 ], [ -99.410499353846134, 20.584273092307694 ], [ -99.410548276923066, 20.584625384615361 ], [ -99.410290138461519, 20.584978399999972 ], [ -99.409840307692278, 20.585413184615387 ], [ -99.40975501538459, 20.585810969230796 ], [ -99.409899907692292, 20.586172061538491 ], [ -99.40980483076919, 20.586497569230758 ], [ -99.409460138461512, 20.586778507692291 ], [ -99.40930776923075, 20.587212584615393 ], [ -99.409308892307635, 20.587637276923083 ], [ -99.409367723076869, 20.588107 ], [ -99.409569907692287, 20.588359523076917 ], [ -99.410098369230724, 20.588620323076857 ], [ -99.41056913846154, 20.588836061538476 ], [ -99.411116430769169, 20.588961261538483 ], [ -99.411519553846148, 20.588996446153864 ], [ -99.411998892307665, 20.588832661538486 ], [ -99.412440292307664, 20.588831615384635 ], [ -99.412402153846088, 20.588922061538462 ], [ -99.412172415384589, 20.58913043076922 ], [ -99.41195230769226, 20.589347830769213 ], [ -99.412126646153794, 20.589952815384617 ], [ -99.41215550769229, 20.589979846153831 ], [ -99.4124250461538, 20.590295461538403 ], [ -99.412598646153782, 20.590620338461566 ], [ -99.412791769230722, 20.591071676923089 ], [ -99.413033246153816, 20.59165843076925 ], [ -99.412928307692297, 20.591884584615361 ], [ -99.412756430769207, 20.592201246153834 ], [ -99.412843369230771, 20.592417907692308 ], [ -99.413140476923033, 20.592281661538468 ], [ -99.413322292307654, 20.592091476923091 ], [ -99.413475046153835, 20.591801953846186 ], [ -99.413713892307698, 20.591412846153862 ], [ -99.413895846153792, 20.59127686153845 ], [ -99.414068215384603, 20.591140923076946 ], [ -99.414393492307681, 20.590778707692284 ], [ -99.414642538461493, 20.590615461538466 ], [ -99.4149394, 20.590388846153854 ], [ -99.415007307692278, 20.590659769230779 ], [ -99.41500855384615, 20.591120584615417 ], [ -99.414866369230722, 20.591771523076897 ], [ -99.414780184615324, 20.591834969230813 ], [ -99.414606969230746, 20.591654676923106 ], [ -99.414424692307691, 20.591673184615381 ], [ -99.414079692307666, 20.591836646153858 ], [ -99.413898969230743, 20.592433461538469 ], [ -99.413918892307663, 20.592704492307693 ], [ -99.413688830769175, 20.592795400000028 ], [ -99.413593953846132, 20.593193199999977 ], [ -99.413594846153842, 20.593527523076965 ], [ -99.413423323076884, 20.593970692307696 ], [ -99.413462938461507, 20.594431430769241 ], [ -99.413617230769205, 20.594711169230759 ], [ -99.413857353846112, 20.594791923076922 ], [ -99.414145476923053, 20.594881599999962 ], [ -99.414702584615355, 20.595079046153831 ], [ -99.414914138461512, 20.595241184615436 ], [ -99.415183599999978, 20.595520646153805 ], [ -99.415577569230763, 20.595718492307686 ], [ -99.416067338461531, 20.595852861538503 ], [ -99.416758953846156, 20.596104200000013 ], [ -99.41701836923076, 20.596221046153843 ], [ -99.417220523076892, 20.596455492307719 ], [ -99.41751898461537, 20.596816199999989 ], [ -99.417692138461504, 20.596969400000027 ], [ -99.417856230769203, 20.5973214 ], [ -99.418288953846115, 20.597645646153879 ], [ -99.418846738461511, 20.598087046153839 ], [ -99.41921246153845, 20.598474707692283 ], [ -99.419347630769181, 20.598772569230746 ], [ -99.419176046153808, 20.599197661538511 ], [ -99.419052061538437, 20.599478076923067 ], [ -99.418852169230746, 20.600074938461564 ], [ -99.418786015384597, 20.6004455692308 ], [ -99.418681138461523, 20.600698830769222 ], [ -99.418442, 20.600979507692323 ], [ -99.418221800000012, 20.601169800000047 ], [ -99.418174199999967, 20.601314492307697 ], [ -99.41848133846149, 20.601331815384615 ], [ -99.4188076, 20.601322 ], [ -99.419453476923067, 20.602386661538453 ], [ -99.419906123076913, 20.602972892307719 ], [ -99.42006127692305, 20.603559846153846 ], [ -99.420206061538437, 20.603866723076951 ], [ -99.420647907692285, 20.604010215384651 ], [ -99.421165876923055, 20.6039186 ], [ -99.42145326153846, 20.603728153846156 ], [ -99.421683492307665, 20.603700476923088 ], [ -99.421750076923061, 20.603483461538477 ], [ -99.421883615384615, 20.603184938461517 ], [ -99.422027230769231, 20.60306712307694 ], [ -99.422304261538429, 20.60260561538464 ], [ -99.422533938461527, 20.602370123076955 ], [ -99.422657276923061, 20.601854784615373 ], [ -99.422771753846149, 20.601610538461546 ], [ -99.422829138461537, 20.601538107692324 ], [ -99.422906199999957, 20.601646353846192 ], [ -99.423089292307679, 20.601916969230778 ], [ -99.423290461538443, 20.601789984615394 ], [ -99.423491969230724, 20.601780446153857 ], [ -99.423796704154952, 20.60200061142524 ] ] ] ] } },
{ "type": "Feature", "properties": { "IDBD": 161830, "FC": 6291, "CONDICION": "CUERPO DE AGUA INTERMITENTE" }, "geometry": { "type": "MultiPolygon", "coordinates": [ [ [ [ -99.416842661538453, 20.570396846153898 ], [ -99.416794169230698, 20.570207200000052 ], [ -99.416880153846122, 20.570071461538447 ], [ -99.416860492307663, 20.569899830769245 ], [ -99.41682167692305, 20.569737276923085 ], [ -99.416802123076877, 20.569601784615358 ], [ -99.417138292307655, 20.56973650769228 ], [ -99.417320892307686, 20.569844507692277 ], [ -99.417627984615365, 20.569870861538448 ], [ -99.417772, 20.569906661538447 ], [ -99.417580676923066, 20.57011495384614 ], [ -99.417369923076876, 20.570232923076933 ], [ -99.417168599999926, 20.570296661538485 ], [ -99.416842661538453, 20.570396846153898 ] ] ] ] } },
{ "type": "Feature", "properties": { "IDBD": 162063, "FC": 6291, "CONDICION": "CUERPO DE AGUA INTERMITENTE" }, "geometry": { "type": "MultiPolygon", "coordinates": [ [ [ [ -99.421696230769186, 20.559442584615358 ], [ -99.421541969230788, 20.559162861538496 ], [ -99.42140693846153, 20.558901138461568 ], [ -99.421627384615405, 20.558828323076931 ], [ -99.421819215384588, 20.558809784615359 ], [ -99.421991861538444, 20.558791292307678 ], [ -99.422174215384572, 20.558817953846148 ], [ -99.422308553846165, 20.558826661538486 ], [ -99.422309199999987, 20.559061584615364 ], [ -99.422242292307672, 20.559152107692285 ], [ -99.422117692307651, 20.5591976 ], [ -99.421964369230736, 20.55926121538463 ], [ -99.421849507692258, 20.559360892307723 ], [ -99.421696230769186, 20.559442584615358 ] ] ] ] } },
{ "type": "Feature", "properties": { "IDBD": 162156, "FC": 6292, "CONDICION": "CUERPO DE AGUA PERENNE" }, "geometry": { "type": "MultiPolygon", "coordinates": [ [ [ [ -99.397785630769178, 20.554746246153854 ], [ -99.3975838, 20.554602123076897 ], [ -99.397496892307672, 20.554385461538455 ], [ -99.397294523076923, 20.554033523076921 ], [ -99.396900338461506, 20.553709138461539 ], [ -99.396314538461525, 20.553475538461509 ], [ -99.395680599999949, 20.5531788 ], [ -99.395133907692269, 20.553234261538446 ], [ -99.394740692307664, 20.553280338461533 ], [ -99.39445318461533, 20.553398461538496 ], [ -99.394127338461502, 20.553525707692351 ], [ -99.393810123076889, 20.553282461538423 ], [ -99.393579276923063, 20.55304804615384 ], [ -99.393290753846145, 20.552768584615393 ], [ -99.393146092307703, 20.552470738461501 ], [ -99.392924707692302, 20.55218209230766 ], [ -99.392741646153837, 20.551875276923084 ], [ -99.392999646153811, 20.551477107692303 ], [ -99.393181092307643, 20.551151400000023 ], [ -99.393285569230713, 20.550744553846176 ], [ -99.393294307692287, 20.550410199999988 ], [ -99.393264446153822, 20.54998556923076 ], [ -99.393512953846155, 20.549623569230732 ], [ -99.393684953846133, 20.549361138461531 ], [ -99.393722676923062, 20.549108046153869 ], [ -99.393712323076883, 20.54880987692307 ], [ -99.393663476923066, 20.548466630769237 ], [ -99.393509230769197, 20.548168799999981 ], [ -99.393287938461526, 20.547916292307711 ], [ -99.393028461538421, 20.547736153846163 ], [ -99.392759369230745, 20.54754701538462 ], [ -99.392499938461526, 20.547384953846144 ], [ -99.39236526153843, 20.54724067692306 ], [ -99.392422399999987, 20.547077907692344 ], [ -99.392527815384597, 20.547032492307679 ], [ -99.392681369230729, 20.547059246153886 ], [ -99.392940876923049, 20.547248415384626 ], [ -99.393190646153798, 20.547383384615365 ], [ -99.393507830769209, 20.547626630769251 ], [ -99.393738676923064, 20.547861046153859 ], [ -99.393969676923064, 20.548158707692341 ], [ -99.394114030769188, 20.548339107692357 ], [ -99.394239138461529, 20.548492430769226 ], [ -99.394325969230749, 20.548681984615385 ], [ -99.394144784615364, 20.549107092307668 ], [ -99.393972953846159, 20.549441815384611 ], [ -99.393829830769178, 20.549740323076932 ], [ -99.39366792307689, 20.550201523076936 ], [ -99.39363990769229, 20.550499769230779 ], [ -99.393611938461504, 20.550816092307681 ], [ -99.393584153846106, 20.55120470769231 ], [ -99.39354695384614, 20.551665630769204 ], [ -99.393615353846144, 20.552153415384581 ], [ -99.393721692307679, 20.552469430769214 ], [ -99.393981476923017, 20.552767015384603 ], [ -99.394106476923042, 20.552875169230749 ], [ -99.394394276923066, 20.552874507692319 ], [ -99.394797276923001, 20.552900707692316 ], [ -99.395171230769193, 20.552827569230775 ], [ -99.395487661538425, 20.552763584615416 ], [ -99.395765799999964, 20.552735846153841 ], [ -99.396120846153821, 20.552771184615374 ], [ -99.396572369230753, 20.553014123076945 ], [ -99.397004615384589, 20.553220953846157 ], [ -99.397331446153842, 20.553473215384585 ], [ -99.39762, 20.553761707692317 ], [ -99.397783923076886, 20.554086615384602 ], [ -99.397822938461502, 20.554330507692296 ], [ -99.397785630769178, 20.554746246153854 ] ] ] ] } },
{ "type": "Feature", "properties": { "IDBD": 162311, "FC": 6291, "CONDICION": "CUERPO DE AGUA INTERMITENTE" }, "geometry": { "type": "MultiPolygon", "coordinates": [ [ [ [ -99.420397861538433, 20.547753246153871 ], [ -99.420327461538434, 20.546560676923111 ], [ -99.420787892307658, 20.546550523076917 ], [ -99.420989676923085, 20.546667507692348 ], [ -99.4210862, 20.546884123076936 ], [ -99.421115615384608, 20.547118984615388 ], [ -99.421029953846116, 20.54736316923076 ], [ -99.42094407692305, 20.547535061538493 ], [ -99.420762230769199, 20.547689107692324 ], [ -99.420618415384581, 20.547716569230765 ], [ -99.420397861538433, 20.547753246153871 ] ] ] ] } },
{ "type": "Feature", "properties": { "IDBD": 162868, "FC": 6291, "CONDICION": "CUERPO DE AGUA INTERMITENTE" }, "geometry": { "type": "MultiPolygon", "coordinates": [ [ [ [ -99.363315415384591, 20.518081584615373 ], [ -99.363420615384598, 20.517954861538424 ], [ -99.363621630769174, 20.517782753846191 ], [ -99.363803430769181, 20.517601646153825 ], [ -99.364052553846122, 20.517492692307684 ], [ -99.364311384615348, 20.517437938461569 ], [ -99.36457041538462, 20.517464507692317 ], [ -99.364628230769227, 20.517572815384597 ], [ -99.364350446153821, 20.517727015384622 ], [ -99.3640628307692, 20.517781830769266 ], [ -99.363852076923052, 20.517890707692317 ], [ -99.363651, 20.518035707692299 ], [ -99.363430661538416, 20.518144600000028 ], [ -99.363315415384591, 20.518081584615373 ] ] ] ] } },
{ "type": "Feature", "properties": { "IDBD": 162960, "FC": 6291, "CONDICION": "CUERPO DE AGUA INTERMITENTE" }, "geometry": { "type": "MultiPolygon", "coordinates": [ [ [ [ -99.388333215384591, 20.500452369230747 ], [ -99.388343569230713, 20.500759569230773 ], [ -99.388306030769201, 20.501084938461535 ], [ -99.388009615384576, 20.501438015384647 ], [ -99.388020030769184, 20.501763292307697 ], [ -99.388241092307652, 20.501952553846174 ], [ -99.38867272307688, 20.501978692307674 ], [ -99.389257323076876, 20.501814738461544 ], [ -99.389765076923069, 20.501605769230761 ], [ -99.390263153846107, 20.501360676923085 ], [ -99.390694, 20.501079584615429 ], [ -99.391173246153826, 20.50097007692305 ], [ -99.391835523076921, 20.501185446153876 ], [ -99.392239, 20.501455615384558 ], [ -99.392594938461528, 20.501888538461547 ], [ -99.392672830769229, 20.5023492 ], [ -99.392616815384585, 20.50294570769228 ], [ -99.392167307692262, 20.503434661538485 ], [ -99.391640830769205, 20.503824400000013 ], [ -99.391037599999976, 20.504205276923098 ], [ -99.390721523076905, 20.504368630769214 ], [ -99.390233076923053, 20.504631784615395 ], [ -99.389878676923033, 20.504813292307681 ], [ -99.389093046153803, 20.505122276923085 ], [ -99.38871983076919, 20.505448415384667 ], [ -99.388308261538469, 20.505774630769231 ], [ -99.387934799999982, 20.506001369230731 ], [ -99.387744353846145, 20.506543953846148 ], [ -99.3874482, 20.507005446153812 ], [ -99.387056261538405, 20.507512338461563 ], [ -99.386875076923019, 20.507928400000026 ], [ -99.386818261538451, 20.508217676923092 ], [ -99.386684676923039, 20.508489061538477 ], [ -99.38638778461538, 20.508661399999987 ], [ -99.386196723076878, 20.508960015384609 ], [ -99.385727723076911, 20.509340569230773 ], [ -99.38530686153841, 20.509793307692295 ], [ -99.384952153846143, 20.50985735384619 ], [ -99.384866292307692, 20.51003826153848 ], [ -99.384895707692294, 20.510291200000022 ], [ -99.385126353846118, 20.510480446153839 ], [ -99.385520369230747, 20.510795830769254 ], [ -99.385367384615378, 20.510985923076952 ], [ -99.384984630769196, 20.511339184615377 ], [ -99.384764738461485, 20.511619784615416 ], [ -99.384295846153833, 20.512045507692299 ], [ -99.383951046153811, 20.512236030769245 ], [ -99.384018953846109, 20.512543107692288 ], [ -99.384163399999963, 20.512777723076894 ], [ -99.384509215384597, 20.512993830769293 ], [ -99.384413846153848, 20.513210892307661 ], [ -99.384184169230736, 20.513410200000028 ], [ -99.383953707692285, 20.513302276923095 ], [ -99.383809615384607, 20.513212230769259 ], [ -99.383636507692273, 20.513022861538452 ], [ -99.38353039999997, 20.512779123076946 ], [ -99.383472184615343, 20.512508169230795 ], [ -99.383414153846147, 20.512318538461532 ], [ -99.383432830769209, 20.512110676923076 ], [ -99.383489876923065, 20.511911753846167 ], [ -99.383614107692267, 20.511730769230798 ], [ -99.383805292307684, 20.511477338461518 ], [ -99.384102138461515, 20.511286923076923 ], [ -99.384322461538446, 20.511178 ], [ -99.384408030769222, 20.510879615384624 ], [ -99.384187, 20.5106993846154 ], [ -99.383898707692296, 20.510474123076957 ], [ -99.383658184615385, 20.510176476923078 ], [ -99.383494569230734, 20.509941892307708 ], [ -99.383425723076897, 20.509255307692335 ], [ -99.383194476923066, 20.508831138461552 ], [ -99.383500738461521, 20.508568415384577 ], [ -99.383720692307676, 20.508314923076952 ], [ -99.384027184615334, 20.508151584615412 ], [ -99.384295661538445, 20.508123892307676 ], [ -99.384668953846145, 20.507824876923088 ], [ -99.385004061538424, 20.507598230769236 ], [ -99.38512787692305, 20.507254584615396 ], [ -99.385318876923066, 20.506928861538452 ], [ -99.385519723076897, 20.506702523076935 ], [ -99.385845384615351, 20.506539153846173 ], [ -99.386122969230769, 20.50632166153845 ], [ -99.386611553846151, 20.506103707692311 ], [ -99.386764384615361, 20.505859400000027 ], [ -99.386878861538463, 20.505615169230751 ], [ -99.387137615384589, 20.505542307692316 ], [ -99.387329092307652, 20.505406338461565 ], [ -99.387615969230723, 20.505071369230794 ], [ -99.387999061538423, 20.504862692307693 ], [ -99.388372661538426, 20.50469016923082 ], [ -99.388851430769193, 20.50439090769229 ], [ -99.389291215384588, 20.503847753846134 ], [ -99.389827215384614, 20.503421861538445 ], [ -99.390373246153786, 20.503176661538426 ], [ -99.390583615384585, 20.50293221538459 ], [ -99.390487092307652, 20.502688461538476 ], [ -99.389298369230758, 20.502880892307683 ], [ -99.388022307692253, 20.50266687692309 ], [ -99.387225723076895, 20.502433723076905 ], [ -99.386937646153811, 20.502289784615396 ], [ -99.386803153846117, 20.502199723076934 ], [ -99.386697369230745, 20.502082492307654 ], [ -99.386639415384565, 20.501919984615359 ], [ -99.38661983076922, 20.501757369230791 ], [ -99.386657799999981, 20.501603676923065 ], [ -99.38715484615382, 20.500942938461566 ], [ -99.388333215384591, 20.500452369230747 ] ] ] ] } },
{ "type": "Feature", "properties": { "IDBD": 162987, "FC": 6291, "CONDICION": "CUERPO DE AGUA INTERMITENTE" }, "geometry": { "type": "MultiPolygon", "coordinates": [ [ [ [ -99.368392153846145, 20.511275800000032 ], [ -99.368276784615375, 20.511158569230744 ], [ -99.368190030769199, 20.510978030769241 ], [ -99.368131707692271, 20.510652861538478 ], [ -99.3681024, 20.510427030769222 ], [ -99.368149892307684, 20.510237169230773 ], [ -99.368264215384599, 20.509911630769253 ], [ -99.36852250769229, 20.50964 ], [ -99.368704153846124, 20.509395646153877 ], [ -99.368789969230718, 20.509187630769233 ], [ -99.368837446153819, 20.508988738461539 ], [ -99.368962153846127, 20.508997507692342 ], [ -99.369125569230761, 20.509150769230747 ], [ -99.3691836461538, 20.50937655384616 ], [ -99.369212938461516, 20.509593353846189 ], [ -99.369079753846123, 20.51004543076926 ], [ -99.368926815384597, 20.510262630769208 ], [ -99.368812261538409, 20.510488769230779 ], [ -99.368678338461535, 20.510633630769238 ], [ -99.36859250769227, 20.510832599999983 ], [ -99.368564261538452, 20.511058569230773 ], [ -99.368526353846121, 20.511248400000017 ], [ -99.368392153846145, 20.511275800000032 ] ] ] ] } },
{ "type": "Feature", "properties": { "IDBD": 163164, "FC": 6291, "CONDICION": "CUERPO DE AGUA INTERMITENTE" }, "geometry": { "type": "MultiPolygon", "coordinates": [ [ [ [ -99.383343, 20.499135153846147 ], [ -99.383275584615347, 20.499017846153873 ], [ -99.383371461538459, 20.499008584615414 ], [ -99.383544107692273, 20.499017246153858 ], [ -99.38376476923078, 20.49905290769231 ], [ -99.384253630769223, 20.498961461538446 ], [ -99.384445215384574, 20.498870676923087 ], [ -99.384732692307651, 20.498779676923082 ], [ -99.38522346153843, 20.499447261538428 ], [ -99.385070276923088, 20.499556030769178 ], [ -99.384926199999981, 20.499465984615401 ], [ -99.384753353846151, 20.499376015384652 ], [ -99.384398661538441, 20.499431015384609 ], [ -99.384178107692293, 20.499440538461542 ], [ -99.384139676923056, 20.499413507692314 ], [ -99.383919123076922, 20.499423030769268 ], [ -99.383641061538455, 20.499441723076931 ], [ -99.383477846153866, 20.4993698 ], [ -99.383343, 20.499135153846147 ] ] ] ] } },
{ "type": "Feature", "properties": { "IDBD": 163212, "FC": 6291, "CONDICION": "CUERPO DE AGUA INTERMITENTE" }, "geometry": { "type": "MultiPolygon", "coordinates": [ [ [ [ -99.396428169230731, 20.497027492307645 ], [ -99.396160984615392, 20.497064246153855 ], [ -99.395830061538433, 20.497037892307702 ], [ -99.395318969230729, 20.496869630769211 ], [ -99.394923015384578, 20.496728215384611 ], [ -99.394692630769228, 20.496640646153843 ], [ -99.394440123076876, 20.496343030769225 ], [ -99.394382430769198, 20.496282169230778 ], [ -99.394094692307647, 20.496269261538497 ], [ -99.393836030769165, 20.496371507692327 ], [ -99.393663676923055, 20.49647355384618 ], [ -99.393533876923044, 20.496345076923077 ], [ -99.393482707692272, 20.496019907692329 ], [ -99.393647753846139, 20.495870430769244 ], [ -99.393942415384586, 20.495781661538448 ], [ -99.394345292307676, 20.495821415384615 ], [ -99.39455416923073, 20.495936153846188 ], [ -99.394540107692265, 20.49606493846154 ], [ -99.394713292307685, 20.496281415384651 ], [ -99.394850076923049, 20.496335323076952 ], [ -99.39492906153842, 20.496280923076938 ], [ -99.394935753846141, 20.496084369230747 ], [ -99.395130015384552, 20.496111046153889 ], [ -99.395259784615362, 20.496232723076893 ], [ -99.395274615384579, 20.49640212307694 ], [ -99.395368661538456, 20.496618769230754 ], [ -99.395649553846127, 20.496767230769244 ], [ -99.396059907692276, 20.496915384615377 ], [ -99.396311738461534, 20.496948692307736 ], [ -99.396428169230731, 20.497027492307645 ] ] ] ] } },
{ "type": "Feature", "properties": { "IDBD": 163315, "FC": 6291, "CONDICION": "CUERPO DE AGUA INTERMITENTE" }, "geometry": { "type": "MultiPolygon", "coordinates": [ [ [ [ -99.404930492307656, 20.491839276923038 ], [ -99.404929615384589, 20.491504953846114 ], [ -99.404948369230723, 20.491342261538463 ], [ -99.40496690769227, 20.491098246153836 ], [ -99.405129969230757, 20.491115938461565 ], [ -99.405264446153822, 20.491196938461549 ], [ -99.405331830769185, 20.491296184615404 ], [ -99.405447123076911, 20.49137724615386 ], [ -99.405562384615337, 20.491449261538424 ], [ -99.405476323076911, 20.491539815384613 ], [ -99.405361461538419, 20.491621415384657 ], [ -99.405217830769189, 20.491703076923081 ], [ -99.405074261538417, 20.491811830769244 ], [ -99.404930492307656, 20.491839276923038 ] ] ] ] } },
{ "type": "Feature", "properties": { "IDBD": 163324, "FC": 6291, "CONDICION": "CUERPO DE AGUA INTERMITENTE" }, "geometry": { "type": "MultiPolygon", "coordinates": [ [ [ [ -99.406597492307654, 20.491229969230801 ], [ -99.406769984615394, 20.491184384615362 ], [ -99.406962169230709, 20.491328523076927 ], [ -99.407077353846134, 20.491373430769265 ], [ -99.40731713846148, 20.491390938461528 ], [ -99.407461015384584, 20.491399630769269 ], [ -99.407509169230764, 20.491480846153884 ], [ -99.407432599999979, 20.49153524615383 ], [ -99.407327184615369, 20.491562600000034 ], [ -99.407029907692248, 20.491563292307692 ], [ -99.406886046153787, 20.4915546 ], [ -99.406751738461537, 20.491536830769196 ], [ -99.40644476923076, 20.491501415384608 ], [ -99.406597492307654, 20.491229969230801 ] ] ] ] } },
{ "type": "Feature", "properties": { "IDBD": 163368, "FC": 6291, "CONDICION": "CUERPO DE AGUA INTERMITENTE" }, "geometry": { "type": "MultiPolygon", "coordinates": [ [ [ [ -99.4222580153846, 20.48794869230769 ], [ -99.422334876923045, 20.488002723076967 ], [ -99.422402153846107, 20.488056769230788 ], [ -99.422411969230737, 20.488138061538432 ], [ -99.422460030769173, 20.48818313846154 ], [ -99.422661692307656, 20.488282030769209 ], [ -99.422767292307668, 20.488326953846165 ], [ -99.422796153846093, 20.488363030769271 ], [ -99.422796261538451, 20.488399184615357 ], [ -99.422748584615377, 20.488498692307676 ], [ -99.422710323076885, 20.488534923076919 ], [ -99.422604769230745, 20.48850807692309 ], [ -99.422431984615358, 20.488445246153852 ], [ -99.422268846153798, 20.488400461538493 ], [ -99.422220969230736, 20.488427676923081 ], [ -99.422144276923049, 20.488436907692307 ], [ -99.422057846153834, 20.488391938461504 ], [ -99.421952338461494, 20.488383153846193 ], [ -99.421856353846124, 20.48834724615385 ], [ -99.42173169230766, 20.48834755384615 ], [ -99.421578076923041, 20.488284676923069 ], [ -99.421855830769204, 20.4881574923077 ], [ -99.421989984615337, 20.488121015384628 ], [ -99.4221145384615, 20.488084569230764 ], [ -99.4222580153846, 20.48794869230769 ] ] ] ] } },
{ "type": "Feature", "properties": { "IDBD": 163402, "FC": 6291, "CONDICION": "CUERPO DE AGUA INTERMITENTE" }, "geometry": { "type": "MultiPolygon", "coordinates": [ [ [ [ -99.464487923076916, 20.487307784615421 ], [ -99.464717876923061, 20.487243923076967 ], [ -99.464938523076896, 20.48727043076925 ], [ -99.465149507692288, 20.487278907692286 ], [ -99.465264846153829, 20.487368953846179 ], [ -99.4654946461538, 20.487250876923092 ], [ -99.465609630769166, 20.48722346153847 ], [ -99.465801338461503, 20.487195830769238 ], [ -99.465696123076867, 20.48728647692306 ], [ -99.465619769230742, 20.487404153846168 ], [ -99.465466553846113, 20.487476846153871 ], [ -99.465399646153799, 20.487549323076927 ], [ -99.465246276923054, 20.487567800000011 ], [ -99.464968323076874, 20.487613723076919 ], [ -99.464795661538446, 20.487596107692308 ], [ -99.464642169230785, 20.487578446153819 ], [ -99.464546492307676, 20.487651 ], [ -99.464431399999953, 20.487642261538507 ], [ -99.464373676923032, 20.487579169230795 ], [ -99.464402246153796, 20.487515846153869 ], [ -99.46446910769231, 20.487425307692302 ], [ -99.464487923076916, 20.487307784615421 ] ] ] ] } },
{ "type": "Feature", "properties": { "IDBD": 163404, "FC": 6291, "CONDICION": "CUERPO DE AGUA INTERMITENTE" }, "geometry": { "type": "MultiPolygon", "coordinates": [ [ [ [ -99.42092219999995, 20.486894723076936 ], [ -99.420692015384603, 20.4868772 ], [ -99.42078770769227, 20.486804676923107 ], [ -99.420892799999976, 20.486659846153866 ], [ -99.420902092307657, 20.4865514 ], [ -99.420882415384582, 20.486370723076973 ], [ -99.42083218461535, 20.485530492307696 ], [ -99.420802876923091, 20.485331769230761 ], [ -99.42077316923077, 20.484988476923082 ], [ -99.420801661538434, 20.484889015384624 ], [ -99.420887723076945, 20.484798446153835 ], [ -99.420868323076917, 20.484717169230773 ], [ -99.420781815384558, 20.484645092307705 ], [ -99.420695338461528, 20.484582046153815 ], [ -99.420608815384597, 20.484500938461558 ], [ -99.420579861538414, 20.484428723076945 ], [ -99.420598615384606, 20.484275061538501 ], [ -99.420559569230733, 20.484022138461558 ], [ -99.420492076923054, 20.483886769230782 ], [ -99.420481846153805, 20.483651861538437 ], [ -99.420413907692279, 20.483353830769275 ], [ -99.420346507692273, 20.483254599999984 ], [ -99.420249753846093, 20.482938569230768 ], [ -99.420163169230733, 20.48283035384614 ], [ -99.420076246153826, 20.482604661538478 ], [ -99.420037492307657, 20.482460184615412 ], [ -99.420046769230751, 20.4823426923077 ], [ -99.419873876923035, 20.482234676923074 ], [ -99.420132646153846, 20.482188861538457 ], [ -99.420334707692263, 20.482441384615377 ], [ -99.420335153846111, 20.482604030769224 ], [ -99.420412430769204, 20.482811676923113 ], [ -99.420489630769211, 20.482992215384634 ], [ -99.420595676923071, 20.483199784615373 ], [ -99.420654030769228, 20.483497830769227 ], [ -99.420760538461494, 20.483877076923054 ], [ -99.4208668461538, 20.484175015384587 ], [ -99.421117569230773, 20.484689461538458 ], [ -99.421127369230732, 20.484770753846153 ], [ -99.421127646153849, 20.484870153846106 ], [ -99.421137507692308, 20.484969523076952 ], [ -99.42112818461537, 20.485068938461559 ], [ -99.421089984615364, 20.485123246153865 ], [ -99.421071138461514, 20.4852498 ], [ -99.421090723076887, 20.485394338461553 ], [ -99.421139261538443, 20.485611076923099 ], [ -99.421120446153822, 20.485746661538471 ], [ -99.421130969230717, 20.48609 ], [ -99.421112615384558, 20.486388230769244 ], [ -99.421113076923021, 20.486559923076911 ], [ -99.421094292307686, 20.486704538461545 ], [ -99.421084984615348, 20.486803953846163 ], [ -99.421066076923054, 20.486903399999957 ], [ -99.42092219999995, 20.486894723076936 ] ] ] ] } },
{ "type": "Feature", "properties": { "IDBD": 163418, "FC": 6291, "CONDICION": "CUERPO DE AGUA INTERMITENTE" }, "geometry": { "type": "MultiPolygon", "coordinates": [ [ [ [ -99.366345046153839, 20.485283461538451 ], [ -99.366285630769198, 20.484488415384611 ], [ -99.367598292307676, 20.484042876923063 ], [ -99.367389646153839, 20.485010169230765 ], [ -99.367332676923056, 20.485254261538461 ], [ -99.366355076923028, 20.485464153846159 ], [ -99.366345046153839, 20.485283461538451 ] ] ] ] } },
{ "type": "Feature", "properties": { "IDBD": 163430, "FC": 6291, "CONDICION": "CUERPO DE AGUA INTERMITENTE" }, "geometry": { "type": "MultiPolygon", "coordinates": [ [ [ [ -99.376373384615363, 20.48442166153847 ], [ -99.376421230769168, 20.484376384615427 ], [ -99.376555446153802, 20.484367061538432 ], [ -99.377054369230734, 20.484483446153835 ], [ -99.377265553846158, 20.484573353846145 ], [ -99.377476630769166, 20.484618061538473 ], [ -99.377572507692292, 20.484608830769215 ], [ -99.377840938461503, 20.484581138461518 ], [ -99.377994523076893, 20.484644046153836 ], [ -99.378196092307647, 20.484724938461518 ], [ -99.378397507692299, 20.484742569230789 ], [ -99.378531784615362, 20.484751307692306 ], [ -99.378561261538408, 20.485040400000017 ], [ -99.378359861538456, 20.485031800000023 ], [ -99.378167969230731, 20.484987046153826 ], [ -99.377985630769203, 20.484933230769251 ], [ -99.377793630769219, 20.484843276923076 ], [ -99.377601646153806, 20.484762369230765 ], [ -99.377266, 20.484754061538467 ], [ -99.377035707692286, 20.484691307692312 ], [ -99.376738215384592, 20.484601599999984 ], [ -99.376507784615384, 20.48448463076922 ], [ -99.376373384615363, 20.48442166153847 ] ] ] ] } },
{ "type": "Feature", "properties": { "IDBD": 163457, "FC": 6291, "CONDICION": "CUERPO DE AGUA INTERMITENTE" }, "geometry": { "type": "MultiPolygon", "coordinates": [ [ [ [ -99.384464799999975, 20.483644923076909 ], [ -99.384311338461487, 20.483636230769235 ], [ -99.384531630769217, 20.483527307692327 ], [ -99.384771169230746, 20.483454492307693 ], [ -99.384847338461512, 20.483237461538486 ], [ -99.384904615384585, 20.483128892307722 ], [ -99.384961646153812, 20.482929984615414 ], [ -99.385163215384608, 20.483010861538478 ], [ -99.385249892307655, 20.483155246153885 ], [ -99.385375199999942, 20.483417015384649 ], [ -99.385347061538411, 20.483670076923062 ], [ -99.385174307692324, 20.48360721538463 ], [ -99.384944230769221, 20.483634830769212 ], [ -99.384829246153799, 20.483671230769215 ], [ -99.384627846153819, 20.483662630769217 ], [ -99.384464799999975, 20.483644923076909 ] ] ] ] } },
{ "type": "Feature", "properties": { "IDBD": 163520, "FC": 6291, "CONDICION": "CUERPO DE AGUA INTERMITENTE" }, "geometry": { "type": "MultiPolygon", "coordinates": [ [ [ [ -99.419282399999958, 20.479832523076958 ], [ -99.4190428153846, 20.479878276923092 ], [ -99.41904246153841, 20.479751784615402 ], [ -99.41915726153843, 20.479652107692264 ], [ -99.419233799999986, 20.479588661538443 ], [ -99.419214276923043, 20.479462215384661 ], [ -99.419137230769209, 20.479335892307713 ], [ -99.41902201538457, 20.479281953846165 ], [ -99.418878076923008, 20.479246153846166 ], [ -99.418762815384596, 20.479174153846166 ], [ -99.418657046153825, 20.479065969230792 ], [ -99.418532030769214, 20.47893073846155 ], [ -99.418388046153822, 20.478876861538506 ], [ -99.41802361538457, 20.478859661538497 ], [ -99.418876215384572, 20.478559430769256 ], [ -99.419537230769222, 20.47833192307694 ], [ -99.419422507692289, 20.478458707692315 ], [ -99.4193558, 20.478612492307693 ], [ -99.419318092307677, 20.478847507692308 ], [ -99.419309153846115, 20.479091507692321 ], [ -99.419348184615359, 20.479335384615418 ], [ -99.419415615384622, 20.479452692307682 ], [ -99.419406569230759, 20.479651507692292 ], [ -99.419282399999958, 20.479832523076958 ] ] ] ] } },
{ "type": "Feature", "properties": { "IDBD": 163533, "FC": 6291, "CONDICION": "CUERPO DE AGUA INTERMITENTE" }, "geometry": { "type": "MultiPolygon", "coordinates": [ [ [ [ -99.36380515384613, 20.477689476923061 ], [ -99.36341339999997, 20.478277630769234 ], [ -99.363114584615332, 20.477618630769243 ], [ -99.362970123076906, 20.477347846153862 ], [ -99.362864323076906, 20.477212523076961 ], [ -99.362835338461508, 20.477122230769197 ], [ -99.362998169230707, 20.477040569230805 ], [ -99.363209199999957, 20.477076261538478 ], [ -99.363401169230741, 20.477157184615411 ], [ -99.363496969230738, 20.477120846153863 ], [ -99.363717446153856, 20.477093276923092 ], [ -99.363775061538433, 20.477129292307676 ], [ -99.363727384615345, 20.477237830769212 ], [ -99.363612507692253, 20.477319400000045 ], [ -99.363478384615362, 20.477373892307725 ], [ -99.363545769230768, 20.477482184615376 ], [ -99.363670476923048, 20.477509030769227 ], [ -99.36380515384613, 20.477689476923061 ] ] ] ] } },
{ "type": "Feature", "properties": { "IDBD": 163545, "FC": 6291, "CONDICION": "CUERPO DE AGUA INTERMITENTE" }, "geometry": { "type": "MultiPolygon", "coordinates": [ [ [ [ -99.332684415384563, 20.475447630769278 ], [ -99.33276155384614, 20.475646276923076 ], [ -99.332771661538445, 20.4758812 ], [ -99.332781707692305, 20.476098046153858 ], [ -99.332705415384595, 20.47628793846151 ], [ -99.332580953846133, 20.476378538461553 ], [ -99.332418046153848, 20.476424030769255 ], [ -99.332235907692308, 20.476451492307717 ], [ -99.332053569230752, 20.47637955384614 ], [ -99.331899784615359, 20.476208153846137 ], [ -99.331813092307684, 20.476027600000016 ], [ -99.331812723076908, 20.475855923076963 ], [ -99.331841123076927, 20.47568418461535 ], [ -99.331898476923044, 20.475602738461554 ], [ -99.332099723076908, 20.475548138461487 ], [ -99.332272323076879, 20.475547815384623 ], [ -99.332406353846125, 20.47544816923077 ], [ -99.332511723076891, 20.475402784615348 ], [ -99.332617184615387, 20.475393538461571 ], [ -99.332684415384563, 20.475447630769278 ] ] ] ] } },
{ "type": "Feature", "properties": { "IDBD": 163667, "FC": 6291, "CONDICION": "CUERPO DE AGUA INTERMITENTE" }, "geometry": { "type": "MultiPolygon", "coordinates": [ [ [ [ -99.507744969230743, 20.466756507692349 ], [ -99.507965323076917, 20.466701646153869 ], [ -99.508368184615392, 20.466754692307667 ], [ -99.508790323076894, 20.46683478461539 ], [ -99.508991784615347, 20.466870338461558 ], [ -99.509164876923037, 20.467023430769213 ], [ -99.509338092307658, 20.467212676923108 ], [ -99.509482446153811, 20.467374907692296 ], [ -99.509626661538462, 20.467491953846142 ], [ -99.509818507692273, 20.467518492307732 ], [ -99.510443061538439, 20.467923276923091 ], [ -99.510145892307676, 20.467942230769225 ], [ -99.509886723076917, 20.467852630769205 ], [ -99.509695107692266, 20.467898369230745 ], [ -99.509388599999937, 20.46798963076926 ], [ -99.508938169230746, 20.4680542 ], [ -99.508516, 20.467965076923079 ], [ -99.50807559999997, 20.468165153846176 ], [ -99.50781710769229, 20.468283369230765 ], [ -99.507587415384577, 20.468410553846166 ], [ -99.507309569230742, 20.468474615384579 ], [ -99.507146384615353, 20.468420861538483 ], [ -99.507098153846101, 20.468330646153802 ], [ -99.507420969230751, 20.467362861538465 ], [ -99.507601723076888, 20.466928615384607 ], [ -99.507744969230743, 20.466756507692349 ] ] ] ] } },
{ "type": "Feature", "properties": { "IDBD": 163701, "FC": 6291, "CONDICION": "CUERPO DE AGUA INTERMITENTE" }, "geometry": { "type": "MultiPolygon", "coordinates": [ [ [ [ -99.366790184615382, 20.46276466153844 ], [ -99.366847784615373, 20.462791646153864 ], [ -99.366752184615379, 20.462909307692328 ], [ -99.366714169230718, 20.463053969230746 ], [ -99.366723969230748, 20.463144307692328 ], [ -99.366896615384604, 20.463171061538436 ], [ -99.367088584615345, 20.463261015384653 ], [ -99.367261415384604, 20.463360046153849 ], [ -99.367491738461496, 20.463449923076954 ], [ -99.367607184615338, 20.463612323076934 ], [ -99.367559476923049, 20.463711815384602 ], [ -99.367415723076917, 20.463739230769217 ], [ -99.367262199999985, 20.463694369230776 ], [ -99.367022123076907, 20.463532230769218 ], [ -99.366782, 20.463352015384611 ], [ -99.3666764, 20.46329803076922 ], [ -99.366513353846116, 20.463280292307712 ], [ -99.366522538461481, 20.463108584615384 ], [ -99.36658929230768, 20.462954830769238 ], [ -99.366723153846124, 20.46280093846158 ], [ -99.366790184615382, 20.46276466153844 ] ] ] ] } },
{ "type": "Feature", "properties": { "IDBD": 163702, "FC": 6291, "CONDICION": "CUERPO DE AGUA INTERMITENTE" }, "geometry": { "type": "MultiPolygon", "coordinates": [ [ [ [ -99.40094483076922, 20.463719369230752 ], [ -99.401060430769178, 20.463926938461526 ], [ -99.401166061538419, 20.463989938461548 ], [ -99.401290769230741, 20.46401675384616 ], [ -99.401348461538404, 20.46407987692308 ], [ -99.401472923076895, 20.464007307692292 ], [ -99.401578153846131, 20.463916707692274 ], [ -99.401731461538461, 20.463880200000016 ], [ -99.401923169230741, 20.463861692307685 ], [ -99.402153353846117, 20.463888261538457 ], [ -99.402220846153853, 20.464032692307715 ], [ -99.402000199999975, 20.463988015384601 ], [ -99.4017798307692, 20.464042738461512 ], [ -99.401559507692312, 20.464124569230734 ], [ -99.40137755384616, 20.46420632307693 ], [ -99.401176369230726, 20.464270030769239 ], [ -99.401003769230726, 20.4642614 ], [ -99.400898230769201, 20.46423453846154 ], [ -99.400782846153831, 20.46410829230771 ], [ -99.400753969230735, 20.464063184615412 ], [ -99.400830569230735, 20.464026861538496 ], [ -99.400907, 20.463918246153849 ], [ -99.400935476923038, 20.463809753846146 ], [ -99.40094483076922, 20.463719369230752 ] ] ] ] } },
{ "type": "Feature", "properties": { "IDBD": 163724, "FC": 6291, "CONDICION": "CUERPO DE AGUA INTERMITENTE" }, "geometry": { "type": "MultiPolygon", "coordinates": [ [ [ [ -99.501953246153832, 20.463637846153826 ], [ -99.501865507692315, 20.463195338461542 ], [ -99.502441107692292, 20.46329307692308 ], [ -99.502690584615351, 20.46335561538465 ], [ -99.50292130769229, 20.463544692307675 ], [ -99.503113692307693, 20.463733892307715 ], [ -99.502673707692267, 20.464060461538473 ], [ -99.502157430769202, 20.464513753846138 ], [ -99.501953246153832, 20.463637846153826 ] ] ] ] } },
{ "type": "Feature", "properties": { "IDBD": 163736, "FC": 6291, "CONDICION": "CUERPO DE AGUA INTERMITENTE" }, "geometry": { "type": "MultiPolygon", "coordinates": [ [ [ [ -99.523110276923063, 20.462653830769192 ], [ -99.523139723076881, 20.462852538461537 ], [ -99.523159630769229, 20.463069338461548 ], [ -99.523142138461509, 20.463566369230779 ], [ -99.522999, 20.463765584615402 ], [ -99.522826692307675, 20.463847430769231 ], [ -99.522606292307657, 20.46388423076921 ], [ -99.522443599999974, 20.463975076923077 ], [ -99.522204307692277, 20.464093261538476 ], [ -99.521984338461493, 20.464256569230791 ], [ -99.52184092307688, 20.464374461538458 ], [ -99.521668523076897, 20.464429199999959 ], [ -99.521495523076894, 20.464303215384575 ], [ -99.521207, 20.464042046153864 ], [ -99.521033692307654, 20.463825692307708 ], [ -99.521001938461538, 20.462940276923071 ], [ -99.521125784615379, 20.462704969230803 ], [ -99.521412799999979, 20.462523384615366 ], [ -99.52183387692304, 20.462287184615388 ], [ -99.522121553846105, 20.4623044 ], [ -99.522639569230734, 20.462384169230795 ], [ -99.522927415384615, 20.462446553846164 ], [ -99.523110276923063, 20.462653830769192 ] ] ] ] } },
{ "type": "Feature", "properties": { "IDBD": 163786, "FC": 6291, "CONDICION": "CUERPO DE AGUA INTERMITENTE" }, "geometry": { "type": "MultiPolygon", "coordinates": [ [ [ [ -99.531031723076907, 20.457641984615421 ], [ -99.531099184615385, 20.457741184615418 ], [ -99.53117633846152, 20.457876476923072 ], [ -99.531618230769212, 20.458128138461518 ], [ -99.531925769230739, 20.458344061538451 ], [ -99.532253246153829, 20.458776784615363 ], [ -99.532426938461512, 20.459101538461571 ], [ -99.532572092307674, 20.459489646153855 ], [ -99.532660030769208, 20.459968276923114 ], [ -99.532699646153816, 20.460338630769197 ], [ -99.53275804615383, 20.460591461538478 ], [ -99.532595369230705, 20.460682323076941 ], [ -99.532241292307674, 20.460873153846158 ], [ -99.532030292307653, 20.460855723076936 ], [ -99.531790369230734, 20.460784169230738 ], [ -99.531598584615352, 20.460775723076903 ], [ -99.531474246153849, 20.460866461538465 ], [ -99.531340246153817, 20.460930123076903 ], [ -99.531196399999985, 20.460921523076951 ], [ -99.5308122153846, 20.460723907692323 ], [ -99.530620492307662, 20.460733538461508 ], [ -99.530504984615376, 20.460598338461548 ], [ -99.530235907692315, 20.460418446153849 ], [ -99.529803384615349, 20.460103507692335 ], [ -99.529783861538419, 20.460004169230753 ], [ -99.5296686, 20.459941276923058 ], [ -99.529696646153809, 20.45973335384614 ], [ -99.52947549230764, 20.45954427692309 ], [ -99.529350384615356, 20.459409123076938 ], [ -99.529407046153807, 20.459155938461535 ], [ -99.529559676923029, 20.458929584615387 ], [ -99.52970295384614, 20.458775538461524 ], [ -99.529923061538412, 20.4586574 ], [ -99.530181276923045, 20.458466861538483 ], [ -99.530343661538453, 20.458294676923064 ], [ -99.530467646153809, 20.458104538461544 ], [ -99.530630107692289, 20.457950446153841 ], [ -99.530802184615354, 20.457805338461515 ], [ -99.531031723076907, 20.457641984615421 ] ] ] ] } },
{ "type": "Feature", "properties": { "IDBD": 163792, "FC": 6292, "CONDICION": "CUERPO DE AGUA PERENNE" }, "geometry": { "type": "MultiPolygon", "coordinates": [ [ [ [ -99.432207123076864, 20.455430738461544 ], [ -99.432063507692305, 20.455503384615451 ], [ -99.431880815384588, 20.45531407692307 ], [ -99.431794476923045, 20.455296215384649 ], [ -99.431727646153831, 20.455395784615352 ], [ -99.431344830769206, 20.455640707692304 ], [ -99.431249169230739, 20.455713230769241 ], [ -99.430971199999973, 20.455741030769243 ], [ -99.430750969230715, 20.455840969230778 ], [ -99.430511738461519, 20.456004215384628 ], [ -99.430186092307665, 20.456122476923085 ], [ -99.429965692307633, 20.456159169230812 ], [ -99.429649246153843, 20.456141876923073 ], [ -99.429399753846141, 20.456061169230779 ], [ -99.428930169230725, 20.456134615384599 ], [ -99.428796430769225, 20.456306630769234 ], [ -99.428701384615337, 20.456605061538468 ], [ -99.428443799999954, 20.457066523076936 ], [ -99.428014015384605, 20.457663969230797 ], [ -99.427784584615353, 20.45790850769232 ], [ -99.427172030769199, 20.458289523076903 ], [ -99.42694235384613, 20.458443692307686 ], [ -99.426712338461485, 20.458471369230768 ], [ -99.426626246153859, 20.458543876923049 ], [ -99.426598184615358, 20.458796953846207 ], [ -99.426174953846143, 20.458301 ], [ -99.425597769230748, 20.457597600000028 ], [ -99.425798, 20.457199538461548 ], [ -99.425950476923049, 20.456864830769238 ], [ -99.426208523076895, 20.456566 ], [ -99.426572646153815, 20.456492815384618 ], [ -99.427176323076893, 20.456373876923077 ], [ -99.427578799999964, 20.456300599999985 ], [ -99.427751292307676, 20.456273061538507 ], [ -99.427846723076883, 20.45611018461539 ], [ -99.42787530769229, 20.456046861538447 ], [ -99.427874338461507, 20.45569446153846 ], [ -99.428840030769223, 20.454743292307715 ], [ -99.429194553846145, 20.454670138461566 ], [ -99.429616615384575, 20.45475041538463 ], [ -99.430058323076892, 20.454993292307694 ], [ -99.43026007692302, 20.455146415384604 ], [ -99.430356123076905, 20.455209430769244 ], [ -99.430480661538425, 20.455172969230741 ], [ -99.430566676923078, 20.455073369230742 ], [ -99.430758092307684, 20.45495541538466 ], [ -99.43103595384612, 20.454891476923112 ], [ -99.431332969230724, 20.454827492307682 ], [ -99.43150536923072, 20.454763815384645 ], [ -99.43159147692306, 20.454700338461549 ], [ -99.431619846153836, 20.454555692307725 ], [ -99.431600384615393, 20.454456353846165 ], [ -99.431523338461545, 20.454330030769214 ], [ -99.432020892307619, 20.453976400000037 ], [ -99.432164723076909, 20.453985076923097 ], [ -99.432193815384593, 20.454102476923072 ], [ -99.432002523076903, 20.4542656 ], [ -99.431907107692297, 20.454428476923045 ], [ -99.431945984615339, 20.454618138461541 ], [ -99.431965923076902, 20.454889169230771 ], [ -99.431937538461511, 20.455024784615372 ], [ -99.432033784615342, 20.455160092307707 ], [ -99.432207123076864, 20.455430738461544 ] ] ] ] } },
{ "type": "Feature", "properties": { "IDBD": 163800, "FC": 6291, "CONDICION": "CUERPO DE AGUA INTERMITENTE" }, "geometry": { "type": "MultiPolygon", "coordinates": [ [ [ [ -99.522045415384582, 20.45963 ], [ -99.522073169230737, 20.459331723076929 ], [ -99.522338923076902, 20.45853576923075 ], [ -99.522899723076904, 20.457097369230798 ], [ -99.523043461538464, 20.457078861538491 ], [ -99.52340839999998, 20.457258476923069 ], [ -99.5235816153846, 20.457447723076946 ], [ -99.523802430769209, 20.457537415384621 ], [ -99.524559923076893, 20.457562230769213 ], [ -99.524713107692293, 20.457498523076907 ], [ -99.525087015384614, 20.4574974 ], [ -99.525412892307642, 20.457469307692314 ], [ -99.525805692307685, 20.457386784615373 ], [ -99.526025769230742, 20.457259615384586 ], [ -99.526245569230738, 20.457051138461559 ], [ -99.526647446153831, 20.456814984615374 ], [ -99.526733753846145, 20.456823753846145 ], [ -99.526763230769191, 20.457031492307699 ], [ -99.52668772307689, 20.457384123076931 ], [ -99.526362953846146, 20.457737507692311 ], [ -99.526019076923035, 20.458109015384604 ], [ -99.525607769230746, 20.458390384615381 ], [ -99.525177230769216, 20.458653723076878 ], [ -99.525206292307629, 20.458743984615367 ], [ -99.52437375384612, 20.459207338461542 ], [ -99.524172599999957, 20.45926215384619 ], [ -99.523942753846114, 20.459335138461562 ], [ -99.523731799999965, 20.459326738461538 ], [ -99.523444261538444, 20.459354707692277 ], [ -99.523291015384601, 20.459400353846167 ], [ -99.52318592307688, 20.459509092307677 ], [ -99.522744861538413, 20.459501384615379 ], [ -99.522524476923053, 20.459538200000015 ], [ -99.522361769230756, 20.45962 ], [ -99.522208276923081, 20.459593353846152 ], [ -99.522045415384582, 20.45963 ] ] ] ] } },
{ "type": "Feature", "properties": { "IDBD": 163819, "FC": 6291, "CONDICION": "CUERPO DE AGUA INTERMITENTE" }, "geometry": { "type": "MultiPolygon", "coordinates": [ [ [ [ -99.515957584615393, 20.456847015384611 ], [ -99.516661630769207, 20.455227492307714 ], [ -99.516776923076904, 20.455299446153855 ], [ -99.516921123076912, 20.455416476923073 ], [ -99.516988661538463, 20.455542784615361 ], [ -99.517200553846095, 20.455831307692268 ], [ -99.517268323076905, 20.45602989230769 ], [ -99.517470353846107, 20.456237123076924 ], [ -99.517518984615336, 20.4564448 ], [ -99.517615430769212, 20.4566162 ], [ -99.517702230769217, 20.45676955384614 ], [ -99.517712338461536, 20.456923123076933 ], [ -99.517722399999968, 20.457067676923071 ], [ -99.517703661538476, 20.457194230769204 ], [ -99.517636907692292, 20.457302861538512 ], [ -99.517531753846157, 20.457393538461492 ], [ -99.517244399999939, 20.457475707692279 ], [ -99.516861030769178, 20.457513 ], [ -99.516535030769205, 20.457504923076911 ], [ -99.516209092307648, 20.457514938461554 ], [ -99.516094030769224, 20.457515276923086 ], [ -99.515969523076848, 20.457551784615429 ], [ -99.515893, 20.45760623076923 ], [ -99.515816430769192, 20.457642599999957 ], [ -99.515739815384592, 20.45766993846156 ], [ -99.515624553846109, 20.457607030769282 ], [ -99.515957584615393, 20.456847015384611 ] ] ] ] } },
{ "type": "Feature", "properties": { "IDBD": 163903, "FC": 6291, "CONDICION": "CUERPO DE AGUA INTERMITENTE" }, "geometry": { "type": "MultiPolygon", "coordinates": [ [ [ [ -99.520827415384588, 20.450986261538489 ], [ -99.517775523076864, 20.450028523076917 ], [ -99.518688769230764, 20.447911384615402 ], [ -99.518986230769187, 20.447991815384626 ], [ -99.519120630769194, 20.448045630769247 ], [ -99.519465846153835, 20.448071707692311 ], [ -99.51978181538459, 20.447953307692259 ], [ -99.520145199999988, 20.447681138461498 ], [ -99.520374307692293, 20.4473913076923 ], [ -99.520584353846104, 20.447137676923081 ], [ -99.520698938461493, 20.447001784615381 ], [ -99.520890676923031, 20.447001215384596 ], [ -99.521245846153832, 20.44713569230769 ], [ -99.521351846153834, 20.447298015384654 ], [ -99.521534169230719, 20.447351692307688 ], [ -99.521650399999942, 20.447703738461559 ], [ -99.521853369230769, 20.44819107692307 ], [ -99.521902138461527, 20.448434892307723 ], [ -99.521797446153826, 20.44866110769231 ], [ -99.521769415384583, 20.448878061538441 ], [ -99.521512938461512, 20.449583630769261 ], [ -99.521275923076885, 20.450370461538416 ], [ -99.521267707692303, 20.450777107692296 ], [ -99.521153738461507, 20.451093707692305 ], [ -99.520827415384588, 20.450986261538489 ] ] ] ] } },
{ "type": "Feature", "properties": { "IDBD": 163980, "FC": 6292, "CONDICION": "CUERPO DE AGUA PERENNE" }, "geometry": { "type": "MultiPolygon", "coordinates": [ [ [ [ -99.35565, 20.421519923076936 ], [ -99.355525046153815, 20.421366569230788 ], [ -99.3556876, 20.421194538461521 ], [ -99.355811784615355, 20.421013569230741 ], [ -99.35586861538458, 20.420715261538472 ], [ -99.355954876923079, 20.42071507692307 ], [ -99.356155184615375, 20.420280938461541 ], [ -99.356375215384617, 20.420099769230731 ], [ -99.35653787692307, 20.41997292307693 ], [ -99.35670066153844, 20.419900307692302 ], [ -99.356786799999966, 20.419845907692338 ], [ -99.356843876923065, 20.419656030769261 ], [ -99.35688173846151, 20.41944812307695 ], [ -99.356929153846153, 20.419222123076931 ], [ -99.356880799999956, 20.41904150769231 ], [ -99.356698046153824, 20.418761753846194 ], [ -99.356525153846135, 20.418608507692355 ], [ -99.356514984615373, 20.418355507692318 ], [ -99.356658261538442, 20.418138353846132 ], [ -99.356782492307659, 20.417975446153829 ], [ -99.356829615384584, 20.417622938461516 ], [ -99.356857661538427, 20.417315646153895 ], [ -99.356885307692266, 20.416836676923101 ], [ -99.357095753846124, 20.416655523076905 ], [ -99.357239323076897, 20.416564876923122 ], [ -99.357353846153813, 20.416347769230764 ], [ -99.357459015384592, 20.416230092307689 ], [ -99.357679338461494, 20.416175415384643 ], [ -99.357851661538419, 20.416084707692335 ], [ -99.357928030769216, 20.415949 ], [ -99.358071953846149, 20.416011953846159 ], [ -99.358148046153843, 20.415758784615374 ], [ -99.358166846153821, 20.415596107692295 ], [ -99.358128123076867, 20.415433538461556 ], [ -99.358098476923061, 20.415045046153896 ], [ -99.35797333846152, 20.4148194 ], [ -99.357953938461506, 20.414720030769232 ], [ -99.357896169230713, 20.414602692307714 ], [ -99.357608307692274, 20.4144677384615 ], [ -99.357387784615341, 20.414441076923119 ], [ -99.357262969230746, 20.414350969230778 ], [ -99.357032876923043, 20.414324338461508 ], [ -99.356888846153822, 20.414216200000034 ], [ -99.356926938461527, 20.414107692307667 ], [ -99.356993846153827, 20.414026230769235 ], [ -99.35718546153845, 20.413989692307698 ], [ -99.357329353846097, 20.414043615384603 ], [ -99.357674646153825, 20.414142292307723 ], [ -99.357865907692286, 20.413952138461585 ], [ -99.357952107692256, 20.413924861538444 ], [ -99.358009892307663, 20.414042215384605 ], [ -99.35801983076918, 20.4141958 ], [ -99.358173584615344, 20.414367169230733 ], [ -99.358327476923037, 20.414601800000039 ], [ -99.358366184615363, 20.414755338461589 ], [ -99.358289707692308, 20.414845846153831 ], [ -99.358299753846126, 20.41504463076927 ], [ -99.358367292307648, 20.415234246153876 ], [ -99.358463492307678, 20.415387661538471 ], [ -99.358502415384606, 20.415640600000014 ], [ -99.358502984615356, 20.41588456923078 ], [ -99.358609046153816, 20.41615543076918 ], [ -99.358609507692279, 20.416354230769244 ], [ -99.35849478461536, 20.416480969230804 ], [ -99.358331784615359, 20.416463230769246 ], [ -99.357680169230747, 20.416536861538507 ], [ -99.357661399999969, 20.416708584615368 ], [ -99.357968076923044, 20.416689876923073 ], [ -99.358293784615341, 20.41660789230767 ], [ -99.358466507692285, 20.416688861538489 ], [ -99.358352399999987, 20.417086676923091 ], [ -99.35826689230764, 20.417412153846165 ], [ -99.357922261538434, 20.417602630769249 ], [ -99.357778692307662, 20.417693276923078 ], [ -99.357654753846148, 20.417982692307675 ], [ -99.357894446153836, 20.418009307692323 ], [ -99.358210907692282, 20.418071907692344 ], [ -99.358546615384569, 20.418170615384614 ], [ -99.358814876923034, 20.418115846153864 ], [ -99.358957799999956, 20.417745076923079 ], [ -99.359091399999954, 20.417491784615361 ], [ -99.359148230769208, 20.41720250769232 ], [ -99.359176399999981, 20.41694944615384 ], [ -99.3591184153846, 20.416741738461504 ], [ -99.35926166153844, 20.416515538461542 ], [ -99.359414969230727, 20.416488107692317 ], [ -99.359760092307681, 20.416514507692341 ], [ -99.36015413846151, 20.416974538461481 ], [ -99.360432630769168, 20.417199861538425 ], [ -99.360672261538426, 20.41719936923079 ], [ -99.360777507692276, 20.417117815384604 ], [ -99.360882815384585, 20.417063384615428 ], [ -99.361112769230758, 20.417026769230773 ], [ -99.361323692307678, 20.417044400000037 ], [ -99.361553861538397, 20.417098138461551 ], [ -99.362071430769205, 20.417088030769218 ], [ -99.362599323076907, 20.417394153846125 ], [ -99.363098215384582, 20.417591907692305 ], [ -99.363089061538432, 20.417772661538496 ], [ -99.36394295384612, 20.41812327692309 ], [ -99.364000261538436, 20.418032800000017 ], [ -99.364095846153816, 20.417924169230787 ], [ -99.364172569230732, 20.417942076923108 ], [ -99.364201630769188, 20.418068523076926 ], [ -99.364345538461478, 20.418122446153859 ], [ -99.364518292307665, 20.418221476923051 ], [ -99.364624061538436, 20.418356799999962 ], [ -99.364691553846143, 20.418528338461556 ], [ -99.364768538461504, 20.41865469230768 ], [ -99.364807323076889, 20.41884436923079 ], [ -99.364922830769203, 20.41905195384615 ], [ -99.365163215384584, 20.419367707692309 ], [ -99.365345538461497, 20.419457692307684 ], [ -99.3655562, 20.419366892307718 ], [ -99.36571898461537, 20.419294261538486 ], [ -99.365901138461496, 20.419311953846123 ], [ -99.366102492307661, 20.419338630769225 ], [ -99.366303938461499, 20.419401461538467 ], [ -99.366437953846145, 20.419328892307718 ], [ -99.366610399999971, 20.419292384615375 ], [ -99.366840553846131, 20.419337076923053 ], [ -99.367156461538428, 20.419164723076907 ], [ -99.367395923076913, 20.419091938461538 ], [ -99.367443569230744, 20.418974369230739 ], [ -99.367356615384608, 20.418685400000015 ], [ -99.367672753846108, 20.418612430769222 ], [ -99.36809335384612, 20.418132630769261 ], [ -99.368188969230758, 20.418033030769219 ], [ -99.368638123076892, 20.417462815384628 ], [ -99.36908709230768, 20.416820292307644 ], [ -99.369287569230721, 20.416485538461551 ], [ -99.36941186153841, 20.416349723076952 ], [ -99.36951759999998, 20.416476015384625 ], [ -99.369661492307642, 20.416529923076954 ], [ -99.369766861538452, 20.416502584615355 ], [ -99.369862415384617, 20.416375876923105 ], [ -99.369967523076909, 20.416240123076935 ], [ -99.370187769230725, 20.416149292307693 ], [ -99.370178569230731, 20.416311953846165 ], [ -99.370092584615378, 20.416429615384654 ], [ -99.369949261538437, 20.416619676923105 ], [ -99.369872923076912, 20.416764415384584 ], [ -99.369825307692253, 20.416891015384593 ], [ -99.369864061538436, 20.417062630769259 ], [ -99.36991230769226, 20.417198061538489 ], [ -99.370161707692262, 20.417278861538467 ], [ -99.370382292307667, 20.417332600000027 ], [ -99.370468846153827, 20.417449892307705 ], [ -99.37058426153844, 20.417612292307687 ], [ -99.37050810769226, 20.417838353846168 ], [ -99.370518061538448, 20.417991953846151 ], [ -99.370623615384588, 20.418036907692333 ], [ -99.370815892307661, 20.418280476923069 ], [ -99.370787569230714, 20.418461261538472 ], [ -99.370472169230709, 20.418841446153856 ], [ -99.370300138461502, 20.419049646153844 ], [ -99.370214276923065, 20.419221507692352 ], [ -99.370128553846129, 20.4194476 ], [ -99.369965846153804, 20.419547338461541 ], [ -99.369947, 20.419682923076937 ], [ -99.369909030769207, 20.41983661538465 ], [ -99.369746553846127, 20.420035753846147 ], [ -99.369391953846119, 20.420063615384585 ], [ -99.369354261538447, 20.420334784615399 ], [ -99.369096138461515, 20.420615446153853 ], [ -99.368924246153796, 20.42088689230766 ], [ -99.368934538461517, 20.421185061538459 ], [ -99.36889807692306, 20.421971276923109 ], [ -99.368812369230724, 20.4222064 ], [ -99.368755923076847, 20.422658323076906 ], [ -99.368431323076877, 20.423201184615429 ], [ -99.368068507692286, 20.423807369230772 ], [ -99.367925399999962, 20.424087784615381 ], [ -99.367782369230738, 20.424404353846114 ], [ -99.367801815384581, 20.424521784615383 ], [ -99.367648984615371, 20.424748015384598 ], [ -99.367553661538466, 20.424974107692307 ], [ -99.367487061538455, 20.425182076923111 ], [ -99.367468292307677, 20.425353815384597 ], [ -99.36749746153842, 20.425525430769206 ], [ -99.36758387692305, 20.425588507692304 ], [ -99.36774698461538, 20.425651415384603 ], [ -99.367919784615324, 20.42575947692308 ], [ -99.368006507692286, 20.425949061538461 ], [ -99.368035646153785, 20.426111646153895 ], [ -99.368074369230754, 20.426274215384609 ], [ -99.368132292307649, 20.426445769230806 ], [ -99.368238076923049, 20.426590123076974 ], [ -99.368535707692274, 20.426788292307716 ], [ -99.368967323076916, 20.426895815384601 ], [ -99.369523276923076, 20.4268856 ], [ -99.369801184615369, 20.426857907692327 ], [ -99.370203507692267, 20.42673958461539 ], [ -99.370481215384572, 20.426621523076928 ], [ -99.370471799999962, 20.426693830769224 ], [ -99.37042421538456, 20.426838507692352 ], [ -99.370357584615363, 20.427037446153832 ], [ -99.37030996923076, 20.427164046153894 ], [ -99.370281569230741, 20.427317723076957 ], [ -99.370300984615341, 20.427417076923081 ], [ -99.370406661538425, 20.427516246153839 ], [ -99.370828630769196, 20.427596676923088 ], [ -99.371241030769198, 20.427686153846118 ], [ -99.371452046153834, 20.427739923076913 ], [ -99.371567230769188, 20.427802938461554 ], [ -99.371701384615349, 20.427784569230781 ], [ -99.3719124307692, 20.427847384615415 ], [ -99.372306261538441, 20.428189907692321 ], [ -99.372680784615341, 20.428469230769238 ], [ -99.373036261538417, 20.4288028 ], [ -99.373353399999971, 20.429136461538452 ], [ -99.373535984615344, 20.429325815384647 ], [ -99.373757353846145, 20.429695830769248 ], [ -99.373940123076906, 20.429957476923086 ], [ -99.374104123076918, 20.430390861538477 ], [ -99.374364030769186, 20.4308421076923 ], [ -99.374604276923051, 20.431085569230746 ], [ -99.374748692307662, 20.431347307692313 ], [ -99.374825861538426, 20.431545938461539 ], [ -99.374883969230723, 20.431789784615365 ], [ -99.374989753846123, 20.431925092307718 ], [ -99.374990138461484, 20.432087738461554 ], [ -99.374972199999945, 20.432593800000028 ], [ -99.374982246153792, 20.432783538461557 ], [ -99.375079046153814, 20.433171876923122 ], [ -99.375156261538436, 20.433388584615368 ], [ -99.375262446153783, 20.433695584615389 ], [ -99.375214938461539, 20.433867369230782 ], [ -99.375196076923061, 20.43399392307694 ], [ -99.375282661538449, 20.434120230769238 ], [ -99.375426799999985, 20.434264507692259 ], [ -99.375465692307657, 20.434490323076922 ], [ -99.375581292307658, 20.434725015384629 ], [ -99.376022415384583, 20.434787307692314 ], [ -99.375900430769221, 20.435871907692317 ], [ -99.375814984615374, 20.436215461538456 ], [ -99.375651492307625, 20.435998953846173 ], [ -99.37549815384611, 20.436017353846186 ], [ -99.375325630769183, 20.436026753846196 ], [ -99.375172399999968, 20.436090338461486 ], [ -99.375047584615345, 20.436009292307737 ], [ -99.374932507692293, 20.435991461538489 ], [ -99.374817599999957, 20.436045923076922 ], [ -99.374721984615377, 20.436145523076934 ], [ -99.374655123076934, 20.436245061538447 ], [ -99.374617292307676, 20.436462015384624 ], [ -99.37459859999997, 20.436660846153835 ], [ -99.374551215384599, 20.436886861538476 ], [ -99.374455969230738, 20.437140076923097 ], [ -99.37437041538459, 20.437438446153873 ], [ -99.37389258461539, 20.438053923076911 ], [ -99.373768246153816, 20.438171661538508 ], [ -99.373653399999952, 20.43825323076922 ], [ -99.373634384615343, 20.4383165230769 ], [ -99.373653953846116, 20.438479138461577 ], [ -99.37359678461533, 20.438623830769213 ], [ -99.373510815384563, 20.438750523076902 ], [ -99.373424738461509, 20.43883203076923 ], [ -99.373290738461506, 20.438922676923063 ], [ -99.373195246153813, 20.43907650769232 ], [ -99.37315733846151, 20.439257307692323 ], [ -99.373090738461542, 20.439465276923087 ], [ -99.373024215384575, 20.439709399999973 ], [ -99.372881292307667, 20.440071138461573 ], [ -99.372757338461525, 20.440351523076913 ], [ -99.372557399999963, 20.440921230769241 ], [ -99.372452276923042, 20.441057 ], [ -99.37225146153844, 20.44126526153849 ], [ -99.372079030769243, 20.441319846153842 ], [ -99.37194512307687, 20.441446630769235 ], [ -99.371868846153802, 20.441618476923047 ], [ -99.371763830769197, 20.441799430769262 ], [ -99.371591676923032, 20.441971476923058 ], [ -99.371486338461523, 20.442016892307716 ], [ -99.371285323076904, 20.442143815384625 ], [ -99.371103523076897, 20.442288784615357 ], [ -99.370979153846108, 20.442397476923052 ], [ -99.370605707692292, 20.442579 ], [ -99.370193830769196, 20.442724461538457 ], [ -99.369666892307634, 20.442861123076934 ], [ -99.369321907692267, 20.442916061538476 ], [ -99.368574338461499, 20.442998969230764 ], [ -99.367903138461514, 20.442946184615383 ], [ -99.367433323076924, 20.442920061538491 ], [ -99.367421661538415, 20.442043584615366 ], [ -99.367411123076906, 20.44164601538461 ], [ -99.367286184615338, 20.441510738461545 ], [ -99.36723773846154, 20.441293984615392 ], [ -99.367188907692281, 20.440914569230792 ], [ -99.367150046153796, 20.440697784615367 ], [ -99.366928199999947, 20.440128969230777 ], [ -99.366591046153786, 20.439442938461514 ], [ -99.366378938461537, 20.438937369230786 ], [ -99.366138476923084, 20.438594507692308 ], [ -99.36585969230768, 20.438269784615379 ], [ -99.365706276923063, 20.43825204615386 ], [ -99.365542938461488, 20.438098769230805 ], [ -99.365351076923062, 20.43804495384612 ], [ -99.365091938461561, 20.437909953846191 ], [ -99.364679215384569, 20.437693953846164 ], [ -99.364410476923069, 20.437558984615396 ], [ -99.3639496, 20.437252707692334 ], [ -99.363575015384598, 20.436946276923059 ], [ -99.363382907692284, 20.436784015384635 ], [ -99.363113861538437, 20.436513492307704 ], [ -99.362969492307656, 20.436269830769202 ], [ -99.362844553846116, 20.436134538461559 ], [ -99.362537046153818, 20.435818923076898 ], [ -99.362373615384598, 20.435620461538441 ], [ -99.36221976923072, 20.435422 ], [ -99.362094584615349, 20.435178276923082 ], [ -99.362036261538421, 20.434835030769257 ], [ -99.361844246153851, 20.434708923076915 ], [ -99.361738476923051, 20.434573599999986 ], [ -99.361565784615365, 20.43451070769234 ], [ -99.361364215384569, 20.43440269230771 ], [ -99.361134061538465, 20.434367030769202 ], [ -99.360980723076878, 20.434385415384618 ], [ -99.360874476923044, 20.43404226153849 ], [ -99.3608452153846, 20.433825461538447 ], [ -99.360950523076909, 20.433761984615412 ], [ -99.36095990769229, 20.433680646153832 ], [ -99.361026661538446, 20.433526892307665 ], [ -99.361122384615385, 20.433472476923086 ], [ -99.361160338461502, 20.433300707692343 ], [ -99.361112092307664, 20.433165261538456 ], [ -99.361044369230754, 20.432903369230775 ], [ -99.360861307692289, 20.432506153846163 ], [ -99.360727092307656, 20.432497400000027 ], [ -99.360601169230719, 20.431937415384628 ], [ -99.36041790769228, 20.431458876923109 ], [ -99.360330153846135, 20.430817507692332 ], [ -99.360387338461507, 20.430681846153885 ], [ -99.360540430769205, 20.430555015384581 ], [ -99.360635953846128, 20.430410246153826 ], [ -99.360721646153792, 20.430166092307676 ], [ -99.361037030769225, 20.429758815384655 ], [ -99.361247646153799, 20.429640907692331 ], [ -99.361343153846107, 20.429487092307699 ], [ -99.361467569230754, 20.42940550769228 ], [ -99.361553215384575, 20.429134246153851 ], [ -99.361705892307668, 20.428835738461537 ], [ -99.361839599999954, 20.428627630769238 ], [ -99.36190618461535, 20.428401584615372 ], [ -99.361924399999936, 20.427994923076863 ], [ -99.361847353846144, 20.427841476923064 ], [ -99.361636107692263, 20.427688292307703 ], [ -99.361616384615331, 20.427453400000037 ], [ -99.361548907692296, 20.427290892307695 ], [ -99.361433630769199, 20.427182692307682 ], [ -99.361308415384599, 20.426929938461548 ], [ -99.361193015384572, 20.426767538461526 ], [ -99.361029861538412, 20.426686553846135 ], [ -99.360857123076883, 20.426596538461499 ], [ -99.360713169230749, 20.426524553846185 ], [ -99.360396030769195, 20.426181830769245 ], [ -99.36027098461534, 20.42599233846153 ], [ -99.360193692307647, 20.425730446153828 ], [ -99.360058861538462, 20.425459646153865 ], [ -99.359904815384581, 20.425170815384615 ], [ -99.360325799999956, 20.4248356 ], [ -99.360133446153796, 20.424555876923122 ], [ -99.360065907692245, 20.424366261538434 ], [ -99.359988799999982, 20.424185692307674 ], [ -99.359911584615347, 20.423959953846172 ], [ -99.359919476923068, 20.423228015384634 ], [ -99.360072461538437, 20.423065046153823 ], [ -99.3602826, 20.42274835384616 ], [ -99.36050206153844, 20.422314153846163 ], [ -99.36078867692305, 20.421906938461529 ], [ -99.360950846153827, 20.421572276923065 ], [ -99.361036353846103, 20.421246799999988 ], [ -99.361237107692304, 20.421020476923079 ], [ -99.361418769230752, 20.420821307692322 ], [ -99.361562215384609, 20.420676430769259 ], [ -99.361504323076886, 20.420513892307689 ], [ -99.361398692307631, 20.420432784615425 ], [ -99.361264369230724, 20.420378846153859 ], [ -99.361034199999949, 20.420325107692321 ], [ -99.360583630769241, 20.420298938461499 ], [ -99.360372799999979, 20.420317446153859 ], [ -99.360277246153842, 20.420444153846201 ], [ -99.360114261538399, 20.420435446153803 ], [ -99.359932215384589, 20.420462938461515 ], [ -99.35985572307689, 20.420544415384633 ], [ -99.359664123076882, 20.42059 ], [ -99.359443738461522, 20.4206266 ], [ -99.359280846153823, 20.42065403076926 ], [ -99.359261938461486, 20.42076250769232 ], [ -99.359032138461529, 20.420871415384603 ], [ -99.358831261538441, 20.421052553846167 ], [ -99.358610892307667, 20.421089153846129 ], [ -99.35857323076921, 20.421387415384608 ], [ -99.358228923076894, 20.421713430769262 ], [ -99.35816195384615, 20.42176778461538 ], [ -99.357989476923066, 20.421795246153845 ], [ -99.357797846153829, 20.421831784615367 ], [ -99.357615707692275, 20.421823123076919 ], [ -99.357376092307675, 20.42183264615382 ], [ -99.357213184615389, 20.421851061538458 ], [ -99.357069461538416, 20.421878461538501 ], [ -99.356772046153836, 20.4217616 ], [ -99.356733276923052, 20.421571923076904 ], [ -99.356723630769196, 20.421544830769232 ], [ -99.356646569230719, 20.421382338461509 ], [ -99.35625323076917, 20.421238569230741 ], [ -99.356071076923072, 20.421220861538462 ], [ -99.355879538461494, 20.421293553846137 ], [ -99.355764799999946, 20.421420292307698 ], [ -99.35565, 20.421519923076936 ] ] ] ] } },
{ "type": "Feature", "properties": { "IDBD": 164005, "FC": 6291, "CONDICION": "CUERPO DE AGUA INTERMITENTE" }, "geometry": { "type": "MultiPolygon", "coordinates": [ [ [ [ -99.518448599999971, 20.44204776923074 ], [ -99.51857313846152, 20.442020292307696 ], [ -99.518803599999984, 20.44213707692311 ], [ -99.519081738461495, 20.442172384615372 ], [ -99.519340630769179, 20.4421896923077 ], [ -99.519561261538428, 20.442234215384659 ], [ -99.519763030769198, 20.442369138461565 ], [ -99.519916938461535, 20.442522292307689 ], [ -99.520118276923043, 20.442530723076921 ], [ -99.520434, 20.442340030769227 ], [ -99.520883153846142, 20.44192303076921 ], [ -99.521217615384586, 20.441605769230794 ], [ -99.521417984615383, 20.441325061538453 ], [ -99.521600646153843, 20.44147812307693 ], [ -99.522003169230757, 20.441449815384615 ], [ -99.522099799999964, 20.441675415384616 ], [ -99.522359061538424, 20.441801138461557 ], [ -99.522455784615374, 20.442053861538458 ], [ -99.522524630769212, 20.44256870769231 ], [ -99.522487353846131, 20.442885076923062 ], [ -99.52247836923074, 20.443065815384632 ], [ -99.522526492307676, 20.443119892307664 ], [ -99.522566353846145, 20.443571569230773 ], [ -99.522835399999977, 20.443751476923094 ], [ -99.522846353846134, 20.444158061538459 ], [ -99.520794953846092, 20.444200353846156 ], [ -99.519673246153815, 20.444176600000048 ], [ -99.518501507692292, 20.443529507692279 ], [ -99.518424123076869, 20.443321907692326 ], [ -99.518448599999971, 20.44204776923074 ] ] ] ] } },
{ "type": "Feature", "properties": { "IDBD": 164006, "FC": 6291, "CONDICION": "CUERPO DE AGUA INTERMITENTE" }, "geometry": { "type": "MultiPolygon", "coordinates": [ [ [ [ -99.509537076923053, 20.443239723076893 ], [ -99.509594369230754, 20.443167276923081 ], [ -99.509766769230751, 20.443121584615348 ], [ -99.509881692307658, 20.443085107692326 ], [ -99.51002543076919, 20.443066615384609 ], [ -99.510140353846111, 20.443030138461548 ], [ -99.510264907692303, 20.443011692307724 ], [ -99.510370307692284, 20.442993323076927 ], [ -99.510447169230787, 20.443047307692332 ], [ -99.510476230769214, 20.4431375846154 ], [ -99.510457446153836, 20.44325510769233 ], [ -99.510419430769204, 20.443354615384607 ], [ -99.510286261538425, 20.443671261538441 ], [ -99.510296707692262, 20.443933276923101 ], [ -99.509874246153814, 20.443735723076919 ], [ -99.509605107692266, 20.443519646153838 ], [ -99.509547, 20.443339092307699 ], [ -99.509537076923053, 20.443239723076893 ] ] ] ] } },
{ "type": "Feature", "properties": { "IDBD": 164017, "FC": 6291, "CONDICION": "CUERPO DE AGUA INTERMITENTE" }, "geometry": { "type": "MultiPolygon", "coordinates": [ [ [ [ -99.51004249230769, 20.442425015384629 ], [ -99.51034916923075, 20.442397 ], [ -99.510664799999972, 20.442179215384623 ], [ -99.51092347692304, 20.442133276923084 ], [ -99.511172430769221, 20.442042184615396 ], [ -99.511383338461513, 20.442041569230764 ], [ -99.511460446153805, 20.442167846153875 ], [ -99.511336169230745, 20.442276646153889 ], [ -99.511240907692283, 20.442457646153851 ], [ -99.511222369230708, 20.442647446153881 ], [ -99.511194169230762, 20.442819215384628 ], [ -99.511156184615373, 20.442927753846167 ], [ -99.51104147692304, 20.44302749230771 ], [ -99.510946, 20.443145230769233 ], [ -99.510908107692259, 20.443280892307676 ], [ -99.510062230769194, 20.442596630769195 ], [ -99.51004249230769, 20.442425015384629 ] ] ] ] } },
{ "type": "Feature", "properties": { "IDBD": 164030, "FC": 6291, "CONDICION": "CUERPO DE AGUA INTERMITENTE" }, "geometry": { "type": "MultiPolygon", "coordinates": [ [ [ [ -99.4337976, 20.441402861538453 ], [ -99.433403446153804, 20.441006246153883 ], [ -99.433153799999971, 20.440862292307699 ], [ -99.432290261538441, 20.440593369230761 ], [ -99.432921292307682, 20.439995415384601 ], [ -99.43338059999995, 20.43969607692307 ], [ -99.433907246153808, 20.439477907692311 ], [ -99.434443553846137, 20.439286815384623 ], [ -99.434692538461505, 20.439195830769261 ], [ -99.434855199999973, 20.439086984615425 ], [ -99.435132969230736, 20.439004969230751 ], [ -99.435325307692281, 20.439221353846154 ], [ -99.435564969230725, 20.439220753846143 ], [ -99.435775892307689, 20.439229261538454 ], [ -99.435507815384597, 20.439347400000024 ], [ -99.435134246153808, 20.439456769230741 ], [ -99.435009799999989, 20.439520338461584 ], [ -99.434799430769203, 20.439710615384627 ], [ -99.434474892307691, 20.4402084153846 ], [ -99.4342172, 20.440615676923095 ], [ -99.434036261538438, 20.441040815384625 ], [ -99.4337976, 20.441402861538453 ] ] ] ] } },
{ "type": "Feature", "properties": { "IDBD": 164105, "FC": 6291, "CONDICION": "CUERPO DE AGUA INTERMITENTE" }, "geometry": { "type": "MultiPolygon", "coordinates": [ [ [ [ -99.514893230769204, 20.436654815384653 ], [ -99.514731446153775, 20.437007707692334 ], [ -99.514703830769236, 20.437351153846151 ], [ -99.514705092307651, 20.43773066153846 ], [ -99.5147445384615, 20.438064876923104 ], [ -99.514044092307685, 20.437868153846161 ], [ -99.513180553846126, 20.437635769230756 ], [ -99.513209046153847, 20.437554353846139 ], [ -99.513381415384572, 20.437499630769228 ], [ -99.513677292307676, 20.437110215384635 ], [ -99.514030307692309, 20.436603153846143 ], [ -99.51424029230769, 20.436331461538469 ], [ -99.514498338461493, 20.436095753846178 ], [ -99.514670369230757, 20.435941646153818 ], [ -99.514909599999982, 20.435814430769284 ], [ -99.515052969230737, 20.435687507692315 ], [ -99.51523450769227, 20.435506246153849 ], [ -99.515358430769169, 20.435298046153857 ], [ -99.515482323076924, 20.435080815384598 ], [ -99.515558076923057, 20.434800476923105 ], [ -99.515509276923041, 20.434538584615357 ], [ -99.515614723076879, 20.434538276923103 ], [ -99.51570187692306, 20.434800061538478 ], [ -99.515722092307684, 20.435116261538447 ], [ -99.515685076923063, 20.435513953846151 ], [ -99.515446307692287, 20.435776692307638 ], [ -99.515245830769203, 20.436030292307713 ], [ -99.515073923076912, 20.436220569230723 ], [ -99.514988369230736, 20.436437676923084 ], [ -99.514893230769204, 20.436654815384653 ] ] ] ] } },
{ "type": "Feature", "properties": { "IDBD": 164128, "FC": 6291, "CONDICION": "CUERPO DE AGUA INTERMITENTE" }, "geometry": { "type": "MultiPolygon", "coordinates": [ [ [ [ -99.398568984615352, 20.434737153846147 ], [ -99.398959769230729, 20.43386880000002 ], [ -99.399093723076888, 20.433769092307692 ], [ -99.399477538461511, 20.433912784615412 ], [ -99.399621153846113, 20.4338492 ], [ -99.399802830769204, 20.433668061538469 ], [ -99.39994647692302, 20.433613523076932 ], [ -99.400032799999977, 20.433631400000021 ], [ -99.400090461538454, 20.433685476923046 ], [ -99.400090615384613, 20.433748723076949 ], [ -99.400052830769198, 20.433965676923087 ], [ -99.399909769230788, 20.434246123076925 ], [ -99.399909907692276, 20.434300338461547 ], [ -99.3999966, 20.434462800000027 ], [ -99.400140707692273, 20.434579938461571 ], [ -99.399911169230748, 20.43478829230769 ], [ -99.398568984615352, 20.434737153846147 ] ] ] ] } },
{ "type": "Feature", "properties": { "IDBD": 164130, "FC": 6291, "CONDICION": "CUERPO DE AGUA INTERMITENTE" }, "geometry": { "type": "MultiPolygon", "coordinates": [ [ [ [ -99.38356412307688, 20.433731707692342 ], [ -99.383602753846134, 20.43384909230771 ], [ -99.383516815384596, 20.433984815384623 ], [ -99.383440307692325, 20.434057276923077 ], [ -99.383402215384592, 20.434156753846136 ], [ -99.383383507692272, 20.434346553846147 ], [ -99.383114892307674, 20.434265830769228 ], [ -99.382865461538444, 20.434185046153846 ], [ -99.382893984615379, 20.434094630769248 ], [ -99.382980015384589, 20.433995046153857 ], [ -99.383037399999964, 20.433940692307694 ], [ -99.383123492307675, 20.433868215384646 ], [ -99.383190492307676, 20.433822892307681 ], [ -99.383314969230739, 20.433768400000041 ], [ -99.38340113846148, 20.433723030769247 ], [ -99.383477830769209, 20.433722861538453 ], [ -99.38356412307688, 20.433731707692342 ] ] ] ] } },
{ "type": "Feature", "properties": { "IDBD": 164202, "FC": 6291, "CONDICION": "CUERPO DE AGUA INTERMITENTE" }, "geometry": { "type": "MultiPolygon", "coordinates": [ [ [ [ -99.52413656923072, 20.42883824615387 ], [ -99.524634707692272, 20.428746384615433 ], [ -99.527220723076908, 20.428124123076955 ], [ -99.529481323076908, 20.427656430769193 ], [ -99.529842276923063, 20.429489630769282 ], [ -99.529615030769236, 20.4303126 ], [ -99.52923239999997, 20.430548692307688 ], [ -99.52854261538458, 20.430659230769258 ], [ -99.527718738461502, 20.430806292307715 ], [ -99.526999523076924, 20.430727153846181 ], [ -99.525522507692301, 20.430487646153868 ], [ -99.524266292307644, 20.430346861538453 ], [ -99.52413656923072, 20.42883824615387 ] ] ] ] } },
{ "type": "Feature", "properties": { "IDBD": 164228, "FC": 6291, "CONDICION": "CUERPO DE AGUA INTERMITENTE" }, "geometry": { "type": "MultiPolygon", "coordinates": [ [ [ [ -99.454558738461515, 20.427226569230797 ], [ -99.454616938461527, 20.427461353846166 ], [ -99.454722723076884, 20.427578538461528 ], [ -99.454934507692286, 20.427885215384599 ], [ -99.454992523076882, 20.428056753846153 ], [ -99.454714599999946, 20.428075538461485 ], [ -99.454532292307647, 20.428012769230779 ], [ -99.454493753846123, 20.427949615384602 ], [ -99.454397292307647, 20.427742046153849 ], [ -99.454396661538382, 20.427525184615387 ], [ -99.454558738461515, 20.427226569230797 ] ] ] ] } },
{ "type": "Feature", "properties": { "IDBD": 164232, "FC": 6291, "CONDICION": "CUERPO DE AGUA INTERMITENTE" }, "geometry": { "type": "MultiPolygon", "coordinates": [ [ [ [ -99.455027676923052, 20.426972338461557 ], [ -99.455104661538414, 20.427071523076958 ], [ -99.455172215384579, 20.427224969230785 ], [ -99.455326061538429, 20.427387215384599 ], [ -99.455393399999949, 20.427468353846166 ], [ -99.455403615384554, 20.427685199999981 ], [ -99.455250538461513, 20.4277849846154 ], [ -99.455154692307687, 20.427785246153853 ], [ -99.454943615384565, 20.427722538461548 ], [ -99.454770523076903, 20.427533230769235 ], [ -99.454702861538451, 20.427343661538472 ], [ -99.454731138461511, 20.427180938461536 ], [ -99.455027676923052, 20.426972338461557 ] ] ] ] } },
{ "type": "Feature", "properties": { "IDBD": 164253, "FC": 6291, "CONDICION": "CUERPO DE AGUA INTERMITENTE" }, "geometry": { "type": "MultiPolygon", "coordinates": [ [ [ [ -99.418866646153816, 20.425508861538482 ], [ -99.418885646153839, 20.425445553846142 ], [ -99.418933430769215, 20.425391230769243 ], [ -99.419201630769223, 20.425318292307665 ], [ -99.419565846153816, 20.425308384615409 ], [ -99.419882169230746, 20.425307615384625 ], [ -99.419958907692248, 20.425325507692321 ], [ -99.419987907692274, 20.4254158 ], [ -99.419777523076888, 20.425597030769275 ], [ -99.419586046153839, 20.42568784615387 ], [ -99.419260199999982, 20.425706707692271 ], [ -99.41899158461537, 20.425626030769216 ], [ -99.418866646153816, 20.425508861538482 ] ] ] ] } },
{ "type": "Feature", "properties": { "IDBD": 164277, "FC": 6291, "CONDICION": "CUERPO DE AGUA INTERMITENTE" }, "geometry": { "type": "MultiPolygon", "coordinates": [ [ [ [ -99.518211184615382, 20.422684415384634 ], [ -99.518297938461515, 20.422828723076933 ], [ -99.518327569230735, 20.423090676923088 ], [ -99.518664138461503, 20.423414969230773 ], [ -99.518798815384571, 20.423559153846167 ], [ -99.518961892307658, 20.423594815384622 ], [ -99.518992061538412, 20.424019415384613 ], [ -99.51902152307693, 20.424227153846179 ], [ -99.51914739999998, 20.424606276923097 ], [ -99.519186323076894, 20.424777846153855 ], [ -99.519081753846137, 20.425040200000041 ], [ -99.519005446153812, 20.425148861538471 ], [ -99.519111753846147, 20.425410584615403 ], [ -99.519170092307647, 20.425654384615409 ], [ -99.518921046153835, 20.425709353846194 ], [ -99.518614138461544, 20.425656046153865 ], [ -99.51834556923076, 20.425602630769227 ], [ -99.518172969230733, 20.425585076923085 ], [ -99.517991030769196, 20.425639830769189 ], [ -99.517857015384578, 20.425694446153841 ], [ -99.517665, 20.425604646153854 ], [ -99.517530630769187, 20.425550830769232 ], [ -99.517367676923058, 20.425551323076942 ], [ -99.517195015384573, 20.425515692307741 ], [ -99.517099015384574, 20.425470800000035 ], [ -99.517098707692298, 20.425380430769245 ], [ -99.517261061538449, 20.425199230769206 ], [ -99.517346784615384, 20.425036338461563 ], [ -99.517413338461523, 20.424873492307686 ], [ -99.517470153846133, 20.424665492307717 ], [ -99.5175944, 20.424556692307675 ], [ -99.517737876923036, 20.424465907692312 ], [ -99.517794969230749, 20.424339230769235 ], [ -99.51792892307688, 20.424266538461527 ], [ -99.518044123076876, 20.424320415384646 ], [ -99.518301984615391, 20.4240395384615 ], [ -99.518349246153818, 20.423840600000041 ], [ -99.51826210769228, 20.423578815384644 ], [ -99.518146384615378, 20.423371338461557 ], [ -99.518097938461509, 20.423217876923029 ], [ -99.518068461538462, 20.423001092307665 ], [ -99.518211184615382, 20.422684415384634 ] ] ] ] } },
{ "type": "Feature", "properties": { "IDBD": 164310, "FC": 6291, "CONDICION": "CUERPO DE AGUA INTERMITENTE" }, "geometry": { "type": "MultiPolygon", "coordinates": [ [ [ [ -99.491915461538426, 20.42167633846152 ], [ -99.492097923076912, 20.421784261538463 ], [ -99.492165707692251, 20.422000923076897 ], [ -99.492195092307654, 20.422199646153853 ], [ -99.49225361538457, 20.422515738461577 ], [ -99.492226153846119, 20.422922430769219 ], [ -99.492255630769222, 20.423148246153854 ], [ -99.492256799999979, 20.42351872307696 ], [ -99.491199923076877, 20.422735569230781 ], [ -99.490882846153809, 20.422492492307679 ], [ -99.491293569230777, 20.422039538461547 ], [ -99.491436799999974, 20.421867446153893 ], [ -99.491580384615347, 20.421803784615388 ], [ -99.491752538461526, 20.421685830769228 ], [ -99.491915461538426, 20.42167633846152 ] ] ] ] } },
{ "type": "Feature", "properties": { "IDBD": 164322, "FC": 6291, "CONDICION": "CUERPO DE AGUA INTERMITENTE" }, "geometry": { "type": "MultiPolygon", "coordinates": [ [ [ [ -99.377301630769196, 20.420805692307717 ], [ -99.37708978461535, 20.420408569230794 ], [ -99.376935692307654, 20.420110707692281 ], [ -99.377156092307644, 20.420083123076925 ], [ -99.377414846153798, 20.420064492307674 ], [ -99.377673384615363, 20.419955492307672 ], [ -99.377788307692242, 20.419919107692333 ], [ -99.377807507692282, 20.41992809230771 ], [ -99.37790353846151, 20.420000184615411 ], [ -99.377913276923053, 20.420063415384629 ], [ -99.37770292307691, 20.420280738461543 ], [ -99.377482969230741, 20.420489046153847 ], [ -99.377301630769196, 20.420805692307717 ] ] ] ] } },
{ "type": "Feature", "properties": { "IDBD": 164340, "FC": 6291, "CONDICION": "CUERPO DE AGUA INTERMITENTE" }, "geometry": { "type": "MultiPolygon", "coordinates": [ [ [ [ -99.485456107692258, 20.41897463076927 ], [ -99.485541892307666, 20.418820769230713 ], [ -99.485790753846103, 20.418711646153824 ], [ -99.485914969230734, 20.418584800000019 ], [ -99.486297769230717, 20.418393969230738 ], [ -99.486335661538419, 20.41824929230771 ], [ -99.486441338461532, 20.418330323076923 ], [ -99.486623169230754, 20.418239446153873 ], [ -99.486738169230748, 20.418230092307713 ], [ -99.486729153846127, 20.418410846153858 ], [ -99.486825107692297, 20.41844672307694 ], [ -99.486987969230753, 20.418419153846155 ], [ -99.487169723076875, 20.418301169230798 ], [ -99.48728413846149, 20.418111092307665 ], [ -99.487437676923037, 20.418164892307693 ], [ -99.487486169230777, 20.418345476923079 ], [ -99.487677461538439, 20.418218430769244 ], [ -99.488041092307654, 20.418027661538499 ], [ -99.488261184615354, 20.417909569230797 ], [ -99.488375569230726, 20.417710461538473 ], [ -99.488548415384571, 20.417809369230739 ], [ -99.488596938461527, 20.417998984615405 ], [ -99.488702538461524, 20.418052907692328 ], [ -99.488779830769204, 20.418242446153869 ], [ -99.488856676923078, 20.418296446153835 ], [ -99.488847630769172, 20.418468153846145 ], [ -99.488819184615323, 20.418567630769239 ], [ -99.488694476923044, 20.418531846153844 ], [ -99.488570230769184, 20.418649661538492 ], [ -99.48871458461538, 20.418829969230792 ], [ -99.488714892307669, 20.418929369230781 ], [ -99.48854310769228, 20.419164784615415 ], [ -99.488601415384593, 20.419417630769196 ], [ -99.488496553846105, 20.419598646153855 ], [ -99.488439384615333, 20.419707230769241 ], [ -99.488257492307682, 20.419780030769239 ], [ -99.487866215384614, 20.420323292307671 ], [ -99.487589415384605, 20.420694538461515 ], [ -99.487493969230755, 20.420821307692346 ], [ -99.487456138461525, 20.420984061538462 ], [ -99.487476015384573, 20.421209907692258 ], [ -99.485456107692258, 20.41897463076927 ] ] ] ] } },
{ "type": "Feature", "properties": { "IDBD": 164391, "FC": 6291, "CONDICION": "CUERPO DE AGUA INTERMITENTE" }, "geometry": { "type": "MultiPolygon", "coordinates": [ [ [ [ -99.509858292307683, 20.418534430769231 ], [ -99.509666784615348, 20.418589215384646 ], [ -99.509484784615367, 20.418625892307706 ], [ -99.509331661538454, 20.418698630769203 ], [ -99.509139938461516, 20.418690153846146 ], [ -99.508948, 20.418618430769229 ], [ -99.508688723076872, 20.418474600000032 ], [ -99.508506046153812, 20.418303461538432 ], [ -99.508428723076875, 20.418104892307692 ], [ -99.508428353846128, 20.417996461538458 ], [ -99.508533430769219, 20.41788772307692 ], [ -99.508705676923043, 20.417796861538474 ], [ -99.509088953846103, 20.417759599999986 ], [ -99.509597815384566, 20.418020153846157 ], [ -99.509895892307668, 20.418308430769244 ], [ -99.509915538461527, 20.418452938461527 ], [ -99.509858292307683, 20.418534430769231 ] ] ] ] } },
{ "type": "Feature", "properties": { "IDBD": 164400, "FC": 6291, "CONDICION": "CUERPO DE AGUA INTERMITENTE" }, "geometry": { "type": "MultiPolygon", "coordinates": [ [ [ [ -99.495047430769219, 20.417926569230779 ], [ -99.494309369230749, 20.417919630769237 ], [ -99.493255, 20.417913569230748 ], [ -99.493378646153815, 20.41761503076923 ], [ -99.493387169230715, 20.417280676923056 ], [ -99.493443030769185, 20.416765476923093 ], [ -99.493547323076882, 20.416403738461543 ], [ -99.493718384615363, 20.415942415384606 ], [ -99.493842107692259, 20.415670984615328 ], [ -99.494024430769201, 20.415733723076922 ], [ -99.494456646153807, 20.41601261538467 ], [ -99.494562307692277, 20.416084600000023 ], [ -99.494763523076927, 20.416065953846143 ], [ -99.495012646153839, 20.416038138461584 ], [ -99.495108492307679, 20.41603786153847 ], [ -99.495127984615351, 20.416137200000044 ], [ -99.495061169230723, 20.416227753846172 ], [ -99.494831307692309, 20.416282630769203 ], [ -99.494697446153822, 20.416382400000032 ], [ -99.494765461538449, 20.416671353846176 ], [ -99.494890461538432, 20.416797507692316 ], [ -99.494785815384574, 20.417041784615389 ], [ -99.494853538461513, 20.417240384615368 ], [ -99.494902707692276, 20.417628784615385 ], [ -99.494989199999978, 20.417700830769206 ], [ -99.495047430769219, 20.417926569230779 ] ] ] ] } },
{ "type": "Feature", "properties": { "IDBD": 164415, "FC": 6291, "CONDICION": "CUERPO DE AGUA INTERMITENTE" }, "geometry": { "type": "MultiPolygon", "coordinates": [ [ [ [ -99.524040630769193, 20.414661092307725 ], [ -99.52421298461536, 20.414606369230786 ], [ -99.524444076923047, 20.414921923076964 ], [ -99.524702815384614, 20.414903076923093 ], [ -99.525018738461512, 20.414793692307711 ], [ -99.525296415384574, 20.414711538461557 ], [ -99.525526507692305, 20.4147289076923 ], [ -99.525566169230743, 20.415117338461535 ], [ -99.525624692307673, 20.415415353846114 ], [ -99.525644661538465, 20.415650230769238 ], [ -99.525472584615358, 20.415786276923058 ], [ -99.525599153846144, 20.4163642 ], [ -99.525599892307682, 20.416581061538466 ], [ -99.525706246153817, 20.416851815384611 ], [ -99.525889584615371, 20.417212707692343 ], [ -99.525333723076898, 20.417232461538454 ], [ -99.525084338461525, 20.417179 ], [ -99.524825723076901, 20.417233984615372 ], [ -99.524394569230722, 20.417280461538471 ], [ -99.523521692307668, 20.417093338461562 ], [ -99.523645661538424, 20.416903215384611 ], [ -99.52383707692303, 20.416821307692331 ], [ -99.523932107692289, 20.41657704615384 ], [ -99.523758507692293, 20.416261307692292 ], [ -99.523814707692281, 20.415872600000011 ], [ -99.523947138461523, 20.415357153846138 ], [ -99.523897784615372, 20.414932615384629 ], [ -99.523868261538453, 20.4147068 ], [ -99.524040630769193, 20.414661092307725 ] ] ] ] } },
{ "type": "Feature", "properties": { "IDBD": 164427, "FC": 6291, "CONDICION": "CUERPO DE AGUA INTERMITENTE" }, "geometry": { "type": "MultiPolygon", "coordinates": [ [ [ [ -99.516011784615372, 20.415624799999978 ], [ -99.516117246153797, 20.415633523076909 ], [ -99.516155676923049, 20.41566052307693 ], [ -99.516146569230727, 20.415805123076893 ], [ -99.516147, 20.415931630769226 ], [ -99.516204861538426, 20.41603989230768 ], [ -99.516320307692268, 20.416166046153858 ], [ -99.516320676923058, 20.4162744769231 ], [ -99.516368984615326, 20.416391799999978 ], [ -99.516388430769183, 20.416473076923072 ], [ -99.51636018461538, 20.416626769230778 ], [ -99.516043969230708, 20.416654815384646 ], [ -99.5157278, 20.416691892307671 ], [ -99.515736061538419, 20.416294276923079 ], [ -99.515477199999964, 20.416276984615415 ], [ -99.515466846153814, 20.416042076923048 ], [ -99.51552416923073, 20.415987692307695 ], [ -99.515658169230747, 20.4159330769231 ], [ -99.515763184615366, 20.415806261538432 ], [ -99.515858769230746, 20.41572466153848 ], [ -99.516011784615372, 20.415624799999978 ] ] ] ] } },
{ "type": "Feature", "properties": { "IDBD": 164562, "FC": 6291, "CONDICION": "CUERPO DE AGUA INTERMITENTE" }, "geometry": { "type": "MultiPolygon", "coordinates": [ [ [ [ -99.374024107692279, 20.405207384615409 ], [ -99.374129830769206, 20.405324630769215 ], [ -99.374264815384578, 20.405658676923068 ], [ -99.374687476923071, 20.406055353846128 ], [ -99.374572369230748, 20.406010430769264 ], [ -99.374543953846143, 20.406155061538435 ], [ -99.374429446153798, 20.406363138461561 ], [ -99.373951738461486, 20.406987661538455 ], [ -99.373788784615357, 20.406978969230803 ], [ -99.373597, 20.406943246153833 ], [ -99.373539446153828, 20.406925292307676 ], [ -99.373376384615341, 20.406871430769275 ], [ -99.37306943076922, 20.406763646153866 ], [ -99.373327615384596, 20.406519123076922 ], [ -99.373604553846135, 20.406102861538429 ], [ -99.373852092307658, 20.405415584615366 ], [ -99.374024107692279, 20.405207384615409 ] ] ] ] } },
{ "type": "Feature", "properties": { "IDBD": 164588, "FC": 6291, "CONDICION": "CUERPO DE AGUA INTERMITENTE" }, "geometry": { "type": "MultiPolygon", "coordinates": [ [ [ [ -99.426956184615364, 20.404399030769273 ], [ -99.426927723076901, 20.404507523076976 ], [ -99.42681258461532, 20.404462630769245 ], [ -99.426706861538435, 20.404354461538446 ], [ -99.426476769230788, 20.404327907692338 ], [ -99.426150907692275, 20.404328707692315 ], [ -99.425892338461509, 20.40440163076924 ], [ -99.42565304615384, 20.404519676923059 ], [ -99.425156061538402, 20.405026907692321 ], [ -99.424936307692292, 20.405280461538489 ], [ -99.42478343076921, 20.405452523076956 ], [ -99.42464966153841, 20.405597415384609 ], [ -99.424525430769194, 20.405733261538462 ], [ -99.424410615384602, 20.405805830769182 ], [ -99.424257984615338, 20.406068246153843 ], [ -99.423796476923044, 20.405536246153886 ], [ -99.423440830769209, 20.4051576 ], [ -99.423631799999981, 20.404895092307697 ], [ -99.424004584615375, 20.404532738461523 ], [ -99.42422415384614, 20.404215938461512 ], [ -99.424443923076879, 20.403971430769204 ], [ -99.424558276923051, 20.403727169230766 ], [ -99.424634323076901, 20.403501092307692 ], [ -99.424633461538448, 20.403184830769238 ], [ -99.424670830769188, 20.402832323076964 ], [ -99.424717507692293, 20.402380415384609 ], [ -99.424572661538406, 20.401983169230768 ], [ -99.424428384615368, 20.401793769230778 ], [ -99.424398046153797, 20.401215538461493 ], [ -99.424426369230744, 20.401061846153819 ], [ -99.424559676923081, 20.400745261538471 ], [ -99.424798446153815, 20.400437461538477 ], [ -99.425046799999947, 20.400138661538456 ], [ -99.425228384615394, 20.399948461538489 ], [ -99.42541953846154, 20.39975823076924 ], [ -99.425630138461486, 20.399667353846137 ], [ -99.4257546, 20.39962187692311 ], [ -99.425898538461496, 20.399684769230806 ], [ -99.425965753846143, 20.3997298 ], [ -99.42600439999994, 20.399847169230792 ], [ -99.425975923076876, 20.399946630769282 ], [ -99.426004923076889, 20.400036923076954 ], [ -99.426110107692253, 20.399946307692339 ], [ -99.426243953846125, 20.399828507692281 ], [ -99.426444984615344, 20.399746692307691 ], [ -99.426636369230764, 20.399637784615383 ], [ -99.426760830769197, 20.399592307692348 ], [ -99.426665369230747, 20.39972807692309 ], [ -99.426388138461505, 20.399981769230799 ], [ -99.42596795384614, 20.400534 ], [ -99.425921199999976, 20.400958815384637 ], [ -99.425922646153836, 20.401482892307708 ], [ -99.426038492307669, 20.401789846153868 ], [ -99.426039123076905, 20.402015738461529 ], [ -99.425953476923056, 20.402241861538457 ], [ -99.425848353846121, 20.402350538461537 ], [ -99.426011661538439, 20.402485692307689 ], [ -99.42610829230766, 20.402774600000015 ], [ -99.426214261538448, 20.402973138461522 ], [ -99.4265020615384, 20.403071830769235 ], [ -99.426703507692295, 20.403134600000016 ], [ -99.427049907692307, 20.403630723076915 ], [ -99.4271554, 20.403657584615399 ], [ -99.427270707692301, 20.403765723076901 ], [ -99.427107907692289, 20.403811307692269 ], [ -99.427012338461523, 20.403910938461539 ], [ -99.426936169230743, 20.404091846153836 ], [ -99.426907738461523, 20.40420938461542 ], [ -99.426956184615364, 20.404399030769273 ] ] ] ] } },
{ "type": "Feature", "properties": { "IDBD": 164623, "FC": 6291, "CONDICION": "CUERPO DE AGUA INTERMITENTE" }, "geometry": { "type": "MultiPolygon", "coordinates": [ [ [ [ -99.473475892307633, 20.403682492307695 ], [ -99.473763692307671, 20.403772061538476 ], [ -99.47388878461534, 20.403934384615379 ], [ -99.474071153846126, 20.40402424615387 ], [ -99.474224753846144, 20.404105153846146 ], [ -99.474359169230738, 20.404186107692318 ], [ -99.474167984615363, 20.404349276923092 ], [ -99.474053199999972, 20.404421876923074 ], [ -99.473919215384569, 20.404485492307668 ], [ -99.473679800000014, 20.404549399999972 ], [ -99.47341084615384, 20.404351338461588 ], [ -99.473353030769218, 20.404252092307715 ], [ -99.473362199999968, 20.404116523076919 ], [ -99.47337146153842, 20.40400807692307 ], [ -99.473495553846092, 20.403845092307666 ], [ -99.473475892307633, 20.403682492307695 ] ] ] ] } },
{ "type": "Feature", "properties": { "IDBD": 164778, "FC": 6291, "CONDICION": "CUERPO DE AGUA INTERMITENTE" }, "geometry": { "type": "MultiPolygon", "coordinates": [ [ [ [ -99.390034323076904, 20.39169944615384 ], [ -99.390417953846111, 20.391816061538439 ], [ -99.390965076923081, 20.392158199999983 ], [ -99.391406953846143, 20.392563830769234 ], [ -99.39159916923073, 20.392780276923094 ], [ -99.391695523076876, 20.39298789230768 ], [ -99.391283476923036, 20.393006876923035 ], [ -99.39094779999995, 20.392908246153809 ], [ -99.39056384615381, 20.392665123076913 ], [ -99.390170076923056, 20.392331676923057 ], [ -99.389968261538414, 20.392106215384622 ], [ -99.389967769230779, 20.391907430769262 ], [ -99.390034323076904, 20.39169944615384 ] ] ] ] } },
{ "type": "Feature", "properties": { "IDBD": 164829, "FC": 6291, "CONDICION": "CUERPO DE AGUA INTERMITENTE" }, "geometry": { "type": "MultiPolygon", "coordinates": [ [ [ [ -99.33571592307689, 20.38776426153844 ], [ -99.335715292307682, 20.387475107692289 ], [ -99.335704230769224, 20.386788384615368 ], [ -99.335761446153839, 20.386661769230766 ], [ -99.335904938461496, 20.386544015384604 ], [ -99.336019938461519, 20.3865438 ], [ -99.3362404, 20.386561446153845 ], [ -99.336412769230776, 20.386506892307743 ], [ -99.336451369230758, 20.386624292307697 ], [ -99.33612692307689, 20.387266476923049 ], [ -99.335897892307642, 20.387709692307688 ], [ -99.33571592307689, 20.38776426153844 ] ] ] ] } },
{ "type": "Feature", "properties": { "IDBD": 164899, "FC": 6291, "CONDICION": "CUERPO DE AGUA INTERMITENTE" }, "geometry": { "type": "MultiPolygon", "coordinates": [ [ [ [ -99.409603738461541, 20.384407615384639 ], [ -99.409632323076877, 20.384344292307684 ], [ -99.409986415384608, 20.384162738461534 ], [ -99.410369584615339, 20.384107630769243 ], [ -99.410675892307665, 20.383971369230771 ], [ -99.410838753846107, 20.383952907692322 ], [ -99.411126184615341, 20.383934153846099 ], [ -99.410916199999988, 20.384250907692273 ], [ -99.410772907692277, 20.384422938461512 ], [ -99.410552953846135, 20.384595138461535 ], [ -99.410303938461539, 20.384649938461521 ], [ -99.410064230769194, 20.384596292307652 ], [ -99.409834092307662, 20.384542615384657 ], [ -99.409690138461528, 20.384461630769195 ], [ -99.409603738461541, 20.384407615384639 ] ] ] ] } },
{ "type": "Feature", "properties": { "IDBD": 164909, "FC": 6291, "CONDICION": "CUERPO DE AGUA INTERMITENTE" }, "geometry": { "type": "MultiPolygon", "coordinates": [ [ [ [ -99.382823861538455, 20.382453384615424 ], [ -99.383121461538451, 20.382669600000039 ], [ -99.383246446153805, 20.382831969230793 ], [ -99.383256338461493, 20.382958461538443 ], [ -99.383218599999964, 20.383193476923076 ], [ -99.383132707692283, 20.383338246153862 ], [ -99.383027784615351, 20.383537276923086 ], [ -99.382903153846129, 20.383519476923109 ], [ -99.382788123076921, 20.383501646153839 ], [ -99.382605953846138, 20.383465907692305 ], [ -99.382471569230731, 20.383375846153811 ], [ -99.382404338461512, 20.383312738461552 ], [ -99.382375538461517, 20.383294723076911 ], [ -99.3822889384615, 20.383150338461547 ], [ -99.382250246153788, 20.383005846153896 ], [ -99.382221123076917, 20.382852292307685 ], [ -99.382220784615356, 20.382716753846157 ], [ -99.382239723076864, 20.382626353846195 ], [ -99.382516938461507, 20.382345615384619 ], [ -99.382555246153785, 20.382336507692276 ], [ -99.382823861538455, 20.382453384615424 ] ] ] ] } },
{ "type": "Feature", "properties": { "IDBD": 164912, "FC": 6291, "CONDICION": "CUERPO DE AGUA INTERMITENTE" }, "geometry": { "type": "MultiPolygon", "coordinates": [ [ [ [ -99.403765046153808, 20.38340013846155 ], [ -99.403879753846127, 20.383291446153816 ], [ -99.404253107692298, 20.383146 ], [ -99.404473399999972, 20.383100307692306 ], [ -99.404674830769224, 20.38317213846155 ], [ -99.404780784615355, 20.383379723076942 ], [ -99.404819569230767, 20.383551323076912 ], [ -99.404657153846131, 20.383741446153806 ], [ -99.404398184615388, 20.38365169230768 ], [ -99.404254246153798, 20.383579738461506 ], [ -99.404033769230736, 20.383553138461533 ], [ -99.403851599999953, 20.383517415384631 ], [ -99.40377481538458, 20.383472415384613 ], [ -99.403765046153808, 20.38340013846155 ] ] ] ] } },
{ "type": "Feature", "properties": { "IDBD": 164918, "FC": 6291, "CONDICION": "CUERPO DE AGUA INTERMITENTE" }, "geometry": { "type": "MultiPolygon", "coordinates": [ [ [ [ -99.485501876923024, 20.384637584615398 ], [ -99.48504186153842, 20.384629830769228 ], [ -99.485079630769192, 20.384449 ], [ -99.485203138461543, 20.384105292307716 ], [ -99.485538415384596, 20.384068215384602 ], [ -99.485768153846124, 20.383986246153857 ], [ -99.485978830769184, 20.383940492307705 ], [ -99.486256261538429, 20.383786092307705 ], [ -99.48638080000002, 20.383776723076956 ], [ -99.486457323076877, 20.383731323076891 ], [ -99.486571984615338, 20.383622569230788 ], [ -99.486696276923041, 20.38353186153843 ], [ -99.486820630769202, 20.383459230769251 ], [ -99.486954692307677, 20.383431738461553 ], [ -99.487107969230735, 20.383413246153808 ], [ -99.487203876923047, 20.383440092307705 ], [ -99.487280907692295, 20.383557338461529 ], [ -99.48730030769228, 20.383629569230784 ], [ -99.487252738461535, 20.383738138461524 ], [ -99.487138107692289, 20.383855923076904 ], [ -99.487004461538405, 20.384018953846166 ], [ -99.486880246153831, 20.384136769230757 ], [ -99.486832615384571, 20.384227261538477 ], [ -99.486765907692273, 20.384344907692277 ], [ -99.486775938461534, 20.384489461538458 ], [ -99.486805061538419, 20.38460684615384 ], [ -99.486843646153815, 20.384688061538469 ], [ -99.486556215384581, 20.384706938461555 ], [ -99.486115630769191, 20.384780461538501 ], [ -99.485799276923032, 20.384745200000044 ], [ -99.485501876923024, 20.384637584615398 ] ] ] ] } },
{ "type": "Feature", "properties": { "IDBD": 164925, "FC": 6291, "CONDICION": "CUERPO DE AGUA INTERMITENTE" }, "geometry": { "type": "MultiPolygon", "coordinates": [ [ [ [ -99.426611184615339, 20.383517461538464 ], [ -99.426544369230768, 20.383617015384598 ], [ -99.426352769230718, 20.383635553846123 ], [ -99.426084292307664, 20.383582 ], [ -99.425853984615344, 20.383465092307699 ], [ -99.425757707692298, 20.383302676923076 ], [ -99.425651846153798, 20.38314029230775 ], [ -99.425584153846145, 20.382914553846174 ], [ -99.42571809230769, 20.382832892307654 ], [ -99.42585232307691, 20.382859676923054 ], [ -99.426438046153791, 20.383282938461548 ], [ -99.42652450769225, 20.38336406153849 ], [ -99.426611184615339, 20.383517461538464 ] ] ] ] } },
{ "type": "Feature", "properties": { "IDBD": 164927, "FC": 6291, "CONDICION": "CUERPO DE AGUA INTERMITENTE" }, "geometry": { "type": "MultiPolygon", "coordinates": [ [ [ [ -99.412130076923034, 20.38305527692307 ], [ -99.412225199999952, 20.382793015384596 ], [ -99.412368523076907, 20.382630030769221 ], [ -99.41251213846148, 20.382584507692322 ], [ -99.412656076923028, 20.382656446153856 ], [ -99.412675553846128, 20.38277387692305 ], [ -99.412647138461509, 20.38290044615384 ], [ -99.412570953846114, 20.383081353846173 ], [ -99.412456276923038, 20.383199092307695 ], [ -99.41237015384614, 20.383244476923092 ], [ -99.412274323076886, 20.38324470769227 ], [ -99.412187923076885, 20.383190692307739 ], [ -99.412130076923034, 20.38305527692307 ] ] ] ] } },
{ "type": "Feature", "properties": { "IDBD": 164966, "FC": 6291, "CONDICION": "CUERPO DE AGUA INTERMITENTE" }, "geometry": { "type": "MultiPolygon", "coordinates": [ [ [ [ -99.369430953846106, 20.380132861538481 ], [ -99.369095815384597, 20.380242 ], [ -99.368885, 20.380242446153819 ], [ -99.368376599999962, 20.380026646153851 ], [ -99.367791246153814, 20.379693553846149 ], [ -99.367589584615388, 20.37951324615387 ], [ -99.367387984615362, 20.379360061538456 ], [ -99.367234292307685, 20.379206769230727 ], [ -99.367128584615358, 20.379080476923075 ], [ -99.367080415384621, 20.378972153846153 ], [ -99.36730069230768, 20.378917476923093 ], [ -99.368958492307669, 20.378913969230755 ], [ -99.369323415384571, 20.379238507692307 ], [ -99.369487199999952, 20.379608646153855 ], [ -99.369459123076879, 20.379888815384621 ], [ -99.369430953846106, 20.380132861538481 ] ] ] ] } },
{ "type": "Feature", "properties": { "IDBD": 165000, "FC": 6291, "CONDICION": "CUERPO DE AGUA INTERMITENTE" }, "geometry": { "type": "MultiPolygon", "coordinates": [ [ [ [ -99.514428969230764, 20.380578830769256 ], [ -99.51438050769228, 20.38041632307694 ], [ -99.514351353846138, 20.380289907692301 ], [ -99.514322276923068, 20.380190599999988 ], [ -99.514139938461511, 20.380109815384635 ], [ -99.513986276923049, 20.380010876923112 ], [ -99.513890030769218, 20.37988464615384 ], [ -99.513774723076892, 20.37978559999998 ], [ -99.513697692307659, 20.379677384615363 ], [ -99.513649784615339, 20.379677523076939 ], [ -99.513525123076874, 20.379650784615414 ], [ -99.513410123076881, 20.379651123076926 ], [ -99.513361953846129, 20.379569938461561 ], [ -99.5133324, 20.379326061538471 ], [ -99.513466076923052, 20.379181092307697 ], [ -99.513830415384575, 20.379243261538463 ], [ -99.514348707692264, 20.379494753846156 ], [ -99.514723030769204, 20.379674369230766 ], [ -99.515260369230745, 20.379889646153828 ], [ -99.515251092307693, 20.37998003076925 ], [ -99.515203446153848, 20.380061492307672 ], [ -99.515079292307675, 20.38018836923078 ], [ -99.514983676923066, 20.380251907692319 ], [ -99.514849676923021, 20.380297476923069 ], [ -99.514715569230731, 20.380315938461571 ], [ -99.514590938461495, 20.380298246153856 ], [ -99.514552646153817, 20.380307384615424 ], [ -99.514428969230764, 20.380578830769256 ] ] ] ] } },
{ "type": "Feature", "properties": { "IDBD": 165012, "FC": 6291, "CONDICION": "CUERPO DE AGUA INTERMITENTE" }, "geometry": { "type": "MultiPolygon", "coordinates": [ [ [ [ -99.3983347538461, 20.3772048 ], [ -99.398162523076905, 20.377304600000016 ], [ -99.398018923076876, 20.377359138461511 ], [ -99.397827292307696, 20.377368615384626 ], [ -99.397616246153845, 20.377278738461563 ], [ -99.397433830769188, 20.377143615384632 ], [ -99.397328138461518, 20.377035415384611 ], [ -99.397260784615341, 20.376927138461564 ], [ -99.397241369230727, 20.376827784615379 ], [ -99.397308261538441, 20.376755338461564 ], [ -99.397403969230737, 20.376709938461534 ], [ -99.397643815384583, 20.376817830769252 ], [ -99.397998846153811, 20.377006784615389 ], [ -99.3983347538461, 20.3772048 ] ] ] ] } },
{ "type": "Feature", "properties": { "IDBD": 165068, "FC": 6291, "CONDICION": "CUERPO DE AGUA INTERMITENTE" }, "geometry": { "type": "MultiPolygon", "coordinates": [ [ [ [ -99.409898646153835, 20.372705138461548 ], [ -99.409745184615375, 20.372651292307665 ], [ -99.409534184615367, 20.372579492307686 ], [ -99.409524323076866, 20.372471076923105 ], [ -99.409619830769202, 20.372353384615398 ], [ -99.409772984615401, 20.372289769230736 ], [ -99.409954892307653, 20.372235138461541 ], [ -99.410079492307688, 20.372243876923054 ], [ -99.410146830769222, 20.372343107692323 ], [ -99.410166323076922, 20.372469569230805 ], [ -99.410176369230726, 20.372641230769212 ], [ -99.410186046153825, 20.372677353846164 ], [ -99.410032876923069, 20.372731938461573 ], [ -99.409898646153835, 20.372705138461548 ] ] ] ] } },
{ "type": "Feature", "properties": { "IDBD": 165097, "FC": 6291, "CONDICION": "CUERPO DE AGUA INTERMITENTE" }, "geometry": { "type": "MultiPolygon", "coordinates": [ [ [ [ -99.400702599999931, 20.370151199999977 ], [ -99.400845923076915, 20.369988215384616 ], [ -99.401008784615357, 20.369978815384606 ], [ -99.401267507692282, 20.369978215384602 ], [ -99.401440030769194, 20.369995892307688 ], [ -99.401545523076877, 20.370031799999989 ], [ -99.401593692307642, 20.370131076923116 ], [ -99.401478969230723, 20.370230738461505 ], [ -99.401364123076888, 20.370285215384598 ], [ -99.401182276923052, 20.370366969230794 ], [ -99.401048353846136, 20.370457630769241 ], [ -99.400924015384618, 20.370548276923106 ], [ -99.400732538461526, 20.370611969230794 ], [ -99.400702599999931, 20.370151199999977 ] ] ] ] } },
{ "type": "Feature", "properties": { "IDBD": 165113, "FC": 6291, "CONDICION": "CUERPO DE AGUA INTERMITENTE" }, "geometry": { "type": "MultiPolygon", "coordinates": [ [ [ [ -99.360154738461532, 20.367727523076926 ], [ -99.360250753846117, 20.367808646153843 ], [ -99.360222923076861, 20.368206292307711 ], [ -99.36039655384613, 20.368702923076921 ], [ -99.359821307692272, 20.368559538461515 ], [ -99.359399384615344, 20.368424861538426 ], [ -99.359293799999961, 20.368352784615428 ], [ -99.359284, 20.368253415384615 ], [ -99.359456153846111, 20.368117507692311 ], [ -99.359609276923038, 20.368035876923095 ], [ -99.35982953846154, 20.3679812 ], [ -99.359953861538429, 20.367872507692297 ], [ -99.360059030769207, 20.36777289230772 ], [ -99.360154738461532, 20.367727523076926 ] ] ] ] } },
{ "type": "Feature", "properties": { "IDBD": 165131, "FC": 6291, "CONDICION": "CUERPO DE AGUA INTERMITENTE" }, "geometry": { "type": "MultiPolygon", "coordinates": [ [ [ [ -99.421482076923041, 20.368593230769271 ], [ -99.421338692307714, 20.368720076923065 ], [ -99.421147276923065, 20.368801861538451 ], [ -99.420879153846101, 20.368865769230744 ], [ -99.42068738461532, 20.368821046153858 ], [ -99.420543076923039, 20.368604523076964 ], [ -99.420504061538466, 20.368351615384604 ], [ -99.420513046153815, 20.368134723076921 ], [ -99.420647230769191, 20.36814343076923 ], [ -99.420839184615389, 20.368260446153833 ], [ -99.421011861538418, 20.368332307692295 ], [ -99.421184446153788, 20.368377076923103 ], [ -99.421404769230733, 20.368349446153822 ], [ -99.421653938461489, 20.368366907692327 ], [ -99.421482076923041, 20.368593230769271 ] ] ] ] } },
{ "type": "Feature", "properties": { "IDBD": 165144, "FC": 6291, "CONDICION": "CUERPO DE AGUA INTERMITENTE" }, "geometry": { "type": "MultiPolygon", "coordinates": [ [ [ [ -99.38179073846149, 20.367618292307711 ], [ -99.381751923076877, 20.367419569230801 ], [ -99.381579046153817, 20.367257307692309 ], [ -99.381780015384592, 20.367157461538458 ], [ -99.38209613846152, 20.367120630769204 ], [ -99.382201692307646, 20.367183646153851 ], [ -99.382336015384595, 20.367255646153829 ], [ -99.382413092307672, 20.36742716923079 ], [ -99.382212061538453, 20.367499892307723 ], [ -99.382030153846145, 20.367563538461514 ], [ -99.38179073846149, 20.367618292307711 ] ] ] ] } },
{ "type": "Feature", "properties": { "IDBD": 165155, "FC": 6291, "CONDICION": "CUERPO DE AGUA INTERMITENTE" }, "geometry": { "type": "MultiPolygon", "coordinates": [ [ [ [ -99.330704553846118, 20.36561710769233 ], [ -99.330761661538432, 20.365436276923049 ], [ -99.330981646153816, 20.365246092307689 ], [ -99.331067753846128, 20.365182676923052 ], [ -99.331182338461517, 20.365001738461562 ], [ -99.331277692307637, 20.364784692307726 ], [ -99.331334876923052, 20.36464 ], [ -99.33146886153844, 20.364558415384614 ], [ -99.3316223538461, 20.36464849230768 ], [ -99.331766430769207, 20.364810876923102 ], [ -99.331910599999986, 20.365018430769204 ], [ -99.33202616923073, 20.3652892923077 ], [ -99.332160676923053, 20.36546072307689 ], [ -99.332333369230781, 20.3655598 ], [ -99.332477353846159, 20.365677 ], [ -99.332458784615355, 20.365957153846143 ], [ -99.331931969230752, 20.366048507692327 ], [ -99.3315007230769, 20.366022230769222 ], [ -99.331213092307678, 20.365941446153844 ], [ -99.330992492307672, 20.365842461538467 ], [ -99.330791046153792, 20.365734415384612 ], [ -99.330704553846118, 20.36561710769233 ] ] ] ] } },
{ "type": "Feature", "properties": { "IDBD": 165163, "FC": 6291, "CONDICION": "CUERPO DE AGUA INTERMITENTE" }, "geometry": { "type": "MultiPolygon", "coordinates": [ [ [ [ -99.358348861538445, 20.365797492307703 ], [ -99.358549276923043, 20.36544467692309 ], [ -99.358721907692285, 20.3655166 ], [ -99.35881778461534, 20.365543523076937 ], [ -99.358980615384596, 20.365516076923072 ], [ -99.359124261538412, 20.36547963076924 ], [ -99.359229476923048, 20.365398092307689 ], [ -99.359353892307638, 20.365334584615411 ], [ -99.359565076923033, 20.365496800000024 ], [ -99.359316230769195, 20.365623815384623 ], [ -99.359230307692314, 20.365759538461496 ], [ -99.359106015384569, 20.365877261538468 ], [ -99.358895492307681, 20.365995169230754 ], [ -99.358713553846144, 20.366049753846138 ], [ -99.358531338461503, 20.365977846153868 ], [ -99.358348861538445, 20.365797492307703 ] ] ] ] } },
{ "type": "Feature", "properties": { "IDBD": 165171, "FC": 6291, "CONDICION": "CUERPO DE AGUA INTERMITENTE" }, "geometry": { "type": "MultiPolygon", "coordinates": [ [ [ [ -99.519946753846128, 20.365725323076909 ], [ -99.52003404615381, 20.366041338461507 ], [ -99.520121338461493, 20.366357338461587 ], [ -99.519989092307654, 20.366927 ], [ -99.519618584615344, 20.367876876923084 ], [ -99.519197769230757, 20.368113076923077 ], [ -99.519063046153832, 20.367941784615425 ], [ -99.518947230769214, 20.367689123076964 ], [ -99.51860127692305, 20.367391969230763 ], [ -99.518370723076885, 20.367211923076901 ], [ -99.518168692307654, 20.366968553846132 ], [ -99.518224876923085, 20.36657983076924 ], [ -99.51829144615381, 20.36642603076924 ], [ -99.518290707692287, 20.3662091692308 ], [ -99.518405153846103, 20.366046169230781 ], [ -99.518423676923049, 20.365856369230766 ], [ -99.518432538461539, 20.365639476923089 ], [ -99.518518569230721, 20.365575969230772 ], [ -99.518709923076898, 20.365494076923085 ], [ -99.518911292307649, 20.365538661538483 ], [ -99.519064692307666, 20.36556530769229 ], [ -99.519083523076901, 20.365465861538464 ], [ -99.519092584615365, 20.365312215384591 ], [ -99.519322630769196, 20.365338646153837 ], [ -99.519457015384589, 20.36541052307695 ], [ -99.519696738461519, 20.365464030769228 ], [ -99.51989795384614, 20.365463430769253 ], [ -99.519955723076905, 20.365544584615392 ], [ -99.519946753846128, 20.365725323076909 ] ] ] ] } },
{ "type": "Feature", "properties": { "IDBD": 165217, "FC": 6291, "CONDICION": "CUERPO DE AGUA INTERMITENTE" }, "geometry": { "type": "MultiPolygon", "coordinates": [ [ [ [ -99.524393107692248, 20.363010261538488 ], [ -99.524871723076899, 20.3628732769231 ], [ -99.525254923076886, 20.362854061538453 ], [ -99.525446815384569, 20.3629348 ], [ -99.525562261538454, 20.36307 ], [ -99.525986446153837, 20.363836784615394 ], [ -99.526342892307682, 20.364404969230772 ], [ -99.526343138461499, 20.364477261538433 ], [ -99.526305, 20.364531600000021 ], [ -99.526142415384598, 20.364622446153863 ], [ -99.526046723076874, 20.364658876923087 ], [ -99.526027246153831, 20.36456856923078 ], [ -99.526026523076908, 20.364351707692315 ], [ -99.525872476923027, 20.364135307692333 ], [ -99.525689723076894, 20.36392803076923 ], [ -99.525584015384581, 20.363838 ], [ -99.5254786307692, 20.363838307692333 ], [ -99.525392353846144, 20.363829538461552 ], [ -99.52540138461535, 20.363666861538441 ], [ -99.525286015384594, 20.363549738461526 ], [ -99.52518046153844, 20.363504876923077 ], [ -99.524835769230734, 20.3635782 ], [ -99.524711276923085, 20.363596646153841 ], [ -99.524624892307656, 20.363551723076903 ], [ -99.524844507692279, 20.36332516923077 ], [ -99.524815384615337, 20.363216815384604 ], [ -99.524642799999967, 20.363181200000032 ], [ -99.524451199999973, 20.363190800000034 ], [ -99.524326676923067, 20.363200215384619 ], [ -99.524249769230735, 20.363128153846169 ], [ -99.524393107692248, 20.363010261538488 ] ] ] ] } },
{ "type": "Feature", "properties": { "IDBD": 165226, "FC": 6291, "CONDICION": "CUERPO DE AGUA INTERMITENTE" }, "geometry": { "type": "MultiPolygon", "coordinates": [ [ [ [ -99.365265830769218, 20.361219892307702 ], [ -99.364977076923068, 20.360660246153845 ], [ -99.365015061538429, 20.360515584615403 ], [ -99.365168076923027, 20.360397799999983 ], [ -99.365330646153851, 20.360261923076891 ], [ -99.36553156923074, 20.360134984615371 ], [ -99.365684615384623, 20.360026230769254 ], [ -99.365809246153816, 20.360053076923062 ], [ -99.365905307692273, 20.360161323076898 ], [ -99.365905692307678, 20.360323969230784 ], [ -99.365819738461525, 20.360441615384619 ], [ -99.365724276923046, 20.360595430769262 ], [ -99.365609599999942, 20.360722184615373 ], [ -99.365523661538447, 20.360848861538493 ], [ -99.365437799999981, 20.361002661538489 ], [ -99.365265830769218, 20.361219892307702 ] ] ] ] } },
{ "type": "Feature", "properties": { "IDBD": 165246, "FC": 6292, "CONDICION": "CUERPO DE AGUA PERENNE" }, "geometry": { "type": "MultiPolygon", "coordinates": [ [ [ [ -99.346250384615374, 20.345879015384597 ], [ -99.346020846153763, 20.3460602 ], [ -99.345771923076882, 20.346142015384597 ], [ -99.345426799999942, 20.346043307692305 ], [ -99.344842353846175, 20.346035415384623 ], [ -99.344037661538437, 20.34607315384617 ], [ -99.343587292307689, 20.346037892307692 ], [ -99.343319092307667, 20.346065523076895 ], [ -99.343070169230742, 20.346147338461471 ], [ -99.342898015384577, 20.346283230769206 ], [ -99.342812338461471, 20.346527369230778 ], [ -99.342956815384568, 20.346879492307668 ], [ -99.343158799999941, 20.34723150769231 ], [ -99.343131215384602, 20.347755661538525 ], [ -99.342988338461467, 20.348135476923112 ], [ -99.342874323076884, 20.348569430769221 ], [ -99.342520430769198, 20.348841215384592 ], [ -99.341409261538445, 20.348942784615431 ], [ -99.340997292307677, 20.348943584615387 ], [ -99.340862861538483, 20.348808307692323 ], [ -99.340709707692284, 20.348871861538495 ], [ -99.340566323076871, 20.349025753846217 ], [ -99.340403584615402, 20.349089323076875 ], [ -99.340251461538486, 20.349622753846187 ], [ -99.340050569230783, 20.349758692307709 ], [ -99.339850015384599, 20.350057276923099 ], [ -99.33934366153845, 20.350717907692296 ], [ -99.33920030769228, 20.350880830769178 ], [ -99.338855569230759, 20.350962830769202 ], [ -99.338817815384573, 20.351224953846184 ], [ -99.338387753846064, 20.351722784615401 ], [ -99.338273061538459, 20.351849507692318 ], [ -99.338426769230736, 20.352038969230776 ], [ -99.338485092307664, 20.352427415384589 ], [ -99.33856269230769, 20.352861 ], [ -99.338342323076873, 20.352861430769185 ], [ -99.338197784615389, 20.35248218461539 ], [ -99.338024969230759, 20.352319876923119 ], [ -99.337765984615373, 20.352184830769218 ], [ -99.337497753846165, 20.352203415384597 ], [ -99.337277584615379, 20.352294215384603 ], [ -99.336990507692263, 20.352457415384592 ], [ -99.336520723076873, 20.3523137384615 ], [ -99.336156369230778, 20.352187938461544 ], [ -99.335600538461478, 20.352134784615448 ], [ -99.335227215384577, 20.352289123076872 ], [ -99.334883, 20.352615076923104 ], [ -99.334625123076904, 20.352995092307737 ], [ -99.334319292307683, 20.353348092307719 ], [ -99.334118599999982, 20.353592461538486 ], [ -99.333889246153788, 20.353863984615376 ], [ -99.33359256923076, 20.354027199999987 ], [ -99.333344253227068, 20.354192714425185 ], [ -99.333344246148158, 20.354199395211307 ], [ -99.333344028865767, 20.354201457908768 ], [ -99.333343390737738, 20.354203431414579 ], [ -99.333342359215862, 20.354205230829837 ], [ -99.333340978675579, 20.35420677874491 ], [ -99.333340420551963, 20.354207286928887 ], [ -99.333339792469573, 20.354207705575682 ], [ -99.333338062623369, 20.354208627697123 ], [ -99.333336186122679, 20.354209194636809 ], [ -99.333334235075142, 20.354209384609181 ], [ -99.333332284453462, 20.354209190314339 ], [ -99.333330409213573, 20.354208619218213 ], [ -99.333328681414741, 20.354207693266201 ], [ -99.333327167450875, 20.354206448039779 ], [ -99.333326877492567, 20.354206093947695 ], [ -99.332837, 20.354652138461493 ], [ -99.332731938461492, 20.354805953846235 ], [ -99.332569646153758, 20.355086384615412 ], [ -99.332445676923072, 20.355357707692349 ], [ -99.332273584615336, 20.355529723076895 ], [ -99.332073030769152, 20.35583733846153 ], [ -99.332006692307644, 20.35618084615383 ], [ -99.331729830769206, 20.356651246153799 ], [ -99.3315966, 20.357076200000023 ], [ -99.331501753846169, 20.357528199999987 ], [ -99.331463892307681, 20.357745138461521 ], [ -99.331492892307665, 20.357862553846196 ], [ -99.331636707692255, 20.357907461538513 ], [ -99.331732676923082, 20.35797956923081 ], [ -99.332001, 20.357997123076885 ], [ -99.332288261538451, 20.35791526153854 ], [ -99.33277610769224, 20.357534800000028 ], [ -99.333005646153865, 20.357344615384559 ], [ -99.333072492307664, 20.35723604615379 ], [ -99.333187076923082, 20.357055107692279 ], [ -99.333330002558384, 20.356894382848044 ], [ -99.33333001539107, 20.356883111691499 ], [ -99.333330171414161, 20.356881363461479 ], [ -99.333330630695684, 20.356879669439142 ], [ -99.333331379086673, 20.356878081811299 ], [ -99.33333239353199, 20.356876649487262 ], [ -99.333332467118979, 20.356876562847692 ], [ -99.333332542656152, 20.356876477903509 ], [ -99.333334022395988, 20.356875117823098 ], [ -99.333335744219582, 20.356874081110892 ], [ -99.33333763857469, 20.356873409644155 ], [ -99.333339628939797, 20.356873130546685 ], [ -99.3333416349152, 20.356873255092317 ], [ -99.333343575470366, 20.356873778250122 ], [ -99.33334537221775, 20.356874678887284 ], [ -99.333346460890439, 20.356875534289408 ], [ -99.333693630769176, 20.356466784615385 ], [ -99.333856353846187, 20.356394184615368 ], [ -99.334469553846148, 20.356393015384604 ], [ -99.334689815384593, 20.356338369230848 ], [ -99.334929153846161, 20.356247553846192 ], [ -99.335609323076852, 20.356201061538485 ], [ -99.335810876923091, 20.356354292307653 ], [ -99.336654030769182, 20.356352661538466 ], [ -99.336941369230772, 20.356306938461529 ], [ -99.337247769230757, 20.356215984615442 ], [ -99.33765015384617, 20.35619712307691 ], [ -99.337995784615387, 20.356521769230802 ], [ -99.338053984615357, 20.35684695384623 ], [ -99.337996907692258, 20.357036830769168 ], [ -99.337738030769202, 20.356956 ], [ -99.337604123076872, 20.357064692307699 ], [ -99.337796646153777, 20.357470953846224 ], [ -99.337624476923096, 20.357606830769189 ], [ -99.337366184615348, 20.357797092307699 ], [ -99.337223, 20.358041338461529 ], [ -99.337051446153879, 20.358466369230811 ], [ -99.33677390769229, 20.358611492307727 ], [ -99.336601907692284, 20.358828692307693 ], [ -99.336421199999975, 20.359452538461476 ], [ -99.336105938461458, 20.359877846153761 ], [ -99.333346665986099, 20.359802104545231 ], [ -99.333346495404797, 20.359803805430271 ], [ -99.333345916852352, 20.3598056918281 ], [ -99.333344979168061, 20.359807427906418 ], [ -99.33334371885816, 20.359808946075802 ], [ -99.333342184989277, 20.359810187230714 ], [ -99.333340437278181, 20.359811103050291 ], [ -99.333338543767141, 20.359811657879614 ], [ -99.333336578174794, 20.359811830117909 ], [ -99.333336498031287, 20.359811829203096 ], [ -99.333336417912591, 20.359811827003874 ], [ -99.333334505088857, 20.359811588641573 ], [ -99.333332673535892, 20.359810987705028 ], [ -99.333330991308856, 20.359810046523084 ], [ -99.333329520914475, 20.359808800067626 ], [ -99.333328316988371, 20.359807294653006 ], [ -99.333327424264851, 20.359805586216289 ], [ -99.333326875915077, 20.359803738238117 ], [ -99.333326692314145, 20.359801819383776 ], [ -99.3333266924312, 20.359801716630315 ], [ -99.328584107692294, 20.359747584615409 ], [ -99.326504815384553, 20.359706292307717 ], [ -99.325479492307693, 20.359663030769205 ], [ -99.324942815384546, 20.359609815384591 ], [ -99.3246167230769, 20.359456800000018 ], [ -99.324242584615391, 20.35924063076919 ], [ -99.323964338461465, 20.35905138461542 ], [ -99.323695538461465, 20.358807907692299 ], [ -99.323388692307688, 20.358691 ], [ -99.323177692307667, 20.358592 ], [ -99.322928492307668, 20.358556307692261 ], [ -99.322258184615379, 20.358747307692312 ], [ -99.321684046153777, 20.359109815384649 ], [ -99.32131081538455, 20.35932736923079 ], [ -99.320918246153767, 20.35946364615382 ], [ -99.320544676923078, 20.359518538461472 ], [ -99.320132707692295, 20.359537369230797 ], [ -99.319020969230777, 20.359403861538503 ], [ -99.318733461538471, 20.359368246153778 ], [ -99.318847892307687, 20.359105984615407 ], [ -99.318857292307655, 20.359015599999971 ], [ -99.318971830769172, 20.358798523076953 ], [ -99.319115153846184, 20.358608507692328 ], [ -99.319172230769183, 20.3584096 ], [ -99.318950415384606, 20.357705184615419 ], [ -99.31848929230766, 20.357109630769184 ], [ -99.317683507692252, 20.356650261538487 ], [ -99.317136876923058, 20.356407276923086 ], [ -99.316561492307656, 20.356164338461479 ], [ -99.315871861538469, 20.356274015384621 ], [ -99.315010461538463, 20.356736430769185 ], [ -99.314550784615363, 20.356845692307679 ], [ -99.314980246153894, 20.356004538461509 ], [ -99.315122692307639, 20.355380784615388 ], [ -99.315006569230775, 20.354811723076867 ], [ -99.314718584615392, 20.354541153846213 ], [ -99.314258738461476, 20.354569092307713 ], [ -99.314057861538458, 20.3547320923077 ], [ -99.31336816923077, 20.354814661538512 ], [ -99.313080507692277, 20.354706738461466 ], [ -99.312534169230773, 20.354599292307718 ], [ -99.311815184615398, 20.354410815384604 ], [ -99.31115375384617, 20.354249338461493 ], [ -99.311181907692315, 20.353951092307707 ], [ -99.311497707692297, 20.353760769230803 ], [ -99.312100938461455, 20.353569938461522 ], [ -99.312819523076868, 20.353568646153764 ], [ -99.313969323076861, 20.353593692307719 ], [ -99.314572830769166, 20.353538384615391 ], [ -99.315655169230766, 20.353373784615385 ], [ -99.315798492307692, 20.353174723076904 ], [ -99.315941676923089, 20.352912415384601 ], [ -99.315950953846155, 20.352767830769228 ], [ -99.315892923076859, 20.352496846153809 ], [ -99.315739246153782, 20.352316400000017 ], [ -99.315451292307657, 20.352054861538512 ], [ -99.3149716, 20.351739461538536 ], [ -99.31432879999997, 20.3513159230769 ], [ -99.31389638461539, 20.350684153846217 ], [ -99.313742830769172, 20.350557923076902 ], [ -99.313751538461503, 20.35012416923081 ], [ -99.313463061538442, 20.349609630769212 ], [ -99.313290153846197, 20.349384030769194 ], [ -99.313040707692281, 20.349212784615418 ], [ -99.31251319999997, 20.348942646153798 ], [ -99.31212969230765, 20.348807784615378 ], [ -99.311832415384558, 20.348672784615381 ], [ -99.311410261538484, 20.348375338461491 ], [ -99.310815523076869, 20.348014953846221 ], [ -99.309865907692256, 20.347456384615409 ], [ -99.309463461538456, 20.347429984615413 ], [ -99.309252769230781, 20.347475553846252 ], [ -99.309070538461455, 20.347376476923085 ], [ -99.308878861538503, 20.347349707692281 ], [ -99.308773599999967, 20.347413138461498 ], [ -99.308572507692276, 20.347467707692285 ], [ -99.308371399999984, 20.34751324615382 ], [ -99.307882276923067, 20.347261092307718 ], [ -99.307728430769188, 20.346981246153792 ], [ -99.308111630769204, 20.3469624923077 ], [ -99.308542938461471, 20.347052092307692 ], [ -99.308695738461452, 20.346798815384581 ], [ -99.308762446153793, 20.346617969230778 ], [ -99.308857769230769, 20.346373830769174 ], [ -99.308924415384595, 20.346165876923102 ], [ -99.308991138461451, 20.345994061538523 ], [ -99.309383430769188, 20.345731323076937 ], [ -99.309488523076837, 20.345586553846186 ], [ -99.309545738461466, 20.345450907692346 ], [ -99.309526369230753, 20.345342507692337 ], [ -99.309420615384553, 20.345161969230819 ], [ -99.309353169230775, 20.344972338461478 ], [ -99.30942969230766, 20.344908938461501 ], [ -99.30957352307685, 20.344971938461516 ], [ -99.309755646153789, 20.3450168 ], [ -99.309889599999977, 20.344926199999978 ], [ -99.309870261538506, 20.344835876923149 ], [ -99.309802861538458, 20.344664307692319 ], [ -99.309946507692246, 20.344636938461523 ], [ -99.310147799999967, 20.344681769230768 ], [ -99.310291630769186, 20.344744769230797 ], [ -99.31043555384619, 20.344852938461489 ], [ -99.310540815384542, 20.344789507692319 ], [ -99.310674784615401, 20.34470793846149 ], [ -99.310722430769189, 20.344581338461509 ], [ -99.310712507692273, 20.344409676923092 ], [ -99.310635446153782, 20.344201984615346 ], [ -99.310568, 20.344012338461475 ], [ -99.310634892307689, 20.343921861538533 ], [ -99.310749923076884, 20.3439578 ], [ -99.310836230769155, 20.343993784615385 ], [ -99.310989753846187, 20.344110984615373 ], [ -99.311152907692289, 20.344255276923096 ], [ -99.311575123076892, 20.34458886153849 ], [ -99.312121876923072, 20.344913184615411 ], [ -99.312256030769191, 20.344921984615375 ], [ -99.312361461538487, 20.344948907692274 ], [ -99.312505230769204, 20.344975753846199 ], [ -99.312591630769191, 20.345065969230788 ], [ -99.312620876923049, 20.345309892307728 ], [ -99.312764846153769, 20.345445184615386 ], [ -99.313196523076854, 20.345715492307708 ], [ -99.313397815384576, 20.345760307692281 ], [ -99.313541815384554, 20.345904630769226 ], [ -99.313657061538493, 20.346039969230766 ], [ -99.31382984615388, 20.346202307692277 ], [ -99.313859261538482, 20.346536599999986 ], [ -99.313859661538459, 20.346735400000039 ], [ -99.313879076923087, 20.346861861538493 ], [ -99.313994138461481, 20.346906846153811 ], [ -99.31408972307689, 20.346798230769188 ], [ -99.314166092307687, 20.346662553846233 ], [ -99.314232876923072, 20.346517861538526 ], [ -99.314203876923074, 20.346391399999973 ], [ -99.31413655384614, 20.346265015384574 ], [ -99.314203415384569, 20.346165492307712 ], [ -99.314299092307635, 20.346102076923128 ], [ -99.314404353846172, 20.346038630769176 ], [ -99.314432815384578, 20.345903030769204 ], [ -99.31445150769224, 20.345668061538486 ], [ -99.314488738461478, 20.345125815384584 ], [ -99.314420769230765, 20.344683169230819 ], [ -99.314438676923089, 20.344059630769191 ], [ -99.314543953846183, 20.344005230769216 ], [ -99.314543261538489, 20.343661846153779 ], [ -99.314485538461454, 20.34354447692311 ], [ -99.314255092307647, 20.343291876923143 ], [ -99.314120215384591, 20.342921646153791 ], [ -99.314043107692314, 20.342695876923099 ], [ -99.314090615384572, 20.342496984615398 ], [ -99.314224538461445, 20.34239735384617 ], [ -99.314377738461488, 20.342351892307722 ], [ -99.314540984615363, 20.34254135384624 ], [ -99.314876138461457, 20.342459430769196 ], [ -99.315039338461474, 20.3426217846154 ], [ -99.315250353846167, 20.342738876923118 ], [ -99.315269938461455, 20.34294667692307 ], [ -99.315328123076881, 20.343298984615412 ], [ -99.315414830769171, 20.343533769230767 ], [ -99.315587646153787, 20.343714184615358 ], [ -99.315713169230762, 20.34419287692312 ], [ -99.315857369230741, 20.3444366 ], [ -99.316011430769194, 20.3448158307692 ], [ -99.316079215384576, 20.345168123076938 ], [ -99.316156369230796, 20.345421 ], [ -99.316339015384571, 20.345718861538547 ], [ -99.316502353846104, 20.34594447692313 ], [ -99.316589123076852, 20.346215399999974 ], [ -99.316761984615383, 20.34641389230768 ], [ -99.316762584615404, 20.346712092307737 ], [ -99.316839738461496, 20.346955923076894 ], [ -99.317012784615358, 20.347244769230784 ], [ -99.317041907692257, 20.347434476923084 ], [ -99.3170613692308, 20.347579015384582 ], [ -99.317063538461483, 20.348645292307744 ], [ -99.317121646153851, 20.348952415384598 ], [ -99.317265938461446, 20.349232276923104 ], [ -99.317544584615376, 20.349620323076909 ], [ -99.317765399999985, 20.349845830769219 ], [ -99.318091353846157, 20.349944646153777 ], [ -99.318235292307662, 20.350052815384601 ], [ -99.318398553846194, 20.350242276923151 ], [ -99.318657230769205, 20.350232769230839 ], [ -99.318925323076868, 20.350150953846232 ], [ -99.319528292307652, 20.349842615384595 ], [ -99.319844015384575, 20.349625169230759 ], [ -99.32008316923077, 20.349444015384609 ], [ -99.32031266153848, 20.3492267230769 ], [ -99.32047472307687, 20.348828830769225 ], [ -99.320579538461502, 20.348548507692296 ], [ -99.3205592, 20.347979261538498 ], [ -99.320528553846074, 20.347057630769189 ], [ -99.320470307692261, 20.346687246153799 ], [ -99.320362307692264, 20.345422384615357 ], [ -99.320322692307684, 20.344789907692313 ], [ -99.320408723076838, 20.344699400000014 ], [ -99.320446753846198, 20.344554738461547 ], [ -99.320474, 20.343831800000029 ], [ -99.320444092307639, 20.343262569230824 ], [ -99.320289476923065, 20.342621276923079 ], [ -99.320164446153896, 20.342386569230822 ], [ -99.32009641538454, 20.341916815384614 ], [ -99.320085815384559, 20.341419830769173 ], [ -99.320200030769143, 20.341058169230774 ], [ -99.320400384615397, 20.340651184615442 ], [ -99.320486230769177, 20.340470292307696 ], [ -99.320601076923097, 20.340415861538503 ], [ -99.320887892307653, 20.340126184615432 ], [ -99.320945261538455, 20.340071861538505 ], [ -99.321002599999986, 20.339999461538508 ], [ -99.321059815384586, 20.339872846153749 ], [ -99.321126615384557, 20.339746215384604 ], [ -99.321154676923044, 20.339411830769222 ], [ -99.321201692307653, 20.338987046153829 ], [ -99.321277953846064, 20.338797138461505 ], [ -99.321334846153775, 20.338516907692309 ], [ -99.321286538461479, 20.338318199999978 ], [ -99.321142523076887, 20.338164846153777 ], [ -99.320989061538469, 20.338083815384618 ], [ -99.320979261538483, 20.337975384615415 ], [ -99.321055846153854, 20.337948138461545 ], [ -99.321189876923071, 20.337902707692272 ], [ -99.321257092307661, 20.337974876923052 ], [ -99.321515953846159, 20.338073799999965 ], [ -99.321659553846175, 20.338019323076896 ], [ -99.321688507692286, 20.338127707692319 ], [ -99.321545738461481, 20.33857978461538 ], [ -99.321555969230772, 20.338886984615357 ], [ -99.321546907692294, 20.33914001538459 ], [ -99.321614476923074, 20.339383876923097 ], [ -99.321643415384557, 20.339483215384625 ], [ -99.321681984615395, 20.33960061538464 ], [ -99.321673523076882, 20.34014281538462 ], [ -99.321646199999975, 20.340829615384585 ], [ -99.321493307692265, 20.341019661538535 ], [ -99.321379384615355, 20.341525892307747 ], [ -99.321446861538476, 20.341724569230824 ], [ -99.321514307692283, 20.341905169230788 ], [ -99.321572230769178, 20.342121938461535 ], [ -99.321649538461486, 20.34243806153852 ], [ -99.321774399999981, 20.342591446153811 ], [ -99.322766569230765, 20.345183015384638 ], [ -99.322852799999978, 20.345182846153808 ], [ -99.323006369230754, 20.345318107692329 ], [ -99.323198384615353, 20.345507523076915 ], [ -99.323332953846077, 20.345724138461499 ], [ -99.323457753846171, 20.345841369230797 ], [ -99.323572723076893, 20.345841169230805 ], [ -99.323735461538504, 20.345777615384602 ], [ -99.323907615384584, 20.345632707692335 ], [ -99.324079799999964, 20.345505876923134 ], [ -99.324290107692278, 20.34527958461539 ], [ -99.324462123076842, 20.345071430769185 ], [ -99.324653261538487, 20.344845169230819 ], [ -99.324911461538463, 20.344618784615442 ], [ -99.325179292307666, 20.344410461538544 ], [ -99.325399138461464, 20.344166076923131 ], [ -99.325552138461461, 20.3440302461538 ], [ -99.325638215384544, 20.343957784615391 ], [ -99.325792215384567, 20.344300876923128 ], [ -99.325926630769175, 20.344436169230793 ], [ -99.326042, 20.344625723076909 ], [ -99.326109615384595, 20.344887646153811 ], [ -99.326205784615397, 20.345059153846183 ], [ -99.326273369230776, 20.345312046153825 ], [ -99.32642763076916, 20.345772599999989 ], [ -99.326437646153792, 20.345980415384574 ], [ -99.326438338461472, 20.346305723076885 ], [ -99.326352461538477, 20.346477569230789 ], [ -99.326209276923066, 20.346721815384601 ], [ -99.326190430769159, 20.346875461538506 ], [ -99.326257799999951, 20.347019923076864 ], [ -99.325990569230797, 20.34750836923083 ], [ -99.32587595384615, 20.347680276923043 ], [ -99.325943446153786, 20.347887984615362 ], [ -99.325924876923096, 20.348168138461439 ], [ -99.325915646153788, 20.348330800000046 ], [ -99.325944753846187, 20.348511476923086 ], [ -99.32596432307686, 20.348701199999979 ], [ -99.32607, 20.348836553846251 ], [ -99.326194553846179, 20.348836307692316 ], [ -99.326261676923096, 20.348863292307684 ], [ -99.326309861538491, 20.348998753846207 ], [ -99.32636764615377, 20.349143215384604 ], [ -99.32642533846149, 20.349242507692303 ], [ -99.326549938461483, 20.349260353846233 ], [ -99.326636123076867, 20.349242123076905 ], [ -99.326731984615378, 20.349269046153815 ], [ -99.326741846153865, 20.349404569230778 ], [ -99.326799507692286, 20.349485784615439 ], [ -99.326885646153755, 20.349440446153817 ], [ -99.327000446153775, 20.349358907692288 ], [ -99.32715363076916, 20.3493044 ], [ -99.327373876923076, 20.349249769230795 ], [ -99.327603799999963, 20.349240307692305 ], [ -99.327699292307685, 20.349095553846194 ], [ -99.327775738461469, 20.348996 ], [ -99.327919446153771, 20.348995738461511 ], [ -99.327977107692305, 20.349076953846186 ], [ -99.328092107692271, 20.349094815384611 ], [ -99.328187815384553, 20.349040415384589 ], [ -99.32829306153846, 20.348976969230819 ], [ -99.328216276923058, 20.348913846153824 ], [ -99.328225661538454, 20.348814430769185 ], [ -99.328417076923088, 20.348723707692294 ], [ -99.328579861538515, 20.348678230769224 ], [ -99.32877147692308, 20.34867786153848 ], [ -99.328838692307656, 20.348750030769175 ], [ -99.328992092307672, 20.348794923076916 ], [ -99.329068692307644, 20.348776707692313 ], [ -99.32917386153845, 20.348668076923108 ], [ -99.329259953846204, 20.348604661538523 ], [ -99.329413123076876, 20.348550153846194 ], [ -99.329633538461465, 20.348576846153819 ], [ -99.329758107692243, 20.348585646153797 ], [ -99.329873369230782, 20.348720969230808 ], [ -99.329979, 20.348829200000022 ], [ -99.33012287692307, 20.348910261538528 ], [ -99.33024736923079, 20.348882923076943 ], [ -99.330352876923087, 20.348936938461517 ], [ -99.330525569230772, 20.349045046153769 ], [ -99.33065, 20.348990584615414 ], [ -99.330822230769158, 20.348881830769241 ], [ -99.330994384615366, 20.348745953846201 ], [ -99.331166676923104, 20.348664307692307 ], [ -99.33124315384606, 20.348582830769203 ], [ -99.33134810769225, 20.348383846153755 ], [ -99.331453199999956, 20.348239061538486 ], [ -99.33153915384618, 20.34811238461538 ], [ -99.33163470769226, 20.347994738461491 ], [ -99.331720861538486, 20.347958430769197 ], [ -99.331778569230792, 20.348066753846211 ], [ -99.331883938461488, 20.348057523076886 ], [ -99.331941261538475, 20.347976092307686 ], [ -99.331969753846167, 20.347858553846226 ], [ -99.332046138461493, 20.347740938461488 ], [ -99.332180230769183, 20.34772261538463 ], [ -99.33218007692308, 20.347650323076866 ], [ -99.332227676923068, 20.347505661538481 ], [ -99.332371199999983, 20.347415015384652 ], [ -99.332668199999986, 20.347414461538499 ], [ -99.332917307692284, 20.347413984615422 ], [ -99.333023215384571, 20.347657753846182 ], [ -99.333167446153851, 20.347901461538477 ], [ -99.333332443625238, 20.348202544537724 ], [ -99.333333650238387, 20.348201134578019 ], [ -99.333335241571987, 20.348199896938137 ], [ -99.333337048801582, 20.348199003620081 ], [ -99.333338998479391, 20.348198490929626 ], [ -99.333341011368859, 20.348198379702591 ], [ -99.333341613132077, 20.348198468643176 ], [ -99.333349354121268, 20.348212594194631 ], [ -99.333349366662787, 20.348212622461389 ], [ -99.334011923076886, 20.348532384615375 ], [ -99.334597461538465, 20.349046323076891 ], [ -99.335229676923063, 20.348990892307707 ], [ -99.335623076923071, 20.349261230769226 ], [ -99.336313430769195, 20.349503876923087 ], [ -99.336582107692251, 20.349693123076918 ], [ -99.336774323076853, 20.349963830769177 ], [ -99.337091138461474, 20.35026141538459 ], [ -99.337474846153796, 20.350477553846204 ], [ -99.337905692307643, 20.350341169230777 ], [ -99.33849847692305, 20.349770738461526 ], [ -99.33876615384618, 20.349499138461528 ], [ -99.339071846153743, 20.34909192307687 ], [ -99.33956910769227, 20.348657215384605 ], [ -99.339846246153868, 20.34833136923076 ], [ -99.340114323076904, 20.34824952307687 ], [ -99.340506953846173, 20.348167430769209 ], [ -99.341062292307655, 20.348003692307707 ], [ -99.3413402, 20.348030261538504 ], [ -99.341752107692244, 20.348002353846177 ], [ -99.342029538461475, 20.347812046153763 ], [ -99.342210615384573, 20.347377953846181 ], [ -99.342055830769141, 20.346700538461519 ], [ -99.342112199999974, 20.3461944 ], [ -99.342494399999964, 20.345723769230805 ], [ -99.343078092307664, 20.345397323076895 ], [ -99.343844553846182, 20.345395815384595 ], [ -99.344448307692261, 20.345475953846218 ], [ -99.344783446153855, 20.345393969230788 ], [ -99.345415723076883, 20.345365615384608 ], [ -99.345770261538462, 20.345392015384636 ], [ -99.346028399999952, 20.345147523076921 ], [ -99.346210876923095, 20.345345969230788 ], [ -99.346383723076869, 20.345526338461454 ], [ -99.346250384615374, 20.345879015384597 ] ] ] ] } },
{ "type": "Feature", "properties": { "IDBD": 165255, "FC": 6291, "CONDICION": "CUERPO DE AGUA INTERMITENTE" }, "geometry": { "type": "MultiPolygon", "coordinates": [ [ [ [ -99.54363232307692, 20.362833953846124 ], [ -99.543545323076899, 20.362617353846179 ], [ -99.543553984615343, 20.362355276923097 ], [ -99.543620230769221, 20.36212013846157 ], [ -99.543753615384574, 20.361902861538493 ], [ -99.544011876923051, 20.361775553846194 ], [ -99.544212923076898, 20.361729738461538 ], [ -99.544395092307695, 20.361765323076931 ], [ -99.544529846153821, 20.361936584615435 ], [ -99.544559599999985, 20.362225646153846 ], [ -99.544531676923029, 20.362460661538456 ], [ -99.544398261538419, 20.362668907692303 ], [ -99.544168876923067, 20.362832276923083 ], [ -99.543948892307654, 20.3629414 ], [ -99.543757199999973, 20.362923923076945 ], [ -99.54363232307692, 20.362833953846124 ] ] ] ] } },
{ "type": "Feature", "properties": { "IDBD": 165259, "FC": 6291, "CONDICION": "CUERPO DE AGUA INTERMITENTE" }, "geometry": { "type": "MultiPolygon", "coordinates": [ [ [ [ -99.400845661538412, 20.358756292307685 ], [ -99.400960692307663, 20.358774092307705 ], [ -99.40115270769229, 20.358927276923076 ], [ -99.401307492307652, 20.35949619999997 ], [ -99.401299123076896, 20.359966092307708 ], [ -99.401377123076912, 20.360490015384627 ], [ -99.400964938461499, 20.360418676923061 ], [ -99.40091604615381, 20.360039261538493 ], [ -99.400846738461496, 20.359171953846147 ], [ -99.400845661538412, 20.358756292307685 ] ] ] ] } },
{ "type": "Feature", "properties": { "IDBD": 165290, "FC": 6291, "CONDICION": "CUERPO DE AGUA INTERMITENTE" }, "geometry": { "type": "MultiPolygon", "coordinates": [ [ [ [ -99.370816430769182, 20.358388907692294 ], [ -99.370595476923086, 20.358145399999955 ], [ -99.370307153846127, 20.357775523076942 ], [ -99.370162892307647, 20.357549923076903 ], [ -99.370152692307684, 20.35728789230771 ], [ -99.370209399999922, 20.356962476923059 ], [ -99.370429030769188, 20.35665478461538 ], [ -99.370496723076883, 20.356916692307724 ], [ -99.370554738461493, 20.357133430769231 ], [ -99.370583646153818, 20.357205661538483 ], [ -99.37076598461536, 20.357322738461534 ], [ -99.370890876923056, 20.357467061538447 ], [ -99.370844015384634, 20.357900892307672 ], [ -99.370816430769182, 20.358388907692294 ] ] ] ] } },
{ "type": "Feature", "properties": { "IDBD": 165301, "FC": 6291, "CONDICION": "CUERPO DE AGUA INTERMITENTE" }, "geometry": { "type": "MultiPolygon", "coordinates": [ [ [ [ -99.401227353846124, 20.35815 ], [ -99.400930307692235, 20.358141646153836 ], [ -99.400757830769194, 20.358133 ], [ -99.400766753846128, 20.357879969230783 ], [ -99.400976353846119, 20.357418646153857 ], [ -99.401004907692297, 20.357346292307721 ], [ -99.401099907692299, 20.3570298 ], [ -99.401205, 20.356912092307716 ], [ -99.40124376923076, 20.357083692307665 ], [ -99.401273461538452, 20.357454107692305 ], [ -99.401274584615351, 20.35788783076924 ], [ -99.401294199999953, 20.358059476923096 ], [ -99.401227353846124, 20.35815 ] ] ] ] } },
{ "type": "Feature", "properties": { "IDBD": 165339, "FC": 6291, "CONDICION": "CUERPO DE AGUA INTERMITENTE" }, "geometry": { "type": "MultiPolygon", "coordinates": [ [ [ [ -99.353960476923035, 20.353246138461518 ], [ -99.353949723076909, 20.352731107692293 ], [ -99.354073569230721, 20.352423615384613 ], [ -99.354360538461492, 20.352215199999989 ], [ -99.35469536923074, 20.35199766153843 ], [ -99.354839092307657, 20.351997369230798 ], [ -99.355069569230722, 20.352231846153824 ], [ -99.354859415384567, 20.352503353846153 ], [ -99.354562892307683, 20.352720830769236 ], [ -99.354371599999979, 20.352865784615421 ], [ -99.354084984615355, 20.353227815384621 ], [ -99.353960476923035, 20.353246138461518 ] ] ] ] } },
{ "type": "Feature", "properties": { "IDBD": 165345, "FC": 6291, "CONDICION": "CUERPO DE AGUA INTERMITENTE" }, "geometry": { "type": "MultiPolygon", "coordinates": [ [ [ [ -99.543523353846155, 20.353599476923108 ], [ -99.543993261538432, 20.353724523076874 ], [ -99.544271984615378, 20.353976661538479 ], [ -99.544425892307672, 20.354147876923093 ], [ -99.544541584615345, 20.35435533846152 ], [ -99.544714261538402, 20.354418046153853 ], [ -99.544799799999964, 20.354218984615379 ], [ -99.544770230769231, 20.353984153846174 ], [ -99.544865938461513, 20.353956738461516 ], [ -99.544955399999978, 20.354878138461547 ], [ -99.544927676923038, 20.355167369230784 ], [ -99.545148323076901, 20.355248015384667 ], [ -99.545301846153833, 20.355310784615408 ], [ -99.545322307692302, 20.3556812 ], [ -99.545217799999989, 20.355934523076943 ], [ -99.545238261538444, 20.35630493846157 ], [ -99.544787292307689, 20.3561166 ], [ -99.544403661538411, 20.35600935384613 ], [ -99.544144692307682, 20.355928846153851 ], [ -99.543895015384606, 20.355766969230796 ], [ -99.543523353846155, 20.353599476923108 ] ] ] ] } },
{ "type": "Feature", "properties": { "IDBD": 165385, "FC": 6291, "CONDICION": "CUERPO DE AGUA INTERMITENTE" }, "geometry": { "type": "MultiPolygon", "coordinates": [ [ [ [ -99.433428723076915, 20.350645338461547 ], [ -99.433467399999984, 20.350771753846114 ], [ -99.433477507692302, 20.350961492307711 ], [ -99.43344918461537, 20.351115169230738 ], [ -99.43340173846147, 20.351277938461568 ], [ -99.433316061538434, 20.351476938461516 ], [ -99.432903861538421, 20.351396646153848 ], [ -99.432711907692294, 20.351279646153866 ], [ -99.432471738461516, 20.35104530769231 ], [ -99.4325866, 20.351008876923075 ], [ -99.432682246153817, 20.350945384615393 ], [ -99.432959676923076, 20.350800123076951 ], [ -99.43310301538456, 20.350664215384604 ], [ -99.433256030769172, 20.350564446153879 ], [ -99.433342184615384, 20.350537123076894 ], [ -99.433428723076915, 20.350645338461547 ] ] ] ] } },
{ "type": "Feature", "properties": { "IDBD": 165390, "FC": 6291, "CONDICION": "CUERPO DE AGUA INTERMITENTE" }, "geometry": { "type": "MultiPolygon", "coordinates": [ [ [ [ -99.555075307692292, 20.352840276923104 ], [ -99.554681923076913, 20.352678876923108 ], [ -99.554538076923052, 20.352643184615363 ], [ -99.55446116923072, 20.352571138461546 ], [ -99.55440313846151, 20.352417723076972 ], [ -99.5543451384615, 20.35227332307689 ], [ -99.554363399999986, 20.352020261538453 ], [ -99.554401169230744, 20.351866523076914 ], [ -99.554507046153802, 20.352001723076942 ], [ -99.55459372307692, 20.352127953846164 ], [ -99.554689630769246, 20.352154769230768 ], [ -99.5547659230769, 20.352055123076937 ], [ -99.554851830769181, 20.351964492307733 ], [ -99.554976276923028, 20.351936984615367 ], [ -99.554995630769213, 20.35199113846156 ], [ -99.555024599999953, 20.352054307692296 ], [ -99.555197092307665, 20.35206278461537 ], [ -99.555178476923004, 20.352216461538454 ], [ -99.555111599999989, 20.352270892307711 ], [ -99.555035046153819, 20.35229824615385 ], [ -99.554910984615347, 20.352434169230769 ], [ -99.554997476923077, 20.352506184615397 ], [ -99.555055246153827, 20.352587323076921 ], [ -99.555075307692292, 20.352840276923104 ] ] ] ] } },
{ "type": "Feature", "properties": { "IDBD": 165420, "FC": 6292, "CONDICION": "CUERPO DE AGUA PERENNE" }, "geometry": { "type": "MultiPolygon", "coordinates": [ [ [ [ -99.536414707692288, 20.348181769230774 ], [ -99.536425276923012, 20.348470892307674 ], [ -99.536435523076861, 20.348660615384595 ], [ -99.536120046153798, 20.348860384615374 ], [ -99.535919907692247, 20.349168215384594 ], [ -99.535719907692283, 20.349512199999985 ], [ -99.535529030769197, 20.34972964615384 ], [ -99.535375892307655, 20.34977530769228 ], [ -99.535251323076906, 20.349766646153824 ], [ -99.535155507692266, 20.34976693846151 ], [ -99.534972984615393, 20.349622923076932 ], [ -99.534800399999952, 20.349587307692321 ], [ -99.534426692307662, 20.349570384615401 ], [ -99.534177569230721, 20.349562107692261 ], [ -99.533946953846126, 20.349364015384626 ], [ -99.533648830769209, 20.349039630769216 ], [ -99.533149307692284, 20.348652599999955 ], [ -99.532908830769202, 20.348373215384619 ], [ -99.532668015384587, 20.347994446153837 ], [ -99.532542569230714, 20.347732784615403 ], [ -99.532455169230758, 20.347389676923083 ], [ -99.532387092307644, 20.34709169230775 ], [ -99.532290476923052, 20.3468570615385 ], [ -99.532088415384578, 20.346604661538482 ], [ -99.531867969230746, 20.34657823076925 ], [ -99.5319156, 20.3464967538461 ], [ -99.532087492307653, 20.346333584615383 ], [ -99.532201799999939, 20.346143476923068 ], [ -99.532306692307685, 20.345998584615405 ], [ -99.532574261538429, 20.345798969230806 ], [ -99.532832384615361, 20.345635538461586 ], [ -99.532898769230712, 20.345436538461556 ], [ -99.532993799999957, 20.345210353846181 ], [ -99.533098276923042, 20.344947984615416 ], [ -99.533087492307629, 20.344595615384648 ], [ -99.533115307692285, 20.344324446153802 ], [ -99.533133369230725, 20.344008138461589 ], [ -99.533094523076869, 20.343854646153805 ], [ -99.532920446153824, 20.343376261538506 ], [ -99.532630799999978, 20.342726553846163 ], [ -99.532620969230749, 20.342654292307728 ], [ -99.532879523076886, 20.342617353846123 ], [ -99.533176138461528, 20.342508015384631 ], [ -99.533482230769224, 20.342371538461542 ], [ -99.533941584615334, 20.342225569230745 ], [ -99.534238138461504, 20.34209815384618 ], [ -99.534525415384593, 20.342061138461524 ], [ -99.534611307692245, 20.341961476923061 ], [ -99.53468729230768, 20.341771476923107 ], [ -99.534562092307695, 20.341582107692293 ], [ -99.534475123076902, 20.341365507692295 ], [ -99.534483938461491, 20.341139584615359 ], [ -99.534502261538449, 20.340895553846153 ], [ -99.534597369230752, 20.340696476923064 ], [ -99.534664553846142, 20.34073241538464 ], [ -99.534750753846097, 20.340723107692316 ], [ -99.53481746153841, 20.340623507692285 ], [ -99.534826707692275, 20.340524076923113 ], [ -99.534778461538437, 20.340424830769251 ], [ -99.534787446153842, 20.340253123076931 ], [ -99.534873384615338, 20.340171538461558 ], [ -99.535055415384591, 20.340170984615391 ], [ -99.535122261538433, 20.340107523076917 ], [ -99.537499276923057, 20.340434553846194 ], [ -99.539732553846108, 20.34075296923077 ], [ -99.540413538461536, 20.340976769230764 ], [ -99.540452353846092, 20.341121230769243 ], [ -99.540414753846136, 20.341329169230786 ], [ -99.540223476923018, 20.341420123076936 ], [ -99.540167092307669, 20.341736553846154 ], [ -99.540052692307668, 20.341899553846112 ], [ -99.53990936923077, 20.342008430769191 ], [ -99.54001563076919, 20.342261123076881 ], [ -99.540102661538441, 20.342495784615384 ], [ -99.540017384615325, 20.342767123076928 ], [ -99.539703815384598, 20.343509046153834 ], [ -99.539428338461505, 20.3441876 ], [ -99.539218969230731, 20.344594876923086 ], [ -99.538904323076906, 20.345029569230796 ], [ -99.538532076923076, 20.34542830769233 ], [ -99.538303169230758, 20.345727200000024 ], [ -99.538084046153799, 20.346080276923093 ], [ -99.537874430769179, 20.346415261538489 ], [ -99.537703169230738, 20.346759153846126 ], [ -99.537302507692303, 20.347257369230757 ], [ -99.536996938461527, 20.34754746153844 ], [ -99.536767938461537, 20.347819246153851 ], [ -99.536730230769209, 20.348000076923078 ], [ -99.53657723076924, 20.348081876923018 ], [ -99.536414707692288, 20.348181769230774 ] ] ] ] } },
{ "type": "Feature", "properties": { "IDBD": 165425, "FC": 6292, "CONDICION": "CUERPO DE AGUA PERENNE" }, "geometry": { "type": "MultiPolygon", "coordinates": [ [ [ [ -99.510423138461505, 20.345521723076924 ], [ -99.510769723076905, 20.346035769230767 ], [ -99.510712723076907, 20.346180507692281 ], [ -99.510674876923076, 20.3463252 ], [ -99.510646630769202, 20.346478892307701 ], [ -99.510589784615334, 20.346668815384618 ], [ -99.510494676923031, 20.346885953846204 ], [ -99.510246830769219, 20.347266200000021 ], [ -99.509989523076911, 20.347682599999967 ], [ -99.509952153846129, 20.347971861538475 ], [ -99.509904753846115, 20.348125615384618 ], [ -99.509809507692282, 20.348297584615374 ], [ -99.50961810769229, 20.34836139999997 ], [ -99.509503015384567, 20.348325584615402 ], [ -99.509387784615342, 20.348244600000012 ], [ -99.509244076923039, 20.348245015384617 ], [ -99.509128815384585, 20.348154984615388 ], [ -99.509022923076927, 20.348001692307705 ], [ -99.5090510461538, 20.34781184615386 ], [ -99.508954707692268, 20.347649476923038 ], [ -99.5089829384615, 20.347495784615425 ], [ -99.509040123076858, 20.347405261538452 ], [ -99.509011092307659, 20.347314984615394 ], [ -99.508788876923049, 20.346746353846132 ], [ -99.50875966153842, 20.346601861538453 ], [ -99.508826015384571, 20.346384800000038 ], [ -99.508940384615329, 20.346203753846179 ], [ -99.5091414, 20.346148953846132 ], [ -99.50944726153844, 20.345931184615374 ], [ -99.509657230769207, 20.345686600000015 ], [ -99.509713738461514, 20.345388246153821 ], [ -99.509962092307688, 20.345161630769248 ], [ -99.510172861538436, 20.34516101538463 ], [ -99.510423138461505, 20.345521723076924 ] ] ] ] } },
{ "type": "Feature", "properties": { "IDBD": 165427, "FC": 6291, "CONDICION": "CUERPO DE AGUA INTERMITENTE" }, "geometry": { "type": "MultiPolygon", "coordinates": [ [ [ [ -99.366748507692279, 20.343930553846125 ], [ -99.36705539999997, 20.344065461538442 ], [ -99.3672092, 20.344282 ], [ -99.367353492307643, 20.344525676923073 ], [ -99.367402107692286, 20.344832800000027 ], [ -99.367374061538413, 20.345122015384614 ], [ -99.367192599999967, 20.345366384615332 ], [ -99.367068569230725, 20.345583507692332 ], [ -99.366973446153807, 20.345872861538481 ], [ -99.366607738461497, 20.345177846153874 ], [ -99.366625830769181, 20.344726 ], [ -99.366625538461491, 20.344599492307708 ], [ -99.366624292307648, 20.344075400000026 ], [ -99.366748507692279, 20.343930553846125 ] ] ] ] } },
{ "type": "Feature", "properties": { "IDBD": 165431, "FC": 6291, "CONDICION": "CUERPO DE AGUA INTERMITENTE" }, "geometry": { "type": "MultiPolygon", "coordinates": [ [ [ [ -99.40069738461537, 20.34584396923076 ], [ -99.400515615384592, 20.34594376923075 ], [ -99.400533938461521, 20.345618430769221 ], [ -99.400542907692298, 20.345383476923118 ], [ -99.400628815384579, 20.345256769230783 ], [ -99.400695969230753, 20.345292753846181 ], [ -99.400782076923093, 20.345247384615419 ], [ -99.400887369230773, 20.345211 ], [ -99.401050307692287, 20.345237723076934 ], [ -99.401175323076885, 20.345418169230761 ], [ -99.401299953846149, 20.345454030769222 ], [ -99.401424507692283, 20.345453738461565 ], [ -99.401520338461523, 20.345462553846154 ], [ -99.401759846153851, 20.345462 ], [ -99.401874723076929, 20.3454256 ], [ -99.402047107692269, 20.345398092307708 ], [ -99.402152584615337, 20.345433984615376 ], [ -99.402354061538418, 20.345541953846169 ], [ -99.402440338461517, 20.34555983076919 ], [ -99.402622369230741, 20.345559415384635 ], [ -99.402871276923051, 20.345486553846158 ], [ -99.403005184615367, 20.345404923076952 ], [ -99.403215538461509, 20.345241784615386 ], [ -99.403358938461551, 20.345123984615384 ], [ -99.403454461538431, 20.345015323076936 ], [ -99.403626830769213, 20.344978784615392 ], [ -99.404010092307658, 20.344995969230748 ], [ -99.404153969230734, 20.345058892307645 ], [ -99.404173569230736, 20.345230538461561 ], [ -99.40379036923072, 20.345240461538495 ], [ -99.403598815384598, 20.345258969230795 ], [ -99.403503215384589, 20.345340507692292 ], [ -99.403388553846113, 20.345458246153878 ], [ -99.403245261538444, 20.34562123076924 ], [ -99.403082723076892, 20.345748107692348 ], [ -99.402881876923047, 20.345884123076953 ], [ -99.402728846153835, 20.345983876923079 ], [ -99.402527769230758, 20.346029507692307 ], [ -99.402221107692299, 20.345994076923063 ], [ -99.401933630769236, 20.34597666153844 ], [ -99.40171318461536, 20.345941030769232 ], [ -99.401502246153825, 20.345878261538459 ], [ -99.401301061538419, 20.345878723076911 ], [ -99.401186, 20.345842846153825 ], [ -99.40069738461537, 20.34584396923076 ] ] ] ] } },
{ "type": "Feature", "properties": { "IDBD": 165443, "FC": 6291, "CONDICION": "CUERPO DE AGUA INTERMITENTE" }, "geometry": { "type": "MultiPolygon", "coordinates": [ [ [ [ -99.346242153846148, 20.337881984615365 ], [ -99.346539030769208, 20.337836215384602 ], [ -99.347688492307654, 20.337761646153833 ], [ -99.347765230769184, 20.337806676923062 ], [ -99.348062661538449, 20.338004876923048 ], [ -99.348369569230741, 20.338157876923113 ], [ -99.348628569230726, 20.33830195384618 ], [ -99.348897584615401, 20.338644784615372 ], [ -99.349042292307672, 20.339096307692309 ], [ -99.349100953846147, 20.339620292307735 ], [ -99.349371169230736, 20.340496261538476 ], [ -99.349660215384574, 20.341218584615383 ], [ -99.349728153846144, 20.341607 ], [ -99.349824784615365, 20.341977292307707 ], [ -99.34978746153844, 20.342420138461552 ], [ -99.349682661538438, 20.342682400000012 ], [ -99.34953950769227, 20.342926661538435 ], [ -99.349444307692281, 20.343197938461543 ], [ -99.349253507692268, 20.343559769230783 ], [ -99.34899544615385, 20.343831369230777 ], [ -99.348699046153811, 20.344094015384631 ], [ -99.348440784615363, 20.344284292307687 ], [ -99.348363969230761, 20.344203123076937 ], [ -99.348296599999969, 20.344067707692304 ], [ -99.348267646153843, 20.343977400000018 ], [ -99.34815267692305, 20.343977630769217 ], [ -99.34807606153845, 20.343986830769268 ], [ -99.347989553846148, 20.343860492307702 ], [ -99.348084846153853, 20.3436344 ], [ -99.348132369230726, 20.343462615384642 ], [ -99.348227876923048, 20.343326876923062 ], [ -99.348476461538439, 20.343100476923112 ], [ -99.348600599999969, 20.342919507692354 ], [ -99.348619030769214, 20.342594169230765 ], [ -99.348618630769195, 20.342413446153859 ], [ -99.348532092307636, 20.34227807692308 ], [ -99.348330661538398, 20.342170046153839 ], [ -99.34811986153845, 20.342152384615403 ], [ -99.347889907692277, 20.342143815384574 ], [ -99.347746, 20.342053738461566 ], [ -99.347640076923028, 20.341819 ], [ -99.347553584615341, 20.341692661538502 ], [ -99.347467230769183, 20.34163861538465 ], [ -99.347323492307652, 20.341620830769223 ], [ -99.34715092307691, 20.341566953846115 ], [ -99.34693996923076, 20.341486061538482 ], [ -99.346815061538464, 20.341323646153839 ], [ -99.34657401538459, 20.340637369230773 ], [ -99.346401015384586, 20.340384707692294 ], [ -99.345661661538429, 20.339636169230776 ], [ -99.345373523076901, 20.339311430769222 ], [ -99.345334876923019, 20.339166923076906 ], [ -99.345372861538408, 20.339013230769279 ], [ -99.345468399999945, 20.338895569230743 ], [ -99.345496907692265, 20.338787092307648 ], [ -99.345477138461519, 20.338516030769224 ], [ -99.345495876923039, 20.338326246153873 ], [ -99.345648646153819, 20.338091 ], [ -99.345926138461479, 20.337945861538451 ], [ -99.346242153846148, 20.337881984615365 ] ] ] ] } },
{ "type": "Feature", "properties": { "IDBD": 165444, "FC": 6291, "CONDICION": "CUERPO DE AGUA INTERMITENTE" }, "geometry": { "type": "MultiPolygon", "coordinates": [ [ [ [ -99.489732015384618, 20.346430338461552 ], [ -99.489645184615355, 20.346240815384608 ], [ -99.489271461538436, 20.346214753846162 ], [ -99.489118738461514, 20.34639590769228 ], [ -99.489051, 20.346179230769224 ], [ -99.488599969230734, 20.345945553846146 ], [ -99.488542184615341, 20.345846323076913 ], [ -99.488714661538452, 20.345854876923074 ], [ -99.48863761538459, 20.345728584615415 ], [ -99.488493430769225, 20.345575369230769 ], [ -99.488502723076905, 20.345484984615371 ], [ -99.488655753846132, 20.345403230769229 ], [ -99.489125030769202, 20.345347707692284 ], [ -99.489441323076917, 20.345392 ], [ -99.489556399999984, 20.345427815384607 ], [ -99.48992079999995, 20.345535230769208 ], [ -99.490410061538427, 20.345741692307691 ], [ -99.490247646153804, 20.345886723076958 ], [ -99.490180953846121, 20.346004384615377 ], [ -99.490066046153814, 20.346022769230764 ], [ -99.489903261538416, 20.346050338461573 ], [ -99.489836461538445, 20.346131846153863 ], [ -99.489808307692272, 20.34632169230774 ], [ -99.489732015384618, 20.346430338461552 ] ] ] ] } },
{ "type": "Feature", "properties": { "IDBD": 165466, "FC": 6291, "CONDICION": "CUERPO DE AGUA INTERMITENTE" }, "geometry": { "type": "MultiPolygon", "coordinates": [ [ [ [ -99.490759630769205, 20.344186507692289 ], [ -99.49081733846154, 20.34425863076925 ], [ -99.490195953846154, 20.344685061538446 ], [ -99.490052276923052, 20.344694507692306 ], [ -99.489832353846126, 20.344830661538445 ], [ -99.489593215384588, 20.3449488 ], [ -99.489535846153856, 20.344985107692345 ], [ -99.489430461538433, 20.344985399999967 ], [ -99.489420569230745, 20.344886030769256 ], [ -99.489525553846121, 20.344759230769196 ], [ -99.489592246153833, 20.344641584615353 ], [ -99.489649415384562, 20.344542030769219 ], [ -99.489658799999972, 20.344478738461564 ], [ -99.489524646153839, 20.344470076923102 ], [ -99.489333030769174, 20.344470615384591 ], [ -99.489131399999977, 20.34432661538461 ], [ -99.488939276923048, 20.344164492307694 ], [ -99.488823799999949, 20.344002169230748 ], [ -99.489049061538466, 20.344042200000015 ], [ -99.489259769230713, 20.344023538461521 ], [ -99.490136938461518, 20.34419729230769 ], [ -99.490759630769205, 20.344186507692289 ] ] ] ] } },
{ "type": "Feature", "properties": { "IDBD": 165505, "FC": 6291, "CONDICION": "CUERPO DE AGUA INTERMITENTE" }, "geometry": { "type": "MultiPolygon", "coordinates": [ [ [ [ -99.560682753846109, 20.342936984615388 ], [ -99.561181476923053, 20.34308898461542 ], [ -99.560933138461493, 20.343297615384575 ], [ -99.560685230769209, 20.343623707692327 ], [ -99.560455892307658, 20.343787092307707 ], [ -99.560274030769207, 20.343832846153855 ], [ -99.560359307692252, 20.343570538461563 ], [ -99.560387030769206, 20.343290338461554 ], [ -99.560280846153802, 20.343064769230786 ], [ -99.560232353846132, 20.342902276923059 ], [ -99.560682753846109, 20.342936984615388 ] ] ] ] } },
{ "type": "Feature", "properties": { "IDBD": 165514, "FC": 6291, "CONDICION": "CUERPO DE AGUA INTERMITENTE" }, "geometry": { "type": "MultiPolygon", "coordinates": [ [ [ [ -99.362848907692296, 20.339700723076888 ], [ -99.362973199999971, 20.339592030769222 ], [ -99.363020907692288, 20.339510599999958 ], [ -99.363106692307667, 20.339320661538459 ], [ -99.363125769230734, 20.33928447692308 ], [ -99.363269584615324, 20.339329369230761 ], [ -99.363413338461541, 20.339356169230758 ], [ -99.363537692307645, 20.339274584615389 ], [ -99.363623661538426, 20.339165969230773 ], [ -99.363671338461486, 20.339066476923115 ], [ -99.363728415384571, 20.338894676923083 ], [ -99.36374713846152, 20.338704876923043 ], [ -99.363871384615365, 20.338578107692324 ], [ -99.36403395384616, 20.338451261538435 ], [ -99.364799415384581, 20.338043030769214 ], [ -99.36499096923076, 20.338024569230793 ], [ -99.365259061538424, 20.337960753846165 ], [ -99.365623076923043, 20.337941923076929 ], [ -99.365872046153825, 20.337896215384628 ], [ -99.366102015384584, 20.33791380000002 ], [ -99.365566092307688, 20.338158907692296 ], [ -99.364953030769215, 20.338187292307705 ], [ -99.364187692307681, 20.338649738461566 ], [ -99.36408269230769, 20.33881261538464 ], [ -99.363987907692277, 20.339246538461513 ], [ -99.363950184615376, 20.339499630769186 ], [ -99.363720692307652, 20.339689876923089 ], [ -99.363538923076931, 20.339798692307713 ], [ -99.362848907692296, 20.339700723076888 ] ] ] ] } },
{ "type": "Feature", "properties": { "IDBD": 165519, "FC": 6291, "CONDICION": "CUERPO DE AGUA INTERMITENTE" }, "geometry": { "type": "MultiPolygon", "coordinates": [ [ [ [ -99.486228507692289, 20.3381992 ], [ -99.486343692307656, 20.338271169230786 ], [ -99.487015584615392, 20.338684969230751 ], [ -99.4874479076923, 20.339072307692348 ], [ -99.487295476923023, 20.339343815384606 ], [ -99.487142276923095, 20.339371353846108 ], [ -99.486837046153809, 20.339796892307692 ], [ -99.486684584615347, 20.340059369230794 ], [ -99.486388938461531, 20.340484892307703 ], [ -99.486322523076865, 20.340692907692297 ], [ -99.48623723076922, 20.340991338461563 ], [ -99.486094353846141, 20.34125378461545 ], [ -99.485951769230752, 20.341615615384622 ], [ -99.485673553846127, 20.34148989230771 ], [ -99.485317169230782, 20.340876415384649 ], [ -99.485067123076917, 20.340569892307663 ], [ -99.485056215384603, 20.340145230769245 ], [ -99.484921646153836, 20.340001015384601 ], [ -99.484823707692271, 20.339314553846165 ], [ -99.484880107692263, 20.338971015384619 ], [ -99.48517621538457, 20.338690076923079 ], [ -99.485280984615343, 20.338491 ], [ -99.4853381230769, 20.338382399999986 ], [ -99.485539138461519, 20.338327630769246 ], [ -99.485557338461504, 20.338020353846147 ], [ -99.485604692307632, 20.337848538461564 ], [ -99.486228507692289, 20.3381992 ] ] ] ] } },
{ "type": "Feature", "properties": { "IDBD": 165528, "FC": 6291, "CONDICION": "CUERPO DE AGUA INTERMITENTE" }, "geometry": { "type": "MultiPolygon", "coordinates": [ [ [ [ -99.420299846153867, 20.338912353846155 ], [ -99.420453615384574, 20.339092707692323 ], [ -99.4206936, 20.339272861538511 ], [ -99.420952369230761, 20.3393083846154 ], [ -99.421134630769174, 20.339398307692317 ], [ -99.421125646153854, 20.33961518461539 ], [ -99.421039707692245, 20.339723830769241 ], [ -99.420924876923038, 20.339769292307675 ], [ -99.420723692307675, 20.339769769230813 ], [ -99.420503292307686, 20.339752230769243 ], [ -99.420388261538434, 20.339725400000024 ], [ -99.420205938461521, 20.339617400000026 ], [ -99.420033446153809, 20.339599753846141 ], [ -99.419889753846149, 20.339600092307673 ], [ -99.419669092307672, 20.339483153846096 ], [ -99.419841461538439, 20.339455630769244 ], [ -99.420003799999961, 20.339265476923085 ], [ -99.42014707692303, 20.339102492307703 ], [ -99.420299846153867, 20.338912353846155 ] ] ] ] } },
{ "type": "Feature", "properties": { "IDBD": 165538, "FC": 6291, "CONDICION": "CUERPO DE AGUA INTERMITENTE" }, "geometry": { "type": "MultiPolygon", "coordinates": [ [ [ [ -99.416007276923025, 20.338678646153852 ], [ -99.416093923076858, 20.338841092307678 ], [ -99.416237753846161, 20.338885938461559 ], [ -99.41670724615382, 20.33891192307695 ], [ -99.416927553846122, 20.338893323076924 ], [ -99.417119461538434, 20.339010338461545 ], [ -99.416879938461491, 20.339001876923078 ], [ -99.416851323076898, 20.339047123076952 ], [ -99.416880261538452, 20.339119338461547 ], [ -99.416899661538451, 20.339209661538451 ], [ -99.416670092307697, 20.339345753846157 ], [ -99.415826969230736, 20.339320646153858 ], [ -99.415778923076871, 20.339266553846173 ], [ -99.415836015384599, 20.33912183076923 ], [ -99.415893276923072, 20.339040369230769 ], [ -99.415873676923042, 20.338877769230788 ], [ -99.416007276923025, 20.338678646153852 ] ] ] ] } },
{ "type": "Feature", "properties": { "IDBD": 165552, "FC": 6291, "CONDICION": "CUERPO DE AGUA INTERMITENTE" }, "geometry": { "type": "MultiPolygon", "coordinates": [ [ [ [ -99.382721707692312, 20.337119169230792 ], [ -99.38271303076921, 20.33748063076921 ], [ -99.382723323076917, 20.337769769230761 ], [ -99.38263735384615, 20.337878384615422 ], [ -99.382340015384557, 20.337734461538449 ], [ -99.382148215384603, 20.337653553846138 ], [ -99.382176599999966, 20.337508907692289 ], [ -99.382281692307643, 20.337391215384567 ], [ -99.382290169230743, 20.336939384615405 ], [ -99.38228852307688, 20.336270707692293 ], [ -99.382268584615346, 20.335954492307646 ], [ -99.382411923076887, 20.335809599999983 ], [ -99.382794846153814, 20.335691292307711 ], [ -99.382814461538459, 20.335881 ], [ -99.382786123076897, 20.336043723076941 ], [ -99.382671830769212, 20.336315046153846 ], [ -99.382595707692246, 20.336523046153847 ], [ -99.382586753846155, 20.336776076923101 ], [ -99.382721707692312, 20.337119169230792 ] ] ] ] } },
{ "type": "Feature", "properties": { "IDBD": 165657, "FC": 6292, "CONDICION": "CUERPO DE AGUA PERENNE" }, "geometry": { "type": "MultiPolygon", "coordinates": [ [ [ [ -99.528085107692277, 20.327261584615407 ], [ -99.528219215384553, 20.327261184615409 ], [ -99.528172599999962, 20.327640846153848 ], [ -99.52804253846152, 20.328833984615382 ], [ -99.527995876923029, 20.329195569230802 ], [ -99.527960707692287, 20.3301264 ], [ -99.527945015384589, 20.331147523076943 ], [ -99.527785169230768, 20.33203353846152 ], [ -99.527661061538424, 20.332160415384632 ], [ -99.527565523076902, 20.332232984615384 ], [ -99.527422030769202, 20.332296676923079 ], [ -99.52725930769229, 20.33233330769232 ], [ -99.52702, 20.332388246153858 ], [ -99.526895492307673, 20.332397661538444 ], [ -99.526838199999986, 20.332452046153854 ], [ -99.526839153846112, 20.332732169230788 ], [ -99.526714615384591, 20.332732538461542 ], [ -99.526666384615368, 20.33263329230769 ], [ -99.526675569230761, 20.332515784615389 ], [ -99.526541353846127, 20.332489092307725 ], [ -99.5263019230769, 20.332507876923078 ], [ -99.525986076923061, 20.332590153846141 ], [ -99.525689015384572, 20.332563938461551 ], [ -99.525478753846144, 20.332709153846121 ], [ -99.525297199999983, 20.332845230769244 ], [ -99.525154076923073, 20.333017353846174 ], [ -99.525020246153829, 20.333099076923055 ], [ -99.524809738461514, 20.333172 ], [ -99.524656676923044, 20.333235707692285 ], [ -99.524465292307681, 20.333299538461553 ], [ -99.524292707692268, 20.333254876923085 ], [ -99.524206030769221, 20.333119600000018 ], [ -99.524099953846132, 20.332912076923122 ], [ -99.523908230769166, 20.332876507692301 ], [ -99.523649523076912, 20.332859215384623 ], [ -99.523477, 20.332832630769204 ], [ -99.523304169230755, 20.332715676923065 ], [ -99.523150507692264, 20.332598661538483 ], [ -99.523130707692246, 20.332408969230777 ], [ -99.523139646153822, 20.332219184615351 ], [ -99.523110246153806, 20.332020476923091 ], [ -99.523042246153835, 20.331740569230764 ], [ -99.522839553846083, 20.331289369230735 ], [ -99.522637107692276, 20.330910461538426 ], [ -99.522289876923011, 20.330206676923083 ], [ -99.522136446153837, 20.330161953846172 ], [ -99.521887938461504, 20.330325353846153 ], [ -99.521791584615357, 20.330162984615416 ], [ -99.521704830769224, 20.3300006 ], [ -99.521608584615336, 20.329865338461552 ], [ -99.52135836923074, 20.329522723076938 ], [ -99.521204061538441, 20.329215953846123 ], [ -99.520771815384578, 20.328864830769209 ], [ -99.520618169230744, 20.328756861538466 ], [ -99.520311538461513, 20.328730661538447 ], [ -99.520205846153829, 20.328631584615383 ], [ -99.520167061538444, 20.32849615384616 ], [ -99.519994584615389, 20.328478600000018 ], [ -99.519851215384577, 20.328578415384644 ], [ -99.519726753846143, 20.328596861538493 ], [ -99.51956363076917, 20.328516030769244 ], [ -99.519400261538436, 20.328362892307695 ], [ -99.519304015384591, 20.328227646153845 ], [ -99.51918858461535, 20.3280834 ], [ -99.519006215384593, 20.327975507692294 ], [ -99.518852676923075, 20.32789464615383 ], [ -99.518670492307677, 20.327840969230802 ], [ -99.518325630769198, 20.327842 ], [ -99.518210923076879, 20.327914615384636 ], [ -99.518067076923032, 20.327869861538446 ], [ -99.517904292307662, 20.327888415384589 ], [ -99.517780061538417, 20.327979153846098 ], [ -99.51762669230763, 20.327952492307745 ], [ -99.517530599999958, 20.327862415384594 ], [ -99.517472584615348, 20.327699938461549 ], [ -99.5174152, 20.327727215384591 ], [ -99.517357907692272, 20.327781600000023 ], [ -99.517291153846116, 20.327872169230734 ], [ -99.517214846153834, 20.327971784615414 ], [ -99.517119169230725, 20.328008215384614 ], [ -99.517004523076878, 20.328098907692304 ], [ -99.516937707692264, 20.328171399999988 ], [ -99.516919, 20.328307 ], [ -99.516592938461486, 20.328199523076947 ], [ -99.51648763076922, 20.32821790769232 ], [ -99.516372784615356, 20.3282544 ], [ -99.516238861538412, 20.328309 ], [ -99.516181599999982, 20.328372430769253 ], [ -99.516076369230774, 20.328417923076909 ], [ -99.5160092307692, 20.328391015384625 ], [ -99.515941784615364, 20.328273738461476 ], [ -99.515883969230728, 20.328174507692339 ], [ -99.515768753846103, 20.328093523076927 ], [ -99.515634461538482, 20.328039707692344 ], [ -99.515509923076891, 20.328040076923063 ], [ -99.515404646153826, 20.328067492307678 ], [ -99.515203384615376, 20.328040984615399 ], [ -99.51510732307689, 20.327959938461571 ], [ -99.5150972153846, 20.327797323076936 ], [ -99.515020153846123, 20.327671046153828 ], [ -99.514971784615369, 20.327526600000027 ], [ -99.515038476923039, 20.327417969230815 ], [ -99.514932661538452, 20.327282738461527 ], [ -99.514788246153813, 20.327066307692292 ], [ -99.514605969230786, 20.326985523076917 ], [ -99.514375707692281, 20.32687775384618 ], [ -99.514097938461489, 20.326887615384649 ], [ -99.513887199999957, 20.326888230769267 ], [ -99.513579646153829, 20.326581907692319 ], [ -99.513521661538405, 20.326428461538484 ], [ -99.513425661538434, 20.326365492307726 ], [ -99.513358784615392, 20.326419907692301 ], [ -99.513234199999985, 20.3264022 ], [ -99.513089676923016, 20.326149615384587 ], [ -99.513050184615324, 20.325797323076916 ], [ -99.512886984615392, 20.325689369230808 ], [ -99.512819523076885, 20.325563061538432 ], [ -99.512292338461492, 20.325465215384593 ], [ -99.512148615384604, 20.3254566 ], [ -99.512005107692275, 20.325511230769209 ], [ -99.5118808153846, 20.325583892307694 ], [ -99.51164147692306, 20.325629769230794 ], [ -99.511555476923036, 20.325693276923072 ], [ -99.511564615384572, 20.325557707692308 ], [ -99.511765184615371, 20.325376400000035 ], [ -99.51186081538458, 20.32533093846153 ], [ -99.512023523076891, 20.325285276923058 ], [ -99.512195830769215, 20.325248630769263 ], [ -99.512339430769188, 20.325221107692315 ], [ -99.512454584615369, 20.325284015384639 ], [ -99.512588892307676, 20.325346876923085 ], [ -99.512694184615341, 20.325319461538459 ], [ -99.512885707692291, 20.325300830769265 ], [ -99.513029599999982, 20.325363661538454 ], [ -99.513154661538422, 20.32552593846156 ], [ -99.513298769230744, 20.32565201538462 ], [ -99.513318323076916, 20.32576943076921 ], [ -99.513318769230708, 20.325904969230809 ], [ -99.513443830769191, 20.326067246153844 ], [ -99.513597399999981, 20.326157169230797 ], [ -99.513818138461531, 20.326283015384636 ], [ -99.513933384615328, 20.326373046153872 ], [ -99.513943415384574, 20.326508553846114 ], [ -99.514068061538424, 20.326544338461559 ], [ -99.514422507692245, 20.326543292307701 ], [ -99.514546907692264, 20.3265067846154 ], [ -99.514729030769203, 20.326542384615394 ], [ -99.514901969230763, 20.326695492307717 ], [ -99.515122799999972, 20.326848446153843 ], [ -99.515276461538448, 20.326965476923089 ], [ -99.515410476923066, 20.326937969230791 ], [ -99.515554323076898, 20.326982723076924 ], [ -99.515755661538449, 20.327036338461532 ], [ -99.515803107692264, 20.326900661538485 ], [ -99.515936707692248, 20.326746661538458 ], [ -99.516023046153833, 20.326782553846165 ], [ -99.515975599999976, 20.326918230769223 ], [ -99.515899569230726, 20.327099169230806 ], [ -99.515833261538447, 20.327325276923052 ], [ -99.515881569230743, 20.327451630769225 ], [ -99.516054092307641, 20.327478230769241 ], [ -99.516198030769218, 20.3275500923077 ], [ -99.516370753846118, 20.327639953846152 ], [ -99.516533630769217, 20.327648507692327 ], [ -99.516667553846133, 20.327593892307654 ], [ -99.516830076923071, 20.327494015384609 ], [ -99.516772430769194, 20.327439969230774 ], [ -99.516657384615357, 20.3274132 ], [ -99.516523030769193, 20.327341307692301 ], [ -99.516484323076881, 20.327223953846115 ], [ -99.516502815384555, 20.327025107692346 ], [ -99.516655523076906, 20.326852969230799 ], [ -99.516808430769203, 20.326744076923074 ], [ -99.51692298461532, 20.326626276923065 ], [ -99.517037369230707, 20.326454246153869 ], [ -99.517122923076869, 20.326255199999984 ], [ -99.517150969230741, 20.326047292307717 ], [ -99.517226938461519, 20.325848276923111 ], [ -99.517418323076882, 20.325784461538458 ], [ -99.517772753846117, 20.325783400000034 ], [ -99.517935769230718, 20.325837138461551 ], [ -99.518405430769221, 20.325917076923055 ], [ -99.518740646153816, 20.325898 ], [ -99.519085338461508, 20.325851800000024 ], [ -99.519209723076884, 20.325806246153842 ], [ -99.51942043076923, 20.325796584615382 ], [ -99.519717353846147, 20.325786676923084 ], [ -99.519822553846126, 20.325732138461539 ], [ -99.519899, 20.325677707692293 ], [ -99.52008106153842, 20.325695230769227 ], [ -99.520272569230727, 20.325667553846134 ], [ -99.520473753846119, 20.325675984615394 ], [ -99.52063656923076, 20.32566647692304 ], [ -99.520761461538399, 20.325774538461545 ], [ -99.521029892307652, 20.325836984615396 ], [ -99.521250215384583, 20.325836323076903 ], [ -99.521422584615365, 20.325817738461513 ], [ -99.521566415384584, 20.325862492307728 ], [ -99.521709892307669, 20.325798815384623 ], [ -99.52187247692305, 20.325717 ], [ -99.521948830769233, 20.325635446153839 ], [ -99.522121199999958, 20.325616861538492 ], [ -99.522284015384585, 20.325607338461481 ], [ -99.522427369230741, 20.325507523076919 ], [ -99.522551723076916, 20.325452923076913 ], [ -99.522858123076901, 20.325415861538453 ], [ -99.523068784615347, 20.325388123076916 ], [ -99.523317923076874, 20.325414492307665 ], [ -99.523461523076875, 20.325386953846181 ], [ -99.523653292307685, 20.325440599999983 ], [ -99.523835630769199, 20.325539446153829 ], [ -99.524066199999965, 20.325737553846142 ], [ -99.524383353846119, 20.326043830769237 ], [ -99.52452733846151, 20.326133753846182 ], [ -99.524700323076914, 20.326295876923066 ], [ -99.524960276923053, 20.326683661538468 ], [ -99.525335199999986, 20.327080107692275 ], [ -99.52593983076919, 20.327412630769238 ], [ -99.526342523076892, 20.327519846153855 ], [ -99.52674504615382, 20.327572861538442 ], [ -99.526984399999961, 20.327535984615402 ], [ -99.527376723076898, 20.327408307692316 ], [ -99.527635153846148, 20.327344276923089 ], [ -99.52794144615379, 20.327271061538497 ], [ -99.528085107692277, 20.327261584615407 ] ] ] ] } },
{ "type": "Feature", "properties": { "IDBD": 165660, "FC": 6291, "CONDICION": "CUERPO DE AGUA INTERMITENTE" }, "geometry": { "type": "MultiPolygon", "coordinates": [ [ [ [ -99.540165476923036, 20.33299872307693 ], [ -99.539974892307683, 20.333288461538469 ], [ -99.539802830769204, 20.333397430769207 ], [ -99.539543707692246, 20.333262676923077 ], [ -99.539255661538448, 20.333073815384626 ], [ -99.539073076923046, 20.33291172307695 ], [ -99.538842261538434, 20.332650400000048 ], [ -99.538505846153797, 20.332326138461568 ], [ -99.538322492307643, 20.331938153846181 ], [ -99.538129430769203, 20.33151404615386 ], [ -99.538003123076876, 20.330999384615406 ], [ -99.538040276923041, 20.330664938461553 ], [ -99.538068353846128, 20.330475092307683 ], [ -99.538000738461491, 20.330312646153835 ], [ -99.537808430769218, 20.330105415384633 ], [ -99.537884476923026, 20.329933492307674 ], [ -99.539522061538435, 20.329783876923056 ], [ -99.541801276923053, 20.329578030769227 ], [ -99.54184979999998, 20.329758599999966 ], [ -99.541774015384604, 20.330002815384645 ], [ -99.54165956923076, 20.330147738461577 ], [ -99.541545646153779, 20.33044627692308 ], [ -99.541575584615373, 20.330789553846181 ], [ -99.54153849230768, 20.331142076923069 ], [ -99.541463199999953, 20.331530861538472 ], [ -99.541234430769222, 20.331856876923077 ], [ -99.541024430769212, 20.332074384615353 ], [ -99.540690338461502, 20.332418784615392 ], [ -99.54049004615382, 20.332672415384582 ], [ -99.540165476923036, 20.33299872307693 ] ] ] ] } },
{ "type": "Feature", "properties": { "IDBD": 165674, "FC": 6291, "CONDICION": "CUERPO DE AGUA INTERMITENTE" }, "geometry": { "type": "MultiPolygon", "coordinates": [ [ [ [ -99.492008446153818, 20.330104769230761 ], [ -99.492248723076898, 20.330357092307686 ], [ -99.492308061538438, 20.330944276923088 ], [ -99.492347246153784, 20.33121524615386 ], [ -99.492318938461523, 20.331350876923096 ], [ -99.492338553846139, 20.331495400000016 ], [ -99.492281323076895, 20.331576876923055 ], [ -99.492137553846121, 20.331550169230788 ], [ -99.491983846153786, 20.331415061538454 ], [ -99.491859030769191, 20.331325061538468 ], [ -99.491772723076878, 20.331298184615399 ], [ -99.491677015384568, 20.331325569230742 ], [ -99.491524338461545, 20.331515753846158 ], [ -99.491361630769234, 20.33156140000002 ], [ -99.491313553846112, 20.33150730769232 ], [ -99.491341892307659, 20.331380723076911 ], [ -99.491360769230724, 20.331290307692306 ], [ -99.491331769230712, 20.331209076923077 ], [ -99.491150307692308, 20.331381261538453 ], [ -99.490959369230708, 20.331589630769219 ], [ -99.490816353846157, 20.331806907692325 ], [ -99.490692276923085, 20.331951830769217 ], [ -99.490653846153819, 20.331915784615418 ], [ -99.49079636923075, 20.331544907692287 ], [ -99.490881738461525, 20.331273584615403 ], [ -99.490947846153816, 20.330975215384644 ], [ -99.49095672307692, 20.330749276923072 ], [ -99.490870107692302, 20.330623015384663 ], [ -99.490745246153807, 20.330523969230779 ], [ -99.490811507692314, 20.330270784615418 ], [ -99.490924923076918, 20.329782507692308 ], [ -99.491519430769188, 20.329961569230782 ], [ -99.491883846153812, 20.330087046153839 ], [ -99.492008446153818, 20.330104769230761 ] ] ] ] } },
{ "type": "Feature", "properties": { "IDBD": 165688, "FC": 6291, "CONDICION": "CUERPO DE AGUA INTERMITENTE" }, "geometry": { "type": "MultiPolygon", "coordinates": [ [ [ [ -99.564786107692285, 20.330571538461534 ], [ -99.564949323076874, 20.330670415384624 ], [ -99.564892276923061, 20.330788061538453 ], [ -99.56489283076921, 20.330941676923082 ], [ -99.564865184615343, 20.331239953846158 ], [ -99.56481101538462, 20.332152769230731 ], [ -99.564657323076929, 20.33203578461541 ], [ -99.564618861538435, 20.331999769230784 ], [ -99.564542261538435, 20.332009061538489 ], [ -99.564494569230746, 20.332063430769249 ], [ -99.564485276923037, 20.332144784615416 ], [ -99.564447123076874, 20.332190076923069 ], [ -99.5643994307692, 20.33224444615384 ], [ -99.564390076923075, 20.332307738461523 ], [ -99.564361599999955, 20.332380107692313 ], [ -99.564333015384591, 20.332425384615394 ], [ -99.564294738461484, 20.332434553846159 ], [ -99.564246676923062, 20.332389523076881 ], [ -99.564188969230756, 20.332326461538464 ], [ -99.56414058461533, 20.332191076923095 ], [ -99.563987215384586, 20.332164461538458 ], [ -99.563910415384569, 20.332119523076923 ], [ -99.563862415384605, 20.332092569230795 ], [ -99.563814246153797, 20.332020446153841 ], [ -99.563765861538428, 20.331885061538422 ], [ -99.563708261538437, 20.331849092307703 ], [ -99.563641030769219, 20.331804138461568 ], [ -99.563602676923026, 20.331795215384627 ], [ -99.56354519999995, 20.331795399999979 ], [ -99.563478215384592, 20.331813692307676 ], [ -99.563382553846139, 20.331850153846165 ], [ -99.563296230769211, 20.331823323076943 ], [ -99.563238461538432, 20.331742184615372 ], [ -99.563171076923055, 20.331652030769273 ], [ -99.562910861538398, 20.33121913846157 ], [ -99.562630353846089, 20.33047006153846 ], [ -99.562533153846118, 20.33008183076922 ], [ -99.56236938461538, 20.32982933846154 ], [ -99.562532261538422, 20.329837861538465 ], [ -99.563193738461479, 20.329971261538468 ], [ -99.563682584615364, 20.330051015384605 ], [ -99.56401798461539, 20.330086076923063 ], [ -99.564786107692285, 20.330571538461534 ] ] ] ] } },
{ "type": "Feature", "properties": { "IDBD": 165694, "FC": 6291, "CONDICION": "CUERPO DE AGUA INTERMITENTE" }, "geometry": { "type": "MultiPolygon", "coordinates": [ [ [ [ -99.554222646153804, 20.33135533846156 ], [ -99.554356861538423, 20.331382015384602 ], [ -99.554491230769187, 20.331453876923099 ], [ -99.55458726153843, 20.331516830769274 ], [ -99.554568615384611, 20.331661461538481 ], [ -99.554214969230742, 20.331888492307655 ], [ -99.554109569230789, 20.331879784615388 ], [ -99.553965553846112, 20.33178987692305 ], [ -99.553888523076878, 20.331681692307683 ], [ -99.553859430769208, 20.331582384615384 ], [ -99.553926138461506, 20.331482784615389 ], [ -99.553992938461505, 20.331410276923066 ], [ -99.554098153846155, 20.331364769230778 ], [ -99.554222646153804, 20.33135533846156 ] ] ] ] } },
{ "type": "Feature", "properties": { "IDBD": 165721, "FC": 6291, "CONDICION": "CUERPO DE AGUA INTERMITENTE" }, "geometry": { "type": "MultiPolygon", "coordinates": [ [ [ [ -99.546159276923035, 20.329383753846166 ], [ -99.547624276923031, 20.329198446153892 ], [ -99.547672369230725, 20.32925250769231 ], [ -99.54759704615384, 20.329623230769208 ], [ -99.547367892307648, 20.329840815384642 ], [ -99.547138661538455, 20.33003127692308 ], [ -99.546841784615367, 20.33005932307692 ], [ -99.546563630769214, 20.329960800000041 ], [ -99.546361769230771, 20.329762630769206 ], [ -99.546188415384563, 20.329501123076941 ], [ -99.546159276923035, 20.329383753846166 ] ] ] ] } },
{ "type": "Feature", "properties": { "IDBD": 165726, "FC": 6291, "CONDICION": "CUERPO DE AGUA INTERMITENTE" }, "geometry": { "type": "MultiPolygon", "coordinates": [ [ [ [ -99.396225799999954, 20.320534784615415 ], [ -99.396436584615373, 20.320552369230725 ], [ -99.39682961538459, 20.320668953846166 ], [ -99.397097969230728, 20.320722553846156 ], [ -99.39744309230764, 20.320830215384632 ], [ -99.397673476923032, 20.321019446153819 ], [ -99.39787567692305, 20.321425615384616 ], [ -99.398022076923056, 20.322482523076918 ], [ -99.397010830769204, 20.324111323076938 ], [ -99.397251538461504, 20.32458970769229 ], [ -99.397127692307691, 20.324861061538467 ], [ -99.396850815384582, 20.325223138461578 ], [ -99.396583415384598, 20.325549061538471 ], [ -99.396134553846139, 20.326083199999989 ], [ -99.395982199999978, 20.326445 ], [ -99.395867846153806, 20.3266802 ], [ -99.395820153846131, 20.326761630769244 ], [ -99.395495, 20.326979230769258 ], [ -99.395179230769173, 20.327115492307726 ], [ -99.394920584615349, 20.327116076923069 ], [ -99.395298907692293, 20.325208584615361 ], [ -99.395942076923035, 20.321972169230808 ], [ -99.396225799999954, 20.320534784615415 ] ] ] ] } },
{ "type": "Feature", "properties": { "IDBD": 165748, "FC": 6291, "CONDICION": "CUERPO DE AGUA INTERMITENTE" }, "geometry": { "type": "MultiPolygon", "coordinates": [ [ [ [ -99.544986707692289, 20.325547092307691 ], [ -99.54473898461535, 20.325927384615387 ], [ -99.543814123076899, 20.3271682 ], [ -99.543470538461492, 20.327530707692276 ], [ -99.543317015384559, 20.327458892307721 ], [ -99.543057399999967, 20.327179584615418 ], [ -99.542980353846133, 20.327062353846138 ], [ -99.542922030769219, 20.326818569230777 ], [ -99.542969169230759, 20.326601553846171 ], [ -99.54315, 20.326266661538451 ], [ -99.543302646153805, 20.326085461538479 ], [ -99.543474492307695, 20.32592227692302 ], [ -99.543646476923016, 20.32579523076922 ], [ -99.543895030769207, 20.325649892307688 ], [ -99.544210707692287, 20.325522400000018 ], [ -99.544469215384595, 20.325485446153845 ], [ -99.544670369230744, 20.325484830769266 ], [ -99.544919399999941, 20.325475015384647 ], [ -99.544986707692289, 20.325547092307691 ] ] ] ] } },
{ "type": "Feature", "properties": { "IDBD": 165761, "FC": 6291, "CONDICION": "CUERPO DE AGUA INTERMITENTE" }, "geometry": { "type": "MultiPolygon", "coordinates": [ [ [ [ -99.500883753846125, 20.322606723076891 ], [ -99.502496892307661, 20.323794846153852 ], [ -99.503130769230737, 20.324308092307717 ], [ -99.503429123076941, 20.324740953846121 ], [ -99.503363153846109, 20.32507549230769 ], [ -99.502485199999953, 20.326108123076938 ], [ -99.502254507692271, 20.325864815384648 ], [ -99.501937338461516, 20.325540430769223 ], [ -99.50181261538458, 20.325477523076927 ], [ -99.501706969230739, 20.325396507692339 ], [ -99.501648215384606, 20.324999092307738 ], [ -99.501609, 20.324719076923031 ], [ -99.501493461538402, 20.324538692307708 ], [ -99.501234046153826, 20.324295461538465 ], [ -99.501004138461525, 20.324296123076977 ], [ -99.5008415230769, 20.324368876923067 ], [ -99.500630907692255, 20.32440561538462 ], [ -99.500352646153843, 20.324261846153817 ], [ -99.500141646153807, 20.324181123076954 ], [ -99.499911861538465, 20.32421792307693 ], [ -99.499797430769192, 20.32438089230768 ], [ -99.499654523076927, 20.324625276923072 ], [ -99.499597492307643, 20.32476098461537 ], [ -99.499406046153823, 20.324806707692321 ], [ -99.499051476923043, 20.32476253846151 ], [ -99.498860461538428, 20.324943815384607 ], [ -99.498746061538412, 20.325115830769221 ], [ -99.498631230769234, 20.325152292307727 ], [ -99.498516399999957, 20.325188769230724 ], [ -99.498592076923032, 20.324890353846147 ], [ -99.498792307692298, 20.324600630769265 ], [ -99.498973969230761, 20.324491676923074 ], [ -99.499232692307658, 20.324518046153859 ], [ -99.499347553846135, 20.324490615384573 ], [ -99.499537984615358, 20.324128630769234 ], [ -99.499652353846145, 20.323947584615428 ], [ -99.500016030769189, 20.32384713846152 ], [ -99.500226892307666, 20.323882692307723 ], [ -99.500485799999964, 20.323963261538474 ], [ -99.500686953846099, 20.323962692307685 ], [ -99.500810815384597, 20.323754507692318 ], [ -99.500780938461503, 20.323402184615411 ], [ -99.500914676923088, 20.323284338461587 ], [ -99.501058092307659, 20.323202599999981 ], [ -99.50106709230765, 20.323021846153836 ], [ -99.501028507692268, 20.322940630769235 ], [ -99.500663692307668, 20.322688676923114 ], [ -99.500883753846125, 20.322606723076891 ] ] ] ] } },
{ "type": "Feature", "properties": { "IDBD": 165800, "FC": 6291, "CONDICION": "CUERPO DE AGUA INTERMITENTE" }, "geometry": { "type": "MultiPolygon", "coordinates": [ [ [ [ -99.41694829230768, 20.321616123076918 ], [ -99.416219461538418, 20.321310630769261 ], [ -99.415987923076912, 20.3206967230769 ], [ -99.415881753846122, 20.320398784615413 ], [ -99.416167538461508, 20.319801707692307 ], [ -99.41654076923075, 20.319674323076956 ], [ -99.416799630769205, 20.319755030769219 ], [ -99.417489246153821, 20.319726276923085 ], [ -99.417872230769177, 20.319662107692253 ], [ -99.418130784615386, 20.319634384615419 ], [ -99.418475584615322, 20.319615476923083 ], [ -99.418695830769195, 20.319587846153823 ], [ -99.419001061538424, 20.319108199999977 ], [ -99.419028784615378, 20.318728615384575 ], [ -99.419104753846142, 20.318484461538439 ], [ -99.419247615384592, 20.318176876923125 ], [ -99.419323876923073, 20.318041153846121 ], [ -99.419457984615363, 20.318040830769277 ], [ -99.419516015384602, 20.318248523076914 ], [ -99.419708523076906, 20.318591446153878 ], [ -99.419776476923047, 20.318925615384639 ], [ -99.419595538461493, 20.319323646153851 ], [ -99.41938624615382, 20.31985727692307 ], [ -99.419185738461508, 20.320101738461542 ], [ -99.419061707692265, 20.320282753846147 ], [ -99.41897558461531, 20.320319107692335 ], [ -99.418650046153815, 20.320374107692313 ], [ -99.418449230769184, 20.320501092307694 ], [ -99.418219446153785, 20.320546830769207 ], [ -99.417989923076902, 20.320682907692316 ], [ -99.417722246153843, 20.320882353846144 ], [ -99.417493015384608, 20.321135907692359 ], [ -99.417368861538435, 20.321271753846169 ], [ -99.417215707692293, 20.321317292307732 ], [ -99.417101292307692, 20.3215163692308 ], [ -99.41694829230768, 20.321616123076918 ] ] ] ] } },
{ "type": "Feature", "properties": { "IDBD": 165927, "FC": 6291, "CONDICION": "CUERPO DE AGUA INTERMITENTE" }, "geometry": { "type": "MultiPolygon", "coordinates": [ [ [ [ -99.458419938461518, 20.3130545076923 ], [ -99.458668846153813, 20.313008676923115 ], [ -99.458707076923034, 20.312981461538435 ], [ -99.458908707692288, 20.313143584615389 ], [ -99.458986, 20.313369292307684 ], [ -99.459168523076912, 20.313549538461515 ], [ -99.459302830769232, 20.313621476923071 ], [ -99.459514123076914, 20.313810676923072 ], [ -99.459562692307642, 20.314036446153835 ], [ -99.459716799999981, 20.314325199999956 ], [ -99.459870323076899, 20.314415169230784 ], [ -99.460013969230729, 20.314405753846149 ], [ -99.460148107692262, 20.314414430769279 ], [ -99.460282276923081, 20.314441184615372 ], [ -99.460301738461538, 20.314540538461564 ], [ -99.460435723076884, 20.314504030769228 ], [ -99.460607892307692, 20.314422261538461 ], [ -99.460694661538426, 20.314611784615369 ], [ -99.460512923076905, 20.31469358461538 ], [ -99.460292661538418, 20.314712246153853 ], [ -99.460177723076896, 20.314712553846146 ], [ -99.460120599999968, 20.31483016923077 ], [ -99.459996092307662, 20.314839523076884 ], [ -99.459948415384602, 20.314911938461577 ], [ -99.459660523076892, 20.314731984615399 ], [ -99.459488107692295, 20.314732430769254 ], [ -99.45932538461534, 20.314769 ], [ -99.459066123076909, 20.314552815384616 ], [ -99.458768030769193, 20.314165046153835 ], [ -99.458537092307679, 20.313804200000014 ], [ -99.458402292307682, 20.313569615384626 ], [ -99.458344123076913, 20.313334830769236 ], [ -99.458305230769213, 20.313136138461534 ], [ -99.458419938461518, 20.3130545076923 ] ] ] ] } },
{ "type": "Feature", "properties": { "IDBD": 165956, "FC": 6291, "CONDICION": "CUERPO DE AGUA INTERMITENTE" }, "geometry": { "type": "MultiPolygon", "coordinates": [ [ [ [ -99.539978384615353, 20.314972369230794 ], [ -99.540034276923038, 20.314520399999957 ], [ -99.540176615384567, 20.314131415384637 ], [ -99.540291107692312, 20.314004553846154 ], [ -99.54080787692304, 20.313867415384593 ], [ -99.540608230769195, 20.314301769230752 ], [ -99.539978384615353, 20.314972369230794 ] ] ] ] } },
{ "type": "Feature", "properties": { "IDBD": 165964, "FC": 6291, "CONDICION": "CUERPO DE AGUA INTERMITENTE" }, "geometry": { "type": "MultiPolygon", "coordinates": [ [ [ [ -99.4908436, 20.313111123076958 ], [ -99.490891215384579, 20.313020630769273 ], [ -99.491111230769206, 20.312929646153858 ], [ -99.491293169230744, 20.312911061538429 ], [ -99.491408538461499, 20.313046292307689 ], [ -99.491400123076872, 20.313416784615374 ], [ -99.49132435384611, 20.313688092307672 ], [ -99.491122861538443, 20.31358021538459 ], [ -99.491007661538418, 20.313499215384603 ], [ -99.490940476923072, 20.313454230769246 ], [ -99.490854061538428, 20.313391215384591 ], [ -99.49086332307688, 20.313291784615398 ], [ -99.4908436, 20.313111123076958 ] ] ] ] } },
{ "type": "Feature", "properties": { "IDBD": 166011, "FC": 6291, "CONDICION": "CUERPO DE AGUA INTERMITENTE" }, "geometry": { "type": "MultiPolygon", "coordinates": [ [ [ [ -99.424709907692289, 20.308485953846155 ], [ -99.42506478461533, 20.30865678461538 ], [ -99.425189738461498, 20.308819138461509 ], [ -99.425209261538427, 20.308954630769271 ], [ -99.4249807846154, 20.309470246153861 ], [ -99.424491846153828, 20.309308784615368 ], [ -99.423907015384572, 20.309102369230793 ], [ -99.424222199999988, 20.308776307692334 ], [ -99.42460476923074, 20.308567538461556 ], [ -99.424709907692289, 20.308485953846155 ] ] ] ] } },
{ "type": "Feature", "properties": { "IDBD": 166027, "FC": 6291, "CONDICION": "CUERPO DE AGUA INTERMITENTE" }, "geometry": { "type": "MultiPolygon", "coordinates": [ [ [ [ -99.552817984615373, 20.310775692307693 ], [ -99.552597646153785, 20.31076735384617 ], [ -99.552463261538463, 20.310686446153884 ], [ -99.552271507692282, 20.310632846153837 ], [ -99.552041307692278, 20.310543199999969 ], [ -99.552136476923053, 20.310371215384574 ], [ -99.552241646153831, 20.310316676923065 ], [ -99.552404153846112, 20.310225800000016 ], [ -99.552432630769189, 20.310153415384661 ], [ -99.552537584615379, 20.310035615384599 ], [ -99.552671353846108, 20.309944830769233 ], [ -99.552709246153839, 20.309827246153869 ], [ -99.552727092307634, 20.309456723076941 ], [ -99.552917599999958, 20.309157923076931 ], [ -99.553051984615351, 20.30923883076921 ], [ -99.553063199999983, 20.309699630769202 ], [ -99.55301587692307, 20.30986243076924 ], [ -99.552949415384617, 20.310025276923092 ], [ -99.552911769230704, 20.310215153846194 ], [ -99.552874553846138, 20.310522507692308 ], [ -99.552817984615373, 20.310775692307693 ] ] ] ] } },
{ "type": "Feature", "properties": { "IDBD": 166085, "FC": 6291, "CONDICION": "CUERPO DE AGUA INTERMITENTE" }, "geometry": { "type": "MultiPolygon", "coordinates": [ [ [ [ -99.379118984615388, 20.305418969230768 ], [ -99.379128076923095, 20.305220138461532 ], [ -99.37912776923072, 20.305093646153839 ], [ -99.379319046153853, 20.304975753846147 ], [ -99.379443076923039, 20.304776692307676 ], [ -99.379643646153824, 20.304541307692325 ], [ -99.37972007692305, 20.304459815384636 ], [ -99.379882861538448, 20.304441400000012 ], [ -99.379997307692264, 20.304242353846121 ], [ -99.380140338461501, 20.30397998461542 ], [ -99.380150553846136, 20.304242015384627 ], [ -99.380026876923054, 20.304585661538457 ], [ -99.37981684615383, 20.304866246153871 ], [ -99.379663923076876, 20.305002107692307 ], [ -99.37958781538461, 20.30521010769229 ], [ -99.379415753846132, 20.305355061538428 ], [ -99.379243415384607, 20.305382553846165 ], [ -99.379118984615388, 20.305418969230768 ] ] ] ] } },
{ "type": "Feature", "properties": { "IDBD": 166090, "FC": 6291, "CONDICION": "CUERPO DE AGUA INTERMITENTE" }, "geometry": { "type": "MultiPolygon", "coordinates": [ [ [ [ -99.368044892307665, 20.304701630769223 ], [ -99.3675092, 20.304991923076901 ], [ -99.367642461538466, 20.304639215384658 ], [ -99.367642123076891, 20.304494646153874 ], [ -99.367737507692269, 20.304331784615407 ], [ -99.36785227692306, 20.30425926153848 ], [ -99.368082030769202, 20.304204553846152 ], [ -99.368273523076866, 20.304177046153868 ], [ -99.368456061538424, 20.3044116 ], [ -99.368044892307665, 20.304701630769223 ] ] ] ] } },
{ "type": "Feature", "properties": { "IDBD": 166153, "FC": 6291, "CONDICION": "CUERPO DE AGUA INTERMITENTE" }, "geometry": { "type": "MultiPolygon", "coordinates": [ [ [ [ -99.507685892307649, 20.302337215384593 ], [ -99.507638384615362, 20.302454815384646 ], [ -99.507591153846121, 20.30265375384613 ], [ -99.507706584615363, 20.302807030769241 ], [ -99.507774507692304, 20.303077907692277 ], [ -99.507832369230712, 20.303195215384605 ], [ -99.507909430769203, 20.303330538461552 ], [ -99.507824292307689, 20.303656076923083 ], [ -99.507767415384606, 20.303836969230726 ], [ -99.507681507692283, 20.303927569230773 ], [ -99.507595246153798, 20.303909753846163 ], [ -99.507182415384605, 20.303612753846128 ], [ -99.507038430769185, 20.303513784615387 ], [ -99.507075353846133, 20.30308896923075 ], [ -99.507208599999984, 20.302826538461566 ], [ -99.507313738461505, 20.302762984615399 ], [ -99.507341769230734, 20.302546030769204 ], [ -99.507446476923064, 20.30234693846154 ], [ -99.507532123076885, 20.302175 ], [ -99.507560415384603, 20.302039384615405 ], [ -99.507665861538456, 20.302066184615363 ], [ -99.507685892307649, 20.302337215384593 ] ] ] ] } },
{ "type": "Feature", "properties": { "IDBD": 166186, "FC": 6291, "CONDICION": "CUERPO DE AGUA INTERMITENTE" }, "geometry": { "type": "MultiPolygon", "coordinates": [ [ [ [ -99.44060689230767, 20.300630369230753 ], [ -99.44005015384613, 20.300198030769245 ], [ -99.439829, 20.299891353846149 ], [ -99.439942584615352, 20.299412153846159 ], [ -99.440162107692316, 20.299140507692293 ], [ -99.44044918461536, 20.299049430769223 ], [ -99.440832523076907, 20.299129784615392 ], [ -99.441226076923044, 20.299436030769257 ], [ -99.441505, 20.299850984615389 ], [ -99.441342692307671, 20.300032123076939 ], [ -99.441084630769197, 20.300222538461529 ], [ -99.440970369230754, 20.300457769230775 ], [ -99.44060689230767, 20.300630369230753 ] ] ] ] } },
{ "type": "Feature", "properties": { "IDBD": 166192, "FC": 6291, "CONDICION": "CUERPO DE AGUA INTERMITENTE" }, "geometry": { "type": "MultiPolygon", "coordinates": [ [ [ [ -99.490202384615344, 20.301112953846143 ], [ -99.490422169230726, 20.300949692307697 ], [ -99.49056659999998, 20.301193261538462 ], [ -99.490470815384583, 20.30119352307694 ], [ -99.490202384615344, 20.301112953846143 ] ] ] ] } },
{ "type": "Feature", "properties": { "IDBD": 166199, "FC": 6291, "CONDICION": "CUERPO DE AGUA INTERMITENTE" }, "geometry": { "type": "MultiPolygon", "coordinates": [ [ [ [ -99.4739782, 20.298184753846204 ], [ -99.474064599999963, 20.298247769230766 ], [ -99.474237123076904, 20.298292476923066 ], [ -99.474582753846121, 20.29856263076924 ], [ -99.474238092307701, 20.298608738461564 ], [ -99.473970599999987, 20.298835369230769 ], [ -99.473741569230754, 20.299107076923104 ], [ -99.473617353846137, 20.299206815384611 ], [ -99.473589061538448, 20.299351461538496 ], [ -99.473637723076877, 20.299604338461524 ], [ -99.473676723076892, 20.299830138461502 ], [ -99.473735615384584, 20.300299861538495 ], [ -99.473495646153822, 20.300128830769221 ], [ -99.473265215384615, 20.299939692307696 ], [ -99.473024507692287, 20.299524676923102 ], [ -99.472927738461507, 20.299199630769209 ], [ -99.472974338461498, 20.29877481538464 ], [ -99.473079246153802, 20.298629953846163 ], [ -99.473270169230744, 20.29842160000004 ], [ -99.473374953846147, 20.298231553846161 ], [ -99.473374399999983, 20.298050846153849 ], [ -99.473383538461505, 20.297906230769232 ], [ -99.473565399999984, 20.297869599999988 ], [ -99.4739782, 20.298184753846204 ] ] ] ] } },
{ "type": "Feature", "properties": { "IDBD": 166203, "FC": 6291, "CONDICION": "CUERPO DE AGUA INTERMITENTE" }, "geometry": { "type": "MultiPolygon", "coordinates": [ [ [ [ -99.544746015384561, 20.300563153846131 ], [ -99.544889723076878, 20.300571738461588 ], [ -99.545004938461531, 20.300652707692308 ], [ -99.545072538461497, 20.300815138461555 ], [ -99.545121061538438, 20.30099570769233 ], [ -99.544920215384579, 20.301077661538493 ], [ -99.544671353846127, 20.301123615384601 ], [ -99.544508599999972, 20.301142200000022 ], [ -99.544374507692282, 20.301142615384602 ], [ -99.544345661538429, 20.301106553846182 ], [ -99.544431323076893, 20.300952676923071 ], [ -99.544449676923094, 20.300726723076945 ], [ -99.5444781384615, 20.300645307692307 ], [ -99.544659784615348, 20.300554384615406 ], [ -99.544746015384561, 20.300563153846131 ] ] ] ] } },
{ "type": "Feature", "properties": { "IDBD": 166228, "FC": 6291, "CONDICION": "CUERPO DE AGUA INTERMITENTE" }, "geometry": { "type": "MultiPolygon", "coordinates": [ [ [ [ -99.371559815384614, 20.296561584615372 ], [ -99.371377461538444, 20.296399323076962 ], [ -99.371243046153808, 20.29626406153848 ], [ -99.371233138461491, 20.296128538461502 ], [ -99.37123290769226, 20.296029153846185 ], [ -99.371069984615374, 20.295984307692308 ], [ -99.370907015384603, 20.2959214 ], [ -99.370811230769249, 20.2959216 ], [ -99.370667353846144, 20.295831553846138 ], [ -99.370542661538437, 20.295750492307736 ], [ -99.370533015384595, 20.2957234 ], [ -99.370600015384554, 20.29570518461535 ], [ -99.370916184615353, 20.295749692307709 ], [ -99.371078984615338, 20.295740307692334 ], [ -99.371155507692293, 20.295704 ], [ -99.371347199999974, 20.295757815384672 ], [ -99.371605984615385, 20.295838599999946 ], [ -99.371845523076885, 20.295883261538467 ], [ -99.371559815384614, 20.296561584615372 ] ] ] ] } },
{ "type": "Feature", "properties": { "IDBD": 166250, "FC": 6291, "CONDICION": "CUERPO DE AGUA INTERMITENTE" }, "geometry": { "type": "MultiPolygon", "coordinates": [ [ [ [ -99.529542461538412, 20.296661030769233 ], [ -99.529418661538443, 20.296869246153847 ], [ -99.5293042923077, 20.297032230769229 ], [ -99.5291802461538, 20.297168153846133 ], [ -99.529094292307676, 20.297240707692325 ], [ -99.528883799999946, 20.297304584615429 ], [ -99.528615723076896, 20.29733250769231 ], [ -99.528328338461492, 20.297315307692298 ], [ -99.528127707692292, 20.297460492307692 ], [ -99.528040246153822, 20.2970902769231 ], [ -99.527953230769214, 20.296846553846162 ], [ -99.527837830769201, 20.296711369230778 ], [ -99.527683892307664, 20.296504 ], [ -99.528018430769222, 20.2963042 ], [ -99.528352815384565, 20.296059215384641 ], [ -99.528725323076884, 20.295759892307679 ], [ -99.528954276923045, 20.295497153846121 ], [ -99.529078415384603, 20.295388353846143 ], [ -99.529288353846141, 20.295161815384603 ], [ -99.529412615384572, 20.295089153846174 ], [ -99.529718384615379, 20.294880399999968 ], [ -99.529842553846109, 20.294780615384614 ], [ -99.52996678461534, 20.294698923076876 ], [ -99.530081615384574, 20.294671461538478 ], [ -99.530177476923058, 20.294698276923061 ], [ -99.530263953846116, 20.294779338461542 ], [ -99.530207046153805, 20.294942169230769 ], [ -99.52989190769226, 20.295214200000022 ], [ -99.529701292307649, 20.295485861538484 ], [ -99.529615799999959, 20.295693953846165 ], [ -99.529511215384602, 20.295920169230811 ], [ -99.529483, 20.29607387692306 ], [ -99.52953135384611, 20.296209261538472 ], [ -99.529617861538426, 20.296299369230802 ], [ -99.529685353846148, 20.296434707692324 ], [ -99.529657184615374, 20.296597430769257 ], [ -99.529542461538412, 20.296661030769233 ] ] ] ] } },
{ "type": "Feature", "properties": { "IDBD": 166286, "FC": 6291, "CONDICION": "CUERPO DE AGUA INTERMITENTE" }, "geometry": { "type": "MultiPolygon", "coordinates": [ [ [ [ -99.486216876923052, 20.294609015384641 ], [ -99.486560153846142, 20.29412915384615 ], [ -99.486827446153839, 20.293848292307672 ], [ -99.48694279999998, 20.293983507692356 ], [ -99.487020246153804, 20.294245338461522 ], [ -99.4870016461538, 20.294426107692313 ], [ -99.48698279999995, 20.294525569230778 ], [ -99.486810415384582, 20.294526046153877 ], [ -99.486657153846139, 20.294517430769243 ], [ -99.486532415384616, 20.294445492307709 ], [ -99.486388784615357, 20.294454923076941 ], [ -99.486216876923052, 20.294609015384641 ] ] ] ] } },
{ "type": "Feature", "properties": { "IDBD": 166297, "FC": 6291, "CONDICION": "CUERPO DE AGUA INTERMITENTE" }, "geometry": { "type": "MultiPolygon", "coordinates": [ [ [ [ -99.556786307692263, 20.292826538461515 ], [ -99.556977923076914, 20.292844 ], [ -99.557074015384558, 20.292934061538435 ], [ -99.557217769230732, 20.292960707692302 ], [ -99.557370907692288, 20.292933123076924 ], [ -99.557590984615345, 20.292878200000018 ], [ -99.557505661538457, 20.293122446153841 ], [ -99.557468123076873, 20.293339430769262 ], [ -99.557382415384566, 20.293475246153836 ], [ -99.557383123076903, 20.293674030769218 ], [ -99.557422661538382, 20.294017276923096 ], [ -99.557605153846112, 20.294161276923074 ], [ -99.557835907692279, 20.294413553846152 ], [ -99.558162369230743, 20.294647446153832 ], [ -99.558214461538427, 20.294963538461563 ], [ -99.558230907692291, 20.295062892307701 ], [ -99.558250615384594, 20.295216430769191 ], [ -99.558020784615366, 20.29522620000002 ], [ -99.557704569230737, 20.295182030769215 ], [ -99.557426446153798, 20.29507449230768 ], [ -99.557349384615321, 20.294948230769258 ], [ -99.557224261538451, 20.294776938461535 ], [ -99.557022723076869, 20.294660107692337 ], [ -99.556534215384573, 20.294643600000033 ], [ -99.556409184615362, 20.294499415384625 ], [ -99.556312969230717, 20.294373215384624 ], [ -99.556242830769207, 20.293505969230807 ], [ -99.556453015384591, 20.293360723076944 ], [ -99.556615184615367, 20.293179492307715 ], [ -99.556719876923012, 20.292998446153806 ], [ -99.556786307692263, 20.292826538461515 ] ] ] ] } },
{ "type": "Feature", "properties": { "IDBD": 166298, "FC": 6291, "CONDICION": "CUERPO DE AGUA INTERMITENTE" }, "geometry": { "type": "MultiPolygon", "coordinates": [ [ [ [ -99.559924107692254, 20.294506276923105 ], [ -99.559742553846135, 20.294624323076913 ], [ -99.559637569230745, 20.294724061538474 ], [ -99.559609292307684, 20.294850661538508 ], [ -99.559323138461508, 20.29517686153849 ], [ -99.558852230769219, 20.294726569230793 ], [ -99.558880599999938, 20.294627076923106 ], [ -99.558784338461507, 20.294491846153836 ], [ -99.558975430769181, 20.294364738461518 ], [ -99.559090169230728, 20.29431015384619 ], [ -99.559080199999954, 20.294201753846167 ], [ -99.559012507692245, 20.294021246153864 ], [ -99.559098092307664, 20.293849292307723 ], [ -99.559212630769181, 20.293740492307716 ], [ -99.559308215384618, 20.293685969230733 ], [ -99.559432738461524, 20.293694600000052 ], [ -99.559605584615369, 20.293820553846153 ], [ -99.55972093846151, 20.293937661538493 ], [ -99.559750123076896, 20.294064076923096 ], [ -99.5597505384615, 20.29418153846153 ], [ -99.559924107692254, 20.294506276923105 ] ] ] ] } },
{ "type": "Feature", "properties": { "IDBD": 166301, "FC": 6291, "CONDICION": "CUERPO DE AGUA INTERMITENTE" }, "geometry": { "type": "MultiPolygon", "coordinates": [ [ [ [ -99.377262646153781, 20.290350538461521 ], [ -99.377406876923033, 20.290585169230766 ], [ -99.377695892307656, 20.29128936923075 ], [ -99.377811, 20.291361415384557 ], [ -99.378117692307669, 20.291451107692325 ], [ -99.378377030769158, 20.291757784615385 ], [ -99.378156830769186, 20.291794400000043 ], [ -99.377582399999966, 20.291876969230742 ], [ -99.377228169230733, 20.291931953846184 ], [ -99.37704623076921, 20.291950415384608 ], [ -99.377055676923078, 20.291896184615361 ], [ -99.377112492307688, 20.291624969230767 ], [ -99.37687073846152, 20.290667646153874 ], [ -99.376860907692276, 20.290559230769254 ], [ -99.376908599999965, 20.29047779999998 ], [ -99.377090276923042, 20.290359938461538 ], [ -99.377262646153781, 20.290350538461521 ] ] ] ] } },
{ "type": "Feature", "properties": { "IDBD": 166329, "FC": 6291, "CONDICION": "CUERPO DE AGUA INTERMITENTE" }, "geometry": { "type": "MultiPolygon", "coordinates": [ [ [ [ -99.586580676923035, 20.292729261538472 ], [ -99.586762846153817, 20.292782876923074 ], [ -99.586877815384582, 20.292791523076932 ], [ -99.587012030769188, 20.292827215384659 ], [ -99.587108369230762, 20.292980507692317 ], [ -99.587214738461512, 20.293251230769243 ], [ -99.58716764615383, 20.29345921538463 ], [ -99.587110892307678, 20.293649153846175 ], [ -99.586996507692277, 20.293794123076925 ], [ -99.586843553846123, 20.293866923076916 ], [ -99.586718907692273, 20.293831200000028 ], [ -99.586612876923056, 20.293650830769192 ], [ -99.586554569230742, 20.293425123076922 ], [ -99.586533815384598, 20.293000507692334 ], [ -99.586580676923035, 20.292729261538472 ] ] ] ] } },
{ "type": "Feature", "properties": { "IDBD": 166357, "FC": 6291, "CONDICION": "CUERPO DE AGUA INTERMITENTE" }, "geometry": { "type": "MultiPolygon", "coordinates": [ [ [ [ -99.372533384615352, 20.287143753846166 ], [ -99.372763476923026, 20.287242661538485 ], [ -99.373358292307685, 20.287675138461516 ], [ -99.373511569230729, 20.287692892307703 ], [ -99.373989953846134, 20.287502107692273 ], [ -99.374162307692259, 20.287483661538474 ], [ -99.374459384615363, 20.287564353846179 ], [ -99.374584092307643, 20.287645415384642 ], [ -99.373615938461526, 20.288404261538432 ], [ -99.373312723076893, 20.288642107692315 ], [ -99.373254323076878, 20.28825367692307 ], [ -99.372745461538429, 20.287721630769219 ], [ -99.372524492307662, 20.287432938461546 ], [ -99.372447553846143, 20.287297553846145 ], [ -99.372485569230733, 20.287170969230736 ], [ -99.372533384615352, 20.287143753846166 ] ] ] ] } },
{ "type": "Feature", "properties": { "IDBD": 166364, "FC": 6291, "CONDICION": "CUERPO DE AGUA INTERMITENTE" }, "geometry": { "type": "MultiPolygon", "coordinates": [ [ [ [ -99.493909199999962, 20.289084476923083 ], [ -99.494407399999943, 20.289146323076931 ], [ -99.494321723076894, 20.289309215384598 ], [ -99.494255461538415, 20.289553384615392 ], [ -99.494227707692303, 20.289860692307712 ], [ -99.494256969230733, 20.290032292307707 ], [ -99.494199969230721, 20.290177030769268 ], [ -99.49408493846154, 20.290141215384594 ], [ -99.493978892307638, 20.289924646153843 ], [ -99.49376733846151, 20.28965415384619 ], [ -99.493507907692262, 20.289383799999989 ], [ -99.493430861538442, 20.289248476923106 ], [ -99.493449553846105, 20.289103846153889 ], [ -99.493909199999962, 20.289084476923083 ] ] ] ] } },
{ "type": "Feature", "properties": { "IDBD": 166440, "FC": 6291, "CONDICION": "CUERPO DE AGUA INTERMITENTE" }, "geometry": { "type": "MultiPolygon", "coordinates": [ [ [ [ -99.541238461538413, 20.283405476923104 ], [ -99.541602615384619, 20.283476646153847 ], [ -99.541880646153842, 20.28356613846152 ], [ -99.54193846153845, 20.283665353846146 ], [ -99.541508953846105, 20.284082353846181 ], [ -99.541165569230714, 20.284481 ], [ -99.541060799999968, 20.284643969230771 ], [ -99.54109009230767, 20.284806523076945 ], [ -99.541052353846112, 20.2849692923077 ], [ -99.5409759230769, 20.285023753846158 ], [ -99.540803169230756, 20.28491584615384 ], [ -99.540735184615357, 20.284644969230779 ], [ -99.540646492307687, 20.283922369230773 ], [ -99.540558769230742, 20.28347986153841 ], [ -99.540692492307656, 20.28338006153847 ], [ -99.541085138461511, 20.28337884615387 ], [ -99.541238461538413, 20.283405476923104 ] ] ] ] } },
{ "type": "Feature", "properties": { "IDBD": 166456, "FC": 6291, "CONDICION": "CUERPO DE AGUA INTERMITENTE" }, "geometry": { "type": "MultiPolygon", "coordinates": [ [ [ [ -99.448886553846137, 20.282202630769198 ], [ -99.447259061538432, 20.282396553846144 ], [ -99.44744976923073, 20.28210690769231 ], [ -99.44763123076919, 20.281934753846144 ], [ -99.447765, 20.281825984615374 ], [ -99.448148061538419, 20.281825 ], [ -99.448435584615353, 20.2819056 ], [ -99.448656399999962, 20.282094784615417 ], [ -99.448886553846137, 20.282202630769198 ] ] ] ] } },
{ "type": "Feature", "properties": { "IDBD": 166461, "FC": 6291, "CONDICION": "CUERPO DE AGUA INTERMITENTE" }, "geometry": { "type": "MultiPolygon", "coordinates": [ [ [ [ -99.458766707692277, 20.281183061538492 ], [ -99.459466430769226, 20.281398092307693 ], [ -99.459485584615365, 20.281398046153882 ], [ -99.459601230769195, 20.281641707692323 ], [ -99.45974549230769, 20.281849169230782 ], [ -99.45987086153842, 20.282147030769231 ], [ -99.459747030769179, 20.282373261538485 ], [ -99.459382692307628, 20.282229646153873 ], [ -99.459210107692257, 20.282157800000025 ], [ -99.458950876923026, 20.281932584615387 ], [ -99.458806446153801, 20.281670907692316 ], [ -99.458777061538399, 20.281445076923113 ], [ -99.458766707692277, 20.281183061538492 ] ] ] ] } },
{ "type": "Feature", "properties": { "IDBD": 166468, "FC": 6291, "CONDICION": "CUERPO DE AGUA INTERMITENTE" }, "geometry": { "type": "MultiPolygon", "coordinates": [ [ [ [ -99.553039307692259, 20.275977107692306 ], [ -99.552953599999981, 20.276112907692312 ], [ -99.55293503076922, 20.276275615384627 ], [ -99.552916876923064, 20.2765558 ], [ -99.552995076923082, 20.277007353846159 ], [ -99.5531109230769, 20.277269030769244 ], [ -99.553332523076904, 20.277647846153812 ], [ -99.553429246153826, 20.277918630769236 ], [ -99.55359267692306, 20.278098830769199 ], [ -99.553842184615348, 20.278242615384638 ], [ -99.554101246153792, 20.278386384615391 ], [ -99.554254630769208, 20.278431076923109 ], [ -99.5544084, 20.2785842 ], [ -99.554562553846125, 20.278845753846173 ], [ -99.554677846153837, 20.278953830769247 ], [ -99.554764415384582, 20.279061984615403 ], [ -99.554919153846129, 20.279486200000015 ], [ -99.555083338461543, 20.279874230769227 ], [ -99.555247092307667, 20.280144784615402 ], [ -99.555199538461494, 20.280235292307719 ], [ -99.555209661538456, 20.280388876923109 ], [ -99.5553058153846, 20.28049701538465 ], [ -99.55541150769227, 20.280596076923075 ], [ -99.555488692307677, 20.280758476923122 ], [ -99.555441707692268, 20.281011630769221 ], [ -99.555336892307665, 20.281156538461566 ], [ -99.555193692307682, 20.281283507692272 ], [ -99.554792830769216, 20.281664292307674 ], [ -99.554678692307675, 20.281881523076919 ], [ -99.554583953846119, 20.282170969230815 ], [ -99.554384646153821, 20.28267761538461 ], [ -99.554279615384559, 20.282768307692351 ], [ -99.554136769230752, 20.28299466153846 ], [ -99.553880230769224, 20.2835647538462 ], [ -99.5537177230769, 20.283646584615404 ], [ -99.553592646153831, 20.283484338461562 ], [ -99.553476353846094, 20.283096153846127 ], [ -99.553590338461504, 20.282833753846166 ], [ -99.553693846153834, 20.282318369230797 ], [ -99.55375012307691, 20.281983846153882 ], [ -99.553681969230738, 20.281667800000026 ], [ -99.553556569230736, 20.28141518461538 ], [ -99.553220492307659, 20.281163246153874 ], [ -99.552779892307655, 20.281137523076925 ], [ -99.55235890769228, 20.281247276923061 ], [ -99.552071169230757, 20.281121692307746 ], [ -99.551773661538405, 20.280941907692291 ], [ -99.551312738461547, 20.280590938461529 ], [ -99.551207784615386, 20.280699707692321 ], [ -99.551149307692242, 20.280410738461523 ], [ -99.550851861538419, 20.280249030769294 ], [ -99.550649615384572, 20.279924369230741 ], [ -99.550466138461502, 20.27949119999996 ], [ -99.550301861538429, 20.2790760615385 ], [ -99.550213553846149, 20.278470923076934 ], [ -99.550201892307683, 20.277883615384596 ], [ -99.550123123076929, 20.277269399999987 ], [ -99.550064230769223, 20.276862969230805 ], [ -99.549976830769211, 20.276519876923096 ], [ -99.549890076923006, 20.27635749230766 ], [ -99.549773861538441, 20.275987384615409 ], [ -99.549781523076902, 20.275445184615371 ], [ -99.54955141538457, 20.275364584615385 ], [ -99.549819030769214, 20.275219169230738 ], [ -99.55001946153844, 20.27502878461538 ], [ -99.550268215384563, 20.274964753846135 ], [ -99.550478446153804, 20.274837584615401 ], [ -99.550621830769174, 20.274764846153847 ], [ -99.550841492307683, 20.274601507692321 ], [ -99.551061338461508, 20.27448333846154 ], [ -99.551319753846158, 20.27444638461537 ], [ -99.551521015384552, 20.274490938461529 ], [ -99.551751184615341, 20.2745896 ], [ -99.55201992307687, 20.274760446153831 ], [ -99.552087338461504, 20.274868661538452 ], [ -99.552356553846138, 20.275175046153834 ], [ -99.552587415384565, 20.275463476923097 ], [ -99.553039307692259, 20.275977107692306 ] ] ] ] } },
{ "type": "Feature", "properties": { "IDBD": 166470, "FC": 6291, "CONDICION": "CUERPO DE AGUA INTERMITENTE" }, "geometry": { "type": "MultiPolygon", "coordinates": [ [ [ [ -99.461503276923054, 20.280389723076894 ], [ -99.461646953846113, 20.280398384615406 ], [ -99.461801, 20.280678092307717 ], [ -99.462080492307649, 20.281273738461522 ], [ -99.462263676923044, 20.281688923076967 ], [ -99.462340861538436, 20.281878476923087 ], [ -99.462341476923029, 20.282086307692307 ], [ -99.461527323076893, 20.282043276923069 ], [ -99.46122956923071, 20.281745861538507 ], [ -99.4610358, 20.280987338461571 ], [ -99.461274, 20.280580092307719 ], [ -99.461503276923054, 20.280389723076894 ] ] ] ] } },
{ "type": "Feature", "properties": { "IDBD": 166499, "FC": 6291, "CONDICION": "CUERPO DE AGUA INTERMITENTE" }, "geometry": { "type": "MultiPolygon", "coordinates": [ [ [ [ -99.477044692307643, 20.279941461538467 ], [ -99.477083446153841, 20.28008593846149 ], [ -99.47681546153845, 20.280140876923067 ], [ -99.476403538461497, 20.280096815384617 ], [ -99.476489230769204, 20.279933938461518 ], [ -99.476632246153812, 20.27972572307694 ], [ -99.476861630769221, 20.279580507692287 ], [ -99.477101153846135, 20.279616 ], [ -99.477044692307643, 20.279941461538467 ] ] ] ] } },
{ "type": "Feature", "properties": { "IDBD": 166505, "FC": 6291, "CONDICION": "CUERPO DE AGUA INTERMITENTE" }, "geometry": { "type": "MultiPolygon", "coordinates": [ [ [ [ -99.397841630769207, 20.278088015384604 ], [ -99.397612430769215, 20.278332507692284 ], [ -99.397411092307649, 20.278242600000031 ], [ -99.397248030769234, 20.278143569230807 ], [ -99.397190261538412, 20.278017200000022 ], [ -99.397161107692298, 20.277854615384605 ], [ -99.397199, 20.277691876923086 ], [ -99.397188969230726, 20.277511169230785 ], [ -99.39711187692302, 20.277321584615404 ], [ -99.397130661538426, 20.277176953846165 ], [ -99.397159246153819, 20.277122676923064 ], [ -99.397254892307657, 20.277077276923077 ], [ -99.397475384615348, 20.277167138461518 ], [ -99.397763153846128, 20.277356246153825 ], [ -99.397878446153811, 20.277500569230746 ], [ -99.398022461538446, 20.27764481538458 ], [ -99.398051646153831, 20.277825476923088 ], [ -99.397841630769207, 20.278088015384604 ] ] ] ] } },
{ "type": "Feature", "properties": { "IDBD": 166512, "FC": 6291, "CONDICION": "CUERPO DE AGUA INTERMITENTE" }, "geometry": { "type": "MultiPolygon", "coordinates": [ [ [ [ -99.542434076923058, 20.280230107692311 ], [ -99.542366753846153, 20.280149 ], [ -99.542452538461504, 20.280031261538422 ], [ -99.542624369230737, 20.279877107692304 ], [ -99.542843846153801, 20.279650538461503 ], [ -99.543084538461514, 20.280020261538432 ], [ -99.543296292307673, 20.280326830769219 ], [ -99.542941646153835, 20.280237569230767 ], [ -99.542616123076883, 20.28025666153847 ], [ -99.542434076923058, 20.280230107692311 ] ] ] ] } },
{ "type": "Feature", "properties": { "IDBD": 166547, "FC": 6291, "CONDICION": "CUERPO DE AGUA INTERMITENTE" }, "geometry": { "type": "MultiPolygon", "coordinates": [ [ [ [ -99.544771046153812, 20.277575292307684 ], [ -99.544799523076904, 20.277502907692352 ], [ -99.544856815384563, 20.277457553846165 ], [ -99.544827738461521, 20.27735824615382 ], [ -99.544779415384568, 20.277231892307704 ], [ -99.544759692307665, 20.277069292307683 ], [ -99.545016415384623, 20.276544400000017 ], [ -99.545103769230721, 20.276878476923077 ], [ -99.545046661538422, 20.276978046153832 ], [ -99.545008615384575, 20.277050446153801 ], [ -99.544989907692283, 20.277177015384598 ], [ -99.545019015384597, 20.27728535384615 ], [ -99.545047953846108, 20.277348523076927 ], [ -99.544962184615372, 20.277466261538471 ], [ -99.544838107692257, 20.277584107692288 ], [ -99.544771046153812, 20.277575292307684 ] ] ] ] } },
{ "type": "Feature", "properties": { "IDBD": 166566, "FC": 6291, "CONDICION": "CUERPO DE AGUA INTERMITENTE" }, "geometry": { "type": "MultiPolygon", "coordinates": [ [ [ [ -99.600155538461493, 20.276346138461527 ], [ -99.600281030769182, 20.276607753846164 ], [ -99.600281876923049, 20.276824615384619 ], [ -99.600187015384606, 20.277059876923129 ], [ -99.600082061538444, 20.277159630769237 ], [ -99.599890784615354, 20.277223538461499 ], [ -99.599841676923035, 20.276907446153846 ], [ -99.599821799999958, 20.276717753846171 ], [ -99.599840538461535, 20.276609261538486 ], [ -99.59995472307692, 20.276419123076934 ], [ -99.600059846153798, 20.276364538461532 ], [ -99.600155538461493, 20.276346138461527 ] ] ] ] } },
{ "type": "Feature", "properties": { "IDBD": 166582, "FC": 6291, "CONDICION": "CUERPO DE AGUA INTERMITENTE" }, "geometry": { "type": "MultiPolygon", "coordinates": [ [ [ [ -99.561157892307676, 20.275409123076891 ], [ -99.56121486153846, 20.275273400000035 ], [ -99.561272153846119, 20.275228030769213 ], [ -99.561674538461531, 20.275280969230757 ], [ -99.561981199999977, 20.275343230769206 ], [ -99.562144215384592, 20.275405969230761 ], [ -99.562240276923063, 20.275486984615398 ], [ -99.562221769230774, 20.275667753846147 ], [ -99.561464876923068, 20.275561753846176 ], [ -99.5612061230769, 20.275508369230767 ], [ -99.561157892307676, 20.275409123076891 ] ] ] ] } },
{ "type": "Feature", "properties": { "IDBD": 166584, "FC": 6291, "CONDICION": "CUERPO DE AGUA INTERMITENTE" }, "geometry": { "type": "MultiPolygon", "coordinates": [ [ [ [ -99.546979892307633, 20.273908784615376 ], [ -99.547181369230742, 20.274016584615367 ], [ -99.547488661538466, 20.274259600000025 ], [ -99.547633030769219, 20.274466984615422 ], [ -99.54774883076918, 20.274719630769251 ], [ -99.547778338461512, 20.274945446153819 ], [ -99.547471399999949, 20.27480183076926 ], [ -99.547356676923059, 20.274856399999983 ], [ -99.5472994153846, 20.2749108 ], [ -99.547338676923033, 20.275181753846166 ], [ -99.54724329230767, 20.275290492307725 ], [ -99.547128599999965, 20.275354092307722 ], [ -99.5469946, 20.275372584615411 ], [ -99.5470038, 20.275264123076969 ], [ -99.547070507692268, 20.275173553846145 ], [ -99.547031261538422, 20.274902600000036 ], [ -99.547049430769206, 20.274622415384624 ], [ -99.547125815384589, 20.274558923076956 ], [ -99.547163707692278, 20.274441338461518 ], [ -99.547038430769206, 20.274215830769204 ], [ -99.546961153846155, 20.274026307692285 ], [ -99.546979892307633, 20.273908784615376 ] ] ] ] } },
{ "type": "Feature", "properties": { "IDBD": 166599, "FC": 6291, "CONDICION": "CUERPO DE AGUA INTERMITENTE" }, "geometry": { "type": "MultiPolygon", "coordinates": [ [ [ [ -99.488842384615353, 20.273637846153807 ], [ -99.488495799999953, 20.273051461538451 ], [ -99.488553092307669, 20.272997092307655 ], [ -99.489269799999988, 20.272516169230776 ], [ -99.489452553846107, 20.272777707692295 ], [ -99.489558430769208, 20.272949107692327 ], [ -99.489587753846109, 20.273138784615401 ], [ -99.489530492307651, 20.273202184615393 ], [ -99.488976369230755, 20.273610369230795 ], [ -99.488842384615353, 20.273637846153807 ] ] ] ] } },
{ "type": "Feature", "properties": { "IDBD": 166604, "FC": 6291, "CONDICION": "CUERPO DE AGUA INTERMITENTE" }, "geometry": { "type": "MultiPolygon", "coordinates": [ [ [ [ -99.566440461538434, 20.274452369230762 ], [ -99.566085923076912, 20.274390261538478 ], [ -99.566114153846129, 20.274254630769242 ], [ -99.566190461538454, 20.274173061538477 ], [ -99.566305184615388, 20.274118476923089 ], [ -99.566467707692297, 20.274045661538416 ], [ -99.566506046153805, 20.274054569230731 ], [ -99.566659292307662, 20.274063123076964 ], [ -99.566745769230749, 20.274144169230766 ], [ -99.56683241538461, 20.274270384615356 ], [ -99.566871446153826, 20.274469061538451 ], [ -99.566440461538434, 20.274452369230762 ] ] ] ] } },
{ "type": "Feature", "properties": { "IDBD": 166610, "FC": 6291, "CONDICION": "CUERPO DE AGUA INTERMITENTE" }, "geometry": { "type": "MultiPolygon", "coordinates": [ [ [ [ -99.551779138461526, 20.271661830769219 ], [ -99.552085753846114, 20.27171507692309 ], [ -99.552267738461495, 20.271723538461526 ], [ -99.552602984615348, 20.271749584615385 ], [ -99.55291889230763, 20.271721492307705 ], [ -99.553215830769204, 20.271747661538441 ], [ -99.553465230769206, 20.271864338461523 ], [ -99.553648092307654, 20.27212580000003 ], [ -99.553696938461542, 20.27239673846152 ], [ -99.553755738461518, 20.27277606153848 ], [ -99.553729799999985, 20.273562292307723 ], [ -99.55366427692303, 20.273987184615429 ], [ -99.553415461538435, 20.274033153846169 ], [ -99.553500492307649, 20.273707584615437 ], [ -99.553471738461511, 20.273698646153857 ], [ -99.553422599999976, 20.273346384615376 ], [ -99.553363707692284, 20.272939953846141 ], [ -99.553238123076895, 20.272633123076915 ], [ -99.553046384615357, 20.272570476923075 ], [ -99.55293163076918, 20.272616015384564 ], [ -99.552797769230708, 20.272670661538481 ], [ -99.55246261538457, 20.272671707692346 ], [ -99.552165369230735, 20.272564215384644 ], [ -99.55199281538458, 20.272510538461542 ], [ -99.551724461538441, 20.272448138461513 ], [ -99.551455892307686, 20.272322476923087 ], [ -99.55131170769225, 20.272169323076902 ], [ -99.55162653846152, 20.271833984615363 ], [ -99.551779138461526, 20.271661830769219 ] ] ] ] } },
{ "type": "Feature", "properties": { "IDBD": 166673, "FC": 6291, "CONDICION": "CUERPO DE AGUA INTERMITENTE" }, "geometry": { "type": "MultiPolygon", "coordinates": [ [ [ [ -99.492176953846126, 20.268224892307682 ], [ -99.492597492307667, 20.267970692307678 ], [ -99.492693599999939, 20.268078861538498 ], [ -99.492732523076924, 20.268277553846158 ], [ -99.492723230769201, 20.268367938461537 ], [ -99.492675523076883, 20.268422292307683 ], [ -99.492675784615358, 20.268503615384592 ], [ -99.492752707692276, 20.2686028 ], [ -99.492648199999977, 20.268865138461489 ], [ -99.492504846153821, 20.268955907692334 ], [ -99.492237030769203, 20.269056046153842 ], [ -99.492160169230758, 20.268974938461522 ], [ -99.492016169230723, 20.268857876923089 ], [ -99.491862492307675, 20.268713723076917 ], [ -99.491785553846128, 20.268605507692318 ], [ -99.491785123076909, 20.268469969230761 ], [ -99.492176953846126, 20.268224892307682 ] ] ] ] } },
{ "type": "Feature", "properties": { "IDBD": 166682, "FC": 6291, "CONDICION": "CUERPO DE AGUA INTERMITENTE" }, "geometry": { "type": "MultiPolygon", "coordinates": [ [ [ [ -99.485465184615379, 20.268505661538452 ], [ -99.485225830769181, 20.268515353846169 ], [ -99.485004492307681, 20.268163569230779 ], [ -99.484946246153825, 20.26791070769227 ], [ -99.484964753846114, 20.267702830769249 ], [ -99.48515559999997, 20.267485430769252 ], [ -99.485423230769172, 20.267331076923064 ], [ -99.485464292307668, 20.268216507692316 ], [ -99.485465184615379, 20.268505661538452 ] ] ] ] } },
{ "type": "Feature", "properties": { "IDBD": 166684, "FC": 6291, "CONDICION": "CUERPO DE AGUA INTERMITENTE" }, "geometry": { "type": "MultiPolygon", "coordinates": [ [ [ [ -99.57096395384616, 20.267579323076948 ], [ -99.571241646153837, 20.267578415384616 ], [ -99.571385615384585, 20.267668307692301 ], [ -99.571510584615368, 20.267803446153863 ], [ -99.571539707692295, 20.267911784615368 ], [ -99.571569138461484, 20.268101446153842 ], [ -99.571770092307659, 20.268064646153842 ], [ -99.571990261538431, 20.268045846153864 ], [ -99.572105461538456, 20.268126799999976 ], [ -99.572172892307677, 20.268235015384604 ], [ -99.572202276923051, 20.268415630769237 ], [ -99.572193030769199, 20.268506030769228 ], [ -99.572021046153836, 20.268605984615391 ], [ -99.57188727692305, 20.268687738461555 ], [ -99.571772707692261, 20.268778476923103 ], [ -99.571571984615346, 20.268878538461568 ], [ -99.571476753846156, 20.269023415384673 ], [ -99.571486984615348, 20.269204107692328 ], [ -99.571775246153834, 20.269474246153894 ], [ -99.571747123076904, 20.269636984615381 ], [ -99.5716516, 20.269700553846167 ], [ -99.570845646153813, 20.269269446153857 ], [ -99.570729953846126, 20.269052953846103 ], [ -99.57096395384616, 20.267579323076948 ] ] ] ] } },
{ "type": "Feature", "properties": { "IDBD": 166686, "FC": 6291, "CONDICION": "CUERPO DE AGUA INTERMITENTE" }, "geometry": { "type": "MultiPolygon", "coordinates": [ [ [ [ -99.59070027692303, 20.267812107692336 ], [ -99.5910118, 20.267896892307721 ], [ -99.591089153846141, 20.268095430769215 ], [ -99.591120523076867, 20.268791092307659 ], [ -99.59117989230765, 20.269296923076944 ], [ -99.591170969230745, 20.269468630769261 ], [ -99.590817276923076, 20.269632476923093 ], [ -99.5906166, 20.269741584615378 ], [ -99.590449353846111, 20.26982798461535 ], [ -99.590246215384568, 20.269286507692321 ], [ -99.590215646153823, 20.268798661538437 ], [ -99.590319199999982, 20.268328446153891 ], [ -99.59070027692303, 20.267812107692336 ] ] ] ] } },
{ "type": "Feature", "properties": { "IDBD": 166696, "FC": 6291, "CONDICION": "CUERPO DE AGUA INTERMITENTE" }, "geometry": { "type": "MultiPolygon", "coordinates": [ [ [ [ -99.491176938461493, 20.266908415384627 ], [ -99.491263538461496, 20.267043723076934 ], [ -99.491359892307656, 20.267233215384625 ], [ -99.491666569230745, 20.267313676923123 ], [ -99.491676569230734, 20.267449184615401 ], [ -99.491542738461519, 20.267521846153837 ], [ -99.491265046153814, 20.267522630769232 ], [ -99.491025399999984, 20.267441984615402 ], [ -99.490919846153801, 20.267369984615438 ], [ -99.490756230769193, 20.2671084 ], [ -99.491119569230733, 20.266935692307662 ], [ -99.491176938461493, 20.266908415384627 ] ] ] ] } },
{ "type": "Feature", "properties": { "IDBD": 166702, "FC": 6291, "CONDICION": "CUERPO DE AGUA INTERMITENTE" }, "geometry": { "type": "MultiPolygon", "coordinates": [ [ [ [ -99.422802584615354, 20.265649923076921 ], [ -99.423060953846132, 20.265586046153896 ], [ -99.423176015384598, 20.265639984615394 ], [ -99.423176446153818, 20.265802646153873 ], [ -99.423119215384588, 20.265884107692287 ], [ -99.42285156923073, 20.26605643076924 ], [ -99.422516753846097, 20.266183753846203 ], [ -99.422373123076895, 20.266184092307665 ], [ -99.422258138461487, 20.266157261538464 ], [ -99.422210107692294, 20.266103169230803 ], [ -99.422238446153841, 20.265958523076975 ], [ -99.422362692307658, 20.265867861538474 ], [ -99.422544292307634, 20.265740907692294 ], [ -99.422802584615354, 20.265649923076921 ] ] ] ] } },
{ "type": "Feature", "properties": { "IDBD": 166706, "FC": 6291, "CONDICION": "CUERPO DE AGUA INTERMITENTE" }, "geometry": { "type": "MultiPolygon", "coordinates": [ [ [ [ -99.574362507692285, 20.267360384615436 ], [ -99.575493184615382, 20.267564507692313 ], [ -99.575388461538452, 20.267727492307699 ], [ -99.574728676923044, 20.26798267692304 ], [ -99.574279430769195, 20.268201015384651 ], [ -99.573772476923054, 20.268356292307704 ], [ -99.573580369230726, 20.268194261538476 ], [ -99.573425907692297, 20.267851400000023 ], [ -99.573511676923061, 20.267742692307653 ], [ -99.573377323076912, 20.267661800000031 ], [ -99.573080384615352, 20.267635661538492 ], [ -99.572859753846132, 20.267527953846177 ], [ -99.572658230769235, 20.267411138461561 ], [ -99.572542953846138, 20.267312123076906 ], [ -99.572561384615327, 20.267113261538441 ], [ -99.57261833846151, 20.266977538461504 ], [ -99.572982507692316, 20.267057676923127 ], [ -99.573864246153803, 20.267271661538505 ], [ -99.574362507692285, 20.267360384615436 ] ] ] ] } },
{ "type": "Feature", "properties": { "IDBD": 166712, "FC": 6291, "CONDICION": "CUERPO DE AGUA INTERMITENTE" }, "geometry": { "type": "MultiPolygon", "coordinates": [ [ [ [ -99.517374092307648, 20.26630895384621 ], [ -99.517947630769186, 20.26600906153843 ], [ -99.518234369230754, 20.265845569230745 ], [ -99.518292723076868, 20.266116476923035 ], [ -99.518408615384573, 20.266414338461527 ], [ -99.518553092307656, 20.266666923076922 ], [ -99.518687830769238, 20.266874353846131 ], [ -99.518764861538401, 20.267000630769257 ], [ -99.51898527692309, 20.26705418461539 ], [ -99.519119523076924, 20.267108015384661 ], [ -99.518985799999967, 20.267207800000023 ], [ -99.518650676923031, 20.267217830769191 ], [ -99.518525892307665, 20.267127846153844 ], [ -99.518410738461526, 20.267055892307653 ], [ -99.518266907692279, 20.266993061538511 ], [ -99.518094323076866, 20.266930323076888 ], [ -99.517854492307663, 20.266795492307661 ], [ -99.517700830769215, 20.26666039999996 ], [ -99.517374092307648, 20.26630895384621 ] ] ] ] } },
{ "type": "Feature", "properties": { "IDBD": 166796, "FC": 6291, "CONDICION": "CUERPO DE AGUA INTERMITENTE" }, "geometry": { "type": "MultiPolygon", "coordinates": [ [ [ [ -99.579790246153848, 20.261758230769257 ], [ -99.579580199999953, 20.261921569230779 ], [ -99.57913103076919, 20.262158 ], [ -99.578787138461536, 20.262376 ], [ -99.578500815384572, 20.262629953846151 ], [ -99.578432876923031, 20.26238620000003 ], [ -99.578498476923059, 20.261997430769195 ], [ -99.578612461538441, 20.261753076923117 ], [ -99.578889676923055, 20.261625661538464 ], [ -99.579205553846094, 20.261597507692297 ], [ -99.579493015384571, 20.261650784615359 ], [ -99.579790246153848, 20.261758230769257 ] ] ] ] } },
{ "type": "Feature", "properties": { "IDBD": 166826, "FC": 6291, "CONDICION": "CUERPO DE AGUA INTERMITENTE" }, "geometry": { "type": "MultiPolygon", "coordinates": [ [ [ [ -99.510686523076885, 20.259307476923112 ], [ -99.5111268307692, 20.259261015384613 ], [ -99.511548, 20.259214615384614 ], [ -99.512055292307664, 20.259158907692335 ], [ -99.512439138461474, 20.259410799999973 ], [ -99.511979584615332, 20.259430215384619 ], [ -99.51179772307691, 20.259448815384609 ], [ -99.51172126153844, 20.259494230769242 ], [ -99.511692892307678, 20.259602738461538 ], [ -99.51160695384614, 20.259675276923076 ], [ -99.511406076923052, 20.259739123076926 ], [ -99.511166769230741, 20.259757892307714 ], [ -99.511003953846156, 20.259749323076942 ], [ -99.510926938461495, 20.259623046153852 ], [ -99.510830923076881, 20.259542 ], [ -99.510744599999981, 20.259497076923079 ], [ -99.510686523076885, 20.259307476923112 ] ] ] ] } },
{ "type": "Feature", "properties": { "IDBD": 166830, "FC": 6291, "CONDICION": "CUERPO DE AGUA INTERMITENTE" }, "geometry": { "type": "MultiPolygon", "coordinates": [ [ [ [ -99.45020550769226, 20.258054523076922 ], [ -99.450138138461497, 20.257937230769279 ], [ -99.450061138461507, 20.257801876923068 ], [ -99.450118199999949, 20.257666200000017 ], [ -99.450595661538429, 20.257213153846141 ], [ -99.450796323076887, 20.257068061538469 ], [ -99.450997492307664, 20.257103692307712 ], [ -99.451141676923015, 20.257293076923116 ], [ -99.451314384615344, 20.257419138461561 ], [ -99.451668830769194, 20.257472446153891 ], [ -99.451458907692299, 20.257726 ], [ -99.451268, 20.257934323076913 ], [ -99.45106770769226, 20.258205923076904 ], [ -99.45020550769226, 20.258054523076922 ] ] ] ] } },
{ "type": "Feature", "properties": { "IDBD": 166838, "FC": 6291, "CONDICION": "CUERPO DE AGUA INTERMITENTE" }, "geometry": { "type": "MultiPolygon", "coordinates": [ [ [ [ -99.574181153846141, 20.2597074307692 ], [ -99.573970830769198, 20.25979847692307 ], [ -99.573807584615352, 20.259672507692326 ], [ -99.573606123076885, 20.259564738461567 ], [ -99.573529092307666, 20.259447523076915 ], [ -99.5736244307692, 20.259338769230755 ], [ -99.573853615384593, 20.259166338461565 ], [ -99.573987584615338, 20.259147830769198 ], [ -99.574150338461507, 20.259138261538503 ], [ -99.574322692307646, 20.259137692307711 ], [ -99.574199538461542, 20.259499538461593 ], [ -99.574181153846141, 20.2597074307692 ] ] ] ] } },
{ "type": "Feature", "properties": { "IDBD": 166849, "FC": 6291, "CONDICION": "CUERPO DE AGUA INTERMITENTE" }, "geometry": { "type": "MultiPolygon", "coordinates": [ [ [ [ -99.566864384615357, 20.259342692307683 ], [ -99.566813353846115, 20.258475384615426 ], [ -99.567186523076899, 20.258401892307667 ], [ -99.567291815384579, 20.258392507692314 ], [ -99.567530953846131, 20.258328492307694 ], [ -99.567904015384613, 20.258227876923097 ], [ -99.567800738461528, 20.258788446153876 ], [ -99.56744733846152, 20.259033569230755 ], [ -99.567323138461504, 20.259106261538456 ], [ -99.566950399999953, 20.259297230769228 ], [ -99.566864384615357, 20.259342692307683 ] ] ] ] } },
{ "type": "Feature", "properties": { "IDBD": 166857, "FC": 6291, "CONDICION": "CUERPO DE AGUA INTERMITENTE" }, "geometry": { "type": "MultiPolygon", "coordinates": [ [ [ [ -99.524144800000016, 20.257966569230749 ], [ -99.524295630769203, 20.257261292307664 ], [ -99.524342907692258, 20.257080430769236 ], [ -99.52438084615379, 20.25697187692305 ], [ -99.524466461538466, 20.256808969230807 ], [ -99.524838707692254, 20.256455446153829 ], [ -99.524981907692293, 20.256328523076903 ], [ -99.525155384615346, 20.256662338461577 ], [ -99.525232799999969, 20.256906076923133 ], [ -99.525214199999979, 20.25706878461537 ], [ -99.525224046153824, 20.257150076923072 ], [ -99.525358461538431, 20.257258107692337 ], [ -99.525732676923042, 20.257491923076948 ], [ -99.525761707692268, 20.257582200000027 ], [ -99.525618015384609, 20.257564569230773 ], [ -99.525426123076883, 20.257447661538418 ], [ -99.525244046153844, 20.257403030769236 ], [ -99.525109969230741, 20.257394400000013 ], [ -99.524890015384585, 20.257476384615362 ], [ -99.524708446153838, 20.257585353846174 ], [ -99.524546138461517, 20.257721384615397 ], [ -99.524479630769207, 20.2578752 ], [ -99.524355507692306, 20.257984 ], [ -99.524144800000016, 20.257966569230749 ] ] ] ] } },
{ "type": "Feature", "properties": { "IDBD": 166903, "FC": 6291, "CONDICION": "CUERPO DE AGUA INTERMITENTE" }, "geometry": { "type": "MultiPolygon", "coordinates": [ [ [ [ -99.508680538461519, 20.254903676923085 ], [ -99.508431492307693, 20.254877292307661 ], [ -99.507856538461539, 20.254734369230714 ], [ -99.50755933846149, 20.25461776923078 ], [ -99.507281569230742, 20.25459146153846 ], [ -99.507051569230754, 20.254528876923068 ], [ -99.506792938461516, 20.254493476923066 ], [ -99.506582430769171, 20.254539261538469 ], [ -99.506505476923053, 20.254431046153847 ], [ -99.506428092307672, 20.254187292307702 ], [ -99.506370261538407, 20.25407 ], [ -99.506378169230757, 20.25355490769234 ], [ -99.50631936923071, 20.253139415384652 ], [ -99.50618350769227, 20.252579569230772 ], [ -99.506086584615332, 20.252218400000014 ], [ -99.506019076923039, 20.252064984615377 ], [ -99.506037569230728, 20.251866138461512 ], [ -99.507100246153826, 20.251826923076937 ], [ -99.508181984615362, 20.251760538461561 ], [ -99.508048784615369, 20.252022969230772 ], [ -99.507982261538416, 20.252176769230768 ], [ -99.507880092307687, 20.253143938461516 ], [ -99.507929584615354, 20.253640784615417 ], [ -99.508026676923024, 20.25405616923074 ], [ -99.508151769230707, 20.25424556923074 ], [ -99.508488030769215, 20.254597 ], [ -99.508603338461526, 20.254723169230754 ], [ -99.508699384615369, 20.254813261538441 ], [ -99.508680538461519, 20.254903676923085 ] ] ] ] } },
{ "type": "Feature", "properties": { "IDBD": 166924, "FC": 6291, "CONDICION": "CUERPO DE AGUA INTERMITENTE" }, "geometry": { "type": "MultiPolygon", "coordinates": [ [ [ [ -99.564765292307683, 20.253457923076891 ], [ -99.564995369230729, 20.25353850769233 ], [ -99.565139584615352, 20.253700692307735 ], [ -99.565027599999937, 20.254505276923073 ], [ -99.564702507692289, 20.254632815384628 ], [ -99.564765292307683, 20.253457923076891 ] ] ] ] } },
{ "type": "Feature", "properties": { "IDBD": 166928, "FC": 6291, "CONDICION": "CUERPO DE AGUA INTERMITENTE" }, "geometry": { "type": "MultiPolygon", "coordinates": [ [ [ [ -99.572205292307672, 20.25356032307694 ], [ -99.572396384615359, 20.253451261538459 ], [ -99.572741015384594, 20.253432061538472 ], [ -99.573028523076871, 20.253503415384628 ], [ -99.573297307692258, 20.253692292307701 ], [ -99.57326019999995, 20.254017707692302 ], [ -99.573203476923069, 20.254216692307715 ], [ -99.572984061538435, 20.254434276923082 ], [ -99.572026153846096, 20.254319938461538 ], [ -99.571977292307679, 20.254049015384638 ], [ -99.572005015384619, 20.253777830769252 ], [ -99.572205292307672, 20.25356032307694 ] ] ] ] } },
{ "type": "Feature", "properties": { "IDBD": 166929, "FC": 6291, "CONDICION": "CUERPO DE AGUA INTERMITENTE" }, "geometry": { "type": "MultiPolygon", "coordinates": [ [ [ [ -99.591014507692279, 20.254699738461518 ], [ -99.59101341538458, 20.254410584615432 ], [ -99.591185107692269, 20.254238323076898 ], [ -99.591844907692277, 20.254010184615403 ], [ -99.592580784615365, 20.253646261538456 ], [ -99.592619323076875, 20.253709384615352 ], [ -99.592591123076886, 20.253845015384584 ], [ -99.592314169230747, 20.254035707692285 ], [ -99.591960553846107, 20.254208600000041 ], [ -99.591654984615374, 20.254426492307697 ], [ -99.591540461538401, 20.254526276923063 ], [ -99.591502476923054, 20.254607723076955 ], [ -99.591282661538429, 20.254716907692302 ], [ -99.591014507692279, 20.254699738461518 ] ] ] ] } },
{ "type": "Feature", "properties": { "IDBD": 166947, "FC": 6291, "CONDICION": "CUERPO DE AGUA INTERMITENTE" }, "geometry": { "type": "MultiPolygon", "coordinates": [ [ [ [ -99.574319307692292, 20.253011246153854 ], [ -99.574748969230725, 20.252684538461551 ], [ -99.574921184615377, 20.252647830769231 ], [ -99.574998015384608, 20.252710830769228 ], [ -99.575141953846128, 20.25280070769228 ], [ -99.575295584615361, 20.252917676923087 ], [ -99.575439907692285, 20.253106969230767 ], [ -99.575603215384618, 20.253251 ], [ -99.575574846153813, 20.253350492307643 ], [ -99.575364307692297, 20.253378292307723 ], [ -99.575086246153788, 20.253270769230777 ], [ -99.574885076923053, 20.25324432307692 ], [ -99.574731907692282, 20.253253861538493 ], [ -99.574597830769207, 20.253245261538503 ], [ -99.574511261538419, 20.25313712307695 ], [ -99.574319307692292, 20.253011246153854 ] ] ] ] } },
{ "type": "Feature", "properties": { "IDBD": 166995, "FC": 6291, "CONDICION": "CUERPO DE AGUA INTERMITENTE" }, "geometry": { "type": "MultiPolygon", "coordinates": [ [ [ [ -99.548684476923071, 20.24939753846154 ], [ -99.548588846153848, 20.249433984615429 ], [ -99.548474061538428, 20.249461461538505 ], [ -99.54836883076922, 20.249488892307681 ], [ -99.5482444, 20.249498323076914 ], [ -99.548148646153834, 20.249498615384599 ], [ -99.548005092307633, 20.249517138461524 ], [ -99.547909446153838, 20.249544538461542 ], [ -99.547765799999951, 20.249535953846156 ], [ -99.547650769230756, 20.24950016923076 ], [ -99.5475450461538, 20.249383030769255 ], [ -99.547678492307668, 20.249210923076891 ], [ -99.547688, 20.249192830769243 ], [ -99.547745323076924, 20.249156507692348 ], [ -99.547840846153818, 20.249092953846148 ], [ -99.547917369230717, 20.249074646153833 ], [ -99.548003476923029, 20.249056307692236 ], [ -99.548108799999966, 20.249055969230771 ], [ -99.548175846153811, 20.249064800000017 ], [ -99.548262076923038, 20.24908259999998 ], [ -99.548405892307684, 20.249136369230754 ], [ -99.548549861538433, 20.249235323076974 ], [ -99.548684476923071, 20.24939753846154 ] ] ] ] } },
{ "type": "Feature", "properties": { "IDBD": 167003, "FC": 6291, "CONDICION": "CUERPO DE AGUA INTERMITENTE" }, "geometry": { "type": "MultiPolygon", "coordinates": [ [ [ [ -99.489432676923045, 20.248109030769243 ], [ -99.489508630769208, 20.247900984615363 ], [ -99.489680538461513, 20.247764953846183 ], [ -99.489776123076894, 20.2477104769231 ], [ -99.489919707692295, 20.247701030769264 ], [ -99.490082584615323, 20.247736723076901 ], [ -99.49016892307688, 20.247790707692278 ], [ -99.490092815384614, 20.24794452307691 ], [ -99.489987861538438, 20.24806229230769 ], [ -99.489911430769183, 20.248116723076908 ], [ -99.489777538461496, 20.248162276923065 ], [ -99.489643523076865, 20.248171692307711 ], [ -99.489528630769186, 20.248172015384629 ], [ -99.489432676923045, 20.248109030769243 ] ] ] ] } },
{ "type": "Feature", "properties": { "IDBD": 167020, "FC": 6291, "CONDICION": "CUERPO DE AGUA INTERMITENTE" }, "geometry": { "type": "MultiPolygon", "coordinates": [ [ [ [ -99.578574676923054, 20.248967169230813 ], [ -99.578602292307679, 20.248668876923034 ], [ -99.578630353846123, 20.248488061538421 ], [ -99.578677646153835, 20.248334292307657 ], [ -99.578782461538424, 20.248198415384632 ], [ -99.578925646153849, 20.24808046153845 ], [ -99.579174138461511, 20.247962184615421 ], [ -99.579384338461495, 20.247844015384644 ], [ -99.579328076923048, 20.2481604615385 ], [ -99.579175923076903, 20.248441092307676 ], [ -99.57901406153843, 20.248685600000012 ], [ -99.57888038461536, 20.248785430769232 ], [ -99.578794446153793, 20.248848969230789 ], [ -99.578574676923054, 20.248967169230813 ] ] ] ] } },
{ "type": "Feature", "properties": { "IDBD": 167029, "FC": 6291, "CONDICION": "CUERPO DE AGUA INTERMITENTE" }, "geometry": { "type": "MultiPolygon", "coordinates": [ [ [ [ -99.591605076923017, 20.248833338461534 ], [ -99.591700523076909, 20.24875169230766 ], [ -99.591805523076886, 20.248670015384583 ], [ -99.591948799999969, 20.248579169230759 ], [ -99.592092276923026, 20.248542538461525 ], [ -99.592197599999977, 20.248542184615367 ], [ -99.592408569230727, 20.248631830769256 ], [ -99.592322815384577, 20.248740553846144 ], [ -99.592246384615351, 20.248786 ], [ -99.592170030769225, 20.248849507692263 ], [ -99.591806353846124, 20.248886876923077 ], [ -99.591605076923017, 20.248833338461534 ] ] ] ] } },
{ "type": "Feature", "properties": { "IDBD": 167052, "FC": 6291, "CONDICION": "CUERPO DE AGUA INTERMITENTE" }, "geometry": { "type": "MultiPolygon", "coordinates": [ [ [ [ -99.538200584615339, 20.246701123076949 ], [ -99.538218169230731, 20.246249261538463 ], [ -99.538255907692289, 20.24608649230769 ], [ -99.53870421538457, 20.245597169230766 ], [ -99.538780599999967, 20.245533676923078 ], [ -99.538847523076896, 20.245506353846157 ], [ -99.538962415384603, 20.245506 ], [ -99.539240399999954, 20.24560455384615 ], [ -99.539298292307663, 20.24573087692308 ], [ -99.53928893846151, 20.245794153846155 ], [ -99.539260399999989, 20.245848461538461 ], [ -99.539174630769196, 20.245966200000016 ], [ -99.539088969230718, 20.246111046153842 ], [ -99.539051076923073, 20.246228630769242 ], [ -99.539003446153814, 20.246301061538464 ], [ -99.538936861538417, 20.246427769230721 ], [ -99.538870030769189, 20.2464822 ], [ -99.538717, 20.246527846153842 ], [ -99.538573569230778, 20.246582507692342 ], [ -99.538200584615339, 20.246701123076949 ] ] ] ] } },
{ "type": "Feature", "properties": { "IDBD": 167072, "FC": 6291, "CONDICION": "CUERPO DE AGUA INTERMITENTE" }, "geometry": { "type": "MultiPolygon", "coordinates": [ [ [ [ -99.53220289230768, 20.245499538461573 ], [ -99.532355584615374, 20.245354492307683 ], [ -99.532498799999985, 20.245236584615409 ], [ -99.532594323076893, 20.245173046153809 ], [ -99.532843261538403, 20.245172292307675 ], [ -99.533092369230744, 20.24522575384616 ], [ -99.533169092307659, 20.245261661538493 ], [ -99.53323632307692, 20.245324707692323 ], [ -99.533284384615328, 20.245378784615358 ], [ -99.533371323076906, 20.245604415384612 ], [ -99.533036215384598, 20.245605446153881 ], [ -99.532633953846144, 20.245561476923097 ], [ -99.532557323076915, 20.245552676923122 ], [ -99.53220289230768, 20.245499538461573 ] ] ] ] } },
{ "type": "Feature", "properties": { "IDBD": 167089, "FC": 6291, "CONDICION": "CUERPO DE AGUA INTERMITENTE" }, "geometry": { "type": "MultiPolygon", "coordinates": [ [ [ [ -99.51897312307689, 20.243225923076935 ], [ -99.519385384615376, 20.243396384615391 ], [ -99.51951950769228, 20.243423092307694 ], [ -99.519653676923056, 20.243458846153867 ], [ -99.519749661538441, 20.243530846153885 ], [ -99.519865061538439, 20.243684123076957 ], [ -99.519894492307643, 20.24390089230771 ], [ -99.5198376, 20.244063723076955 ], [ -99.519742307692312, 20.244199538461551 ], [ -99.519656430769189, 20.244290153846169 ], [ -99.519522523076887, 20.244326707692306 ], [ -99.5191982, 20.244689107692295 ], [ -99.518620615384563, 20.243751061538479 ], [ -99.518696523076883, 20.243543 ], [ -99.518830138461524, 20.243416092307651 ], [ -99.518954461538428, 20.243370553846137 ], [ -99.51897312307689, 20.243225923076935 ] ] ] ] } },
{ "type": "Feature", "properties": { "IDBD": 167099, "FC": 6291, "CONDICION": "CUERPO DE AGUA INTERMITENTE" }, "geometry": { "type": "MultiPolygon", "coordinates": [ [ [ [ -99.506518230769174, 20.243596661538486 ], [ -99.506536353846101, 20.243280338461492 ], [ -99.506766246153802, 20.243315815384616 ], [ -99.506881338461525, 20.243378738461541 ], [ -99.506910184615379, 20.243414799999965 ], [ -99.506967769230741, 20.243459815384629 ], [ -99.507035123076861, 20.243559015384612 ], [ -99.506997384615389, 20.243730815384641 ], [ -99.506863861538406, 20.24389384615386 ], [ -99.506615492307631, 20.244066261538467 ], [ -99.506518230769174, 20.243596661538486 ] ] ] ] } },
{ "type": "Feature", "properties": { "IDBD": 167111, "FC": 6291, "CONDICION": "CUERPO DE AGUA INTERMITENTE" }, "geometry": { "type": "MultiPolygon", "coordinates": [ [ [ [ -99.545104476923058, 20.244167753846178 ], [ -99.545123307692279, 20.244077338461526 ], [ -99.545132569230759, 20.243986953846196 ], [ -99.545132, 20.24382429230765 ], [ -99.5451412, 20.243715830769268 ], [ -99.54518872307689, 20.243616292307717 ], [ -99.545245876923019, 20.243534784615402 ], [ -99.54536036923075, 20.243416969230729 ], [ -99.545560723076903, 20.243217538461561 ], [ -99.546086861538427, 20.2430894 ], [ -99.546058769230768, 20.243270215384623 ], [ -99.545963692307652, 20.243460261538466 ], [ -99.545897015384583, 20.243559876923072 ], [ -99.545830292307699, 20.243641400000019 ], [ -99.545592030769242, 20.243958415384611 ], [ -99.545429815384594, 20.244112523076925 ], [ -99.545267399999986, 20.244212430769227 ], [ -99.545104476923058, 20.244167753846178 ] ] ] ] } },
{ "type": "Feature", "properties": { "IDBD": 167115, "FC": 6291, "CONDICION": "CUERPO DE AGUA INTERMITENTE" }, "geometry": { "type": "MultiPolygon", "coordinates": [ [ [ [ -99.558486846153798, 20.243484107692304 ], [ -99.558372323076867, 20.243583861538465 ], [ -99.5581818307692, 20.243864584615398 ], [ -99.558019461538422, 20.243973538461571 ], [ -99.558028676923072, 20.243874107692314 ], [ -99.558037476923019, 20.243657215384637 ], [ -99.55808476923076, 20.243494415384607 ], [ -99.558266061538433, 20.243322153846147 ], [ -99.558466769230733, 20.243222123076912 ], [ -99.55864861538457, 20.243203461538446 ], [ -99.558639461538419, 20.243320969230705 ], [ -99.558629953846136, 20.243339061538489 ], [ -99.55854407692307, 20.243420661538462 ], [ -99.558486846153798, 20.243484107692304 ] ] ] ] } },
{ "type": "Feature", "properties": { "IDBD": 167141, "FC": 6291, "CONDICION": "CUERPO DE AGUA INTERMITENTE" }, "geometry": { "type": "MultiPolygon", "coordinates": [ [ [ [ -99.570068830769216, 20.242714923076921 ], [ -99.570162230769228, 20.242073061538484 ], [ -99.570418692307655, 20.241511984615418 ], [ -99.570666461538451, 20.241194923076897 ], [ -99.570704615384614, 20.241158646153895 ], [ -99.570915415384576, 20.241203153846151 ], [ -99.570944230769186, 20.241230153846111 ], [ -99.570992430769181, 20.241320369230792 ], [ -99.570973446153829, 20.2413656 ], [ -99.570954569230722, 20.241437953846162 ], [ -99.570916538461518, 20.241510369230785 ], [ -99.570840892307672, 20.241772661538466 ], [ -99.570708738461505, 20.242288153846157 ], [ -99.570623046153827, 20.242414938461494 ], [ -99.570604015384589, 20.242451138461547 ], [ -99.5705563230769, 20.242496476923055 ], [ -99.570498969230741, 20.242523769230733 ], [ -99.570393784615362, 20.242560261538451 ], [ -99.570068830769216, 20.242714923076921 ] ] ] ] } },
{ "type": "Feature", "properties": { "IDBD": 167143, "FC": 6291, "CONDICION": "CUERPO DE AGUA INTERMITENTE" }, "geometry": { "type": "MultiPolygon", "coordinates": [ [ [ [ -99.528340046153829, 20.241372661538474 ], [ -99.52842619999997, 20.241372400000031 ], [ -99.528464476923048, 20.241363246153799 ], [ -99.528531523076893, 20.24137207692311 ], [ -99.528598599999981, 20.241389953846188 ], [ -99.528694430769221, 20.241416769230785 ], [ -99.528809538461502, 20.241479676923024 ], [ -99.52901110769227, 20.241632676923068 ], [ -99.529049615384608, 20.241695815384599 ], [ -99.529251769230754, 20.24202050769231 ], [ -99.528983553846146, 20.24197613846156 ], [ -99.528523815384602, 20.241923307692296 ], [ -99.528446969230743, 20.241851246153814 ], [ -99.528408523076877, 20.241806184615406 ], [ -99.528389230769193, 20.241761061538426 ], [ -99.528369584615362, 20.241616538461543 ], [ -99.528340046153829, 20.241372661538474 ] ] ] ] } },
{ "type": "Feature", "properties": { "IDBD": 167156, "FC": 6291, "CONDICION": "CUERPO DE AGUA INTERMITENTE" }, "geometry": { "type": "MultiPolygon", "coordinates": [ [ [ [ -99.539580369230748, 20.241464953846179 ], [ -99.539607969230744, 20.241139569230743 ], [ -99.539616692307646, 20.240895569230794 ], [ -99.539596984615358, 20.24073298461542 ], [ -99.539625492307678, 20.240669630769254 ], [ -99.53973079999993, 20.240669307692265 ], [ -99.539960707692273, 20.240704753846185 ], [ -99.540094707692262, 20.240695307692295 ], [ -99.540266723076925, 20.24060441538461 ], [ -99.540325107692283, 20.240875323076914 ], [ -99.540268323076916, 20.241065246153834 ], [ -99.540201830769206, 20.241219061538448 ], [ -99.540115984615369, 20.241309692307702 ], [ -99.539905723076913, 20.241418769230737 ], [ -99.539580369230748, 20.241464953846179 ] ] ] ] } },
{ "type": "Feature", "properties": { "IDBD": 167178, "FC": 6291, "CONDICION": "CUERPO DE AGUA INTERMITENTE" }, "geometry": { "type": "MultiPolygon", "coordinates": [ [ [ [ -99.566389692307652, 20.239338307692353 ], [ -99.566629461538469, 20.239455 ], [ -99.566898230769212, 20.239643892307679 ], [ -99.567388061538438, 20.240076046153845 ], [ -99.56721638461535, 20.240257323076925 ], [ -99.567082907692296, 20.240411369230749 ], [ -99.567035369230737, 20.240501876923066 ], [ -99.566901507692293, 20.240547492307684 ], [ -99.566786646153801, 20.240556892307673 ], [ -99.566643076923029, 20.2405664 ], [ -99.566528153846122, 20.240557738461536 ], [ -99.566155230769198, 20.240685446153844 ], [ -99.566107553846109, 20.2407398153846 ], [ -99.566069523076891, 20.240812215384608 ], [ -99.565993676923028, 20.241020292307713 ], [ -99.565926630769212, 20.241011476923074 ], [ -99.565840230769197, 20.240948507692355 ], [ -99.565725092307673, 20.2408765846154 ], [ -99.565638692307672, 20.240813615384628 ], [ -99.565571323076881, 20.240714430769241 ], [ -99.565513553846131, 20.240624261538482 ], [ -99.565436723076886, 20.240561246153877 ], [ -99.565369384615337, 20.240471107692301 ], [ -99.565320984615326, 20.240326692307722 ], [ -99.565282399999987, 20.240245492307704 ], [ -99.565195938461528, 20.240164446153862 ], [ -99.565195092307675, 20.239929507692263 ], [ -99.565241353846119, 20.239486584615371 ], [ -99.565182969230747, 20.239224723076916 ], [ -99.565575261538442, 20.239160215384626 ], [ -99.565862507692302, 20.239168323076889 ], [ -99.566169138461504, 20.239239615384626 ], [ -99.566389692307652, 20.239338307692353 ] ] ] ] } },
{ "type": "Feature", "properties": { "IDBD": 167184, "FC": 6291, "CONDICION": "CUERPO DE AGUA INTERMITENTE" }, "geometry": { "type": "MultiPolygon", "coordinates": [ [ [ [ -99.568824569230742, 20.240188861538428 ], [ -99.568739292307683, 20.240433107692269 ], [ -99.56871096923075, 20.24054163076924 ], [ -99.568653815384593, 20.24062313846154 ], [ -99.568548846153817, 20.240713846153845 ], [ -99.568453399999981, 20.240795476923044 ], [ -99.568252569230737, 20.240859384615387 ], [ -99.567955723076921, 20.240842276923111 ], [ -99.568031123076892, 20.240516723076926 ], [ -99.568202923076925, 20.240371599999978 ], [ -99.568470538461511, 20.240244215384646 ], [ -99.568824569230742, 20.240188861538428 ] ] ] ] } },
{ "type": "Feature", "properties": { "IDBD": 167187, "FC": 6291, "CONDICION": "CUERPO DE AGUA INTERMITENTE" }, "geometry": { "type": "MultiPolygon", "coordinates": [ [ [ [ -99.596657953846091, 20.240665692307722 ], [ -99.598226476923031, 20.240244692307716 ], [ -99.598791399999982, 20.240260846153852 ], [ -99.598753553846123, 20.240378430769216 ], [ -99.598744292307657, 20.2404598 ], [ -99.598668738461512, 20.240731138461573 ], [ -99.598621323076912, 20.240848769230773 ], [ -99.598535323076916, 20.240894230769214 ], [ -99.598411184615372, 20.2409759846154 ], [ -99.598325292307649, 20.241048569230763 ], [ -99.598210753846146, 20.241139323076901 ], [ -99.598115353846154, 20.24123 ], [ -99.597952799999973, 20.241284769230798 ], [ -99.597665523076913, 20.241267676923062 ], [ -99.597579184615341, 20.241222799999989 ], [ -99.597502415384582, 20.241177876923082 ], [ -99.597262799999967, 20.241106400000032 ], [ -99.597128692307678, 20.241088784615421 ], [ -99.596994476923058, 20.241044061538449 ], [ -99.596831353846099, 20.240945215384627 ], [ -99.5967736, 20.240864092307707 ], [ -99.596657953846091, 20.240665692307722 ] ] ] ] } },
{ "type": "Feature", "properties": { "IDBD": 167199, "FC": 6291, "CONDICION": "CUERPO DE AGUA INTERMITENTE" }, "geometry": { "type": "MultiPolygon", "coordinates": [ [ [ [ -99.535170907692262, 20.239897138461505 ], [ -99.534640723076919, 20.238841523076946 ], [ -99.534899523076874, 20.238931092307709 ], [ -99.534937923076882, 20.238958092307694 ], [ -99.5349954153846, 20.238975984615347 ], [ -99.535053015384605, 20.23902098461539 ], [ -99.5351394, 20.239083984615405 ], [ -99.535225692307648, 20.239119861538462 ], [ -99.535312046153805, 20.239173815384618 ], [ -99.535369661538454, 20.239227861538456 ], [ -99.535417815384577, 20.239309030769206 ], [ -99.53541821538461, 20.239426507692343 ], [ -99.535389830769219, 20.239525984615383 ], [ -99.535342215384588, 20.239598415384588 ], [ -99.535170907692262, 20.239897138461505 ] ] ] ] } },
{ "type": "Feature", "properties": { "IDBD": 167204, "FC": 6291, "CONDICION": "CUERPO DE AGUA INTERMITENTE" }, "geometry": { "type": "MultiPolygon", "coordinates": [ [ [ [ -99.546589292307672, 20.238922184615372 ], [ -99.546695046153786, 20.239048353846172 ], [ -99.546704876923044, 20.239120615384635 ], [ -99.546676307692294, 20.239165892307735 ], [ -99.54661912307688, 20.239238353846144 ], [ -99.546323969230755, 20.239709153846125 ], [ -99.546304953846089, 20.239745353846139 ], [ -99.546190292307656, 20.239808969230776 ], [ -99.546075246153791, 20.239764138461585 ], [ -99.54598883076919, 20.23969212307691 ], [ -99.545902338461488, 20.23960203076923 ], [ -99.545815799999971, 20.239493861538445 ], [ -99.546035015384589, 20.239213061538482 ], [ -99.5462544, 20.238977446153864 ], [ -99.546397753846151, 20.238904707692335 ], [ -99.546589292307672, 20.238922184615372 ] ] ] ] } },
{ "type": "Feature", "properties": { "IDBD": 167230, "FC": 6291, "CONDICION": "CUERPO DE AGUA INTERMITENTE" }, "geometry": { "type": "MultiPolygon", "coordinates": [ [ [ [ -99.606301492307637, 20.238852538461554 ], [ -99.606329692307654, 20.238716892307703 ], [ -99.606375876923067, 20.238283 ], [ -99.606529015384567, 20.23827344615388 ], [ -99.60661556923074, 20.23837253846154 ], [ -99.606663953846095, 20.238507907692316 ], [ -99.606664661538431, 20.238688630769236 ], [ -99.606646107692271, 20.238842307692316 ], [ -99.606532307692277, 20.239122815384604 ], [ -99.606417846153789, 20.239231646153847 ], [ -99.606351046153833, 20.239286092307694 ], [ -99.606226969230747, 20.239385923076888 ], [ -99.606301492307637, 20.238852538461554 ] ] ] ] } },
{ "type": "Feature", "properties": { "IDBD": 167242, "FC": 6291, "CONDICION": "CUERPO DE AGUA INTERMITENTE" }, "geometry": { "type": "MultiPolygon", "coordinates": [ [ [ [ -99.595098830769203, 20.238529446153876 ], [ -99.595327599999976, 20.23826661538461 ], [ -99.595604661538431, 20.238112061538441 ], [ -99.596187276923033, 20.237748646153868 ], [ -99.59633070769226, 20.237702969230774 ], [ -99.596579338461524, 20.237629846153872 ], [ -99.5966660615384, 20.237774123076917 ], [ -99.596695015384583, 20.237837276923106 ], [ -99.596781461538427, 20.237909276923105 ], [ -99.596877369230725, 20.237954123076946 ], [ -99.596935153846132, 20.238044292307674 ], [ -99.596964184615345, 20.238125523076921 ], [ -99.596974, 20.238188738461531 ], [ -99.596964876923053, 20.238306230769183 ], [ -99.596840907692297, 20.238433169230738 ], [ -99.5965156, 20.238488492307706 ], [ -99.596391246153829, 20.238516015384604 ], [ -99.596276461538451, 20.238543507692338 ], [ -99.596161584615373, 20.238543907692353 ], [ -99.595989184615362, 20.238526415384566 ], [ -99.595673323076909, 20.238545569230784 ], [ -99.595567984615357, 20.238536876923074 ], [ -99.59534778461537, 20.238537630769233 ], [ -99.595098830769203, 20.238529446153876 ] ] ] ] } },
{ "type": "Feature", "properties": { "IDBD": 167253, "FC": 6291, "CONDICION": "CUERPO DE AGUA INTERMITENTE" }, "geometry": { "type": "MultiPolygon", "coordinates": [ [ [ [ -99.522300261538419, 20.236086523076953 ], [ -99.522414538461518, 20.235905446153872 ], [ -99.522585984615375, 20.235642892307709 ], [ -99.522710738461527, 20.23573287692307 ], [ -99.522787430769199, 20.235759769230796 ], [ -99.522902369230721, 20.235777492307637 ], [ -99.523122261538447, 20.235686476923096 ], [ -99.523313307692277, 20.235559400000032 ], [ -99.523514246153795, 20.235522661538464 ], [ -99.523743984615365, 20.235512938461572 ], [ -99.523945107692271, 20.235539446153822 ], [ -99.524156015384591, 20.235620138461528 ], [ -99.524328661538419, 20.23571901538461 ], [ -99.524539676923041, 20.235835861538511 ], [ -99.524779384615371, 20.235943584615377 ], [ -99.524913569230719, 20.235988353846146 ], [ -99.525038553846144, 20.236141599999986 ], [ -99.525163338461468, 20.236240615384624 ], [ -99.525326492307684, 20.236357600000037 ], [ -99.525556984615349, 20.236573784615388 ], [ -99.525681815384601, 20.236681846153861 ], [ -99.525835323076862, 20.236780784615398 ], [ -99.525902676923053, 20.236879969230785 ], [ -99.525941369230736, 20.236997323076881 ], [ -99.525874615384581, 20.237078861538482 ], [ -99.525740461538419, 20.237043107692315 ], [ -99.525654092307676, 20.236980123076965 ], [ -99.525394692307671, 20.236709815384572 ], [ -99.525289015384601, 20.236601692307687 ], [ -99.525154615384594, 20.236493661538429 ], [ -99.525058599999952, 20.236412630769223 ], [ -99.525010646153817, 20.236385661538471 ], [ -99.524895584615379, 20.236331784615395 ], [ -99.524665476923076, 20.236233076923092 ], [ -99.52433, 20.236116615384596 ], [ -99.524032769230715, 20.235981953846157 ], [ -99.523898676923068, 20.235964276923035 ], [ -99.523697676923049, 20.235982953846179 ], [ -99.523430076923063, 20.236119292307723 ], [ -99.52317212307689, 20.236282707692286 ], [ -99.52297126153843, 20.236337523076926 ], [ -99.522770184615382, 20.236329092307717 ], [ -99.522540323076896, 20.236302676923081 ], [ -99.522300261538419, 20.236086523076953 ] ] ] ] } },
{ "type": "Feature", "properties": { "IDBD": 167258, "FC": 6291, "CONDICION": "CUERPO DE AGUA INTERMITENTE" }, "geometry": { "type": "MultiPolygon", "coordinates": [ [ [ [ -99.547912584615361, 20.236785523076946 ], [ -99.547961092307659, 20.236966107692332 ], [ -99.547961246153832, 20.237011276923091 ], [ -99.547951984615366, 20.237101676923071 ], [ -99.547875492307682, 20.237129015384607 ], [ -99.547281953846095, 20.23713990769232 ], [ -99.547071323076921, 20.237140569230736 ], [ -99.54696610769227, 20.237168 ], [ -99.546813092307659, 20.237213661538444 ], [ -99.546811030769206, 20.236626307692298 ], [ -99.546887599999977, 20.23661704615386 ], [ -99.547098246153837, 20.23662541538463 ], [ -99.547730015384587, 20.236596338461581 ], [ -99.547854661538437, 20.236650169230764 ], [ -99.547893092307646, 20.236686200000015 ], [ -99.547912584615361, 20.236785523076946 ] ] ] ] } },
{ "type": "Feature", "properties": { "IDBD": 167273, "FC": 6291, "CONDICION": "CUERPO DE AGUA INTERMITENTE" }, "geometry": { "type": "MultiPolygon", "coordinates": [ [ [ [ -99.573328199999963, 20.236017600000011 ], [ -99.573519476923039, 20.235962753846138 ], [ -99.573864261538432, 20.23599776923076 ], [ -99.574084646153835, 20.236051261538496 ], [ -99.574247661538422, 20.236123015384617 ], [ -99.57437249230766, 20.236222015384627 ], [ -99.574564984615364, 20.236501492307717 ], [ -99.574834646153818, 20.236934353846163 ], [ -99.574700815384588, 20.236989 ], [ -99.574604815384589, 20.236917030769245 ], [ -99.574547138461526, 20.236853969230758 ], [ -99.574220538461503, 20.236556846153871 ], [ -99.574105353846136, 20.236475892307709 ], [ -99.573951707692316, 20.236349892307704 ], [ -99.573817523076897, 20.236305153846196 ], [ -99.573616369230706, 20.236278707692293 ], [ -99.573491907692286, 20.236279107692312 ], [ -99.573376969230722, 20.236261415384607 ], [ -99.573290507692292, 20.236180369230784 ], [ -99.573328199999963, 20.236017600000011 ] ] ] ] } },
{ "type": "Feature", "properties": { "IDBD": 167289, "FC": 6291, "CONDICION": "CUERPO DE AGUA INTERMITENTE" }, "geometry": { "type": "MultiPolygon", "coordinates": [ [ [ [ -99.557796323076929, 20.235100784615383 ], [ -99.557557553846124, 20.235264199999989 ], [ -99.556850584615347, 20.235682092307705 ], [ -99.556783246153799, 20.235591953846146 ], [ -99.556734907692274, 20.235456569230784 ], [ -99.556705599999987, 20.235294 ], [ -99.556733461538428, 20.235049938461554 ], [ -99.556809692307667, 20.234950307692294 ], [ -99.556924276923056, 20.234868615384599 ], [ -99.557048446153786, 20.234786892307721 ], [ -99.557211076923068, 20.234750230769201 ], [ -99.557335553846116, 20.234758876923092 ], [ -99.557498507692259, 20.234812569230758 ], [ -99.55764246153845, 20.234911507692317 ], [ -99.557796323076929, 20.235100784615383 ] ] ] ] } },
{ "type": "Feature", "properties": { "IDBD": 167363, "FC": 6291, "CONDICION": "CUERPO DE AGUA INTERMITENTE" }, "geometry": { "type": "MultiPolygon", "coordinates": [ [ [ [ -99.562042492307683, 20.231174600000024 ], [ -99.562052492307657, 20.231292030769254 ], [ -99.562043076923047, 20.231337246153888 ], [ -99.561995630769189, 20.231454861538438 ], [ -99.561957861538446, 20.231599569230731 ], [ -99.56193927692307, 20.231753246153808 ], [ -99.561920707692281, 20.23191595384618 ], [ -99.561873615384556, 20.232132969230779 ], [ -99.561826399999973, 20.232313846153843 ], [ -99.561816984615334, 20.232359046153846 ], [ -99.561769292307673, 20.232404384615396 ], [ -99.561711784615355, 20.232386492307704 ], [ -99.561577492307677, 20.232314630769228 ], [ -99.56141441538459, 20.232224800000012 ], [ -99.561385153846118, 20.23207127692304 ], [ -99.561432107692255, 20.231818123076934 ], [ -99.561621723076911, 20.231302446153805 ], [ -99.561707630769192, 20.231229892307649 ], [ -99.561784076923033, 20.231193492307685 ], [ -99.562042492307683, 20.231174600000024 ] ] ] ] } },
{ "type": "Feature", "properties": { "IDBD": 167369, "FC": 6291, "CONDICION": "CUERPO DE AGUA INTERMITENTE" }, "geometry": { "type": "MultiPolygon", "coordinates": [ [ [ [ -99.504407953846112, 20.230509307692312 ], [ -99.504609092307632, 20.230535846153824 ], [ -99.504743292307651, 20.230589676923081 ], [ -99.50484873846149, 20.230634553846148 ], [ -99.50497324615381, 20.230652261538463 ], [ -99.505174615384576, 20.230751092307667 ], [ -99.505232492307627, 20.230886461538478 ], [ -99.504916753846118, 20.230941584615376 ], [ -99.504715584615369, 20.230906015384612 ], [ -99.504562, 20.230779953846149 ], [ -99.504475492307662, 20.230671769230803 ], [ -99.504407953846112, 20.230509307692312 ] ] ] ] } },
{ "type": "Feature", "properties": { "IDBD": 167370, "FC": 6291, "CONDICION": "CUERPO DE AGUA INTERMITENTE" }, "geometry": { "type": "MultiPolygon", "coordinates": [ [ [ [ -99.597622553846136, 20.230026953846149 ], [ -99.597507984615333, 20.230108676923098 ], [ -99.59747936923074, 20.230135876923029 ], [ -99.597307538461521, 20.230262969230793 ], [ -99.597259769230732, 20.230290230769228 ], [ -99.59720246153843, 20.230326569230741 ], [ -99.597097261538437, 20.230354046153817 ], [ -99.59699219999996, 20.230417646153853 ], [ -99.596925430769176, 20.230481138461521 ], [ -99.595655630769201, 20.23138904615384 ], [ -99.595512692307693, 20.231561215384655 ], [ -99.595436476923055, 20.231660876923094 ], [ -99.59536998461536, 20.231796646153846 ], [ -99.595303799999968, 20.232013738461557 ], [ -99.595256307692267, 20.232113292307702 ], [ -99.595180061538429, 20.232203907692323 ], [ -99.595055876923041, 20.23227661538461 ], [ -99.59489233846152, 20.232069353846114 ], [ -99.594747261538458, 20.23168129230767 ], [ -99.594660415384595, 20.231500861538468 ], [ -99.594668553846134, 20.231121323076906 ], [ -99.594734630769196, 20.230877123076915 ], [ -99.594867738461531, 20.230632692307712 ], [ -99.595469676923031, 20.230323430769275 ], [ -99.596272492307676, 20.229968292307667 ], [ -99.596473384615379, 20.229931461538502 ], [ -99.596846769230751, 20.229939230769265 ], [ -99.597622553846136, 20.230026953846149 ] ] ] ] } },
{ "type": "Feature", "properties": { "IDBD": 167374, "FC": 6291, "CONDICION": "CUERPO DE AGUA INTERMITENTE" }, "geometry": { "type": "MultiPolygon", "coordinates": [ [ [ [ -99.559793892307653, 20.23149804615387 ], [ -99.559745276923039, 20.231290369230766 ], [ -99.55982129230766, 20.231127476923064 ], [ -99.560002246153829, 20.23086486153845 ], [ -99.56031709230767, 20.230565661538488 ], [ -99.560508338461503, 20.230501800000031 ], [ -99.560652, 20.230519415384581 ], [ -99.560614123076903, 20.230637 ], [ -99.560547507692277, 20.230745646153853 ], [ -99.560442784615375, 20.230908630769218 ], [ -99.560299923076897, 20.231116923076904 ], [ -99.559965861538444, 20.231398107692339 ], [ -99.559793892307653, 20.23149804615387 ] ] ] ] } },
{ "type": "Feature", "properties": { "IDBD": 167400, "FC": 6291, "CONDICION": "CUERPO DE AGUA INTERMITENTE" }, "geometry": { "type": "MultiPolygon", "coordinates": [ [ [ [ -99.557817753846123, 20.230374830769229 ], [ -99.557855169230749, 20.230130723076929 ], [ -99.557874092307685, 20.230067415384624 ], [ -99.557902584615377, 20.23000407692308 ], [ -99.557978923076888, 20.229931538461564 ], [ -99.558074399999967, 20.229858953846154 ], [ -99.558322969230758, 20.22976780000003 ], [ -99.558542876923028, 20.229685769230784 ], [ -99.558734199999989, 20.229649015384616 ], [ -99.558906692307673, 20.229693646153876 ], [ -99.559108138461497, 20.229810476923053 ], [ -99.55902253846152, 20.229964369230728 ], [ -99.558926892307667, 20.229991784615411 ], [ -99.558783430769211, 20.230028384615373 ], [ -99.558620938461473, 20.230101184615382 ], [ -99.558429707692326, 20.230165046153875 ], [ -99.558190784615348, 20.23028327692311 ], [ -99.558009215384629, 20.230374215384614 ], [ -99.557817753846123, 20.230374830769229 ] ] ] ] } },
{ "type": "Feature", "properties": { "IDBD": 167408, "FC": 6291, "CONDICION": "CUERPO DE AGUA INTERMITENTE" }, "geometry": { "type": "MultiPolygon", "coordinates": [ [ [ [ -99.525376538461529, 20.228459846153847 ], [ -99.525443769230748, 20.228522907692323 ], [ -99.525559107692274, 20.228658107692315 ], [ -99.525664738461501, 20.228757184615379 ], [ -99.525722476923079, 20.228847369230746 ], [ -99.525741846153792, 20.228910569230781 ], [ -99.525770892307648, 20.229009876923101 ], [ -99.525771230769209, 20.229109276923083 ], [ -99.525761969230729, 20.229199661538441 ], [ -99.525733599999981, 20.229308184615373 ], [ -99.525705153846133, 20.229389600000026 ], [ -99.52558110769229, 20.22950743076921 ], [ -99.525504523076904, 20.229507661538403 ], [ -99.525399, 20.22944472307692 ], [ -99.525350861538456, 20.229363538461545 ], [ -99.525197384615325, 20.229273646153835 ], [ -99.524784692307676, 20.228967646153848 ], [ -99.524631261538445, 20.228886784615419 ], [ -99.525061230769182, 20.228641523076945 ], [ -99.525376538461529, 20.228459846153847 ] ] ] ] } },
{ "type": "Feature", "properties": { "IDBD": 167419, "FC": 6291, "CONDICION": "CUERPO DE AGUA INTERMITENTE" }, "geometry": { "type": "MultiPolygon", "coordinates": [ [ [ [ -99.552355707692271, 20.228901138461516 ], [ -99.552470384615376, 20.228846553846157 ], [ -99.552585369230741, 20.228873307692318 ], [ -99.552671646153811, 20.228909169230764 ], [ -99.552719646153818, 20.228945169230784 ], [ -99.552786938461495, 20.229026276923047 ], [ -99.552844676923044, 20.229107430769247 ], [ -99.552921799999964, 20.2292608 ], [ -99.552979907692276, 20.229450369230769 ], [ -99.5528750153846, 20.229568169230749 ], [ -99.552355707692271, 20.228901138461516 ] ] ] ] } },
{ "type": "Feature", "properties": { "IDBD": 167430, "FC": 6291, "CONDICION": "CUERPO DE AGUA INTERMITENTE" }, "geometry": { "type": "MultiPolygon", "coordinates": [ [ [ [ -99.505326584615332, 20.227416292307677 ], [ -99.505422846153806, 20.227578676923045 ], [ -99.505404230769187, 20.227741369230781 ], [ -99.5054430153846, 20.227894876923074 ], [ -99.505510323076891, 20.227985046153893 ], [ -99.505548784615343, 20.228039153846122 ], [ -99.505549369230735, 20.228219876923092 ], [ -99.505405599999989, 20.228166076923095 ], [ -99.505194584615367, 20.228040169230798 ], [ -99.505136784615388, 20.227931907692334 ], [ -99.505145830769195, 20.227769230769212 ], [ -99.505193230769194, 20.227624507692312 ], [ -99.505326584615332, 20.227416292307677 ] ] ] ] } },
{ "type": "Feature", "properties": { "IDBD": 167510, "FC": 6291, "CONDICION": "CUERPO DE AGUA INTERMITENTE" }, "geometry": { "type": "MultiPolygon", "coordinates": [ [ [ [ -99.569347353846112, 20.226000476923065 ], [ -99.568900384615361, 20.224185661538474 ], [ -99.568822553846132, 20.223842538461504 ], [ -99.568956338461504, 20.223778861538456 ], [ -99.569013723076893, 20.2237606 ], [ -99.5690520461538, 20.223769507692285 ], [ -99.569080799999981, 20.223778446153833 ], [ -99.569138492307687, 20.223850553846116 ], [ -99.569186615384567, 20.223922692307678 ], [ -99.569292184615378, 20.223994630769244 ], [ -99.569368861538464, 20.224021492307703 ], [ -99.569464599999975, 20.224021184615385 ], [ -99.569598353846132, 20.223948461538445 ], [ -99.569961369230754, 20.223739446153836 ], [ -99.570190353846144, 20.223530876923071 ], [ -99.570257169230743, 20.223476446153818 ], [ -99.570333492307654, 20.223403907692319 ], [ -99.570400399999968, 20.223376584615359 ], [ -99.570505630769219, 20.223358169230771 ], [ -99.570563, 20.223339907692324 ], [ -99.570773615384581, 20.22333923076922 ], [ -99.570840723076884, 20.223366107692296 ], [ -99.570898261538446, 20.223393030769255 ], [ -99.570946246153838, 20.223429030769264 ], [ -99.57109039999996, 20.223582169230742 ], [ -99.571128892307669, 20.22363626153847 ], [ -99.571206169230734, 20.223825769230789 ], [ -99.571302892307671, 20.224096538461549 ], [ -99.571341476923081, 20.224177738461506 ], [ -99.571360923076909, 20.224259 ], [ -99.571370923076913, 20.224376430769226 ], [ -99.571352338461523, 20.224530107692331 ], [ -99.571314538461522, 20.224665769230771 ], [ -99.571267076923036, 20.224774353846168 ], [ -99.571219430769204, 20.224837769230774 ], [ -99.57110512307689, 20.224991753846162 ], [ -99.571028769230765, 20.22505526153844 ], [ -99.570837907692265, 20.225218523076922 ], [ -99.570665923076902, 20.225309446153837 ], [ -99.570465276923059, 20.22541853846154 ], [ -99.57005416923073, 20.22556444615385 ], [ -99.569709846153842, 20.225646892307662 ], [ -99.569633261538442, 20.225647138461557 ], [ -99.569643353846118, 20.225791676923077 ], [ -99.569538615384587, 20.225945630769235 ], [ -99.569347353846112, 20.226000476923065 ] ] ] ] } },
{ "type": "Feature", "properties": { "IDBD": 167525, "FC": 6292, "CONDICION": "CUERPO DE AGUA PERENNE" }, "geometry": { "type": "MultiPolygon", "coordinates": [ [ [ [ -99.564717, 20.22419012307693 ], [ -99.564755446153811, 20.224235184615395 ], [ -99.564803892307651, 20.22439767692304 ], [ -99.565101246153816, 20.224559369230764 ], [ -99.565235523076907, 20.224631230769237 ], [ -99.565369969230758, 20.224748261538444 ], [ -99.565284015384563, 20.224802769230763 ], [ -99.565197923076909, 20.224821107692307 ], [ -99.565082892307686, 20.224776307692313 ], [ -99.564871861538435, 20.224659507692273 ], [ -99.564660861538414, 20.224551753846146 ], [ -99.564402261538419, 20.224516446153874 ], [ -99.563808938461506, 20.22457256923078 ], [ -99.563349661538439, 20.224637292307705 ], [ -99.562708892307668, 20.224811030769253 ], [ -99.562316953846093, 20.224965907692329 ], [ -99.562020876923029, 20.225156615384641 ], [ -99.561657784615392, 20.225347538461541 ], [ -99.561474246153836, 20.224887276923074 ], [ -99.561386369230746, 20.224408646153861 ], [ -99.561337753846104, 20.224200969230779 ], [ -99.56123943076922, 20.223478384615429 ], [ -99.561842323076874, 20.223422246153852 ], [ -99.56282843076923, 20.22344619999998 ], [ -99.563384046153814, 20.223552846153861 ], [ -99.563729446153815, 20.2237686 ], [ -99.564007323076908, 20.22384 ], [ -99.564294615384568, 20.223866184615407 ], [ -99.564591892307647, 20.224009815384612 ], [ -99.564717, 20.22419012307693 ] ] ] ] } },
{ "type": "Feature", "properties": { "IDBD": 167527, "FC": 6291, "CONDICION": "CUERPO DE AGUA INTERMITENTE" }, "geometry": { "type": "MultiPolygon", "coordinates": [ [ [ [ -99.580514492307671, 20.224735 ], [ -99.580668292307649, 20.224906169230774 ], [ -99.580745538461528, 20.225086630769265 ], [ -99.580613338461475, 20.225575030769186 ], [ -99.580450153846144, 20.225458092307704 ], [ -99.580258230769218, 20.225332230769222 ], [ -99.580248415384574, 20.225269 ], [ -99.580286107692302, 20.225106230769228 ], [ -99.580276199999986, 20.22501590769232 ], [ -99.580285369230751, 20.224907430769221 ], [ -99.580514492307671, 20.224735 ] ] ] ] } },
{ "type": "Feature", "properties": { "IDBD": 167562, "FC": 6291, "CONDICION": "CUERPO DE AGUA INTERMITENTE" }, "geometry": { "type": "MultiPolygon", "coordinates": [ [ [ [ -99.541242446153817, 20.223767076923071 ], [ -99.541298692307663, 20.223423523076903 ], [ -99.541317676923057, 20.223378292307679 ], [ -99.541422615384604, 20.223269523076944 ], [ -99.541537230769165, 20.22319689230768 ], [ -99.541728569230742, 20.223160153846138 ], [ -99.541891430769198, 20.223195799999981 ], [ -99.541958723076917, 20.223276907692302 ], [ -99.542035553846091, 20.223348969230731 ], [ -99.541768199999964, 20.223548584615369 ], [ -99.541242446153817, 20.223767076923071 ] ] ] ] } },
{ "type": "Feature", "properties": { "IDBD": 167564, "FC": 6291, "CONDICION": "CUERPO DE AGUA INTERMITENTE" }, "geometry": { "type": "MultiPolygon", "coordinates": [ [ [ [ -99.510719492307658, 20.222512107692349 ], [ -99.511169446153787, 20.222519846153823 ], [ -99.51183, 20.222526953846167 ], [ -99.511753953846139, 20.222689830769237 ], [ -99.51169683076921, 20.222789384615393 ], [ -99.511639692307682, 20.222879923076928 ], [ -99.511611307692277, 20.222979399999989 ], [ -99.511582738461499, 20.223024661538471 ], [ -99.511468092307652, 20.223097292307678 ], [ -99.511276984615364, 20.223206276923122 ], [ -99.511152569230745, 20.223215676923108 ], [ -99.511094984615355, 20.223170661538479 ], [ -99.511046938461519, 20.223116584615386 ], [ -99.51102755384612, 20.223044353846149 ], [ -99.510950569230744, 20.222918076923108 ], [ -99.510902461538421, 20.222845923076921 ], [ -99.510835276923032, 20.222791892307722 ], [ -99.510787323076883, 20.222764923076895 ], [ -99.510758461538416, 20.222719830769243 ], [ -99.51071992307692, 20.222647661538453 ], [ -99.510719492307658, 20.222512107692349 ] ] ] ] } },
{ "type": "Feature", "properties": { "IDBD": 167583, "FC": 6291, "CONDICION": "CUERPO DE AGUA INTERMITENTE" }, "geometry": { "type": "MultiPolygon", "coordinates": [ [ [ [ -99.584390538461506, 20.219336615384602 ], [ -99.584448076923067, 20.219363538461543 ], [ -99.584774092307654, 20.219507030769226 ], [ -99.586116553846111, 20.220117015384648 ], [ -99.586806907692278, 20.220412892307703 ], [ -99.586979815384581, 20.220574969230782 ], [ -99.586903846153817, 20.220737876923071 ], [ -99.586865830769185, 20.220810292307721 ], [ -99.586827646153836, 20.220837523076888 ], [ -99.586779907692247, 20.220873830769232 ], [ -99.58671296923076, 20.220892123076933 ], [ -99.586646092307689, 20.220928492307692 ], [ -99.586607938461512, 20.220964753846161 ], [ -99.586541230769171, 20.221046307692319 ], [ -99.586446092307654, 20.221200246153852 ], [ -99.586227230769225, 20.221553384615362 ], [ -99.586122707692297, 20.221761553846168 ], [ -99.586046738461519, 20.221924461538439 ], [ -99.585989707692306, 20.222033092307669 ], [ -99.585846492307695, 20.222132953846184 ], [ -99.585493384615333, 20.222423292307706 ], [ -99.585159523076896, 20.222740676923113 ], [ -99.584978138461537, 20.222876815384623 ], [ -99.584605446153802, 20.223049738461526 ], [ -99.584328107692244, 20.223122953846147 ], [ -99.584251723076903, 20.223177430769205 ], [ -99.584013415384575, 20.223449307692334 ], [ -99.583755584615346, 20.223621846153833 ], [ -99.583669507692292, 20.2236402 ], [ -99.583640707692282, 20.223622230769227 ], [ -99.583640338461493, 20.223522830769266 ], [ -99.583726061538442, 20.223405076923072 ], [ -99.583783, 20.223269338461577 ], [ -99.583811276923072, 20.2231517846154 ], [ -99.583838169230745, 20.222663738461513 ], [ -99.583809184615333, 20.222591553846115 ], [ -99.583780369230738, 20.22256453846153 ], [ -99.583751707692301, 20.222582707692318 ], [ -99.583656292307637, 20.222664353846177 ], [ -99.583437061538433, 20.222918092307708 ], [ -99.583303738461524, 20.223108292307682 ], [ -99.583227738461488, 20.223262153846164 ], [ -99.583180107692257, 20.223325569230788 ], [ -99.583036984615319, 20.223452538461537 ], [ -99.582931953846142, 20.223525184615387 ], [ -99.582893692307664, 20.223534353846158 ], [ -99.582864907692269, 20.223516369230783 ], [ -99.582835984615343, 20.223462246153847 ], [ -99.582778353846109, 20.223408230769248 ], [ -99.582787353846157, 20.223254584615383 ], [ -99.582814953846125, 20.222956292307661 ], [ -99.58285250769228, 20.222757384615349 ], [ -99.582851799999986, 20.222567615384627 ], [ -99.582889584615344, 20.222431953846147 ], [ -99.582956061538411, 20.222287153846104 ], [ -99.583079523076904, 20.222024707692313 ], [ -99.58309836923074, 20.221943307692257 ], [ -99.583164815384592, 20.221789476923075 ], [ -99.583220969230752, 20.221445923076896 ], [ -99.58328730769226, 20.221264984615377 ], [ -99.583573369230763, 20.22096583076927 ], [ -99.583859907692272, 20.220793200000049 ], [ -99.584117892307674, 20.220665830769246 ], [ -99.584270830769213, 20.220602076923079 ], [ -99.584347138461524, 20.220529523076923 ], [ -99.58442338461532, 20.220438907692298 ], [ -99.584480246153802, 20.220285107692312 ], [ -99.584489, 20.220068215384558 ], [ -99.584458799999979, 20.219670723076963 ], [ -99.584390538461506, 20.219336615384602 ] ] ] ] } },
{ "type": "Feature", "properties": { "IDBD": 167648, "FC": 6291, "CONDICION": "CUERPO DE AGUA INTERMITENTE" }, "geometry": { "type": "MultiPolygon", "coordinates": [ [ [ [ -99.580174969230754, 20.220949984615395 ], [ -99.580049846153827, 20.220769676923087 ], [ -99.580001646153818, 20.22067947692306 ], [ -99.580039538461492, 20.22057092307691 ], [ -99.580135092307671, 20.220525415384611 ], [ -99.580221123076896, 20.220489 ], [ -99.580326292307674, 20.22045250769234 ], [ -99.580555753846127, 20.220379461538471 ], [ -99.580843076923045, 20.220414646153831 ], [ -99.580824707692273, 20.220622538461551 ], [ -99.580558, 20.22098486153849 ], [ -99.580482123076891, 20.221174876923119 ], [ -99.580299846153807, 20.221067046153856 ], [ -99.580174969230754, 20.220949984615395 ] ] ] ] } },
{ "type": "Feature", "properties": { "IDBD": 167665, "FC": 6291, "CONDICION": "CUERPO DE AGUA INTERMITENTE" }, "geometry": { "type": "MultiPolygon", "coordinates": [ [ [ [ -99.577302153846119, 20.220688369230768 ], [ -99.577511661538466, 20.220389492307682 ], [ -99.577606815384613, 20.220235569230802 ], [ -99.577702046153803, 20.220099707692306 ], [ -99.577758938461471, 20.219954938461541 ], [ -99.577796861538445, 20.21985543076925 ], [ -99.577844599999935, 20.219819123076952 ], [ -99.577940230769215, 20.219791692307719 ], [ -99.578083815384559, 20.219791230769278 ], [ -99.578380230769213, 20.219699892307666 ], [ -99.578371492307667, 20.219925815384634 ], [ -99.578229307692268, 20.2203058 ], [ -99.578124769230726, 20.220513984615419 ], [ -99.577981415384613, 20.220577707692307 ], [ -99.577302153846119, 20.220688369230768 ] ] ] ] } },
{ "type": "Feature", "properties": { "IDBD": 167697, "FC": 6291, "CONDICION": "CUERPO DE AGUA INTERMITENTE" }, "geometry": { "type": "MultiPolygon", "coordinates": [ [ [ [ -99.489040169230748, 20.214450276923063 ], [ -99.489241199999952, 20.214449723076903 ], [ -99.4893276, 20.214530799999974 ], [ -99.489337707692258, 20.214702461538476 ], [ -99.489328584615365, 20.21484706153846 ], [ -99.489271292307663, 20.214892400000043 ], [ -99.489147, 20.214937938461535 ], [ -99.48898426153842, 20.214938384615412 ], [ -99.48849601538457, 20.21492167692308 ], [ -99.487979184615384, 20.21495021538459 ], [ -99.48753964615382, 20.215204446153852 ], [ -99.487167892307681, 20.215711507692362 ], [ -99.487139307692289, 20.215756769230765 ], [ -99.487091707692301, 20.215838230769254 ], [ -99.487034569230744, 20.215937784615367 ], [ -99.486690892307664, 20.216236938461527 ], [ -99.486547584615352, 20.21632769230774 ], [ -99.486413630769221, 20.216346138461539 ], [ -99.486279492307659, 20.216310369230793 ], [ -99.486145446153827, 20.216301692307695 ], [ -99.486088076923039, 20.216319923076906 ], [ -99.48595430769231, 20.216401630769237 ], [ -99.485887615384598, 20.216501215384614 ], [ -99.485649338461528, 20.216836215384614 ], [ -99.485401538461517, 20.217189307692269 ], [ -99.485277538461503, 20.217334230769225 ], [ -99.485019307692284, 20.217407230769247 ], [ -99.484885261538423, 20.217398569230745 ], [ -99.484511984615352, 20.217417661538487 ], [ -99.484387599999977, 20.217436076923043 ], [ -99.484244292307679, 20.217526846153856 ], [ -99.484158553846129, 20.21766261538459 ], [ -99.483939, 20.21786201538465 ], [ -99.483805184615392, 20.217925646153883 ], [ -99.483680953846118, 20.217998276923108 ], [ -99.483508753846124, 20.218034892307696 ], [ -99.483364953846092, 20.217963 ], [ -99.483326292307652, 20.217845630769244 ], [ -99.483363861538407, 20.217610584615365 ], [ -99.483382507692284, 20.217447892307689 ], [ -99.483401138461517, 20.217285184615395 ], [ -99.483552553846138, 20.21671549230771 ], [ -99.483676661538397, 20.216606707692328 ], [ -99.48375321538461, 20.216597461538498 ], [ -99.483791523076889, 20.216606399999986 ], [ -99.483944861538433, 20.216660184615382 ], [ -99.484059892307684, 20.216714092307683 ], [ -99.484184369230775, 20.216722784615381 ], [ -99.484404338461516, 20.216658923076917 ], [ -99.484758107692258, 20.216522399999977 ], [ -99.485025461538456, 20.216304800000017 ], [ -99.485416307692276, 20.215779615384616 ], [ -99.485606753846113, 20.215453784615384 ], [ -99.485854323076921, 20.215028400000026 ], [ -99.486197415384609, 20.214539492307708 ], [ -99.486626092307702, 20.213869630769228 ], [ -99.487344030769222, 20.213867630769229 ], [ -99.487631676923073, 20.214020446153853 ], [ -99.487880923076872, 20.214137230769222 ], [ -99.488341015384592, 20.214334753846121 ], [ -99.489040169230748, 20.214450276923063 ] ] ] ] } },
{ "type": "Feature", "properties": { "IDBD": 167772, "FC": 6291, "CONDICION": "CUERPO DE AGUA INTERMITENTE" }, "geometry": { "type": "MultiPolygon", "coordinates": [ [ [ [ -99.561923938461518, 20.216825615384611 ], [ -99.562484338461516, 20.215603938461545 ], [ -99.564468030769191, 20.216212030769249 ], [ -99.564009338461503, 20.216430369230753 ], [ -99.562832799999981, 20.216678123076946 ], [ -99.562182307692282, 20.216797676923044 ], [ -99.561923938461518, 20.216825615384611 ] ] ] ] } },
{ "type": "Feature", "properties": { "IDBD": 167832, "FC": 6291, "CONDICION": "CUERPO DE AGUA INTERMITENTE" }, "geometry": { "type": "MultiPolygon", "coordinates": [ [ [ [ -99.580564784615348, 20.212490892307692 ], [ -99.580881169230778, 20.212625399999961 ], [ -99.580919492307657, 20.212634307692305 ], [ -99.58103463076921, 20.212706215384593 ], [ -99.581130646153809, 20.21278721538463 ], [ -99.581178676923045, 20.21283224615388 ], [ -99.581217307692285, 20.212922476923048 ], [ -99.581275107692306, 20.213021676923045 ], [ -99.581380799999977, 20.213129769230747 ], [ -99.581409584615358, 20.213147738461526 ], [ -99.581467261538421, 20.2132108 ], [ -99.581515523076916, 20.213319076923085 ], [ -99.581487246153813, 20.213436646153859 ], [ -99.581439646153811, 20.213509092307703 ], [ -99.581382523076925, 20.213590599999986 ], [ -99.581277861538425, 20.213762630769253 ], [ -99.58123030769228, 20.213844123076917 ], [ -99.581192876923026, 20.21407918461539 ], [ -99.580564784615348, 20.212490892307692 ] ] ] ] } },
{ "type": "Feature", "properties": { "IDBD": 167868, "FC": 6291, "CONDICION": "CUERPO DE AGUA INTERMITENTE" }, "geometry": { "type": "MultiPolygon", "coordinates": [ [ [ [ -99.594082630769222, 20.212960769230811 ], [ -99.594020123076888, 20.211623630769221 ], [ -99.594154399999979, 20.211695461538422 ], [ -99.594212184615344, 20.211785630769196 ], [ -99.594241030769197, 20.211821676923034 ], [ -99.594308446153818, 20.211929876923108 ], [ -99.594366399999984, 20.212065230769255 ], [ -99.594376384615387, 20.212173630769222 ], [ -99.594376830769193, 20.212291092307716 ], [ -99.594348523076903, 20.212399630769234 ], [ -99.594291676923078, 20.212553430769276 ], [ -99.594215784615358, 20.21273441538461 ], [ -99.594082630769222, 20.212960769230811 ] ] ] ] } },
{ "type": "Feature", "properties": { "IDBD": 167885, "FC": 6291, "CONDICION": "CUERPO DE AGUA INTERMITENTE" }, "geometry": { "type": "MultiPolygon", "coordinates": [ [ [ [ -99.592030184615368, 20.211910461538434 ], [ -99.592106307692305, 20.21179273846154 ], [ -99.592144507692254, 20.211765507692277 ], [ -99.592278446153784, 20.211746984615402 ], [ -99.592422092307672, 20.211764569230759 ], [ -99.592537123076895, 20.211809353846174 ], [ -99.592671476923059, 20.211899261538463 ], [ -99.593141738461526, 20.212222984615384 ], [ -99.593209476923064, 20.212412507692303 ], [ -99.592874369230742, 20.21239556923075 ], [ -99.592577430769211, 20.212342353846164 ], [ -99.592164707692248, 20.212045553846124 ], [ -99.592030184615368, 20.211910461538434 ] ] ] ] } },
{ "type": "Feature", "properties": { "IDBD": 167895, "FC": 6292, "CONDICION": "CUERPO DE AGUA PERENNE" }, "geometry": { "type": "MultiPolygon", "coordinates": [ [ [ [ -99.52749493846153, 20.203694384615385 ], [ -99.527485846153795, 20.203838984615388 ], [ -99.527438199999978, 20.2039023846154 ], [ -99.527352415384598, 20.204011076923031 ], [ -99.527314384615337, 20.204083476923088 ], [ -99.527286030769176, 20.204192 ], [ -99.527257738461486, 20.2043185846154 ], [ -99.52730596923071, 20.204426876923097 ], [ -99.527382630769196, 20.204453753846195 ], [ -99.527497399999973, 20.204426307692302 ], [ -99.527650246153826, 20.204335492307706 ], [ -99.52775532307686, 20.204271923076892 ], [ -99.527908276923057, 20.204217246153792 ], [ -99.528032538461503, 20.204162646153886 ], [ -99.528175861538429, 20.204089923076914 ], [ -99.528261861538454, 20.204044492307691 ], [ -99.528472246153825, 20.203989646153833 ], [ -99.528539015384567, 20.203917153846191 ], [ -99.528615307692291, 20.203835600000019 ], [ -99.528682061538433, 20.203763107692264 ], [ -99.52871050769231, 20.203681692307658 ], [ -99.528729384615346, 20.203600307692277 ], [ -99.528805769230729, 20.203545861538473 ], [ -99.5288536, 20.2035366769231 ], [ -99.528958830769227, 20.203518292307699 ], [ -99.529293738461533, 20.203490184615401 ], [ -99.529475723076885, 20.20352576923074 ], [ -99.52961952307686, 20.203588600000014 ], [ -99.529782569230747, 20.203687507692329 ], [ -99.529926599999968, 20.20382261538462 ], [ -99.530013307692258, 20.203985 ], [ -99.530099876923032, 20.204111246153854 ], [ -99.53020489230768, 20.204029600000037 ], [ -99.530290692307659, 20.203929938461506 ], [ -99.530319138461508, 20.203848538461571 ], [ -99.530347646153814, 20.2037852 ], [ -99.530433323076863, 20.203649400000014 ], [ -99.530538030769208, 20.203477384615386 ], [ -99.530662123076908, 20.203377615384635 ], [ -99.530815, 20.203295830769232 ], [ -99.530891261538457, 20.203205230769225 ], [ -99.530929215384575, 20.203105723076938 ], [ -99.530957538461507, 20.202988169230764 ], [ -99.531043399999973, 20.202906584615398 ], [ -99.531330399999987, 20.20286053846155 ], [ -99.531473938461502, 20.202851061538443 ], [ -99.531607984615377, 20.20285969230774 ], [ -99.531819107692272, 20.203021707692336 ], [ -99.531953292307691, 20.20307552307689 ], [ -99.532164215384611, 20.203174276923093 ], [ -99.532269707692308, 20.203237215384611 ], [ -99.532298615384562, 20.203291338461593 ], [ -99.532394569230746, 20.203363338461568 ], [ -99.532480753846116, 20.20337212307696 ], [ -99.532595461538449, 20.20332658461535 ], [ -99.532643276923054, 20.2033174 ], [ -99.532672215384579, 20.20338056923076 ], [ -99.532481399999952, 20.203561876923068 ], [ -99.532405399999959, 20.203733784615384 ], [ -99.532347907692269, 20.203715892307695 ], [ -99.532290323076921, 20.203670892307692 ], [ -99.532242384615344, 20.203643923076942 ], [ -99.532098646153798, 20.203599184615392 ], [ -99.532022076923042, 20.20359941538457 ], [ -99.531888230769198, 20.203645 ], [ -99.531677984615357, 20.203745030769241 ], [ -99.531611138461514, 20.203790415384649 ], [ -99.531534784615346, 20.203853892307713 ], [ -99.531487199999944, 20.203935369230802 ], [ -99.531449215384569, 20.204025846153851 ], [ -99.531391907692282, 20.20406216923076 ], [ -99.53133472307691, 20.204134630769264 ], [ -99.531315861538417, 20.204216 ], [ -99.531287323076924, 20.20427030769229 ], [ -99.531182369230763, 20.204370030769248 ], [ -99.531163353846125, 20.204406230769241 ], [ -99.531192246153822, 20.204460353846148 ], [ -99.531288061538447, 20.204487169230788 ], [ -99.531431630769191, 20.204486738461597 ], [ -99.53147955384614, 20.204504676923101 ], [ -99.531565953846112, 20.204576692307665 ], [ -99.531642769230729, 20.204648753846143 ], [ -99.531681292307653, 20.204720923076916 ], [ -99.531921353846116, 20.204946107692312 ], [ -99.532036523076911, 20.205036123076905 ], [ -99.532171061538421, 20.205189323076933 ], [ -99.532334138461493, 20.205297261538451 ], [ -99.532401369230755, 20.205360323076945 ], [ -99.532516507692264, 20.205441292307714 ], [ -99.532756476923083, 20.205639353846127 ], [ -99.532948338461495, 20.205765292307706 ], [ -99.533063538461491, 20.205864338461559 ], [ -99.5332074, 20.205945230769231 ], [ -99.533360538461523, 20.205944753846151 ], [ -99.533542476923074, 20.20596227692306 ], [ -99.533647876923041, 20.205998107692324 ], [ -99.533753415384581, 20.206070076923059 ], [ -99.533868646153834, 20.206178153846142 ], [ -99.534022138461509, 20.206277092307651 ], [ -99.534070061538458, 20.206295015384605 ], [ -99.534165969230756, 20.206348938461566 ], [ -99.53427129230765, 20.206357661538458 ], [ -99.534386276923044, 20.206393446153868 ], [ -99.534501630769185, 20.206537676923094 ], [ -99.534320046153823, 20.206619553846174 ], [ -99.534157599999972, 20.20670136923075 ], [ -99.533898323076897, 20.206458184615389 ], [ -99.533821476923066, 20.206377092307644 ], [ -99.533725507692282, 20.206305092307709 ], [ -99.533600861538432, 20.206242230769242 ], [ -99.533466630769226, 20.206179384615417 ], [ -99.533380461538457, 20.2061706 ], [ -99.533121799999947, 20.206108138461513 ], [ -99.532815046153814, 20.20597352307696 ], [ -99.532488769230739, 20.205730538461545 ], [ -99.532287199999971, 20.205568492307702 ], [ -99.532191215384614, 20.205487461538468 ], [ -99.531951369230768, 20.205325538461551 ], [ -99.531826569230745, 20.205217476923057 ], [ -99.531701846153823, 20.205136523076931 ], [ -99.53164427692306, 20.205091523076934 ], [ -99.531577138461529, 20.205055584615415 ], [ -99.53146218461535, 20.205028815384591 ], [ -99.531385615384565, 20.205029046153861 ], [ -99.531194307692303, 20.205065769230792 ], [ -99.531050784615374, 20.205084276923049 ], [ -99.53090715384613, 20.205066646153867 ], [ -99.530792169230736, 20.205030846153821 ], [ -99.53071536923072, 20.204967830769228 ], [ -99.530638646153832, 20.20492287692306 ], [ -99.530561984615332, 20.204896 ], [ -99.530504584615343, 20.2049052 ], [ -99.530428153846103, 20.204950615384647 ], [ -99.530332692307709, 20.2050232 ], [ -99.530246753846143, 20.205086707692324 ], [ -99.530151215384606, 20.205141215384593 ], [ -99.529940830769192, 20.205196061538469 ], [ -99.529826184615359, 20.205259661538449 ], [ -99.529720984615366, 20.205287092307696 ], [ -99.529501138461484, 20.20537812307694 ], [ -99.529376815384566, 20.205414630769202 ], [ -99.529300492307655, 20.205487153846168 ], [ -99.529291261538432, 20.205586584615396 ], [ -99.529291507692264, 20.205658861538499 ], [ -99.529321230769199, 20.205956969230762 ], [ -99.529321769230734, 20.206119615384615 ], [ -99.529331830769195, 20.206264169230788 ], [ -99.529303523076862, 20.206381723076902 ], [ -99.52922733846151, 20.206499430769234 ], [ -99.529179846153838, 20.206608 ], [ -99.529122876923026, 20.206743723076936 ], [ -99.529075292307652, 20.206825184615418 ], [ -99.528989415384586, 20.206906769230766 ], [ -99.528702799999962, 20.207070292307698 ], [ -99.528588215384588, 20.207151953846168 ], [ -99.528406538461525, 20.207206723076933 ], [ -99.528339523076895, 20.207206923076928 ], [ -99.528100261538427, 20.207216676923075 ], [ -99.527985369230748, 20.207207984615362 ], [ -99.527889738461539, 20.207235384615366 ], [ -99.527765523076908, 20.207299015384613 ], [ -99.527698692307652, 20.207353430769246 ], [ -99.52766053846149, 20.207389692307711 ], [ -99.527632123076884, 20.207480138461541 ], [ -99.527517415384594, 20.20752566153848 ], [ -99.527354846153813, 20.207571323076905 ], [ -99.526809815384581, 20.207744646153884 ], [ -99.526408369230751, 20.207917538461565 ], [ -99.525987753846138, 20.208081446153891 ], [ -99.52578689230765, 20.208127230769222 ], [ -99.525423461538438, 20.208218676923096 ], [ -99.525165107692288, 20.208246569230742 ], [ -99.524744030769213, 20.208274923076949 ], [ -99.523777276923056, 20.208286846153822 ], [ -99.522255307692276, 20.208282338461572 ], [ -99.521604384615387, 20.208275246153839 ], [ -99.521135415384592, 20.208294707692307 ], [ -99.52092492307689, 20.20832244615384 ], [ -99.520771938461493, 20.208377107692289 ], [ -99.520666769230772, 20.208413569230782 ], [ -99.520571261538436, 20.208477107692303 ], [ -99.520466092307657, 20.208513553846178 ], [ -99.5203225384615, 20.208523015384618 ], [ -99.520207646153807, 20.208514323076944 ], [ -99.520083307692275, 20.2085418 ], [ -99.519863292307647, 20.208587630769227 ], [ -99.519318461538418, 20.208824184615413 ], [ -99.51909870769228, 20.208942307692318 ], [ -99.518993646153831, 20.209014907692296 ], [ -99.518917215384604, 20.209060307692326 ], [ -99.518802446153842, 20.20908775384617 ], [ -99.518716446153832, 20.209133200000029 ], [ -99.5186018461538, 20.209214861538452 ], [ -99.518458723076904, 20.20935083076925 ], [ -99.518286907692286, 20.209495907692293 ], [ -99.518143646153788, 20.209595723076916 ], [ -99.518028938461512, 20.209641246153868 ], [ -99.517895107692283, 20.209695861538435 ], [ -99.517742215384601, 20.209777630769231 ], [ -99.51762756923074, 20.209841230769232 ], [ -99.517532261538449, 20.209968015384604 ], [ -99.517455953846095, 20.210049569230787 ], [ -99.51734123076919, 20.210095092307697 ], [ -99.517083199999973, 20.210222353846177 ], [ -99.517016646153834, 20.210358092307693 ], [ -99.516968969230732, 20.210412446153867 ], [ -99.516892415384575, 20.21042170769234 ], [ -99.516825507692289, 20.210449015384615 ], [ -99.516749276923065, 20.210557676923063 ], [ -99.516653923076859, 20.210666384615397 ], [ -99.51633550769229, 20.20989924615386 ], [ -99.516171461538434, 20.20950213846152 ], [ -99.515679430769211, 20.208328876923094 ], [ -99.515255046153825, 20.207354215384584 ], [ -99.515177846153833, 20.207164676923046 ], [ -99.514936399999982, 20.206514784615404 ], [ -99.514599723076884, 20.206009738461528 ], [ -99.51483890769228, 20.205972892307742 ], [ -99.515059169230753, 20.206008400000023 ], [ -99.515116492307655, 20.205972076923086 ], [ -99.515135538461493, 20.205944923076959 ], [ -99.515269169230763, 20.20582706153845 ], [ -99.515288276923044, 20.205817969230733 ], [ -99.51540307692305, 20.20579955384617 ], [ -99.515575046153813, 20.205699646153821 ], [ -99.515861569230722, 20.205509046153864 ], [ -99.515909138461495, 20.205418553846155 ], [ -99.515946953846125, 20.20527386153848 ], [ -99.516022953846104, 20.205101938461546 ], [ -99.516194892307681, 20.204993 ], [ -99.516261723076894, 20.20493860000002 ], [ -99.516309338461525, 20.204866169230797 ], [ -99.516299523076867, 20.204793907692356 ], [ -99.516327769230742, 20.204649246153856 ], [ -99.516403415384573, 20.20436889230772 ], [ -99.516469969230741, 20.204233153846175 ], [ -99.516469523076879, 20.204097615384587 ], [ -99.516488307692256, 20.203989123076937 ], [ -99.516506984615347, 20.203844492307674 ], [ -99.516487415384603, 20.203718046153853 ], [ -99.516429569230723, 20.203591707692297 ], [ -99.516313969230737, 20.203366138461586 ], [ -99.516188846153838, 20.203158676923113 ], [ -99.516255646153795, 20.203095230769243 ], [ -99.51628423076923, 20.203059 ], [ -99.516351353846133, 20.203094938461533 ], [ -99.516495323076896, 20.203212 ], [ -99.516658307692282, 20.203292846153847 ], [ -99.51686927692306, 20.203409692307734 ], [ -99.516993769230751, 20.2034274 ], [ -99.517089415384604, 20.203409046153848 ], [ -99.517146738461491, 20.203372723076953 ], [ -99.517204076923036, 20.203345446153879 ], [ -99.517290307692264, 20.203372307692312 ], [ -99.517338369230743, 20.203435415384615 ], [ -99.517415215384588, 20.203516523076896 ], [ -99.517625938461521, 20.203561076923091 ], [ -99.517683292307666, 20.2035338 ], [ -99.517750076923065, 20.20347035384615 ], [ -99.517845415384613, 20.203352600000027 ], [ -99.517912261538413, 20.203307215384644 ], [ -99.517979199999985, 20.203288953846162 ], [ -99.518094184615379, 20.203324753846193 ], [ -99.518180446153806, 20.203360646153865 ], [ -99.518209215384573, 20.203378630769269 ], [ -99.518286, 20.203441661538449 ], [ -99.518305153846143, 20.2034416 ], [ -99.518352953846133, 20.203423384615419 ], [ -99.518458199999984, 20.203414046153856 ], [ -99.518525092307641, 20.20337770769229 ], [ -99.518582430769214, 20.203350430769255 ], [ -99.518725938461543, 20.203331923076888 ], [ -99.518764384615352, 20.203377 ], [ -99.518793215384576, 20.203413061538473 ], [ -99.518994215384581, 20.203412461538431 ], [ -99.519051769230728, 20.203448430769217 ], [ -99.519070969230725, 20.203466446153843 ], [ -99.519176630769181, 20.203574569230764 ], [ -99.519320323076911, 20.203610292307726 ], [ -99.519616984615354, 20.203591353846178 ], [ -99.519808184615357, 20.203518492307747 ], [ -99.520027969230753, 20.203409399999959 ], [ -99.520161615384609, 20.203300584615384 ], [ -99.520295015384605, 20.203119461538442 ], [ -99.520428538461502, 20.202974476923114 ], [ -99.520476123076904, 20.202893015384586 ], [ -99.520523661538434, 20.20279347692308 ], [ -99.520552184615354, 20.202739169230796 ], [ -99.520800599999959, 20.202602892307713 ], [ -99.520877092307657, 20.202575569230742 ], [ -99.521020661538444, 20.202575138461537 ], [ -99.52113555384615, 20.202583830769235 ], [ -99.521298476923064, 20.2026466 ], [ -99.521365569230767, 20.202673507692282 ], [ -99.521451923076881, 20.20273650769229 ], [ -99.521519046153841, 20.202772461538437 ], [ -99.521652907692271, 20.202726876923073 ], [ -99.521758015384577, 20.202672353846161 ], [ -99.521930123076885, 20.202617615384597 ], [ -99.521978, 20.20262650769234 ], [ -99.521997446153819, 20.20271681538464 ], [ -99.521978615384583, 20.202807230769206 ], [ -99.522026799999963, 20.202906492307722 ], [ -99.522094184615355, 20.203023753846157 ], [ -99.522132784615351, 20.203114015384639 ], [ -99.522190476923072, 20.203195169230767 ], [ -99.522248092307649, 20.203249215384627 ], [ -99.522315338461496, 20.203321292307702 ], [ -99.522344230769221, 20.203375430769221 ], [ -99.522344507692267, 20.203456753846144 ], [ -99.522297, 20.203565323076923 ], [ -99.522287707692257, 20.203646676923096 ], [ -99.522316630769211, 20.203709846153853 ], [ -99.52238369230767, 20.203727723076895 ], [ -99.522766569230768, 20.203726584615364 ], [ -99.522852799999939, 20.203753430769204 ], [ -99.522891169230704, 20.203780430769225 ], [ -99.522948784615366, 20.203834476923085 ], [ -99.523006246153841, 20.203843338461564 ], [ -99.52305395384613, 20.203798015384624 ], [ -99.523092092307635, 20.203752723076917 ], [ -99.523149523076896, 20.203752553846144 ], [ -99.523303123076872, 20.203887646153813 ], [ -99.523437646153795, 20.204040861538459 ], [ -99.523543138461491, 20.20410379999997 ], [ -99.523667384615365, 20.204049200000032 ], [ -99.523696107692302, 20.204049123076885 ], [ -99.523897476923054, 20.20415695384613 ], [ -99.524002769230762, 20.204156646153869 ], [ -99.524088723076886, 20.204102169230811 ], [ -99.524165215384585, 20.204074830769226 ], [ -99.524222646153831, 20.20407466153851 ], [ -99.524328061538441, 20.204110492307723 ], [ -99.52444306153842, 20.20415532307694 ], [ -99.524500323076907, 20.204100938461522 ], [ -99.524557507692279, 20.204028476923085 ], [ -99.524605338461527, 20.204019292307667 ], [ -99.524739153846113, 20.203964676923071 ], [ -99.525284107692272, 20.203773292307716 ], [ -99.525504076923056, 20.203718415384614 ], [ -99.525676153846135, 20.203654646153815 ], [ -99.52590569230766, 20.203599753846159 ], [ -99.526077799999982, 20.203545015384616 ], [ -99.526288046153795, 20.20344498461542 ], [ -99.526488861538439, 20.203390169230747 ], [ -99.52668024615383, 20.20337152307696 ], [ -99.526986753846117, 20.203433861538468 ], [ -99.527408507692272, 20.203613323076944 ], [ -99.52749493846153, 20.203694384615385 ] ] ] ] } },
{ "type": "Feature", "properties": { "IDBD": 167941, "FC": 6291, "CONDICION": "CUERPO DE AGUA INTERMITENTE" }, "geometry": { "type": "MultiPolygon", "coordinates": [ [ [ [ -99.591822615384572, 20.210176230769264 ], [ -99.591850507692286, 20.209959276923087 ], [ -99.59193613846152, 20.209823446153855 ], [ -99.592031523076898, 20.209732769230769 ], [ -99.592155538461512, 20.209623907692322 ], [ -99.592212630769211, 20.209533353846162 ], [ -99.592231338461488, 20.209415830769256 ], [ -99.592259646153806, 20.209307292307695 ], [ -99.592288076923012, 20.209234907692327 ], [ -99.592326307692247, 20.209216707692331 ], [ -99.592641661538423, 20.209080107692298 ], [ -99.592785215384609, 20.20907058461539 ], [ -99.592938523076896, 20.209115246153878 ], [ -99.5930921230769, 20.2092322 ], [ -99.59323604615382, 20.209322076923058 ], [ -99.593332107692262, 20.209412107692334 ], [ -99.593380169230755, 20.209466169230765 ], [ -99.593466830769174, 20.209601415384626 ], [ -99.593582861538465, 20.209908246153855 ], [ -99.592817692307676, 20.210064446153808 ], [ -99.591822615384572, 20.210176230769264 ] ] ] ] } },
{ "type": "Feature", "properties": { "IDBD": 167969, "FC": 6291, "CONDICION": "CUERPO DE AGUA INTERMITENTE" }, "geometry": { "type": "MultiPolygon", "coordinates": [ [ [ [ -99.564599799999982, 20.207627276923102 ], [ -99.564871676923062, 20.206045076923079 ], [ -99.565235446153849, 20.206052953846196 ], [ -99.565896, 20.206077923076936 ], [ -99.5662886, 20.206121846153874 ], [ -99.566748307692293, 20.206192646153841 ], [ -99.566920799999963, 20.206246307692282 ], [ -99.567169923076918, 20.2063178 ], [ -99.567457476923082, 20.206425307692307 ], [ -99.567515138461488, 20.20648836923078 ], [ -99.567524907692288, 20.206542553846155 ], [ -99.567525169230734, 20.206614846153844 ], [ -99.567516323076859, 20.206813661538458 ], [ -99.567583584615349, 20.206885738461519 ], [ -99.567622, 20.206921753846117 ], [ -99.567727553846126, 20.206993707692291 ], [ -99.567785153846117, 20.207038707692309 ], [ -99.567852415384593, 20.207110769230798 ], [ -99.567929446153812, 20.207237030769221 ], [ -99.568006584615361, 20.207390399999962 ], [ -99.568083769230739, 20.207561830769208 ], [ -99.568122261538448, 20.207615923076919 ], [ -99.568132061538449, 20.20767913846154 ], [ -99.568094061538432, 20.207760599999961 ], [ -99.567988907692296, 20.207797076923075 ], [ -99.56792207692304, 20.207842476923076 ], [ -99.567807461538422, 20.207915138461544 ], [ -99.567769276923045, 20.207942369230729 ], [ -99.56773118461534, 20.207996707692327 ], [ -99.567721784615344, 20.208041923076916 ], [ -99.567808215384588, 20.208122969230782 ], [ -99.56784667692304, 20.208168015384615 ], [ -99.567885261538436, 20.208249215384576 ], [ -99.567885446153824, 20.208303430769245 ], [ -99.567876015384556, 20.208339615384624 ], [ -99.567713492307675, 20.20839435384617 ], [ -99.566986738461495, 20.208595492307666 ], [ -99.566881446153786, 20.208595830769227 ], [ -99.566814307692297, 20.208559907692301 ], [ -99.566660630769192, 20.208415830769216 ], [ -99.5665068307692, 20.208235599999977 ], [ -99.566305292307675, 20.208091676923125 ], [ -99.566027123076879, 20.207929907692318 ], [ -99.56577786153845, 20.207822276923078 ], [ -99.565500076923044, 20.207768969230749 ], [ -99.565298876923052, 20.207715400000023 ], [ -99.564954092307673, 20.207662276923088 ], [ -99.56484876923075, 20.207653584615393 ], [ -99.564599799999982, 20.207627276923102 ] ] ] ] } },
{ "type": "Feature", "properties": { "IDBD": 168050, "FC": 6291, "CONDICION": "CUERPO DE AGUA INTERMITENTE" }, "geometry": { "type": "MultiPolygon", "coordinates": [ [ [ [ -99.568577738461485, 20.203882523076913 ], [ -99.56873998461532, 20.203755492307707 ], [ -99.568921630769211, 20.203691661538432 ], [ -99.569026815384575, 20.203664200000023 ], [ -99.569294615384578, 20.203609123076916 ], [ -99.569428630769195, 20.203608692307679 ], [ -99.569601215384566, 20.203689446153859 ], [ -99.569716430769191, 20.203788476923048 ], [ -99.569783923076898, 20.2039238 ], [ -99.569832246153823, 20.204050153846154 ], [ -99.569861323076907, 20.204149446153853 ], [ -99.56991918461533, 20.204266738461563 ], [ -99.570034799999959, 20.204474184615368 ], [ -99.569804969230759, 20.204447830769229 ], [ -99.569594107692268, 20.204367184615396 ], [ -99.569057076923045, 20.2040888 ], [ -99.568577738461485, 20.203882523076913 ] ] ] ] } },
{ "type": "Feature", "properties": { "IDBD": 168055, "FC": 6291, "CONDICION": "CUERPO DE AGUA INTERMITENTE" }, "geometry": { "type": "MultiPolygon", "coordinates": [ [ [ [ -99.555960246153816, 20.203353615384604 ], [ -99.556056153846129, 20.20340753846158 ], [ -99.556190446153778, 20.203488430769223 ], [ -99.556257646153824, 20.203542430769243 ], [ -99.55635361538458, 20.203614430769225 ], [ -99.55650704615384, 20.203695261538471 ], [ -99.556631615384603, 20.203731015384619 ], [ -99.556851953846135, 20.203784538461537 ], [ -99.557024369230746, 20.203820123076937 ], [ -99.556919630769215, 20.203974076923128 ], [ -99.55677660000002, 20.204128138461545 ], [ -99.556661830769215, 20.204155615384625 ], [ -99.556518323076915, 20.204174138461536 ], [ -99.556412969230735, 20.2041564 ], [ -99.556317030769208, 20.204093461538505 ], [ -99.556259430769188, 20.204048461538466 ], [ -99.556057753846119, 20.203859338461566 ], [ -99.555999969230712, 20.203760123076936 ], [ -99.555951830769231, 20.203678953846183 ], [ -99.555951707692302, 20.203642800000043 ], [ -99.555941738461527, 20.2035344 ], [ -99.555941492307667, 20.203462107692324 ], [ -99.555960246153816, 20.203353615384604 ] ] ] ] } },
{ "type": "Feature", "properties": { "IDBD": 168092, "FC": 6291, "CONDICION": "CUERPO DE AGUA INTERMITENTE" }, "geometry": { "type": "MultiPolygon", "coordinates": [ [ [ [ -99.567367184615364, 20.202639446153874 ], [ -99.567023199999966, 20.202803215384609 ], [ -99.566630769230727, 20.202804476923109 ], [ -99.566275923076901, 20.202615861538455 ], [ -99.566179815384558, 20.202507738461499 ], [ -99.566131476923047, 20.20237235384614 ], [ -99.566331753846157, 20.202172907692301 ], [ -99.566417707692295, 20.202118415384632 ], [ -99.566513215384603, 20.202063892307674 ], [ -99.566618307692266, 20.202009338461529 ], [ -99.566733199999973, 20.202018 ], [ -99.566838784615371, 20.202098984615432 ], [ -99.566963615384594, 20.202207015384626 ], [ -99.567184476923018, 20.202405107692293 ], [ -99.567261307692277, 20.202477138461528 ], [ -99.567367184615364, 20.202639446153874 ] ] ] ] } },
{ "type": "Feature", "properties": { "IDBD": 168115, "FC": 6291, "CONDICION": "CUERPO DE AGUA INTERMITENTE" }, "geometry": { "type": "MultiPolygon", "coordinates": [ [ [ [ -99.551099784615388, 20.201200246153874 ], [ -99.551118353846093, 20.201037538461566 ], [ -99.551175399999977, 20.200928923076955 ], [ -99.551261384615387, 20.200883476923092 ], [ -99.551405061538446, 20.200910138461552 ], [ -99.551481692307661, 20.200927969230772 ], [ -99.551539276923066, 20.200972969230769 ], [ -99.551606415384612, 20.20100890769227 ], [ -99.55170218461538, 20.201026676923096 ], [ -99.551750107692257, 20.201044600000021 ], [ -99.551826969230774, 20.201125676923102 ], [ -99.551884584615365, 20.20117972307688 ], [ -99.551923030769203, 20.201224769230794 ], [ -99.551999892307649, 20.201305861538497 ], [ -99.552038461538459, 20.201387061538483 ], [ -99.552057892307644, 20.201468323076927 ], [ -99.55205839999995, 20.201612907692297 ], [ -99.551819492307672, 20.201722092307712 ], [ -99.551474753846136, 20.201677984615337 ], [ -99.551167461538412, 20.201389799999962 ], [ -99.551099784615388, 20.201200246153874 ] ] ] ] } },
{ "type": "Feature", "properties": { "IDBD": 168125, "FC": 6291, "CONDICION": "CUERPO DE AGUA INTERMITENTE" }, "geometry": { "type": "MultiPolygon", "coordinates": [ [ [ [ -99.561094, 20.201602369230731 ], [ -99.560366184615347, 20.201496246153862 ], [ -99.560299015384558, 20.20145129230772 ], [ -99.560231538461508, 20.201315953846166 ], [ -99.560277230769188, 20.200710384615363 ], [ -99.560392015384565, 20.200691953846132 ], [ -99.560459015384595, 20.200691738461533 ], [ -99.560535723076867, 20.200727630769222 ], [ -99.560689092307641, 20.20079040000001 ], [ -99.560746615384616, 20.200817323076912 ], [ -99.561005523076901, 20.200952046153844 ], [ -99.561053523076922, 20.20098803076927 ], [ -99.561072815384591, 20.20103315384614 ], [ -99.561102092307664, 20.201186676923086 ], [ -99.561094, 20.201602369230731 ] ] ] ] } },
{ "type": "Feature", "properties": { "IDBD": 168135, "FC": 6291, "CONDICION": "CUERPO DE AGUA INTERMITENTE" }, "geometry": { "type": "MultiPolygon", "coordinates": [ [ [ [ -99.570013938461528, 20.201374861538458 ], [ -99.570166723076895, 20.201274969230798 ], [ -99.570424723076897, 20.201156661538494 ], [ -99.57052978461536, 20.201093076923069 ], [ -99.570644353846134, 20.201011369230759 ], [ -99.570720692307646, 20.200947876923077 ], [ -99.570816046153809, 20.200848169230756 ], [ -99.57094024615381, 20.200784507692326 ], [ -99.571035892307677, 20.200766123076917 ], [ -99.571064861538446, 20.200838323076901 ], [ -99.57106532307688, 20.200964830769177 ], [ -99.571094538461523, 20.201100276923086 ], [ -99.571209815384577, 20.201217369230765 ], [ -99.571334646153844, 20.201325399999988 ], [ -99.571392169230705, 20.201352323076915 ], [ -99.571555384615323, 20.201487323076933 ], [ -99.571009815384585, 20.201489107692325 ], [ -99.570598138461492, 20.20146332307689 ], [ -99.570205538461508, 20.201419415384578 ], [ -99.570013938461528, 20.201374861538458 ] ] ] ] } },
{ "type": "Feature", "properties": { "IDBD": 168173, "FC": 6291, "CONDICION": "CUERPO DE AGUA INTERMITENTE" }, "geometry": { "type": "MultiPolygon", "coordinates": [ [ [ [ -99.55788155384613, 20.199931861538424 ], [ -99.55851466153841, 20.197634676923091 ], [ -99.559421092307645, 20.1968366 ], [ -99.559621984615333, 20.19680886153845 ], [ -99.559727861538434, 20.196971169230743 ], [ -99.559775938461513, 20.197034276923073 ], [ -99.559785738461514, 20.19709749230768 ], [ -99.559824399999968, 20.197205799999967 ], [ -99.559939615384593, 20.197304830769223 ], [ -99.559997430769187, 20.197413092307691 ], [ -99.560084184615377, 20.197584492307673 ], [ -99.56019009230765, 20.197755846153832 ], [ -99.56022901538455, 20.197936446153847 ], [ -99.56021976923077, 20.198026830769219 ], [ -99.560162830769229, 20.1981625538461 ], [ -99.560115553846103, 20.19832535384614 ], [ -99.560059123076911, 20.198605661538441 ], [ -99.559973430769219, 20.198732446153855 ], [ -99.559887646153811, 20.198832107692287 ], [ -99.559849584615364, 20.198895492307702 ], [ -99.559840338461512, 20.198985876923093 ], [ -99.55986933846151, 20.199067107692287 ], [ -99.55985072307692, 20.199211753846221 ], [ -99.559813492307697, 20.199510061538462 ], [ -99.559775538461494, 20.199600538461542 ], [ -99.55974698461533, 20.199645815384631 ], [ -99.559498446153825, 20.199736969230745 ], [ -99.559173338461491, 20.199828369230765 ], [ -99.559058646153815, 20.199873907692314 ], [ -99.558934123076881, 20.1998472 ], [ -99.558828861538416, 20.199856569230775 ], [ -99.558781076923054, 20.199874784615382 ], [ -99.558197307692282, 20.199903753846144 ], [ -99.55788155384613, 20.199931861538424 ] ] ] ] } },
{ "type": "Feature", "properties": { "IDBD": 168174, "FC": 6291, "CONDICION": "CUERPO DE AGUA INTERMITENTE" }, "geometry": { "type": "MultiPolygon", "coordinates": [ [ [ [ -99.539972046153835, 20.199608276923065 ], [ -99.54005647692307, 20.199111030769267 ], [ -99.540217630769234, 20.198658723076935 ], [ -99.540361399999952, 20.198712507692328 ], [ -99.540409415384602, 20.19875753846156 ], [ -99.540553292307678, 20.198847461538442 ], [ -99.540668523076903, 20.198955538461579 ], [ -99.540850907692302, 20.199108584615416 ], [ -99.540937276923046, 20.199171569230778 ], [ -99.541052353846126, 20.199234476923088 ], [ -99.541110061538433, 20.199315630769224 ], [ -99.541234953846129, 20.199450784615401 ], [ -99.541082092307661, 20.199532584615387 ], [ -99.540967199999955, 20.19952389230772 ], [ -99.540852246153833, 20.199497138461545 ], [ -99.540679907692294, 20.1994796 ], [ -99.540612876923049, 20.199470769230778 ], [ -99.540488538461503, 20.199498261538505 ], [ -99.540373799999941, 20.199534753846173 ], [ -99.539972046153835, 20.199608276923065 ] ] ] ] } },
{ "type": "Feature", "properties": { "IDBD": 168203, "FC": 6291, "CONDICION": "CUERPO DE AGUA INTERMITENTE" }, "geometry": { "type": "MultiPolygon", "coordinates": [ [ [ [ -99.576322092307677, 20.19889646153846 ], [ -99.576426676923035, 20.198706353846145 ], [ -99.576541338461524, 20.198651769230761 ], [ -99.576684707692266, 20.198597076923061 ], [ -99.576799353846127, 20.198542492307666 ], [ -99.576828015384606, 20.198524323076917 ], [ -99.576856492307684, 20.198460969230766 ], [ -99.576903953846141, 20.198352384615344 ], [ -99.576941799999986, 20.198234784615398 ], [ -99.576998723076883, 20.198099061538496 ], [ -99.576998461538452, 20.198026769230779 ], [ -99.577045923076881, 20.197918184615371 ], [ -99.577074430769201, 20.197863876923069 ], [ -99.577131861538433, 20.197863692307731 ], [ -99.577199061538465, 20.197917676923062 ], [ -99.577276, 20.198016830769227 ], [ -99.577258292307647, 20.198405446153856 ], [ -99.577125523076873, 20.198740215384632 ], [ -99.576953830769185, 20.198903430769192 ], [ -99.576877461538444, 20.198957892307689 ], [ -99.576772307692266, 20.198994384615393 ], [ -99.576647923076877, 20.199003830769264 ], [ -99.576533, 20.198986138461546 ], [ -99.576437215384601, 20.198968369230748 ], [ -99.576322092307677, 20.19889646153846 ] ] ] ] } },
{ "type": "Feature", "properties": { "IDBD": 168220, "FC": 6291, "CONDICION": "CUERPO DE AGUA INTERMITENTE" }, "geometry": { "type": "MultiPolygon", "coordinates": [ [ [ [ -99.571694676923045, 20.197691692307728 ], [ -99.57192521538461, 20.197916846153877 ], [ -99.572069615384606, 20.198142276923093 ], [ -99.572214061538403, 20.198385784615386 ], [ -99.571936692307673, 20.198440907692287 ], [ -99.571716461538443, 20.198414523076924 ], [ -99.57160133846152, 20.198342599999982 ], [ -99.571514799999974, 20.198234446153812 ], [ -99.571485692307675, 20.19812610769236 ], [ -99.571485369230771, 20.198035753846174 ], [ -99.57149479999994, 20.197999569230742 ], [ -99.571542199999982, 20.197872907692318 ], [ -99.571694676923045, 20.197691692307728 ] ] ] ] } },
{ "type": "Feature", "properties": { "IDBD": 168222, "FC": 6291, "CONDICION": "CUERPO DE AGUA INTERMITENTE" }, "geometry": { "type": "MultiPolygon", "coordinates": [ [ [ [ -99.568880323076911, 20.1975924 ], [ -99.568985907692252, 20.197673369230749 ], [ -99.569072799999972, 20.197880923076923 ], [ -99.569178815384561, 20.198079384615376 ], [ -99.56929455384612, 20.198322984615405 ], [ -99.569084107692291, 20.198359800000048 ], [ -99.568834938461535, 20.198270246153825 ], [ -99.568719492307636, 20.198107969230787 ], [ -99.568699723076875, 20.197936353846167 ], [ -99.568718461538438, 20.197827861538471 ], [ -99.568746953846116, 20.197764507692323 ], [ -99.568832738461481, 20.197664830769209 ], [ -99.568880323076911, 20.1975924 ] ] ] ] } },
{ "type": "Feature", "properties": { "IDBD": 168223, "FC": 6291, "CONDICION": "CUERPO DE AGUA INTERMITENTE" }, "geometry": { "type": "MultiPolygon", "coordinates": [ [ [ [ -99.54943256923076, 20.197970523076926 ], [ -99.548896784615337, 20.198035446153849 ], [ -99.548676276923075, 20.197927707692312 ], [ -99.54851289230767, 20.197738461538464 ], [ -99.548387261538437, 20.197395476923063 ], [ -99.548405015384574, 20.196997830769227 ], [ -99.548547861538438, 20.196789553846166 ], [ -99.548729076923038, 20.196608261538483 ], [ -99.548910646153786, 20.196526369230803 ], [ -99.549590015384581, 20.196470030769209 ], [ -99.549629215384584, 20.196731953846182 ], [ -99.549658692307673, 20.196948723076947 ], [ -99.549649953846114, 20.197183692307714 ], [ -99.54964132307687, 20.197454815384589 ], [ -99.549594261538431, 20.197680861538434 ], [ -99.549556353846157, 20.197789415384637 ], [ -99.54943256923076, 20.197970523076926 ] ] ] ] } },
{ "type": "Feature", "properties": { "IDBD": 168392, "FC": 6291, "CONDICION": "CUERPO DE AGUA INTERMITENTE" }, "geometry": { "type": "MultiPolygon", "coordinates": [ [ [ [ -99.570335230769174, 20.19234670769228 ], [ -99.57002721538457, 20.191868800000034 ], [ -99.569786569230729, 20.191490061538474 ], [ -99.569910661538415, 20.19139929230769 ], [ -99.569958384615376, 20.191363 ], [ -99.570034815384616, 20.191326600000011 ], [ -99.570168707692261, 20.191299061538484 ], [ -99.570254676923071, 20.191253600000017 ], [ -99.570340584615366, 20.19119006153846 ], [ -99.570397876923039, 20.191153738461537 ], [ -99.5704553384615, 20.191162584615416 ], [ -99.570503846153812, 20.191343153846152 ], [ -99.570561707692264, 20.191460430769261 ], [ -99.570638661538425, 20.191568615384629 ], [ -99.57068681538459, 20.191649784615411 ], [ -99.570726030769194, 20.191902676923039 ], [ -99.570688, 20.191975092307697 ], [ -99.570583046153828, 20.192065784615405 ], [ -99.570478230769183, 20.192192630769227 ], [ -99.570335230769174, 20.19234670769228 ] ] ] ] } },
{ "type": "Feature", "properties": { "IDBD": 168511, "FC": 6291, "CONDICION": "CUERPO DE AGUA INTERMITENTE" }, "geometry": { "type": "MultiPolygon", "coordinates": [ [ [ [ -99.569866015384591, 20.187016907692321 ], [ -99.570010261538428, 20.187206200000041 ], [ -99.570125492307682, 20.187314261538447 ], [ -99.570173446153831, 20.187341215384617 ], [ -99.570298107692267, 20.187404061538473 ], [ -99.570374769230739, 20.187430923076906 ], [ -99.570470738461538, 20.187502892307727 ], [ -99.570585969230734, 20.187610953846189 ], [ -99.570347, 20.187693061538447 ], [ -99.570174738461503, 20.187693615384656 ], [ -99.570040507692283, 20.1876308 ], [ -99.569790923076894, 20.187423769230772 ], [ -99.569733030769171, 20.18729746153846 ], [ -99.569780461538429, 20.18717983076926 ], [ -99.569866015384591, 20.187016907692321 ] ] ] ] } },
{ "type": "Feature", "properties": { "IDBD": 168529, "FC": 6291, "CONDICION": "CUERPO DE AGUA INTERMITENTE" }, "geometry": { "type": "MultiPolygon", "coordinates": [ [ [ [ -99.570178676923049, 20.186148415384615 ], [ -99.570360630769201, 20.186174938461544 ], [ -99.570418046153819, 20.186174753846149 ], [ -99.570513784615372, 20.186183476923102 ], [ -99.570647907692276, 20.186219184615364 ], [ -99.570753215384585, 20.186227876923049 ], [ -99.570916076923055, 20.186272538461591 ], [ -99.571002246153839, 20.186281292307722 ], [ -99.571069507692286, 20.186353369230755 ], [ -99.571098584615356, 20.186452661538464 ], [ -99.571070492307683, 20.186624446153854 ], [ -99.571051784615349, 20.18674196923077 ], [ -99.571071507692281, 20.186904553846158 ], [ -99.571071769230741, 20.186976846153851 ], [ -99.57105338461534, 20.187184738461543 ], [ -99.570527046153813, 20.187195492307708 ], [ -99.570259092307637, 20.187205384615403 ], [ -99.570144076923057, 20.187160584615363 ], [ -99.570115138461503, 20.187097430769231 ], [ -99.570178676923049, 20.186148415384615 ] ] ] ] } },
{ "type": "Feature", "properties": { "IDBD": 168853, "FC": 6291, "CONDICION": "CUERPO DE AGUA INTERMITENTE" }, "geometry": { "type": "MultiPolygon", "coordinates": [ [ [ [ -99.55340833846148, 20.174599538461557 ], [ -99.5531808, 20.175205676923113 ], [ -99.553009523076909, 20.175486338461521 ], [ -99.552923676923029, 20.175567938461572 ], [ -99.552502676923069, 20.175587338461551 ], [ -99.552127569230763, 20.175055369230776 ], [ -99.55208852307689, 20.17483863076928 ], [ -99.552029923076887, 20.174504476923072 ], [ -99.551895092307674, 20.174260923076897 ], [ -99.551961630769199, 20.174134199999969 ], [ -99.551990092307662, 20.174061830769247 ], [ -99.552190476923045, 20.17389853846155 ], [ -99.552276415384583, 20.173844061538457 ], [ -99.552611076923043, 20.173761676923089 ], [ -99.552745030769216, 20.173752230769228 ], [ -99.55289816923073, 20.173760784615428 ], [ -99.553032369230749, 20.17382361538462 ], [ -99.553195707692282, 20.174003815384605 ], [ -99.55329219999993, 20.174229415384616 ], [ -99.553340676923071, 20.17441 ], [ -99.55340833846148, 20.174599538461557 ] ] ] ] } },
{ "type": "Feature", "properties": { "IDBD": 168865, "FC": 6291, "CONDICION": "CUERPO DE AGUA INTERMITENTE" }, "geometry": { "type": "MultiPolygon", "coordinates": [ [ [ [ -99.566194369230729, 20.174739584615342 ], [ -99.566251984615349, 20.174793615384598 ], [ -99.566223692307645, 20.174911169230782 ], [ -99.566157, 20.174992707692283 ], [ -99.565487953846159, 20.1752298 ], [ -99.565420953846086, 20.17523001538461 ], [ -99.565296615384554, 20.175248492307695 ], [ -99.565191123076872, 20.175185584615349 ], [ -99.565181323076914, 20.175122353846135 ], [ -99.565247784615366, 20.174977569230759 ], [ -99.565390984615348, 20.174877707692339 ], [ -99.566194369230729, 20.174739584615342 ] ] ] ] } }
]
}
