{
"type": "FeatureCollection",
"name": "distrito de riego",
"crs": { "type": "name", "properties": { "name": "urn:ogc:def:crs:OGC:1.3:CRS84" } },
"features": [
{ "type": "Feature", "properties": { "id": 24, "clvdr": "003", "dr": "Tula", "clvrha": "XIII", "rha": "Aguas del Valle de México", "anioagricola": "2022 - 2023", "numusuarios": 37267, "voldistribuido": 916387.76, "laminabruta": 206.32997 }, "geometry": { "type": "MultiPolygon", "coordinates": [ [ [ [ -99.35202299, 20.15332509 ], [ -99.35482299, 20.15752509 ], [ -99.35332299, 20.16032509 ], [ -99.35422299, 20.16322509 ], [ -99.35212299, 20.16252509 ], [ -99.34912299, 20.16212509 ], [ -99.34842299, 20.16552509 ], [ -99.35212299, 20.16562509 ], [ -99.35192299, 20.17002509 ], [ -99.34892299, 20.16882509 ], [ -99.34782299, 20.17132509 ], [ -99.34672299, 20.17432509 ], [ -99.34482299, 20.17192509 ], [ -99.34302299, 20.17492509 ], [ -99.34272299, 20.17062509 ], [ -99.34622299, 20.16942509 ], [ -99.34482299, 20.16772509 ], [ -99.34242299, 20.16772509 ], [ -99.34122299, 20.16562509 ], [ -99.34042299, 20.16982509 ], [ -99.33672299, 20.17162509 ], [ -99.33542299, 20.16962509 ], [ -99.33412299, 20.16702509 ], [ -99.32982299, 20.16842509 ], [ -99.33082299, 20.17192509 ], [ -99.32692299, 20.17132509 ], [ -99.32352299, 20.17342509 ], [ -99.31942299, 20.17132509 ], [ -99.31842299, 20.17402509 ], [ -99.31712299, 20.17082509 ], [ -99.31492299, 20.17052509 ], [ -99.30952299, 20.17122509 ], [ -99.30682299, 20.17302509 ], [ -99.30332299, 20.17522509 ], [ -99.30182299, 20.17842509 ], [ -99.30272299, 20.18022509 ], [ -99.30002299, 20.17962509 ], [ -99.29872299, 20.18142509 ], [ -99.29662299, 20.18112509 ], [ -99.29592299, 20.17862509 ], [ -99.29252299, 20.18172509 ], [ -99.29352299, 20.18532509 ], [ -99.29072299, 20.18612509 ], [ -99.28872299, 20.18912509 ], [ -99.28492299, 20.18792509 ], [ -99.28252299, 20.18692509 ], [ -99.28182299, 20.18332509 ], [ -99.28372299, 20.18082509 ], [ -99.28632299, 20.17872509 ], [ -99.28902299, 20.17742509 ], [ -99.29002299, 20.17492509 ], [ -99.29112299, 20.17282509 ], [ -99.28992299, 20.17112509 ], [ -99.29042299, 20.16912509 ], [ -99.28982299, 20.16662509 ], [ -99.28742299, 20.16432509 ], [ -99.28482299, 20.16272509 ], [ -99.28242299, 20.16062509 ], [ -99.28052299, 20.15952509 ], [ -99.27792299, 20.16192509 ], [ -99.27492299, 20.16252509 ], [ -99.27212299, 20.16322509 ], [ -99.27102299, 20.16762509 ], [ -99.26972299, 20.16572509 ], [ -99.26592299, 20.16472509 ], [ -99.26232299, 20.16382509 ], [ -99.26432299, 20.16252509 ], [ -99.26482299, 20.16062509 ], [ -99.26582299, 20.15702509 ], [ -99.26462299, 20.15392509 ], [ -99.26322299, 20.14802509 ], [ -99.26052299, 20.14672509 ], [ -99.25812299, 20.14512509 ], [ -99.25402299, 20.15052509 ], [ -99.25632299, 20.15232509 ], [ -99.25802299, 20.15642509 ], [ -99.25492299, 20.15692509 ], [ -99.25242299, 20.15522509 ], [ -99.25002299, 20.15582509 ], [ -99.24692299, 20.15712509 ], [ -99.24402299, 20.15622509 ], [ -99.24112299, 20.15652509 ], [ -99.23752299, 20.15452509 ], [ -99.23432299, 20.15462509 ], [ -99.23502299, 20.15202509 ], [ -99.23752299, 20.14962509 ], [ -99.23722299, 20.14562509 ], [ -99.24012299, 20.14802509 ], [ -99.24222299, 20.14802509 ], [ -99.24462299, 20.14662509 ], [ -99.24692299, 20.14392509 ], [ -99.24602299, 20.14162509 ], [ -99.24422299, 20.14002509 ], [ -99.24512299, 20.13752509 ], [ -99.24262299, 20.13752509 ], [ -99.23972299, 20.13682509 ], [ -99.23812299, 20.13492509 ], [ -99.23472299, 20.13282509 ], [ -99.23882299, 20.13142509 ], [ -99.24072299, 20.12982509 ], [ -99.24282299, 20.12902509 ], [ -99.24592299, 20.12812509 ], [ -99.24882299, 20.12602509 ], [ -99.24812299, 20.12122509 ], [ -99.24772299, 20.11752509 ], [ -99.24672299, 20.11482509 ], [ -99.24472299, 20.11412509 ], [ -99.24562299, 20.11252509 ], [ -99.24152299, 20.11112509 ], [ -99.23852299, 20.11252509 ], [ -99.23472299, 20.11362509 ], [ -99.23182299, 20.11372509 ], [ -99.22852299, 20.11502509 ], [ -99.22622299, 20.11602509 ], [ -99.22812299, 20.11992509 ], [ -99.22882299, 20.12162509 ], [ -99.22652299, 20.12102509 ], [ -99.22302299, 20.11922509 ], [ -99.21952299, 20.11772509 ], [ -99.21942299, 20.12202509 ], [ -99.22242299, 20.12292509 ], [ -99.22172299, 20.12462509 ], [ -99.22012299, 20.12752509 ], [ -99.22092299, 20.12992509 ], [ -99.21972299, 20.13402509 ], [ -99.21992299, 20.13892509 ], [ -99.22372299, 20.13682509 ], [ -99.22892299, 20.13802509 ], [ -99.23302299, 20.13882509 ], [ -99.23362299, 20.14222509 ], [ -99.23412299, 20.14462509 ], [ -99.23432299, 20.14672509 ], [ -99.23212299, 20.14722509 ], [ -99.23272299, 20.15072509 ], [ -99.23502299, 20.15202509 ], [ -99.23162299, 20.15252509 ], [ -99.23022299, 20.15632509 ], [ -99.22742299, 20.15912509 ], [ -99.23082299, 20.16182509 ], [ -99.23312299, 20.16102509 ], [ -99.23422299, 20.15922509 ], [ -99.23632299, 20.15952509 ], [ -99.23922299, 20.16002509 ], [ -99.24242299, 20.16002509 ], [ -99.24542299, 20.15952509 ], [ -99.24472299, 20.16142509 ], [ -99.24782299, 20.16292509 ], [ -99.25042299, 20.16072509 ], [ -99.25222299, 20.16202509 ], [ -99.25332299, 20.16432509 ], [ -99.25602299, 20.16412509 ], [ -99.25862299, 20.16412509 ], [ -99.26232299, 20.16382509 ], [ -99.25972299, 20.16622509 ], [ -99.25832299, 20.16782509 ], [ -99.25712299, 20.16582509 ], [ -99.25492299, 20.16662509 ], [ -99.25622299, 20.16972509 ], [ -99.25892299, 20.17432509 ], [ -99.25702299, 20.17742509 ], [ -99.25492299, 20.18072509 ], [ -99.25452299, 20.17742509 ], [ -99.25232299, 20.17472509 ], [ -99.25052299, 20.17852509 ], [ -99.25032299, 20.18082509 ], [ -99.24672299, 20.17992509 ], [ -99.24392299, 20.18242509 ], [ -99.24702299, 20.18472509 ], [ -99.24492299, 20.18642509 ], [ -99.24522299, 20.18912509 ], [ -99.24662299, 20.19252509 ], [ -99.24932299, 20.19232509 ], [ -99.25222299, 20.19492509 ], [ -99.25472299, 20.19672509 ], [ -99.25192299, 20.19732509 ], [ -99.25272299, 20.19972509 ], [ -99.25502299, 20.20182509 ], [ -99.25492299, 20.20542509 ], [ -99.25522299, 20.20782509 ], [ -99.25292299, 20.20922509 ], [ -99.25062299, 20.21342509 ], [ -99.24802299, 20.21712509 ], [ -99.24342299, 20.21702509 ], [ -99.23922299, 20.21812509 ], [ -99.23752299, 20.21872509 ], [ -99.23542299, 20.21842509 ], [ -99.23362299, 20.21772509 ], [ -99.23282299, 20.22062509 ], [ -99.23132299, 20.21702509 ], [ -99.22872299, 20.21892509 ], [ -99.22882299, 20.22132509 ], [ -99.22862299, 20.22332509 ], [ -99.22692299, 20.22422509 ], [ -99.22182299, 20.22392509 ], [ -99.21872299, 20.22422509 ], [ -99.21682299, 20.22432509 ], [ -99.21832299, 20.22162509 ], [ -99.21512299, 20.22042509 ], [ -99.21282299, 20.21692509 ], [ -99.21252299, 20.22012509 ], [ -99.21002299, 20.22232509 ], [ -99.20792299, 20.22502509 ], [ -99.20452299, 20.22482509 ], [ -99.20132299, 20.22672509 ], [ -99.19852299, 20.22872509 ], [ -99.19772299, 20.23082509 ], [ -99.19552299, 20.22962509 ], [ -99.19242299, 20.23162509 ], [ -99.19482299, 20.23302509 ], [ -99.19572299, 20.23472509 ], [ -99.19592299, 20.23752509 ], [ -99.19532299, 20.23952509 ], [ -99.19372299, 20.23802509 ], [ -99.19092299, 20.23822509 ], [ -99.19002299, 20.24012509 ], [ -99.18742299, 20.24022509 ], [ -99.18722299, 20.23742509 ], [ -99.18302299, 20.24012509 ], [ -99.18012299, 20.24192509 ], [ -99.17662299, 20.24482509 ], [ -99.17732299, 20.24782509 ], [ -99.18102299, 20.24892509 ], [ -99.18382299, 20.25062509 ], [ -99.18382299, 20.25312509 ], [ -99.18102299, 20.25572509 ], [ -99.18502299, 20.25732509 ], [ -99.18352299, 20.26092509 ], [ -99.18632299, 20.26262509 ], [ -99.18602299, 20.26592509 ], [ -99.18472299, 20.26782509 ], [ -99.18442299, 20.26982509 ], [ -99.18332299, 20.27122509 ], [ -99.18062299, 20.26882509 ], [ -99.18212299, 20.26482509 ], [ -99.17952299, 20.26632509 ], [ -99.17972299, 20.26192509 ], [ -99.17622299, 20.26542509 ], [ -99.17622299, 20.26742509 ], [ -99.17722299, 20.26922509 ], [ -99.17572299, 20.27142509 ], [ -99.17672299, 20.27322509 ], [ -99.17652299, 20.27562509 ], [ -99.17842299, 20.27402509 ], [ -99.18052299, 20.27272509 ], [ -99.18192299, 20.27492509 ], [ -99.18052299, 20.27762509 ], [ -99.18312299, 20.27802509 ], [ -99.18192299, 20.27492509 ], [ -99.18492299, 20.27342509 ], [ -99.18552299, 20.27592509 ], [ -99.18822299, 20.27442509 ], [ -99.19242299, 20.27382509 ], [ -99.19302299, 20.27742509 ], [ -99.19372299, 20.28012509 ], [ -99.19282299, 20.28202509 ], [ -99.19012299, 20.28412509 ], [ -99.19232299, 20.28662509 ], [ -99.19412299, 20.28362509 ], [ -99.19642299, 20.28482509 ], [ -99.19732299, 20.28742509 ], [ -99.19992299, 20.28762509 ], [ -99.20212299, 20.28862509 ], [ -99.20512299, 20.28922509 ], [ -99.20702299, 20.28902509 ], [ -99.20842299, 20.29152509 ], [ -99.21162299, 20.29332509 ], [ -99.21112299, 20.29622509 ], [ -99.20982299, 20.29922509 ], [ -99.21042299, 20.30302509 ], [ -99.20852299, 20.30712509 ], [ -99.21292299, 20.30772509 ], [ -99.21662299, 20.30982509 ], [ -99.21862299, 20.31082509 ], [ -99.21722299, 20.31282509 ], [ -99.21672299, 20.31582509 ], [ -99.21492299, 20.31782509 ], [ -99.21172299, 20.31992509 ], [ -99.20912299, 20.32042509 ], [ -99.21222299, 20.32332509 ], [ -99.20992299, 20.32482509 ], [ -99.20892299, 20.32262509 ], [ -99.20682299, 20.32212509 ], [ -99.20572299, 20.32582509 ], [ -99.20802299, 20.32502509 ], [ -99.20992299, 20.32482509 ], [ -99.21062299, 20.32692509 ], [ -99.21142299, 20.32932509 ], [ -99.21312299, 20.33152509 ], [ -99.21382299, 20.33312509 ], [ -99.21602299, 20.33362509 ], [ -99.21852299, 20.33382509 ], [ -99.22002299, 20.33582509 ], [ -99.22002299, 20.33852509 ], [ -99.22262299, 20.34032509 ], [ -99.22502299, 20.34312509 ], [ -99.22522299, 20.34592509 ], [ -99.22782299, 20.34682509 ], [ -99.22862299, 20.35082509 ], [ -99.22542299, 20.35252509 ], [ -99.22212299, 20.35382509 ], [ -99.22152299, 20.35592509 ], [ -99.22432299, 20.35652509 ], [ -99.22362299, 20.35852509 ], [ -99.22422299, 20.36082509 ], [ -99.22302299, 20.36422509 ], [ -99.22102299, 20.36132509 ], [ -99.22082299, 20.35912509 ], [ -99.21712299, 20.35712509 ], [ -99.21632299, 20.35972509 ], [ -99.21712299, 20.36252509 ], [ -99.21502299, 20.36142509 ], [ -99.21142299, 20.36052509 ], [ -99.20832299, 20.35902509 ], [ -99.20772299, 20.35612509 ], [ -99.20542299, 20.35782509 ], [ -99.20272299, 20.35632509 ], [ -99.20482299, 20.35532509 ], [ -99.20252299, 20.35322509 ], [ -99.20022299, 20.35202509 ], [ -99.19882299, 20.35082509 ], [ -99.20192299, 20.34902509 ], [ -99.20142299, 20.34562509 ], [ -99.19822299, 20.34462509 ], [ -99.19932299, 20.34252509 ], [ -99.20092299, 20.33812509 ], [ -99.20262299, 20.33552509 ], [ -99.20102299, 20.33322509 ], [ -99.20082299, 20.33082509 ], [ -99.19902299, 20.32822509 ], [ -99.19942299, 20.32552509 ], [ -99.19702299, 20.32482509 ], [ -99.19672299, 20.32142509 ], [ -99.19492299, 20.31852509 ], [ -99.19762299, 20.31822509 ], [ -99.19972299, 20.31672509 ], [ -99.19902299, 20.31392509 ], [ -99.19562299, 20.31462509 ], [ -99.19282299, 20.31392509 ], [ -99.19222299, 20.31102509 ], [ -99.19152299, 20.30842509 ], [ -99.19462299, 20.30822509 ], [ -99.19832299, 20.30772509 ], [ -99.19532299, 20.30572509 ], [ -99.19232299, 20.30352509 ], [ -99.19392299, 20.30242509 ], [ -99.19212299, 20.29872509 ], [ -99.19092299, 20.29402509 ], [ -99.19032299, 20.29152509 ], [ -99.18762299, 20.29112509 ], [ -99.18392299, 20.29262509 ], [ -99.18032299, 20.29282509 ], [ -99.17752299, 20.29342509 ], [ -99.17532299, 20.29302509 ], [ -99.17292299, 20.29272509 ], [ -99.17092299, 20.29302509 ], [ -99.16942299, 20.29212509 ], [ -99.17072299, 20.28902509 ], [ -99.17192299, 20.28632509 ], [ -99.17532299, 20.28662509 ], [ -99.17772299, 20.28552509 ], [ -99.18002299, 20.28592509 ], [ -99.18212299, 20.28482509 ], [ -99.18402299, 20.28162509 ], [ -99.18162299, 20.28052509 ], [ -99.17852299, 20.28092509 ], [ -99.17632299, 20.28282509 ], [ -99.17402299, 20.28092509 ], [ -99.17212299, 20.28302509 ], [ -99.17042299, 20.28112509 ], [ -99.16842299, 20.27942509 ], [ -99.16682299, 20.28202509 ], [ -99.16622299, 20.27952509 ], [ -99.16442299, 20.28222509 ], [ -99.16242299, 20.27972509 ], [ -99.16352299, 20.27682509 ], [ -99.16022299, 20.27622509 ], [ -99.15842299, 20.27792509 ], [ -99.15512299, 20.27852509 ], [ -99.15482299, 20.27542509 ], [ -99.15272299, 20.27312509 ], [ -99.15012299, 20.27292509 ], [ -99.14732299, 20.27422509 ], [ -99.14782299, 20.27662509 ], [ -99.14402299, 20.27522509 ], [ -99.14072299, 20.27652509 ], [ -99.14122299, 20.27432509 ], [ -99.14272299, 20.27272509 ], [ -99.14332299, 20.26932509 ], [ -99.14242299, 20.26592509 ], [ -99.13962299, 20.26532509 ], [ -99.13832299, 20.26822509 ], [ -99.13802299, 20.27122509 ], [ -99.13392299, 20.27252509 ], [ -99.13102299, 20.27392509 ], [ -99.12712299, 20.27372509 ], [ -99.12582299, 20.27142509 ], [ -99.12582299, 20.26882509 ], [ -99.12242299, 20.26802509 ], [ -99.11782299, 20.27032509 ], [ -99.11502299, 20.26932509 ], [ -99.11222299, 20.27022509 ], [ -99.10962299, 20.27082509 ], [ -99.10642299, 20.26992509 ], [ -99.10382299, 20.26922509 ], [ -99.10202299, 20.26872509 ], [ -99.10072299, 20.26672509 ], [ -99.10302299, 20.26522509 ], [ -99.10572299, 20.26432509 ], [ -99.10422299, 20.26232509 ], [ -99.10802299, 20.26122509 ], [ -99.10632299, 20.25812509 ], [ -99.10402299, 20.25862509 ], [ -99.10182299, 20.25822509 ], [ -99.10072299, 20.26102509 ], [ -99.09912299, 20.26222509 ], [ -99.09742299, 20.26492509 ], [ -99.09422299, 20.26532509 ], [ -99.09202299, 20.26562509 ], [ -99.08992299, 20.26362509 ], [ -99.08792299, 20.26592509 ], [ -99.08632299, 20.26752509 ], [ -99.08462299, 20.26912509 ], [ -99.08212299, 20.26972509 ], [ -99.08012299, 20.27012509 ], [ -99.07742299, 20.26972509 ], [ -99.07562299, 20.27072509 ], [ -99.07352299, 20.27092509 ], [ -99.07112299, 20.27192509 ], [ -99.06862299, 20.27172509 ], [ -99.06972299, 20.26852509 ], [ -99.06892299, 20.26542509 ], [ -99.06432299, 20.26542509 ], [ -99.06162299, 20.26892509 ], [ -99.06542299, 20.27002509 ], [ -99.06862299, 20.27172509 ], [ -99.06462299, 20.27532509 ], [ -99.06232299, 20.27502509 ], [ -99.06042299, 20.27722509 ], [ -99.05782299, 20.27542509 ], [ -99.06012299, 20.27302509 ], [ -99.05752299, 20.27212509 ], [ -99.05892299, 20.26932509 ], [ -99.05972299, 20.26502509 ], [ -99.05832299, 20.26132509 ], [ -99.05372299, 20.26292509 ], [ -99.05422299, 20.26042509 ], [ -99.05132299, 20.26062509 ], [ -99.05122299, 20.26362509 ], [ -99.05372299, 20.26292509 ], [ -99.05182299, 20.26532509 ], [ -99.04942299, 20.26792509 ], [ -99.05102299, 20.27252509 ], [ -99.04972299, 20.27712509 ], [ -99.04662299, 20.27742509 ], [ -99.04352299, 20.27992509 ], [ -99.04162299, 20.28182509 ], [ -99.03962299, 20.28322509 ], [ -99.03862299, 20.28592509 ], [ -99.04142299, 20.28852509 ], [ -99.03962299, 20.29082509 ], [ -99.03572299, 20.29072509 ], [ -99.03582299, 20.28812509 ], [ -99.03332299, 20.28782509 ], [ -99.03372299, 20.29202509 ], [ -99.03532299, 20.29352509 ], [ -99.03342299, 20.29442509 ], [ -99.03352299, 20.29732509 ], [ -99.03502299, 20.30172509 ], [ -99.03412299, 20.30472509 ], [ -99.03052299, 20.30332509 ], [ -99.03112299, 20.29962509 ], [ -99.02822299, 20.30182509 ], [ -99.02812299, 20.29962509 ], [ -99.02692299, 20.29742509 ], [ -99.02512299, 20.29972509 ], [ -99.02202299, 20.29782509 ], [ -99.01942299, 20.30052509 ], [ -99.02282299, 20.30442509 ], [ -99.02542299, 20.30232509 ], [ -99.02512299, 20.29972509 ], [ -99.02822299, 20.30182509 ], [ -99.02722299, 20.30472509 ], [ -99.02602299, 20.30692509 ], [ -99.03012299, 20.30682509 ], [ -99.03252299, 20.30812509 ], [ -99.03412299, 20.30472509 ], [ -99.03582299, 20.30612509 ], [ -99.03982299, 20.30762509 ], [ -99.03852299, 20.30942509 ], [ -99.03962299, 20.31252509 ], [ -99.04202299, 20.31002509 ], [ -99.04312299, 20.31262509 ], [ -99.04322299, 20.31652509 ], [ -99.04292299, 20.32012509 ], [ -99.03972299, 20.31982509 ], [ -99.04232299, 20.32202509 ], [ -99.04572299, 20.32182509 ], [ -99.04742299, 20.32272509 ], [ -99.04632299, 20.32442509 ], [ -99.04742299, 20.32822509 ], [ -99.04472299, 20.32762509 ], [ -99.04122299, 20.32842509 ], [ -99.03862299, 20.32842509 ], [ -99.03532299, 20.32622509 ], [ -99.03482299, 20.33042509 ], [ -99.03642299, 20.33282509 ], [ -99.04002299, 20.33242509 ], [ -99.04282299, 20.33232509 ], [ -99.04522299, 20.33352509 ], [ -99.04872299, 20.33412509 ], [ -99.05012299, 20.33602509 ], [ -99.04942299, 20.33842509 ], [ -99.04572299, 20.33822509 ], [ -99.04322299, 20.33912509 ], [ -99.04352299, 20.34212509 ], [ -99.04102299, 20.34062509 ], [ -99.03932299, 20.34262509 ], [ -99.04352299, 20.34442509 ], [ -99.04612299, 20.34632509 ], [ -99.04402299, 20.34662509 ], [ -99.04132299, 20.34642509 ], [ -99.04362299, 20.35022509 ], [ -99.04522299, 20.35232509 ], [ -99.04712299, 20.35382509 ], [ -99.04472299, 20.35602509 ], [ -99.04322299, 20.35352509 ], [ -99.03992299, 20.35272509 ], [ -99.03722299, 20.35482509 ], [ -99.03692299, 20.35772509 ], [ -99.03782299, 20.36142509 ], [ -99.04132299, 20.36442509 ], [ -99.04252299, 20.36892509 ], [ -99.04232299, 20.37202509 ], [ -99.03942299, 20.37402509 ], [ -99.03852299, 20.37112509 ], [ -99.03502299, 20.37012509 ], [ -99.03362299, 20.37282509 ], [ -99.03302299, 20.37542509 ], [ -99.03042299, 20.37682509 ], [ -99.02672299, 20.37892509 ], [ -99.02542299, 20.37442509 ], [ -99.02022299, 20.37182509 ], [ -99.01602299, 20.37112509 ], [ -99.01332299, 20.36812509 ], [ -99.00882299, 20.36552509 ], [ -99.00472299, 20.36592509 ], [ -99.00062299, 20.36712509 ], [ -99.00212299, 20.36422509 ], [ -98.99972299, 20.36172509 ], [ -99.00142299, 20.35892509 ], [ -99.00372299, 20.35722509 ], [ -99.00482299, 20.36002509 ], [ -99.00872299, 20.36082509 ], [ -99.01192299, 20.35872509 ], [ -99.01252299, 20.35482509 ], [ -99.01582299, 20.35272509 ], [ -99.01412299, 20.34962509 ], [ -99.01192299, 20.34842509 ], [ -99.01242299, 20.34582509 ], [ -99.01442299, 20.34752509 ], [ -99.01692299, 20.34502509 ], [ -99.01982299, 20.34732509 ], [ -99.02292299, 20.34912509 ], [ -99.02212299, 20.34602509 ], [ -99.02032299, 20.34302509 ], [ -99.02262299, 20.34112509 ], [ -99.02512299, 20.34222509 ], [ -99.02342299, 20.34392509 ], [ -99.02662299, 20.34592509 ], [ -99.02742299, 20.34932509 ], [ -99.02932299, 20.34652509 ], [ -99.03012299, 20.34352509 ], [ -99.03352299, 20.34132509 ], [ -99.03122299, 20.34022509 ], [ -99.03032299, 20.33792509 ], [ -99.02942299, 20.33432509 ], [ -99.02602299, 20.33892509 ], [ -99.02292299, 20.33612509 ], [ -99.02262299, 20.33282509 ], [ -99.02312299, 20.33002509 ], [ -99.02502299, 20.32852509 ], [ -99.02622299, 20.33002509 ], [ -99.02892299, 20.32952509 ], [ -99.03062299, 20.32682509 ], [ -99.02732299, 20.32422509 ], [ -99.02472299, 20.32022509 ], [ -99.02932299, 20.31922509 ], [ -99.02902299, 20.31652509 ], [ -99.02622299, 20.31572509 ], [ -99.02172299, 20.31582509 ], [ -99.02092299, 20.31832509 ], [ -99.02472299, 20.32022509 ], [ -99.02432299, 20.32282509 ], [ -99.02252299, 20.32172509 ], [ -99.02012299, 20.32352509 ], [ -99.01942299, 20.32552509 ], [ -99.01802299, 20.32432509 ], [ -99.01592299, 20.32702509 ], [ -99.01392299, 20.32792509 ], [ -99.01282299, 20.32582509 ], [ -99.01562299, 20.32482509 ], [ -99.01472299, 20.32192509 ], [ -99.01202299, 20.31892509 ], [ -99.01002299, 20.31642509 ], [ -99.00752299, 20.31532509 ], [ -99.00992299, 20.31412509 ], [ -99.01052299, 20.31112509 ], [ -99.00882299, 20.30982509 ], [ -99.01112299, 20.30842509 ], [ -99.00812299, 20.30682509 ], [ -99.00592299, 20.31002509 ], [ -99.00332299, 20.30952509 ], [ -99.00062299, 20.30832509 ], [ -98.99892299, 20.31322509 ], [ -98.99492299, 20.31212509 ], [ -98.99042299, 20.31232509 ], [ -98.98992299, 20.30992509 ], [ -98.98972299, 20.30762509 ], [ -98.99272299, 20.30622509 ], [ -98.99302299, 20.30432509 ], [ -98.99612299, 20.30482509 ], [ -99.00032299, 20.30502509 ], [ -98.99922299, 20.30172509 ], [ -98.99552299, 20.29922509 ], [ -98.99522299, 20.29642509 ], [ -98.99152299, 20.29642509 ], [ -98.98812299, 20.29712509 ], [ -98.98512299, 20.29602509 ], [ -98.98202299, 20.29412509 ], [ -98.98022299, 20.29732509 ], [ -98.97752299, 20.29592509 ], [ -98.97902299, 20.29272509 ], [ -98.97632299, 20.29252509 ], [ -98.97722299, 20.28982509 ], [ -98.97732299, 20.28652509 ], [ -98.97722299, 20.28422509 ], [ -98.97582299, 20.28152509 ], [ -98.97722299, 20.28022509 ], [ -98.97962299, 20.28192509 ], [ -98.98182299, 20.27992509 ], [ -98.97832299, 20.27852509 ], [ -98.97722299, 20.28022509 ], [ -98.97592299, 20.27712509 ], [ -98.97412299, 20.27612509 ], [ -98.97592299, 20.27282509 ], [ -98.97312299, 20.27172509 ], [ -98.97182299, 20.26972509 ], [ -98.97252299, 20.26632509 ], [ -98.96942299, 20.26372509 ], [ -98.96612299, 20.26312509 ], [ -98.96442299, 20.26592509 ], [ -98.96002299, 20.26612509 ], [ -98.96072299, 20.26342509 ], [ -98.95652299, 20.26572509 ], [ -98.95392299, 20.26282509 ], [ -98.95082299, 20.26262509 ], [ -98.94852299, 20.25992509 ], [ -98.94832299, 20.25782509 ], [ -98.94772299, 20.25522509 ], [ -98.94412299, 20.25522509 ], [ -98.94082299, 20.25672509 ], [ -98.93872299, 20.25482509 ], [ -98.93652299, 20.25332509 ], [ -98.93422299, 20.25162509 ], [ -98.93522299, 20.24902509 ], [ -98.93732299, 20.24832509 ], [ -98.94022299, 20.25002509 ], [ -98.94212299, 20.24842509 ], [ -98.94472299, 20.24792509 ], [ -98.94422299, 20.24542509 ], [ -98.94862299, 20.24552509 ], [ -98.95032299, 20.24742509 ], [ -98.95292299, 20.24862509 ], [ -98.95302299, 20.24482509 ], [ -98.95382299, 20.24232509 ], [ -98.95102299, 20.24122509 ], [ -98.94952299, 20.23912509 ], [ -98.95212299, 20.23852509 ], [ -98.95342299, 20.23562509 ], [ -98.95352299, 20.23192509 ], [ -98.95232299, 20.22882509 ], [ -98.95382299, 20.22662509 ], [ -98.95132299, 20.22502509 ], [ -98.95262299, 20.22302509 ], [ -98.95452299, 20.22022509 ], [ -98.95402299, 20.21662509 ], [ -98.94942299, 20.21602509 ], [ -98.95122299, 20.21302509 ], [ -98.95252299, 20.21442509 ], [ -98.95552299, 20.21152509 ], [ -98.95262299, 20.20912509 ], [ -98.95572299, 20.20832509 ], [ -98.95662299, 20.20522509 ], [ -98.95522299, 20.20352509 ], [ -98.95762299, 20.20182509 ], [ -98.95992299, 20.20182509 ], [ -98.96232299, 20.20112509 ], [ -98.96702299, 20.19982509 ], [ -98.96472299, 20.20222509 ], [ -98.96262299, 20.20602509 ], [ -98.95982299, 20.20532509 ], [ -98.96012299, 20.20842509 ], [ -98.95882299, 20.20972509 ], [ -98.96162299, 20.21312509 ], [ -98.95652299, 20.21602509 ], [ -98.95982299, 20.21822509 ], [ -98.96192299, 20.22132509 ], [ -98.96602299, 20.22152509 ], [ -98.96902299, 20.22202509 ], [ -98.97132299, 20.22082509 ], [ -98.97432299, 20.21992509 ], [ -98.97722299, 20.21982509 ], [ -98.97972299, 20.22012509 ], [ -98.98432299, 20.22052509 ], [ -98.98782299, 20.22062509 ], [ -98.99132299, 20.22102509 ], [ -98.99382299, 20.22012509 ], [ -98.99652299, 20.22132509 ], [ -98.99812299, 20.22232509 ], [ -99.00362299, 20.22152509 ], [ -99.00592299, 20.22252509 ], [ -99.01072299, 20.22242509 ], [ -99.01382299, 20.22222509 ], [ -99.01612299, 20.22182509 ], [ -99.01912299, 20.22502509 ], [ -99.02072299, 20.22822509 ], [ -99.01692299, 20.22892509 ], [ -99.01372299, 20.23062509 ], [ -99.01662299, 20.23242509 ], [ -99.01572299, 20.23592509 ], [ -99.01882299, 20.23592509 ], [ -99.01932299, 20.23272509 ], [ -99.02132299, 20.23062509 ], [ -99.02292299, 20.23222509 ], [ -99.02592299, 20.23272509 ], [ -99.02672299, 20.23082509 ], [ -99.03012299, 20.23122509 ], [ -99.03102299, 20.22872509 ], [ -99.03442299, 20.22872509 ], [ -99.03692299, 20.22452509 ], [ -99.04062299, 20.22102509 ], [ -99.04142299, 20.21782509 ], [ -99.04102299, 20.21562509 ], [ -99.04392299, 20.21562509 ], [ -99.04522299, 20.21362509 ], [ -99.04712299, 20.21232509 ], [ -99.05072299, 20.21072509 ], [ -99.05492299, 20.21022509 ], [ -99.05832299, 20.21332509 ], [ -99.05932299, 20.21702509 ], [ -99.06122299, 20.21452509 ], [ -99.06402299, 20.21612509 ], [ -99.06382299, 20.21902509 ], [ -99.06682299, 20.21892509 ], [ -99.06942299, 20.21992509 ], [ -99.07302299, 20.21862509 ], [ -99.07112299, 20.21682509 ], [ -99.07032299, 20.21512509 ], [ -99.06862299, 20.21462509 ], [ -99.06472299, 20.21202509 ], [ -99.06952299, 20.21232509 ], [ -99.07312299, 20.21512509 ], [ -99.07572299, 20.21552509 ], [ -99.08002299, 20.21482509 ], [ -99.08122299, 20.21702509 ], [ -99.08302299, 20.21652509 ], [ -99.08482299, 20.21702509 ], [ -99.08662299, 20.21932509 ], [ -99.08982299, 20.22002509 ], [ -99.08662299, 20.22172509 ], [ -99.08652299, 20.22372509 ], [ -99.08682299, 20.22682509 ], [ -99.08872299, 20.22892509 ], [ -99.09002299, 20.22652509 ], [ -99.09182299, 20.22522509 ], [ -99.09322299, 20.22752509 ], [ -99.09592299, 20.22622509 ], [ -99.09892299, 20.22752509 ], [ -99.09912299, 20.22442509 ], [ -99.10262299, 20.22502509 ], [ -99.10512299, 20.22332509 ], [ -99.10862299, 20.22402509 ], [ -99.11072299, 20.22612509 ], [ -99.11442299, 20.22592509 ], [ -99.11662299, 20.22632509 ], [ -99.11992299, 20.22632509 ], [ -99.12142299, 20.22372509 ], [ -99.12392299, 20.22592509 ], [ -99.12732299, 20.22542509 ], [ -99.12962299, 20.22492509 ], [ -99.13432299, 20.22472509 ], [ -99.13812299, 20.22212509 ], [ -99.13772299, 20.22702509 ], [ -99.13492299, 20.22992509 ], [ -99.13772299, 20.23022509 ], [ -99.14102299, 20.22902509 ], [ -99.14442299, 20.22582509 ], [ -99.14852299, 20.22492509 ], [ -99.14522299, 20.22122509 ], [ -99.14232299, 20.22212509 ], [ -99.14102299, 20.22362509 ], [ -99.13812299, 20.22212509 ], [ -99.14072299, 20.21972509 ], [ -99.14422299, 20.21812509 ], [ -99.14502299, 20.21482509 ], [ -99.14722299, 20.21382509 ], [ -99.14792299, 20.21142509 ], [ -99.15022299, 20.21132509 ], [ -99.15292299, 20.21142509 ], [ -99.15472299, 20.20922509 ], [ -99.15732299, 20.20852509 ], [ -99.15832299, 20.20592509 ], [ -99.16012299, 20.20332509 ], [ -99.16442299, 20.20132509 ], [ -99.16482299, 20.19872509 ], [ -99.16642299, 20.19812509 ], [ -99.16812299, 20.19772509 ], [ -99.16802299, 20.19452509 ], [ -99.16942299, 20.19102509 ], [ -99.17182299, 20.18692509 ], [ -99.17432299, 20.18382509 ], [ -99.17662299, 20.18072509 ], [ -99.17872299, 20.17762509 ], [ -99.17972299, 20.17552509 ], [ -99.17952299, 20.17162509 ], [ -99.18282299, 20.16932509 ], [ -99.18602299, 20.16602509 ], [ -99.18802299, 20.16272509 ], [ -99.18702299, 20.15902509 ], [ -99.18702299, 20.15532509 ], [ -99.18902299, 20.15672509 ], [ -99.18942299, 20.15422509 ], [ -99.19202299, 20.15222509 ], [ -99.19042299, 20.14842509 ], [ -99.19292299, 20.14832509 ], [ -99.19512299, 20.15032509 ], [ -99.19722299, 20.14992509 ], [ -99.20002299, 20.14932509 ], [ -99.20252299, 20.14852509 ], [ -99.20342299, 20.15022509 ], [ -99.20672299, 20.15032509 ], [ -99.20932299, 20.14702509 ], [ -99.21362299, 20.14662509 ], [ -99.21672299, 20.14182509 ], [ -99.21472299, 20.13942509 ], [ -99.21412299, 20.13752509 ], [ -99.21282299, 20.13502509 ], [ -99.21192299, 20.13242509 ], [ -99.20942299, 20.13062509 ], [ -99.20832299, 20.12682509 ], [ -99.20562299, 20.12622509 ], [ -99.20802299, 20.12362509 ], [ -99.20712299, 20.12012509 ], [ -99.20552299, 20.11752509 ], [ -99.20712299, 20.11662509 ], [ -99.20682299, 20.11322509 ], [ -99.20402299, 20.10912509 ], [ -99.20042299, 20.10792509 ], [ -99.19672299, 20.10782509 ], [ -99.19462299, 20.10882509 ], [ -99.19242299, 20.10442509 ], [ -99.18802299, 20.10452509 ], [ -99.18872299, 20.10202509 ], [ -99.18812299, 20.09892509 ], [ -99.18592299, 20.09952509 ], [ -99.18332299, 20.09742509 ], [ -99.18072299, 20.09562509 ], [ -99.17722299, 20.09422509 ], [ -99.18082299, 20.09272509 ], [ -99.18522299, 20.08942509 ], [ -99.18732299, 20.08582509 ], [ -99.18432299, 20.08332509 ], [ -99.18332299, 20.08122509 ], [ -99.18252299, 20.07832509 ], [ -99.18182299, 20.07602509 ], [ -99.18092299, 20.07422509 ], [ -99.18392299, 20.07072509 ], [ -99.18322299, 20.06762509 ], [ -99.18232299, 20.06512509 ], [ -99.18512299, 20.06522509 ], [ -99.18572299, 20.06222509 ], [ -99.18432299, 20.06102509 ], [ -99.18702299, 20.05942509 ], [ -99.18932299, 20.05612509 ], [ -99.19132299, 20.05192509 ], [ -99.19442299, 20.04822509 ], [ -99.19572299, 20.04642509 ], [ -99.19792299, 20.04332509 ], [ -99.19922299, 20.03812509 ], [ -99.19872299, 20.03432509 ], [ -99.20032299, 20.03502509 ], [ -99.20222299, 20.03352509 ], [ -99.20462299, 20.03212509 ], [ -99.20632299, 20.03002509 ], [ -99.20462299, 20.02812509 ], [ -99.20742299, 20.02552509 ], [ -99.20842299, 20.02282509 ], [ -99.20702299, 20.02012509 ], [ -99.20672299, 20.01692509 ], [ -99.20532299, 20.01522509 ], [ -99.20342299, 20.01392509 ], [ -99.20522299, 20.01312509 ], [ -99.20872299, 20.01062509 ], [ -99.20742299, 20.01482509 ], [ -99.20992299, 20.01612509 ], [ -99.20932299, 20.01802509 ], [ -99.20972299, 20.02012509 ], [ -99.21152299, 20.02332509 ], [ -99.21472299, 20.02432509 ], [ -99.21452299, 20.02802509 ], [ -99.21792299, 20.03262509 ], [ -99.22032299, 20.03272509 ], [ -99.22112299, 20.03572509 ], [ -99.21952299, 20.03812509 ], [ -99.22142299, 20.04082509 ], [ -99.22332299, 20.04292509 ], [ -99.22202299, 20.04532509 ], [ -99.21982299, 20.04482509 ], [ -99.21552299, 20.04742509 ], [ -99.21242299, 20.04762509 ], [ -99.21332299, 20.04532509 ], [ -99.21352299, 20.04262509 ], [ -99.21062299, 20.03942509 ], [ -99.20812299, 20.03912509 ], [ -99.20622299, 20.04172509 ], [ -99.20742299, 20.04502509 ], [ -99.21242299, 20.04762509 ], [ -99.20922299, 20.04842509 ], [ -99.21042299, 20.05182509 ], [ -99.20982299, 20.05582509 ], [ -99.20712299, 20.05292509 ], [ -99.20662299, 20.05022509 ], [ -99.20152299, 20.05232509 ], [ -99.19992299, 20.05572509 ], [ -99.19872299, 20.05932509 ], [ -99.20072299, 20.06142509 ], [ -99.20342299, 20.06102509 ], [ -99.20962299, 20.06272509 ], [ -99.20782299, 20.06712509 ], [ -99.21082299, 20.06912509 ], [ -99.21362299, 20.06922509 ], [ -99.21702299, 20.07082509 ], [ -99.21682299, 20.07302509 ], [ -99.21552299, 20.07512509 ], [ -99.21812299, 20.07522509 ], [ -99.21852299, 20.07962509 ], [ -99.21692299, 20.08242509 ], [ -99.21262299, 20.08272509 ], [ -99.21382299, 20.08792509 ], [ -99.21612299, 20.09042509 ], [ -99.21322299, 20.09032509 ], [ -99.20942299, 20.09022509 ], [ -99.21002299, 20.09402509 ], [ -99.21282299, 20.09432509 ], [ -99.21292299, 20.09822509 ], [ -99.21632299, 20.09702509 ], [ -99.21832299, 20.09842509 ], [ -99.21982299, 20.10122509 ], [ -99.22192299, 20.10402509 ], [ -99.22462299, 20.10382509 ], [ -99.22842299, 20.10382509 ], [ -99.23162299, 20.10462509 ], [ -99.23592299, 20.10382509 ], [ -99.23562299, 20.09942509 ], [ -99.23442299, 20.09732509 ], [ -99.23592299, 20.09462509 ], [ -99.23832299, 20.09652509 ], [ -99.23962299, 20.09912509 ], [ -99.24172299, 20.10022509 ], [ -99.24452299, 20.09992509 ], [ -99.24792299, 20.09662509 ], [ -99.24422299, 20.09672509 ], [ -99.24742299, 20.09312509 ], [ -99.24782299, 20.08982509 ], [ -99.24852299, 20.08532509 ], [ -99.24652299, 20.08202509 ], [ -99.24442299, 20.07952509 ], [ -99.24322299, 20.08212509 ], [ -99.24102299, 20.08412509 ], [ -99.24112299, 20.08072509 ], [ -99.23912299, 20.08352509 ], [ -99.24102299, 20.08412509 ], [ -99.24042299, 20.08722509 ], [ -99.23782299, 20.08672509 ], [ -99.23762299, 20.08932509 ], [ -99.23542299, 20.09252509 ], [ -99.23362299, 20.08972509 ], [ -99.23352299, 20.08582509 ], [ -99.23262299, 20.08222509 ], [ -99.23352299, 20.07902509 ], [ -99.23412299, 20.07662509 ], [ -99.23192299, 20.07482509 ], [ -99.23522299, 20.07382509 ], [ -99.23722299, 20.07442509 ], [ -99.24082299, 20.07452509 ], [ -99.24172299, 20.07112509 ], [ -99.24542299, 20.06742509 ], [ -99.24842299, 20.07022509 ], [ -99.25122299, 20.07322509 ], [ -99.25382299, 20.07482509 ], [ -99.25582299, 20.07452509 ], [ -99.25802299, 20.07342509 ], [ -99.26012299, 20.07122509 ], [ -99.26392299, 20.06892509 ], [ -99.26122299, 20.06752509 ], [ -99.26152299, 20.06522509 ], [ -99.26072299, 20.06202509 ], [ -99.26192299, 20.06022509 ], [ -99.26402299, 20.05972509 ], [ -99.26742299, 20.05972509 ], [ -99.27022299, 20.06032509 ], [ -99.27352299, 20.06302509 ], [ -99.27092299, 20.06482509 ], [ -99.27272299, 20.06812509 ], [ -99.27262299, 20.07062509 ], [ -99.27712299, 20.07102509 ], [ -99.27972299, 20.07212509 ], [ -99.28032299, 20.06632509 ], [ -99.27712299, 20.06652509 ], [ -99.27722299, 20.06342509 ], [ -99.27952299, 20.06162509 ], [ -99.28292299, 20.06182509 ], [ -99.28762299, 20.06212509 ], [ -99.29132299, 20.05842509 ], [ -99.29182299, 20.05602509 ], [ -99.29152299, 20.05352509 ], [ -99.29912299, 20.05642509 ], [ -99.30462299, 20.05762509 ], [ -99.30592299, 20.05602509 ], [ -99.30962299, 20.05672509 ], [ -99.30982299, 20.05912509 ], [ -99.31282299, 20.06102509 ], [ -99.31352299, 20.06552509 ], [ -99.31402299, 20.06952509 ], [ -99.31522299, 20.07272509 ], [ -99.31312299, 20.07452509 ], [ -99.31542299, 20.07692509 ], [ -99.31672299, 20.08012509 ], [ -99.31862299, 20.08122509 ], [ -99.32062299, 20.08412509 ], [ -99.32232299, 20.08322509 ], [ -99.32432299, 20.08052509 ], [ -99.32632299, 20.07592509 ], [ -99.32452299, 20.07542509 ], [ -99.32542299, 20.07372509 ], [ -99.32532299, 20.07132509 ], [ -99.32622299, 20.06892509 ], [ -99.32612299, 20.06592509 ], [ -99.32422299, 20.06422509 ], [ -99.32272299, 20.06192509 ], [ -99.32242299, 20.05872509 ], [ -99.32682299, 20.06082509 ], [ -99.32942299, 20.06482509 ], [ -99.32832299, 20.06722509 ], [ -99.32912299, 20.07212509 ], [ -99.33182299, 20.07032509 ], [ -99.33252299, 20.07322509 ], [ -99.33342299, 20.07552509 ], [ -99.33522299, 20.07922509 ], [ -99.33732299, 20.07862509 ], [ -99.33742299, 20.07522509 ], [ -99.33992299, 20.07262509 ], [ -99.34302299, 20.07292509 ], [ -99.34432299, 20.07532509 ], [ -99.34712299, 20.07812509 ], [ -99.34532299, 20.07902509 ], [ -99.34492299, 20.08242509 ], [ -99.34432299, 20.08572509 ], [ -99.34552299, 20.08902509 ], [ -99.34552299, 20.09102509 ], [ -99.34292299, 20.08872509 ], [ -99.34112299, 20.08652509 ], [ -99.34112299, 20.08412509 ], [ -99.33652299, 20.08242509 ], [ -99.33432299, 20.08572509 ], [ -99.33652299, 20.08742509 ], [ -99.33682299, 20.09102509 ], [ -99.33742299, 20.09382509 ], [ -99.33752299, 20.09602509 ], [ -99.33672299, 20.09932509 ], [ -99.33882299, 20.10152509 ], [ -99.34042299, 20.10122509 ], [ -99.34052299, 20.10382509 ], [ -99.33872299, 20.10612509 ], [ -99.34242299, 20.10482509 ], [ -99.34472299, 20.10802509 ], [ -99.34322299, 20.11012509 ], [ -99.34322299, 20.11282509 ], [ -99.34012299, 20.11442509 ], [ -99.34342299, 20.11672509 ], [ -99.33912299, 20.11622509 ], [ -99.33402299, 20.11562509 ], [ -99.33682299, 20.11972509 ], [ -99.33892299, 20.11882509 ], [ -99.34232299, 20.12002509 ], [ -99.34172299, 20.12352509 ], [ -99.34382299, 20.12702509 ], [ -99.34492299, 20.12262509 ], [ -99.34782299, 20.12632509 ], [ -99.34972299, 20.12432509 ], [ -99.35012299, 20.12112509 ], [ -99.34762299, 20.11932509 ], [ -99.35152299, 20.11872509 ], [ -99.35222299, 20.12082509 ], [ -99.35462299, 20.12142509 ], [ -99.35732299, 20.12322509 ], [ -99.35622299, 20.12872509 ], [ -99.35602299, 20.13252509 ], [ -99.35652299, 20.13662509 ], [ -99.35652299, 20.13952509 ], [ -99.35722299, 20.14252509 ], [ -99.35482299, 20.14432509 ], [ -99.35762299, 20.14632509 ], [ -99.35662299, 20.15012509 ], [ -99.35442299, 20.15252509 ], [ -99.35202299, 20.15332509 ], [ -99.34892299, 20.15132509 ], [ -99.34612299, 20.15242509 ], [ -99.34562299, 20.15482509 ], [ -99.34472299, 20.15802509 ], [ -99.34682299, 20.15962509 ], [ -99.34952299, 20.16012509 ], [ -99.35192299, 20.15772509 ], [ -99.35202299, 20.15332509 ] ], [ [ -99.21132299, 20.31272509 ], [ -99.21022299, 20.31042509 ], [ -99.20882299, 20.31332509 ], [ -99.21132299, 20.31272509 ] ], [ [ -99.22342299, 20.20732509 ], [ -99.22262299, 20.20372509 ], [ -99.21992299, 20.20342509 ], [ -99.21952299, 20.20762509 ], [ -99.22342299, 20.20732509 ] ], [ [ -99.03382299, 20.36422509 ], [ -99.03172299, 20.36252509 ], [ -99.02822299, 20.36342509 ], [ -99.03032299, 20.36752509 ], [ -99.03192299, 20.36612509 ], [ -99.03382299, 20.36422509 ] ], [ [ -99.15482299, 20.23562509 ], [ -99.15592299, 20.23282509 ], [ -99.15332299, 20.23122509 ], [ -99.15122299, 20.23222509 ], [ -99.15162299, 20.23622509 ], [ -99.15482299, 20.23562509 ] ], [ [ -99.04982299, 20.22582509 ], [ -99.04772299, 20.22192509 ], [ -99.04412299, 20.22292509 ], [ -99.04482299, 20.22562509 ], [ -99.04702299, 20.22702509 ], [ -99.04982299, 20.22582509 ] ], [ [ -99.03292299, 20.28062509 ], [ -99.02952299, 20.27932509 ], [ -99.02742299, 20.28062509 ], [ -99.02852299, 20.28542509 ], [ -99.03252299, 20.28282509 ], [ -99.03292299, 20.28062509 ] ], [ [ -99.17302299, 20.21682509 ], [ -99.17522299, 20.21472509 ], [ -99.17762299, 20.21522509 ], [ -99.17842299, 20.21232509 ], [ -99.17482299, 20.21152509 ], [ -99.17172299, 20.21412509 ], [ -99.17082299, 20.21622509 ], [ -99.17302299, 20.21682509 ] ], [ [ -99.20352299, 20.16722509 ], [ -99.20472299, 20.16482509 ], [ -99.20502299, 20.16212509 ], [ -99.20262299, 20.16162509 ], [ -99.19962299, 20.16172509 ], [ -99.20012299, 20.16372509 ], [ -99.20012299, 20.16592509 ], [ -99.20352299, 20.16722509 ] ], [ [ -99.03852299, 20.25002509 ], [ -99.03992299, 20.24722509 ], [ -99.04332299, 20.24782509 ], [ -99.03912299, 20.24432509 ], [ -99.03472299, 20.24572509 ], [ -99.03562299, 20.24912509 ], [ -99.03852299, 20.25002509 ] ], [ [ -98.99762299, 20.27142509 ], [ -98.99732299, 20.26882509 ], [ -98.99962299, 20.26742509 ], [ -98.99732299, 20.26592509 ], [ -98.99462299, 20.26632509 ], [ -98.99062299, 20.26602509 ], [ -98.99322299, 20.26932509 ], [ -98.99472299, 20.27262509 ], [ -98.99762299, 20.27142509 ] ], [ [ -99.24172299, 20.18432509 ], [ -99.23952299, 20.18452509 ], [ -99.23742299, 20.18512509 ], [ -99.23592299, 20.18712509 ], [ -99.23472299, 20.18892509 ], [ -99.23582299, 20.19202509 ], [ -99.23912299, 20.19112509 ], [ -99.24062299, 20.18782509 ], [ -99.24172299, 20.18432509 ] ], [ [ -98.96302299, 20.23872509 ], [ -98.96512299, 20.23482509 ], [ -98.96442299, 20.23272509 ], [ -98.96282299, 20.22972509 ], [ -98.95942299, 20.23312509 ], [ -98.96112299, 20.23552509 ], [ -98.96302299, 20.23872509 ], [ -98.95942299, 20.23992509 ], [ -98.96172299, 20.24362509 ], [ -98.96302299, 20.23872509 ] ], [ [ -99.02902299, 20.25002509 ], [ -99.03062299, 20.24692509 ], [ -99.02412299, 20.24762509 ], [ -99.02552299, 20.24462509 ], [ -99.02522299, 20.24172509 ], [ -99.02272299, 20.24062509 ], [ -99.02262299, 20.24522509 ], [ -99.02412299, 20.24762509 ], [ -99.02472299, 20.25002509 ], [ -99.02662299, 20.25122509 ], [ -99.02842299, 20.25312509 ], [ -99.02902299, 20.25002509 ] ], [ [ -99.00142299, 20.22652509 ], [ -98.99802299, 20.22682509 ], [ -98.99582299, 20.22602509 ], [ -98.99312299, 20.22732509 ], [ -98.99562299, 20.22942509 ], [ -98.99432299, 20.23232509 ], [ -98.99732299, 20.23122509 ], [ -98.99832299, 20.23392509 ], [ -99.00082299, 20.23222509 ], [ -99.00082299, 20.22842509 ], [ -99.00142299, 20.22652509 ] ], [ [ -99.24702299, 20.17652509 ], [ -99.24462299, 20.17312509 ], [ -99.24152299, 20.17372509 ], [ -99.23882299, 20.17332509 ], [ -99.23562299, 20.17392509 ], [ -99.23702299, 20.17732509 ], [ -99.23792299, 20.17912509 ], [ -99.24062299, 20.17812509 ], [ -99.24352299, 20.17872509 ], [ -99.24702299, 20.17652509 ] ], [ [ -99.30592299, 20.14952509 ], [ -99.30412299, 20.14732509 ], [ -99.30222299, 20.14552509 ], [ -99.29842299, 20.14852509 ], [ -99.29752299, 20.15152509 ], [ -99.29852299, 20.15372509 ], [ -99.30052299, 20.15452509 ], [ -99.30402299, 20.15302509 ], [ -99.30592299, 20.14952509 ] ], [ [ -99.19152299, 20.17372509 ], [ -99.18922299, 20.17172509 ], [ -99.18852299, 20.16902509 ], [ -99.18622299, 20.17032509 ], [ -99.18922299, 20.17172509 ], [ -99.18602299, 20.17222509 ], [ -99.18302299, 20.17542509 ], [ -99.18602299, 20.17592509 ], [ -99.18972299, 20.17672509 ], [ -99.19222299, 20.17792509 ], [ -99.19442299, 20.17722509 ], [ -99.19522299, 20.17442509 ], [ -99.19442299, 20.17262509 ], [ -99.19152299, 20.17372509 ] ], [ [ -99.03022299, 20.35642509 ], [ -99.02702299, 20.35382509 ], [ -99.02532299, 20.35502509 ], [ -99.02352299, 20.35662509 ], [ -99.02072299, 20.35352509 ], [ -99.01432299, 20.35912509 ], [ -99.01842299, 20.36022509 ], [ -99.02062299, 20.35922509 ], [ -99.02372299, 20.35902509 ], [ -99.02572299, 20.35982509 ], [ -99.03022299, 20.35642509 ] ], [ [ -99.20292299, 20.21722509 ], [ -99.20042299, 20.21432509 ], [ -99.19802299, 20.21232509 ], [ -99.19512299, 20.21392509 ], [ -99.19432299, 20.21672509 ], [ -99.19482299, 20.21932509 ], [ -99.19612299, 20.22202509 ], [ -99.19902299, 20.22212509 ], [ -99.20122299, 20.22132509 ], [ -99.20292299, 20.21722509 ] ], [ [ -99.18472299, 20.19342509 ], [ -99.18232299, 20.19002509 ], [ -99.17822299, 20.18862509 ], [ -99.17542299, 20.19012509 ], [ -99.17312299, 20.19132509 ], [ -99.17502299, 20.19422509 ], [ -99.17622299, 20.19712509 ], [ -99.17942299, 20.19762509 ], [ -99.18232299, 20.19522509 ], [ -99.18472299, 20.19342509 ] ], [ [ -99.00642299, 20.25492509 ], [ -99.00272299, 20.25192509 ], [ -99.00022299, 20.25002509 ], [ -98.99842299, 20.24752509 ], [ -98.99832299, 20.25122509 ], [ -98.99642299, 20.25502509 ], [ -98.99432299, 20.25722509 ], [ -98.99692299, 20.26142509 ], [ -98.99952299, 20.26162509 ], [ -99.00122299, 20.25652509 ], [ -99.00322299, 20.25512509 ], [ -99.00642299, 20.25492509 ] ], [ [ -99.20742299, 20.18172509 ], [ -99.20432299, 20.17872509 ], [ -99.20642299, 20.17662509 ], [ -99.20782299, 20.17302509 ], [ -99.20512299, 20.17432509 ], [ -99.20432299, 20.17872509 ], [ -99.20182299, 20.18152509 ], [ -99.20062299, 20.18492509 ], [ -99.20492299, 20.18652509 ], [ -99.20682299, 20.18682509 ], [ -99.20792299, 20.18982509 ], [ -99.21102299, 20.18932509 ], [ -99.21362299, 20.18662509 ], [ -99.21022299, 20.18392509 ], [ -99.20742299, 20.18172509 ] ], [ [ -99.28232299, 20.07972509 ], [ -99.27902299, 20.08242509 ], [ -99.27532299, 20.07862509 ], [ -99.27502299, 20.08112509 ], [ -99.27682299, 20.08432509 ], [ -99.27902299, 20.08242509 ], [ -99.28042299, 20.08742509 ], [ -99.28422299, 20.08942509 ], [ -99.28532299, 20.09252509 ], [ -99.28702299, 20.09482509 ], [ -99.28982299, 20.09562509 ], [ -99.29232299, 20.09332509 ], [ -99.29022299, 20.09262509 ], [ -99.29132299, 20.09042509 ], [ -99.28872299, 20.08902509 ], [ -99.28792299, 20.08702509 ], [ -99.28542299, 20.08582509 ], [ -99.28412299, 20.08372509 ], [ -99.28202299, 20.08322509 ], [ -99.28232299, 20.07972509 ] ], [ [ -99.22862299, 20.14692509 ], [ -99.22762299, 20.14272509 ], [ -99.22532299, 20.14192509 ], [ -99.22312299, 20.14082509 ], [ -99.21842299, 20.14262509 ], [ -99.21732299, 20.14702509 ], [ -99.21722299, 20.14942509 ], [ -99.21912299, 20.15062509 ], [ -99.22172299, 20.15232509 ], [ -99.22532299, 20.15262509 ], [ -99.22822299, 20.15112509 ], [ -99.22862299, 20.14692509 ] ], [ [ -99.14872299, 20.26012509 ], [ -99.14472299, 20.25932509 ], [ -99.14512299, 20.25702509 ], [ -99.14762299, 20.25652509 ], [ -99.14832299, 20.25402509 ], [ -99.14772299, 20.25152509 ], [ -99.14652299, 20.24832509 ], [ -99.14302299, 20.24662509 ], [ -99.13882299, 20.24742509 ], [ -99.13662299, 20.24832509 ], [ -99.13652299, 20.25012509 ], [ -99.13652299, 20.25262509 ], [ -99.13672299, 20.25602509 ], [ -99.13602299, 20.25922509 ], [ -99.13992299, 20.25992509 ], [ -99.14472299, 20.25932509 ], [ -99.14312299, 20.26262509 ], [ -99.14552299, 20.26602509 ], [ -99.14652299, 20.26182509 ], [ -99.14872299, 20.26012509 ] ], [ [ -99.02182299, 20.28572509 ], [ -99.02062299, 20.28152509 ], [ -99.01742299, 20.28272509 ], [ -99.01652299, 20.27992509 ], [ -99.01412299, 20.28132509 ], [ -99.01532299, 20.27872509 ], [ -99.01702299, 20.27812509 ], [ -99.01502299, 20.27572509 ], [ -99.01242299, 20.27592509 ], [ -99.00922299, 20.27792509 ], [ -99.00672299, 20.27572509 ], [ -99.00402299, 20.27832509 ], [ -99.00762299, 20.28132509 ], [ -99.00512299, 20.28182509 ], [ -99.00342299, 20.28382509 ], [ -99.00362299, 20.28592509 ], [ -99.00172299, 20.28602509 ], [ -99.00352299, 20.28842509 ], [ -99.00602299, 20.28892509 ], [ -99.00812299, 20.28732509 ], [ -99.01022299, 20.28812509 ], [ -99.01132299, 20.29032509 ], [ -99.01132299, 20.29202509 ], [ -99.01292299, 20.29432509 ], [ -99.01632299, 20.29812509 ], [ -99.01952299, 20.29762509 ], [ -99.01932299, 20.29272509 ], [ -99.01962299, 20.28922509 ], [ -99.01652299, 20.28912509 ], [ -99.01452299, 20.28912509 ], [ -99.01472299, 20.28662509 ], [ -99.01742299, 20.28642509 ], [ -99.02182299, 20.28572509 ] ], [ [ -99.09402299, 20.25372509 ], [ -99.09632299, 20.25362509 ], [ -99.09792299, 20.25062509 ], [ -99.09942299, 20.25372509 ], [ -99.10152299, 20.25082509 ], [ -99.10142299, 20.24712509 ], [ -99.10032299, 20.24372509 ], [ -99.09912299, 20.24112509 ], [ -99.09592299, 20.24082509 ], [ -99.09722299, 20.23832509 ], [ -99.09472299, 20.23762509 ], [ -99.09102299, 20.23912509 ], [ -99.08752299, 20.23812509 ], [ -99.08512299, 20.24042509 ], [ -99.08322299, 20.24382509 ], [ -99.08302299, 20.24712509 ], [ -99.08402299, 20.25042509 ], [ -99.08332299, 20.25302509 ], [ -99.08602299, 20.25262509 ], [ -99.08772299, 20.25172509 ], [ -99.08972299, 20.25172509 ], [ -99.09272299, 20.25232509 ], [ -99.09402299, 20.25372509 ] ], [ [ -99.28282299, 20.13882509 ], [ -99.28812299, 20.13972509 ], [ -99.29002299, 20.13862509 ], [ -99.29142299, 20.14042509 ], [ -99.29492299, 20.13962509 ], [ -99.29772299, 20.13982509 ], [ -99.30042299, 20.13812509 ], [ -99.30282299, 20.13752509 ], [ -99.30422299, 20.13372509 ], [ -99.30682299, 20.13172509 ], [ -99.30672299, 20.12782509 ], [ -99.30502299, 20.12432509 ], [ -99.30382299, 20.12142509 ], [ -99.30162299, 20.11962509 ], [ -99.30032299, 20.11752509 ], [ -99.29902299, 20.11862509 ], [ -99.29582299, 20.11922509 ], [ -99.29242299, 20.11952509 ], [ -99.28992299, 20.12122509 ], [ -99.28762299, 20.12372509 ], [ -99.28532299, 20.12552509 ], [ -99.28272299, 20.12892509 ], [ -99.28202299, 20.13192509 ], [ -99.28072299, 20.13462509 ], [ -99.28282299, 20.13882509 ] ] ], [ [ [ -99.10472299, 20.38962509 ], [ -99.10472299, 20.39272509 ], [ -99.10202299, 20.39422509 ], [ -99.10002299, 20.39552509 ], [ -99.09852299, 20.39502509 ], [ -99.09702299, 20.39632509 ], [ -99.09532299, 20.39652509 ], [ -99.09562299, 20.39322509 ], [ -99.09412299, 20.38942509 ], [ -99.09182299, 20.39072509 ], [ -99.08832299, 20.38992509 ], [ -99.08882299, 20.39262509 ], [ -99.09252299, 20.39382509 ], [ -99.09052299, 20.39702509 ], [ -99.09252299, 20.39972509 ], [ -99.09442299, 20.40242509 ], [ -99.09652299, 20.40362509 ], [ -99.09822299, 20.40622509 ], [ -99.10052299, 20.40872509 ], [ -99.10202299, 20.40752509 ], [ -99.10242299, 20.40912509 ], [ -99.10402299, 20.41072509 ], [ -99.10232299, 20.41212509 ], [ -99.10022299, 20.41232509 ], [ -99.09922299, 20.41492509 ], [ -99.10192299, 20.41822509 ], [ -99.10142299, 20.42122509 ], [ -99.09782299, 20.42222509 ], [ -99.09472299, 20.42132509 ], [ -99.09172299, 20.42442509 ], [ -99.09152299, 20.42662509 ], [ -99.08982299, 20.42952509 ], [ -99.09082299, 20.43272509 ], [ -99.08812299, 20.43252509 ], [ -99.08652299, 20.43012509 ], [ -99.08572299, 20.43312509 ], [ -99.08322299, 20.43042509 ], [ -99.08192299, 20.42702509 ], [ -99.08122299, 20.42512509 ], [ -99.07912299, 20.42462509 ], [ -99.07952299, 20.42212509 ], [ -99.07772299, 20.42092509 ], [ -99.07672299, 20.41932509 ], [ -99.07412299, 20.41792509 ], [ -99.07502299, 20.41602509 ], [ -99.07432299, 20.41412509 ], [ -99.07432299, 20.41212509 ], [ -99.07212299, 20.40922509 ], [ -99.06932299, 20.40782509 ], [ -99.06782299, 20.40582509 ], [ -99.06472299, 20.40562509 ], [ -99.06372299, 20.40302509 ], [ -99.06232299, 20.40082509 ], [ -99.06322299, 20.39732509 ], [ -99.06292299, 20.39372509 ], [ -99.06342299, 20.38972509 ], [ -99.06122299, 20.38852509 ], [ -99.06102299, 20.38522509 ], [ -99.05862299, 20.38432509 ], [ -99.05582299, 20.38262509 ], [ -99.05322299, 20.38332509 ], [ -99.05032299, 20.38392509 ], [ -99.04792299, 20.38552509 ], [ -99.04632299, 20.38502509 ], [ -99.04772299, 20.38342509 ], [ -99.04622299, 20.37962509 ], [ -99.04302299, 20.37892509 ], [ -99.04102299, 20.37672509 ], [ -99.03942299, 20.37402509 ], [ -99.04252299, 20.37482509 ], [ -99.04492299, 20.37682509 ], [ -99.04752299, 20.37652509 ], [ -99.05062299, 20.37872509 ], [ -99.05282299, 20.37682509 ], [ -99.05482299, 20.37312509 ], [ -99.05662299, 20.37082509 ], [ -99.05852299, 20.37002509 ], [ -99.05932299, 20.36732509 ], [ -99.05982299, 20.36542509 ], [ -99.06252299, 20.36522509 ], [ -99.06202299, 20.36932509 ], [ -99.06682299, 20.37072509 ], [ -99.06892299, 20.37132509 ], [ -99.07052299, 20.37312509 ], [ -99.06942299, 20.37532509 ], [ -99.07102299, 20.37782509 ], [ -99.06892299, 20.38002509 ], [ -99.06522299, 20.38072509 ], [ -99.06472299, 20.38352509 ], [ -99.06442299, 20.38652509 ], [ -99.06712299, 20.38832509 ], [ -99.06942299, 20.39052509 ], [ -99.07122299, 20.39212509 ], [ -99.07352299, 20.39122509 ], [ -99.07292299, 20.39452509 ], [ -99.07652299, 20.39532509 ], [ -99.07502299, 20.39772509 ], [ -99.07752299, 20.39942509 ], [ -99.08082299, 20.39392509 ], [ -99.08652299, 20.39262509 ], [ -99.08502299, 20.38882509 ], [ -99.08612299, 20.38572509 ], [ -99.08912299, 20.38622509 ], [ -99.09412299, 20.38662509 ], [ -99.09632299, 20.38552509 ], [ -99.09962299, 20.38472509 ], [ -99.10362299, 20.38472509 ], [ -99.10472299, 20.38212509 ], [ -99.10702299, 20.38442509 ], [ -99.10652299, 20.38652509 ], [ -99.10472299, 20.38962509 ] ], [ [ -99.08642299, 20.42282509 ], [ -99.08772299, 20.42022509 ], [ -99.08172299, 20.41872509 ], [ -99.08212299, 20.42192509 ], [ -99.08642299, 20.42282509 ] ] ], [ [ [ -99.18432299, 20.14182509 ], [ -99.18412299, 20.14472509 ], [ -99.18362299, 20.14672509 ], [ -99.18132299, 20.14542509 ], [ -99.17952299, 20.14732509 ], [ -99.17802299, 20.14512509 ], [ -99.17582299, 20.14362509 ], [ -99.17222299, 20.14292509 ], [ -99.16992299, 20.14182509 ], [ -99.16692299, 20.14142509 ], [ -99.16422299, 20.13962509 ], [ -99.16172299, 20.14042509 ], [ -99.15922299, 20.14002509 ], [ -99.15682299, 20.14022509 ], [ -99.15372299, 20.14022509 ], [ -99.15232299, 20.13842509 ], [ -99.15122299, 20.13612509 ], [ -99.14712299, 20.13452509 ], [ -99.14812299, 20.13052509 ], [ -99.14612299, 20.12882509 ], [ -99.14152299, 20.12582509 ], [ -99.14232299, 20.12802509 ], [ -99.13992299, 20.12752509 ], [ -99.13842299, 20.12502509 ], [ -99.14042299, 20.12332509 ], [ -99.14232299, 20.12112509 ], [ -99.14082299, 20.11842509 ], [ -99.14232299, 20.11442509 ], [ -99.14422299, 20.11132509 ], [ -99.14602299, 20.11052509 ], [ -99.14842299, 20.10832509 ], [ -99.15112299, 20.10682509 ], [ -99.15032299, 20.11012509 ], [ -99.14902299, 20.11192509 ], [ -99.14922299, 20.11502509 ], [ -99.14952299, 20.11752509 ], [ -99.15172299, 20.11962509 ], [ -99.15362299, 20.12162509 ], [ -99.15392299, 20.12612509 ], [ -99.15692299, 20.12592509 ], [ -99.16102299, 20.13042509 ], [ -99.16422299, 20.13112509 ], [ -99.16662299, 20.13322509 ], [ -99.17012299, 20.13432509 ], [ -99.17282299, 20.13552509 ], [ -99.17512299, 20.13742509 ], [ -99.17712299, 20.13792509 ], [ -99.17882299, 20.13882509 ], [ -99.18132299, 20.13982509 ], [ -99.18212299, 20.14182509 ], [ -99.18432299, 20.14182509 ] ] ], [ [ [ -99.32502299, 20.02212509 ], [ -99.32542299, 20.01992509 ], [ -99.32812299, 20.02012509 ], [ -99.32782299, 20.02272509 ], [ -99.32752299, 20.02552509 ], [ -99.32592299, 20.02992509 ], [ -99.32772299, 20.03192509 ], [ -99.32702299, 20.03542509 ], [ -99.32532299, 20.04052509 ], [ -99.32232299, 20.04092509 ], [ -99.32002299, 20.03782509 ], [ -99.31832299, 20.04192509 ], [ -99.31492299, 20.04142509 ], [ -99.31742299, 20.03982509 ], [ -99.31652299, 20.03652509 ], [ -99.31792299, 20.03352509 ], [ -99.32052299, 20.03112509 ], [ -99.32052299, 20.02922509 ], [ -99.31992299, 20.02742509 ], [ -99.32112299, 20.02512509 ], [ -99.32272299, 20.02722509 ], [ -99.32362299, 20.02512509 ], [ -99.32502299, 20.02212509 ] ] ], [ [ [ -99.23452299, 20.22262509 ], [ -99.23802299, 20.22262509 ], [ -99.23912299, 20.22562509 ], [ -99.24132299, 20.22622509 ], [ -99.23852299, 20.23042509 ], [ -99.23572299, 20.23122509 ], [ -99.23402299, 20.23242509 ], [ -99.23292299, 20.23472509 ], [ -99.23212299, 20.23682509 ], [ -99.22942299, 20.23772509 ], [ -99.22962299, 20.23592509 ], [ -99.22602299, 20.23642509 ], [ -99.22332299, 20.23732509 ], [ -99.22312299, 20.23482509 ], [ -99.22242299, 20.23152509 ], [ -99.22252299, 20.22952509 ], [ -99.22522299, 20.23202509 ], [ -99.22902299, 20.22852509 ], [ -99.23122299, 20.22692509 ], [ -99.23192299, 20.22362509 ], [ -99.23452299, 20.22262509 ] ] ], [ [ [ -99.26572299, 20.18122509 ], [ -99.26692299, 20.18382509 ], [ -99.26962299, 20.18412509 ], [ -99.26832299, 20.18782509 ], [ -99.26922299, 20.19142509 ], [ -99.26552299, 20.19352509 ], [ -99.26542299, 20.19022509 ], [ -99.26012299, 20.19002509 ], [ -99.26162299, 20.18682509 ], [ -99.25942299, 20.18462509 ], [ -99.26112299, 20.18212509 ], [ -99.26232299, 20.17942509 ], [ -99.26572299, 20.18122509 ] ] ], [ [ [ -99.38072299, 20.17862509 ], [ -99.37842299, 20.17592509 ], [ -99.37752299, 20.17292509 ], [ -99.37552299, 20.17202509 ], [ -99.37772299, 20.17092509 ], [ -99.38052299, 20.17172509 ], [ -99.38402299, 20.17572509 ], [ -99.38592299, 20.17892509 ], [ -99.38422299, 20.18322509 ], [ -99.38482299, 20.18742509 ], [ -99.38122299, 20.18492509 ], [ -99.37972299, 20.18292509 ], [ -99.37872299, 20.18082509 ], [ -99.38072299, 20.17862509 ] ] ], [ [ [ -99.37192299, 20.18482509 ], [ -99.36782299, 20.18412509 ], [ -99.36412299, 20.18562509 ], [ -99.36132299, 20.18462509 ], [ -99.35772299, 20.18352509 ], [ -99.35552299, 20.18252509 ], [ -99.35742299, 20.18112509 ], [ -99.36072299, 20.18102509 ], [ -99.36442299, 20.18232509 ], [ -99.36922299, 20.18212509 ], [ -99.37192299, 20.18482509 ] ] ], [ [ [ -99.32622299, 20.05302509 ], [ -99.32592299, 20.05562509 ], [ -99.32412299, 20.05372509 ], [ -99.32252299, 20.05442509 ], [ -99.32242299, 20.05252509 ], [ -99.32182299, 20.05052509 ], [ -99.31972299, 20.05012509 ], [ -99.32162299, 20.04752509 ], [ -99.32512299, 20.04792509 ], [ -99.32772299, 20.04932509 ], [ -99.32532299, 20.05132509 ], [ -99.32622299, 20.05302509 ] ] ], [ [ [ -99.06042299, 20.27722509 ], [ -99.06032299, 20.27912509 ], [ -99.05802299, 20.28202509 ], [ -99.05322299, 20.28362509 ], [ -99.05092299, 20.28072509 ], [ -99.05342299, 20.27902509 ], [ -99.05702299, 20.27922509 ], [ -99.06042299, 20.27722509 ] ] ], [ [ [ -99.27132299, 20.17862509 ], [ -99.26862299, 20.17682509 ], [ -99.26642299, 20.17922509 ], [ -99.26432299, 20.17752509 ], [ -99.26452299, 20.17492509 ], [ -99.26842299, 20.17462509 ], [ -99.26792299, 20.17232509 ], [ -99.27052299, 20.17042509 ], [ -99.27012299, 20.17282509 ], [ -99.27022299, 20.17492509 ], [ -99.27132299, 20.17862509 ] ] ], [ [ [ -99.23192299, 20.07482509 ], [ -99.22752299, 20.07372509 ], [ -99.22802299, 20.06952509 ], [ -99.23192299, 20.06752509 ], [ -99.23392299, 20.07062509 ], [ -99.23122299, 20.07082509 ], [ -99.23192299, 20.07482509 ] ] ], [ [ [ -99.31262299, 20.04952509 ], [ -99.30992299, 20.04922509 ], [ -99.30942299, 20.05112509 ], [ -99.30682299, 20.04972509 ], [ -99.30742299, 20.04562509 ], [ -99.31002299, 20.04562509 ], [ -99.31122299, 20.04752509 ], [ -99.31262299, 20.04952509 ] ] ], [ [ [ -99.27132299, 20.17862509 ], [ -99.27562299, 20.17952509 ], [ -99.27862299, 20.18082509 ], [ -99.27652299, 20.18222509 ], [ -99.27422299, 20.18092509 ], [ -99.27002299, 20.18152509 ], [ -99.27132299, 20.17862509 ] ] ], [ [ [ -99.05272299, 20.36302509 ], [ -99.05252299, 20.36732509 ], [ -99.05012299, 20.36552509 ], [ -99.04932299, 20.36382509 ], [ -99.05012299, 20.36112509 ], [ -99.05272299, 20.36302509 ] ] ], [ [ [ -99.26792299, 20.17232509 ], [ -99.26452299, 20.17492509 ], [ -99.26232299, 20.17122509 ], [ -99.26622299, 20.17082509 ], [ -99.26792299, 20.17232509 ] ] ], [ [ [ -99.21222299, 20.32332509 ], [ -99.21172299, 20.31992509 ], [ -99.21572299, 20.32192509 ], [ -99.21532299, 20.32542509 ], [ -99.21222299, 20.32332509 ] ] ], [ [ [ -99.35192299, 20.09882509 ], [ -99.34992299, 20.10112509 ], [ -99.34522299, 20.10092509 ], [ -99.34832299, 20.09802509 ], [ -99.35192299, 20.09882509 ] ] ], [ [ [ -99.30672299, 19.97582509 ], [ -99.30392299, 19.97522509 ], [ -99.30122299, 19.97322509 ], [ -99.30532299, 19.97152509 ], [ -99.30672299, 19.97582509 ] ] ], [ [ [ -99.00752299, 20.31532509 ], [ -99.00382299, 20.31282509 ], [ -99.00592299, 20.31002509 ], [ -99.00812299, 20.31252509 ], [ -99.00752299, 20.31532509 ] ] ], [ [ [ -99.26352299, 20.19662509 ], [ -99.25982299, 20.19892509 ], [ -99.25852299, 20.19502509 ], [ -99.26022299, 20.19362509 ], [ -99.26052299, 20.19522509 ], [ -99.26352299, 20.19662509 ] ] ], [ [ [ -99.21562299, 20.05802509 ], [ -99.21352299, 20.05792509 ], [ -99.21122299, 20.05822509 ], [ -99.20982299, 20.05582509 ], [ -99.21282299, 20.05582509 ], [ -99.21552299, 20.05582509 ], [ -99.21562299, 20.05802509 ] ] ], [ [ [ -99.34122299, 20.03602509 ], [ -99.33982299, 20.03732509 ], [ -99.33792299, 20.03912509 ], [ -99.33742299, 20.03612509 ], [ -99.33872299, 20.03322509 ], [ -99.34122299, 20.03602509 ] ] ], [ [ [ -99.32352299, 20.17342509 ], [ -99.32452299, 20.17732509 ], [ -99.32672299, 20.17802509 ], [ -99.32432299, 20.17962509 ], [ -99.32222299, 20.17842509 ], [ -99.32352299, 20.17342509 ] ] ], [ [ [ -99.26232299, 20.17122509 ], [ -99.25892299, 20.17432509 ], [ -99.25902299, 20.17092509 ], [ -99.26162299, 20.16902509 ], [ -99.26232299, 20.17122509 ] ] ], [ [ [ -99.01252299, 20.35482509 ], [ -99.00892299, 20.35512509 ], [ -99.00802299, 20.35312509 ], [ -99.01082299, 20.35212509 ], [ -99.01252299, 20.35482509 ] ] ], [ [ [ -99.32352299, 20.17342509 ], [ -99.31802299, 20.17612509 ], [ -99.31612299, 20.17452509 ], [ -99.31842299, 20.17402509 ], [ -99.32352299, 20.17342509 ] ] ], [ [ [ -99.37572299, 20.18542509 ], [ -99.37352299, 20.18832509 ], [ -99.37192299, 20.18482509 ], [ -99.37572299, 20.18542509 ] ] ], [ [ [ -99.37872299, 20.18702509 ], [ -99.38162299, 20.18902509 ], [ -99.37812299, 20.19082509 ], [ -99.37872299, 20.18702509 ] ] ], [ [ [ -99.21322299, 20.06252509 ], [ -99.21282299, 20.06552509 ], [ -99.20962299, 20.06272509 ], [ -99.21322299, 20.06252509 ] ] ], [ [ [ -99.05412299, 20.27312509 ], [ -99.05102299, 20.27252509 ], [ -99.05362299, 20.27132509 ], [ -99.05622299, 20.27042509 ], [ -99.05412299, 20.27312509 ] ] ], [ [ [ -99.26112299, 20.15612509 ], [ -99.25802299, 20.15642509 ], [ -99.25822299, 20.15312509 ], [ -99.26112299, 20.15612509 ] ] ], [ [ [ -99.23542299, 20.21842509 ], [ -99.23452299, 20.22262509 ], [ -99.23282299, 20.22062509 ], [ -99.23542299, 20.21842509 ] ] ], [ [ [ -99.27002299, 20.18152509 ], [ -99.26572299, 20.18122509 ], [ -99.26642299, 20.17922509 ], [ -99.27002299, 20.18152509 ] ] ], [ [ [ -99.32502299, 20.02212509 ], [ -99.32112299, 20.02512509 ], [ -99.32222299, 20.02202509 ], [ -99.32502299, 20.02212509 ] ] ], [ [ [ -99.31842299, 20.17892509 ], [ -99.31472299, 20.18072509 ], [ -99.31602299, 20.17772509 ], [ -99.31842299, 20.17892509 ] ] ], [ [ [ -99.05742299, 20.36332509 ], [ -99.05272299, 20.36302509 ], [ -99.05612299, 20.36142509 ], [ -99.05742299, 20.36332509 ] ] ], [ [ [ -99.04982299, 20.36992509 ], [ -99.04612299, 20.37072509 ], [ -99.04772299, 20.36812509 ], [ -99.04982299, 20.36992509 ] ] ], [ [ [ -99.19042299, 20.14842509 ], [ -99.18822299, 20.15012509 ], [ -99.18742299, 20.14702509 ], [ -99.19042299, 20.14842509 ] ] ], [ [ [ -99.32222299, 20.17842509 ], [ -99.32082299, 20.18072509 ], [ -99.31842299, 20.17892509 ], [ -99.32222299, 20.17842509 ] ] ], [ [ [ -99.34302299, 20.17492509 ], [ -99.33922299, 20.17732509 ], [ -99.34102299, 20.17412509 ], [ -99.34302299, 20.17492509 ] ] ], [ [ [ -99.35552299, 20.18252509 ], [ -99.35222299, 20.18252509 ], [ -99.35402299, 20.18022509 ], [ -99.35552299, 20.18252509 ] ] ], [ [ [ -99.27102299, 20.16762509 ], [ -99.27052299, 20.17042509 ], [ -99.26812299, 20.16872509 ], [ -99.27102299, 20.16762509 ] ] ], [ [ [ -99.22942299, 20.23772509 ], [ -99.23062299, 20.23942509 ], [ -99.22902299, 20.24012509 ], [ -99.22762299, 20.23892509 ], [ -99.22942299, 20.23772509 ] ] ], [ [ [ -99.00382299, 20.31282509 ], [ -99.00122299, 20.31452509 ], [ -98.99892299, 20.31322509 ], [ -99.00382299, 20.31282509 ] ] ], [ [ [ -99.30432299, 19.98132509 ], [ -99.30202299, 19.98062509 ], [ -99.30272299, 19.97772509 ], [ -99.30432299, 19.98132509 ] ] ], [ [ [ -99.26432299, 20.17752509 ], [ -99.26232299, 20.17942509 ], [ -99.26202299, 20.17612509 ], [ -99.26432299, 20.17752509 ] ] ], [ [ [ -99.24252299, 20.22302509 ], [ -99.24032299, 20.22302509 ], [ -99.24192299, 20.21982509 ], [ -99.24252299, 20.22302509 ] ] ], [ [ [ -99.31382299, 20.17632509 ], [ -99.31112299, 20.17502509 ], [ -99.31362299, 20.17362509 ], [ -99.31382299, 20.17632509 ] ] ], [ [ [ -99.05252299, 20.36732509 ], [ -99.04982299, 20.36992509 ], [ -99.04982299, 20.36732509 ], [ -99.05252299, 20.36732509 ] ] ], [ [ [ -99.31492299, 20.04142509 ], [ -99.31302299, 20.03992509 ], [ -99.31462299, 20.03752509 ], [ -99.31492299, 20.04142509 ] ] ], [ [ [ -99.33922299, 20.17732509 ], [ -99.34062299, 20.17842509 ], [ -99.33772299, 20.17862509 ], [ -99.33692299, 20.17702509 ], [ -99.33922299, 20.17732509 ] ] ], [ [ [ -99.07832299, 20.38342509 ], [ -99.07972299, 20.38222509 ], [ -99.08012299, 20.38402509 ], [ -99.07812299, 20.38552509 ], [ -99.07832299, 20.38342509 ] ] ], [ [ [ -99.37272299, 20.16962509 ], [ -99.37002299, 20.16712509 ], [ -99.37232299, 20.16682509 ], [ -99.37272299, 20.16962509 ] ] ], [ [ [ -99.33062299, 20.17512509 ], [ -99.32832299, 20.17632509 ], [ -99.32772299, 20.17382509 ], [ -99.33062299, 20.17512509 ] ] ], [ [ [ -99.34272299, 20.17062509 ], [ -99.34042299, 20.16982509 ], [ -99.34242299, 20.16772509 ], [ -99.34272299, 20.17062509 ] ] ], [ [ [ -99.18492299, 20.27342509 ], [ -99.18332299, 20.27122509 ], [ -99.18622299, 20.27142509 ], [ -99.18492299, 20.27342509 ] ] ], [ [ [ -99.26622299, 20.19932509 ], [ -99.26352299, 20.19662509 ], [ -99.26592299, 20.19682509 ], [ -99.26622299, 20.19932509 ] ] ], [ [ [ -99.37872299, 20.18702509 ], [ -99.37652299, 20.18782509 ], [ -99.37572299, 20.18542509 ], [ -99.37872299, 20.18702509 ] ] ], [ [ [ -99.31022299, 20.18352509 ], [ -99.30872299, 20.18542509 ], [ -99.30712299, 20.18352509 ], [ -99.31022299, 20.18352509 ] ] ], [ [ [ -99.21562299, 20.05802509 ], [ -99.21762299, 20.05972509 ], [ -99.21552299, 20.06082509 ], [ -99.21562299, 20.05802509 ] ] ], [ [ [ -99.37822299, 20.18432509 ], [ -99.37572299, 20.18542509 ], [ -99.37632299, 20.18302509 ], [ -99.37822299, 20.18432509 ] ] ], [ [ [ -99.23592299, 20.09462509 ], [ -99.23542299, 20.09252509 ], [ -99.23782299, 20.09262509 ], [ -99.23592299, 20.09462509 ] ] ], [ [ [ -99.21552299, 20.06082509 ], [ -99.21322299, 20.06252509 ], [ -99.21252299, 20.06092509 ], [ -99.21552299, 20.06082509 ] ] ], [ [ [ -99.21102299, 20.01142509 ], [ -99.20872299, 20.01062509 ], [ -99.20922299, 20.00872509 ], [ -99.21102299, 20.01142509 ] ] ], [ [ [ -99.33722299, 20.02042509 ], [ -99.33532299, 20.02252509 ], [ -99.33492299, 20.02062509 ], [ -99.33722299, 20.02042509 ] ] ], [ [ [ -99.31292299, 20.05132509 ], [ -99.31262299, 20.04952509 ], [ -99.31472299, 20.05032509 ], [ -99.31292299, 20.05132509 ] ] ], [ [ [ -99.19452299, 20.25642509 ], [ -99.19442299, 20.25822509 ], [ -99.19262299, 20.25772509 ], [ -99.19452299, 20.25642509 ] ] ] ] } },
{ "type": "Feature", "properties": { "id": 270, "clvdr": "044", "dr": "Jilotepec", "clvrha": "IX", "rha": "Golfo Norte", "anioagricola": "2022 - 2023", "numusuarios": 2776, "voldistribuido": 6258.48, "laminabruta": 46.32137 }, "geometry": { "type": "MultiPolygon", "coordinates": [ [ [ [ -99.56913773, 20.03879721 ], [ -99.56783773, 20.03629721 ], [ -99.56443773, 20.03629721 ], [ -99.56173773, 20.03449721 ], [ -99.55903773, 20.03299721 ], [ -99.55693773, 20.03499721 ], [ -99.55333773, 20.03529721 ], [ -99.55103773, 20.03309721 ], [ -99.54663773, 20.03209721 ], [ -99.54413773, 20.03319721 ], [ -99.54233773, 20.03239721 ], [ -99.53933773, 20.03389721 ], [ -99.54203773, 20.03599721 ], [ -99.54463773, 20.03619721 ], [ -99.54393773, 20.03869721 ], [ -99.54263773, 20.04059721 ], [ -99.54043773, 20.04039721 ], [ -99.53773773, 20.04029721 ], [ -99.53543773, 20.03869721 ], [ -99.53383773, 20.03559721 ], [ -99.53163773, 20.03429721 ], [ -99.52803773, 20.03609721 ], [ -99.53163773, 20.03829721 ], [ -99.52833773, 20.03879721 ], [ -99.52643773, 20.04199721 ], [ -99.52893773, 20.04539721 ], [ -99.52733773, 20.04869721 ], [ -99.52923773, 20.05099721 ], [ -99.52983773, 20.05379721 ], [ -99.52673773, 20.05189721 ], [ -99.52453773, 20.04979721 ], [ -99.52223773, 20.05019721 ], [ -99.51803773, 20.05069721 ], [ -99.51433773, 20.04939721 ], [ -99.51223773, 20.04679721 ], [ -99.50923773, 20.04819721 ], [ -99.50603773, 20.04819721 ], [ -99.50353773, 20.04859721 ], [ -99.50073773, 20.04829721 ], [ -99.49913773, 20.05019721 ], [ -99.49603773, 20.05099721 ], [ -99.49533773, 20.05389721 ], [ -99.49343773, 20.05439721 ], [ -99.49033773, 20.05479721 ], [ -99.48933773, 20.05209721 ], [ -99.49173773, 20.04989721 ], [ -99.49263773, 20.04709721 ], [ -99.49483773, 20.04589721 ], [ -99.49483773, 20.04269721 ], [ -99.49783773, 20.03949721 ], [ -99.50173773, 20.03869721 ], [ -99.50663773, 20.03749721 ], [ -99.50513773, 20.03559721 ], [ -99.50703773, 20.03379721 ], [ -99.50833773, 20.03139721 ], [ -99.51193773, 20.03209721 ], [ -99.51643773, 20.03239721 ], [ -99.52003773, 20.03099721 ], [ -99.52523773, 20.03159721 ], [ -99.52833773, 20.02889721 ], [ -99.53013773, 20.02649721 ], [ -99.52923773, 20.02439721 ], [ -99.53283773, 20.02339721 ], [ -99.53353773, 20.02829721 ], [ -99.53713773, 20.02919721 ], [ -99.53933773, 20.03129721 ], [ -99.54213773, 20.02969721 ], [ -99.54533773, 20.02929721 ], [ -99.54413773, 20.02729721 ], [ -99.54073773, 20.02649721 ], [ -99.54413773, 20.02439721 ], [ -99.54213773, 20.02229721 ], [ -99.54413773, 20.01989721 ], [ -99.54123773, 20.01859721 ], [ -99.53923773, 20.01609721 ], [ -99.54263773, 20.01579721 ], [ -99.54083773, 20.01339721 ], [ -99.53773773, 20.01219721 ], [ -99.53403773, 20.01589721 ], [ -99.53713773, 20.01889721 ], [ -99.53523773, 20.02149721 ], [ -99.53873773, 20.02309721 ], [ -99.53583773, 20.02489721 ], [ -99.53283773, 20.02339721 ], [ -99.53253773, 20.02099721 ], [ -99.52923773, 20.02099721 ], [ -99.52643773, 20.01929721 ], [ -99.52403773, 20.02269721 ], [ -99.51973773, 20.02319721 ], [ -99.51583773, 20.02559721 ], [ -99.51593773, 20.02809721 ], [ -99.51433773, 20.02989721 ], [ -99.51313773, 20.02799721 ], [ -99.51123773, 20.02679721 ], [ -99.51243773, 20.02289721 ], [ -99.51443773, 20.02239721 ], [ -99.51723773, 20.02219721 ], [ -99.51623773, 20.01819721 ], [ -99.51603773, 20.01529721 ], [ -99.50523773, 20.01429721 ], [ -99.50423773, 20.01279721 ], [ -99.50143773, 20.01069721 ], [ -99.49893773, 20.00809721 ], [ -99.49593773, 20.00719721 ], [ -99.49433773, 20.00839721 ], [ -99.48933773, 20.00729721 ], [ -99.48483773, 20.00739721 ], [ -99.48113773, 20.00679721 ], [ -99.48333773, 20.00459721 ], [ -99.48523773, 20.00229721 ], [ -99.48803773, 20.00119721 ], [ -99.49053773, 20.00089721 ], [ -99.49263773, 20.00269721 ], [ -99.49273773, 19.99929721 ], [ -99.49293773, 19.99679721 ], [ -99.48673773, 19.99599721 ], [ -99.48393773, 19.99469721 ], [ -99.48053773, 19.99539721 ], [ -99.47873773, 19.99379721 ], [ -99.47423773, 19.99179721 ], [ -99.47173773, 19.99059721 ], [ -99.46983773, 19.98909721 ], [ -99.46773773, 19.98969721 ], [ -99.46523773, 19.98789721 ], [ -99.46063773, 19.98719721 ], [ -99.45763773, 19.98579721 ], [ -99.45983773, 19.98439721 ], [ -99.46313773, 19.98479721 ], [ -99.46563773, 19.98469721 ], [ -99.46573773, 19.98229721 ], [ -99.46503773, 19.97959721 ], [ -99.46103773, 19.97829721 ], [ -99.45753773, 19.97899721 ], [ -99.45423773, 19.97979721 ], [ -99.45403773, 19.97719721 ], [ -99.45653773, 19.97559721 ], [ -99.45563773, 19.97329721 ], [ -99.45903773, 19.97419721 ], [ -99.46263773, 19.97399721 ], [ -99.46493773, 19.97209721 ], [ -99.46733773, 19.97009721 ], [ -99.47063773, 19.97019721 ], [ -99.47393773, 19.96999721 ], [ -99.47493773, 19.96789721 ], [ -99.47383773, 19.96519721 ], [ -99.47823773, 19.96619721 ], [ -99.47713773, 19.96369721 ], [ -99.47893773, 19.96349721 ], [ -99.48073773, 19.96319721 ], [ -99.48323773, 19.96329721 ], [ -99.48413773, 19.96609721 ], [ -99.48743773, 19.96789721 ], [ -99.48963773, 19.97009721 ], [ -99.49273773, 19.96969721 ], [ -99.49003773, 19.97329721 ], [ -99.48703773, 19.97209721 ], [ -99.48503773, 19.97419721 ], [ -99.48233773, 19.97489721 ], [ -99.47803773, 19.97509721 ], [ -99.47743773, 19.97899721 ], [ -99.48023773, 19.97999721 ], [ -99.48553773, 19.97799721 ], [ -99.48923773, 19.98029721 ], [ -99.49253773, 19.98029721 ], [ -99.49593773, 19.97999721 ], [ -99.49573773, 19.97719721 ], [ -99.49843773, 19.97639721 ], [ -99.50163773, 19.97479721 ], [ -99.49893773, 19.97309721 ], [ -99.50123773, 19.96969721 ], [ -99.50333773, 19.96709721 ], [ -99.49933773, 19.96629721 ], [ -99.49903773, 19.97009721 ], [ -99.49603773, 19.97099721 ], [ -99.49273773, 19.96969721 ], [ -99.49463773, 19.96829721 ], [ -99.49643773, 19.96559721 ], [ -99.50063773, 19.96339721 ], [ -99.50053773, 19.96039721 ], [ -99.50343773, 19.95919721 ], [ -99.50653773, 19.95669721 ], [ -99.50523773, 19.95469721 ], [ -99.50513773, 19.95039721 ], [ -99.50843773, 19.95339721 ], [ -99.51273773, 19.94979721 ], [ -99.50953773, 19.94879721 ], [ -99.51153773, 19.94619721 ], [ -99.51393773, 19.94589721 ], [ -99.51233773, 19.94359721 ], [ -99.51353773, 19.94169721 ], [ -99.51473773, 19.93899721 ], [ -99.51203773, 19.93989721 ], [ -99.50943773, 19.94319721 ], [ -99.50773773, 19.93919721 ], [ -99.50793773, 19.93499721 ], [ -99.50873773, 19.93309721 ], [ -99.51193773, 19.93289721 ], [ -99.51433773, 19.93479721 ], [ -99.51623773, 19.93679721 ], [ -99.51853773, 19.93829721 ], [ -99.52303773, 19.93979721 ], [ -99.52513773, 19.93899721 ], [ -99.52813773, 19.94089721 ], [ -99.53013773, 19.94379721 ], [ -99.53303773, 19.94619721 ], [ -99.52983773, 19.94699721 ], [ -99.53193773, 19.94899721 ], [ -99.53013773, 19.94959721 ], [ -99.52763773, 19.95009721 ], [ -99.52873773, 19.95199721 ], [ -99.52543773, 19.95299721 ], [ -99.52343773, 19.95379721 ], [ -99.52463773, 19.95509721 ], [ -99.52533773, 19.95729721 ], [ -99.52413773, 19.95969721 ], [ -99.52623773, 19.96149721 ], [ -99.52873773, 19.95869721 ], [ -99.53033773, 19.95619721 ], [ -99.53173773, 19.95909721 ], [ -99.52933773, 19.96119721 ], [ -99.52963773, 19.96419721 ], [ -99.53293773, 19.96589721 ], [ -99.52833773, 19.96629721 ], [ -99.52703773, 19.96959721 ], [ -99.52293773, 19.96819721 ], [ -99.52163773, 19.97009721 ], [ -99.52103773, 19.97279721 ], [ -99.51803773, 19.97579721 ], [ -99.51343773, 19.97649721 ], [ -99.51453773, 19.97999721 ], [ -99.51743773, 19.98159721 ], [ -99.51733773, 19.97859721 ], [ -99.52063773, 19.97769721 ], [ -99.52253773, 19.97829721 ], [ -99.52503773, 19.97809721 ], [ -99.52713773, 19.97839721 ], [ -99.52726426, 19.97836845 ], [ -99.52803138, 19.98001227 ], [ -99.52723773, 19.98129721 ], [ -99.52353773, 19.98399721 ], [ -99.52473773, 19.98709721 ], [ -99.52793773, 19.98689721 ], [ -99.52603773, 19.99209721 ], [ -99.52803773, 19.99309721 ], [ -99.52793773, 19.99589721 ], [ -99.52963773, 19.99519721 ], [ -99.52963773, 19.99709721 ], [ -99.52833773, 19.99869721 ], [ -99.52953773, 20.00179721 ], [ -99.52773773, 20.00119721 ], [ -99.52543773, 20.00179721 ], [ -99.52373773, 20.00349721 ], [ -99.52053773, 20.00279721 ], [ -99.51833773, 20.00409721 ], [ -99.52053773, 20.00659721 ], [ -99.52463773, 20.00659721 ], [ -99.52633773, 20.00739721 ], [ -99.52823773, 20.00979721 ], [ -99.52833773, 20.00669721 ], [ -99.53033773, 20.00659721 ], [ -99.53303773, 20.00699721 ], [ -99.53313773, 20.00469721 ], [ -99.53653773, 20.00619721 ], [ -99.53913773, 20.00619721 ], [ -99.53803773, 20.00869721 ], [ -99.54213773, 20.00859721 ], [ -99.54463773, 20.00939721 ], [ -99.54853773, 20.01109721 ], [ -99.55083773, 20.01009721 ], [ -99.55093773, 20.00669721 ], [ -99.55363773, 20.00809721 ], [ -99.55593773, 20.00929721 ], [ -99.55503773, 20.01299721 ], [ -99.55823773, 20.01509721 ], [ -99.55753773, 20.01719721 ], [ -99.55403773, 20.01689721 ], [ -99.55483773, 20.01879721 ], [ -99.55733773, 20.01909721 ], [ -99.55853773, 20.02159721 ], [ -99.56013773, 20.02299721 ], [ -99.55823773, 20.02449721 ], [ -99.55753773, 20.02679721 ], [ -99.55503773, 20.02519721 ], [ -99.55473773, 20.02849721 ], [ -99.55673773, 20.02919721 ], [ -99.55953773, 20.02899721 ], [ -99.56163773, 20.02669721 ], [ -99.56303773, 20.02499721 ], [ -99.56283773, 20.02219721 ], [ -99.56313773, 20.01979721 ], [ -99.56613773, 20.01989721 ], [ -99.56553773, 20.02289721 ], [ -99.56443773, 20.02609721 ], [ -99.56383773, 20.02889721 ], [ -99.56603773, 20.02959721 ], [ -99.56713773, 20.03129721 ], [ -99.56833773, 20.03299721 ], [ -99.57093773, 20.03509721 ], [ -99.57143773, 20.03869721 ], [ -99.56913773, 20.03879721 ] ], [ [ -99.52743773, 20.01249721 ], [ -99.52523773, 20.00989721 ], [ -99.52443773, 20.01349721 ], [ -99.52743773, 20.01249721 ] ] ], [ [ [ -99.55093773, 19.95869721 ], [ -99.54903773, 19.95729721 ], [ -99.55283773, 19.95489721 ], [ -99.54773773, 19.95289721 ], [ -99.54443773, 19.94939721 ], [ -99.54203773, 19.94849721 ], [ -99.53973773, 19.94509721 ], [ -99.54023773, 19.94029721 ], [ -99.53733773, 19.94119721 ], [ -99.53563773, 19.94019721 ], [ -99.53533773, 19.93799721 ], [ -99.53673773, 19.93429721 ], [ -99.53333773, 19.93679721 ], [ -99.53063773, 19.93669721 ], [ -99.52823773, 19.93559721 ], [ -99.52723773, 19.93749721 ], [ -99.52513773, 19.93899721 ], [ -99.52433773, 19.93639721 ], [ -99.52693773, 19.93359721 ], [ -99.52963773, 19.93329721 ], [ -99.52723773, 19.93009721 ], [ -99.53093773, 19.92779721 ], [ -99.53463773, 19.92839721 ], [ -99.53403773, 19.92409721 ], [ -99.53603773, 19.92129721 ], [ -99.53763773, 19.91649721 ], [ -99.53923773, 19.91989721 ], [ -99.54113773, 19.92049721 ], [ -99.54273773, 19.91839721 ], [ -99.54373773, 19.92159721 ], [ -99.54583773, 19.92469721 ], [ -99.55033773, 19.92519721 ], [ -99.55233773, 19.92679721 ], [ -99.55613773, 19.92769721 ], [ -99.55793773, 19.93229721 ], [ -99.56163773, 19.93129721 ], [ -99.56303773, 19.92789721 ], [ -99.56013773, 19.92779721 ], [ -99.56183773, 19.92539721 ], [ -99.56083773, 19.92319721 ], [ -99.55863773, 19.92359721 ], [ -99.55633773, 19.92439721 ], [ -99.55653773, 19.92149721 ], [ -99.55813773, 19.91819721 ], [ -99.55603773, 19.91699721 ], [ -99.55763773, 19.91449721 ], [ -99.55323773, 19.91419721 ], [ -99.55093773, 19.91259721 ], [ -99.55333773, 19.91159721 ], [ -99.55783773, 19.91199721 ], [ -99.56113773, 19.91079721 ], [ -99.56093773, 19.91459721 ], [ -99.56293773, 19.91729721 ], [ -99.56623773, 19.91889721 ], [ -99.56693773, 19.92139721 ], [ -99.56553773, 19.92329721 ], [ -99.56433773, 19.92529721 ], [ -99.56493773, 19.92739721 ], [ -99.56583773, 19.93029721 ], [ -99.56433773, 19.93279721 ], [ -99.56343773, 19.93589721 ], [ -99.56133773, 19.93609721 ], [ -99.55903773, 19.93709721 ], [ -99.55713773, 19.93749721 ], [ -99.55543773, 19.94099721 ], [ -99.55513773, 19.94319721 ], [ -99.55493773, 19.94609721 ], [ -99.55213773, 19.94799721 ], [ -99.55343773, 19.95109721 ], [ -99.55633773, 19.95189721 ], [ -99.55583773, 19.95449721 ], [ -99.55563773, 19.95739721 ], [ -99.55093773, 19.95869721 ] ] ], [ [ [ -99.55503773, 19.96639721 ], [ -99.55553773, 19.96869721 ], [ -99.55403773, 19.96859721 ], [ -99.55183773, 19.97119721 ], [ -99.54953773, 19.97389721 ], [ -99.54993773, 19.97089721 ], [ -99.54743773, 19.97139721 ], [ -99.54723773, 19.96899721 ], [ -99.54753773, 19.96449721 ], [ -99.54473773, 19.96449721 ], [ -99.54093773, 19.96509721 ], [ -99.54263773, 19.96869721 ], [ -99.54323773, 19.97059721 ], [ -99.54493773, 19.97319721 ], [ -99.54743773, 19.97139721 ], [ -99.54953773, 19.97389721 ], [ -99.55373773, 19.97459721 ], [ -99.55623773, 19.97759721 ], [ -99.55453773, 19.97809721 ], [ -99.55623773, 19.98229721 ], [ -99.55453773, 19.98469721 ], [ -99.55573773, 19.98719721 ], [ -99.55603773, 19.98959721 ], [ -99.55243773, 19.98909721 ], [ -99.54943773, 19.99059721 ], [ -99.54693773, 19.99269721 ], [ -99.54503773, 19.99489721 ], [ -99.54883773, 19.99699721 ], [ -99.54383773, 19.99859721 ], [ -99.54163773, 19.99459721 ], [ -99.53863773, 19.99399721 ], [ -99.53663773, 19.99399721 ], [ -99.53403773, 19.99379721 ], [ -99.53453773, 19.99029721 ], [ -99.53093773, 19.99009721 ], [ -99.52793773, 19.98689721 ], [ -99.52733773, 19.98429721 ], [ -99.52923773, 19.98259721 ], [ -99.52803138, 19.98001227 ], [ -99.52933773, 19.97789721 ], [ -99.52726426, 19.97836845 ], [ -99.52573773, 19.97509721 ], [ -99.52703773, 19.96959721 ], [ -99.53083773, 19.97029721 ], [ -99.53293773, 19.96589721 ], [ -99.53383773, 19.96129721 ], [ -99.53513773, 19.96039721 ], [ -99.53473773, 19.95849721 ], [ -99.53773773, 19.95959721 ], [ -99.54053773, 19.95879721 ], [ -99.54453773, 19.95999721 ], [ -99.54723773, 19.96009721 ], [ -99.54943773, 19.96109721 ], [ -99.55303773, 19.96489721 ], [ -99.55503773, 19.96639721 ] ] ], [ [ [ -99.47603773, 19.99689721 ], [ -99.47243773, 19.99929721 ], [ -99.47333773, 20.00109721 ], [ -99.47323773, 20.00339721 ], [ -99.47713773, 20.00459721 ], [ -99.47373773, 20.00679721 ], [ -99.47023773, 20.00939721 ], [ -99.46783773, 20.00669721 ], [ -99.46383773, 20.00709721 ], [ -99.46443773, 20.01019721 ], [ -99.46613773, 20.01129721 ], [ -99.46453773, 20.01229721 ], [ -99.46243773, 20.01389721 ], [ -99.46023773, 20.01509721 ], [ -99.45883773, 20.01759721 ], [ -99.45753773, 20.01979721 ], [ -99.45403773, 20.01899721 ], [ -99.45123773, 20.02059721 ], [ -99.44873773, 20.02079721 ], [ -99.44953773, 20.01859721 ], [ -99.45153773, 20.01729721 ], [ -99.45303773, 20.01519721 ], [ -99.45353773, 20.01199721 ], [ -99.45553773, 20.01269721 ], [ -99.45813773, 20.01209721 ], [ -99.45873773, 20.00939721 ], [ -99.46033773, 20.00739721 ], [ -99.45993773, 20.00509721 ], [ -99.46313773, 20.00429721 ], [ -99.46283773, 20.00239721 ], [ -99.46333773, 20.00029721 ], [ -99.46213773, 19.99659721 ], [ -99.45903773, 19.99499721 ], [ -99.45613773, 19.99619721 ], [ -99.45503773, 20.00059721 ], [ -99.45653773, 20.00269721 ], [ -99.45743773, 20.00439721 ], [ -99.45483773, 20.00589721 ], [ -99.45413773, 20.00919721 ], [ -99.45353773, 20.01199721 ], [ -99.45073773, 20.01109721 ], [ -99.44823773, 20.01229721 ], [ -99.44643773, 20.01389721 ], [ -99.44583773, 20.00969721 ], [ -99.44183773, 20.01019721 ], [ -99.44043773, 20.00779721 ], [ -99.44163773, 20.00409721 ], [ -99.44023773, 20.00099721 ], [ -99.44153773, 19.99889721 ], [ -99.44313773, 19.99739721 ], [ -99.44493773, 19.99879721 ], [ -99.44563773, 19.99559721 ], [ -99.44713773, 19.99409721 ], [ -99.44863773, 19.99229721 ], [ -99.45073773, 19.99179721 ], [ -99.44933773, 19.98849721 ], [ -99.45193773, 19.98989721 ], [ -99.45453773, 19.98959721 ], [ -99.45673773, 19.99019721 ], [ -99.45913773, 19.99089721 ], [ -99.46363773, 19.99269721 ], [ -99.46693773, 19.99489721 ], [ -99.46993773, 19.99379721 ], [ -99.47053773, 19.99699721 ], [ -99.47603773, 19.99689721 ] ] ], [ [ [ -99.50073773, 19.94489721 ], [ -99.50043773, 19.94789721 ], [ -99.49773773, 19.94649721 ], [ -99.49473773, 19.94599721 ], [ -99.49413773, 19.94849721 ], [ -99.49383773, 19.95119721 ], [ -99.49393773, 19.95439721 ], [ -99.49193773, 19.95369721 ], [ -99.49123773, 19.95659721 ], [ -99.48913773, 19.95849721 ], [ -99.48583773, 19.95819721 ], [ -99.48563773, 19.95479721 ], [ -99.48363773, 19.95379721 ], [ -99.47993773, 19.95479721 ], [ -99.47943773, 19.95729721 ], [ -99.47753773, 19.95989721 ], [ -99.47293773, 19.96049721 ], [ -99.47163773, 19.96319721 ], [ -99.46843773, 19.96299721 ], [ -99.46513773, 19.96249721 ], [ -99.46163773, 19.96389721 ], [ -99.45893773, 19.96439721 ], [ -99.45743773, 19.96119721 ], [ -99.45633773, 19.96289721 ], [ -99.45433773, 19.96119721 ], [ -99.45493773, 19.95859721 ], [ -99.45533773, 19.95639721 ], [ -99.45713773, 19.95669721 ], [ -99.46143773, 19.95789721 ], [ -99.46193773, 19.95549721 ], [ -99.46423773, 19.95129721 ], [ -99.46793773, 19.95039721 ], [ -99.47093773, 19.94989721 ], [ -99.47283773, 19.94989721 ], [ -99.47623773, 19.95109721 ], [ -99.47463773, 19.94779721 ], [ -99.47673773, 19.94889721 ], [ -99.47933773, 19.94889721 ], [ -99.48173773, 19.94659721 ], [ -99.48523773, 19.94809721 ], [ -99.48703773, 19.94599721 ], [ -99.48783773, 19.94859721 ], [ -99.49013773, 19.94959721 ], [ -99.48933773, 19.94759721 ], [ -99.49193773, 19.94659721 ], [ -99.49173773, 19.94339721 ], [ -99.49103773, 19.93949721 ], [ -99.48953773, 19.93599721 ], [ -99.49313773, 19.93449721 ], [ -99.49253773, 19.93839721 ], [ -99.49573773, 19.93919721 ], [ -99.49543773, 19.93559721 ], [ -99.49643773, 19.93249721 ], [ -99.49773773, 19.93389721 ], [ -99.49793773, 19.93619721 ], [ -99.49843773, 19.93949721 ], [ -99.49593773, 19.94259721 ], [ -99.49873773, 19.94289721 ], [ -99.50073773, 19.94489721 ] ] ], [ [ [ -99.56913773, 20.03879721 ], [ -99.56973773, 20.04159721 ], [ -99.57003773, 20.04489721 ], [ -99.56843773, 20.04599721 ], [ -99.56873773, 20.04829721 ], [ -99.57103773, 20.04919721 ], [ -99.57273773, 20.05079721 ], [ -99.57503773, 20.05119721 ], [ -99.57503773, 20.05299721 ], [ -99.57493773, 20.05569721 ], [ -99.57523773, 20.05969721 ], [ -99.57893773, 20.06109721 ], [ -99.57603773, 20.06229721 ], [ -99.57443773, 20.06499721 ], [ -99.57333773, 20.06909721 ], [ -99.56983773, 20.06859721 ], [ -99.56713773, 20.06779721 ], [ -99.56733773, 20.06579721 ], [ -99.56533773, 20.06339721 ], [ -99.56243773, 20.06189721 ], [ -99.56223773, 20.05969721 ], [ -99.56063773, 20.05809721 ], [ -99.55903773, 20.05479721 ], [ -99.55643773, 20.05489721 ], [ -99.55593773, 20.05209721 ], [ -99.55623773, 20.04799721 ], [ -99.55633773, 20.04599721 ], [ -99.55893773, 20.04559721 ], [ -99.56203773, 20.04809721 ], [ -99.56363773, 20.04539721 ], [ -99.56403773, 20.04319721 ], [ -99.55953773, 20.04229721 ], [ -99.55903773, 20.03939721 ], [ -99.55953773, 20.03699721 ], [ -99.56193773, 20.03859721 ], [ -99.56443773, 20.03629721 ], [ -99.56613773, 20.04039721 ], [ -99.56913773, 20.03879721 ] ] ], [ [ [ -99.55503773, 19.96639721 ], [ -99.55623773, 19.96399721 ], [ -99.55303773, 19.96489721 ], [ -99.55163773, 19.96099721 ], [ -99.55523773, 19.96059721 ], [ -99.55873773, 19.96159721 ], [ -99.55853773, 19.96469721 ], [ -99.55503773, 19.96639721 ] ] ], [ [ [ -99.54963773, 19.89409721 ], [ -99.54673773, 19.89399721 ], [ -99.54763773, 19.89099721 ], [ -99.54973773, 19.88749721 ], [ -99.55043773, 19.88569721 ], [ -99.55353773, 19.88499721 ], [ -99.55293773, 19.88819721 ], [ -99.55033773, 19.88989721 ], [ -99.54963773, 19.89409721 ] ] ], [ [ [ -99.55603773, 20.04139721 ], [ -99.55523773, 20.04389721 ], [ -99.55313773, 20.04279721 ], [ -99.55083773, 20.04299721 ], [ -99.54903773, 20.04159721 ], [ -99.54673773, 20.04209721 ], [ -99.54833773, 20.03949721 ], [ -99.55173773, 20.04039721 ], [ -99.55603773, 20.04139721 ] ] ], [ [ [ -99.47713773, 19.94629721 ], [ -99.47463773, 19.94779721 ], [ -99.47353773, 19.94629721 ], [ -99.47553773, 19.94439721 ], [ -99.47893773, 19.94309721 ], [ -99.48113773, 19.94429721 ], [ -99.47923773, 19.94599721 ], [ -99.47713773, 19.94629721 ] ] ], [ [ [ -99.54883773, 19.99699721 ], [ -99.54963773, 20.00029721 ], [ -99.55003773, 20.00359721 ], [ -99.54943773, 20.00599721 ], [ -99.54693773, 20.00439721 ], [ -99.54763773, 20.00149721 ], [ -99.54883773, 19.99699721 ] ] ], [ [ [ -99.55003773, 19.90869721 ], [ -99.54883773, 19.91179721 ], [ -99.54773773, 19.90919721 ], [ -99.54503773, 19.90749721 ], [ -99.54723773, 19.90539721 ], [ -99.54843773, 19.90719721 ], [ -99.55003773, 19.90869721 ] ] ], [ [ [ -99.53093773, 19.99009721 ], [ -99.53053773, 19.99299721 ], [ -99.52963773, 19.99519721 ], [ -99.52803773, 19.99309721 ], [ -99.52843773, 19.99049721 ], [ -99.53093773, 19.99009721 ] ] ], [ [ [ -99.50443773, 19.94359721 ], [ -99.50293773, 19.94759721 ], [ -99.50073773, 19.94489721 ], [ -99.50443773, 19.94359721 ] ] ], [ [ [ -99.49943773, 19.95189721 ], [ -99.49663773, 19.95369721 ], [ -99.49383773, 19.95119721 ], [ -99.49943773, 19.95189721 ] ] ], [ [ [ -99.53563773, 19.94019721 ], [ -99.53593773, 19.94279721 ], [ -99.53363773, 19.94359721 ], [ -99.53383773, 19.94109721 ], [ -99.53563773, 19.94019721 ] ] ], [ [ [ -99.50223773, 19.95119721 ], [ -99.49943773, 19.95189721 ], [ -99.50043773, 19.94789721 ], [ -99.50223773, 19.95119721 ] ] ], [ [ [ -99.44433773, 19.95889721 ], [ -99.44743773, 19.95889721 ], [ -99.44563773, 19.96079721 ], [ -99.44283773, 19.96009721 ], [ -99.44433773, 19.95889721 ] ] ], [ [ [ -99.50513773, 19.95039721 ], [ -99.50223773, 19.95119721 ], [ -99.50293773, 19.94759721 ], [ -99.50513773, 19.95039721 ] ] ], [ [ [ -99.54673773, 19.89399721 ], [ -99.54583773, 19.89869721 ], [ -99.54383773, 19.89829721 ], [ -99.54673773, 19.89399721 ] ] ], [ [ [ -99.50943773, 19.94319721 ], [ -99.50643773, 19.94529721 ], [ -99.50443773, 19.94359721 ], [ -99.50943773, 19.94319721 ] ] ], [ [ [ -99.52413773, 19.93179721 ], [ -99.52173773, 19.93159721 ], [ -99.52303773, 19.92809721 ], [ -99.52413773, 19.93179721 ] ] ], [ [ [ -99.49643773, 19.93249721 ], [ -99.49313773, 19.93449721 ], [ -99.49513773, 19.93089721 ], [ -99.49643773, 19.93249721 ] ] ], [ [ [ -99.49783773, 20.03949721 ], [ -99.49383773, 20.03969721 ], [ -99.49453773, 20.03769721 ], [ -99.49783773, 20.03949721 ] ] ], [ [ [ -99.47993773, 19.99729721 ], [ -99.47783773, 19.99899721 ], [ -99.47603773, 19.99689721 ], [ -99.47993773, 19.99729721 ] ] ], [ [ [ -99.52693773, 19.93359721 ], [ -99.52293773, 19.93359721 ], [ -99.52413773, 19.93179721 ], [ -99.52693773, 19.93359721 ] ] ], [ [ [ -99.47383773, 19.96519721 ], [ -99.47193773, 19.96669721 ], [ -99.47163773, 19.96319721 ], [ -99.47383773, 19.96519721 ] ] ], [ [ [ -99.52983773, 20.05379721 ], [ -99.52773773, 20.05729721 ], [ -99.52693773, 20.05539721 ], [ -99.52983773, 20.05379721 ] ] ], [ [ [ -99.49003773, 19.96789721 ], [ -99.48743773, 19.96789721 ], [ -99.49013773, 19.96589721 ], [ -99.49003773, 19.96789721 ] ] ], [ [ [ -99.55163773, 19.96099721 ], [ -99.54943773, 19.96109721 ], [ -99.55093773, 19.95869721 ], [ -99.55163773, 19.96099721 ] ] ], [ [ [ -99.55633773, 19.97379721 ], [ -99.55373773, 19.97459721 ], [ -99.55453773, 19.97239721 ], [ -99.55633773, 19.97379721 ] ] ], [ [ [ -99.48053773, 19.99539721 ], [ -99.48233773, 19.99789721 ], [ -99.47993773, 19.99729721 ], [ -99.48053773, 19.99539721 ] ] ], [ [ [ -99.44553773, 20.01919721 ], [ -99.44383773, 20.02109721 ], [ -99.44343773, 20.01899721 ], [ -99.44553773, 20.01919721 ] ] ] ] } },
{ "type": "Feature", "properties": { "id": 405, "clvdr": "073", "dr": "La Concepción", "clvrha": "XIII", "rha": "Aguas del Valle de México", "anioagricola": "2022 - 2023", "numusuarios": 506, "voldistribuido": 1266.48, "laminabruta": 71.55254 }, "geometry": { "type": "MultiPolygon", "coordinates": [ [ [ [ -99.24467049, 19.68480514 ], [ -99.24237049, 19.68820514 ], [ -99.24217049, 19.69030514 ], [ -99.24007049, 19.69210514 ], [ -99.23797049, 19.69440514 ], [ -99.23797049, 19.69660514 ], [ -99.23417049, 19.69790514 ], [ -99.23397049, 19.70000514 ], [ -99.23147049, 19.70030514 ], [ -99.22877049, 19.70120514 ], [ -99.22467049, 19.70140514 ], [ -99.22237049, 19.70240514 ], [ -99.22017049, 19.70400514 ], [ -99.21947049, 19.70060514 ], [ -99.22417049, 19.69920514 ], [ -99.22727049, 19.69830514 ], [ -99.23157049, 19.69700514 ], [ -99.23177049, 19.69400514 ], [ -99.23337049, 19.69040514 ], [ -99.23537049, 19.69020514 ], [ -99.23827049, 19.68990514 ], [ -99.23747049, 19.68820514 ], [ -99.23887049, 19.68630514 ], [ -99.23597049, 19.68340514 ], [ -99.23887049, 19.68400514 ], [ -99.24267049, 19.68260514 ], [ -99.24177049, 19.68590514 ], [ -99.24467049, 19.68480514 ] ] ], [ [ [ -99.20007049, 19.73610514 ], [ -99.19667049, 19.73640514 ], [ -99.19567049, 19.73380514 ], [ -99.19257049, 19.73430514 ], [ -99.19307049, 19.73680514 ], [ -99.18987049, 19.73550514 ], [ -99.18677049, 19.73560514 ], [ -99.18817049, 19.73380514 ], [ -99.19097049, 19.73220514 ], [ -99.19167049, 19.72830514 ], [ -99.19247049, 19.72600514 ], [ -99.19497049, 19.72430514 ], [ -99.19497049, 19.72750514 ], [ -99.19807049, 19.73290514 ], [ -99.20007049, 19.73610514 ] ] ], [ [ [ -99.26927049, 19.68730514 ], [ -99.26737049, 19.68560514 ], [ -99.27007049, 19.68350514 ], [ -99.27117049, 19.68080514 ], [ -99.27217049, 19.67850514 ], [ -99.27477049, 19.68110514 ], [ -99.27667049, 19.68320514 ], [ -99.27987049, 19.68300514 ], [ -99.27837049, 19.68620514 ], [ -99.27547049, 19.68570514 ], [ -99.27307049, 19.68710514 ], [ -99.27107049, 19.68830514 ], [ -99.26927049, 19.68730514 ] ] ], [ [ [ -99.20007049, 19.73610514 ], [ -99.20207049, 19.73900514 ], [ -99.20417049, 19.74220514 ], [ -99.20497049, 19.74500514 ], [ -99.20177049, 19.74490514 ], [ -99.19997049, 19.74480514 ], [ -99.20057049, 19.74230514 ], [ -99.19847049, 19.73830514 ], [ -99.20007049, 19.73610514 ] ] ], [ [ [ -99.26217049, 19.68570514 ], [ -99.25937049, 19.68990514 ], [ -99.25767049, 19.68730514 ], [ -99.25887049, 19.68490514 ], [ -99.26217049, 19.68570514 ] ] ], [ [ [ -99.26737049, 19.68560514 ], [ -99.26217049, 19.68570514 ], [ -99.26397049, 19.68350514 ], [ -99.26617049, 19.68310514 ], [ -99.26737049, 19.68560514 ] ] ], [ [ [ -99.24217049, 19.69030514 ], [ -99.24607049, 19.69200514 ], [ -99.24317049, 19.69400514 ], [ -99.24207049, 19.69240514 ], [ -99.24217049, 19.69030514 ] ] ], [ [ [ -99.23597049, 19.68340514 ], [ -99.23407049, 19.68380514 ], [ -99.23237049, 19.68320514 ], [ -99.23507049, 19.68090514 ], [ -99.23597049, 19.68340514 ] ] ], [ [ [ -99.24467049, 19.68480514 ], [ -99.24267049, 19.68260514 ], [ -99.24537049, 19.68220514 ], [ -99.24467049, 19.68480514 ] ] ], [ [ [ -99.19667049, 19.72210514 ], [ -99.19497049, 19.72430514 ], [ -99.19517049, 19.72020514 ], [ -99.19667049, 19.72210514 ] ] ] ] } },
{ "type": "Feature", "properties": { "id": 481, "clvdr": "088", "dr": "Chiconautla", "clvrha": "XIII", "rha": "Aguas del Valle de México", "anioagricola": "2022 - 2023", "numusuarios": 1810, "voldistribuido": 20477.95, "laminabruta": 148.17619 }, "geometry": { "type": "MultiPolygon", "coordinates": [ [ [ [ -99.03418527, 19.72719436 ], [ -99.02998527, 19.72909436 ], [ -99.02618527, 19.72939436 ], [ -99.02458527, 19.72839436 ], [ -99.02158527, 19.72929436 ], [ -99.02088527, 19.72779436 ], [ -99.01878527, 19.72729436 ], [ -99.01608527, 19.72579436 ], [ -99.01598527, 19.72279436 ], [ -99.01488527, 19.72019436 ], [ -99.01238527, 19.71969436 ], [ -99.00898527, 19.71779436 ], [ -99.00618527, 19.71749436 ], [ -99.00818527, 19.71499436 ], [ -99.00948527, 19.71219436 ], [ -99.01178527, 19.71149436 ], [ -99.01268527, 19.70909436 ], [ -99.01578527, 19.70899436 ], [ -99.01868527, 19.70679436 ], [ -99.01578527, 19.70659436 ], [ -99.01268527, 19.70909436 ], [ -99.01208527, 19.70719436 ], [ -99.01358527, 19.70529436 ], [ -99.01168527, 19.70199436 ], [ -99.01338527, 19.69979436 ], [ -99.01428527, 19.69719436 ], [ -99.01238527, 19.69509436 ], [ -99.00978527, 19.69379436 ], [ -99.00748527, 19.69349436 ], [ -99.00588527, 19.69079436 ], [ -99.00898527, 19.69089436 ], [ -99.01178527, 19.69219436 ], [ -99.01448527, 19.69429436 ], [ -99.01898527, 19.69269436 ], [ -99.01898527, 19.69079436 ], [ -99.02138527, 19.68919436 ], [ -99.02118527, 19.68649436 ], [ -99.02248527, 19.68489436 ], [ -99.02158527, 19.68329436 ], [ -99.02368527, 19.68259436 ], [ -99.02598527, 19.68129436 ], [ -99.03078527, 19.68189436 ], [ -99.03208527, 19.68409436 ], [ -99.03418527, 19.68379436 ], [ -99.03618527, 19.68549436 ], [ -99.03848527, 19.68779436 ], [ -99.04268527, 19.68369436 ], [ -99.04188527, 19.67909436 ], [ -99.04328527, 19.67419436 ], [ -99.04358527, 19.67049436 ], [ -99.04118527, 19.66909436 ], [ -99.03828527, 19.66919436 ], [ -99.03438527, 19.66899436 ], [ -99.03068527, 19.66919436 ], [ -99.02808527, 19.66779436 ], [ -99.02508527, 19.66729436 ], [ -99.02308527, 19.66759436 ], [ -99.02358527, 19.66519436 ], [ -99.02408527, 19.66289436 ], [ -99.02568527, 19.66159436 ], [ -99.02598527, 19.65759436 ], [ -99.02638527, 19.65379436 ], [ -99.02718527, 19.64999436 ], [ -99.02908527, 19.64399436 ], [ -99.02908527, 19.64149436 ], [ -99.02998527, 19.63919436 ], [ -99.03268527, 19.64139436 ], [ -99.03728527, 19.64019436 ], [ -99.04168527, 19.64069436 ], [ -99.04538527, 19.64219436 ], [ -99.04848527, 19.64099436 ], [ -99.05098527, 19.64199436 ], [ -99.05348527, 19.64399436 ], [ -99.05488527, 19.64579436 ], [ -99.05518527, 19.64919436 ], [ -99.05798527, 19.65189436 ], [ -99.05938527, 19.65489436 ], [ -99.05948527, 19.65779436 ], [ -99.06018527, 19.66019436 ], [ -99.06298527, 19.66109436 ], [ -99.06388527, 19.66449436 ], [ -99.06478527, 19.66809436 ], [ -99.06608527, 19.67079436 ], [ -99.06658527, 19.67329436 ], [ -99.06578527, 19.67599436 ], [ -99.06528527, 19.67899436 ], [ -99.06598527, 19.68199436 ], [ -99.06738527, 19.68469436 ], [ -99.06738527, 19.68779436 ], [ -99.06838527, 19.69069436 ], [ -99.06818527, 19.69389436 ], [ -99.06938527, 19.69539436 ], [ -99.06728527, 19.69759436 ], [ -99.06558527, 19.69949436 ], [ -99.06198527, 19.69849436 ], [ -99.05948527, 19.69819436 ], [ -99.05658527, 19.69909436 ], [ -99.05328527, 19.69759436 ], [ -99.05008527, 19.69699436 ], [ -99.04818527, 19.69799436 ], [ -99.04358527, 19.69599436 ], [ -99.04368527, 19.69899436 ], [ -99.04058527, 19.69689436 ], [ -99.03598527, 19.69659436 ], [ -99.03488527, 19.69919436 ], [ -99.03318527, 19.70209436 ], [ -99.03228527, 19.70499436 ], [ -99.03258527, 19.70819436 ], [ -99.03388527, 19.71169436 ], [ -99.03418527, 19.71539436 ], [ -99.03148527, 19.71649436 ], [ -99.03348527, 19.71919436 ], [ -99.03268527, 19.72309436 ], [ -99.03418527, 19.72719436 ] ], [ [ -99.03268527, 19.65249436 ], [ -99.03698527, 19.64969436 ], [ -99.03368527, 19.64869436 ], [ -99.03078527, 19.65089436 ], [ -99.03268527, 19.65249436 ] ], [ [ -99.05888527, 19.68779436 ], [ -99.05888527, 19.68479436 ], [ -99.05688527, 19.68259436 ], [ -99.05408527, 19.68209436 ], [ -99.05098527, 19.68139436 ], [ -99.05238527, 19.68489436 ], [ -99.04808527, 19.68409436 ], [ -99.04738527, 19.68889436 ], [ -99.05018527, 19.69199436 ], [ -99.05408527, 19.69139436 ], [ -99.05798527, 19.69079436 ], [ -99.05888527, 19.68779436 ] ], [ [ -99.04218527, 19.65429436 ], [ -99.04098527, 19.65119436 ], [ -99.03588527, 19.65299436 ], [ -99.03298527, 19.65659436 ], [ -99.03258527, 19.65979436 ], [ -99.03208527, 19.66399436 ], [ -99.03508527, 19.66609436 ], [ -99.03808527, 19.66579436 ], [ -99.03938527, 19.66199436 ], [ -99.04018527, 19.65879436 ], [ -99.04118527, 19.65649436 ], [ -99.04218527, 19.65429436 ] ] ], [ [ [ -99.03758527, 19.72789436 ], [ -99.03418527, 19.72719436 ], [ -99.03718527, 19.72599436 ], [ -99.04068527, 19.72559436 ], [ -99.04438527, 19.72629436 ], [ -99.04108527, 19.72759436 ], [ -99.03758527, 19.72789436 ] ] ] ] } },
{ "type": "Feature", "properties": { "id": 592, "clvdr": "100", "dr": "Alfajayucan", "clvrha": "XIII", "rha": "Aguas del Valle de México", "anioagricola": "2022 - 2023", "numusuarios": 21102, "voldistribuido": 492718.23, "laminabruta": 167.17614 }, "geometry": { "type": "MultiPolygon", "coordinates": [ [ [ [ -99.22709967, 20.53446705 ], [ -99.22239967, 20.53636705 ], [ -99.22049967, 20.53946705 ], [ -99.21789967, 20.54176705 ], [ -99.21499967, 20.54416705 ], [ -99.21249967, 20.54796705 ], [ -99.21219967, 20.55116705 ], [ -99.20959967, 20.55166705 ], [ -99.20849967, 20.55476705 ], [ -99.20569967, 20.55876705 ], [ -99.20509967, 20.56086705 ], [ -99.20279967, 20.55836705 ], [ -99.20059967, 20.55716705 ], [ -99.20129967, 20.55446705 ], [ -99.19819967, 20.55596705 ], [ -99.19529967, 20.55736705 ], [ -99.19679967, 20.55446705 ], [ -99.19689967, 20.55136705 ], [ -99.19339967, 20.55226705 ], [ -99.19529967, 20.55736705 ], [ -99.19429967, 20.56266705 ], [ -99.19379967, 20.56496705 ], [ -99.19509967, 20.56796705 ], [ -99.19769967, 20.56906705 ], [ -99.19569967, 20.57226705 ], [ -99.19649967, 20.57586705 ], [ -99.19409967, 20.57696705 ], [ -99.19139967, 20.57666705 ], [ -99.19389967, 20.57486705 ], [ -99.19109967, 20.57426705 ], [ -99.18899967, 20.57376705 ], [ -99.18699967, 20.57576705 ], [ -99.18599967, 20.57406705 ], [ -99.18389967, 20.57396705 ], [ -99.18179967, 20.57206705 ], [ -99.17959967, 20.57266705 ], [ -99.17709967, 20.57016705 ], [ -99.17729967, 20.56566705 ], [ -99.17099967, 20.56746705 ], [ -99.16729967, 20.56636705 ], [ -99.16599967, 20.56416705 ], [ -99.16659967, 20.56166705 ], [ -99.16529967, 20.55886705 ], [ -99.16319967, 20.55666705 ], [ -99.16339967, 20.55306705 ], [ -99.16509967, 20.55216705 ], [ -99.16779967, 20.55226705 ], [ -99.17089967, 20.55466705 ], [ -99.16859967, 20.55506705 ], [ -99.16569967, 20.55486705 ], [ -99.16749967, 20.55746705 ], [ -99.16859967, 20.56006705 ], [ -99.17069967, 20.56276705 ], [ -99.17179967, 20.55856705 ], [ -99.17459967, 20.56076705 ], [ -99.17649967, 20.55886705 ], [ -99.18059967, 20.56126705 ], [ -99.18049967, 20.55686705 ], [ -99.18289967, 20.55506705 ], [ -99.18249967, 20.55226705 ], [ -99.18009967, 20.54996705 ], [ -99.17649967, 20.55096705 ], [ -99.17889967, 20.54756705 ], [ -99.18299967, 20.54686705 ], [ -99.18429967, 20.54346705 ], [ -99.18679967, 20.53966705 ], [ -99.18359967, 20.53956705 ], [ -99.18119967, 20.53786705 ], [ -99.17959967, 20.54196705 ], [ -99.17589967, 20.54246705 ], [ -99.17709967, 20.54036705 ], [ -99.17509967, 20.53916705 ], [ -99.17589967, 20.53516705 ], [ -99.17339967, 20.53416705 ], [ -99.17169967, 20.53816705 ], [ -99.17199967, 20.54216705 ], [ -99.16859967, 20.53966705 ], [ -99.16669967, 20.53816705 ], [ -99.16329967, 20.53786705 ], [ -99.16049967, 20.53476705 ], [ -99.15959967, 20.53736705 ], [ -99.15659967, 20.53916705 ], [ -99.15729967, 20.53596705 ], [ -99.15499967, 20.53566705 ], [ -99.15399967, 20.53416705 ], [ -99.15089967, 20.53266705 ], [ -99.15059967, 20.53496705 ], [ -99.15219967, 20.53716705 ], [ -99.15079967, 20.53966705 ], [ -99.14999967, 20.54346705 ], [ -99.14809967, 20.54116705 ], [ -99.14729967, 20.53896705 ], [ -99.14409967, 20.53716705 ], [ -99.14119967, 20.53956705 ], [ -99.13949967, 20.54296705 ], [ -99.14019967, 20.54616705 ], [ -99.14149967, 20.54766705 ], [ -99.14309967, 20.54926705 ], [ -99.14099967, 20.54976705 ], [ -99.14109967, 20.55446705 ], [ -99.14469967, 20.55656705 ], [ -99.14569967, 20.55876705 ], [ -99.14059967, 20.56106705 ], [ -99.13929967, 20.56406705 ], [ -99.13789967, 20.56636705 ], [ -99.13859967, 20.56906705 ], [ -99.13609967, 20.56936705 ], [ -99.13329967, 20.57346705 ], [ -99.12999967, 20.57236705 ], [ -99.12859967, 20.57026705 ], [ -99.12729967, 20.56486705 ], [ -99.12469967, 20.56286705 ], [ -99.12159967, 20.56136705 ], [ -99.12029967, 20.55776705 ], [ -99.12279967, 20.55626705 ], [ -99.12679967, 20.55486705 ], [ -99.12819967, 20.55216705 ], [ -99.12599967, 20.54876705 ], [ -99.12599967, 20.54626705 ], [ -99.12519967, 20.54316705 ], [ -99.12279967, 20.54306705 ], [ -99.12179967, 20.53916705 ], [ -99.11849967, 20.54056705 ], [ -99.11679967, 20.53866705 ], [ -99.11459967, 20.53516705 ], [ -99.11309967, 20.53196705 ], [ -99.11229967, 20.52926705 ], [ -99.11119967, 20.52686705 ], [ -99.10939967, 20.52396705 ], [ -99.10659967, 20.52186705 ], [ -99.10849967, 20.52126705 ], [ -99.10829967, 20.51876705 ], [ -99.11099967, 20.52086705 ], [ -99.11419967, 20.52186705 ], [ -99.11599967, 20.52006705 ], [ -99.11809967, 20.52056705 ], [ -99.12149967, 20.51996705 ], [ -99.12389967, 20.51626705 ], [ -99.12169967, 20.51666705 ], [ -99.12149967, 20.51996705 ], [ -99.11979967, 20.51846705 ], [ -99.11959967, 20.51536705 ], [ -99.11819967, 20.51206705 ], [ -99.11619967, 20.51196705 ], [ -99.11419967, 20.50886705 ], [ -99.11659967, 20.50866705 ], [ -99.11659967, 20.50566705 ], [ -99.11279967, 20.50626705 ], [ -99.11059967, 20.50576705 ], [ -99.10879967, 20.50206705 ], [ -99.10559967, 20.50056705 ], [ -99.10279967, 20.49966705 ], [ -99.10129967, 20.49866705 ], [ -99.10049967, 20.49496705 ], [ -99.09639967, 20.49406705 ], [ -99.09249967, 20.49276705 ], [ -99.08959967, 20.49376705 ], [ -99.08689967, 20.49116705 ], [ -99.08359967, 20.48856705 ], [ -99.08309967, 20.48536705 ], [ -99.08639967, 20.48606705 ], [ -99.09019967, 20.48646705 ], [ -99.09349967, 20.48696705 ], [ -99.09559967, 20.48756705 ], [ -99.09579967, 20.49026705 ], [ -99.09939967, 20.49096705 ], [ -99.10269967, 20.49076705 ], [ -99.10799967, 20.49356705 ], [ -99.10859967, 20.49856705 ], [ -99.11099967, 20.49806705 ], [ -99.11359967, 20.49916705 ], [ -99.11669967, 20.49836705 ], [ -99.11809967, 20.50226705 ], [ -99.11909967, 20.50036705 ], [ -99.12149967, 20.50136705 ], [ -99.12509967, 20.50186705 ], [ -99.12819967, 20.49976705 ], [ -99.12919967, 20.49746705 ], [ -99.13019967, 20.49546705 ], [ -99.13189967, 20.49456705 ], [ -99.13399967, 20.49466705 ], [ -99.13469967, 20.49036705 ], [ -99.13389967, 20.48706705 ], [ -99.13149967, 20.48536705 ], [ -99.12969967, 20.48486705 ], [ -99.13079967, 20.48286705 ], [ -99.13089967, 20.48016705 ], [ -99.13169967, 20.47756705 ], [ -99.13169967, 20.47496705 ], [ -99.13299967, 20.47196705 ], [ -99.13099967, 20.46916705 ], [ -99.12999967, 20.46636705 ], [ -99.12919967, 20.46436705 ], [ -99.12839967, 20.46216705 ], [ -99.13209967, 20.45946705 ], [ -99.13539967, 20.45756705 ], [ -99.13789967, 20.45536705 ], [ -99.14049967, 20.45226705 ], [ -99.13999967, 20.44896705 ], [ -99.14109967, 20.44586705 ], [ -99.13989967, 20.44096705 ], [ -99.13839967, 20.43646705 ], [ -99.13669967, 20.43366705 ], [ -99.13459967, 20.43386705 ], [ -99.13259967, 20.43156705 ], [ -99.13159967, 20.42926705 ], [ -99.12949967, 20.42716705 ], [ -99.12489967, 20.42686705 ], [ -99.12279967, 20.42636705 ], [ -99.12339967, 20.42336705 ], [ -99.12729967, 20.42436705 ], [ -99.12999967, 20.42226705 ], [ -99.13149967, 20.42396705 ], [ -99.13389967, 20.42376705 ], [ -99.13649967, 20.42386705 ], [ -99.13929967, 20.42286705 ], [ -99.14229967, 20.41986705 ], [ -99.14399967, 20.41716705 ], [ -99.14349967, 20.41386705 ], [ -99.14499967, 20.41196705 ], [ -99.14239967, 20.40966705 ], [ -99.14259967, 20.40626705 ], [ -99.13659967, 20.40406705 ], [ -99.13379967, 20.40156705 ], [ -99.13409967, 20.39726705 ], [ -99.13559967, 20.39916705 ], [ -99.13939967, 20.40096705 ], [ -99.14279967, 20.40246705 ], [ -99.14419967, 20.40426705 ], [ -99.14619967, 20.40656705 ], [ -99.14709967, 20.40276705 ], [ -99.15149967, 20.40326705 ], [ -99.15189967, 20.39906705 ], [ -99.14979967, 20.39966705 ], [ -99.14859967, 20.39786705 ], [ -99.15039967, 20.39636705 ], [ -99.14549967, 20.39456705 ], [ -99.14949967, 20.39396705 ], [ -99.14869967, 20.39156705 ], [ -99.14939967, 20.38966705 ], [ -99.15189967, 20.39046705 ], [ -99.15229967, 20.38776705 ], [ -99.15419967, 20.38876705 ], [ -99.15539967, 20.39016705 ], [ -99.15459967, 20.39196705 ], [ -99.15619967, 20.39286705 ], [ -99.15769967, 20.39686705 ], [ -99.15389967, 20.39626705 ], [ -99.15589967, 20.39836705 ], [ -99.15769967, 20.39686705 ], [ -99.15969967, 20.39896705 ], [ -99.16379967, 20.39726705 ], [ -99.16539967, 20.39806705 ], [ -99.16319967, 20.40116705 ], [ -99.16369967, 20.40396705 ], [ -99.16249967, 20.40686705 ], [ -99.16169967, 20.40896705 ], [ -99.16069967, 20.41066705 ], [ -99.16109967, 20.41246705 ], [ -99.16079967, 20.41426705 ], [ -99.15979967, 20.41586705 ], [ -99.15859967, 20.41756705 ], [ -99.15959967, 20.41976705 ], [ -99.16019967, 20.42206705 ], [ -99.16049967, 20.42666705 ], [ -99.16449967, 20.42696705 ], [ -99.16589967, 20.42506705 ], [ -99.16789967, 20.42266705 ], [ -99.16669967, 20.41936705 ], [ -99.16719967, 20.41526705 ], [ -99.16629967, 20.41146705 ], [ -99.16609967, 20.40906705 ], [ -99.16859967, 20.40766705 ], [ -99.16799967, 20.40496705 ], [ -99.16759967, 20.40246705 ], [ -99.16869967, 20.39846705 ], [ -99.16969967, 20.39636705 ], [ -99.17159967, 20.39626705 ], [ -99.17209967, 20.39916705 ], [ -99.17469967, 20.40156705 ], [ -99.17729967, 20.39956705 ], [ -99.17799967, 20.39656705 ], [ -99.17959967, 20.39906705 ], [ -99.18339967, 20.39716705 ], [ -99.18249967, 20.39966705 ], [ -99.18509967, 20.40156705 ], [ -99.18709967, 20.40016705 ], [ -99.18729967, 20.39766705 ], [ -99.18339967, 20.39716705 ], [ -99.18629967, 20.39486705 ], [ -99.18509967, 20.39266705 ], [ -99.18349967, 20.39136705 ], [ -99.18249967, 20.38896705 ], [ -99.18529967, 20.38556705 ], [ -99.18189967, 20.38156705 ], [ -99.17949967, 20.38446705 ], [ -99.17779967, 20.38696705 ], [ -99.17579967, 20.39046705 ], [ -99.17299967, 20.39146705 ], [ -99.17039967, 20.39176705 ], [ -99.16669967, 20.39096705 ], [ -99.16769967, 20.38886705 ], [ -99.17149967, 20.38646705 ], [ -99.17089967, 20.38486705 ], [ -99.17239967, 20.38316705 ], [ -99.17679967, 20.38036705 ], [ -99.17889967, 20.37726705 ], [ -99.17919967, 20.37456705 ], [ -99.18019967, 20.37176705 ], [ -99.18189967, 20.36956705 ], [ -99.18389967, 20.36786705 ], [ -99.18589967, 20.36676705 ], [ -99.18789967, 20.36646705 ], [ -99.18939967, 20.36756705 ], [ -99.19029967, 20.37026705 ], [ -99.19309967, 20.37396705 ], [ -99.19629967, 20.37426705 ], [ -99.19809967, 20.37316705 ], [ -99.20009967, 20.37276705 ], [ -99.20299967, 20.37036705 ], [ -99.20429967, 20.36836705 ], [ -99.20699967, 20.36826705 ], [ -99.21009967, 20.36706705 ], [ -99.20929967, 20.36406705 ], [ -99.21009967, 20.36116705 ], [ -99.21279967, 20.36376705 ], [ -99.21259967, 20.36816705 ], [ -99.21179967, 20.37076705 ], [ -99.20929967, 20.37316705 ], [ -99.21079967, 20.37536705 ], [ -99.21419967, 20.37536705 ], [ -99.21169967, 20.37766705 ], [ -99.21259967, 20.38176705 ], [ -99.21559967, 20.38356705 ], [ -99.21449967, 20.38726705 ], [ -99.21439967, 20.38956705 ], [ -99.21089967, 20.38916705 ], [ -99.21079967, 20.39316705 ], [ -99.21219967, 20.39446705 ], [ -99.21619967, 20.39206705 ], [ -99.21989967, 20.39106705 ], [ -99.22299967, 20.39256705 ], [ -99.22059967, 20.39496705 ], [ -99.22159967, 20.39856705 ], [ -99.22019967, 20.40126705 ], [ -99.22009967, 20.40396705 ], [ -99.21939967, 20.40786705 ], [ -99.22249967, 20.40846705 ], [ -99.22419967, 20.40866705 ], [ -99.22289967, 20.41326705 ], [ -99.21829967, 20.41416705 ], [ -99.21849967, 20.41096705 ], [ -99.21569967, 20.41056705 ], [ -99.21369967, 20.41276705 ], [ -99.21019967, 20.41616705 ], [ -99.20829967, 20.42046705 ], [ -99.20429967, 20.42036705 ], [ -99.20119967, 20.42076705 ], [ -99.20159967, 20.41846705 ], [ -99.20149967, 20.41406705 ], [ -99.19879967, 20.41456705 ], [ -99.19839967, 20.41666705 ], [ -99.19589967, 20.41476705 ], [ -99.19219967, 20.41696705 ], [ -99.19189967, 20.41896705 ], [ -99.19299967, 20.42176705 ], [ -99.19289967, 20.42696705 ], [ -99.19019967, 20.43006705 ], [ -99.18499967, 20.43276705 ], [ -99.18679967, 20.43406705 ], [ -99.18449967, 20.43536705 ], [ -99.18309967, 20.43716705 ], [ -99.17909967, 20.43676705 ], [ -99.17839967, 20.43336705 ], [ -99.17829967, 20.43036705 ], [ -99.17759967, 20.42786705 ], [ -99.17749967, 20.42586705 ], [ -99.17689967, 20.42306705 ], [ -99.18009967, 20.42146705 ], [ -99.18089967, 20.41906705 ], [ -99.18239967, 20.41626705 ], [ -99.17899967, 20.41696705 ], [ -99.17639967, 20.41576705 ], [ -99.17559967, 20.41946705 ], [ -99.17319967, 20.41956705 ], [ -99.17369967, 20.42206705 ], [ -99.17189967, 20.42486705 ], [ -99.17259967, 20.42756705 ], [ -99.17169967, 20.43096705 ], [ -99.17409967, 20.42886705 ], [ -99.17459967, 20.43106705 ], [ -99.17439967, 20.43346705 ], [ -99.17529967, 20.43726705 ], [ -99.17789967, 20.44146705 ], [ -99.17819967, 20.44376705 ], [ -99.17919967, 20.44716705 ], [ -99.18199967, 20.44906705 ], [ -99.17999967, 20.44976705 ], [ -99.17769967, 20.44906705 ], [ -99.17789967, 20.45166705 ], [ -99.17819967, 20.45416705 ], [ -99.17899967, 20.45726705 ], [ -99.17569967, 20.45806705 ], [ -99.17669967, 20.46046705 ], [ -99.17969967, 20.45996705 ], [ -99.17949967, 20.46296705 ], [ -99.17759967, 20.46516705 ], [ -99.17749967, 20.47056705 ], [ -99.17879967, 20.47396705 ], [ -99.17549967, 20.47116705 ], [ -99.17219967, 20.47116705 ], [ -99.16919967, 20.47076705 ], [ -99.16529967, 20.47246705 ], [ -99.16829967, 20.47596705 ], [ -99.16919967, 20.47846705 ], [ -99.17049967, 20.48046705 ], [ -99.17239967, 20.47976705 ], [ -99.17349967, 20.47846705 ], [ -99.17459967, 20.47686705 ], [ -99.17769967, 20.47566705 ], [ -99.17879967, 20.47396705 ], [ -99.18199967, 20.47396705 ], [ -99.18539967, 20.47326705 ], [ -99.18949967, 20.47316705 ], [ -99.19059967, 20.47536705 ], [ -99.19349967, 20.47746705 ], [ -99.19579967, 20.47496705 ], [ -99.19829967, 20.47306705 ], [ -99.19969967, 20.47406705 ], [ -99.20169967, 20.47536705 ], [ -99.20129967, 20.47836705 ], [ -99.20319967, 20.47726705 ], [ -99.20169967, 20.47536705 ], [ -99.20519967, 20.47386705 ], [ -99.20519967, 20.47666705 ], [ -99.20749967, 20.47766705 ], [ -99.20969967, 20.47926705 ], [ -99.21109967, 20.48146705 ], [ -99.20889967, 20.48106705 ], [ -99.20709967, 20.47986705 ], [ -99.20499967, 20.47966705 ], [ -99.20539967, 20.48386705 ], [ -99.20299967, 20.48416705 ], [ -99.20109967, 20.48536705 ], [ -99.20089967, 20.48776705 ], [ -99.19929967, 20.48716705 ], [ -99.19619967, 20.48756705 ], [ -99.19089967, 20.48836705 ], [ -99.19259967, 20.49096705 ], [ -99.19499967, 20.49066705 ], [ -99.19789967, 20.48976705 ], [ -99.20089967, 20.48776705 ], [ -99.20279967, 20.48776705 ], [ -99.20269967, 20.49166705 ], [ -99.20569967, 20.48826705 ], [ -99.20569967, 20.49186705 ], [ -99.20679967, 20.49386705 ], [ -99.20489967, 20.49446705 ], [ -99.20219967, 20.49416705 ], [ -99.20089967, 20.49636705 ], [ -99.20259967, 20.49836705 ], [ -99.19909967, 20.49806705 ], [ -99.19639967, 20.49616705 ], [ -99.19379967, 20.49456705 ], [ -99.19129967, 20.49556705 ], [ -99.18859967, 20.49786705 ], [ -99.18639967, 20.49776705 ], [ -99.18829967, 20.49576705 ], [ -99.18519967, 20.49556705 ], [ -99.18639967, 20.49776705 ], [ -99.18379967, 20.49966705 ], [ -99.18139967, 20.50116705 ], [ -99.17759967, 20.49856705 ], [ -99.17729967, 20.50246705 ], [ -99.17839967, 20.50686705 ], [ -99.17979967, 20.50296705 ], [ -99.18139967, 20.50116705 ], [ -99.18219967, 20.50246705 ], [ -99.18179967, 20.50546705 ], [ -99.18419967, 20.50816705 ], [ -99.18579967, 20.50686705 ], [ -99.18729967, 20.50496705 ], [ -99.19089967, 20.50726705 ], [ -99.18879967, 20.51106705 ], [ -99.18639967, 20.51246705 ], [ -99.18599967, 20.51476705 ], [ -99.18609967, 20.51716705 ], [ -99.19039967, 20.51866705 ], [ -99.19139967, 20.51556705 ], [ -99.19059967, 20.51306705 ], [ -99.18879967, 20.51106705 ], [ -99.19419967, 20.50896705 ], [ -99.19709967, 20.50836705 ], [ -99.20069967, 20.51046705 ], [ -99.20449967, 20.50936705 ], [ -99.20879967, 20.50816705 ], [ -99.20789967, 20.51156705 ], [ -99.21109967, 20.50986705 ], [ -99.21339967, 20.50866705 ], [ -99.21449967, 20.51096705 ], [ -99.21569967, 20.51386705 ], [ -99.21869967, 20.51216705 ], [ -99.21959967, 20.51516705 ], [ -99.21669967, 20.51686705 ], [ -99.21619967, 20.51896705 ], [ -99.21369967, 20.51896705 ], [ -99.21159967, 20.51936705 ], [ -99.21019967, 20.52446705 ], [ -99.21229967, 20.52396705 ], [ -99.21579967, 20.52496705 ], [ -99.21859967, 20.52546705 ], [ -99.21969967, 20.52796705 ], [ -99.22149967, 20.52836705 ], [ -99.22269967, 20.52546705 ], [ -99.22419967, 20.52666705 ], [ -99.22829967, 20.52956705 ], [ -99.22389967, 20.52896705 ], [ -99.22209967, 20.53096705 ], [ -99.22339967, 20.53436705 ], [ -99.22709967, 20.53446705 ] ], [ [ -99.20219967, 20.54676705 ], [ -99.19979967, 20.54436705 ], [ -99.19919967, 20.54776705 ], [ -99.20159967, 20.55006705 ], [ -99.20219967, 20.54676705 ] ], [ [ -99.18949967, 20.56666705 ], [ -99.18359967, 20.57026705 ], [ -99.18859967, 20.57066705 ], [ -99.18949967, 20.56666705 ] ], [ [ -99.14749967, 20.50186705 ], [ -99.14849967, 20.49846705 ], [ -99.14559967, 20.49726705 ], [ -99.14349967, 20.49796705 ], [ -99.14459967, 20.49976705 ], [ -99.14749967, 20.50186705 ] ], [ [ -99.14119967, 20.50896705 ], [ -99.14009967, 20.50696705 ], [ -99.13689967, 20.50536705 ], [ -99.13689967, 20.50856705 ], [ -99.13839967, 20.51106705 ], [ -99.14119967, 20.50896705 ] ], [ [ -99.13569967, 20.51856705 ], [ -99.13539967, 20.51356705 ], [ -99.13359967, 20.51386705 ], [ -99.13009967, 20.51646705 ], [ -99.13379967, 20.51806705 ], [ -99.13569967, 20.51856705 ] ], [ [ -99.21529967, 20.53116705 ], [ -99.21289967, 20.52936705 ], [ -99.21179967, 20.53096705 ], [ -99.21149967, 20.53376705 ], [ -99.21109967, 20.53686705 ], [ -99.21389967, 20.53516705 ], [ -99.21529967, 20.53116705 ] ], [ [ -99.13449967, 20.56186705 ], [ -99.13259967, 20.55906705 ], [ -99.13029967, 20.55846705 ], [ -99.12859967, 20.55896705 ], [ -99.12569967, 20.55746705 ], [ -99.12759967, 20.56076705 ], [ -99.13149967, 20.56226705 ], [ -99.13449967, 20.56186705 ] ], [ [ -99.19539967, 20.54466705 ], [ -99.19199967, 20.54436705 ], [ -99.18799967, 20.54296705 ], [ -99.18759967, 20.54576705 ], [ -99.18969967, 20.54536705 ], [ -99.19009967, 20.54876705 ], [ -99.19329967, 20.54686705 ], [ -99.19539967, 20.54466705 ] ], [ [ -99.18589967, 20.41176705 ], [ -99.18429967, 20.40836705 ], [ -99.18099967, 20.40766705 ], [ -99.17899967, 20.40866705 ], [ -99.17799967, 20.41196705 ], [ -99.18049967, 20.41216705 ], [ -99.18359967, 20.41276705 ], [ -99.18589967, 20.41176705 ] ], [ [ -99.20649967, 20.38566705 ], [ -99.20559967, 20.38356705 ], [ -99.20559967, 20.37996705 ], [ -99.20269967, 20.37766705 ], [ -99.19969967, 20.37696705 ], [ -99.20009967, 20.38186705 ], [ -99.20119967, 20.38576705 ], [ -99.20649967, 20.38566705 ] ], [ [ -99.12469967, 20.53036705 ], [ -99.12349967, 20.52826705 ], [ -99.12679967, 20.52896705 ], [ -99.12429967, 20.52596705 ], [ -99.12349967, 20.52826705 ], [ -99.11919967, 20.53186705 ], [ -99.11799967, 20.53536705 ], [ -99.12029967, 20.53666705 ], [ -99.12489967, 20.53706705 ], [ -99.12609967, 20.53396705 ], [ -99.12309967, 20.53306705 ], [ -99.12469967, 20.53036705 ] ], [ [ -99.16539967, 20.51386705 ], [ -99.16209967, 20.51526705 ], [ -99.16599967, 20.51606705 ], [ -99.16829967, 20.51586705 ], [ -99.17089967, 20.51636705 ], [ -99.17059967, 20.51336705 ], [ -99.16989967, 20.50986705 ], [ -99.17159967, 20.50916705 ], [ -99.17119967, 20.50616705 ], [ -99.16819967, 20.50436705 ], [ -99.16489967, 20.50806705 ], [ -99.16259967, 20.51096705 ], [ -99.16539967, 20.51386705 ] ], [ [ -99.16289967, 20.49446705 ], [ -99.16059967, 20.49266705 ], [ -99.15789967, 20.49386705 ], [ -99.15659967, 20.49016705 ], [ -99.15439967, 20.49116705 ], [ -99.15339967, 20.49496705 ], [ -99.15579967, 20.49696705 ], [ -99.15719967, 20.49936705 ], [ -99.15619967, 20.50206705 ], [ -99.15689967, 20.50426705 ], [ -99.16029967, 20.50446705 ], [ -99.16309967, 20.50186705 ], [ -99.16449967, 20.50356705 ], [ -99.16639967, 20.50136705 ], [ -99.16839967, 20.49886705 ], [ -99.16579967, 20.49706705 ], [ -99.16289967, 20.49446705 ] ], [ [ -99.19539967, 20.41076705 ], [ -99.19839967, 20.40746705 ], [ -99.19869967, 20.41146705 ], [ -99.20079967, 20.40946705 ], [ -99.20519967, 20.40936705 ], [ -99.20819967, 20.40966705 ], [ -99.20979967, 20.40826705 ], [ -99.21189967, 20.40656705 ], [ -99.21119967, 20.40416705 ], [ -99.20889967, 20.40606705 ], [ -99.20719967, 20.40276705 ], [ -99.20509967, 20.40256705 ], [ -99.20419967, 20.39916705 ], [ -99.20489967, 20.39726705 ], [ -99.20409967, 20.39496705 ], [ -99.19929967, 20.39536705 ], [ -99.19909967, 20.39836705 ], [ -99.20159967, 20.39946705 ], [ -99.20129967, 20.40226705 ], [ -99.19869967, 20.40396705 ], [ -99.19619967, 20.40546705 ], [ -99.19399967, 20.40696705 ], [ -99.19539967, 20.41076705 ] ], [ [ -99.17419967, 20.44046705 ], [ -99.17289967, 20.44416705 ], [ -99.16849967, 20.44486705 ], [ -99.16829967, 20.44196705 ], [ -99.16739967, 20.43896705 ], [ -99.16459967, 20.43826705 ], [ -99.16449967, 20.44096705 ], [ -99.16319967, 20.44446705 ], [ -99.16399967, 20.44766705 ], [ -99.16269967, 20.45196705 ], [ -99.16049967, 20.44866705 ], [ -99.15629967, 20.45206705 ], [ -99.15889967, 20.45356705 ], [ -99.16269967, 20.45196705 ], [ -99.16459967, 20.45476705 ], [ -99.16679967, 20.45556705 ], [ -99.16899967, 20.45836705 ], [ -99.17249967, 20.45986705 ], [ -99.17379967, 20.45606705 ], [ -99.17459967, 20.45236705 ], [ -99.16989967, 20.45166705 ], [ -99.16869967, 20.44806705 ], [ -99.16629967, 20.44696705 ], [ -99.16849967, 20.44486705 ], [ -99.17199967, 20.44676705 ], [ -99.17289967, 20.44416705 ], [ -99.17509967, 20.44336705 ], [ -99.17419967, 20.44046705 ] ], [ [ -99.20029967, 20.53176705 ], [ -99.20009967, 20.52686705 ], [ -99.19699967, 20.52476705 ], [ -99.20009967, 20.52276705 ], [ -99.20059967, 20.51966705 ], [ -99.19489967, 20.52266705 ], [ -99.19209967, 20.52186705 ], [ -99.18999967, 20.52206705 ], [ -99.18779967, 20.52316705 ], [ -99.18999967, 20.52576705 ], [ -99.19339967, 20.52596705 ], [ -99.19579967, 20.52886705 ], [ -99.19829967, 20.52886705 ], [ -99.20029967, 20.53176705 ], [ -99.19699967, 20.53466705 ], [ -99.19409967, 20.53736705 ], [ -99.18929967, 20.53796705 ], [ -99.19039967, 20.54056705 ], [ -99.19409967, 20.53736705 ], [ -99.19519967, 20.54036705 ], [ -99.19469967, 20.54236705 ], [ -99.19729967, 20.54336705 ], [ -99.19969967, 20.54096705 ], [ -99.20299967, 20.54306705 ], [ -99.20529967, 20.53826705 ], [ -99.20579967, 20.53356705 ], [ -99.20319967, 20.53316705 ], [ -99.20029967, 20.53176705 ] ] ], [ [ [ -99.39449967, 20.48306705 ], [ -99.39339967, 20.48626705 ], [ -99.39439967, 20.48856705 ], [ -99.39319967, 20.49036705 ], [ -99.39419967, 20.49426705 ], [ -99.39619967, 20.49636705 ], [ -99.39399967, 20.49676705 ], [ -99.38939967, 20.49846705 ], [ -99.38929967, 20.50296705 ], [ -99.38659967, 20.50546705 ], [ -99.38479967, 20.50776705 ], [ -99.38259967, 20.50576705 ], [ -99.37929967, 20.50796705 ], [ -99.37729967, 20.50736705 ], [ -99.37359967, 20.50636705 ], [ -99.37389967, 20.50946705 ], [ -99.37169967, 20.51016705 ], [ -99.36959967, 20.50946705 ], [ -99.36799967, 20.50886705 ], [ -99.36779967, 20.50566705 ], [ -99.36599967, 20.50656705 ], [ -99.36229967, 20.50906705 ], [ -99.36239967, 20.51256705 ], [ -99.36039967, 20.51376705 ], [ -99.35869967, 20.51096705 ], [ -99.35719967, 20.51516705 ], [ -99.35489967, 20.51316705 ], [ -99.34889967, 20.51426705 ], [ -99.34569967, 20.51366705 ], [ -99.34349967, 20.51366705 ], [ -99.33779967, 20.51186705 ], [ -99.33559967, 20.51326705 ], [ -99.33319967, 20.51446705 ], [ -99.33059967, 20.51256705 ], [ -99.32959967, 20.50996705 ], [ -99.32869967, 20.50786705 ], [ -99.32389967, 20.50756705 ], [ -99.32359967, 20.50376705 ], [ -99.32629967, 20.50316705 ], [ -99.32389967, 20.49916705 ], [ -99.32569967, 20.49726705 ], [ -99.32829967, 20.49906705 ], [ -99.33099967, 20.49866705 ], [ -99.33359967, 20.49906705 ], [ -99.33669967, 20.49776705 ], [ -99.33969967, 20.49716705 ], [ -99.34189967, 20.49586705 ], [ -99.34429967, 20.49466705 ], [ -99.34129967, 20.49126705 ], [ -99.33849967, 20.49046705 ], [ -99.33649967, 20.49036705 ], [ -99.33469967, 20.48966705 ], [ -99.33259967, 20.48916705 ], [ -99.33149967, 20.48616705 ], [ -99.33419967, 20.48596705 ], [ -99.33319967, 20.48306705 ], [ -99.33009967, 20.48286705 ], [ -99.33149967, 20.48616705 ], [ -99.32879967, 20.48486705 ], [ -99.32739967, 20.48096705 ], [ -99.32329967, 20.48296705 ], [ -99.32019967, 20.48266705 ], [ -99.32129967, 20.48676705 ], [ -99.32149967, 20.48906705 ], [ -99.32229967, 20.49156705 ], [ -99.31949967, 20.49486705 ], [ -99.32099967, 20.49736705 ], [ -99.31879967, 20.49916705 ], [ -99.31799967, 20.50326705 ], [ -99.31529967, 20.50356705 ], [ -99.31369967, 20.50546705 ], [ -99.31279967, 20.50246705 ], [ -99.30959967, 20.50146705 ], [ -99.30599967, 20.50176705 ], [ -99.30349967, 20.50126705 ], [ -99.30029967, 20.50146705 ], [ -99.29779967, 20.50116705 ], [ -99.29859967, 20.49786705 ], [ -99.30009967, 20.49406705 ], [ -99.29949967, 20.49186705 ], [ -99.29539967, 20.48976705 ], [ -99.29059967, 20.48966705 ], [ -99.29359967, 20.48736705 ], [ -99.29639967, 20.48446705 ], [ -99.29899967, 20.48706705 ], [ -99.29919967, 20.48486705 ], [ -99.30109967, 20.48556705 ], [ -99.30189967, 20.48726705 ], [ -99.30489967, 20.48566705 ], [ -99.30859967, 20.48506705 ], [ -99.31229967, 20.48476705 ], [ -99.31089967, 20.48696705 ], [ -99.30949967, 20.49026705 ], [ -99.31309967, 20.49096705 ], [ -99.31499967, 20.48686705 ], [ -99.31229967, 20.48476705 ], [ -99.31079967, 20.48066705 ], [ -99.31229967, 20.47836705 ], [ -99.31409967, 20.47666705 ], [ -99.31619967, 20.47476705 ], [ -99.31889967, 20.47616705 ], [ -99.32299967, 20.47676705 ], [ -99.32409967, 20.47376705 ], [ -99.32119967, 20.47316705 ], [ -99.32219967, 20.47066705 ], [ -99.32609967, 20.46796705 ], [ -99.32539967, 20.47036705 ], [ -99.32799967, 20.47226705 ], [ -99.32849967, 20.46806705 ], [ -99.32609967, 20.46796705 ], [ -99.32859967, 20.46496705 ], [ -99.33039967, 20.46176705 ], [ -99.33179967, 20.45926705 ], [ -99.33319967, 20.45676705 ], [ -99.33339967, 20.45276705 ], [ -99.33509967, 20.45046705 ], [ -99.33619967, 20.44666705 ], [ -99.33619967, 20.44316705 ], [ -99.33369967, 20.44046705 ], [ -99.33139967, 20.44036705 ], [ -99.33329967, 20.43816705 ], [ -99.33169967, 20.43686705 ], [ -99.33009967, 20.43366705 ], [ -99.32799967, 20.43306705 ], [ -99.32719967, 20.42966705 ], [ -99.32609967, 20.42686705 ], [ -99.32379967, 20.42586705 ], [ -99.32479967, 20.42336705 ], [ -99.32669967, 20.41966705 ], [ -99.32769967, 20.42526705 ], [ -99.33239967, 20.42776705 ], [ -99.33449967, 20.42476705 ], [ -99.33219967, 20.42146705 ], [ -99.32669967, 20.41966705 ], [ -99.32359967, 20.41966705 ], [ -99.32099967, 20.41986705 ], [ -99.31889967, 20.41816705 ], [ -99.31769967, 20.41646705 ], [ -99.31499967, 20.41516705 ], [ -99.31429967, 20.41216705 ], [ -99.31499967, 20.41046705 ], [ -99.31699967, 20.40996705 ], [ -99.31929967, 20.40706705 ], [ -99.32139967, 20.40766705 ], [ -99.32539967, 20.40756705 ], [ -99.32359967, 20.41236705 ], [ -99.32889967, 20.40956705 ], [ -99.32899967, 20.40696705 ], [ -99.32539967, 20.40756705 ], [ -99.32389967, 20.40516705 ], [ -99.32229967, 20.40226705 ], [ -99.32019967, 20.39946705 ], [ -99.31849967, 20.39616705 ], [ -99.31569967, 20.39346705 ], [ -99.31859967, 20.39196705 ], [ -99.31899967, 20.38966705 ], [ -99.32279967, 20.38636705 ], [ -99.32039967, 20.38326705 ], [ -99.32369967, 20.38346705 ], [ -99.32439967, 20.38106705 ], [ -99.32639967, 20.38116705 ], [ -99.32829967, 20.37906705 ], [ -99.32839967, 20.38136705 ], [ -99.33049967, 20.38206705 ], [ -99.32939967, 20.38326705 ], [ -99.33319967, 20.38456705 ], [ -99.33629967, 20.38166705 ], [ -99.33319967, 20.38026705 ], [ -99.33019967, 20.37836705 ], [ -99.32879967, 20.37676705 ], [ -99.32889967, 20.37436705 ], [ -99.32769967, 20.37226705 ], [ -99.32709967, 20.36976705 ], [ -99.32529967, 20.36736705 ], [ -99.32529967, 20.36476705 ], [ -99.32619967, 20.36126705 ], [ -99.32989967, 20.36146705 ], [ -99.33279967, 20.36136705 ], [ -99.33539967, 20.36156705 ], [ -99.33689967, 20.36476705 ], [ -99.33719967, 20.36716705 ], [ -99.33899967, 20.36886705 ], [ -99.33789967, 20.37096705 ], [ -99.34049967, 20.37386705 ], [ -99.34119967, 20.36886705 ], [ -99.34459967, 20.36916705 ], [ -99.34809967, 20.37136705 ], [ -99.35159967, 20.36946705 ], [ -99.35479967, 20.36796705 ], [ -99.35829967, 20.36786705 ], [ -99.36149967, 20.36656705 ], [ -99.36419967, 20.36766705 ], [ -99.36649967, 20.36886705 ], [ -99.36909967, 20.36936705 ], [ -99.37299967, 20.36996705 ], [ -99.37619967, 20.36966705 ], [ -99.38089967, 20.37116705 ], [ -99.38159967, 20.37566705 ], [ -99.38309967, 20.37766705 ], [ -99.38529967, 20.37756705 ], [ -99.38889967, 20.37676705 ], [ -99.38969967, 20.38106705 ], [ -99.39229967, 20.38336705 ], [ -99.39429967, 20.38196705 ], [ -99.39749967, 20.38066705 ], [ -99.39769967, 20.38286705 ], [ -99.40029967, 20.38346705 ], [ -99.40019967, 20.38706705 ], [ -99.40349967, 20.38626705 ], [ -99.40389967, 20.38976705 ], [ -99.40739967, 20.39086705 ], [ -99.40489967, 20.39316705 ], [ -99.40879967, 20.39246705 ], [ -99.41009967, 20.39396705 ], [ -99.41359967, 20.39356705 ], [ -99.41749967, 20.39416705 ], [ -99.41919967, 20.39296705 ], [ -99.42119967, 20.39206705 ], [ -99.42299967, 20.39366705 ], [ -99.42059967, 20.39566705 ], [ -99.42199967, 20.39876705 ], [ -99.42539967, 20.39776705 ], [ -99.42399967, 20.39976705 ], [ -99.42239967, 20.40206705 ], [ -99.42069967, 20.40406705 ], [ -99.42099967, 20.40636705 ], [ -99.41809967, 20.40556705 ], [ -99.41709967, 20.40776705 ], [ -99.41689967, 20.41166705 ], [ -99.41499967, 20.40986705 ], [ -99.41049967, 20.40906705 ], [ -99.40869967, 20.41276705 ], [ -99.40639967, 20.41376705 ], [ -99.40299967, 20.41496705 ], [ -99.40409967, 20.41796705 ], [ -99.40769967, 20.42106705 ], [ -99.41099967, 20.42186705 ], [ -99.41429967, 20.42156705 ], [ -99.41209967, 20.42546705 ], [ -99.41379967, 20.42776705 ], [ -99.41239967, 20.42906705 ], [ -99.41089967, 20.43096705 ], [ -99.40799967, 20.43156705 ], [ -99.40789967, 20.43466705 ], [ -99.40609967, 20.43386705 ], [ -99.40589967, 20.43716705 ], [ -99.40379967, 20.43846705 ], [ -99.40219967, 20.44026705 ], [ -99.39929967, 20.43996705 ], [ -99.39759967, 20.44186705 ], [ -99.39309967, 20.44466705 ], [ -99.38899967, 20.44356705 ], [ -99.38779967, 20.44566705 ], [ -99.38369967, 20.44626705 ], [ -99.38129967, 20.44486705 ], [ -99.37849967, 20.44396705 ], [ -99.38059967, 20.44146705 ], [ -99.37949967, 20.43826705 ], [ -99.38219967, 20.43686705 ], [ -99.38219967, 20.43456705 ], [ -99.38209967, 20.43116705 ], [ -99.38029967, 20.42766705 ], [ -99.37949967, 20.42556705 ], [ -99.38249967, 20.42516705 ], [ -99.38299967, 20.42156705 ], [ -99.38039967, 20.42266705 ], [ -99.37799967, 20.42086705 ], [ -99.37759967, 20.41796705 ], [ -99.37569967, 20.41456705 ], [ -99.37369967, 20.41346705 ], [ -99.37409967, 20.41626705 ], [ -99.37199967, 20.41876705 ], [ -99.37189967, 20.41616705 ], [ -99.36849967, 20.41416705 ], [ -99.36759967, 20.41726705 ], [ -99.36549967, 20.41816705 ], [ -99.36309967, 20.41626705 ], [ -99.36039967, 20.41366705 ], [ -99.35849967, 20.41006705 ], [ -99.35589967, 20.40736705 ], [ -99.35929967, 20.40816705 ], [ -99.36139967, 20.40986705 ], [ -99.36469967, 20.41146705 ], [ -99.36699967, 20.41016705 ], [ -99.36919967, 20.41076705 ], [ -99.37199967, 20.40976705 ], [ -99.37469967, 20.41056705 ], [ -99.37609967, 20.41256705 ], [ -99.37819967, 20.41486705 ], [ -99.37819967, 20.41106705 ], [ -99.38069967, 20.41196705 ], [ -99.38369967, 20.41216705 ], [ -99.38409967, 20.40846705 ], [ -99.38429967, 20.40536705 ], [ -99.38179967, 20.40566705 ], [ -99.37929967, 20.40316705 ], [ -99.37559967, 20.40346705 ], [ -99.37359967, 20.40446705 ], [ -99.37279967, 20.40726705 ], [ -99.37139967, 20.40516705 ], [ -99.37099967, 20.40276705 ], [ -99.36879967, 20.40236705 ], [ -99.36479967, 20.40046705 ], [ -99.36189967, 20.40126705 ], [ -99.35629967, 20.40376705 ], [ -99.35249967, 20.40216705 ], [ -99.35039967, 20.40376705 ], [ -99.34789967, 20.40346705 ], [ -99.34349967, 20.40276705 ], [ -99.34079967, 20.40176705 ], [ -99.34079967, 20.40416705 ], [ -99.34299967, 20.40606705 ], [ -99.34329967, 20.40976705 ], [ -99.34589967, 20.41216705 ], [ -99.34859967, 20.41496705 ], [ -99.35169967, 20.41686705 ], [ -99.35169967, 20.41456705 ], [ -99.35359967, 20.41596705 ], [ -99.35689967, 20.41556705 ], [ -99.35569967, 20.41856705 ], [ -99.35549967, 20.42116705 ], [ -99.35659967, 20.42266705 ], [ -99.35969967, 20.42176705 ], [ -99.35679967, 20.42496705 ], [ -99.35429967, 20.42376705 ], [ -99.35229967, 20.42646705 ], [ -99.35679967, 20.42496705 ], [ -99.35909967, 20.42716705 ], [ -99.35959967, 20.42956705 ], [ -99.35759967, 20.43136705 ], [ -99.35369967, 20.42916705 ], [ -99.35379967, 20.43176705 ], [ -99.35759967, 20.43136705 ], [ -99.36039967, 20.43336705 ], [ -99.36089967, 20.43566705 ], [ -99.36399967, 20.44016705 ], [ -99.35879967, 20.43746705 ], [ -99.35849967, 20.43506705 ], [ -99.35639967, 20.43316705 ], [ -99.35409967, 20.43516705 ], [ -99.35879967, 20.43746705 ], [ -99.35829967, 20.43996705 ], [ -99.36029967, 20.44306705 ], [ -99.36209967, 20.44206705 ], [ -99.36399967, 20.44016705 ], [ -99.36539967, 20.44436705 ], [ -99.36719967, 20.44556705 ], [ -99.36939967, 20.44436705 ], [ -99.36919967, 20.44646705 ], [ -99.36929967, 20.45036705 ], [ -99.37109967, 20.45256705 ], [ -99.37379967, 20.45266705 ], [ -99.37079967, 20.45746705 ], [ -99.37329967, 20.45746705 ], [ -99.37859967, 20.45816705 ], [ -99.38059967, 20.46226705 ], [ -99.38219967, 20.46396705 ], [ -99.38549967, 20.46646705 ], [ -99.38749967, 20.46546705 ], [ -99.38949967, 20.46596705 ], [ -99.38919967, 20.46826705 ], [ -99.38709967, 20.47096705 ], [ -99.38759967, 20.47316705 ], [ -99.38439967, 20.47236705 ], [ -99.38659967, 20.47666705 ], [ -99.38979967, 20.47496705 ], [ -99.38889967, 20.47736705 ], [ -99.39109967, 20.47946705 ], [ -99.38779967, 20.47996705 ], [ -99.38879967, 20.48396705 ], [ -99.39119967, 20.48406705 ], [ -99.39449967, 20.48306705 ] ], [ [ -99.32929967, 20.39166705 ], [ -99.32969967, 20.38916705 ], [ -99.32729967, 20.38676705 ], [ -99.32649967, 20.39106705 ], [ -99.32929967, 20.39166705 ] ], [ [ -99.33969967, 20.47496705 ], [ -99.34159967, 20.47196705 ], [ -99.33939967, 20.46896705 ], [ -99.33579967, 20.46986705 ], [ -99.33579967, 20.47406705 ], [ -99.33969967, 20.47496705 ] ], [ [ -99.40649967, 20.39706705 ], [ -99.40479967, 20.39486705 ], [ -99.40239967, 20.39306705 ], [ -99.39769967, 20.39706705 ], [ -99.39999967, 20.39926705 ], [ -99.40429967, 20.39966705 ], [ -99.40649967, 20.39706705 ] ], [ [ -99.35519967, 20.38116705 ], [ -99.35089967, 20.37916705 ], [ -99.34809967, 20.38136705 ], [ -99.34559967, 20.38466705 ], [ -99.35019967, 20.38696705 ], [ -99.35149967, 20.38596705 ], [ -99.35309967, 20.38506705 ], [ -99.35519967, 20.38116705 ] ], [ [ -99.36539967, 20.49406705 ], [ -99.36789967, 20.49496705 ], [ -99.37199967, 20.49306705 ], [ -99.37269967, 20.48886705 ], [ -99.36999967, 20.48686705 ], [ -99.36599967, 20.48976705 ], [ -99.36459967, 20.49176705 ], [ -99.36539967, 20.49406705 ] ], [ [ -99.34839967, 20.43826705 ], [ -99.34659967, 20.43646705 ], [ -99.34549967, 20.43386705 ], [ -99.34389967, 20.43126705 ], [ -99.34129967, 20.43216705 ], [ -99.34139967, 20.43476705 ], [ -99.34179967, 20.43736705 ], [ -99.34309967, 20.43936705 ], [ -99.34449967, 20.44286705 ], [ -99.34699967, 20.44146705 ], [ -99.34839967, 20.43826705 ] ], [ [ -99.34409967, 20.45896705 ], [ -99.34069967, 20.46076705 ], [ -99.33749967, 20.45766705 ], [ -99.33649967, 20.46096705 ], [ -99.33439967, 20.46016705 ], [ -99.33279967, 20.46186705 ], [ -99.33259967, 20.46466705 ], [ -99.33189967, 20.46826705 ], [ -99.33469967, 20.46736705 ], [ -99.33669967, 20.46626705 ], [ -99.33649967, 20.46096705 ], [ -99.34069967, 20.46076705 ], [ -99.34379967, 20.46266705 ], [ -99.34449967, 20.46496705 ], [ -99.34679967, 20.46226705 ], [ -99.34619967, 20.45946705 ], [ -99.34409967, 20.45896705 ] ], [ [ -99.33859967, 20.39996705 ], [ -99.33539967, 20.39796705 ], [ -99.33579967, 20.39446705 ], [ -99.33769967, 20.39626705 ], [ -99.33849967, 20.39466705 ], [ -99.33819967, 20.39156705 ], [ -99.33729967, 20.38876705 ], [ -99.33479967, 20.38796705 ], [ -99.33249967, 20.38976705 ], [ -99.33489967, 20.39166705 ], [ -99.33819967, 20.39156705 ], [ -99.33579967, 20.39446705 ], [ -99.33269967, 20.39386705 ], [ -99.32989967, 20.39546705 ], [ -99.33289967, 20.39856705 ], [ -99.33539967, 20.39796705 ], [ -99.33469967, 20.40256705 ], [ -99.33859967, 20.40296705 ], [ -99.33859967, 20.39996705 ] ], [ [ -99.36339967, 20.49836705 ], [ -99.36129967, 20.50096705 ], [ -99.35729967, 20.50006705 ], [ -99.35769967, 20.49746705 ], [ -99.35229967, 20.49756705 ], [ -99.35089967, 20.49376705 ], [ -99.34799967, 20.49416705 ], [ -99.34569967, 20.49776705 ], [ -99.34599967, 20.50096705 ], [ -99.35009967, 20.50026705 ], [ -99.35229967, 20.49756705 ], [ -99.35479967, 20.50046705 ], [ -99.35729967, 20.50006705 ], [ -99.35799967, 20.50246705 ], [ -99.36129967, 20.50096705 ], [ -99.36489967, 20.50126705 ], [ -99.36759967, 20.50006705 ], [ -99.36569967, 20.49816705 ], [ -99.36339967, 20.49836705 ] ] ], [ [ [ -99.26309967, 20.32676705 ], [ -99.26149967, 20.33116705 ], [ -99.26159967, 20.33416705 ], [ -99.26039967, 20.33626705 ], [ -99.25859967, 20.33886705 ], [ -99.25559967, 20.33836705 ], [ -99.25239967, 20.33996705 ], [ -99.24869967, 20.33926705 ], [ -99.24619967, 20.33906705 ], [ -99.24469967, 20.34336705 ], [ -99.24729967, 20.34506705 ], [ -99.24499967, 20.34636705 ], [ -99.24269967, 20.34856705 ], [ -99.24089967, 20.34796705 ], [ -99.24029967, 20.35046705 ], [ -99.24269967, 20.34856705 ], [ -99.24199967, 20.35296705 ], [ -99.24239967, 20.35636705 ], [ -99.24219967, 20.35986705 ], [ -99.24239967, 20.36246705 ], [ -99.24409967, 20.36346705 ], [ -99.24209967, 20.36546705 ], [ -99.23919967, 20.36396705 ], [ -99.23699967, 20.36666705 ], [ -99.23639967, 20.36176705 ], [ -99.23499967, 20.35866705 ], [ -99.23619967, 20.35516705 ], [ -99.23749967, 20.35216705 ], [ -99.23409967, 20.34986705 ], [ -99.23329967, 20.34576705 ], [ -99.23399967, 20.34306705 ], [ -99.23429967, 20.33996705 ], [ -99.23819967, 20.34026705 ], [ -99.24109967, 20.33796705 ], [ -99.23709967, 20.33556705 ], [ -99.23389967, 20.33346705 ], [ -99.23269967, 20.33116705 ], [ -99.23579967, 20.33096705 ], [ -99.23429967, 20.32796705 ], [ -99.23229967, 20.32576705 ], [ -99.22909967, 20.32786705 ], [ -99.22919967, 20.32586705 ], [ -99.22909967, 20.32186705 ], [ -99.22519967, 20.32356705 ], [ -99.22549967, 20.31966705 ], [ -99.22799967, 20.31826705 ], [ -99.22839967, 20.31646705 ], [ -99.22999967, 20.31766705 ], [ -99.23389967, 20.31446705 ], [ -99.23799967, 20.31286705 ], [ -99.23969967, 20.31026705 ], [ -99.23909967, 20.30616705 ], [ -99.24039967, 20.30386705 ], [ -99.24249967, 20.30266705 ], [ -99.24359967, 20.30516705 ], [ -99.24729967, 20.30676705 ], [ -99.25069967, 20.30596705 ], [ -99.24999967, 20.30856705 ], [ -99.25129967, 20.31106705 ], [ -99.25479967, 20.30906705 ], [ -99.25539967, 20.30636705 ], [ -99.25589967, 20.30336705 ], [ -99.25829967, 20.30486705 ], [ -99.25849967, 20.30786705 ], [ -99.26109967, 20.30706705 ], [ -99.26129967, 20.31016705 ], [ -99.25969967, 20.31196705 ], [ -99.26349967, 20.31386705 ], [ -99.26369967, 20.31656705 ], [ -99.26439967, 20.31956705 ], [ -99.26549967, 20.32196705 ], [ -99.26609967, 20.32416705 ], [ -99.26309967, 20.32676705 ], [ -99.26319967, 20.32196705 ], [ -99.26089967, 20.32246705 ], [ -99.25789967, 20.32126705 ], [ -99.25709967, 20.32576705 ], [ -99.26009967, 20.32526705 ], [ -99.26309967, 20.32676705 ] ] ], [ [ [ -99.28879967, 20.48336705 ], [ -99.28659967, 20.48446705 ], [ -99.28399967, 20.48596705 ], [ -99.28349967, 20.48866705 ], [ -99.28069967, 20.49006705 ], [ -99.28099967, 20.49316705 ], [ -99.27949967, 20.49596705 ], [ -99.27739967, 20.49676705 ], [ -99.27479967, 20.49546705 ], [ -99.27249967, 20.49716705 ], [ -99.27109967, 20.49916705 ], [ -99.27069967, 20.50166705 ], [ -99.26649967, 20.50056705 ], [ -99.26639967, 20.50366705 ], [ -99.26309967, 20.50276705 ], [ -99.26159967, 20.50466705 ], [ -99.26259967, 20.50686705 ], [ -99.25959967, 20.50656705 ], [ -99.25939967, 20.50436705 ], [ -99.25629967, 20.50506705 ], [ -99.25519967, 20.50686705 ], [ -99.25729967, 20.50926705 ], [ -99.25519967, 20.51076705 ], [ -99.25179967, 20.51246705 ], [ -99.24989967, 20.51446705 ], [ -99.24729967, 20.51326705 ], [ -99.24389967, 20.51176705 ], [ -99.24429967, 20.50986705 ], [ -99.24609967, 20.51076705 ], [ -99.24769967, 20.50886705 ], [ -99.24699967, 20.50566705 ], [ -99.24559967, 20.50796705 ], [ -99.24269967, 20.50666705 ], [ -99.24069967, 20.50516705 ], [ -99.23849967, 20.50476705 ], [ -99.24129967, 20.50166705 ], [ -99.23899967, 20.49986705 ], [ -99.24109967, 20.49576705 ], [ -99.24129967, 20.49356705 ], [ -99.24019967, 20.48996705 ], [ -99.23869967, 20.48646705 ], [ -99.24129967, 20.48436705 ], [ -99.24199967, 20.48066705 ], [ -99.24459967, 20.48046705 ], [ -99.24679967, 20.48146705 ], [ -99.24599967, 20.48446705 ], [ -99.24399967, 20.48756705 ], [ -99.24689967, 20.48986705 ], [ -99.25089967, 20.49046705 ], [ -99.25389967, 20.48996705 ], [ -99.25639967, 20.49106705 ], [ -99.26039967, 20.49106705 ], [ -99.26399967, 20.48716705 ], [ -99.26609967, 20.48526705 ], [ -99.26609967, 20.48306705 ], [ -99.26589967, 20.48116705 ], [ -99.26799967, 20.47946705 ], [ -99.27089967, 20.47776705 ], [ -99.27289967, 20.47566705 ], [ -99.27429967, 20.47296705 ], [ -99.27729967, 20.47296705 ], [ -99.27759967, 20.47046705 ], [ -99.28009967, 20.46986705 ], [ -99.28159967, 20.46736705 ], [ -99.28439967, 20.46826705 ], [ -99.28519967, 20.46646705 ], [ -99.28749967, 20.46706705 ], [ -99.28679967, 20.46926705 ], [ -99.28649967, 20.47146705 ], [ -99.28599967, 20.47536705 ], [ -99.28549967, 20.47826705 ], [ -99.28739967, 20.48006705 ], [ -99.28439967, 20.48206705 ], [ -99.28879967, 20.48336705 ] ], [ [ -99.25909967, 20.49986705 ], [ -99.25879967, 20.49606705 ], [ -99.25529967, 20.49436705 ], [ -99.25299967, 20.49746705 ], [ -99.25589967, 20.50206705 ], [ -99.25689967, 20.49876705 ], [ -99.25909967, 20.49986705 ] ] ], [ [ [ -99.32289967, 20.54716705 ], [ -99.31919967, 20.54776705 ], [ -99.31689967, 20.54376705 ], [ -99.31459967, 20.54346705 ], [ -99.31129967, 20.54066705 ], [ -99.30849967, 20.54356705 ], [ -99.30899967, 20.54556705 ], [ -99.30679967, 20.54466705 ], [ -99.30409967, 20.54336705 ], [ -99.30409967, 20.54096705 ], [ -99.30139967, 20.53856705 ], [ -99.29899967, 20.53896705 ], [ -99.29719967, 20.54126705 ], [ -99.29509967, 20.54206705 ], [ -99.29329967, 20.54366705 ], [ -99.29139967, 20.54556705 ], [ -99.28849967, 20.54586705 ], [ -99.28529967, 20.54616705 ], [ -99.28819967, 20.54176705 ], [ -99.28669967, 20.53906705 ], [ -99.28449967, 20.53786705 ], [ -99.28299967, 20.53566705 ], [ -99.27639967, 20.53436705 ], [ -99.27469967, 20.53266705 ], [ -99.27659967, 20.53086705 ], [ -99.27919967, 20.53036705 ], [ -99.28139967, 20.52826705 ], [ -99.28319967, 20.52646705 ], [ -99.28669967, 20.52426705 ], [ -99.28449967, 20.52196705 ], [ -99.28269967, 20.51936705 ], [ -99.28579967, 20.51986705 ], [ -99.28959967, 20.52076705 ], [ -99.29269967, 20.51956705 ], [ -99.29299967, 20.51576705 ], [ -99.29649967, 20.51696705 ], [ -99.29989967, 20.51446705 ], [ -99.29979967, 20.51836705 ], [ -99.30159967, 20.51706705 ], [ -99.30269967, 20.52016705 ], [ -99.29959967, 20.52076705 ], [ -99.29789967, 20.52366705 ], [ -99.30119967, 20.52556705 ], [ -99.30319967, 20.52386705 ], [ -99.30269967, 20.52016705 ], [ -99.30729967, 20.51726705 ], [ -99.31129967, 20.51706705 ], [ -99.31349967, 20.51746705 ], [ -99.31589967, 20.51836705 ], [ -99.31679967, 20.52146705 ], [ -99.31749967, 20.52506705 ], [ -99.31909967, 20.52816705 ], [ -99.32159967, 20.52866705 ], [ -99.32459967, 20.52896705 ], [ -99.32679967, 20.52876705 ], [ -99.32719967, 20.53126705 ], [ -99.32609967, 20.53336705 ], [ -99.32429967, 20.53186705 ], [ -99.32209967, 20.53296705 ], [ -99.31879967, 20.53246705 ], [ -99.31399967, 20.53366705 ], [ -99.31359967, 20.53626705 ], [ -99.31669967, 20.53896705 ], [ -99.31819967, 20.53736705 ], [ -99.32129967, 20.53756705 ], [ -99.32499967, 20.53856705 ], [ -99.32749967, 20.53946705 ], [ -99.32589967, 20.54266705 ], [ -99.32289967, 20.54716705 ] ], [ [ -99.29129967, 20.53106705 ], [ -99.29239967, 20.53326705 ], [ -99.28959967, 20.53236705 ], [ -99.28719967, 20.53106705 ], [ -99.28479967, 20.53246705 ], [ -99.28549967, 20.53476705 ], [ -99.28849967, 20.53586705 ], [ -99.29199967, 20.53706705 ], [ -99.29369967, 20.53486705 ], [ -99.29849967, 20.53226705 ], [ -99.29559967, 20.53046705 ], [ -99.29389967, 20.52736705 ], [ -99.28959967, 20.52786705 ], [ -99.29129967, 20.53106705 ] ] ], [ [ [ -99.25589967, 20.30336705 ], [ -99.25269967, 20.30326705 ], [ -99.24949967, 20.30086705 ], [ -99.24449967, 20.30016705 ], [ -99.24499967, 20.30186705 ], [ -99.24249967, 20.30266705 ], [ -99.24229967, 20.29926705 ], [ -99.23929967, 20.30136705 ], [ -99.24039967, 20.30386705 ], [ -99.23739967, 20.30256705 ], [ -99.23499967, 20.30206705 ], [ -99.23679967, 20.30026705 ], [ -99.23379967, 20.29896705 ], [ -99.23449967, 20.29606705 ], [ -99.23459967, 20.29356705 ], [ -99.23549967, 20.29156705 ], [ -99.23379967, 20.29006705 ], [ -99.23089967, 20.29036705 ], [ -99.23109967, 20.29336705 ], [ -99.22929967, 20.29596705 ], [ -99.22649967, 20.29596705 ], [ -99.22589967, 20.29896705 ], [ -99.22609967, 20.30356705 ], [ -99.22359967, 20.30556705 ], [ -99.22119967, 20.30436705 ], [ -99.21969967, 20.30196705 ], [ -99.21929967, 20.29956705 ], [ -99.21769967, 20.29746705 ], [ -99.21829967, 20.29426705 ], [ -99.21819967, 20.29116705 ], [ -99.21819967, 20.28806705 ], [ -99.21579967, 20.28766705 ], [ -99.21349967, 20.28706705 ], [ -99.21229967, 20.28416705 ], [ -99.21019967, 20.28356705 ], [ -99.20839967, 20.28216705 ], [ -99.20609967, 20.28156705 ], [ -99.20549967, 20.27916705 ], [ -99.20299967, 20.27626705 ], [ -99.20539967, 20.27656705 ], [ -99.20749967, 20.27506705 ], [ -99.20839967, 20.27286705 ], [ -99.21219967, 20.27376705 ], [ -99.21239967, 20.27666705 ], [ -99.21199967, 20.27946705 ], [ -99.21589967, 20.28066705 ], [ -99.21939967, 20.28186705 ], [ -99.22339967, 20.28396705 ], [ -99.22759967, 20.28246705 ], [ -99.23039967, 20.28076705 ], [ -99.23289967, 20.27876705 ], [ -99.23489967, 20.27746705 ], [ -99.23659967, 20.27416705 ], [ -99.23949967, 20.27316705 ], [ -99.24259967, 20.27166705 ], [ -99.24469967, 20.26946705 ], [ -99.24609967, 20.26766705 ], [ -99.24859967, 20.26656705 ], [ -99.24829967, 20.27046705 ], [ -99.24979967, 20.27356705 ], [ -99.24769967, 20.27536705 ], [ -99.24679967, 20.27836705 ], [ -99.24449967, 20.27756705 ], [ -99.24349967, 20.27996705 ], [ -99.24579967, 20.28296705 ], [ -99.24799967, 20.28266705 ], [ -99.25079967, 20.28486705 ], [ -99.25529967, 20.28686705 ], [ -99.25939967, 20.28836705 ], [ -99.25949967, 20.29126705 ], [ -99.25939967, 20.29436705 ], [ -99.25919967, 20.29836705 ], [ -99.25669967, 20.29786705 ], [ -99.25319967, 20.29436705 ], [ -99.24949967, 20.29426705 ], [ -99.24799967, 20.29696705 ], [ -99.25359967, 20.30016705 ], [ -99.25589967, 20.30336705 ] ] ], [ [ [ -99.28769967, 20.20786705 ], [ -99.28549967, 20.20836705 ], [ -99.28609967, 20.21036705 ], [ -99.28439967, 20.21326705 ], [ -99.28659967, 20.21536705 ], [ -99.28459967, 20.21766705 ], [ -99.28399967, 20.22026705 ], [ -99.28249967, 20.21706705 ], [ -99.27939967, 20.21526705 ], [ -99.27769967, 20.21616705 ], [ -99.27749967, 20.21376705 ], [ -99.27389967, 20.21436705 ], [ -99.27299967, 20.21246705 ], [ -99.27389967, 20.20896705 ], [ -99.27639967, 20.20996705 ], [ -99.27359967, 20.20536705 ], [ -99.27389967, 20.20896705 ], [ -99.27099967, 20.20696705 ], [ -99.26629967, 20.20756705 ], [ -99.26369967, 20.20856705 ], [ -99.26149967, 20.20836705 ], [ -99.26379967, 20.20546705 ], [ -99.26579967, 20.20236705 ], [ -99.26729967, 20.20106705 ], [ -99.26739967, 20.20346705 ], [ -99.26979967, 20.20326705 ], [ -99.27149967, 20.20126705 ], [ -99.27329967, 20.20016705 ], [ -99.27469967, 20.20186705 ], [ -99.27679967, 20.20016705 ], [ -99.27959967, 20.20016705 ], [ -99.28119967, 20.20276705 ], [ -99.28189967, 20.19746705 ], [ -99.28109967, 20.19536705 ], [ -99.28289967, 20.19436705 ], [ -99.28449967, 20.19336705 ], [ -99.28479967, 20.19536705 ], [ -99.28739967, 20.19436705 ], [ -99.29089967, 20.19476705 ], [ -99.29479967, 20.19296705 ], [ -99.29479967, 20.19546705 ], [ -99.29939967, 20.19696705 ], [ -99.29869967, 20.19986705 ], [ -99.29579967, 20.20146705 ], [ -99.29199967, 20.20336705 ], [ -99.29149967, 20.20666705 ], [ -99.28769967, 20.20786705 ] ] ], [ [ [ -99.25439967, 20.22386705 ], [ -99.25239967, 20.22646705 ], [ -99.25639967, 20.22846705 ], [ -99.25649967, 20.23026705 ], [ -99.25719967, 20.23206705 ], [ -99.25779967, 20.23506705 ], [ -99.25939967, 20.23746705 ], [ -99.25739967, 20.24016705 ], [ -99.25629967, 20.24256705 ], [ -99.25319967, 20.24286705 ], [ -99.25219967, 20.24576705 ], [ -99.25079967, 20.24836705 ], [ -99.24749967, 20.24546705 ], [ -99.24319967, 20.24656705 ], [ -99.23939967, 20.24546705 ], [ -99.23699967, 20.24686705 ], [ -99.23669967, 20.24476705 ], [ -99.23519967, 20.24216705 ], [ -99.23629967, 20.24056705 ], [ -99.23809967, 20.23756705 ], [ -99.24139967, 20.23746705 ], [ -99.24429967, 20.23796705 ], [ -99.24359967, 20.23476705 ], [ -99.24379967, 20.22976705 ], [ -99.24509967, 20.22766705 ], [ -99.24769967, 20.22636705 ], [ -99.24579967, 20.23056705 ], [ -99.24749967, 20.23356705 ], [ -99.25089967, 20.23656705 ], [ -99.25359967, 20.23576705 ], [ -99.25499967, 20.23296705 ], [ -99.25159967, 20.23226705 ], [ -99.25049967, 20.22816705 ], [ -99.24769967, 20.22636705 ], [ -99.24739967, 20.22356705 ], [ -99.25009967, 20.22386705 ], [ -99.25229967, 20.22416705 ], [ -99.25439967, 20.22386705 ] ] ], [ [ [ -99.22909967, 20.49436705 ], [ -99.22809967, 20.49816705 ], [ -99.23199967, 20.50126705 ], [ -99.23569967, 20.50506705 ], [ -99.23249967, 20.50756705 ], [ -99.22939967, 20.50726705 ], [ -99.22889967, 20.50966705 ], [ -99.22719967, 20.51026705 ], [ -99.22549967, 20.51216705 ], [ -99.22359967, 20.51366705 ], [ -99.22139967, 20.51216705 ], [ -99.21869967, 20.51216705 ], [ -99.21449967, 20.51096705 ], [ -99.21799967, 20.50856705 ], [ -99.22059967, 20.50736705 ], [ -99.22359967, 20.50656705 ], [ -99.22389967, 20.50256705 ], [ -99.22879967, 20.50276705 ], [ -99.22649967, 20.49986705 ], [ -99.22389967, 20.50256705 ], [ -99.22199967, 20.49886705 ], [ -99.22099967, 20.49636705 ], [ -99.21809967, 20.49666705 ], [ -99.21369967, 20.49676705 ], [ -99.21689967, 20.49316705 ], [ -99.21989967, 20.49296705 ], [ -99.22159967, 20.49456705 ], [ -99.22329967, 20.49356705 ], [ -99.22559967, 20.49316705 ], [ -99.22909967, 20.49436705 ] ] ], [ [ [ -99.34579967, 20.54806705 ], [ -99.34649967, 20.55126705 ], [ -99.34339967, 20.55036705 ], [ -99.34019967, 20.55316705 ], [ -99.34069967, 20.55616705 ], [ -99.33809967, 20.55526705 ], [ -99.33659967, 20.55806705 ], [ -99.33329967, 20.55846705 ], [ -99.33159967, 20.55896705 ], [ -99.32899967, 20.56076705 ], [ -99.32849967, 20.55486705 ], [ -99.32659967, 20.55236705 ], [ -99.32499967, 20.55036705 ], [ -99.32289967, 20.54716705 ], [ -99.32849967, 20.54806705 ], [ -99.32869967, 20.54586705 ], [ -99.33189967, 20.54456705 ], [ -99.33209967, 20.54706705 ], [ -99.33459967, 20.54886705 ], [ -99.33759967, 20.54906705 ], [ -99.34029967, 20.54786705 ], [ -99.34239967, 20.54586705 ], [ -99.34449967, 20.54596705 ], [ -99.34579967, 20.54806705 ] ] ], [ [ [ -99.23609967, 20.54416705 ], [ -99.23209967, 20.54506705 ], [ -99.23259967, 20.54806705 ], [ -99.22949967, 20.54976705 ], [ -99.22789967, 20.54806705 ], [ -99.22869967, 20.54426705 ], [ -99.22649967, 20.54606705 ], [ -99.22599967, 20.54356705 ], [ -99.22409967, 20.54086705 ], [ -99.22719967, 20.54026705 ], [ -99.22889967, 20.53826705 ], [ -99.23099967, 20.53556705 ], [ -99.23229967, 20.53286705 ], [ -99.23359967, 20.52956705 ], [ -99.23529967, 20.53276705 ], [ -99.23379967, 20.53626705 ], [ -99.23739967, 20.53596705 ], [ -99.23889967, 20.53406705 ], [ -99.24219967, 20.53316705 ], [ -99.24039967, 20.53566705 ], [ -99.24319967, 20.53716705 ], [ -99.24549967, 20.53946705 ], [ -99.24189967, 20.54056705 ], [ -99.23919967, 20.54196705 ], [ -99.23609967, 20.54416705 ], [ -99.23639967, 20.54086705 ], [ -99.23339967, 20.54146705 ], [ -99.23609967, 20.54416705 ] ] ], [ [ [ -99.11149967, 20.46566705 ], [ -99.10939967, 20.46476705 ], [ -99.10689967, 20.46346705 ], [ -99.10329967, 20.46216705 ], [ -99.10019967, 20.46536705 ], [ -99.09819967, 20.46356705 ], [ -99.09679967, 20.46606705 ], [ -99.09459967, 20.46406705 ], [ -99.09349967, 20.46176705 ], [ -99.09069967, 20.46276705 ], [ -99.08919967, 20.45946705 ], [ -99.08799967, 20.45726705 ], [ -99.08529967, 20.45546705 ], [ -99.08829967, 20.45316705 ], [ -99.09039967, 20.45466705 ], [ -99.09269967, 20.45466705 ], [ -99.09589967, 20.45486705 ], [ -99.09839967, 20.45616705 ], [ -99.10109967, 20.45826705 ], [ -99.10389967, 20.45856705 ], [ -99.10629967, 20.45956705 ], [ -99.10919967, 20.46156705 ], [ -99.11169967, 20.46276705 ], [ -99.11149967, 20.46566705 ] ], [ [ -99.09969967, 20.46096705 ], [ -99.09789967, 20.45866705 ], [ -99.09629967, 20.46096705 ], [ -99.09969967, 20.46096705 ] ] ], [ [ [ -99.22609967, 20.41286705 ], [ -99.22289967, 20.41326705 ], [ -99.22559967, 20.41036705 ], [ -99.22599967, 20.40756705 ], [ -99.22539967, 20.40296705 ], [ -99.22919967, 20.40056705 ], [ -99.22789967, 20.40466705 ], [ -99.22849967, 20.40916705 ], [ -99.22919967, 20.40526705 ], [ -99.23289967, 20.40616705 ], [ -99.23139967, 20.40876705 ], [ -99.23109967, 20.41176705 ], [ -99.23489967, 20.41336705 ], [ -99.23719967, 20.41196705 ], [ -99.23869967, 20.41416705 ], [ -99.23569967, 20.41686705 ], [ -99.23569967, 20.41866705 ], [ -99.23339967, 20.41756705 ], [ -99.23059967, 20.41606705 ], [ -99.22989967, 20.41346705 ], [ -99.22789967, 20.41126705 ], [ -99.22609967, 20.41286705 ] ] ], [ [ [ -99.32289967, 20.18386705 ], [ -99.32259967, 20.18626705 ], [ -99.32219967, 20.18776705 ], [ -99.31849967, 20.18586705 ], [ -99.31749967, 20.18796705 ], [ -99.31459967, 20.19096705 ], [ -99.30899967, 20.19316705 ], [ -99.30799967, 20.19046705 ], [ -99.30599967, 20.18686705 ], [ -99.30909967, 20.18726705 ], [ -99.31229967, 20.18716705 ], [ -99.31449967, 20.18586705 ], [ -99.31629967, 20.18416705 ], [ -99.31919967, 20.18296705 ], [ -99.32289967, 20.18386705 ] ] ], [ [ [ -99.29919967, 20.48486705 ], [ -99.29639967, 20.48446705 ], [ -99.29489967, 20.48206705 ], [ -99.29729967, 20.48206705 ], [ -99.29629967, 20.47986705 ], [ -99.30099967, 20.47976705 ], [ -99.30159967, 20.47746705 ], [ -99.30089967, 20.47476705 ], [ -99.30339967, 20.47646705 ], [ -99.30569967, 20.47686705 ], [ -99.30789967, 20.47996705 ], [ -99.30559967, 20.48336705 ], [ -99.30129967, 20.48276705 ], [ -99.29919967, 20.48486705 ] ] ], [ [ [ -99.34919967, 20.54796705 ], [ -99.34579967, 20.54806705 ], [ -99.34889967, 20.54566705 ], [ -99.35139967, 20.54276705 ], [ -99.35439967, 20.54016705 ], [ -99.35419967, 20.54356705 ], [ -99.35709967, 20.54596705 ], [ -99.35329967, 20.54736705 ], [ -99.35319967, 20.55016705 ], [ -99.34959967, 20.55116705 ], [ -99.34919967, 20.54796705 ] ] ], [ [ [ -99.21369967, 20.49676705 ], [ -99.21189967, 20.50016705 ], [ -99.21229967, 20.50276705 ], [ -99.21189967, 20.50446705 ], [ -99.20909967, 20.50236705 ], [ -99.20709967, 20.50236705 ], [ -99.20449967, 20.50056705 ], [ -99.20689967, 20.49946705 ], [ -99.20509967, 20.49806705 ], [ -99.20719967, 20.49666705 ], [ -99.20849967, 20.49506705 ], [ -99.21009967, 20.49416705 ], [ -99.21059967, 20.49666705 ], [ -99.21369967, 20.49676705 ] ] ], [ [ [ -99.18649967, 20.46256705 ], [ -99.18419967, 20.46376705 ], [ -99.17949967, 20.46296705 ], [ -99.18249967, 20.46026705 ], [ -99.17969967, 20.45996705 ], [ -99.17899967, 20.45726705 ], [ -99.18129967, 20.45626705 ], [ -99.18399967, 20.45786705 ], [ -99.18619967, 20.45946705 ], [ -99.18879967, 20.46076705 ], [ -99.19089967, 20.46096705 ], [ -99.18949967, 20.46286705 ], [ -99.18649967, 20.46256705 ] ] ], [ [ [ -99.26969967, 20.34086705 ], [ -99.26939967, 20.34366705 ], [ -99.26499967, 20.34576705 ], [ -99.26269967, 20.34736705 ], [ -99.26059967, 20.34736705 ], [ -99.25719967, 20.34716705 ], [ -99.25479967, 20.34646705 ], [ -99.25139967, 20.34696705 ], [ -99.25429967, 20.34466705 ], [ -99.25649967, 20.34426705 ], [ -99.25929967, 20.34506705 ], [ -99.26279967, 20.34426705 ], [ -99.26609967, 20.34256705 ], [ -99.26969967, 20.34086705 ] ] ], [ [ [ -99.20569967, 20.45456705 ], [ -99.20609967, 20.45756705 ], [ -99.20529967, 20.45946705 ], [ -99.20329967, 20.45856705 ], [ -99.20219967, 20.46016705 ], [ -99.19929967, 20.46046705 ], [ -99.19459967, 20.46016705 ], [ -99.19529967, 20.45796705 ], [ -99.19829967, 20.45866705 ], [ -99.19939967, 20.45556705 ], [ -99.20359967, 20.45586705 ], [ -99.20569967, 20.45456705 ] ] ], [ [ [ -99.23609967, 20.47396705 ], [ -99.23309967, 20.47236705 ], [ -99.23549967, 20.46976705 ], [ -99.23489967, 20.46736705 ], [ -99.23719967, 20.46736705 ], [ -99.23849967, 20.47006705 ], [ -99.24059967, 20.47346705 ], [ -99.23779967, 20.47666705 ], [ -99.23609967, 20.47396705 ] ] ], [ [ [ -99.16379967, 20.54976705 ], [ -99.15949967, 20.54906705 ], [ -99.16009967, 20.54636705 ], [ -99.16339967, 20.54646705 ], [ -99.16319967, 20.54406705 ], [ -99.16599967, 20.54416705 ], [ -99.16849967, 20.54436705 ], [ -99.16619967, 20.54806705 ], [ -99.16749967, 20.55006705 ], [ -99.16379967, 20.54976705 ] ] ], [ [ [ -99.22739967, 20.32956705 ], [ -99.22869967, 20.33366705 ], [ -99.22959967, 20.33656705 ], [ -99.22749967, 20.33886705 ], [ -99.22529967, 20.33686705 ], [ -99.22309967, 20.33376705 ], [ -99.22499967, 20.33196705 ], [ -99.22739967, 20.32956705 ] ] ], [ [ [ -99.39609967, 20.46236705 ], [ -99.39379967, 20.46366705 ], [ -99.39319967, 20.46576705 ], [ -99.39089967, 20.46456705 ], [ -99.38929967, 20.46156705 ], [ -99.38869967, 20.45816705 ], [ -99.39269967, 20.45916705 ], [ -99.39529967, 20.46046705 ], [ -99.39609967, 20.46236705 ] ] ], [ [ [ -99.20919967, 20.56396705 ], [ -99.20729967, 20.56736705 ], [ -99.20429967, 20.56896705 ], [ -99.20209967, 20.56556705 ], [ -99.20399967, 20.56336705 ], [ -99.20509967, 20.56086705 ], [ -99.20919967, 20.56396705 ] ] ], [ [ [ -99.17649967, 20.55096705 ], [ -99.17729967, 20.55416705 ], [ -99.17549967, 20.55346705 ], [ -99.17469967, 20.55566705 ], [ -99.17259967, 20.55536705 ], [ -99.17179967, 20.55856705 ], [ -99.17089967, 20.55466705 ], [ -99.17299967, 20.55176705 ], [ -99.17019967, 20.55026705 ], [ -99.17219967, 20.54866705 ], [ -99.17649967, 20.55096705 ] ] ], [ [ [ -99.18649967, 20.46256705 ], [ -99.19029967, 20.46536705 ], [ -99.19319967, 20.46806705 ], [ -99.19039967, 20.46986705 ], [ -99.18849967, 20.46796705 ], [ -99.18759967, 20.47016705 ], [ -99.18489967, 20.46846705 ], [ -99.18639967, 20.46616705 ], [ -99.18649967, 20.46256705 ] ] ], [ [ [ -99.23279967, 20.49036705 ], [ -99.23339967, 20.49326705 ], [ -99.23569967, 20.49606705 ], [ -99.23279967, 20.49846705 ], [ -99.23289967, 20.49666705 ], [ -99.22909967, 20.49436705 ], [ -99.22799967, 20.49156705 ], [ -99.23099967, 20.49186705 ], [ -99.23279967, 20.49036705 ] ] ], [ [ [ -99.33499967, 20.18226705 ], [ -99.33649967, 20.17916705 ], [ -99.33969967, 20.18146705 ], [ -99.34089967, 20.18336705 ], [ -99.34129967, 20.18686705 ], [ -99.33789967, 20.18436705 ], [ -99.33389967, 20.18386705 ], [ -99.33499967, 20.18226705 ] ] ], [ [ [ -99.17829967, 20.54476705 ], [ -99.17659967, 20.54686705 ], [ -99.17409967, 20.54716705 ], [ -99.17219967, 20.54866705 ], [ -99.17259967, 20.54476705 ], [ -99.17199967, 20.54216705 ], [ -99.17589967, 20.54246705 ], [ -99.17829967, 20.54476705 ] ] ], [ [ [ -99.23869967, 20.48646705 ], [ -99.23789967, 20.49006705 ], [ -99.23579967, 20.48956705 ], [ -99.23279967, 20.49036705 ], [ -99.23479967, 20.48726705 ], [ -99.23569967, 20.48436705 ], [ -99.23869967, 20.48646705 ] ] ], [ [ [ -99.15949967, 20.54906705 ], [ -99.15859967, 20.55196705 ], [ -99.15599967, 20.55086705 ], [ -99.15329967, 20.54886705 ], [ -99.15719967, 20.54736705 ], [ -99.15949967, 20.54906705 ] ] ], [ [ [ -99.21189967, 20.56446705 ], [ -99.20919967, 20.56396705 ], [ -99.20919967, 20.56066705 ], [ -99.21009967, 20.55896705 ], [ -99.21249967, 20.56106705 ], [ -99.21189967, 20.56446705 ] ] ], [ [ [ -99.20669967, 20.46826705 ], [ -99.20959967, 20.46766705 ], [ -99.20949967, 20.47026705 ], [ -99.20849967, 20.47216705 ], [ -99.20639967, 20.47176705 ], [ -99.20559967, 20.46996705 ], [ -99.20669967, 20.46826705 ] ] ], [ [ [ -99.21269967, 20.45276705 ], [ -99.20889967, 20.45556705 ], [ -99.20569967, 20.45456705 ], [ -99.20859967, 20.45306705 ], [ -99.21019967, 20.45136705 ], [ -99.21269967, 20.45276705 ] ] ], [ [ [ -99.38589967, 20.45806705 ], [ -99.38359967, 20.45866705 ], [ -99.38259967, 20.45666705 ], [ -99.38179967, 20.45386705 ], [ -99.38549967, 20.45496705 ], [ -99.38589967, 20.45806705 ] ] ], [ [ [ -99.39589967, 20.48606705 ], [ -99.39449967, 20.48306705 ], [ -99.39559967, 20.48016705 ], [ -99.39849967, 20.48016705 ], [ -99.39729967, 20.48166705 ], [ -99.39719967, 20.48396705 ], [ -99.39589967, 20.48606705 ] ] ], [ [ [ -99.33069967, 20.18356705 ], [ -99.33059967, 20.18686705 ], [ -99.32909967, 20.18776705 ], [ -99.32789967, 20.18486705 ], [ -99.32909967, 20.18096705 ], [ -99.33069967, 20.18356705 ] ] ], [ [ [ -99.33769967, 20.54136705 ], [ -99.33489967, 20.54136705 ], [ -99.33359967, 20.53776705 ], [ -99.33669967, 20.53736705 ], [ -99.33769967, 20.54136705 ] ] ], [ [ [ -99.23369967, 20.52576705 ], [ -99.23359967, 20.52956705 ], [ -99.23199967, 20.52796705 ], [ -99.22939967, 20.52666705 ], [ -99.23059967, 20.52456705 ], [ -99.23369967, 20.52576705 ] ] ], [ [ [ -99.15019967, 20.54796705 ], [ -99.14529967, 20.54576705 ], [ -99.14999967, 20.54346705 ], [ -99.15019967, 20.54796705 ] ] ], [ [ [ -99.22639967, 20.52046705 ], [ -99.22729967, 20.52226705 ], [ -99.22729967, 20.52506705 ], [ -99.22419967, 20.52666705 ], [ -99.22569967, 20.52426705 ], [ -99.22399967, 20.52296705 ], [ -99.22639967, 20.52046705 ] ] ], [ [ [ -99.29359967, 20.48736705 ], [ -99.29119967, 20.48426705 ], [ -99.28879967, 20.48336705 ], [ -99.29009967, 20.48176705 ], [ -99.29399967, 20.48416705 ], [ -99.29359967, 20.48736705 ] ] ], [ [ [ -99.24949967, 20.30086705 ], [ -99.24859967, 20.30456705 ], [ -99.24629967, 20.30426705 ], [ -99.24499967, 20.30186705 ], [ -99.24949967, 20.30086705 ] ] ], [ [ [ -99.34029967, 20.54786705 ], [ -99.33669967, 20.54476705 ], [ -99.33769967, 20.54136705 ], [ -99.33929967, 20.54326705 ], [ -99.34029967, 20.54786705 ] ] ], [ [ [ -99.32679967, 20.34766705 ], [ -99.32609967, 20.34406705 ], [ -99.32859967, 20.34646705 ], [ -99.33119967, 20.34726705 ], [ -99.32949967, 20.34856705 ], [ -99.32679967, 20.34766705 ] ] ], [ [ [ -99.23679967, 20.37516705 ], [ -99.23899967, 20.37646705 ], [ -99.23709967, 20.37856705 ], [ -99.23419967, 20.37836705 ], [ -99.23679967, 20.37516705 ] ] ], [ [ [ -99.24399967, 20.51816705 ], [ -99.24819967, 20.51766705 ], [ -99.24559967, 20.52046705 ], [ -99.24349967, 20.52026705 ], [ -99.24399967, 20.51816705 ] ] ], [ [ [ -99.22399967, 20.52296705 ], [ -99.22269967, 20.52546705 ], [ -99.21859967, 20.52546705 ], [ -99.22089967, 20.52356705 ], [ -99.22399967, 20.52296705 ] ] ], [ [ [ -99.10329967, 20.50806705 ], [ -99.10239967, 20.51036705 ], [ -99.09969967, 20.51056705 ], [ -99.10069967, 20.50746705 ], [ -99.10329967, 20.50806705 ] ] ], [ [ [ -99.16339967, 20.55306705 ], [ -99.15919967, 20.55506705 ], [ -99.15859967, 20.55196705 ], [ -99.16339967, 20.55306705 ] ] ], [ [ [ -99.33849967, 20.35556705 ], [ -99.33889967, 20.35796705 ], [ -99.33539967, 20.36156705 ], [ -99.33669967, 20.35766705 ], [ -99.33849967, 20.35556705 ] ] ], [ [ [ -99.19529967, 20.45796705 ], [ -99.19169967, 20.45576705 ], [ -99.19419967, 20.45516705 ], [ -99.19599967, 20.45456705 ], [ -99.19529967, 20.45796705 ] ] ], [ [ [ -99.34659967, 20.55676705 ], [ -99.34649967, 20.55916705 ], [ -99.34429967, 20.56166705 ], [ -99.34419967, 20.55836705 ], [ -99.34659967, 20.55676705 ] ] ], [ [ [ -99.25489967, 20.21336705 ], [ -99.25729967, 20.21296705 ], [ -99.25659967, 20.21606705 ], [ -99.25399967, 20.21536705 ], [ -99.25489967, 20.21336705 ] ] ], [ [ [ -99.22359967, 20.51856705 ], [ -99.22209967, 20.52006705 ], [ -99.21979967, 20.52076705 ], [ -99.22039967, 20.51776705 ], [ -99.22359967, 20.51856705 ] ] ], [ [ [ -99.22909967, 20.32786705 ], [ -99.22739967, 20.32956705 ], [ -99.22429967, 20.32766705 ], [ -99.22649967, 20.32696705 ], [ -99.22909967, 20.32786705 ] ] ], [ [ [ -99.14869967, 20.39156705 ], [ -99.14549967, 20.39456705 ], [ -99.14419967, 20.39196705 ], [ -99.14869967, 20.39156705 ] ] ], [ [ [ -99.19909967, 20.49806705 ], [ -99.19899967, 20.50086705 ], [ -99.19839967, 20.50336705 ], [ -99.19659967, 20.50156705 ], [ -99.19909967, 20.49806705 ] ] ], [ [ [ -99.35619967, 20.56056705 ], [ -99.35289967, 20.56016705 ], [ -99.35499967, 20.55686705 ], [ -99.35619967, 20.56056705 ] ] ], [ [ [ -99.25699967, 20.22266705 ], [ -99.25439967, 20.22386705 ], [ -99.25519967, 20.22146705 ], [ -99.25699967, 20.21916705 ], [ -99.25699967, 20.22266705 ] ] ], [ [ [ -99.11299967, 20.49416705 ], [ -99.10799967, 20.49356705 ], [ -99.11199967, 20.49176705 ], [ -99.11299967, 20.49416705 ] ] ], [ [ [ -99.39179967, 20.50236705 ], [ -99.38939967, 20.49846705 ], [ -99.39309967, 20.49986705 ], [ -99.39179967, 20.50236705 ] ] ], [ [ [ -99.18259967, 20.45176705 ], [ -99.18199967, 20.44906705 ], [ -99.18439967, 20.45016705 ], [ -99.18469967, 20.45276705 ], [ -99.18259967, 20.45176705 ] ] ], [ [ [ -99.19169967, 20.45576705 ], [ -99.19139967, 20.45846705 ], [ -99.18979967, 20.45746705 ], [ -99.18779967, 20.45596705 ], [ -99.19169967, 20.45576705 ] ] ], [ [ [ -99.34019967, 20.35416705 ], [ -99.33849967, 20.35556705 ], [ -99.33769967, 20.35286705 ], [ -99.33899967, 20.35156705 ], [ -99.34019967, 20.35416705 ] ] ], [ [ [ -99.22639967, 20.52046705 ], [ -99.22359967, 20.51856705 ], [ -99.22699967, 20.51716705 ], [ -99.22639967, 20.52046705 ] ] ], [ [ [ -99.25239967, 20.47776705 ], [ -99.24879967, 20.47956705 ], [ -99.24749967, 20.47746705 ], [ -99.25239967, 20.47776705 ] ] ], [ [ [ -99.21109967, 20.48146705 ], [ -99.21239967, 20.48296705 ], [ -99.21119967, 20.48476705 ], [ -99.20939967, 20.48286705 ], [ -99.21109967, 20.48146705 ] ] ], [ [ [ -99.20169967, 20.53826705 ], [ -99.19969967, 20.54096705 ], [ -99.19829967, 20.53796705 ], [ -99.20169967, 20.53826705 ] ] ], [ [ [ -99.22409967, 20.54086705 ], [ -99.22129967, 20.54226705 ], [ -99.22049967, 20.53946705 ], [ -99.22409967, 20.54086705 ] ] ], [ [ [ -99.20169967, 20.45276705 ], [ -99.19939967, 20.45556705 ], [ -99.19759967, 20.45396705 ], [ -99.20169967, 20.45276705 ] ] ], [ [ [ -99.23309967, 20.47236705 ], [ -99.22959967, 20.47246705 ], [ -99.22999967, 20.46996705 ], [ -99.23309967, 20.47236705 ] ] ], [ [ [ -99.22549967, 20.41826705 ], [ -99.22219967, 20.41996705 ], [ -99.22129967, 20.41796705 ], [ -99.22549967, 20.41826705 ] ] ], [ [ [ -99.17959967, 20.54196705 ], [ -99.18159967, 20.54376705 ], [ -99.17829967, 20.54476705 ], [ -99.17959967, 20.54196705 ] ] ], [ [ [ -99.15149967, 20.55046705 ], [ -99.15309967, 20.55386705 ], [ -99.15049967, 20.55326705 ], [ -99.15149967, 20.55046705 ] ] ], [ [ [ -99.23099967, 20.48246705 ], [ -99.22999967, 20.48456705 ], [ -99.22759967, 20.48176705 ], [ -99.23099967, 20.48246705 ] ] ], [ [ [ -99.16599967, 20.56416705 ], [ -99.16439967, 20.56706705 ], [ -99.16349967, 20.56386705 ], [ -99.16599967, 20.56416705 ] ] ], [ [ [ -99.23139967, 20.41886705 ], [ -99.22979967, 20.42076705 ], [ -99.22839967, 20.41786705 ], [ -99.23139967, 20.41886705 ] ] ], [ [ [ -99.21349967, 20.45536705 ], [ -99.21269967, 20.45276705 ], [ -99.21609967, 20.45516705 ], [ -99.21349967, 20.45536705 ] ] ], [ [ [ -99.34239967, 20.54586705 ], [ -99.33929967, 20.54326705 ], [ -99.34179967, 20.54316705 ], [ -99.34239967, 20.54586705 ] ] ], [ [ [ -99.15329967, 20.54886705 ], [ -99.15149967, 20.55046705 ], [ -99.15019967, 20.54796705 ], [ -99.15329967, 20.54886705 ] ] ], [ [ [ -99.23679967, 20.37516705 ], [ -99.23339967, 20.37476705 ], [ -99.23339967, 20.37286705 ], [ -99.23679967, 20.37516705 ] ] ], [ [ [ -99.32609967, 20.34406705 ], [ -99.32369967, 20.34516705 ], [ -99.32269967, 20.34296705 ], [ -99.32609967, 20.34406705 ] ] ], [ [ [ -99.14569967, 20.55876705 ], [ -99.14769967, 20.56036705 ], [ -99.14509967, 20.56146705 ], [ -99.14569967, 20.55876705 ] ] ], [ [ [ -99.21189967, 20.56446705 ], [ -99.21219967, 20.56746705 ], [ -99.20999967, 20.56596705 ], [ -99.21189967, 20.56446705 ] ] ], [ [ [ -99.28769967, 20.20786705 ], [ -99.28829967, 20.21066705 ], [ -99.28609967, 20.21036705 ], [ -99.28769967, 20.20786705 ] ] ], [ [ [ -99.20069967, 20.56926705 ], [ -99.19769967, 20.56906705 ], [ -99.19929967, 20.56726705 ], [ -99.20069967, 20.56926705 ] ] ], [ [ [ -99.21649967, 20.46116705 ], [ -99.21369967, 20.46016705 ], [ -99.21559967, 20.45886705 ], [ -99.21649967, 20.46116705 ] ] ], [ [ [ -99.22779967, 20.53196705 ], [ -99.22709967, 20.53446705 ], [ -99.22589967, 20.53216705 ], [ -99.22779967, 20.53196705 ] ] ], [ [ [ -99.30159967, 20.51706705 ], [ -99.29989967, 20.51446705 ], [ -99.30189967, 20.51486705 ], [ -99.30159967, 20.51706705 ] ] ], [ [ [ -99.33969967, 20.56436705 ], [ -99.33799967, 20.56486705 ], [ -99.33859967, 20.56216705 ], [ -99.33969967, 20.56436705 ] ] ], [ [ [ -99.33149967, 20.52936705 ], [ -99.32979967, 20.53126705 ], [ -99.32989967, 20.52866705 ], [ -99.33149967, 20.52936705 ] ] ], [ [ [ -99.28829967, 20.21636705 ], [ -99.28659967, 20.21536705 ], [ -99.28919967, 20.21456705 ], [ -99.28829967, 20.21636705 ] ] ], [ [ [ -99.22349967, 20.48526705 ], [ -99.22259967, 20.48716705 ], [ -99.22159967, 20.48506705 ], [ -99.22349967, 20.48526705 ] ] ], [ [ [ -99.16929967, 20.57186705 ], [ -99.16759967, 20.57076705 ], [ -99.16929967, 20.56966705 ], [ -99.16929967, 20.57186705 ] ] ], [ [ [ -99.13619967, 20.39446705 ], [ -99.13429967, 20.39366705 ], [ -99.13559967, 20.39236705 ], [ -99.13619967, 20.39446705 ] ] ], [ [ [ -99.23089967, 20.31096705 ], [ -99.22899967, 20.31206705 ], [ -99.22899967, 20.31026705 ], [ -99.23089967, 20.31096705 ] ] ], [ [ [ -99.21599967, 20.37696705 ], [ -99.21419967, 20.37536705 ], [ -99.21659967, 20.37566705 ], [ -99.21599967, 20.37696705 ] ] ] ] } },
{ "type": "Feature", "properties": { "id": 675, "clvdr": "112", "dr": "Ajacuba", "clvrha": "XIII", "rha": "Aguas del Valle de México", "anioagricola": "2022 - 2023", "numusuarios": 3104, "voldistribuido": 54621.98, "laminabruta": 99.34882 }, "geometry": { "type": "MultiPolygon", "coordinates": [ [ [ [ -99.15211148, 20.14630844 ], [ -99.15011148, 20.14760844 ], [ -99.14801148, 20.14730844 ], [ -99.14621148, 20.14620844 ], [ -99.14351148, 20.14440844 ], [ -99.13931148, 20.14540844 ], [ -99.13521148, 20.14500844 ], [ -99.13261148, 20.14530844 ], [ -99.12911148, 20.14370844 ], [ -99.12721148, 20.14690844 ], [ -99.12731148, 20.14930844 ], [ -99.12721148, 20.15180844 ], [ -99.12491148, 20.15290844 ], [ -99.12251148, 20.15310844 ], [ -99.12001148, 20.15360844 ], [ -99.11671148, 20.15480844 ], [ -99.11391148, 20.15720844 ], [ -99.11221148, 20.15840844 ], [ -99.11111148, 20.16120844 ], [ -99.11091148, 20.16440844 ], [ -99.11101148, 20.16680844 ], [ -99.10971148, 20.16850844 ], [ -99.10931148, 20.17080844 ], [ -99.10861148, 20.17320844 ], [ -99.10501148, 20.17580844 ], [ -99.09911148, 20.17500844 ], [ -99.09591148, 20.17640844 ], [ -99.09201148, 20.17530844 ], [ -99.08781148, 20.17470844 ], [ -99.08501148, 20.17710844 ], [ -99.08231148, 20.17740844 ], [ -99.07821148, 20.17740844 ], [ -99.07541148, 20.17590844 ], [ -99.07191148, 20.17740844 ], [ -99.06871148, 20.17860844 ], [ -99.06511148, 20.17780844 ], [ -99.06191148, 20.17890844 ], [ -99.06091148, 20.17410844 ], [ -99.06411148, 20.17310844 ], [ -99.06031148, 20.17080844 ], [ -99.05951148, 20.16680844 ], [ -99.05761148, 20.16500844 ], [ -99.05651148, 20.16320844 ], [ -99.05321148, 20.16240844 ], [ -99.05001148, 20.15900844 ], [ -99.04741148, 20.15590844 ], [ -99.04861148, 20.15250844 ], [ -99.04221148, 20.15290844 ], [ -99.03771148, 20.14950844 ], [ -99.03351148, 20.14710844 ], [ -99.03001148, 20.14790844 ], [ -99.02851148, 20.14660844 ], [ -99.02701148, 20.14420844 ], [ -99.02481148, 20.14310844 ], [ -99.02181148, 20.14030844 ], [ -99.02021148, 20.13870844 ], [ -99.01761148, 20.13860844 ], [ -99.01421148, 20.13700844 ], [ -99.01001148, 20.13840844 ], [ -99.00671148, 20.13810844 ], [ -99.00321148, 20.13820844 ], [ -99.00001148, 20.13720844 ], [ -98.99931148, 20.13410844 ], [ -99.00191148, 20.13460844 ], [ -99.00301148, 20.13260844 ], [ -99.00501148, 20.12960844 ], [ -99.00431148, 20.12690844 ], [ -99.00581148, 20.12500844 ], [ -99.00651148, 20.12290844 ], [ -99.00961148, 20.12270844 ], [ -99.01091148, 20.12090844 ], [ -99.01331148, 20.12040844 ], [ -99.01671148, 20.11890844 ], [ -99.01841148, 20.11700844 ], [ -99.02131148, 20.11750844 ], [ -99.02461148, 20.11690844 ], [ -99.02741148, 20.11760844 ], [ -99.02961148, 20.11910844 ], [ -99.03291148, 20.11910844 ], [ -99.03571148, 20.12070844 ], [ -99.03801148, 20.12220844 ], [ -99.04031148, 20.12350844 ], [ -99.04311148, 20.12560844 ], [ -99.04651148, 20.12600844 ], [ -99.04921148, 20.12650844 ], [ -99.05131148, 20.12700844 ], [ -99.05301148, 20.12770844 ], [ -99.05411148, 20.12910844 ], [ -99.05681148, 20.13020844 ], [ -99.06001148, 20.13010844 ], [ -99.06401148, 20.13090844 ], [ -99.06671148, 20.13320844 ], [ -99.07081148, 20.13150844 ], [ -99.07421148, 20.13010844 ], [ -99.07591148, 20.13220844 ], [ -99.08101148, 20.13030844 ], [ -99.08221148, 20.12850844 ], [ -99.08371148, 20.12600844 ], [ -99.08521148, 20.12350844 ], [ -99.08831148, 20.12120844 ], [ -99.09191148, 20.11980844 ], [ -99.09361148, 20.11780844 ], [ -99.09501148, 20.11590844 ], [ -99.09231148, 20.11420844 ], [ -99.09361148, 20.11780844 ], [ -99.09041148, 20.11470844 ], [ -99.09011148, 20.11170844 ], [ -99.09111148, 20.10980844 ], [ -99.08901148, 20.10670844 ], [ -99.08631148, 20.10370844 ], [ -99.08671148, 20.10110844 ], [ -99.08591148, 20.09810844 ], [ -99.08631148, 20.09430844 ], [ -99.08421148, 20.09300844 ], [ -99.08191148, 20.09070844 ], [ -99.08071148, 20.08860844 ], [ -99.08361148, 20.08750844 ], [ -99.08551148, 20.08940844 ], [ -99.08781148, 20.08910844 ], [ -99.08711148, 20.08640844 ], [ -99.08981148, 20.08780844 ], [ -99.09231148, 20.08860844 ], [ -99.09191148, 20.09030844 ], [ -99.09561148, 20.09280844 ], [ -99.09831148, 20.09310844 ], [ -99.10171148, 20.09560844 ], [ -99.10351148, 20.09700844 ], [ -99.10571148, 20.09740844 ], [ -99.10791148, 20.09630844 ], [ -99.11081148, 20.09690844 ], [ -99.11291148, 20.09930844 ], [ -99.11571148, 20.10140844 ], [ -99.11671148, 20.10000844 ], [ -99.12041148, 20.10050844 ], [ -99.12311148, 20.10090844 ], [ -99.12641148, 20.10090844 ], [ -99.12891148, 20.10230844 ], [ -99.12961148, 20.09920844 ], [ -99.13181148, 20.10030844 ], [ -99.13331148, 20.09750844 ], [ -99.13721148, 20.09940844 ], [ -99.14161148, 20.09990844 ], [ -99.14361148, 20.10170844 ], [ -99.14631148, 20.10070844 ], [ -99.14611148, 20.10290844 ], [ -99.15101148, 20.10230844 ], [ -99.15271148, 20.10410844 ], [ -99.14841148, 20.10680844 ], [ -99.14461148, 20.10850844 ], [ -99.14181148, 20.11080844 ], [ -99.13901148, 20.11360844 ], [ -99.13601148, 20.11430844 ], [ -99.13631148, 20.11750844 ], [ -99.13521148, 20.12010844 ], [ -99.13161148, 20.12160844 ], [ -99.13191148, 20.12460844 ], [ -99.13311148, 20.12770844 ], [ -99.13361148, 20.13190844 ], [ -99.13741148, 20.13340844 ], [ -99.13971148, 20.13260844 ], [ -99.14191148, 20.12980844 ], [ -99.14351148, 20.13190844 ], [ -99.14551148, 20.13200844 ], [ -99.14341148, 20.13480844 ], [ -99.14321148, 20.13800844 ], [ -99.14421148, 20.13950844 ], [ -99.14711148, 20.14010844 ], [ -99.14551148, 20.14200844 ], [ -99.14821148, 20.14480844 ], [ -99.15211148, 20.14630844 ] ], [ [ -99.08891148, 20.13240844 ], [ -99.09161148, 20.12970844 ], [ -99.09291148, 20.12620844 ], [ -99.08901148, 20.12520844 ], [ -99.08621148, 20.12750844 ], [ -99.08451148, 20.13020844 ], [ -99.08891148, 20.13240844 ] ], [ [ -99.12921148, 20.11000844 ], [ -99.12441148, 20.10920844 ], [ -99.12231148, 20.10720844 ], [ -99.11981148, 20.10730844 ], [ -99.11601148, 20.10720844 ], [ -99.11321148, 20.10750844 ], [ -99.11561148, 20.11070844 ], [ -99.11791148, 20.11270844 ], [ -99.12141148, 20.11330844 ], [ -99.12351148, 20.11540844 ], [ -99.12201148, 20.11930844 ], [ -99.12331148, 20.12260844 ], [ -99.12611148, 20.12150844 ], [ -99.12801148, 20.12280844 ], [ -99.12741148, 20.12060844 ], [ -99.12971148, 20.11870844 ], [ -99.12751148, 20.11690844 ], [ -99.12781148, 20.11310844 ], [ -99.12921148, 20.11000844 ] ], [ [ -99.11101148, 20.15520844 ], [ -99.10831148, 20.15510844 ], [ -99.10501148, 20.15440844 ], [ -99.10151148, 20.15510844 ], [ -99.10131148, 20.15260844 ], [ -99.09751148, 20.15140844 ], [ -99.09451148, 20.15460844 ], [ -99.09241148, 20.15450844 ], [ -99.09141148, 20.15780844 ], [ -99.09121148, 20.16050844 ], [ -99.09341148, 20.16130844 ], [ -99.09111148, 20.16300844 ], [ -99.09051148, 20.16670844 ], [ -99.09381148, 20.16820844 ], [ -99.09571148, 20.16830844 ], [ -99.09791148, 20.16740844 ], [ -99.09781148, 20.16950844 ], [ -99.10001148, 20.16880844 ], [ -99.10301148, 20.16860844 ], [ -99.10511148, 20.16910844 ], [ -99.10661148, 20.16710844 ], [ -99.10851148, 20.16530844 ], [ -99.10791148, 20.16180844 ], [ -99.10711148, 20.15860844 ], [ -99.11001148, 20.15830844 ], [ -99.11101148, 20.15520844 ] ] ], [ [ [ -99.18101148, 20.08680844 ], [ -99.18031148, 20.08830844 ], [ -99.17851148, 20.09020844 ], [ -99.17721148, 20.09210844 ], [ -99.17471148, 20.09390844 ], [ -99.17291148, 20.09490844 ], [ -99.17051148, 20.09380844 ], [ -99.16831148, 20.09550844 ], [ -99.16901148, 20.08940844 ], [ -99.16531148, 20.09000844 ], [ -99.16331148, 20.08830844 ], [ -99.16401148, 20.08550844 ], [ -99.16551148, 20.08450844 ], [ -99.16901148, 20.08360844 ], [ -99.17141148, 20.08300844 ], [ -99.17341148, 20.08060844 ], [ -99.17541148, 20.07760844 ], [ -99.17781148, 20.07670844 ], [ -99.17971148, 20.07690844 ], [ -99.18121148, 20.07980844 ], [ -99.18381148, 20.08260844 ], [ -99.18491148, 20.08490844 ], [ -99.18491148, 20.08660844 ], [ -99.18311148, 20.08610844 ], [ -99.18101148, 20.08680844 ] ] ], [ [ [ -99.15961148, 20.09320844 ], [ -99.15451148, 20.09510844 ], [ -99.15401148, 20.09250844 ], [ -99.15741148, 20.09060844 ], [ -99.16091148, 20.09030844 ], [ -99.16141148, 20.09290844 ], [ -99.16241148, 20.09630844 ], [ -99.15991148, 20.09780844 ], [ -99.15961148, 20.09320844 ] ] ], [ [ [ -99.15491148, 20.14760844 ], [ -99.15211148, 20.14630844 ], [ -99.15161148, 20.14370844 ], [ -99.15331148, 20.14400844 ], [ -99.15481148, 20.14560844 ], [ -99.15771148, 20.14780844 ], [ -99.15491148, 20.14760844 ] ] ], [ [ [ -99.15451148, 20.09510844 ], [ -99.15671148, 20.09680844 ], [ -99.15761148, 20.09850844 ], [ -99.15541148, 20.09850844 ], [ -99.15341148, 20.09800844 ], [ -99.15451148, 20.09510844 ] ] ], [ [ [ -99.13851148, 20.12070844 ], [ -99.13851148, 20.12350844 ], [ -99.13521148, 20.12010844 ], [ -99.13851148, 20.12070844 ] ] ], [ [ [ -99.13851148, 20.12070844 ], [ -99.13631148, 20.11750844 ], [ -99.13911148, 20.11800844 ], [ -99.13851148, 20.12070844 ] ] ] ] } }
]
}
