{
"type": "FeatureCollection",
"name": "dj",
"crs": { "type": "name", "properties": { "name": "urn:ogc:def:crs:OGC:1.3:CRS84" } },
"features": [
{ "type": "Feature", "properties": { "IDBD": 159661, "FC": 6291, "CONDICION": "CUERPO DE AGUA INTERMITENTE" }, "geometry": { "type": "MultiPolygon", "coordinates": [ [ [ [ -99.43669387692303, 20.66803449230768 ], [ -99.436588046153801, 20.667953446153891 ], [ -99.436510646153849, 20.667745815384606 ], [ -99.436385369230734, 20.667583492307664 ], [ -99.436279123076929, 20.667357861538488 ], [ -99.436230246153841, 20.667050769230737 ], [ -99.436412676923027, 20.667059338461542 ], [ -99.436633538461493, 20.667076861538483 ], [ -99.43668244615381, 20.667392984615354 ], [ -99.436731076923067, 20.667609723076932 ], [ -99.436760461538427, 20.667817476923101 ], [ -99.43669387692303, 20.66803449230768 ] ] ] ] } },
{ "type": "Feature", "properties": { "IDBD": 159737, "FC": 6292, "CONDICION": "CUERPO DE AGUA PERENNE" }, "geometry": { "type": "MultiPolygon", "coordinates": [ [ [ [ -99.411894630197949, 20.592678985351473 ], [ -99.412084067623226, 20.59286842277675 ], [ -99.412435681178053, 20.593291332706361 ], [ -99.412704180825742, 20.593771325247648 ], [ -99.412932609825745, 20.59428528924763 ], [ -99.413114350928581, 20.594829133201568 ], [ -99.413188607915245, 20.59515091578886 ], [ -99.41324032620247, 20.595344859592362 ], [ -99.41328368756777, 20.595450853834613 ], [ -99.413354195997599, 20.59542735088748 ], [ -99.41367430202493, 20.595339990804177 ], [ -99.414074052024887, 20.595254330804195 ], [ -99.414702634279621, 20.595187739120306 ], [ -99.414844404235936, 20.595187739120306 ], [ -99.414914138461512, 20.595241184615436 ], [ -99.415183599999978, 20.595520646153805 ], [ -99.415577569230763, 20.595718492307686 ], [ -99.416067338461531, 20.595852861538503 ], [ -99.416758953846156, 20.596104200000013 ], [ -99.41701836923076, 20.596221046153843 ], [ -99.417220523076892, 20.596455492307719 ], [ -99.41751898461537, 20.596816199999989 ], [ -99.417692138461504, 20.596969400000027 ], [ -99.417856230769203, 20.5973214 ], [ -99.418288953846115, 20.597645646153879 ], [ -99.418846738461511, 20.598087046153839 ], [ -99.41921246153845, 20.598474707692283 ], [ -99.419347630769181, 20.598772569230746 ], [ -99.419176046153808, 20.599197661538511 ], [ -99.419052061538437, 20.599478076923067 ], [ -99.418852169230746, 20.600074938461564 ], [ -99.418786015384597, 20.6004455692308 ], [ -99.418681138461523, 20.600698830769222 ], [ -99.418442, 20.600979507692323 ], [ -99.418221800000012, 20.601169800000047 ], [ -99.418174199999967, 20.601314492307697 ], [ -99.41848133846149, 20.601331815384615 ], [ -99.4188076, 20.601322 ], [ -99.419453476923067, 20.602386661538453 ], [ -99.419906123076913, 20.602972892307719 ], [ -99.42006127692305, 20.603559846153846 ], [ -99.420206061538437, 20.603866723076951 ], [ -99.420647907692285, 20.604010215384651 ], [ -99.421165876923055, 20.6039186 ], [ -99.42145326153846, 20.603728153846156 ], [ -99.421683492307665, 20.603700476923088 ], [ -99.421750076923061, 20.603483461538477 ], [ -99.421883615384615, 20.603184938461517 ], [ -99.422027230769231, 20.60306712307694 ], [ -99.422304261538429, 20.60260561538464 ], [ -99.422533938461527, 20.602370123076955 ], [ -99.422657276923061, 20.601854784615373 ], [ -99.422771753846149, 20.601610538461546 ], [ -99.422829138461537, 20.601538107692324 ], [ -99.422906199999957, 20.601646353846192 ], [ -99.423089292307679, 20.601916969230778 ], [ -99.423290461538443, 20.601789984615394 ], [ -99.423491969230724, 20.601780446153857 ], [ -99.423828523076892, 20.602023599999988 ], [ -99.42440495384615, 20.602257107692299 ], [ -99.424548984615328, 20.602283861538471 ], [ -99.424741015384569, 20.602319538461558 ], [ -99.425115153846107, 20.602273446153806 ], [ -99.425182046153807, 20.602173876923107 ], [ -99.425354338461503, 20.602010815384645 ], [ -99.425672076923078, 20.602389538461548 ], [ -99.425845569230759, 20.602660184615377 ], [ -99.4259998307692, 20.602921846153865 ], [ -99.426106184615335, 20.603201692307696 ], [ -99.426481199999969, 20.603471846153866 ], [ -99.426817738461494, 20.603705953846191 ], [ -99.426943492307657, 20.604067076923069 ], [ -99.427463569230738, 20.604734446153902 ], [ -99.427761984615387, 20.605059 ], [ -99.427954876923039, 20.605401892307718 ], [ -99.428013230769196, 20.605681861538489 ], [ -99.428234092307648, 20.605726492307696 ], [ -99.428724399999979, 20.60604152307689 ], [ -99.429050738461498, 20.606058784615399 ], [ -99.42942461538459, 20.605913292307687 ], [ -99.429750953846138, 20.605930553846182 ], [ -99.4301538153846, 20.60585726153845 ], [ -99.430651646153791, 20.605431338461589 ], [ -99.430708646153846, 20.605223369230771 ], [ -99.43060161538456, 20.604699553846174 ], [ -99.430897892307627, 20.604265092307731 ], [ -99.431165799999988, 20.603984307692343 ], [ -99.431040138461526, 20.603659338461561 ], [ -99.430991107692265, 20.603288984615418 ], [ -99.430827353846126, 20.603072538461543 ], [ -99.430520907692284, 20.603299199999949 ], [ -99.430194923076897, 20.603408430769242 ], [ -99.430021907692264, 20.603309476923076 ], [ -99.42999243076919, 20.60306556923079 ], [ -99.430136753846142, 20.603200753846124 ], [ -99.430357323076862, 20.603145984615352 ], [ -99.430519969230744, 20.60296486153845 ], [ -99.430797553846133, 20.602711169230723 ], [ -99.431057046153811, 20.60284606153845 ], [ -99.431239876923058, 20.603026323076946 ], [ -99.431259461538431, 20.60316181538462 ], [ -99.431308246153804, 20.603450846153848 ], [ -99.431510846153827, 20.603829846153893 ], [ -99.431770384615348, 20.6039828 ], [ -99.4318769384615, 20.604334938461566 ], [ -99.431925492307698, 20.604533599999982 ], [ -99.431888092307673, 20.604886092307741 ], [ -99.431946846153835, 20.605301599999965 ], [ -99.432177953846107, 20.605581138461524 ], [ -99.432504784615347, 20.605770076923086 ], [ -99.432715830769212, 20.605742430769247 ], [ -99.433041615384596, 20.605560907692308 ], [ -99.433319430769203, 20.605388523076943 ], [ -99.433645538461477, 20.605324461538466 ], [ -99.434163707692306, 20.605305092307681 ], [ -99.434614784615363, 20.605312984615399 ], [ -99.435027584615341, 20.605366169230763 ], [ -99.435152015384574, 20.605248384615397 ], [ -99.435401169230744, 20.605121261538464 ], [ -99.435709061538461, 20.605400584615392 ], [ -99.435882876923088, 20.605779661538431 ], [ -99.436008307692276, 20.606014276923077 ], [ -99.436624215384583, 20.606618123076867 ], [ -99.43693159999998, 20.606716738461536 ], [ -99.437258092307673, 20.6067882 ], [ -99.437699630769188, 20.6068142 ], [ -99.438083476923069, 20.606804184615363 ], [ -99.438342661538414, 20.60683063076922 ], [ -99.43867909230768, 20.607019538461547 ], [ -99.438910138461509, 20.607271953846151 ], [ -99.439131569230724, 20.60751535384615 ], [ -99.439458430769207, 20.607713323076926 ], [ -99.439804307692285, 20.607847984615383 ], [ -99.440188276923067, 20.607883138461553 ], [ -99.440668153846161, 20.607890953846173 ], [ -99.441330061538423, 20.607798907692356 ], [ -99.441885769230737, 20.60748123076927 ], [ -99.44244152307688, 20.607181630769258 ], [ -99.443525184615382, 20.606907784615373 ], [ -99.443917369230732, 20.606464015384603 ], [ -99.444242923076885, 20.606210169230788 ], [ -99.444454030769194, 20.606200600000037 ], [ -99.444646276923024, 20.606308538461501 ], [ -99.444848092307666, 20.606407415384606 ], [ -99.445126738461497, 20.606524153846145 ], [ -99.445433923076891, 20.606550476923083 ], [ -99.445740953846112, 20.606531615384618 ], [ -99.446240015384561, 20.606539353846152 ], [ -99.446719769230754, 20.606511015384623 ], [ -99.447055030769206, 20.606293292307718 ], [ -99.447390415384575, 20.606120738461545 ], [ -99.4477934, 20.6060925846154 ], [ -99.448081384615378, 20.60611895384616 ], [ -99.448848661538435, 20.60596335384616 ], [ -99.449098153846151, 20.605953661538436 ], [ -99.449568523076877, 20.605997615384624 ], [ -99.449933169230732, 20.605987630769242 ], [ -99.450595507692313, 20.606040123076884 ], [ -99.451305507692254, 20.605984061538482 ], [ -99.451727353846138, 20.60584741538462 ], [ -99.451851476923068, 20.605630230769219 ], [ -99.451879523076926, 20.605377153846153 ], [ -99.452109369230755, 20.60521390769231 ], [ -99.452339784615361, 20.605249461538506 ], [ -99.452617846153828, 20.605167399999988 ], [ -99.453576953846124, 20.604975138461555 ], [ -99.454219692307646, 20.604892123076898 ], [ -99.454766676923043, 20.604881661538496 ], [ -99.455227338461484, 20.604889476923042 ], [ -99.45558249230767, 20.604915646153849 ], [ -99.45560058461534, 20.604545138461535 ], [ -99.455695184615337, 20.604084061538433 ], [ -99.455502230769184, 20.603741200000023 ], [ -99.455203984615366, 20.603488984615414 ], [ -99.454857753846113, 20.603236892307716 ], [ -99.454492215384604, 20.602939661538436 ], [ -99.454386076923058, 20.602750200000013 ], [ -99.454577261538432, 20.602496692307668 ], [ -99.454768153846118, 20.602143784615361 ], [ -99.454690092307629, 20.601710276923097 ], [ -99.454823076923077, 20.601249092307739 ], [ -99.455014199999951, 20.600977523076931 ], [ -99.455263092307661, 20.600769030769225 ], [ -99.455684092307635, 20.600352276923065 ], [ -99.455903323076924, 20.599854723076938 ], [ -99.455873599999961, 20.599538553846152 ], [ -99.456017384615365, 20.599483953846178 ], [ -99.456429830769181, 20.599419615384601 ], [ -99.456727353846134, 20.599427861538484 ], [ -99.456900292307665, 20.599499692307695 ], [ -99.456574323076907, 20.599599953846152 ], [ -99.456238476923048, 20.599609876923033 ], [ -99.456028138461477, 20.599872476923093 ], [ -99.455923538461519, 20.600198030769217 ], [ -99.455647446153819, 20.600939707692319 ], [ -99.455562107692302, 20.601283292307695 ], [ -99.45542839999996, 20.601500507692304 ], [ -99.455736553846094, 20.601861123076898 ], [ -99.455881584615341, 20.602222184615389 ], [ -99.455776723076909, 20.602457384615366 ], [ -99.456113292307649, 20.602691430769244 ], [ -99.456449353846125, 20.6027538 ], [ -99.456622938461521, 20.603033446153866 ], [ -99.45652783076919, 20.603322846153848 ], [ -99.456326815384571, 20.603495061538439 ], [ -99.456404369230739, 20.603756892307707 ], [ -99.456683953846138, 20.604189876923083 ], [ -99.456675092307663, 20.604433861538478 ], [ -99.456743738461498, 20.604930661538472 ], [ -99.456897830769194, 20.605110969230775 ], [ -99.456850169230748, 20.605219523076936 ], [ -99.456640092307666, 20.605572476923086 ], [ -99.456458553846147, 20.605844030769202 ], [ -99.456708861538416, 20.606105415384611 ], [ -99.457055123076913, 20.606366538461554 ], [ -99.457343261538398, 20.606447092307715 ], [ -99.457334738461512, 20.606808553846143 ], [ -99.457085846153802, 20.607017030769246 ], [ -99.456808, 20.607171384615359 ], [ -99.456665015384573, 20.607497046153849 ], [ -99.456252415384597, 20.6075162 ], [ -99.455964661538417, 20.607571184615367 ], [ -99.455111646153838, 20.607943892307691 ], [ -99.455141430769203, 20.608278153846143 ], [ -99.454605292307662, 20.608713276923073 ], [ -99.454596661538417, 20.609038584615377 ], [ -99.454118030769195, 20.609446461538514 ], [ -99.453984169230736, 20.609618492307671 ], [ -99.454234338461504, 20.609834692307686 ], [ -99.454341061538443, 20.610222953846179 ], [ -99.454265399999954, 20.610602661538497 ], [ -99.454007230769236, 20.610919600000017 ], [ -99.45392195384612, 20.611290292307693 ], [ -99.453865061538423, 20.61152536923078 ], [ -99.45381787692304, 20.611796569230759 ], [ -99.453991215384562, 20.611994907692281 ], [ -99.454299015384606, 20.612229030769271 ], [ -99.454577784615367, 20.612381907692338 ], [ -99.455048753846128, 20.6126156 ], [ -99.455327523076903, 20.612768476923101 ], [ -99.455193753846103, 20.612967615384619 ], [ -99.45531910769229, 20.613166076923076 ], [ -99.455675107692258, 20.613472353846184 ], [ -99.455896461538416, 20.613679584615358 ], [ -99.455426399999951, 20.613744076923105 ], [ -99.4550042, 20.613772307692305 ], [ -99.454802461538421, 20.613709584615385 ], [ -99.453553784615323, 20.613360461538459 ], [ -99.453467630769225, 20.613432969230775 ], [ -99.453574246153806, 20.613785092307708 ], [ -99.453709646153854, 20.614137138461547 ], [ -99.453498876923064, 20.614264184615372 ], [ -99.453086461538447, 20.614355630769282 ], [ -99.452750861538448, 20.614455907692314 ], [ -99.452780153846106, 20.614627507692315 ], [ -99.452512476923033, 20.614980615384621 ], [ -99.452282707692277, 20.615170969230743 ], [ -99.452580938461509, 20.615414153846142 ], [ -99.452918092307655, 20.615837953846128 ], [ -99.452966723076898, 20.616054676923067 ], [ -99.452678676923043, 20.616010261538445 ], [ -99.452708692307652, 20.616425830769213 ], [ -99.452565338461511, 20.616634030769195 ], [ -99.452834584615388, 20.616805 ], [ -99.453151769230743, 20.616966815384583 ], [ -99.452941753846105, 20.617346876923087 ], [ -99.452894030769215, 20.617437353846153 ], [ -99.452549061538448, 20.617618984615397 ], [ -99.452260876923035, 20.617529369230766 ], [ -99.45219449230764, 20.61780061538462 ], [ -99.452367938461492, 20.618035107692318 ], [ -99.452560369230739, 20.618197246153819 ], [ -99.452589661538426, 20.618368846153857 ], [ -99.452493953846172, 20.61845946153845 ], [ -99.452619507692248, 20.618721169230781 ], [ -99.452245676923027, 20.618884784615389 ], [ -99.452054199999964, 20.619047938461534 ], [ -99.452313876923085, 20.61922796923076 ], [ -99.452419584615356, 20.619272876923098 ], [ -99.452381938461514, 20.619525969230796 ], [ -99.452612784615368, 20.619697046153835 ], [ -99.452967599999965, 20.619596723076889 ], [ -99.453275076923077, 20.619713384615359 ], [ -99.453477399999969, 20.619974892307734 ], [ -99.453737230769235, 20.620209153846165 ], [ -99.453699230769203, 20.62034478461538 ], [ -99.453411476923051, 20.620399753846186 ], [ -99.45319050769227, 20.620328046153837 ], [ -99.452673123076906, 20.620627584615381 ], [ -99.452078676923051, 20.620836969230737 ], [ -99.451752169230772, 20.620774569230772 ], [ -99.451540661538445, 20.620648615384617 ], [ -99.451242815384589, 20.620540969230763 ], [ -99.450945415384624, 20.620586923076914 ], [ -99.45101343076918, 20.620866861538456 ], [ -99.451158076923051, 20.621101415384608 ], [ -99.451072415384587, 20.621345600000012 ], [ -99.450900276923036, 20.62155387692308 ], [ -99.450919923076924, 20.621707430769217 ], [ -99.451246169230743, 20.621679476923102 ], [ -99.451543692307652, 20.621678692307704 ], [ -99.451927338461502, 20.621587338461541 ], [ -99.452406953846122, 20.621495723076958 ], [ -99.452637399999958, 20.621531261538458 ], [ -99.452791369230752, 20.621666400000016 ], [ -99.452628630769198, 20.621811399999988 ], [ -99.452369953846116, 20.621965676923061 ], [ -99.452159569230744, 20.622228276923085 ], [ -99.452006538461504, 20.62240938461537 ], [ -99.451575338461495, 20.622645446153879 ], [ -99.451172523076892, 20.622745892307723 ], [ -99.450990753846142, 20.622945153846167 ], [ -99.451010938461479, 20.623279430769205 ], [ -99.450819461538416, 20.62344256923074 ], [ -99.450608830769198, 20.623623846153826 ], [ -99.450321215384605, 20.623733015384602 ], [ -99.450196846153801, 20.623868876923034 ], [ -99.450360969230758, 20.624193753846203 ], [ -99.450419107692269, 20.624383353846184 ], [ -99.450313876923047, 20.624501092307693 ], [ -99.450323923076866, 20.624654676923058 ], [ -99.450554461538445, 20.624717323076901 ], [ -99.450765399999966, 20.624644476923034 ], [ -99.450947599999964, 20.624589800000027 ], [ -99.451014784615339, 20.624589615384618 ], [ -99.451206769230737, 20.624598153846136 ], [ -99.451398384615359, 20.624480184615386 ], [ -99.45155130769227, 20.624262923076909 ], [ -99.451704107692251, 20.624000492307704 ], [ -99.451847861538425, 20.623927830769244 ], [ -99.451972676923077, 20.623945569230766 ], [ -99.452298830769195, 20.623881461538431 ], [ -99.452308446153822, 20.623890476923059 ], [ -99.452414215384607, 20.62395344615382 ], [ -99.452663938461527, 20.624016046153898 ], [ -99.45276890769226, 20.623807953846161 ], [ -99.452845076923026, 20.62359992307691 ], [ -99.45311321538459, 20.62340043076922 ], [ -99.453295415384616, 20.623345738461513 ], [ -99.453555476923043, 20.623652276923071 ], [ -99.453660861538424, 20.623588753846153 ], [ -99.453958707692266, 20.623696399999979 ], [ -99.454313784615351, 20.623677384615373 ], [ -99.454505384615345, 20.623559415384605 ], [ -99.4543986, 20.623153092307724 ], [ -99.454619430769199, 20.62317961538459 ], [ -99.454926753846109, 20.623242061538452 ], [ -99.455387369230749, 20.623213738461537 ], [ -99.455617092307676, 20.623005307692331 ], [ -99.455932953846144, 20.622715323076921 ], [ -99.456172769230704, 20.622669523076954 ], [ -99.456154399999974, 20.622949676923113 ], [ -99.456155184615341, 20.623211707692317 ], [ -99.456069646153836, 20.623492046153817 ], [ -99.455994661538455, 20.624097646153864 ], [ -99.456110553846116, 20.624341307692308 ], [ -99.456312553846118, 20.624485353846186 ], [ -99.456524461538422, 20.624737784615437 ], [ -99.456908661538435, 20.6248361692308 ], [ -99.457273569230722, 20.624898461538422 ], [ -99.457407292307664, 20.624681246153834 ], [ -99.457676584615356, 20.624861246153856 ], [ -99.458088969230758, 20.624751723076912 ], [ -99.458270153846158, 20.624362707692327 ], [ -99.458480446153843, 20.624073 ], [ -99.458644584615357, 20.62439784615384 ], [ -99.458693215384571, 20.62461458461534 ], [ -99.458809215384576, 20.62488535384615 ], [ -99.458953799999946, 20.625092784615369 ], [ -99.459232169230745, 20.625101092307702 ], [ -99.459242599999982, 20.62538116923076 ], [ -99.459463953846125, 20.625579369230781 ], [ -99.459685215384596, 20.625750461538484 ], [ -99.459915984615378, 20.625885384615433 ], [ -99.460347723076879, 20.625830015384636 ], [ -99.460731015384638, 20.625621169230779 ], [ -99.461028092307657, 20.625466769230766 ], [ -99.461229723076897, 20.625493338461521 ], [ -99.461403061538448, 20.62568263076923 ], [ -99.461490015384584, 20.625872153846107 ], [ -99.461730338461535, 20.62599801538461 ], [ -99.462124138461519, 20.626087307692309 ], [ -99.462393399999968, 20.626258276923064 ], [ -99.462652646153813, 20.626293723076905 ], [ -99.46295, 20.626229676923046 ], [ -99.463218523076904, 20.62615667692306 ], [ -99.46348732307689, 20.62617401538462 ], [ -99.463861615384573, 20.626163984615417 ], [ -99.464168769230739, 20.626172184615417 ], [ -99.464408307692281, 20.626036015384638 ], [ -99.464648415384588, 20.626089584615343 ], [ -99.464955661538454, 20.626124892307718 ], [ -99.465176015384586, 20.625988769230787 ], [ -99.465415523076899, 20.625843553846149 ], [ -99.465579292307694, 20.6260418923077 ], [ -99.465781661538429, 20.626312415384664 ], [ -99.466041584615326, 20.626564723076925 ], [ -99.466242753846103, 20.626437676923089 ], [ -99.466445, 20.626663030769226 ], [ -99.466810199999969, 20.626815646153823 ], [ -99.466810692307646, 20.626978292307719 ], [ -99.466840307692294, 20.62724929230767 ], [ -99.467071384615352, 20.627483599999962 ], [ -99.467560553846141, 20.627373846153837 ], [ -99.46789658461536, 20.627409076923094 ], [ -99.468453584615375, 20.62750696923078 ], [ -99.468655107692285, 20.627497384615406 ], [ -99.468942492307661, 20.627315876923088 ], [ -99.469182415384594, 20.627306200000021 ], [ -99.469355523076871, 20.62741415384615 ], [ -99.469490615384558, 20.627648723076931 ], [ -99.469443538461533, 20.627947030769235 ], [ -99.469511046153798, 20.628055276923028 ], [ -99.469779723076897, 20.628027430769201 ], [ -99.47000055384612, 20.628053938461541 ], [ -99.470279338461509, 20.628197753846123 ], [ -99.470433584615364, 20.628414199999984 ], [ -99.470904107692292, 20.628485200000014 ], [ -99.471278676923021, 20.628565507692272 ], [ -99.471585323076894, 20.628402015384587 ], [ -99.471930553846107, 20.628301692307691 ], [ -99.47205573846152, 20.628436876923075 ], [ -99.471998846153795, 20.628662938461542 ], [ -99.472057153846123, 20.628897707692332 ], [ -99.47229703076917, 20.628869938461541 ], [ -99.472469630769211, 20.628815246153849 ], [ -99.472998076923048, 20.628994523076916 ], [ -99.473372523076861, 20.629029646153839 ], [ -99.473785830769188, 20.629218261538494 ], [ -99.474218953846119, 20.629605615384623 ], [ -99.474719199999967, 20.629974707692281 ], [ -99.475026769230752, 20.630109399999963 ], [ -99.4753632, 20.630271107692323 ], [ -99.475709246153798, 20.6304328 ], [ -99.476055230769219, 20.630576430769242 ], [ -99.476286061538431, 20.6307294 ], [ -99.476219461538449, 20.630919338461549 ], [ -99.47631679999995, 20.631352784615373 ], [ -99.476596169230746, 20.631677307692328 ], [ -99.476884615384591, 20.631839153846165 ], [ -99.477269569230714, 20.632163369230774 ], [ -99.47756804615382, 20.632460738461553 ], [ -99.477722015384572, 20.632586799999974 ], [ -99.477799384615366, 20.632776338461515 ], [ -99.477953446153833, 20.632929523076893 ], [ -99.478087646153824, 20.632874938461519 ], [ -99.478252092307628, 20.633281092307694 ], [ -99.478262476923078, 20.633534076923087 ], [ -99.478532430769235, 20.633912830769258 ], [ -99.478955015384557, 20.633992984615364 ], [ -99.479204830769206, 20.6340736 ], [ -99.47936901538462, 20.634398446153813 ], [ -99.47947541538457, 20.634660184615353 ], [ -99.47973503076922, 20.634804030769232 ], [ -99.480254030769188, 20.635019446153876 ], [ -99.480676676923039, 20.635117661538462 ], [ -99.480888261538439, 20.635252615384616 ], [ -99.481167646153807, 20.635577123076917 ], [ -99.481360523076887, 20.635865738461536 ], [ -99.482294753846134, 20.636866107692345 ], [ -99.482352815384573, 20.637019553846116 ], [ -99.482267292307668, 20.637290861538482 ], [ -99.482344953846109, 20.637570753846159 ], [ -99.482594953846117, 20.637705584615379 ], [ -99.48312321538458, 20.63781253846151 ], [ -99.483392292307641, 20.637911184615405 ], [ -99.483679830769177, 20.637774846153864 ], [ -99.483842553846145, 20.637629815384621 ], [ -99.48413, 20.6374663692308 ], [ -99.484312476923051, 20.637502 ], [ -99.48486009230767, 20.637654061538488 ], [ -99.4852444615384, 20.637788523076956 ], [ -99.485408184615352, 20.637959738461497 ], [ -99.485504553846127, 20.638076938461541 ], [ -99.4857642, 20.638229815384634 ], [ -99.486110076923026, 20.638328230769272 ], [ -99.486340446153818, 20.638327584615375 ], [ -99.486552153846134, 20.638498676923064 ], [ -99.486793123076893, 20.638814246153867 ], [ -99.486918723076883, 20.639066892307703 ], [ -99.48737036923076, 20.639228261538463 ], [ -99.487571692307654, 20.639146369230758 ], [ -99.487762507692267, 20.638784400000031 ], [ -99.488116046153806, 20.638277399999989 ], [ -99.488220569230776, 20.637942784615383 ], [ -99.488499076923063, 20.637987169230758 ], [ -99.488595092307676, 20.637995938461568 ], [ -99.488806230769228, 20.637986307692302 ], [ -99.489036076923043, 20.637823 ], [ -99.489246676923074, 20.637641692307664 ], [ -99.489313, 20.637370430769217 ], [ -99.489610184615344, 20.637252123076895 ], [ -99.48984075384611, 20.637314723076937 ], [ -99.490138707692296, 20.637440369230724 ], [ -99.49051309230768, 20.637448353846139 ], [ -99.490887553846122, 20.637483430769219 ], [ -99.491223507692325, 20.637482476923058 ], [ -99.49154016923076, 20.63745446153845 ], [ -99.491780769230729, 20.63765256923072 ], [ -99.491935338461531, 20.63795933846156 ], [ -99.492376784615359, 20.63793098461538 ], [ -99.492664230769179, 20.63776750769232 ], [ -99.492874753846166, 20.637568123076896 ], [ -99.493047353846123, 20.637513415384657 ], [ -99.49321969230769, 20.637377384615387 ], [ -99.493333569230771, 20.636970461538464 ], [ -99.493409799999981, 20.63679855384618 ], [ -99.493545061538455, 20.637069246153867 ], [ -99.493565107692262, 20.637331230769217 ], [ -99.493613876923064, 20.637575046153902 ], [ -99.493412984615347, 20.637783446153851 ], [ -99.493289153846106, 20.638081984615376 ], [ -99.493348092307656, 20.638497461538456 ], [ -99.493271707692273, 20.638624184615409 ], [ -99.49300323076919, 20.638715307692305 ], [ -99.492619661538455, 20.638833861538469 ], [ -99.492370892307662, 20.639078538461547 ], [ -99.492218323076898, 20.639395230769207 ], [ -99.492151569230714, 20.639530953846176 ], [ -99.491815815384598, 20.639595153846152 ], [ -99.491624646153795, 20.639848707692295 ], [ -99.491769153846136, 20.640010938461518 ], [ -99.491644923076876, 20.640182969230782 ], [ -99.491473138461515, 20.640490676923061 ], [ -99.491590169230747, 20.641068630769237 ], [ -99.4916773538461, 20.641312353846178 ], [ -99.491831215384593, 20.641402276923085 ], [ -99.492128907692262, 20.64143756923081 ], [ -99.492512415384596, 20.641300938461502 ], [ -99.493030384615352, 20.641181984615375 ], [ -99.493356692307643, 20.641162984615399 ], [ -99.493558261538425, 20.641162415384642 ], [ -99.493827138461512, 20.641197784615386 ], [ -99.493989969230768, 20.6410888923077 ], [ -99.494143123076881, 20.640952923076888 ], [ -99.494401769230734, 20.640789538461505 ], [ -99.494612615384597, 20.640689538461498 ], [ -99.494775092307677, 20.640472215384669 ], [ -99.494841384615356, 20.640191907692294 ], [ -99.494725061538446, 20.639839846153887 ], [ -99.494743353846161, 20.639559692307714 ], [ -99.494925046153782, 20.639351338461523 ], [ -99.495135369230738, 20.639088707692299 ], [ -99.495298092307692, 20.638943661538487 ], [ -99.495480661538437, 20.63900638461536 ], [ -99.49562503076919, 20.63912344615386 ], [ -99.496000692307661, 20.639528969230785 ], [ -99.496250815384585, 20.63969993846155 ], [ -99.496375953846126, 20.639808 ], [ -99.496721753846117, 20.6398792923077 ], [ -99.497047784615376, 20.639778969230818 ], [ -99.497441015384595, 20.639678446153845 ], [ -99.497604446153801, 20.639759292307726 ], [ -99.497700815384576, 20.639876476923074 ], [ -99.498066599999973, 20.64019167692306 ], [ -99.498220538461524, 20.640299661538453 ], [ -99.498538276923028, 20.64059692307692 ], [ -99.498980169230748, 20.640704076923043 ], [ -99.49910530769229, 20.640812138461527 ], [ -99.49936456923075, 20.640838507692298 ], [ -99.499575123076895, 20.640648138461543 ], [ -99.499795307692253, 20.64046678461542 ], [ -99.499698276923056, 20.640150815384612 ], [ -99.499524769230746, 20.63992543076926 ], [ -99.499533861538424, 20.639771784615359 ], [ -99.499629584615334, 20.639690184615382 ], [ -99.499725476923047, 20.6396628 ], [ -99.499753830769222, 20.639527184615424 ], [ -99.499753184615358, 20.6393284 ], [ -99.499502, 20.63883216923081 ], [ -99.49945267692307, 20.638425692307713 ], [ -99.499394353846156, 20.638199969230755 ], [ -99.499316523076928, 20.637883938461563 ], [ -99.499219769230706, 20.637649292307671 ], [ -99.499094230769202, 20.637414723076898 ], [ -99.49883438461535, 20.637207646153804 ], [ -99.498727569230738, 20.636828461538467 ], [ -99.498803769230719, 20.636647523076942 ], [ -99.4989486, 20.636909138461576 ], [ -99.49915046153842, 20.636998923076931 ], [ -99.499409953846126, 20.637097553846161 ], [ -99.499650153846133, 20.637169153846148 ], [ -99.499852184615364, 20.637313138461565 ], [ -99.499872307692286, 20.637593184615355 ], [ -99.500017107692287, 20.637845769230747 ], [ -99.500113923076896, 20.638098492307705 ], [ -99.500344799999951, 20.638251430769262 ], [ -99.500565830769219, 20.638332107692335 ], [ -99.500470169230738, 20.638431784615378 ], [ -99.500509507692271, 20.638720815384637 ], [ -99.500587030769168, 20.63894649230765 ], [ -99.501115553846162, 20.639125661538454 ], [ -99.501336538461516, 20.639188276923072 ], [ -99.501403984615379, 20.639269399999979 ], [ -99.501423815384584, 20.639459092307696 ], [ -99.501625599999954, 20.6395217538462 ], [ -99.502028707692261, 20.639511553846173 ], [ -99.502441923076887, 20.639654923076939 ], [ -99.50262370769228, 20.639473676923107 ], [ -99.502709276923071, 20.639220430769207 ], [ -99.5025068, 20.638949938461533 ], [ -99.502515492307651, 20.638669815384592 ], [ -99.502715784615319, 20.638280692307692 ], [ -99.50290715384611, 20.638099415384652 ], [ -99.503088969230745, 20.637927215384657 ], [ -99.503328338461486, 20.6377458 ], [ -99.50352907692303, 20.637492215384601 ], [ -99.503605061538451, 20.637248015384575 ], [ -99.503479507692276, 20.637013461538444 ], [ -99.503334738461518, 20.636769907692322 ], [ -99.503362599999974, 20.636489723076924 ], [ -99.503458092307682, 20.63633583076922 ], [ -99.503620753846107, 20.636181753846106 ], [ -99.503908599999946, 20.636144769230757 ], [ -99.504235030769223, 20.636170923076911 ], [ -99.504369523076875, 20.636206676923088 ], [ -99.504590446153784, 20.63625121538465 ], [ -99.504859199999984, 20.636250430769245 ], [ -99.505051292307641, 20.636286 ], [ -99.505146769230791, 20.636132123076937 ], [ -99.505136430769184, 20.635906261538462 ], [ -99.505203076923038, 20.635743415384606 ], [ -99.505394815384605, 20.635670569230747 ], [ -99.505596584615347, 20.635733230769205 ], [ -99.505893876923039, 20.635651030769271 ], [ -99.506152523076878, 20.635496676923051 ], [ -99.506372538461505, 20.635270138461507 ], [ -99.506420738461514, 20.635333246153852 ], [ -99.506268569230741, 20.635758369230743 ], [ -99.506048230769224, 20.635885507692318 ], [ -99.505837323076904, 20.635967461538495 ], [ -99.505722599999984, 20.636103323076945 ], [ -99.5056368, 20.636284292307668 ], [ -99.505599430769209, 20.636591615384642 ], [ -99.505081907692272, 20.636837092307715 ], [ -99.504822799999957, 20.636855923076954 ], [ -99.504573092307666, 20.636811476923093 ], [ -99.504478123076893, 20.637118969230784 ], [ -99.504507507692296, 20.637299599999988 ], [ -99.504603830769184, 20.637398707692327 ], [ -99.504719599999987, 20.637579092307703 ], [ -99.504931707692293, 20.637858584615362 ], [ -99.504826292307655, 20.637913107692341 ], [ -99.504625923076944, 20.638275123076959 ], [ -99.504560030769184, 20.63867289230771 ], [ -99.504454784615376, 20.638772584615413 ], [ -99.504320661538415, 20.63885429230767 ], [ -99.504168569230771, 20.639306538461504 ], [ -99.504187953846113, 20.63936069230769 ], [ -99.504179507692285, 20.639713107692323 ], [ -99.50418043076921, 20.63999321538461 ], [ -99.50420106153841, 20.640426876923122 ], [ -99.504105846153792, 20.640662076923086 ], [ -99.503847276923054, 20.640843553846192 ], [ -99.504002076923044, 20.641213569230807 ], [ -99.5038876, 20.641430753846144 ], [ -99.503820984615345, 20.641602630769214 ], [ -99.503619784615339, 20.641720676923065 ], [ -99.503437769230729, 20.641829646153891 ], [ -99.502958415384583, 20.642011753846148 ], [ -99.502536338461525, 20.642094307692325 ], [ -99.502373476923054, 20.642194169230777 ], [ -99.501865630769203, 20.642466723076947 ], [ -99.50153013846149, 20.642612276923106 ], [ -99.501386323076886, 20.642666907692341 ], [ -99.501203923076901, 20.642658399999988 ], [ -99.500877492307708, 20.642641276923079 ], [ -99.500638030769196, 20.642795569230788 ], [ -99.500369399999983, 20.642841538461536 ], [ -99.500052784615349, 20.642887630769248 ], [ -99.49980333846149, 20.642924492307689 ], [ -99.49962130769228, 20.643033446153893 ], [ -99.499257015384572, 20.643179076923094 ], [ -99.498910953846163, 20.643026461538433 ], [ -99.498690261538414, 20.643054215384602 ], [ -99.498460030769181, 20.643100061538473 ], [ -99.498172415384602, 20.643209323076938 ], [ -99.497923, 20.643255215384574 ], [ -99.497596569230751, 20.64323807692308 ], [ -99.497097476923088, 20.6432576 ], [ -99.496329738461512, 20.64331401538465 ], [ -99.496060523076878, 20.643179246153821 ], [ -99.495916138461538, 20.643053169230804 ], [ -99.49552266153843, 20.643081399999971 ], [ -99.495273353846102, 20.643163446153842 ], [ -99.495120030769201, 20.6432452 ], [ -99.495072676923044, 20.643444123076907 ], [ -99.495073061538449, 20.643561584615405 ], [ -99.49490050769225, 20.643634369230774 ], [ -99.49494909230765, 20.643814953846171 ], [ -99.495065015384611, 20.64404050769231 ], [ -99.494970138461525, 20.644384138461568 ], [ -99.49483703076919, 20.644782092307658 ], [ -99.494818646153817, 20.645035153846148 ], [ -99.495116630769203, 20.645160800000038 ], [ -99.495519830769211, 20.645168676923092 ], [ -99.495702030769209, 20.645113938461542 ], [ -99.49592343076921, 20.645303046153835 ], [ -99.496106107692313, 20.645392892307694 ], [ -99.496615476923012, 20.645581169230773 ], [ -99.496999907692285, 20.645724630769223 ], [ -99.497384984615337, 20.646066892307658 ], [ -99.497750984615351, 20.646445338461568 ], [ -99.4979534, 20.646697753846137 ], [ -99.498174584615356, 20.646823615384587 ], [ -99.498510246153799, 20.646723246153858 ], [ -99.498731815384573, 20.646966584615363 ], [ -99.498646307692269, 20.6472378923077 ], [ -99.498791830769193, 20.64770733846153 ], [ -99.499186876923062, 20.648157984615377 ], [ -99.499619230769184, 20.64827420000001 ], [ -99.500003584615342, 20.648390553846127 ], [ -99.500512430769234, 20.648416184615414 ], [ -99.500810430769207, 20.648541815384618 ], [ -99.501137246153817, 20.6486764 ], [ -99.501396538461506, 20.648711800000022 ], [ -99.501683846153838, 20.648503138461532 ], [ -99.501751061538442, 20.648511984615364 ], [ -99.501770984615362, 20.6487287846154 ], [ -99.501676, 20.649036276923042 ], [ -99.50159043076917, 20.649289523076927 ], [ -99.501697415384584, 20.649713892307734 ], [ -99.501621507692263, 20.649985184615392 ], [ -99.501795046153831, 20.650210569230779 ], [ -99.501575169230733, 20.650491323076928 ], [ -99.501153569230738, 20.650727476923041 ], [ -99.500799338461491, 20.651017646153825 ], [ -99.500588384615327, 20.651090538461524 ], [ -99.500338830769195, 20.651100307692271 ], [ -99.500155661538429, 20.650865907692303 ], [ -99.499741938461497, 20.650577953846142 ], [ -99.499607615384576, 20.650596415384626 ], [ -99.499473461538429, 20.650669092307723 ], [ -99.499426076923044, 20.650858984615351 ], [ -99.499369399999964, 20.651139261538461 ], [ -99.499331323076916, 20.651238753846204 ], [ -99.499428030769209, 20.651455338461528 ], [ -99.499707507692293, 20.651788846153831 ], [ -99.499966984615369, 20.651878461538463 ], [ -99.500149784615374, 20.65200443076926 ], [ -99.500342338461465, 20.65217555384616 ], [ -99.499910723076894, 20.652285230769269 ], [ -99.499873923076919, 20.652773261538464 ], [ -99.500364261538436, 20.653006769230789 ], [ -99.500537353846113, 20.653096630769245 ], [ -99.50034595384615, 20.65327790769231 ], [ -99.500346692307659, 20.653503800000038 ], [ -99.500491276923043, 20.653684092307721 ], [ -99.500290276923039, 20.653865384615415 ], [ -99.499858969230743, 20.654074461538482 ], [ -99.499532492307679, 20.654048292307696 ], [ -99.499234815384582, 20.654022046153862 ], [ -99.498966553846131, 20.654185476923079 ], [ -99.499110784615368, 20.654257338461548 ], [ -99.499351523076882, 20.654482538461505 ], [ -99.499284938461543, 20.654672476923089 ], [ -99.499065030769202, 20.654944184615342 ], [ -99.4988070153846, 20.655306369230754 ], [ -99.498615399999977, 20.655424384615394 ], [ -99.498673292307657, 20.655514569230753 ], [ -99.499114969230718, 20.6555404 ], [ -99.49925929230767, 20.655639384615405 ], [ -99.499547323076882, 20.655647584615402 ], [ -99.499816107692283, 20.6556468 ], [ -99.500027723076911, 20.655772692307707 ], [ -99.500383092307686, 20.655825876923092 ], [ -99.500556, 20.655861523076904 ], [ -99.500795676923076, 20.65576143076925 ], [ -99.501006630769183, 20.655688523076911 ], [ -99.501160169230744, 20.655670015384626 ], [ -99.501746430769202, 20.655876138461473 ], [ -99.501938307692285, 20.655839430769198 ], [ -99.502206246153818, 20.655576615384632 ], [ -99.502369353846106, 20.655549030769251 ], [ -99.502648369230741, 20.655737969230746 ], [ -99.503253538461507, 20.655853676923055 ], [ -99.503504553846113, 20.656286661538477 ], [ -99.50378324615383, 20.656376199999979 ], [ -99.503907369230731, 20.656168015384644 ], [ -99.504031738461521, 20.656041153846164 ], [ -99.504376892307633, 20.655904600000031 ], [ -99.504625615384597, 20.655641846153859 ], [ -99.504183646153834, 20.655525661538473 ], [ -99.50433604615381, 20.6551638 ], [ -99.50440235384616, 20.654892523076903 ], [ -99.504892738461507, 20.655135061538402 ], [ -99.505037, 20.655215953846145 ], [ -99.505382153846114, 20.655079415384602 ], [ -99.505564569230742, 20.655087907692302 ], [ -99.50574741538459, 20.655222907692266 ], [ -99.506063599999976, 20.655041276923082 ], [ -99.50635118461534, 20.654913923076904 ], [ -99.506628842227741, 20.654870540692762 ], [ -99.506772258410265, 20.655238919574 ], [ -99.506874889099706, 20.655782840279862 ], [ -99.506875844112344, 20.656336358012759 ], [ -99.506834093112275, 20.656795623012744 ], [ -99.506671639670756, 20.657533025473462 ], [ -99.506567261670824, 20.657825284473486 ], [ -99.506450616036673, 20.658106079540389 ], [ -99.506241859036635, 20.65854446854042 ], [ -99.505867101254253, 20.659139678142356 ], [ -99.505433116745849, 20.659676991965565 ], [ -99.505127708925485, 20.660058751741055 ], [ -99.505117715784763, 20.660078358154113 ], [ -99.504999802433488, 20.660288406563993 ], [ -99.504903908622239, 20.660444224283363 ], [ -99.504843950190491, 20.660547811266159 ], [ -99.504781445373496, 20.66065095804343 ], [ -99.504584103373531, 20.660962318043438 ], [ -99.504452739010219, 20.66115290011653 ], [ -99.5042573096583, 20.661414244044636 ], [ -99.503877751016361, 20.662021538162641 ], [ -99.503695815384603, 20.661888261538429 ], [ -99.503013338461528, 20.661628215384642 ], [ -99.502389461538399, 20.661666169230763 ], [ -99.502217276923034, 20.661856430769241 ], [ -99.501807353846104, 20.662734092307737 ], [ -99.501531676923022, 20.663566169230737 ], [ -99.501445123076877, 20.663521246153838 ], [ -99.501320076923022, 20.663449323076911 ], [ -99.501137384615348, 20.663359492307631 ], [ -99.50103176923075, 20.663359800000016 ], [ -99.500935892307638, 20.663396230769223 ], [ -99.500932815384587, 20.662456523076884 ], [ -99.500882138461492, 20.661643446153882 ], [ -99.500612476923052, 20.6613822 ], [ -99.500074261538415, 20.661194 ], [ -99.4997957076923, 20.661149630769287 ], [ -99.498575230769191, 20.660764630769236 ], [ -99.4983352, 20.66075629230771 ], [ -99.498056753846129, 20.660748046153845 ], [ -99.497778323076901, 20.660739815384595 ], [ -99.49724961538459, 20.660524492307701 ], [ -99.496865261538431, 20.660417169230804 ], [ -99.496557799999962, 20.660336723076892 ], [ -99.496183538461523, 20.660382984615417 ], [ -99.495818861538424, 20.660420169230797 ], [ -99.49543506153843, 20.660484523076928 ], [ -99.495176092307659, 20.660557553846125 ], [ -99.494782661538451, 20.660612907692297 ], [ -99.49437969230766, 20.660686338461556 ], [ -99.493938092307673, 20.66068761538461 ], [ -99.493391092307675, 20.660752430769239 ], [ -99.493016953846109, 20.660834815384614 ], [ -99.492604461538448, 20.660935384615406 ], [ -99.492220753846112, 20.661026846153842 ], [ -99.491894461538465, 20.661063907692331 ], [ -99.491327599999963, 20.660920953846173 ], [ -99.490828415384584, 20.660931415384628 ], [ -99.490358046153801, 20.660941784615432 ], [ -99.490099876923054, 20.6612678 ], [ -99.489841230769201, 20.661440215384644 ], [ -99.489677769230752, 20.66135936923078 ], [ -99.489513815384583, 20.661124892307644 ], [ -99.489378969230742, 20.660989738461542 ], [ -99.488466969230728, 20.66099232307695 ], [ -99.488083215384592, 20.661074738461561 ], [ -99.487632353846124, 20.661184446153843 ], [ -99.487460107692286, 20.661356599999962 ], [ -99.487586846153803, 20.661961646153852 ], [ -99.487770538461533, 20.662367738461544 ], [ -99.487953723076885, 20.662611184615379 ], [ -99.488366969230754, 20.662745553846154 ], [ -99.488185538461508, 20.663053276923073 ], [ -99.488089938461513, 20.663180046153855 ], [ -99.487994723076895, 20.663424276923067 ], [ -99.487822430769214, 20.66358741538464 ], [ -99.487756092307663, 20.663858676923088 ], [ -99.487544753846123, 20.663814092307707 ], [ -99.487294738461514, 20.663688307692304 ], [ -99.486910123076882, 20.66349963076923 ], [ -99.486602246153851, 20.663292676923056 ], [ -99.486341492307687, 20.662805492307651 ], [ -99.486120199999974, 20.662652507692322 ], [ -99.48572653846152, 20.662635538461561 ], [ -99.484930230769223, 20.662800415384623 ], [ -99.484670738461517, 20.6627108 ], [ -99.483979061538406, 20.662568169230784 ], [ -99.483335415384587, 20.662434430769238 ], [ -99.482816630769179, 20.662318415384654 ], [ -99.482509430769184, 20.662319276923096 ], [ -99.482269261538406, 20.662265738461528 ], [ -99.482220738461479, 20.662103230769251 ], [ -99.482306492307643, 20.661895169230743 ], [ -99.482209830769179, 20.661687615384643 ], [ -99.482064738461517, 20.661344661538511 ], [ -99.481976938461514, 20.660902153846159 ], [ -99.482014430769212, 20.660612907692329 ], [ -99.4819842153846, 20.6601612 ], [ -99.481964046153834, 20.659854046153853 ], [ -99.481626784615344, 20.659457415384605 ], [ -99.481068338461512, 20.658934892307716 ], [ -99.480942738461493, 20.658682246153866 ], [ -99.481048276923062, 20.658663876923089 ], [ -99.481364969230754, 20.658626846153847 ], [ -99.481624169230741, 20.658626123076928 ], [ -99.482085107692299, 20.658670015384661 ], [ -99.482478876923068, 20.658723138461504 ], [ -99.482997538461504, 20.658803 ], [ -99.483410507692298, 20.658856061538469 ], [ -99.483611938461493, 20.658801276923054 ], [ -99.483745938461524, 20.65867440000002 ], [ -99.483783846153827, 20.658520692307658 ], [ -99.484099876923054, 20.658275830769245 ], [ -99.484147446153813, 20.658140169230776 ], [ -99.484348553846175, 20.657986 ], [ -99.484454553846149, 20.658112200000026 ], [ -99.484647123076911, 20.658292369230743 ], [ -99.484780953846112, 20.658111276923083 ], [ -99.484895230769212, 20.65782181538464 ], [ -99.484923169230726, 20.657550661538497 ], [ -99.485028630769193, 20.657505184615378 ], [ -99.485317061538453, 20.65763990769231 ], [ -99.485528276923048, 20.657648353846174 ], [ -99.486055984615362, 20.657556507692348 ], [ -99.48650686153843, 20.657455846153841 ], [ -99.486611923076893, 20.657283876923092 ], [ -99.486745046153771, 20.656885923076921 ], [ -99.486888307692283, 20.656650584615374 ], [ -99.487358430769177, 20.656567938461535 ], [ -99.487733153846136, 20.656666276923087 ], [ -99.48794495384611, 20.656855430769252 ], [ -99.488070384615341, 20.657053861538458 ], [ -99.488195123076892, 20.657035430769252 ], [ -99.488396307692284, 20.656908369230752 ], [ -99.488540076923016, 20.656835676923077 ], [ -99.488972246153807, 20.656888661538463 ], [ -99.48935618461536, 20.656869507692313 ], [ -99.489759492307641, 20.656904507692278 ], [ -99.490239430769194, 20.656885061538468 ], [ -99.490354107692283, 20.656722092307657 ], [ -99.490161215384589, 20.656442538461569 ], [ -99.489805492307681, 20.656280907692327 ], [ -99.489613123076893, 20.656163984615389 ], [ -99.489217599999975, 20.655559707692284 ], [ -99.488832876923084, 20.655334907692318 ], [ -99.488487492307641, 20.655399138461547 ], [ -99.488170876923036, 20.655454246153891 ], [ -99.487690738461524, 20.655410430769244 ], [ -99.487383, 20.655239615384616 ], [ -99.487133261538418, 20.655195138461536 ], [ -99.486902230769218, 20.654997 ], [ -99.486882353846099, 20.654780199999966 ], [ -99.486939307692282, 20.654581261538489 ], [ -99.487139784615366, 20.654228292307668 ], [ -99.486984692307644, 20.653758876923078 ], [ -99.486810630769227, 20.653361784615399 ], [ -99.486156676923017, 20.652993169230747 ], [ -99.485753184615348, 20.652894907692342 ], [ -99.485436276923053, 20.652859661538486 ], [ -99.48511, 20.652896723076879 ], [ -99.484688369230724, 20.653132830769223 ], [ -99.484400661538416, 20.653224 ], [ -99.484285353846118, 20.653188184615377 ], [ -99.484227415384595, 20.653079907692316 ], [ -99.484293461538414, 20.652718292307725 ], [ -99.48404290769227, 20.652411784615406 ], [ -99.48389783076918, 20.652068830769231 ], [ -99.483897, 20.651806799999974 ], [ -99.483589753846147, 20.651789584615379 ], [ -99.483454784615361, 20.651609246153839 ], [ -99.483252707692273, 20.651456200000041 ], [ -99.483261769230751, 20.651284507692274 ], [ -99.483443107692267, 20.65094967692308 ], [ -99.48363469230766, 20.650822630769216 ], [ -99.483759661538443, 20.650876492307738 ], [ -99.484038753846121, 20.651101615384654 ], [ -99.484202261538442, 20.65120053846157 ], [ -99.484355507692257, 20.651091692307713 ], [ -99.484527476923091, 20.650829169230771 ], [ -99.484622523076879, 20.650530723076947 ], [ -99.484486553846125, 20.650034138461571 ], [ -99.484226507692284, 20.649763784615395 ], [ -99.484139538461491, 20.649583323076946 ], [ -99.484158261538454, 20.649429661538466 ], [ -99.484157369230758, 20.649149553846122 ], [ -99.4841754, 20.648779030769283 ], [ -99.484097569230769, 20.648453969230783 ], [ -99.483452553846121, 20.647868446153783 ], [ -99.482306476923029, 20.646678923076941 ], [ -99.481835046153847, 20.646336892307701 ], [ -99.481249199999951, 20.646248169230777 ], [ -99.480692507692268, 20.646267784615354 ], [ -99.48006747692304, 20.64592616923078 ], [ -99.47950024615379, 20.645647630769233 ], [ -99.478913769230758, 20.645351076923081 ], [ -99.478423307692282, 20.645063292307722 ], [ -99.477990553846112, 20.644811492307685 ], [ -99.477922292307639, 20.644468323076932 ], [ -99.478065799999953, 20.644314307692341 ], [ -99.478391461538436, 20.644087523076927 ], [ -99.478285307692275, 20.643907092307646 ], [ -99.477813799999936, 20.643537938461563 ], [ -99.477688276923089, 20.643303353846118 ], [ -99.477783538461495, 20.643068153846126 ], [ -99.477975123076902, 20.642941123076916 ], [ -99.478080076923064, 20.64274204615382 ], [ -99.478021923076909, 20.642561492307696 ], [ -99.477982876923051, 20.642353784615366 ], [ -99.478260369230711, 20.642072892307638 ], [ -99.478336538461519, 20.641873907692336 ], [ -99.477818969230725, 20.642119307692319 ], [ -99.477521769230748, 20.64223758461538 ], [ -99.47713850769226, 20.642464538461532 ], [ -99.477139276923083, 20.64270850769233 ], [ -99.477101553846126, 20.642925476923054 ], [ -99.476939292307648, 20.643224092307687 ], [ -99.47661307692303, 20.643270184615385 ], [ -99.476295292307682, 20.642945769230781 ], [ -99.475958123076879, 20.642558153846153 ], [ -99.475448984615383, 20.64243306153848 ], [ -99.475122923076896, 20.642533353846176 ], [ -99.475286969230723, 20.642813015384608 ], [ -99.475672907692285, 20.64344444615384 ], [ -99.47556750769229, 20.643508 ], [ -99.475384707692299, 20.643372953846143 ], [ -99.475029092307636, 20.643229369230767 ], [ -99.474780215384584, 20.643455938461528 ], [ -99.474771430769223, 20.643718 ], [ -99.474530876923055, 20.643528923076882 ], [ -99.474463476923063, 20.643465846153841 ], [ -99.474223276923041, 20.643394230769214 ], [ -99.474050799999958, 20.643494092307701 ], [ -99.473936738461489, 20.64385583076924 ], [ -99.473505707692297, 20.644155200000021 ], [ -99.473237938461551, 20.644481230769266 ], [ -99.473162938461485, 20.645059723076901 ], [ -99.473019230769211, 20.645150476923028 ], [ -99.472769169230759, 20.644997553846189 ], [ -99.472605599999966, 20.644871492307704 ], [ -99.47240409230767, 20.644899153846183 ], [ -99.472184123076886, 20.6451618 ], [ -99.472060599999935, 20.645568738461524 ], [ -99.471974569230767, 20.645686446153849 ], [ -99.471887276923042, 20.64539753846157 ], [ -99.471790707692278, 20.645208046153865 ], [ -99.471703369230752, 20.644901076923048 ], [ -99.471816938461487, 20.644376676923084 ], [ -99.471864646153847, 20.6442862 ], [ -99.471960507692259, 20.644240753846187 ], [ -99.472008030769189, 20.644087015384642 ], [ -99.471920661538434, 20.643771 ], [ -99.471967507692256, 20.64340040000004 ], [ -99.472234892307668, 20.642947892307685 ], [ -99.472234, 20.64265873846151 ], [ -99.472281399999943, 20.642468861538482 ], [ -99.472452923076915, 20.642061784615422 ], [ -99.472096153846095, 20.641538676923069 ], [ -99.47145266153845, 20.641422969230739 ], [ -99.471117292307667, 20.641613646153832 ], [ -99.470761123076869, 20.641289323076933 ], [ -99.470396261538426, 20.641254169230798 ], [ -99.470109369230741, 20.641607353846158 ], [ -99.469659061538422, 20.641879646153878 ], [ -99.469171138461533, 20.642414092307671 ], [ -99.469037276923046, 20.642586138461517 ], [ -99.46838421538456, 20.642479476923111 ], [ -99.467808092307664, 20.642417784615347 ], [ -99.46735627692307, 20.642202153846139 ], [ -99.467816338461503, 20.641975015384627 ], [ -99.468161461538401, 20.641829507692325 ], [ -99.468343061538434, 20.64157601538464 ], [ -99.468544076923067, 20.641394753846171 ], [ -99.46899461538456, 20.641194738461511 ], [ -99.469147461538412, 20.64095035384614 ], [ -99.469136861538431, 20.640625092307687 ], [ -99.469232184615365, 20.640407984615393 ], [ -99.469586153846151, 20.640018476923093 ], [ -99.470113, 20.63966464615385 ], [ -99.470610723076902, 20.639202461538456 ], [ -99.471099984615364, 20.639110769230783 ], [ -99.471165646153807, 20.638613630769228 ], [ -99.471116707692289, 20.638306538461517 ], [ -99.471029399999978, 20.6380086 ], [ -99.471298153846121, 20.638007861538483 ], [ -99.471595892307676, 20.638061261538461 ], [ -99.471768415384545, 20.637979476923096 ], [ -99.471941076923045, 20.637942861538502 ], [ -99.472056676923032, 20.638078076923041 ], [ -99.472153307692295, 20.63828564615384 ], [ -99.472460938461495, 20.638438399999977 ], [ -99.472845507692298, 20.638636138461539 ], [ -99.473268015384619, 20.6386892 ], [ -99.473305969230736, 20.638544523076948 ], [ -99.473795661538418, 20.638597400000027 ], [ -99.474131953846097, 20.638704892307661 ], [ -99.474449184615338, 20.638857630769252 ], [ -99.474689292307644, 20.638902153846182 ], [ -99.474948123076899, 20.638793015384625 ], [ -99.475139492307662, 20.638593707692273 ], [ -99.475158015384594, 20.638376784615389 ], [ -99.475311676923042, 20.638403476923084 ], [ -99.475724215384574, 20.638339092307671 ], [ -99.476011923076911, 20.63825696923081 ], [ -99.476337953846155, 20.638147646153865 ], [ -99.476201538461495, 20.637497446153855 ], [ -99.475930846153815, 20.636874723076915 ], [ -99.475786276923031, 20.636685369230765 ], [ -99.475920646153824, 20.636685 ], [ -99.476342876923027, 20.636647692307676 ], [ -99.476813261538425, 20.636664461538459 ], [ -99.477216492307676, 20.636690461538407 ], [ -99.477370769230745, 20.636915923076902 ], [ -99.477688030769201, 20.637077692307674 ], [ -99.477976646153792, 20.637284723076938 ], [ -99.478264661538446, 20.63730198461538 ], [ -99.478561907692267, 20.637201769230767 ], [ -99.478839707692273, 20.637020292307678 ], [ -99.479088476923053, 20.6367666 ], [ -99.479116784615343, 20.636612907692289 ], [ -99.479135338461518, 20.636405030769225 ], [ -99.478866369230758, 20.63634252307693 ], [ -99.478673861538411, 20.636171384615377 ], [ -99.478365523076889, 20.635792738461493 ], [ -99.478268799999967, 20.63555807692309 ], [ -99.477845369230749, 20.635206846153896 ], [ -99.477595584615372, 20.635135246153887 ], [ -99.477337015384592, 20.635325723076935 ], [ -99.476597569230734, 20.635210292307693 ], [ -99.475905707692291, 20.634968230769246 ], [ -99.475425123076874, 20.634752707692297 ], [ -99.475107323076898, 20.634419246153875 ], [ -99.474713169230725, 20.634221553846182 ], [ -99.474261661538435, 20.634096292307699 ], [ -99.47411712307688, 20.633915969230806 ], [ -99.473915138461493, 20.633780984615417 ], [ -99.473666046153824, 20.633935276923083 ], [ -99.473224430769221, 20.6339093846154 ], [ -99.472860092307684, 20.634036876923084 ], [ -99.472619507692315, 20.633838753846145 ], [ -99.472216261538435, 20.633803707692334 ], [ -99.472168492307631, 20.633876123076945 ], [ -99.471929569230753, 20.634211107692302 ], [ -99.471574569230754, 20.63425724615383 ], [ -99.471304938461543, 20.63397787692308 ], [ -99.471075107692286, 20.634150184615422 ], [ -99.470882476923066, 20.633933846153845 ], [ -99.470824215384553, 20.633717153846156 ], [ -99.470669676923038, 20.633401323076917 ], [ -99.470706861538446, 20.633012676923087 ], [ -99.470687138461514, 20.632841046153843 ], [ -99.470438030769202, 20.63298630769232 ], [ -99.470198461538445, 20.633113461538464 ], [ -99.470016707692267, 20.633312738461523 ], [ -99.469786892307681, 20.633494076923064 ], [ -99.469557384615356, 20.633774815384648 ], [ -99.469462153846138, 20.634019046153895 ], [ -99.469116523076877, 20.633992876923067 ], [ -99.468800030769202, 20.634075061538454 ], [ -99.468703599999969, 20.633930738461558 ], [ -99.468818123076872, 20.633713569230814 ], [ -99.468855676923056, 20.633442399999989 ], [ -99.468682169230718, 20.633198907692325 ], [ -99.468095753846114, 20.632902307692316 ], [ -99.467701, 20.632505799999954 ], [ -99.467373938461506, 20.63227175384618 ], [ -99.46703838461535, 20.632399169230812 ], [ -99.466673676923065, 20.632409184615437 ], [ -99.466145353846159, 20.632275076923065 ], [ -99.465530569230722, 20.632114092307717 ], [ -99.465031184615327, 20.6320250769231 ], [ -99.46477281538462, 20.632287815384583 ], [ -99.464476553846112, 20.632713292307674 ], [ -99.46420758461538, 20.632641723076929 ], [ -99.464283461538429, 20.632343338461535 ], [ -99.464292353846119, 20.632108384615396 ], [ -99.463898323076876, 20.6319468 ], [ -99.463849923076907, 20.631811399999961 ], [ -99.463801353846108, 20.631621769230748 ], [ -99.463580076923051, 20.631450692307659 ], [ -99.463637199999951, 20.631296923076892 ], [ -99.463530830769187, 20.631035169230735 ], [ -99.463041446153824, 20.63108166153847 ], [ -99.462810415384595, 20.630856384615353 ], [ -99.462570292307674, 20.630802815384595 ], [ -99.46232150769228, 20.631056492307696 ], [ -99.46209106153843, 20.63103 ], [ -99.461697123076917, 20.630895507692326 ], [ -99.461438276923047, 20.6309956 ], [ -99.4612567230769, 20.631267153846171 ], [ -99.460930738461499, 20.631385492307732 ], [ -99.460508876923072, 20.631540230769254 ], [ -99.460077276923073, 20.631649800000012 ], [ -99.459800061538402, 20.632030046153854 ], [ -99.459560215384599, 20.632066830769222 ], [ -99.459091, 20.632438538461557 ], [ -99.459197584615339, 20.632772584615388 ], [ -99.459361246153819, 20.632934800000022 ], [ -99.459563769230755, 20.633250507692303 ], [ -99.459651107692267, 20.633566538461551 ], [ -99.459642261538463, 20.633819553846184 ], [ -99.459450076923062, 20.633747784615405 ], [ -99.459152030769189, 20.633585938461557 ], [ -99.45887456923073, 20.63388484615388 ], [ -99.458895092307685, 20.634327553846159 ], [ -99.458617123076877, 20.634454784615421 ], [ -99.457802553846093, 20.634890676923067 ], [ -99.457342199999971, 20.635018400000028 ], [ -99.457130569230756, 20.634865338461559 ], [ -99.457388415384585, 20.634421907692321 ], [ -99.457444846153848, 20.634033215384619 ], [ -99.45698338461537, 20.633790476923078 ], [ -99.456829353846118, 20.633637276923064 ], [ -99.456732584615324, 20.633375492307703 ], [ -99.456578384615369, 20.633168076923056 ], [ -99.456155923076906, 20.633124015384645 ], [ -99.456126676923034, 20.632970476923088 ], [ -99.456116046153795, 20.632627138461554 ], [ -99.456201599999929, 20.632346800000011 ], [ -99.455720369230718, 20.631905323076879 ], [ -99.455277446153829, 20.631436630769247 ], [ -99.454903215384576, 20.631473753846144 ], [ -99.454510138461515, 20.631628400000015 ], [ -99.4542316, 20.631565876923059 ], [ -99.45428804615382, 20.6311772 ], [ -99.454430861538441, 20.630788276923056 ], [ -99.454449169230713, 20.630490046153831 ], [ -99.454189107692272, 20.630183507692351 ], [ -99.453785953846136, 20.630175538461565 ], [ -99.453689353846144, 20.629967969230766 ], [ -99.453803630769187, 20.629660446153849 ], [ -99.453946507692308, 20.629289599999986 ], [ -99.453581953846125, 20.629353815384615 ], [ -99.453150876923061, 20.629635061538451 ], [ -99.452900784615366, 20.629455 ], [ -99.452488399999964, 20.629573538461496 ], [ -99.451884169230752, 20.629728738461576 ], [ -99.451807676923067, 20.629828323076936 ], [ -99.451481292307633, 20.629811107692273 ], [ -99.451252138461498, 20.630218323076924 ], [ -99.451099307692246, 20.630471723076944 ], [ -99.45056081538462, 20.630138800000026 ], [ -99.450022123076906, 20.6297336 ], [ -99.44953218461535, 20.629590292307679 ], [ -99.449138907692301, 20.629672646153864 ], [ -99.448812092307676, 20.629510846153881 ], [ -99.448484876923047, 20.629213507692306 ], [ -99.447936323076888, 20.628717969230742 ], [ -99.447676015384616, 20.628321061538475 ], [ -99.447559123076914, 20.627734030769272 ], [ -99.447548753846107, 20.627472030769237 ], [ -99.447384830769209, 20.627210415384631 ], [ -99.447193415384561, 20.627400661538456 ], [ -99.447136876923096, 20.627762246153843 ], [ -99.447137984615367, 20.628141738461526 ], [ -99.446859861538456, 20.628214753846191 ], [ -99.446426569230724, 20.627746 ], [ -99.446358246153835, 20.627357646153879 ], [ -99.446137753846116, 20.627448569230772 ], [ -99.445879169230722, 20.627638984615391 ], [ -99.445591646153829, 20.627784307692334 ], [ -99.445581492307653, 20.627594569230752 ], [ -99.445600030769228, 20.62736863076919 ], [ -99.445398, 20.627206507692335 ], [ -99.445819523076906, 20.62693435384611 ], [ -99.446029923076864, 20.626671769230743 ], [ -99.4458758, 20.626482415384604 ], [ -99.445980830769216, 20.62629238461539 ], [ -99.446172630769183, 20.626237676923086 ], [ -99.446133569230739, 20.626011876923091 ], [ -99.446046615384589, 20.625813323076915 ], [ -99.445903138461517, 20.625985369230762 ], [ -99.445682338461523, 20.625967861538467 ], [ -99.445442676923065, 20.626067876923109 ], [ -99.445222076923031, 20.626122661538464 ], [ -99.445125846153815, 20.626032553846095 ], [ -99.44505804615379, 20.62582490769227 ], [ -99.444961153846108, 20.625508892307717 ], [ -99.444854599999985, 20.625174846153801 ], [ -99.444653046153817, 20.625175369230796 ], [ -99.444605476923073, 20.625320061538453 ], [ -99.444577338461528, 20.625546030769229 ], [ -99.444395553846121, 20.625745292307684 ], [ -99.444194153846098, 20.625800015384598 ], [ -99.444145353846125, 20.62552003076922 ], [ -99.443962969230753, 20.625511461538462 ], [ -99.443981630769201, 20.625330707692321 ], [ -99.443913569230759, 20.625023661538446 ], [ -99.444066476923041, 20.624797369230805 ], [ -99.444046676923065, 20.624589600000039 ], [ -99.44390270769226, 20.624589969230811 ], [ -99.443538123076905, 20.624636076923057 ], [ -99.443001, 20.624763953846188 ], [ -99.442415446153831, 20.624738353846119 ], [ -99.442080646153812, 20.625127753846147 ], [ -99.442014661538451, 20.625543569230793 ], [ -99.442322753846113, 20.625877107692347 ], [ -99.442390723076898, 20.626148 ], [ -99.442228369230733, 20.626428538461546 ], [ -99.441816076923061, 20.626574169230786 ], [ -99.441730523076885, 20.626863523076938 ], [ -99.441885446153819, 20.627333 ], [ -99.44210724615381, 20.627693861538468 ], [ -99.441914984615366, 20.627585923076939 ], [ -99.441443861538446, 20.627307015384631 ], [ -99.440693830769206, 20.626830030769266 ], [ -99.440587553846115, 20.626586338461529 ], [ -99.440548353846154, 20.626306323076943 ], [ -99.440575846153834, 20.625854461538449 ], [ -99.440613338461517, 20.62553810769235 ], [ -99.440363261538437, 20.625358030769224 ], [ -99.440141769230749, 20.625096553846166 ], [ -99.440207461538407, 20.624581353846178 ], [ -99.440322169230754, 20.624418415384596 ], [ -99.440543107692278, 20.624481092307711 ], [ -99.440715969230737, 20.624516799999959 ], [ -99.440821415384605, 20.624471353846182 ], [ -99.440839938461536, 20.624236369230804 ], [ -99.4409353230769, 20.624028307692296 ], [ -99.441126784615349, 20.623856138461537 ], [ -99.441194723076904, 20.624118 ], [ -99.441300738461507, 20.624271338461536 ], [ -99.441569553846108, 20.624297753846182 ], [ -99.441770799999986, 20.624188815384638 ], [ -99.44200047692307, 20.623953292307693 ], [ -99.44247046153842, 20.623843661538469 ], [ -99.442738646153813, 20.623653230769218 ], [ -99.442977646153807, 20.623327323076925 ], [ -99.443111569230723, 20.62317336923077 ], [ -99.443302692307654, 20.622883738461589 ], [ -99.443446692307688, 20.6228924 ], [ -99.443734415384554, 20.622819369230793 ], [ -99.444031123076897, 20.622538492307658 ], [ -99.444136261538432, 20.62238461538464 ], [ -99.444270492307652, 20.622339092307694 ], [ -99.444519861538424, 20.622275200000022 ], [ -99.444903630769204, 20.622229030769272 ], [ -99.445297199999985, 20.622246092307691 ], [ -99.445643230769207, 20.622425923076928 ], [ -99.445998830769199, 20.622587646153864 ], [ -99.446287338461502, 20.622785692307723 ], [ -99.44655630769229, 20.622866323076916 ], [ -99.446882553846123, 20.622838369230823 ], [ -99.447112138461478, 20.622575738461563 ], [ -99.447015215384567, 20.622250692307684 ], [ -99.446860676923038, 20.621916769230783 ], [ -99.44629361538459, 20.621647153846165 ], [ -99.445957246153824, 20.621494415384642 ], [ -99.446129830769166, 20.621430723076902 ], [ -99.446408030769206, 20.621384830769241 ], [ -99.44639801538456, 20.621240276923047 ], [ -99.446263199999947, 20.621087015384639 ], [ -99.445955061538442, 20.620744446153843 ], [ -99.446012, 20.620518399999952 ], [ -99.446107707692292, 20.620427800000044 ], [ -99.446433799999951, 20.620345630769275 ], [ -99.446539261538433, 20.620309215384633 ], [ -99.447018507692292, 20.620091123076932 ], [ -99.446873615384575, 20.6197752461538 ], [ -99.446671199999955, 20.619477584615385 ], [ -99.446641984615354, 20.61933307692308 ], [ -99.446939092307659, 20.619187738461534 ], [ -99.447293646153824, 20.618997076923087 ], [ -99.447216384615345, 20.618834630769207 ], [ -99.447542261538416, 20.618680169230789 ], [ -99.447541830769197, 20.6185356 ], [ -99.447021938461504, 20.617976723076943 ], [ -99.447021830769188, 20.617940584615379 ], [ -99.447567430769197, 20.617442200000017 ], [ -99.447766523076879, 20.616601353846161 ], [ -99.447583538461487, 20.616384969230772 ], [ -99.447486476923032, 20.616014738461509 ], [ -99.447437707692274, 20.615743799999986 ], [ -99.447369938461492, 20.615545184615389 ], [ -99.447714599999969, 20.615255138461507 ], [ -99.44813601538462, 20.614955861538416 ], [ -99.448285923076881, 20.613708538461545 ], [ -99.448332399999956, 20.613193369230764 ], [ -99.448446061538405, 20.612678030769235 ], [ -99.448732707692272, 20.61224356923077 ], [ -99.449392169230777, 20.61131115384617 ], [ -99.450319953846147, 20.610242523076934 ], [ -99.450798661538457, 20.609852723076909 ], [ -99.45117126153842, 20.609282492307699 ], [ -99.451285861538452, 20.609092446153866 ], [ -99.451179738461491, 20.608902969230776 ], [ -99.450919692307679, 20.608587399999962 ], [ -99.450497015384599, 20.608443923076898 ], [ -99.450199476923032, 20.608435661538444 ], [ -99.449901292307644, 20.608201507692293 ], [ -99.449881461538439, 20.607984692307689 ], [ -99.449698061538413, 20.607623738461513 ], [ -99.449333215384598, 20.607570476923112 ], [ -99.448689830769212, 20.607436600000032 ], [ -99.448421384615386, 20.607527661538501 ], [ -99.448105123076914, 20.607673046153867 ], [ -99.447759584615341, 20.607655876923108 ], [ -99.447394769230741, 20.607611646153838 ], [ -99.447117323076881, 20.607910538461564 ], [ -99.44680176923076, 20.608299907692313 ], [ -99.446686846153852, 20.608381523076879 ], [ -99.446437369230722, 20.608400230769192 ], [ -99.446256015384606, 20.608735030769253 ], [ -99.445919984615315, 20.608690723076929 ], [ -99.445717815384583, 20.608474384615374 ], [ -99.445304753846116, 20.608339907692329 ], [ -99.445016907692249, 20.608358723076897 ], [ -99.444786738461517, 20.608413523076955 ], [ -99.444922246153851, 20.608810753846143 ], [ -99.445038461538445, 20.609171892307703 ], [ -99.445039015384609, 20.609361646153879 ], [ -99.444733430769205, 20.609886507692316 ], [ -99.444781938461546, 20.610067107692313 ], [ -99.444993446153816, 20.610193061538443 ], [ -99.444850061538446, 20.610392215384575 ], [ -99.444696692307645, 20.610455861538451 ], [ -99.444409446153827, 20.610682492307689 ], [ -99.44420784615383, 20.610664938461515 ], [ -99.443881846153801, 20.610765169230746 ], [ -99.443547076923096, 20.611154569230798 ], [ -99.443268830769185, 20.611182399999983 ], [ -99.442875323076876, 20.61117436923076 ], [ -99.442664953846119, 20.611436953846113 ], [ -99.442540815384589, 20.611654123076935 ], [ -99.442358184615387, 20.61155520000003 ], [ -99.442319276923044, 20.611374584615351 ], [ -99.44144310769228, 20.6103919076923 ], [ -99.441048846153805, 20.610121846153856 ], [ -99.440857092307681, 20.610185584615376 ], [ -99.440520953846089, 20.61010512307697 ], [ -99.440204107692267, 20.610051707692275 ], [ -99.439820092307656, 20.610007507692302 ], [ -99.439474523076882, 20.609981276923044 ], [ -99.439158030769192, 20.610054369230777 ], [ -99.438763876923034, 20.609820446153808 ], [ -99.437793784615351, 20.609542784615371 ], [ -99.437217230769207, 20.609282199999974 ], [ -99.436736676923061, 20.609039446153876 ], [ -99.436400323076882, 20.608877661538486 ], [ -99.436091753846156, 20.608363384615384 ], [ -99.435927661538415, 20.608029476923065 ], [ -99.435533799999959, 20.607894938461563 ], [ -99.435081953846137, 20.607615953846157 ], [ -99.434688138461524, 20.607490446153836 ], [ -99.433929707692272, 20.607392953846141 ], [ -99.433498199999988, 20.60752053846155 ], [ -99.433297261538414, 20.60772887692309 ], [ -99.433163769230745, 20.608036430769253 ], [ -99.432991307692276, 20.608136246153848 ], [ -99.432560138461511, 20.608381292307687 ], [ -99.432013799999964, 20.608626630769212 ], [ -99.431476938461529, 20.608826769230792 ], [ -99.430498476923034, 20.608982815384646 ], [ -99.429692892307671, 20.609183600000012 ], [ -99.429040276923033, 20.609176184615329 ], [ -99.427839753846143, 20.608853876923103 ], [ -99.427551692307631, 20.60880036923076 ], [ -99.426918723076881, 20.608955538461533 ], [ -99.426516, 20.609083046153849 ], [ -99.425998, 20.609165646153901 ], [ -99.4256812461538, 20.609148353846134 ], [ -99.425374046153848, 20.609112969230797 ], [ -99.425018984615363, 20.60912287692307 ], [ -99.424808123076915, 20.609222784615408 ], [ -99.424626153846106, 20.609358769230806 ], [ -99.424309215384582, 20.609269184615403 ], [ -99.423954292307656, 20.60933330769231 ], [ -99.423752292307682, 20.609162123076935 ], [ -99.423799799999983, 20.608990323076931 ], [ -99.423914461538416, 20.608809323076937 ], [ -99.424192492307668, 20.608709246153893 ], [ -99.42435561538457, 20.608699815384625 ], [ -99.424547630769169, 20.608726446153877 ], [ -99.424585323076897, 20.608473353846154 ], [ -99.424948846153839, 20.608056815384618 ], [ -99.425255323076883, 20.607830153846187 ], [ -99.425523676923049, 20.607703 ], [ -99.425532676923041, 20.607486123076917 ], [ -99.42545421538459, 20.606880907692354 ], [ -99.425260323076913, 20.606176584615397 ], [ -99.424846323076878, 20.605689661538467 ], [ -99.424538599999977, 20.605464523076929 ], [ -99.424288476923067, 20.605248276923078 ], [ -99.423519, 20.604617646153869 ], [ -99.422855476923061, 20.604131338461549 ], [ -99.422538892307671, 20.604168261538472 ], [ -99.422386061538433, 20.60443066153848 ], [ -99.422128430769206, 20.604964415384618 ], [ -99.421774199999987, 20.605272492307659 ], [ -99.421112692307659, 20.605518076923076 ], [ -99.420268384615341, 20.605592415384624 ], [ -99.419692230769201, 20.605467323076923 ], [ -99.418913661538411, 20.605017415384662 ], [ -99.418481046153858, 20.604738353846145 ], [ -99.418001092307662, 20.604694323076945 ], [ -99.417846153846142, 20.604188692307737 ], [ -99.417855046153818, 20.603926630769276 ], [ -99.418295261538404, 20.603473769230785 ], [ -99.41840016923075, 20.603238584615386 ], [ -99.418303492307672, 20.602976784615429 ], [ -99.417938092307693, 20.602706584615387 ], [ -99.417601446153796, 20.602427292307702 ], [ -99.417629276923066, 20.602074815384661 ], [ -99.417619153846104, 20.601885092307729 ], [ -99.417397307692283, 20.601469984615356 ], [ -99.417051153846103, 20.6012178 ], [ -99.416474799999975, 20.601011369230811 ], [ -99.416148569230756, 20.601030230769243 ], [ -99.415965553846135, 20.600777661538462 ], [ -99.41556227692304, 20.600697307692297 ], [ -99.415563092307664, 20.600995492307721 ], [ -99.415775384615358, 20.601428707692307 ], [ -99.416132092307663, 20.602033246153837 ], [ -99.416171323076881, 20.602340384615413 ], [ -99.416201338461491, 20.602792092307705 ], [ -99.416365276923031, 20.603089892307647 ], [ -99.416097799999974, 20.603542323076947 ], [ -99.415809984615379, 20.603570123076917 ], [ -99.415522230769184, 20.603625030769219 ], [ -99.415407861538426, 20.603914461538437 ], [ -99.415024061538432, 20.603942492307684 ], [ -99.414495692307682, 20.603735923076886 ], [ -99.413659092307668, 20.603114461538496 ], [ -99.412707169230771, 20.602420969230732 ], [ -99.412313369230745, 20.6022954 ], [ -99.411785923076891, 20.602432200000031 ], [ -99.411709876923041, 20.602703461538489 ], [ -99.411816415384564, 20.603064630769239 ], [ -99.4118268, 20.6033628 ], [ -99.411636692307653, 20.60404093846153 ], [ -99.411330938461518, 20.604538646153841 ], [ -99.410967830769209, 20.605126846153841 ], [ -99.410680276923046, 20.605254030769228 ], [ -99.410296846153813, 20.60541758461537 ], [ -99.409836553846148, 20.605554215384611 ], [ -99.409712507692291, 20.605816553846104 ], [ -99.409636353846125, 20.606051661538466 ], [ -99.4095017076923, 20.605943553846163 ], [ -99.409481738461523, 20.605654446153878 ], [ -99.409270323076896, 20.605546523076928 ], [ -99.408925138461512, 20.605655769230772 ], [ -99.408838399999965, 20.605520430769243 ], [ -99.40897207692305, 20.605267107692303 ], [ -99.408990523076866, 20.60498695384614 ], [ -99.408884338461533, 20.60475227692308 ], [ -99.408509107692282, 20.604391723076969 ], [ -99.408248553846079, 20.6038501846154 ], [ -99.408218553846112, 20.603398461538493 ], [ -99.408188661538418, 20.602982876923054 ], [ -99.408293276923047, 20.602630230769243 ], [ -99.408369230769225, 20.602322830769268 ], [ -99.408407476923045, 20.602268523076891 ], [ -99.408157169230748, 20.601970938461548 ], [ -99.407791815384627, 20.60170975384618 ], [ -99.40705210769228, 20.601422353846143 ], [ -99.406005323076897, 20.601135661538464 ], [ -99.405841707692247, 20.600955323076889 ], [ -99.405264923076913, 20.600577169230792 ], [ -99.404698261538456, 20.600397784615399 ], [ -99.40393036923075, 20.60033632307692 ], [ -99.403518707692271, 20.600707753846173 ], [ -99.403385876923053, 20.601286369230817 ], [ -99.403761476923023, 20.601791507692312 ], [ -99.403973276923054, 20.602053046153831 ], [ -99.403945153846138, 20.602306123076893 ], [ -99.403638923076898, 20.602632123076894 ], [ -99.403543292307688, 20.602758846153822 ], [ -99.403254476923067, 20.602407123076926 ], [ -99.402918138461487, 20.602236230769204 ], [ -99.402380615384601, 20.602192292307695 ], [ -99.401487446153837, 20.601932338461562 ], [ -99.401161399999964, 20.602023446153851 ], [ -99.40085538461534, 20.6024307692308 ], [ -99.400760261538423, 20.602756292307731 ], [ -99.400809046153853, 20.6030634 ], [ -99.400915230769201, 20.60329807692306 ], [ -99.40085776923074, 20.6033434 ], [ -99.400809876923034, 20.603379646153851 ], [ -99.400742815384589, 20.603424984615359 ], [ -99.400694938461527, 20.603461230769234 ], [ -99.400637476923052, 20.603506553846177 ], [ -99.400570415384564, 20.60355189230766 ], [ -99.400493784615335, 20.60360627692307 ], [ -99.40041712307692, 20.603651630769193 ], [ -99.40035004615379, 20.603687938461533 ], [ -99.400282969230716, 20.60372423076921 ], [ -99.40022544615384, 20.60375147692309 ], [ -99.400148753846111, 20.603778753846147 ], [ -99.400081646153851, 20.603806015384599 ], [ -99.400119353846137, 20.603543892307719 ], [ -99.400281753846116, 20.6032634 ], [ -99.400271753846113, 20.603109815384631 ], [ -99.399944907692273, 20.602893707692353 ], [ -99.399809615384598, 20.602532584615364 ], [ -99.399789076923057, 20.60201758461541 ], [ -99.399845369230718, 20.601520492307746 ], [ -99.399199615384589, 20.600455738461573 ], [ -99.398757338461508, 20.600131461538425 ], [ -99.398190876923039, 20.600024338461537 ], [ -99.397787307692255, 20.599826476923081 ], [ -99.397364369230772, 20.599556384615372 ], [ -99.395884, 20.598583892307676 ], [ -99.394280138461511, 20.598090584615402 ], [ -99.392801292307695, 20.597696369230768 ], [ -99.392207215384573, 20.598050123076938 ], [ -99.392151769230736, 20.59888155384613 ], [ -99.392134199999973, 20.599514092307707 ], [ -99.391654661538453, 20.59962361538463 ], [ -99.391576953846126, 20.5992623538462 ], [ -99.391547523076909, 20.599009415384597 ], [ -99.391565353846147, 20.598476261538451 ], [ -99.391094584615345, 20.598260461538473 ], [ -99.390816523076879, 20.598351446153849 ], [ -99.390500969230715, 20.598794923076952 ], [ -99.390213015384617, 20.598768461538501 ], [ -99.389953353846124, 20.59855218461535 ], [ -99.389491753846116, 20.598164676923091 ], [ -99.389395230769196, 20.597948046153824 ], [ -99.389164230769225, 20.597677476923092 ], [ -99.388914938461525, 20.597759369230758 ], [ -99.388866584615343, 20.597614892307725 ], [ -99.388779507692263, 20.597334984615355 ], [ -99.388701646153834, 20.596901430769272 ], [ -99.388422215384594, 20.596450261538426 ], [ -99.38822841538456, 20.595709753846162 ], [ -99.388170076923046, 20.595411707692335 ], [ -99.387900292307691, 20.594978584615436 ], [ -99.387812492307646, 20.594409523076912 ], [ -99.387810984615328, 20.59381315384617 ], [ -99.387550876923072, 20.593416153846171 ], [ -99.387598169230756, 20.593144969230814 ], [ -99.387317230769199, 20.592088400000023 ], [ -99.387027276923035, 20.591266769230742 ], [ -99.386247430769217, 20.590247461538468 ], [ -99.385430830769209, 20.589869769230738 ], [ -99.384546846153825, 20.589401861538491 ], [ -99.383797046153845, 20.58887041538464 ], [ -99.383652199999958, 20.58850929230768 ], [ -99.383930046153807, 20.588337 ], [ -99.384208353846105, 20.588345415384623 ], [ -99.384438707692269, 20.588372015384614 ], [ -99.384861015384601, 20.588407215384628 ], [ -99.385629369230742, 20.588685615384616 ], [ -99.386378338461526, 20.588882738461546 ], [ -99.386800753846131, 20.588963123076926 ], [ -99.387356846153821, 20.588781153846174 ], [ -99.387377384615334, 20.589314230769261 ], [ -99.387311061538412, 20.589648707692302 ], [ -99.387543369230755, 20.590443353846165 ], [ -99.387871199999964, 20.591066092307731 ], [ -99.388621692307666, 20.59185956923076 ], [ -99.388891599999965, 20.592337861538457 ], [ -99.388979723076858, 20.593033430769239 ], [ -99.388913323076892, 20.593340799999968 ], [ -99.388780353846101, 20.593883261538473 ], [ -99.388982292307645, 20.594045446153824 ], [ -99.389127153846133, 20.594406569230802 ], [ -99.389435, 20.59471309230765 ], [ -99.389895815384577, 20.594793384615414 ], [ -99.389867769230747, 20.595082584615401 ], [ -99.390214169230745, 20.595452276923094 ], [ -99.390627246153826, 20.595623030769261 ], [ -99.391327323076894, 20.595449769230726 ], [ -99.391892246153787, 20.594960553846185 ], [ -99.39266858461535, 20.594588307692305 ], [ -99.393128584615354, 20.594352338461519 ], [ -99.393799938461498, 20.594206230769228 ], [ -99.394298953846103, 20.594214138461577 ], [ -99.394683292307647, 20.594403015384621 ], [ -99.394857153846118, 20.594845369230772 ], [ -99.395356907692289, 20.595133384615401 ], [ -99.396289523076874, 20.5958270153846 ], [ -99.396443923076902, 20.596160984615356 ], [ -99.396570046153798, 20.596693815384615 ], [ -99.396868569230747, 20.59709070769231 ], [ -99.397081107692287, 20.597641415384626 ], [ -99.397601138461511, 20.598345015384641 ], [ -99.397995076923053, 20.598533876923064 ], [ -99.39834995384615, 20.598460769230783 ], [ -99.398597923076878, 20.597872861538495 ], [ -99.398884476923058, 20.597357153846147 ], [ -99.399143738461504, 20.5974198 ], [ -99.399345769230735, 20.597618123076909 ], [ -99.39932715384613, 20.597835030769211 ], [ -99.399078707692283, 20.598242230769184 ], [ -99.399205123076925, 20.598883476923028 ], [ -99.399617507692284, 20.598783138461513 ], [ -99.399760538461507, 20.598430400000051 ], [ -99.400047015384573, 20.597887584615389 ], [ -99.40039287692305, 20.598040400000031 ], [ -99.400585738461487, 20.598401384615414 ], [ -99.400366276923066, 20.5988808 ], [ -99.400425199999958, 20.599395707692345 ], [ -99.400282861538429, 20.600010476923053 ], [ -99.400542861538455, 20.600353246153816 ], [ -99.400984815384561, 20.600551 ], [ -99.401531461538454, 20.600414200000049 ], [ -99.401828076923081, 20.60007918461541 ], [ -99.402019076923054, 20.599726338461497 ], [ -99.402114276923029, 20.599436969230766 ], [ -99.402632123076913, 20.599300230769256 ], [ -99.402746923076876, 20.599164415384628 ], [ -99.402707646153814, 20.598821138461549 ], [ -99.403225923076889, 20.598847046153892 ], [ -99.403907492307681, 20.598935815384596 ], [ -99.404368215384594, 20.598970876923072 ], [ -99.404819353846094, 20.599015 ], [ -99.405270553846123, 20.599077199999989 ], [ -99.405559015384569, 20.599293384615407 ], [ -99.406213969230734, 20.600195446153826 ], [ -99.406618107692267, 20.600610138461544 ], [ -99.407088846153826, 20.600798784615389 ], [ -99.40752113846149, 20.600969446153869 ], [ -99.408001369230746, 20.601121923076938 ], [ -99.408471553846127, 20.60110275384617 ], [ -99.409442753846093, 20.601832353846117 ], [ -99.409434276923051, 20.602257061538452 ], [ -99.409214476923069, 20.60260095384616 ], [ -99.409119338461522, 20.602908400000036 ], [ -99.409033707692302, 20.603188707692318 ], [ -99.408756538461517, 20.603614046153854 ], [ -99.408622676923059, 20.603795092307703 ], [ -99.408709723076896, 20.604047892307712 ], [ -99.409007692307682, 20.60422789230768 ], [ -99.409219492307685, 20.6044804 ], [ -99.409335184615344, 20.604678923076921 ], [ -99.40943178461535, 20.604913615384593 ], [ -99.40959559999996, 20.605166246153807 ], [ -99.409787538461529, 20.605165784615366 ], [ -99.410122676923066, 20.60488487692308 ], [ -99.410448169230719, 20.604585923076939 ], [ -99.410610430769225, 20.604260246153885 ], [ -99.410839307692257, 20.603717553846156 ], [ -99.41118153846152, 20.602505923076922 ], [ -99.411410123076891, 20.601863830769251 ], [ -99.411649553846146, 20.601682538461528 ], [ -99.412272153846132, 20.601247338461551 ], [ -99.413077661538424, 20.601019523076936 ], [ -99.413738646153803, 20.600584215384593 ], [ -99.414063892307638, 20.600203923076922 ], [ -99.414312353846142, 20.599814784615383 ], [ -99.414627153846112, 20.599118276923054 ], [ -99.414808646153816, 20.598810615384611 ], [ -99.415115215384574, 20.598620123076945 ], [ -99.415470246153802, 20.598610246153893 ], [ -99.415796569230764, 20.598627523076971 ], [ -99.416276692307648, 20.5987348 ], [ -99.41672806153845, 20.598860215384629 ], [ -99.416679676923053, 20.598715769230804 ], [ -99.41617012307691, 20.598364584615386 ], [ -99.41540161538461, 20.598068246153879 ], [ -99.414882184615351, 20.597617707692269 ], [ -99.414448876923018, 20.597067553846156 ], [ -99.414102215384588, 20.59662563076925 ], [ -99.414005492307652, 20.596345738461533 ], [ -99.413841876923073, 20.596165415384625 ], [ -99.413524584615359, 20.595940276923052 ], [ -99.412639676923064, 20.595174338461533 ], [ -99.412052323076907, 20.594434799999963 ], [ -99.411945261538435, 20.59387483076922 ], [ -99.412020338461502, 20.593242138461544 ], [ -99.411894630197949, 20.592678985351473 ] ], [ [ -99.494184969230758, 20.644991784615403 ], [ -99.494087723076873, 20.644603523076935 ], [ -99.493991292307655, 20.644468261538456 ], [ -99.493741799999967, 20.644496092307712 ], [ -99.493530861538417, 20.644568969230761 ], [ -99.493445338461498, 20.64484029230772 ], [ -99.493340246153835, 20.644994200000035 ], [ -99.493081615384568, 20.645166615384603 ], [ -99.492861569230726, 20.645393138461554 ], [ -99.492891769230738, 20.645826769230787 ], [ -99.492846384615362, 20.646640123076935 ], [ -99.493001430769198, 20.647091461538452 ], [ -99.493290569230737, 20.647452076923063 ], [ -99.493385892307657, 20.647243984615415 ], [ -99.493385307692293, 20.647063261538452 ], [ -99.493564692307686, 20.646132061538445 ], [ -99.493764230769216, 20.645499 ], [ -99.493984076923056, 20.645209215384597 ], [ -99.494184969230758, 20.644991784615403 ] ], [ [ -99.414953307692272, 20.602623415384617 ], [ -99.414933615384612, 20.602433707692331 ], [ -99.414875661538417, 20.602298307692323 ], [ -99.414789092307672, 20.602226230769233 ], [ -99.414692892307656, 20.60213610769231 ], [ -99.414615676923034, 20.601973646153855 ], [ -99.414529261538448, 20.601955784615395 ], [ -99.414443015384606, 20.602001169230771 ], [ -99.41431798461538, 20.601902061538468 ], [ -99.414231399999977, 20.601820953846193 ], [ -99.414087307692299, 20.601767076923078 ], [ -99.413914492307683, 20.601740384615379 ], [ -99.413770692307665, 20.601794953846177 ], [ -99.413694415384569, 20.601975846153866 ], [ -99.413742707692251, 20.602093200000013 ], [ -99.413829199999967, 20.602138169230759 ], [ -99.413954107692277, 20.602192092307703 ], [ -99.414031092307667, 20.602273230769249 ], [ -99.414040984615355, 20.602381630769194 ], [ -99.414002846153821, 20.60247207692306 ], [ -99.414060692307672, 20.602571338461523 ], [ -99.414204953846109, 20.602688461538431 ], [ -99.414349169230775, 20.602787507692309 ], [ -99.414474246153802, 20.602904676923092 ], [ -99.414637507692291, 20.602949461538483 ], [ -99.414752615384614, 20.602931123076974 ], [ -99.414848261538438, 20.602813415384595 ], [ -99.414924738461494, 20.602704815384627 ], [ -99.414953307692272, 20.602623415384617 ] ] ], [ [ [ -99.513914540179044, 20.649800484782322 ], [ -99.513653424469936, 20.65000104645765 ], [ -99.513463131469905, 20.650122833457598 ], [ -99.512807391784349, 20.650437789915703 ], [ -99.512674164311704, 20.65046544707338 ], [ -99.512474185930301, 20.650713480599535 ], [ -99.512262758053822, 20.650939003235635 ], [ -99.511982526091103, 20.651247977155986 ], [ -99.511565916299162, 20.651628362068543 ], [ -99.511040708299149, 20.652024170068515 ], [ -99.510857435048621, 20.652151875263872 ], [ -99.510537744048634, 20.652357391263909 ], [ -99.510458957788643, 20.652406335151817 ], [ -99.510154489788675, 20.652589016151829 ], [ -99.510063745566683, 20.65263632105766 ], [ -99.510000369230724, 20.652418353846148 ], [ -99.509989415384595, 20.652011769230764 ], [ -99.510084, 20.651586815384604 ], [ -99.510131184615361, 20.651342707692322 ], [ -99.510063384615364, 20.6511622 ], [ -99.510062815384615, 20.650990523076924 ], [ -99.510129199999938, 20.650746353846145 ], [ -99.510301861538423, 20.650709707692339 ], [ -99.510676353846122, 20.650744738461523 ], [ -99.510973523076927, 20.650617353846158 ], [ -99.511289661538441, 20.650426676923036 ], [ -99.511327676923059, 20.650309092307666 ], [ -99.511615569230756, 20.650281138461523 ], [ -99.511873815384575, 20.650000261538477 ], [ -99.51186303076922, 20.649647892307691 ], [ -99.512006692307665, 20.649548076923033 ], [ -99.512161276923067, 20.649845800000012 ], [ -99.512496984615368, 20.649763476923074 ], [ -99.512611753846144, 20.64963664615388 ], [ -99.512764061538419, 20.649256692307699 ], [ -99.512937399999942, 20.649418815384617 ], [ -99.512900092307632, 20.649744215384619 ], [ -99.513112646153843, 20.650150184615363 ], [ -99.513314261538426, 20.650158630769269 ], [ -99.513592123076876, 20.650004200000033 ], [ -99.513914540179044, 20.649800484782322 ] ] ] ] } },
{ "type": "Feature", "properties": { "IDBD": 160872, "FC": 6291, "CONDICION": "CUERPO DE AGUA INTERMITENTE" }, "geometry": { "type": "MultiPolygon", "coordinates": [ [ [ [ -99.508514107692292, 20.612475615384639 ], [ -99.508322261538467, 20.612503292307693 ], [ -99.507938323076914, 20.612486338461551 ], [ -99.507890276923035, 20.612468415384619 ], [ -99.507861184615351, 20.61237813846153 ], [ -99.507937153846115, 20.612133953846175 ], [ -99.508099707692296, 20.611952753846179 ], [ -99.508339153846123, 20.611807476923069 ], [ -99.508511769230765, 20.611770830769228 ], [ -99.508684676923053, 20.611815507692306 ], [ -99.508761599999985, 20.611860446153866 ], [ -99.508848415384605, 20.611995738461538 ], [ -99.508858399999966, 20.612113169230714 ], [ -99.508839753846161, 20.612275861538464 ], [ -99.508782476923059, 20.612366400000013 ], [ -99.508514107692292, 20.612475615384639 ] ] ] ] } },
{ "type": "Feature", "properties": { "IDBD": 161043, "FC": 6291, "CONDICION": "CUERPO DE AGUA INTERMITENTE" }, "geometry": { "type": "MultiPolygon", "coordinates": [ [ [ [ -99.517926184615376, 20.605996123076945 ], [ -99.517696507692293, 20.606186569230754 ], [ -99.517571907692272, 20.606232107692311 ], [ -99.517514138461507, 20.606178076923083 ], [ -99.517427169230743, 20.605997615384641 ], [ -99.517445753846104, 20.605816846153861 ], [ -99.517608123076911, 20.60559046153848 ], [ -99.517837892307654, 20.605427138461554 ], [ -99.51793379999998, 20.605408769230792 ], [ -99.518039430769221, 20.605426523076922 ], [ -99.518097215384586, 20.6054896 ], [ -99.518107246153846, 20.605616076923074 ], [ -99.518078907692257, 20.60575169230767 ], [ -99.517926184615376, 20.605996123076945 ] ] ] ] } },
{ "type": "Feature", "properties": { "IDBD": 161050, "FC": 6291, "CONDICION": "CUERPO DE AGUA INTERMITENTE" }, "geometry": { "type": "MultiPolygon", "coordinates": [ [ [ [ -99.526466769230723, 20.60585286153843 ], [ -99.526197230769213, 20.605609723076967 ], [ -99.526215953846147, 20.605474123076913 ], [ -99.526292569230733, 20.605428707692301 ], [ -99.52635, 20.605383353846189 ], [ -99.526455307692316, 20.605310753846201 ], [ -99.52666646153844, 20.605319138461571 ], [ -99.526839261538441, 20.605336692307716 ], [ -99.526926076923061, 20.605462923076921 ], [ -99.526926599999953, 20.605616538461533 ], [ -99.526898307692264, 20.605761184615393 ], [ -99.526812215384595, 20.605842769230755 ], [ -99.526754753846106, 20.605879092307696 ], [ -99.526677984615347, 20.605879323076923 ], [ -99.526466769230723, 20.60585286153843 ] ] ] ] } },
{ "type": "Feature", "properties": { "IDBD": 161248, "FC": 6291, "CONDICION": "CUERPO DE AGUA INTERMITENTE" }, "geometry": { "type": "MultiPolygon", "coordinates": [ [ [ [ -99.486824630769206, 20.597385 ], [ -99.48644041538455, 20.597268615384618 ], [ -99.486161169230755, 20.596971215384634 ], [ -99.486554046153842, 20.596789384615377 ], [ -99.486697846153831, 20.596743815384592 ], [ -99.486889815384572, 20.596761338461572 ], [ -99.486985892307686, 20.596797215384605 ], [ -99.48703413846151, 20.596878400000026 ], [ -99.487005692307676, 20.596986907692305 ], [ -99.486986892307698, 20.597113461538449 ], [ -99.486948969230738, 20.59725813846158 ], [ -99.486824630769206, 20.597385 ] ] ] ] } },
{ "type": "Feature", "properties": { "IDBD": 161394, "FC": 6291, "CONDICION": "CUERPO DE AGUA INTERMITENTE" }, "geometry": { "type": "MultiPolygon", "coordinates": [ [ [ [ -99.492170615384609, 20.591686338461571 ], [ -99.491911353846092, 20.591632861538457 ], [ -99.491527246153808, 20.591543584615373 ], [ -99.49173724615386, 20.591199630769221 ], [ -99.49186146153842, 20.591036630769274 ], [ -99.492005030769178, 20.590918753846136 ], [ -99.492091476923079, 20.590945615384587 ], [ -99.492139892307691, 20.591081015384649 ], [ -99.492169138461506, 20.591225507692272 ], [ -99.492150384615371, 20.591361107692272 ], [ -99.492179661538444, 20.591514630769268 ], [ -99.492170615384609, 20.591686338461571 ] ] ] ] } },
{ "type": "Feature", "properties": { "IDBD": 161405, "FC": 6291, "CONDICION": "CUERPO DE AGUA INTERMITENTE" }, "geometry": { "type": "MultiPolygon", "coordinates": [ [ [ [ -99.501592384615378, 20.591270738461507 ], [ -99.501370646153802, 20.590955123076924 ], [ -99.500917492307664, 20.590296815384615 ], [ -99.501262846153807, 20.590268707692299 ], [ -99.501493784615363, 20.590466830769248 ], [ -99.501849923076875, 20.590800123076932 ], [ -99.501812461538421, 20.591080338461534 ], [ -99.501755184615376, 20.59117086153848 ], [ -99.501592384615378, 20.591270738461507 ] ] ] ] } },
{ "type": "Feature", "properties": { "IDBD": 161482, "FC": 6292, "CONDICION": "CUERPO DE AGUA PERENNE" }, "geometry": { "type": "MultiPolygon", "coordinates": [ [ [ [ -99.368139338461489, 20.58595872307691 ], [ -99.367917399999982, 20.585444138461558 ], [ -99.36795396923074, 20.584685046153876 ], [ -99.368030076923034, 20.584413800000025 ], [ -99.368154446153824, 20.584259938461532 ], [ -99.368556676923035, 20.583933784615411 ], [ -99.36866183076917, 20.583770907692319 ], [ -99.368680492307618, 20.583544969230765 ], [ -99.36861232307686, 20.583129461538423 ], [ -99.368429015384564, 20.582714200000034 ], [ -99.368236630769189, 20.582515815384586 ], [ -99.368044369230745, 20.582371646153884 ], [ -99.367582969230753, 20.582029261538455 ], [ -99.367294784615325, 20.581894338461534 ], [ -99.367025661538406, 20.58170515384618 ], [ -99.366679584615383, 20.581434815384643 ], [ -99.366592523076889, 20.581136815384603 ], [ -99.366533953846115, 20.580721276923125 ], [ -99.366590707692268, 20.580377800000051 ], [ -99.366484030769229, 20.579908153846148 ], [ -99.366281723076895, 20.57956521538463 ], [ -99.366041199999984, 20.579294646153858 ], [ -99.36567547692303, 20.578834584615407 ], [ -99.365098584615367, 20.578338815384594 ], [ -99.364723676923063, 20.57804143076925 ], [ -99.364454584615387, 20.577861276923063 ], [ -99.364051292307693, 20.577735615384636 ], [ -99.363657738461498, 20.57767320000001 ], [ -99.363331646153853, 20.577728092307694 ], [ -99.362967184615357, 20.577792107692325 ], [ -99.362545784615364, 20.578127323076959 ], [ -99.362287292307656, 20.578371830769221 ], [ -99.362067507692274, 20.578751800000042 ], [ -99.361953276923032, 20.579140584615427 ], [ -99.361896661538452, 20.579547323076987 ], [ -99.361782199999951, 20.579836723076941 ], [ -99.361840738461524, 20.580243215384641 ], [ -99.361956707692272, 20.580595369230767 ], [ -99.361899923076862, 20.580929815384593 ], [ -99.361727399999978, 20.58101150769232 ], [ -99.361611476923059, 20.580677415384599 ], [ -99.361610538461491, 20.580279830769211 ], [ -99.361590753846116, 20.580026876923096 ], [ -99.36160932307692, 20.579764784615385 ], [ -99.361512553846111, 20.579421630769211 ], [ -99.361703461538468, 20.578996538461528 ], [ -99.361808138461498, 20.578625846153852 ], [ -99.361816584615354, 20.578137892307712 ], [ -99.361921384615385, 20.577821415384619 ], [ -99.362112830769206, 20.57763124615385 ], [ -99.362333261538382, 20.577522353846163 ], [ -99.362563292307641, 20.577413446153816 ], [ -99.362841292307678, 20.577304430769246 ], [ -99.363033, 20.57722270769235 ], [ -99.363349630769221, 20.57722204615385 ], [ -99.36353193846152, 20.577221661538506 ], [ -99.363704630769206, 20.577212261538456 ], [ -99.364002230769216, 20.57727489230767 ], [ -99.36438619999997, 20.577346369230735 ], [ -99.364779738461465, 20.577408784615404 ], [ -99.365183676923095, 20.577805523076922 ], [ -99.365577630769181, 20.578039630769272 ], [ -99.365923892307663, 20.578391292307675 ], [ -99.366222076923052, 20.578697892307673 ], [ -99.366587907692278, 20.579203123076944 ], [ -99.366819323076896, 20.579681538461514 ], [ -99.366944861538428, 20.5800156 ], [ -99.36687912307687, 20.580612123076961 ], [ -99.366851015384583, 20.580892292307702 ], [ -99.366890107692299, 20.581190400000015 ], [ -99.367063461538422, 20.581461107692327 ], [ -99.367582169230758, 20.581694938461528 ], [ -99.367812723076881, 20.581802876923046 ], [ -99.36805316923072, 20.582037307692278 ], [ -99.368438, 20.582461169230768 ], [ -99.368726599999988, 20.582767784615395 ], [ -99.368880538461539, 20.582939138461558 ], [ -99.369015353846095, 20.58313764615384 ], [ -99.369035015384597, 20.583336384615389 ], [ -99.368940107692296, 20.583770323076958 ], [ -99.368692107692297, 20.584385292307704 ], [ -99.368596476923045, 20.584521030769238 ], [ -99.368471953846154, 20.584611661538442 ], [ -99.368338215384568, 20.584864953846171 ], [ -99.368271784615388, 20.585172307692314 ], [ -99.368253969230764, 20.585741615384599 ], [ -99.368206307692262, 20.585877261538474 ], [ -99.368139338461489, 20.58595872307691 ] ] ] ] } },
{ "type": "Feature", "properties": { "IDBD": 161613, "FC": 6291, "CONDICION": "CUERPO DE AGUA INTERMITENTE" }, "geometry": { "type": "MultiPolygon", "coordinates": [ [ [ [ -99.490930938461474, 20.582120907692314 ], [ -99.490958476923055, 20.581732292307709 ], [ -99.491015292307637, 20.5814972 ], [ -99.491283184615369, 20.58125246153844 ], [ -99.491532307692296, 20.581143338461562 ], [ -99.491762553846158, 20.581133646153852 ], [ -99.491973861538426, 20.581196292307705 ], [ -99.491227553846144, 20.581858030769236 ], [ -99.490930938461474, 20.582120907692314 ] ] ] ] } },
{ "type": "Feature", "properties": { "IDBD": 161752, "FC": 6291, "CONDICION": "CUERPO DE AGUA INTERMITENTE" }, "geometry": { "type": "MultiPolygon", "coordinates": [ [ [ [ -99.454417846153802, 20.574594353846173 ], [ -99.454245061538415, 20.574567692307678 ], [ -99.45403373846149, 20.574486923076915 ], [ -99.453889569230753, 20.574405984615371 ], [ -99.453754923076914, 20.574297907692312 ], [ -99.453572307692269, 20.574189953846108 ], [ -99.453370492307656, 20.574082046153816 ], [ -99.453168876923044, 20.5740374 ], [ -99.45300567692307, 20.574010723076924 ], [ -99.452938092307647, 20.57386632307691 ], [ -99.452908938461491, 20.573739892307703 ], [ -99.452975830769233, 20.573649369230811 ], [ -99.453138784615348, 20.573594723076933 ], [ -99.45334035384613, 20.573621307692331 ], [ -99.453570892307653, 20.573711061538464 ], [ -99.453743969230757, 20.573837107692327 ], [ -99.45388830769231, 20.573981307692307 ], [ -99.453984661538456, 20.57411658461535 ], [ -99.454186692307658, 20.574296769230806 ], [ -99.454541738461529, 20.574313907692328 ], [ -99.454475030769231, 20.574467692307685 ], [ -99.454417846153802, 20.574594353846173 ] ] ] ] } },
{ "type": "Feature", "properties": { "IDBD": 161922, "FC": 6292, "CONDICION": "CUERPO DE AGUA PERENNE" }, "geometry": { "type": "MultiPolygon", "coordinates": [ [ [ [ -99.303869061538435, 20.560082430769249 ], [ -99.30314478461537, 20.559970738461548 ], [ -99.302789661538455, 20.559899076923088 ], [ -99.302156123076912, 20.55972849230767 ], [ -99.302021676923033, 20.559665476923115 ], [ -99.301858353846114, 20.559548292307682 ], [ -99.301685323076896, 20.559376907692315 ], [ -99.301637215384602, 20.55930470769232 ], [ -99.30159863076922, 20.559196338461529 ], [ -99.301579215384592, 20.55908793846158 ], [ -99.301598230769187, 20.558997553846137 ], [ -99.301626907692295, 20.558943292307731 ], [ -99.301770492307668, 20.558780384615407 ], [ -99.301741261538425, 20.558545507692308 ], [ -99.301606415384583, 20.558274661538469 ], [ -99.301452338461488, 20.557985769230779 ], [ -99.301327030769187, 20.5576878 ], [ -99.301018523076877, 20.556920276923062 ], [ -99.300652738461523, 20.556297430769213 ], [ -99.300287061538455, 20.555728784615425 ], [ -99.300046584615316, 20.555403907692284 ], [ -99.299738476923068, 20.554835169230749 ], [ -99.299498030769215, 20.554528369230741 ], [ -99.299334476923036, 20.554284676923093 ], [ -99.299036430769178, 20.553959892307716 ], [ -99.298651984615347, 20.553599123076904 ], [ -99.298286846153829, 20.55330155384619 ], [ -99.298104338461513, 20.553184400000021 ], [ -99.298008153846112, 20.553049030769234 ], [ -99.297873738461519, 20.552995046153885 ], [ -99.297643384615355, 20.552941215384596 ], [ -99.297211230769207, 20.552716061538455 ], [ -99.297009430769208, 20.552544723076927 ], [ -99.296826723076862, 20.552319138461566 ], [ -99.296480492307651, 20.551867923076905 ], [ -99.296355523076912, 20.551741630769246 ], [ -99.296192153846107, 20.551597338461587 ], [ -99.295711907692279, 20.551299969230787 ], [ -99.296086184615348, 20.551362584615383 ], [ -99.296739492307665, 20.55185844615389 ], [ -99.2969222, 20.552084030769244 ], [ -99.297047184615366, 20.552219369230773 ], [ -99.297325738461524, 20.552399599999966 ], [ -99.297508215384568, 20.55249869230769 ], [ -99.298238076923042, 20.552885984615415 ], [ -99.298583969230734, 20.553156461538471 ], [ -99.299141492307669, 20.553715738461531 ], [ -99.299631569230769, 20.554130553846168 ], [ -99.299843169230726, 20.55440126153848 ], [ -99.300246876923026, 20.554798153846168 ], [ -99.300410492307648, 20.555068953846146 ], [ -99.300757261538422, 20.55578218461536 ], [ -99.300949707692297, 20.556071015384621 ], [ -99.301276907692255, 20.556585492307708 ], [ -99.30162343076924, 20.557172230769211 ], [ -99.301806384615361, 20.557515276923052 ], [ -99.301883507692295, 20.557704907692266 ], [ -99.302048153846144, 20.55849075384609 ], [ -99.302058292307663, 20.558770846153823 ], [ -99.302058338461507, 20.558788923076911 ], [ -99.302001, 20.558906492307699 ], [ -99.301972369230768, 20.558978830769238 ], [ -99.301972553846142, 20.559078230769206 ], [ -99.302020753846122, 20.559195615384638 ], [ -99.302107323076868, 20.559303892307664 ], [ -99.302164984615388, 20.559358 ], [ -99.302664215384581, 20.559528815384613 ], [ -99.303672030769235, 20.559752953846175 ], [ -99.304065430769185, 20.559779369230757 ], [ -99.304257323076897, 20.559788076923091 ], [ -99.304458784615349, 20.559778676923088 ], [ -99.304593123076899, 20.559787476923098 ], [ -99.304737076923047, 20.559814338461486 ], [ -99.304814, 20.559895523076893 ], [ -99.304996784615369, 20.560148215384611 ], [ -99.305150615384591, 20.560310584615426 ], [ -99.30526624615382, 20.560563399999971 ], [ -99.305343446153827, 20.56078915384618 ], [ -99.305353323076872, 20.560933723076939 ], [ -99.305506953846105, 20.560996692307707 ], [ -99.305631815384572, 20.561068769230754 ], [ -99.305747076923026, 20.561131815384627 ], [ -99.305891, 20.56114059999998 ], [ -99.306015676923082, 20.561113261538466 ], [ -99.306121153846121, 20.561085969230753 ], [ -99.306169030769198, 20.561040707692321 ], [ -99.306667476923053, 20.560813923076939 ], [ -99.3072046, 20.560740692307711 ], [ -99.307434907692297, 20.560767384615374 ], [ -99.307530923076911, 20.560803353846151 ], [ -99.307646169230722, 20.56086639999997 ], [ -99.307761384615347, 20.560902353846171 ], [ -99.307905323076895, 20.560920169230759 ], [ -99.307934107692304, 20.560920107692336 ], [ -99.3083849076923, 20.560856061538495 ], [ -99.30868212307692, 20.560756138461546 ], [ -99.309171030769221, 20.560565507692345 ], [ -99.309660092307638, 20.56044716923077 ], [ -99.309976476923055, 20.560338169230807 ], [ -99.31058978461536, 20.559984661538476 ], [ -99.311423553846112, 20.5595404 ], [ -99.31184504615382, 20.559223384615354 ], [ -99.312199661538443, 20.559042015384616 ], [ -99.313072215384594, 20.558796476923071 ], [ -99.313762784615363, 20.558704861538445 ], [ -99.314328846153799, 20.558712876923117 ], [ -99.314597569230727, 20.558757569230792 ], [ -99.315067923076867, 20.55888321538464 ], [ -99.31541356923077, 20.559009092307708 ], [ -99.31584590769225, 20.55930649230768 ], [ -99.316211092307682, 20.559604015384568 ], [ -99.316432261538438, 20.559847584615415 ], [ -99.316701892307677, 20.560335030769213 ], [ -99.316798446153854, 20.560633046153864 ], [ -99.316885707692265, 20.561075646153824 ], [ -99.3169154307692, 20.561527400000045 ], [ -99.31700264615381, 20.561951923076897 ], [ -99.317205261538419, 20.562502753846164 ], [ -99.317349569230728, 20.562692246153873 ], [ -99.31757066153844, 20.562899676923095 ], [ -99.317657199999957, 20.56298987692308 ], [ -99.317734123076889, 20.563071046153851 ], [ -99.317801661538439, 20.563260692307729 ], [ -99.317898276923032, 20.563585800000027 ], [ -99.317927676923048, 20.563883938461505 ], [ -99.317956907692292, 20.564100753846155 ], [ -99.318034, 20.56426326153845 ], [ -99.318082169230721, 20.564353523076925 ], [ -99.318101523076905, 20.56443481538459 ], [ -99.318130446153816, 20.564507046153821 ], [ -99.31816895384614, 20.56457023076921 ], [ -99.318140323076861, 20.564642569230806 ], [ -99.318092338461511, 20.564633630769215 ], [ -99.318053923076889, 20.564615630769236 ], [ -99.317986630769184, 20.56455249230773 ], [ -99.317784784615341, 20.564372138461554 ], [ -99.31771739999995, 20.564263830769214 ], [ -99.31758247692305, 20.563974938461545 ], [ -99.317600846153837, 20.563577307692313 ], [ -99.31758126153845, 20.5633876 ], [ -99.317475446153836, 20.563252246153844 ], [ -99.31728315384612, 20.563053815384567 ], [ -99.317081246153791, 20.562846353846183 ], [ -99.316946569230737, 20.562674907692333 ], [ -99.31685026153842, 20.562494369230787 ], [ -99.316734707692262, 20.562286753846166 ], [ -99.316657569230742, 20.562106169230798 ], [ -99.316599538461531, 20.561880384615421 ], [ -99.316522230769209, 20.561609446153835 ], [ -99.316483461538468, 20.561419753846142 ], [ -99.316434938461498, 20.561148769230794 ], [ -99.316309215384564, 20.560661046153854 ], [ -99.316222523076888, 20.560498553846163 ], [ -99.316164630769222, 20.560336015384642 ], [ -99.31608759999996, 20.560200615384598 ], [ -99.316001046153787, 20.5601013846154 ], [ -99.315933815384597, 20.56006535384617 ], [ -99.315876199999977, 20.560038353846164 ], [ -99.315617061538461, 20.559993646153838 ], [ -99.31509884615383, 20.559922307692336 ], [ -99.314849138461511, 20.559796246153887 ], [ -99.314580246153795, 20.559670230769278 ], [ -99.314465030769171, 20.559625261538475 ], [ -99.313745107692284, 20.559445846153853 ], [ -99.313140553846111, 20.559374661538481 ], [ -99.312449707692267, 20.559339753846139 ], [ -99.312190676923052, 20.559340230769259 ], [ -99.312046892307691, 20.559403738461565 ], [ -99.311759461538443, 20.559594015384597 ], [ -99.311500661538403, 20.559711938461511 ], [ -99.311213215384598, 20.559902215384643 ], [ -99.310992830769223, 20.560038153846175 ], [ -99.310724692307659, 20.56028261538459 ], [ -99.310466107692292, 20.56050896923081 ], [ -99.310322399999961, 20.560608630769224 ], [ -99.310121199999969, 20.560744523076885 ], [ -99.309996553846119, 20.56078089230768 ], [ -99.309852584615342, 20.560754046153864 ], [ -99.309488015384574, 20.5607546923077 ], [ -99.30901812307691, 20.560863969230741 ], [ -99.308337323076941, 20.561054938461588 ], [ -99.307905753846114, 20.561137030769199 ], [ -99.30738784615383, 20.561219276923079 ], [ -99.306888969230741, 20.561229184615424 ], [ -99.306409415384607, 20.561302323076887 ], [ -99.306131246153825, 20.561338969230768 ], [ -99.305833907692289, 20.561375630769202 ], [ -99.305517230769198, 20.56134004615387 ], [ -99.305286861538434, 20.561286246153834 ], [ -99.305075584615366, 20.561178184615379 ], [ -99.305065723076893, 20.561042661538416 ], [ -99.304969107692287, 20.560708492307661 ], [ -99.304824707692248, 20.560455738461542 ], [ -99.304584430769225, 20.560248338461527 ], [ -99.304133261538425, 20.560122615384614 ], [ -99.303869061538435, 20.560082430769249 ] ] ] ] } },
{ "type": "Feature", "properties": { "IDBD": 162123, "FC": 6291, "CONDICION": "CUERPO DE AGUA INTERMITENTE" }, "geometry": { "type": "MultiPolygon", "coordinates": [ [ [ [ -99.45085513846152, 20.557218615384624 ], [ -99.450624123076906, 20.556957169230799 ], [ -99.450450723076926, 20.556713646153856 ], [ -99.450450107692262, 20.556505830769254 ], [ -99.450468784615339, 20.556334092307722 ], [ -99.450621738461521, 20.556143938461556 ], [ -99.450851769230752, 20.556071061538454 ], [ -99.450995969230746, 20.556170076923095 ], [ -99.451025246153847, 20.556341676923076 ], [ -99.45099678461537, 20.556450184615372 ], [ -99.45098743076916, 20.556531538461499 ], [ -99.451045523076914, 20.556712107692316 ], [ -99.45110347692308, 20.556847492307686 ], [ -99.451170953846159, 20.55695573846155 ], [ -99.451036969230756, 20.557064523076939 ], [ -99.45085513846152, 20.557218615384624 ] ] ] ] } },
{ "type": "Feature", "properties": { "IDBD": 162268, "FC": 6291, "CONDICION": "CUERPO DE AGUA INTERMITENTE" }, "geometry": { "type": "MultiPolygon", "coordinates": [ [ [ [ -99.453127538461501, 20.550264076923096 ], [ -99.452886938461532, 20.550002661538503 ], [ -99.452752307692265, 20.549894584615341 ], [ -99.452608015384584, 20.549759415384624 ], [ -99.452598076923039, 20.549641969230766 ], [ -99.452799476923033, 20.549623384615398 ], [ -99.452972230769191, 20.549650030769254 ], [ -99.453173846153831, 20.549703723076902 ], [ -99.453260430769191, 20.549784815384648 ], [ -99.453404861538445, 20.549965153846152 ], [ -99.453261415384603, 20.550119138461536 ], [ -99.453127538461501, 20.550264076923096 ] ] ] ] } },
{ "type": "Feature", "properties": { "IDBD": 162420, "FC": 6292, "CONDICION": "CUERPO DE AGUA PERENNE" }, "geometry": { "type": "MultiPolygon", "coordinates": [ [ [ [ -99.278453246153816, 20.540729276923091 ], [ -99.278434153846135, 20.540783523076904 ], [ -99.278127738461492, 20.541091246153815 ], [ -99.278098923076897, 20.541064184615362 ], [ -99.278252107692268, 20.540901292307698 ], [ -99.278453246153816, 20.540729276923091 ] ] ] ] } },
{ "type": "Feature", "properties": { "IDBD": 162430, "FC": 6292, "CONDICION": "CUERPO DE AGUA PERENNE" }, "geometry": { "type": "MultiPolygon", "coordinates": [ [ [ [ -99.279737384615359, 20.54001336923076 ], [ -99.279498, 20.540248692307678 ], [ -99.278970646153795, 20.540394123076904 ], [ -99.278798061538424, 20.540439569230795 ], [ -99.278453246153816, 20.540729276923091 ], [ -99.278520123076902, 20.540575569230761 ], [ -99.278845923076858, 20.540385276923068 ], [ -99.279094984615355, 20.540186092307735 ], [ -99.279478538461504, 20.54010415384613 ], [ -99.279737384615359, 20.54001336923076 ] ] ] ] } },
{ "type": "Feature", "properties": { "IDBD": 162439, "FC": 6292, "CONDICION": "CUERPO DE AGUA PERENNE" }, "geometry": { "type": "MultiPolygon", "coordinates": [ [ [ [ -99.279737384615359, 20.54001336923076 ], [ -99.279794830769205, 20.539950030769226 ], [ -99.280024938461509, 20.539886399999983 ], [ -99.280370261538437, 20.5398768 ], [ -99.280475830769191, 20.53990373846154 ], [ -99.280514338461501, 20.539975969230802 ], [ -99.280360753846139, 20.539922 ], [ -99.280140153846133, 20.539940430769214 ], [ -99.279900353846159, 20.53994984615386 ], [ -99.279737384615359, 20.54001336923076 ] ] ] ] } },
{ "type": "Feature", "properties": { "IDBD": 162511, "FC": 6292, "CONDICION": "CUERPO DE AGUA PERENNE" }, "geometry": { "type": "MultiPolygon", "coordinates": [ [ [ [ -99.253415430769181, 20.534623169230802 ], [ -99.253262030769207, 20.534668569230732 ], [ -99.253012599999948, 20.534659892307705 ], [ -99.252887969230713, 20.534696230769221 ], [ -99.252399, 20.534850553846166 ], [ -99.252236030769197, 20.53491404615389 ], [ -99.251996415384568, 20.53503186153846 ], [ -99.251756738461495, 20.53511353846157 ], [ -99.251392323076885, 20.53517730769229 ], [ -99.251238892307654, 20.535204646153833 ], [ -99.251133369230743, 20.535204800000027 ], [ -99.250557861538439, 20.535232738461538 ], [ -99.250241369230721, 20.535269338461536 ], [ -99.25001132307689, 20.535378107692281 ], [ -99.249925076923063, 20.53543244615382 ], [ -99.249781399999975, 20.535559153846197 ], [ -99.24960904615385, 20.535749153846137 ], [ -99.249561199999974, 20.535821523076919 ], [ -99.24946544615382, 20.535930092307723 ], [ -99.24944632307691, 20.535966261538466 ], [ -99.249379246153808, 20.536011538461555 ], [ -99.249245046153831, 20.536074984615407 ], [ -99.249168353846116, 20.536102200000027 ], [ -99.249034046153824, 20.536093353846123 ], [ -99.248890107692276, 20.536066461538447 ], [ -99.248746153846099, 20.536021476923082 ], [ -99.248592553846109, 20.535949415384572 ], [ -99.248227846153796, 20.535832461538426 ], [ -99.248112676923043, 20.535796492307693 ], [ -99.248035892307641, 20.535769492307672 ], [ -99.247920599999958, 20.535652184615365 ], [ -99.247593784615347, 20.535237 ], [ -99.247564630769247, 20.535002092307735 ], [ -99.2475068, 20.53483049230768 ], [ -99.247439353846133, 20.534649876923087 ], [ -99.247227430769215, 20.534098969230751 ], [ -99.247188307692269, 20.533629153846139 ], [ -99.247207184615334, 20.533439369230766 ], [ -99.247206984615374, 20.533312861538477 ], [ -99.24718706153844, 20.532852046153877 ], [ -99.247100384615322, 20.532635307692331 ], [ -99.247042476923056, 20.532418523076934 ], [ -99.246994292307647, 20.532274015384637 ], [ -99.246983938461497, 20.531804153846178 ], [ -99.246993015384561, 20.531478846153856 ], [ -99.247002276923041, 20.531280030769214 ], [ -99.24698281538457, 20.531099338461537 ], [ -99.246924984615376, 20.530927738461514 ], [ -99.246809661538435, 20.530792369230753 ], [ -99.24660792307688, 20.530602892307716 ], [ -99.246511784615365, 20.530476523076935 ], [ -99.246434738461502, 20.53027784615384 ], [ -99.246405738461505, 20.530142338461538 ], [ -99.246424738461513, 20.530024846153871 ], [ -99.246434076923052, 20.529862184615386 ], [ -99.246577353846106, 20.529491492307731 ], [ -99.246787523076918, 20.528958076923104 ], [ -99.246757599999953, 20.528235230769187 ], [ -99.246747846153852, 20.528135846153837 ], [ -99.246747661538407, 20.528018369230782 ], [ -99.246670692307674, 20.527873907692317 ], [ -99.246574584615374, 20.527756569230778 ], [ -99.246440123076894, 20.527648338461571 ], [ -99.246305707692272, 20.527576230769281 ], [ -99.246113753846103, 20.52750421538461 ], [ -99.245566461538459, 20.527161630769193 ], [ -99.245153753846111, 20.526999553846142 ], [ -99.24488506153844, 20.526927646153865 ], [ -99.244645230769194, 20.526909907692332 ], [ -99.244549307692267, 20.526910046153834 ], [ -99.244376661538425, 20.5269193230769 ], [ -99.244251969230774, 20.526919507692327 ], [ -99.244127230769209, 20.5268925692308 ], [ -99.243964123076879, 20.526865692307723 ], [ -99.243781799999979, 20.526811738461557 ], [ -99.243407630769198, 20.526767076923075 ], [ -99.243215830769202, 20.526785415384648 ], [ -99.242832107692266, 20.526758846153829 ], [ -99.242573015384608, 20.526695953846147 ], [ -99.242429061538417, 20.526650984615383 ], [ -99.24212161538459, 20.526326107692334 ], [ -99.241909907692261, 20.525892676923092 ], [ -99.241832923076885, 20.525730138461526 ], [ -99.241784753846161, 20.525603692307705 ], [ -99.241630338461505, 20.524998492307716 ], [ -99.241620430769245, 20.524799707692349 ], [ -99.241620123076871, 20.524600923076932 ], [ -99.241639107692279, 20.524474384615377 ], [ -99.241676646153806, 20.5239412 ], [ -99.241772199999957, 20.523715169230794 ], [ -99.241915630769213, 20.523425815384616 ], [ -99.24202089230765, 20.523272046153878 ], [ -99.242116584615346, 20.523127338461581 ], [ -99.242212215384583, 20.522946492307724 ], [ -99.242279138461498, 20.522810846153874 ], [ -99.242365169230752, 20.522620969230761 ], [ -99.242451169230776, 20.522413030769268 ], [ -99.242546769230756, 20.522214092307696 ], [ -99.242823969230727, 20.521599261538498 ], [ -99.242900199999951, 20.521282892307696 ], [ -99.242899723076874, 20.520984692307689 ], [ -99.242889846153815, 20.520803984615366 ], [ -99.242649276923046, 20.520307338461556 ], [ -99.242581830769183, 20.520108646153851 ], [ -99.242552769230741, 20.519927953846182 ], [ -99.242533184615354, 20.519674969230778 ], [ -99.242570969230741, 20.519304446153821 ], [ -99.242637846153798, 20.519141692307706 ], [ -99.242819584615347, 20.518825184615391 ], [ -99.243134738461521, 20.517957276923056 ], [ -99.243163430769201, 20.51790301538465 ], [ -99.243335615384581, 20.517613615384615 ], [ -99.243431307692276, 20.517468907692304 ], [ -99.243507892307676, 20.51737844615386 ], [ -99.243613230769199, 20.517269861538441 ], [ -99.243699415384569, 20.517188415384624 ], [ -99.243852815384571, 20.517143015384598 ], [ -99.244303599999952, 20.517142384615376 ], [ -99.24460084615383, 20.517087753846191 ], [ -99.244917353846105, 20.517078261538501 ], [ -99.245387323076898, 20.5170776 ], [ -99.246106707692277, 20.517094661538501 ], [ -99.246806984615347, 20.517156907692293 ], [ -99.247277015384583, 20.517192384615374 ], [ -99.247641323076877, 20.517092476923096 ], [ -99.248130092307662, 20.516847800000011 ], [ -99.248197153846093, 20.516793492307713 ], [ -99.248254584615339, 20.516721123076913 ], [ -99.248340646153821, 20.516567384615392 ], [ -99.24837875384614, 20.51640467692312 ], [ -99.248368784615352, 20.516169753846157 ], [ -99.248262446153788, 20.515654846153893 ], [ -99.24822384615382, 20.515501292307697 ], [ -99.248194799999936, 20.515338676923044 ], [ -99.248108246153819, 20.515194230769236 ], [ -99.248040553846138, 20.514850953846146 ], [ -99.247963692307678, 20.514769738461556 ], [ -99.247905969230771, 20.514661384615383 ], [ -99.247790584615345, 20.514480830769219 ], [ -99.247694430769201, 20.514327353846145 ], [ -99.247540338461533, 20.513929984615359 ], [ -99.24750183076921, 20.513848707692308 ], [ -99.24742492307692, 20.513731353846133 ], [ -99.247300076923082, 20.513632138461531 ], [ -99.247175246153816, 20.513541953846151 ], [ -99.247050507692279, 20.513505984615346 ], [ -99.246820307692261, 20.513506307692317 ], [ -99.246666876923072, 20.513524599999979 ], [ -99.245899492307686, 20.51346244615382 ], [ -99.245707676923075, 20.513471753846122 ], [ -99.244681476923063, 20.513500307692304 ], [ -99.243473030769167, 20.513529107692321 ], [ -99.243156523076919, 20.513529553846126 ], [ -99.242379599999964, 20.513503538461514 ], [ -99.242264461538454, 20.513476584615358 ], [ -99.242110938461536, 20.513431615384633 ], [ -99.24165987692308, 20.51326056923077 ], [ -99.241515892307632, 20.513188476923084 ], [ -99.241410307692277, 20.513134399999984 ], [ -99.241285553846126, 20.513089399999959 ], [ -99.241141553846106, 20.512999246153896 ], [ -99.241035907692279, 20.512909030769244 ], [ -99.240834184615366, 20.512710507692312 ], [ -99.240709, 20.51239441538463 ], [ -99.240612738461522, 20.512168646153803 ], [ -99.240564538461541, 20.512015107692314 ], [ -99.240362369230738, 20.511527430769206 ], [ -99.240333415384583, 20.51141 ], [ -99.24027564615379, 20.511274538461546 ], [ -99.240237, 20.511093876923095 ], [ -99.240217569230737, 20.51093124615387 ], [ -99.240198184615338, 20.510795738461571 ], [ -99.240188430769194, 20.510696353846164 ], [ -99.240197799999976, 20.510551769230787 ], [ -99.240206953846112, 20.51027163076925 ], [ -99.240206461538435, 20.50995536923077 ], [ -99.240215969230746, 20.509901138461533 ], [ -99.240225261538413, 20.509711369230775 ], [ -99.24024415384612, 20.509521584615364 ], [ -99.240253323076914, 20.509259523076913 ], [ -99.240233892307643, 20.509096907692314 ], [ -99.240243276923081, 20.508961353846171 ], [ -99.240281369230743, 20.508789615384604 ], [ -99.240472338461501, 20.508247184615364 ], [ -99.240548769230756, 20.508057307692312 ], [ -99.240500230769186, 20.507677861538479 ], [ -99.240471261538431, 20.507560430769232 ], [ -99.24044236923072, 20.507479153846145 ], [ -99.240384630769185, 20.507352723076938 ], [ -99.240259676923046, 20.507181215384616 ], [ -99.2401828, 20.507081923076917 ], [ -99.240096276923055, 20.506955538461533 ], [ -99.239981015384558, 20.506838230769191 ], [ -99.239606169230726, 20.506323692307685 ], [ -99.239586969230714, 20.506305646153823 ], [ -99.239510092307654, 20.506215384615395 ], [ -99.239423661538424, 20.506134184615387 ], [ -99.239318015384583, 20.506043969230792 ], [ -99.239164461538437, 20.505980923076919 ], [ -99.239010953846162, 20.505935953846141 ], [ -99.238857446153816, 20.505909061538471 ], [ -99.238636846153796, 20.505891292307709 ], [ -99.238166969230718, 20.505937107692326 ], [ -99.237946476923028, 20.506000661538486 ], [ -99.237735723076923, 20.506154569230784 ], [ -99.237505815384608, 20.506326569230787 ], [ -99.237189584615308, 20.506498692307687 ], [ -99.236873276923049, 20.506625630769179 ], [ -99.236662369230743, 20.506680138461515 ], [ -99.235943153846137, 20.506744369230777 ], [ -99.235808876923016, 20.506735507692316 ], [ -99.23570335384612, 20.506717584615366 ], [ -99.235540230769203, 20.506672615384634 ], [ -99.235434661538463, 20.506618553846142 ], [ -99.235338646153835, 20.506546384615415 ], [ -99.2352522, 20.506465184615379 ], [ -99.235108123076898, 20.5063208 ], [ -99.234771969230721, 20.506014030769236 ], [ -99.234435815384558, 20.505698215384655 ], [ -99.234262907692269, 20.505517723076899 ], [ -99.23415706153844, 20.505282938461519 ], [ -99.234041630769212, 20.505057184615385 ], [ -99.233580738461498, 20.504705400000038 ], [ -99.233465492307644, 20.504597123076909 ], [ -99.233302246153798, 20.504461800000016 ], [ -99.232908538461515, 20.504137030769197 ], [ -99.232802923076889, 20.504055846153847 ], [ -99.232678061538422, 20.503938538461576 ], [ -99.232582015384594, 20.503839276923067 ], [ -99.232447538461514, 20.503703907692337 ], [ -99.232322753846105, 20.503631784615404 ], [ -99.232207569230752, 20.503568692307738 ], [ -99.232121199999966, 20.503532661538497 ], [ -99.232025276923068, 20.503523753846164 ], [ -99.231699276923052, 20.503569369230807 ], [ -99.2310855384615, 20.503606323076937 ], [ -99.230088215384612, 20.503670907692335 ], [ -99.22981006153843, 20.503653199999981 ], [ -99.229090676923065, 20.503590907692313 ], [ -99.228495969230778, 20.503528430769233 ], [ -99.227853307692286, 20.503466030769214 ], [ -99.227019076923085, 20.50356650769233 ], [ -99.226903923076904, 20.503521492307687 ], [ -99.226798323076892, 20.503449338461515 ], [ -99.226711846153833, 20.503341015384642 ], [ -99.226625353846089, 20.503223661538502 ], [ -99.226596415384563, 20.503106230769252 ], [ -99.226508923076892, 20.502302123076955 ], [ -99.226499184615349, 20.502202738461516 ], [ -99.226499, 20.502085276923101 ], [ -99.226508276923084, 20.501868384615385 ], [ -99.226507969230767, 20.501660569230797 ], [ -99.226594076923021, 20.501515876923079 ], [ -99.226785661538415, 20.501362 ], [ -99.226795707692276, 20.501678261538476 ], [ -99.226796076923023, 20.501922230769239 ], [ -99.226825246153837, 20.502193276923055 ], [ -99.226825799999958, 20.502572799999978 ], [ -99.22695092307687, 20.502870815384604 ], [ -99.227085461538451, 20.503060400000052 ], [ -99.227258276923067, 20.503186692307683 ], [ -99.22744061538458, 20.503267769230778 ], [ -99.227699569230737, 20.503267430769228 ], [ -99.228092707692312, 20.503221738461498 ], [ -99.228821630769218, 20.503247876923076 ], [ -99.22968476923073, 20.503246738461513 ], [ -99.230921892307663, 20.503208953846158 ], [ -99.231861676923046, 20.503144446153833 ], [ -99.232149476923027, 20.503207323076943 ], [ -99.232370184615363, 20.503288353846148 ], [ -99.232552584615362, 20.503405584615351 ], [ -99.232830984615362, 20.503585923076926 ], [ -99.233061538461527, 20.503838630769252 ], [ -99.233282415384608, 20.504028092307699 ], [ -99.233560799999978, 20.5041994 ], [ -99.233771984615345, 20.504325615384616 ], [ -99.233896861538426, 20.504461 ], [ -99.2339834307692, 20.504623523076933 ], [ -99.234108415384597, 20.504831184615416 ], [ -99.234435246153836, 20.505318707692329 ], [ -99.234713799999966, 20.505598446153851 ], [ -99.234963615384601, 20.505896292307725 ], [ -99.235232538461503, 20.506148938461585 ], [ -99.235405338461504, 20.506257138461557 ], [ -99.235568507692292, 20.506347276923076 ], [ -99.235722061538439, 20.506410323076949 ], [ -99.236201630769216, 20.506436784615392 ], [ -99.236642753846141, 20.506400046153797 ], [ -99.236824846153823, 20.506309430769225 ], [ -99.23705475384611, 20.506137430769265 ], [ -99.237485830769188, 20.505811538461543 ], [ -99.238032046153805, 20.505512599999982 ], [ -99.238156692307641, 20.505494353846139 ], [ -99.238281307692304, 20.505458046153834 ], [ -99.238597799999951, 20.5054576 ], [ -99.238712907692303, 20.505466492307661 ], [ -99.23920223076918, 20.505592323076922 ], [ -99.239346215384629, 20.505673446153803 ], [ -99.239595707692246, 20.505763461538464 ], [ -99.239951076923049, 20.506088276923066 ], [ -99.240172061538431, 20.506350015384655 ], [ -99.240412276923053, 20.5066298 ], [ -99.240614, 20.506837353846166 ], [ -99.240690846153839, 20.506909538461549 ], [ -99.240863907692273, 20.507189415384602 ], [ -99.240988984615328, 20.507442246153857 ], [ -99.241047030769224, 20.507758430769229 ], [ -99.240961507692262, 20.508273600000027 ], [ -99.240846938461502, 20.50859906153844 ], [ -99.240722738461528, 20.508906461538444 ], [ -99.240646430769189, 20.509177661538509 ], [ -99.240570276923037, 20.509548246153862 ], [ -99.240570338461509, 20.509584384615426 ], [ -99.240541846153818, 20.509765153846192 ], [ -99.240532492307665, 20.50991876923073 ], [ -99.24053266153841, 20.510027199999968 ], [ -99.240523261538428, 20.510144692307666 ], [ -99.240542630769184, 20.510271169230784 ], [ -99.240609953846132, 20.510388538461552 ], [ -99.240696538461506, 20.510560107692317 ], [ -99.24082147692306, 20.51072258461538 ], [ -99.240822338461498, 20.511273784615401 ], [ -99.240841784615355, 20.511445446153868 ], [ -99.240995830769222, 20.51181570769235 ], [ -99.241265215384573, 20.512348461538469 ], [ -99.241476753846129, 20.512691538461553 ], [ -99.241601615384582, 20.5127998 ], [ -99.241851184615371, 20.512935 ], [ -99.242139092307681, 20.513043030769239 ], [ -99.242590046153808, 20.51315083076922 ], [ -99.243357569230739, 20.513294338461545 ], [ -99.244450876923054, 20.513247615384604 ], [ -99.245141215384564, 20.513102061538447 ], [ -99.245380876923051, 20.513029446153872 ], [ -99.245505492307657, 20.512984076923079 ], [ -99.245725984615348, 20.512920523076918 ], [ -99.24654115384611, 20.512874184615381 ], [ -99.246627492307653, 20.512883092307714 ], [ -99.246771446153815, 20.512937107692306 ], [ -99.246867430769242, 20.512982153846114 ], [ -99.247001953846137, 20.513135569230741 ], [ -99.247213169230776, 20.513270815384665 ], [ -99.24749163076919, 20.51346921538461 ], [ -99.247664584615379, 20.513658723076954 ], [ -99.247972123076906, 20.514046830769249 ], [ -99.248625584615368, 20.514823 ], [ -99.248808553846132, 20.515283584615375 ], [ -99.248943323076915, 20.515581584615393 ], [ -99.248953015384586, 20.515644815384615 ], [ -99.248982, 20.515780323076932 ], [ -99.249001338461511, 20.515879692307713 ], [ -99.249001599999986, 20.516033307692304 ], [ -99.248963553846096, 20.516232153846143 ], [ -99.248858369230717, 20.516431092307741 ], [ -99.248801015384586, 20.516557676923068 ], [ -99.248724553846117, 20.516720446153844 ], [ -99.248600169230713, 20.516910384615421 ], [ -99.248370323076884, 20.517118538461521 ], [ -99.248207492307671, 20.517263353846126 ], [ -99.247996723076923, 20.517408230769213 ], [ -99.2477666, 20.517453738461537 ], [ -99.24753636923073, 20.517436 ], [ -99.247047215384583, 20.517436692307665 ], [ -99.246749892307704, 20.517446153846119 ], [ -99.246318261538434, 20.517437723076956 ], [ -99.245454984615321, 20.517402799999989 ], [ -99.245023384615379, 20.517412446153834 ], [ -99.244419276923054, 20.517503661538459 ], [ -99.24405498461536, 20.517621646153863 ], [ -99.243882476923062, 20.517703215384611 ], [ -99.243671753846129, 20.517893261538461 ], [ -99.243432523076891, 20.518246015384594 ], [ -99.243279815384597, 20.518716107692342 ], [ -99.243184876923038, 20.519339723076889 ], [ -99.243204646153842, 20.519710184615398 ], [ -99.243214476923043, 20.519863784615396 ], [ -99.243224292307673, 20.519999307692309 ], [ -99.243195861538425, 20.520225246153888 ], [ -99.243176969230731, 20.520406 ], [ -99.243138830769212, 20.520550630769275 ], [ -99.243139169230759, 20.520758461538488 ], [ -99.24316809230767, 20.520857815384634 ], [ -99.243197092307653, 20.521002353846153 ], [ -99.243274584615349, 20.521481153846121 ], [ -99.243284399999965, 20.521625723076934 ], [ -99.243236738461491, 20.5218065076923 ], [ -99.243064553846125, 20.522104938461545 ], [ -99.2429116, 20.522430446153891 ], [ -99.24269206153842, 20.523108461538428 ], [ -99.242491215384575, 20.523479230769254 ], [ -99.242281492307654, 20.524301800000032 ], [ -99.242252892307661, 20.524410276923106 ], [ -99.242205399999989, 20.524708538461553 ], [ -99.242196215384581, 20.5249706 ], [ -99.242234923076921, 20.525187399999982 ], [ -99.242398569230772, 20.525557661538517 ], [ -99.242552507692267, 20.525855630769239 ], [ -99.242581692307652, 20.526117630769249 ], [ -99.242697123076894, 20.526316276923076 ], [ -99.24301395384613, 20.526505584615364 ], [ -99.243292230769214, 20.526577476923055 ], [ -99.243695030769203, 20.526540769230785 ], [ -99.243886892307671, 20.526549538461477 ], [ -99.244097923076922, 20.52655827692309 ], [ -99.244788692307665, 20.526647661538455 ], [ -99.245086123076888, 20.526701461538458 ], [ -99.245517938461518, 20.526809276923103 ], [ -99.246026599999951, 20.526989292307679 ], [ -99.246516199999988, 20.527241599999989 ], [ -99.246775538461506, 20.527458092307711 ], [ -99.246977369230706, 20.527710815384598 ], [ -99.24709286153842, 20.527954630769184 ], [ -99.247131599999975, 20.528180476923065 ], [ -99.247151138461518, 20.528397323076948 ], [ -99.247132353846112, 20.528650353846196 ], [ -99.247113384615403, 20.528785923076956 ], [ -99.246884276923055, 20.529472984615392 ], [ -99.246807846153786, 20.52966286153849 ], [ -99.246721938461462, 20.529925030769228 ], [ -99.246683876923043, 20.530114830769222 ], [ -99.246693815384603, 20.530331692307687 ], [ -99.246761199999966, 20.5304852 ], [ -99.246953399999938, 20.5307018 ], [ -99.247241507692252, 20.530918246153885 ], [ -99.2473088307692, 20.531026584615379 ], [ -99.247385707692246, 20.531116846153854 ], [ -99.24741487692306, 20.531360769230769 ], [ -99.247473046153814, 20.531740200000023 ], [ -99.247464461538414, 20.532363707692305 ], [ -99.247484292307647, 20.532770307692335 ], [ -99.247484538461507, 20.53292390769229 ], [ -99.247533399999938, 20.533484076923084 ], [ -99.247620615384591, 20.534026123076892 ], [ -99.247707384615353, 20.534306123076917 ], [ -99.24778458461536, 20.534586123076945 ], [ -99.247900153846132, 20.534875107692287 ], [ -99.248082876923021, 20.535164 ], [ -99.248332707692271, 20.535425692307729 ], [ -99.248495953846103, 20.535533892307676 ], [ -99.248783815384598, 20.535587692307704 ], [ -99.249109861538443, 20.535523969230784 ], [ -99.249522, 20.535315553846111 ], [ -99.249905399999975, 20.535125246153861 ], [ -99.25071066153842, 20.534816861538495 ], [ -99.250816153846102, 20.534798630769224 ], [ -99.251305369230735, 20.534797923076933 ], [ -99.251631446153823, 20.534761307692325 ], [ -99.251890292307664, 20.534661538461567 ], [ -99.252570923076888, 20.534398492307705 ], [ -99.252714799999978, 20.53438924615385 ], [ -99.252973784615349, 20.53438887692306 ], [ -99.253204092307655, 20.534442753846154 ], [ -99.253357646153802, 20.534487707692303 ], [ -99.253415430769181, 20.534623169230802 ] ] ] ] } },
{ "type": "Feature", "properties": { "IDBD": 162666, "FC": 6291, "CONDICION": "CUERPO DE AGUA INTERMITENTE" }, "geometry": { "type": "MultiPolygon", "coordinates": [ [ [ [ -99.316625723076882, 20.528004276923088 ], [ -99.316750199999944, 20.527895630769212 ], [ -99.316999030769196, 20.527624092307725 ], [ -99.317123415384572, 20.52747024615385 ], [ -99.317295507692265, 20.527198846153837 ], [ -99.317515969230726, 20.527126153846147 ], [ -99.317755661538442, 20.527071507692352 ], [ -99.317851584615369, 20.527071323076932 ], [ -99.317957107692251, 20.527080169230771 ], [ -99.317985876923046, 20.527071076923104 ], [ -99.318091338461528, 20.527052815384632 ], [ -99.318024784615375, 20.527333061538474 ], [ -99.317929030769193, 20.527414553846167 ], [ -99.31765087692304, 20.527424107692319 ], [ -99.317545538461488, 20.527505615384605 ], [ -99.317430769230725, 20.527668476923054 ], [ -99.317392646153834, 20.527786015384606 ], [ -99.3173354, 20.527939738461583 ], [ -99.317249276923036, 20.528039292307689 ], [ -99.317067353846141, 20.528193230769265 ], [ -99.316799015384589, 20.5283112 ], [ -99.316674092307665, 20.528202984615348 ], [ -99.316625723076882, 20.528004276923088 ] ] ] ] } },
{ "type": "Feature", "properties": { "IDBD": 163010, "FC": 6291, "CONDICION": "CUERPO DE AGUA INTERMITENTE" }, "geometry": { "type": "MultiPolygon", "coordinates": [ [ [ [ -99.247615799999963, 20.507179907692329 ], [ -99.247826030769218, 20.506700692307685 ], [ -99.247960123076908, 20.506592076923095 ], [ -99.248075123076916, 20.506537692307671 ], [ -99.248247892307674, 20.506618769230794 ], [ -99.248343953846131, 20.506718030769196 ], [ -99.248315476923054, 20.506898784615377 ], [ -99.248258353846097, 20.507160923076938 ], [ -99.248249215384618, 20.507441046153861 ], [ -99.248259046153834, 20.50759464615388 ], [ -99.24822078461537, 20.507657953846149 ], [ -99.248105784615333, 20.507712338461509 ], [ -99.247990707692296, 20.507712507692336 ], [ -99.247885107692269, 20.507658446153854 ], [ -99.247645199999965, 20.507568415384586 ], [ -99.247549030769207, 20.507405907692341 ], [ -99.247529769230738, 20.507360753846115 ], [ -99.247615799999963, 20.507179907692329 ] ] ] ] } },
{ "type": "Feature", "properties": { "IDBD": 163859, "FC": 6292, "CONDICION": "CUERPO DE AGUA PERENNE" }, "geometry": { "type": "MultiPolygon", "coordinates": [ [ [ [ -99.229922738461497, 20.424749338461563 ], [ -99.230009230769213, 20.424902846153831 ], [ -99.229788969230754, 20.425038676923055 ], [ -99.229061446153821, 20.425708323076968 ], [ -99.228410461538445, 20.426278446153844 ], [ -99.227893261538455, 20.426577323076881 ], [ -99.227740061538427, 20.426695 ], [ -99.227644507692276, 20.426902953846199 ], [ -99.2272331230769, 20.427445661538467 ], [ -99.226898538461498, 20.428069600000015 ], [ -99.226802969230704, 20.428268507692355 ], [ -99.226755384615331, 20.428503523076913 ], [ -99.226804076923045, 20.429027553846133 ], [ -99.226919492307687, 20.429289446153863 ], [ -99.227073338461494, 20.429605523076905 ], [ -99.227150230769212, 20.42975 ], [ -99.227322938461512, 20.4298582 ], [ -99.228406907692289, 20.430371846153886 ], [ -99.228934523076916, 20.430624169230796 ], [ -99.229107153846144, 20.430687200000015 ], [ -99.229298861538425, 20.430677907692317 ], [ -99.22972067692308, 20.430695430769209 ], [ -99.230257784615375, 20.430893507692314 ], [ -99.230727861538426, 20.431127830769189 ], [ -99.231437953846083, 20.431614846153867 ], [ -99.231754692307675, 20.431885507692289 ], [ -99.232129199999932, 20.432318738461571 ], [ -99.232167723076927, 20.432436169230787 ], [ -99.232177569230743, 20.43260784615385 ], [ -99.232340861538418, 20.432824492307684 ], [ -99.232322107692298, 20.433104630769225 ], [ -99.232389492307661, 20.433285276923094 ], [ -99.232504815384587, 20.433483907692327 ], [ -99.232639292307681, 20.433664461538445 ], [ -99.232735292307652, 20.433754692307684 ], [ -99.23288876923074, 20.433817738461556 ], [ -99.233052123076874, 20.434079569230736 ], [ -99.233109984615353, 20.434305400000042 ], [ -99.233158199999949, 20.434495092307692 ], [ -99.233139323076912, 20.434684876923054 ], [ -99.233053199999972, 20.434793430769265 ], [ -99.232967015384588, 20.434847753846171 ], [ -99.232938353846123, 20.434920092307667 ], [ -99.23304403076925, 20.435064523076953 ], [ -99.233101892307644, 20.435290353846192 ], [ -99.233169338461522, 20.4355252 ], [ -99.233198476923064, 20.435778169230765 ], [ -99.233237169230748, 20.436004030769247 ], [ -99.2333238, 20.436238846153866 ], [ -99.233381523076886, 20.436374323076915 ], [ -99.233468046153845, 20.436536861538439 ], [ -99.233756246153845, 20.436943092307711 ], [ -99.233852507692305, 20.437205015384603 ], [ -99.233872461538454, 20.437720046153842 ], [ -99.233729015384583, 20.43794615384617 ], [ -99.233528230769167, 20.438298830769213 ], [ -99.233509384615331, 20.438515723076943 ], [ -99.232992923076878, 20.439320630769227 ], [ -99.232638461538428, 20.439483753846179 ], [ -99.232092199999954, 20.439601953846189 ], [ -99.231440461538412, 20.439702230769228 ], [ -99.23106664615382, 20.439738861538487 ], [ -99.23060656923073, 20.439793692307678 ], [ -99.229763061538449, 20.439867092307676 ], [ -99.228910046153814, 20.440003769230763 ], [ -99.228565061538418, 20.440085538461517 ], [ -99.228325630769206, 20.44024850769231 ], [ -99.228192076923051, 20.440691461538428 ], [ -99.228269199999943, 20.44098955384619 ], [ -99.228365784615349, 20.441468338461544 ], [ -99.228500292307658, 20.441666953846127 ], [ -99.228673107692302, 20.441847461538472 ], [ -99.228826784615364, 20.442037015384624 ], [ -99.229114876923049, 20.442370969230797 ], [ -99.229547046153826, 20.442885461538427 ], [ -99.229633630769172, 20.443084153846165 ], [ -99.229595584615382, 20.443292030769229 ], [ -99.229634092307649, 20.443400415384659 ], [ -99.229749446153818, 20.443608092307723 ], [ -99.229893738461513, 20.443942246153863 ], [ -99.230326307692323, 20.444718784615361 ], [ -99.230595707692274, 20.445369030769221 ], [ -99.230673353846129, 20.446001461538486 ], [ -99.230674723076874, 20.446923153846189 ], [ -99.230704292307635, 20.447465276923062 ], [ -99.230666630769207, 20.447926169230787 ], [ -99.230590907692275, 20.448576876923049 ], [ -99.23050566153843, 20.449272769230781 ], [ -99.230410492307698, 20.449742784615374 ], [ -99.230296338461528, 20.450339323076921 ], [ -99.230171646153792, 20.450303338461559 ], [ -99.23007635384613, 20.450239307692282 ], [ -99.229902938461521, 20.450122969230801 ], [ -99.230113338461507, 20.449779323076928 ], [ -99.230199153846129, 20.449462938461526 ], [ -99.230198707692281, 20.449164753846141 ], [ -99.230150446153829, 20.44893890769232 ], [ -99.230159415384577, 20.448532261538471 ], [ -99.230111307692297, 20.448414861538456 ], [ -99.230072799999959, 20.448306476923065 ], [ -99.230138907692293, 20.447628676923095 ], [ -99.230195784615333, 20.447203907692298 ], [ -99.230271769230725, 20.446724892307696 ], [ -99.230290430769188, 20.446381492307683 ], [ -99.23025149230763, 20.445983938461517 ], [ -99.23016476923074, 20.445685861538486 ], [ -99.230078138461522, 20.445451046153842 ], [ -99.229905030769217, 20.445089815384666 ], [ -99.22969339999996, 20.444602153846169 ], [ -99.229510769230728, 20.444277092307725 ], [ -99.229414538461498, 20.444033230769239 ], [ -99.229347076923048, 20.443798384615377 ], [ -99.229317923076877, 20.443536369230767 ], [ -99.229212138461534, 20.443310615384593 ], [ -99.229039061538444, 20.442958430769238 ], [ -99.228875630769224, 20.442651415384582 ], [ -99.228693076923065, 20.442380569230796 ], [ -99.228491353846152, 20.442109738461504 ], [ -99.228328061538434, 20.441893092307687 ], [ -99.228059261538448, 20.441640430769255 ], [ -99.227953292307674, 20.441297199999987 ], [ -99.227905046153808, 20.441080384615379 ], [ -99.227885430769206, 20.440782215384615 ], [ -99.22793298461535, 20.440520107692308 ], [ -99.227999784615363, 20.440312184615404 ], [ -99.228085769230759, 20.440113276923086 ], [ -99.228152615384573, 20.439941507692346 ], [ -99.228372953846133, 20.439832784615369 ], [ -99.228765753846105, 20.439669615384602 ], [ -99.229091584615361, 20.439587861538488 ], [ -99.229446169230727, 20.439506076923124 ], [ -99.229896692307648, 20.439478369230791 ], [ -99.230749846153813, 20.439441092307717 ], [ -99.231229061538414, 20.439368169230747 ], [ -99.231813799999955, 20.43934027692309 ], [ -99.232034292307645, 20.439339984615387 ], [ -99.23221641538457, 20.439321676923097 ], [ -99.232541984615338, 20.439077261538454 ], [ -99.232704599999977, 20.438842107692292 ], [ -99.232838461538435, 20.438606984615376 ], [ -99.233001092307674, 20.438380861538434 ], [ -99.233163830769229, 20.438227030769276 ], [ -99.23334569230768, 20.438037030769276 ], [ -99.233460507692286, 20.437892292307684 ], [ -99.233527430769186, 20.437774738461478 ], [ -99.233584569230771, 20.437521646153893 ], [ -99.233526753846093, 20.437322923076927 ], [ -99.233353630769216, 20.436943630769235 ], [ -99.233238353846133, 20.436790169230729 ], [ -99.233123015384578, 20.436591538461549 ], [ -99.233055646153815, 20.436410892307698 ], [ -99.233007461538421, 20.436248307692345 ], [ -99.232940076923057, 20.43605864615386 ], [ -99.232872707692295, 20.435887046153837 ], [ -99.23276703076921, 20.435733569230749 ], [ -99.232699707692277, 20.435589076923065 ], [ -99.232679984615373, 20.435218630769256 ], [ -99.232679492307653, 20.434893323076921 ], [ -99.232727292307644, 20.434802892307729 ], [ -99.232784523076887, 20.434622092307659 ], [ -99.232745784615346, 20.434351061538486 ], [ -99.23259198461534, 20.434080184615361 ], [ -99.232361415384602, 20.433746153846155 ], [ -99.232188507692285, 20.433511446153819 ], [ -99.232130723076935, 20.433330799999986 ], [ -99.232015276923065, 20.433050830769226 ], [ -99.231928723076877, 20.432870215384597 ], [ -99.231938061538415, 20.43269852307689 ], [ -99.231841907692285, 20.432508892307666 ], [ -99.23172667692306, 20.432373492307683 ], [ -99.23154427692306, 20.432202061538472 ], [ -99.231438630769205, 20.432066646153871 ], [ -99.231073769230747, 20.431678584615394 ], [ -99.230814676923032, 20.431498199999979 ], [ -99.230603569230738, 20.431353907692298 ], [ -99.230028092307663, 20.43113780000003 ], [ -99.229308784615341, 20.430903799999985 ], [ -99.228915646153837, 20.430823 ], [ -99.228589569230763, 20.430724030769252 ], [ -99.228177215384576, 20.430616123076906 ], [ -99.227956630769199, 20.43054412307692 ], [ -99.227688015384587, 20.430408938461568 ], [ -99.227496138461518, 20.430300753846161 ], [ -99.227265892307642, 20.430174553846161 ], [ -99.226891615384559, 20.429885876923056 ], [ -99.2267187230769, 20.42965116923077 ], [ -99.226545753846139, 20.42936223076925 ], [ -99.226439923076896, 20.429100323076938 ], [ -99.226420030769219, 20.428612384615388 ], [ -99.226477123076876, 20.428323153846172 ], [ -99.226763876923044, 20.42776253846155 ], [ -99.226974046153813, 20.42727430769229 ], [ -99.227280138461524, 20.426822107692317 ], [ -99.227586323076906, 20.4264421846154 ], [ -99.227777799999956, 20.426279276923104 ], [ -99.22818012307691, 20.426089 ], [ -99.228630169230755, 20.425763092307687 ], [ -99.22892673846151, 20.42536512307688 ], [ -99.229194707692287, 20.425075600000046 ], [ -99.229405384615347, 20.424939784615383 ], [ -99.2296448, 20.424785861538471 ], [ -99.229817261538415, 20.424731415384606 ], [ -99.229922738461497, 20.424749338461563 ] ] ] ] } },
{ "type": "Feature", "properties": { "IDBD": 164102, "FC": 6291, "CONDICION": "CUERPO DE AGUA INTERMITENTE" }, "geometry": { "type": "MultiPolygon", "coordinates": [ [ [ [ -99.320652599999974, 20.434861953846145 ], [ -99.320729046153815, 20.434744338461563 ], [ -99.320853353846132, 20.434590492307727 ], [ -99.320948538461508, 20.434265015384611 ], [ -99.321043707692311, 20.433930507692306 ], [ -99.321130015384611, 20.433948430769235 ], [ -99.32143696923076, 20.434038215384593 ], [ -99.321408615384584, 20.434237061538472 ], [ -99.32143816923076, 20.434616523076897 ], [ -99.321342676923052, 20.434797430769237 ], [ -99.321179953846126, 20.434915200000017 ], [ -99.321007507692286, 20.434960692307694 ], [ -99.320825323076861, 20.434942953846161 ], [ -99.320652599999974, 20.434861953846145 ] ] ] ] } },
{ "type": "Feature", "properties": { "IDBD": 164166, "FC": 6291, "CONDICION": "CUERPO DE AGUA INTERMITENTE" }, "geometry": { "type": "MultiPolygon", "coordinates": [ [ [ [ -99.314718015384557, 20.429803507692299 ], [ -99.315254015384582, 20.429404953846163 ], [ -99.315378615384589, 20.429395692307715 ], [ -99.315570446153814, 20.42944955384618 ], [ -99.315724246153806, 20.429657107692289 ], [ -99.315217584615368, 20.430344769230775 ], [ -99.314977723076908, 20.430236769230707 ], [ -99.31479541538458, 20.430155784615387 ], [ -99.314661061538459, 20.430074692307681 ], [ -99.314632061538404, 20.429957276923087 ], [ -99.314718015384557, 20.429803507692299 ] ] ] ] } },
{ "type": "Feature", "properties": { "IDBD": 164645, "FC": 6291, "CONDICION": "CUERPO DE AGUA INTERMITENTE" }, "geometry": { "type": "MultiPolygon", "coordinates": [ [ [ [ -99.147411446153825, 20.396934800000011 ], [ -99.147507138461521, 20.396781107692316 ], [ -99.147621876923012, 20.396500892307721 ], [ -99.147736723076918, 20.396338138461527 ], [ -99.147842061538441, 20.396247692307714 ], [ -99.147985861538416, 20.396292738461501 ], [ -99.148120123076907, 20.396373953846123 ], [ -99.148158569230759, 20.396500430769201 ], [ -99.148168323076888, 20.39667210769236 ], [ -99.148158876923048, 20.39681670769232 ], [ -99.148168615384563, 20.39697933846157 ], [ -99.148130430769172, 20.397142030769228 ], [ -99.148063446153785, 20.397250523076949 ], [ -99.147996446153812, 20.397340938461586 ], [ -99.147910230769213, 20.397377153846143 ], [ -99.147411446153825, 20.396934800000011 ] ] ] ] } },
{ "type": "Feature", "properties": { "IDBD": 164721, "FC": 6291, "CONDICION": "CUERPO DE AGUA INTERMITENTE" }, "geometry": { "type": "MultiPolygon", "coordinates": [ [ [ [ -99.14579658461534, 20.391884892307655 ], [ -99.145805984615379, 20.39168609230774 ], [ -99.145825, 20.391532461538425 ], [ -99.145882476923035, 20.391505292307702 ], [ -99.145997461538443, 20.391487123076896 ], [ -99.146102846153823, 20.391441861538429 ], [ -99.146208199999961, 20.391378523076927 ], [ -99.146265646153836, 20.391324246153893 ], [ -99.146371015384574, 20.391260907692338 ], [ -99.146476430769198, 20.391251784615367 ], [ -99.146591538461536, 20.391369153846128 ], [ -99.146658769230712, 20.391522723076925 ], [ -99.146687707692251, 20.391721492307713 ], [ -99.146678292307641, 20.391893184615384 ], [ -99.146553815384578, 20.392010769230733 ], [ -99.146458030769182, 20.392065061538471 ], [ -99.146323892307649, 20.392110353846164 ], [ -99.146055615384569, 20.392173830769238 ], [ -99.14579658461534, 20.391884892307655 ] ] ] ] } },
{ "type": "Feature", "properties": { "IDBD": 165435, "FC": 6291, "CONDICION": "CUERPO DE AGUA INTERMITENTE" }, "geometry": { "type": "MultiPolygon", "coordinates": [ [ [ [ -99.274994476923013, 20.343665307692348 ], [ -99.274850707692281, 20.343638430769197 ], [ -99.274678, 20.343494123076958 ], [ -99.274533769230715, 20.343196153846112 ], [ -99.274514123076912, 20.342916061538485 ], [ -99.274619138461489, 20.342708061538477 ], [ -99.274781723076885, 20.342545153846149 ], [ -99.274934861538469, 20.342463584615377 ], [ -99.275059492307648, 20.342508569230787 ], [ -99.275117430769171, 20.342770523076926 ], [ -99.275165892307669, 20.343086723076912 ], [ -99.275166446153804, 20.343393953846128 ], [ -99.275118876923031, 20.343583784615415 ], [ -99.274994476923013, 20.343665307692348 ] ] ] ] } },
{ "type": "Feature", "properties": { "IDBD": 165477, "FC": 6292, "CONDICION": "CUERPO DE AGUA PERENNE" }, "geometry": { "type": "MultiPolygon", "coordinates": [ [ [ [ -99.225848769230723, 20.339145307692306 ], [ -99.22603067692306, 20.339063753846126 ], [ -99.226059430769197, 20.339063707692301 ], [ -99.226174492307649, 20.339135861538477 ], [ -99.226232076923068, 20.339208076923072 ], [ -99.226414461538468, 20.339451815384614 ], [ -99.226270953846154, 20.339587538461522 ], [ -99.226070046153836, 20.339777569230726 ], [ -99.225916446153818, 20.339569923076915 ], [ -99.225839553846114, 20.339389307692329 ], [ -99.225714815384606, 20.339262953846131 ], [ -99.225848769230723, 20.339145307692306 ] ] ] ] } },
{ "type": "Feature", "properties": { "IDBD": 165706, "FC": 6291, "CONDICION": "CUERPO DE AGUA INTERMITENTE" }, "geometry": { "type": "MultiPolygon", "coordinates": [ [ [ [ -99.22247364615383, 20.323769861538441 ], [ -99.222732584615372, 20.323977369230782 ], [ -99.222800015384607, 20.324230307692321 ], [ -99.222848184615358, 20.324429030769263 ], [ -99.223203338461474, 20.324925584615354 ], [ -99.223289892307633, 20.325160415384637 ], [ -99.22330930769229, 20.325341123076903 ], [ -99.223280723076911, 20.32544055384616 ], [ -99.223204199999984, 20.325521969230753 ], [ -99.22310846153843, 20.325558246153857 ], [ -99.222974307692326, 20.325531307692287 ], [ -99.222849692307648, 20.325477246153831 ], [ -99.222753769230749, 20.325387 ], [ -99.22262895384614, 20.32518836923078 ], [ -99.222542415384581, 20.324962569230792 ], [ -99.222513353846097, 20.324736692307699 ], [ -99.222512476923043, 20.324122230769273 ], [ -99.22247364615383, 20.323769861538441 ] ] ] ] } },
{ "type": "Feature", "properties": { "IDBD": 166050, "FC": 6291, "CONDICION": "CUERPO DE AGUA INTERMITENTE" }, "geometry": { "type": "MultiPolygon", "coordinates": [ [ [ [ -99.134803338461509, 20.302624 ], [ -99.13479364615381, 20.302488461538438 ], [ -99.134889338461534, 20.302388984615352 ], [ -99.135147815384585, 20.302244215384601 ], [ -99.135291261538441, 20.301982046153817 ], [ -99.13531021538455, 20.301738046153847 ], [ -99.135463523076893, 20.30181021538462 ], [ -99.135626261538448, 20.30170166153847 ], [ -99.135722, 20.3016564 ], [ -99.135923276923066, 20.301818892307701 ], [ -99.136057553846157, 20.302026630769273 ], [ -99.135942723076866, 20.30214420000004 ], [ -99.135722799999954, 20.302578107692277 ], [ -99.135119538461495, 20.30275930769232 ], [ -99.134908769230762, 20.302705246153831 ], [ -99.134803338461509, 20.302624 ] ] ] ] } },
{ "type": "Feature", "properties": { "IDBD": 166072, "FC": 6291, "CONDICION": "CUERPO DE AGUA INTERMITENTE" }, "geometry": { "type": "MultiPolygon", "coordinates": [ [ [ [ -99.13968755384613, 20.301897261538482 ], [ -99.139553369230725, 20.301797969230755 ], [ -99.139486199999965, 20.301662476923077 ], [ -99.139533923076883, 20.301472676923105 ], [ -99.1396582307692, 20.30124666153845 ], [ -99.139696415384591, 20.301102061538451 ], [ -99.13975379999998, 20.301002615384665 ], [ -99.139906984615337, 20.300930200000014 ], [ -99.139983599999965, 20.300921107692261 ], [ -99.140069830769193, 20.300957169230717 ], [ -99.140146523076879, 20.3010294 ], [ -99.140213646153811, 20.301110676923059 ], [ -99.140338215384602, 20.301173830769198 ], [ -99.140453199999953, 20.301227953846176 ], [ -99.14057778461536, 20.301309184615342 ], [ -99.140606676923028, 20.301480861538469 ], [ -99.140415384615352, 20.301788246153858 ], [ -99.140195261538423, 20.301978184615344 ], [ -99.139898323076892, 20.301960353846155 ], [ -99.13968755384613, 20.301897261538482 ] ] ] ] } },
{ "type": "Feature", "properties": { "IDBD": 166082, "FC": 6291, "CONDICION": "CUERPO DE AGUA INTERMITENTE" }, "geometry": { "type": "MultiPolygon", "coordinates": [ [ [ [ -99.183592876923058, 20.301260323076953 ], [ -99.18430141538461, 20.301051738461556 ], [ -99.184569492307659, 20.300961092307716 ], [ -99.184741892307656, 20.300960907692318 ], [ -99.184856876923064, 20.301005969230737 ], [ -99.184943184615349, 20.3010872 ], [ -99.185029584615364, 20.301258800000038 ], [ -99.18510653846154, 20.301529815384633 ], [ -99.185135584615324, 20.301800876923068 ], [ -99.185126153846142, 20.30191835384618 ], [ -99.184982599999955, 20.302017907692306 ], [ -99.184743246153801, 20.302099492307708 ], [ -99.184331507692264, 20.302199323076938 ], [ -99.184063384615371, 20.302253815384621 ], [ -99.183592876923058, 20.301260323076953 ] ] ] ] } },
{ "type": "Feature", "properties": { "IDBD": 166118, "FC": 6291, "CONDICION": "CUERPO DE AGUA INTERMITENTE" }, "geometry": { "type": "MultiPolygon", "coordinates": [ [ [ [ -99.15077706153842, 20.299881984615396 ], [ -99.151369953846142, 20.298914584615364 ], [ -99.151848292307676, 20.298335846153808 ], [ -99.151953353846125, 20.298028523076887 ], [ -99.152058615384576, 20.297929030769211 ], [ -99.152336323076867, 20.297883600000013 ], [ -99.152518353846119, 20.297928630769253 ], [ -99.152662107692308, 20.298018861538473 ], [ -99.152815553846139, 20.298226569230749 ], [ -99.152844415384578, 20.298353046153846 ], [ -99.15276804615381, 20.298615169230775 ], [ -99.15239472307691, 20.298841415384604 ], [ -99.151954307692279, 20.299013476923051 ], [ -99.151762938461516, 20.299203415384632 ], [ -99.151370753846152, 20.299736892307696 ], [ -99.151179369230746, 20.29991778461541 ], [ -99.15106447692304, 20.299954030769261 ], [ -99.150911246153797, 20.299972246153846 ], [ -99.150805861538416, 20.299945215384625 ], [ -99.15077706153842, 20.299881984615396 ] ] ] ] } },
{ "type": "Feature", "properties": { "IDBD": 166377, "FC": 6292, "CONDICION": "CUERPO DE AGUA PERENNE" }, "geometry": { "type": "MultiPolygon", "coordinates": [ [ [ [ -99.202885846153848, 20.2812958 ], [ -99.20327915384614, 20.281801384615427 ], [ -99.2034521230769, 20.282243969230763 ], [ -99.203740599999975, 20.283147261538485 ], [ -99.203837, 20.283626076923113 ], [ -99.203885753846095, 20.284285676923055 ], [ -99.203885861538396, 20.284376046153866 ], [ -99.203838015384591, 20.284403200000021 ], [ -99.203598246153845, 20.28414143076926 ], [ -99.203367907692282, 20.283762169230791 ], [ -99.203262246153784, 20.283518307692329 ], [ -99.203165138461486, 20.282497307692328 ], [ -99.203145569230742, 20.282172030769242 ], [ -99.203126307692315, 20.28209072307693 ], [ -99.203058769230722, 20.28171127692309 ], [ -99.202857169230754, 20.281331984615385 ], [ -99.202847523076883, 20.281286815384615 ], [ -99.202885846153848, 20.2812958 ] ] ] ] } },
{ "type": "Feature", "properties": { "IDBD": 166443, "FC": 6291, "CONDICION": "CUERPO DE AGUA INTERMITENTE" }, "geometry": { "type": "MultiPolygon", "coordinates": [ [ [ [ -99.28122164615381, 20.279895369230793 ], [ -99.281202246153811, 20.279759861538473 ], [ -99.281259523076926, 20.279651323076951 ], [ -99.281383892307659, 20.279587876923078 ], [ -99.28149893846151, 20.279650938461511 ], [ -99.281623707692276, 20.279804353846171 ], [ -99.281719646153832, 20.27990360000004 ], [ -99.281892061538429, 20.2799214 ], [ -99.282073969230737, 20.279894 ], [ -99.282121815384571, 20.27986681538458 ], [ -99.282198476923043, 20.279893800000011 ], [ -99.282361384615371, 20.279956784615418 ], [ -99.282036276923051, 20.280228399999967 ], [ -99.281873646153812, 20.280328061538494 ], [ -99.281720476923056, 20.280355415384633 ], [ -99.28158632307688, 20.280319492307687 ], [ -99.281461676923058, 20.280229323076959 ], [ -99.281384876923028, 20.280130046153872 ], [ -99.281308107692269, 20.280039815384633 ], [ -99.28122164615381, 20.279895369230793 ] ] ] ] } },
{ "type": "Feature", "properties": { "IDBD": 166901, "FC": 6291, "CONDICION": "CUERPO DE AGUA INTERMITENTE" }, "geometry": { "type": "MultiPolygon", "coordinates": [ [ [ [ -99.3253018, 20.251680015384586 ], [ -99.325015046153837, 20.251915492307692 ], [ -99.324641230769217, 20.251726415384631 ], [ -99.324439784615336, 20.251546061538487 ], [ -99.324448984615358, 20.251365323076961 ], [ -99.32460172307691, 20.251148169230785 ], [ -99.324735399999952, 20.250967184615376 ], [ -99.325042199999956, 20.251156384615374 ], [ -99.325272292307687, 20.251300538461578 ], [ -99.325415969230733, 20.251327384615387 ], [ -99.325645830769233, 20.251354061538429 ], [ -99.325847230769227, 20.251516338461528 ], [ -99.325703630769198, 20.251525646153844 ], [ -99.325512092307648, 20.251507938461515 ], [ -99.3253018, 20.251680015384586 ] ] ] ] } },
{ "type": "Feature", "properties": { "IDBD": 167066, "FC": 6292, "CONDICION": "CUERPO DE AGUA PERENNE" }, "geometry": { "type": "MultiPolygon", "coordinates": [ [ [ [ -99.229038015384603, 20.240663169230785 ], [ -99.229698230769216, 20.240382184615388 ], [ -99.230559692307665, 20.240236461538462 ], [ -99.231421261538443, 20.240154 ], [ -99.233001061538417, 20.24017903076923 ], [ -99.234092107692291, 20.239897446153854 ], [ -99.235325446153837, 20.238739138461511 ], [ -99.235430799999946, 20.238766107692339 ], [ -99.235354692307652, 20.239091523076933 ], [ -99.235163661538422, 20.239389969230771 ], [ -99.23497253846152, 20.239625169230774 ], [ -99.234876953846111, 20.239733738461538 ], [ -99.234762230769221, 20.239842338461571 ], [ -99.234637923076903, 20.239950938461522 ], [ -99.234350938461517, 20.240113969230773 ], [ -99.234035169230765, 20.24023186153844 ], [ -99.233432169230753, 20.240359184615357 ], [ -99.230818615384578, 20.240516261538453 ], [ -99.230158323076893, 20.240743030769242 ], [ -99.229995430769222, 20.240652876923104 ], [ -99.229038015384603, 20.240663169230785 ] ] ] ] } },
{ "type": "Feature", "properties": { "IDBD": 167107, "FC": 6291, "CONDICION": "CUERPO DE AGUA INTERMITENTE" }, "geometry": { "type": "MultiPolygon", "coordinates": [ [ [ [ -99.314689, 20.240304553846158 ], [ -99.314182, 20.240522338461542 ], [ -99.314228969230726, 20.240070446153819 ], [ -99.314439753846159, 20.240142353846139 ], [ -99.314592969230759, 20.240160153846176 ], [ -99.314689, 20.240304553846158 ] ] ] ] } },
{ "type": "Feature", "properties": { "IDBD": 167332, "FC": 6291, "CONDICION": "CUERPO DE AGUA INTERMITENTE" }, "geometry": { "type": "MultiPolygon", "coordinates": [ [ [ [ -99.415603230769221, 20.23025407692306 ], [ -99.415575046153805, 20.230452938461546 ], [ -99.415537015384587, 20.230552430769194 ], [ -99.415470430769204, 20.230715230769242 ], [ -99.415384815384584, 20.230923276923118 ], [ -99.415346907692268, 20.231067938461514 ], [ -99.415289830769225, 20.231203615384622 ], [ -99.41518475384612, 20.231294230769247 ], [ -99.415060353846116, 20.231312600000013 ], [ -99.414926338461541, 20.231321953846191 ], [ -99.414811384615334, 20.231295107692265 ], [ -99.414600846153832, 20.231322723076925 ], [ -99.414505107692264, 20.231322938461521 ], [ -99.414361338461504, 20.231260030769235 ], [ -99.414532584615358, 20.230853 ], [ -99.41478092307689, 20.230635538461566 ], [ -99.415239723076922, 20.230363369230769 ], [ -99.415603230769221, 20.23025407692306 ] ] ] ] } },
{ "type": "Feature", "properties": { "IDBD": 167398, "FC": 6291, "CONDICION": "CUERPO DE AGUA INTERMITENTE" }, "geometry": { "type": "MultiPolygon", "coordinates": [ [ [ [ -99.409814892307651, 20.227999569230768 ], [ -99.409718, 20.227557015384647 ], [ -99.409726676923043, 20.22721361538462 ], [ -99.409993523076892, 20.226752153846142 ], [ -99.410461553846133, 20.226344430769181 ], [ -99.410863323076896, 20.226226015384604 ], [ -99.411590876923043, 20.226224307692267 ], [ -99.411706030769196, 20.226323430769249 ], [ -99.411696707692258, 20.226422861538456 ], [ -99.411620584615349, 20.22659472307695 ], [ -99.411391584615359, 20.226884430769264 ], [ -99.411286769230756, 20.227074430769274 ], [ -99.411153584615363, 20.227391015384587 ], [ -99.411039199999976, 20.22758104615389 ], [ -99.410752707692268, 20.227852799999955 ], [ -99.410638, 20.227916323076958 ], [ -99.410255184615352, 20.2279624 ], [ -99.410159446153827, 20.227962615384634 ], [ -99.409814892307651, 20.227999569230768 ] ] ] ] } },
{ "type": "Feature", "properties": { "IDBD": 167458, "FC": 6291, "CONDICION": "CUERPO DE AGUA INTERMITENTE" }, "geometry": { "type": "MultiPolygon", "coordinates": [ [ [ [ -99.404063076923052, 20.224994784615397 ], [ -99.403843523076901, 20.225239276923134 ], [ -99.40377679999996, 20.225347861538484 ], [ -99.403719615384588, 20.225447384615375 ], [ -99.403671938461542, 20.225519784615365 ], [ -99.403585892307689, 20.225565169230819 ], [ -99.403528430769185, 20.225556261538483 ], [ -99.40346133846154, 20.225529307692298 ], [ -99.403231230769194, 20.225394292307676 ], [ -99.403135184615337, 20.225268015384636 ], [ -99.403115523076906, 20.225069261538433 ], [ -99.403124830769215, 20.224969830769275 ], [ -99.403163061538422, 20.22494263076922 ], [ -99.404063076923052, 20.224994784615397 ] ] ] ] } },
{ "type": "Feature", "properties": { "IDBD": 167538, "FC": 6291, "CONDICION": "CUERPO DE AGUA INTERMITENTE" }, "geometry": { "type": "MultiPolygon", "coordinates": [ [ [ [ -99.430621892307656, 20.222482830769241 ], [ -99.43070749230769, 20.222283815384607 ], [ -99.430783830769201, 20.222193276923086 ], [ -99.430860215384598, 20.2221208 ], [ -99.430927153846127, 20.222093523076921 ], [ -99.431051630769232, 20.22210224615386 ], [ -99.431195369230736, 20.2221561230769 ], [ -99.431310523076917, 20.222255230769271 ], [ -99.431358676923068, 20.222363553846193 ], [ -99.431397276923079, 20.222471892307706 ], [ -99.43139807692306, 20.222761046153828 ], [ -99.43120636923075, 20.222671153846154 ], [ -99.431139307692277, 20.222653246153833 ], [ -99.43085210769226, 20.222653953846162 ], [ -99.43080419999994, 20.222636 ], [ -99.430727415384567, 20.222563892307743 ], [ -99.430621892307656, 20.222482830769241 ] ] ] ] } },
{ "type": "Feature", "properties": { "IDBD": 167563, "FC": 6291, "CONDICION": "CUERPO DE AGUA INTERMITENTE" }, "geometry": { "type": "MultiPolygon", "coordinates": [ [ [ [ -99.410942030769178, 20.219746815384614 ], [ -99.411393261538464, 20.2202427538462 ], [ -99.411911723076898, 20.22081986153847 ], [ -99.411739738461506, 20.220946769230771 ], [ -99.411548615384589, 20.221073723076934 ], [ -99.410984599999978, 20.221373246153878 ], [ -99.410688184615353, 20.221509476923099 ], [ -99.410113969230764, 20.221574076923105 ], [ -99.409740599999964, 20.22156590769227 ], [ -99.409328661538453, 20.22144940000004 ], [ -99.408849276923078, 20.2211704 ], [ -99.408971938461519, 20.220483353846163 ], [ -99.409163492307655, 20.220519046153868 ], [ -99.409623030769225, 20.220536046153864 ], [ -99.410005753846121, 20.220462861538461 ], [ -99.410378753846103, 20.220326446153823 ], [ -99.410636569230704, 20.220081876923032 ], [ -99.410942030769178, 20.219746815384614 ] ] ] ] } },
{ "type": "Feature", "properties": { "IDBD": 167628, "FC": 6291, "CONDICION": "CUERPO DE AGUA INTERMITENTE" }, "geometry": { "type": "MultiPolygon", "coordinates": [ [ [ [ -99.397150661538461, 20.21723933846156 ], [ -99.397467076923078, 20.217446461538422 ], [ -99.397553446153822, 20.217527600000018 ], [ -99.397649338461491, 20.217590630769234 ], [ -99.397956123076895, 20.217770661538484 ], [ -99.39835884615384, 20.2180318 ], [ -99.398560353846108, 20.218221107692333 ], [ -99.39870452307693, 20.218446692307683 ], [ -99.398752923076913, 20.21865441538462 ], [ -99.398820507692292, 20.218880169230758 ], [ -99.398782507692289, 20.218997723076939 ], [ -99.398600784615368, 20.219061384615376 ], [ -99.39853355384615, 20.218971184615381 ], [ -99.398475738461528, 20.218826723076944 ], [ -99.398331476923047, 20.218565 ], [ -99.398264307692259, 20.218501907692335 ], [ -99.398168369230746, 20.218420800000022 ], [ -99.397986246153835, 20.21832181538463 ], [ -99.397928692307659, 20.218276753846158 ], [ -99.397813676923064, 20.218222799999985 ], [ -99.397698646153842, 20.2181598 ], [ -99.397382399999969, 20.218024984615411 ], [ -99.39726741538459, 20.217980061538462 ], [ -99.396931738461532, 20.217736830769251 ], [ -99.396787261538435, 20.217384738461561 ], [ -99.397045707692271, 20.217375123076906 ], [ -99.397150661538461, 20.21723933846156 ] ] ] ] } },
{ "type": "Feature", "properties": { "IDBD": 167694, "FC": 6291, "CONDICION": "CUERPO DE AGUA INTERMITENTE" }, "geometry": { "type": "MultiPolygon", "coordinates": [ [ [ [ -99.414734307692271, 20.216665569230788 ], [ -99.414600815384631, 20.216864676923077 ], [ -99.414543476923058, 20.216900953846135 ], [ -99.414409599999971, 20.216955492307697 ], [ -99.414266107692285, 20.216991969230754 ], [ -99.414189476923028, 20.216974076923034 ], [ -99.414131907692308, 20.21692 ], [ -99.414131615384591, 20.216811569230789 ], [ -99.414121830769204, 20.216730261538466 ], [ -99.413997169230726, 20.216649230769228 ], [ -99.413843815384581, 20.216577292307694 ], [ -99.413719138461545, 20.216487230769232 ], [ -99.413651907692255, 20.216406061538478 ], [ -99.413632661538443, 20.216369969230787 ], [ -99.4136326153846, 20.216351892307664 ], [ -99.413776138461486, 20.216324446153852 ], [ -99.413948615384584, 20.216387292307726 ], [ -99.414379723076905, 20.216512784615364 ], [ -99.414734307692271, 20.216665569230788 ] ] ] ] } },
{ "type": "Feature", "properties": { "IDBD": 167750, "FC": 6291, "CONDICION": "CUERPO DE AGUA INTERMITENTE" }, "geometry": { "type": "MultiPolygon", "coordinates": [ [ [ [ -99.377654261538467, 20.214670846153854 ], [ -99.377520276923065, 20.214680169230771 ], [ -99.377414846153798, 20.214626184615376 ], [ -99.377299892307647, 20.214590292307683 ], [ -99.376629307692269, 20.214383892307705 ], [ -99.376524, 20.214384123076929 ], [ -99.376294307692291, 20.214402676923083 ], [ -99.376112523076912, 20.214439215384616 ], [ -99.375844615384594, 20.214494 ], [ -99.376571107692271, 20.214067738461541 ], [ -99.376953815384596, 20.213985600000012 ], [ -99.377193153846093, 20.213994123076954 ], [ -99.377394369230743, 20.214075015384601 ], [ -99.377528753846107, 20.214228338461503 ], [ -99.377634553846136, 20.214435953846195 ], [ -99.377654261538467, 20.214670846153854 ] ] ] ] } },
{ "type": "Feature", "properties": { "IDBD": 167758, "FC": 6291, "CONDICION": "CUERPO DE AGUA INTERMITENTE" }, "geometry": { "type": "MultiPolygon", "coordinates": [ [ [ [ -99.408354169230748, 20.214864215384601 ], [ -99.408316123076915, 20.214954661538439 ], [ -99.408287523076893, 20.214999923076935 ], [ -99.408230138461519, 20.215018123076909 ], [ -99.408105523076898, 20.214955153846134 ], [ -99.408057569230735, 20.214919123076932 ], [ -99.407971292307693, 20.214874138461575 ], [ -99.407913723076916, 20.214820061538468 ], [ -99.407712461538438, 20.214730169230766 ], [ -99.407281769230778, 20.214758276923067 ], [ -99.407118938461494, 20.214722507692326 ], [ -99.406792815384577, 20.214470246153816 ], [ -99.406322846153785, 20.214118907692349 ], [ -99.406560707692293, 20.213558107692329 ], [ -99.406895430769168, 20.213439861538493 ], [ -99.407202169230771, 20.213601815384639 ], [ -99.407643215384553, 20.213871876923072 ], [ -99.407969246153797, 20.214087984615382 ], [ -99.408141923076897, 20.21423216923078 ], [ -99.408257230769195, 20.214394553846166 ], [ -99.408354169230748, 20.214864215384601 ] ] ] ] } },
{ "type": "Feature", "properties": { "IDBD": 167804, "FC": 6291, "CONDICION": "CUERPO DE AGUA INTERMITENTE" }, "geometry": { "type": "MultiPolygon", "coordinates": [ [ [ [ -99.385688876923012, 20.212069015384618 ], [ -99.386242246153813, 20.211326815384638 ], [ -99.386509799999985, 20.21113646153843 ], [ -99.386662753846139, 20.211054799999985 ], [ -99.386902046153821, 20.211045230769212 ], [ -99.387151123076919, 20.211126015384604 ], [ -99.387285338461496, 20.211207046153852 ], [ -99.387486938461521, 20.211441538461546 ], [ -99.3874778307692, 20.211631323076915 ], [ -99.387325569230754, 20.211993123076951 ], [ -99.387287415384563, 20.212047415384617 ], [ -99.387154015384596, 20.212291692307698 ], [ -99.387144507692256, 20.212318815384581 ], [ -99.38709686153841, 20.21240929230769 ], [ -99.387029907692281, 20.212427507692315 ], [ -99.3868, 20.212364769230799 ], [ -99.386512615384603, 20.212275030769224 ], [ -99.386474292307696, 20.212266076923072 ], [ -99.386368861538401, 20.212212092307688 ], [ -99.38617721538462, 20.212131184615362 ], [ -99.386110169230747, 20.212113261538473 ], [ -99.385995215384568, 20.212077369230769 ], [ -99.385880276923046, 20.212050507692325 ], [ -99.385688876923012, 20.212069015384618 ] ] ] ] } },
{ "type": "Feature", "properties": { "IDBD": 167880, "FC": 6291, "CONDICION": "CUERPO DE AGUA INTERMITENTE" }, "geometry": { "type": "MultiPolygon", "coordinates": [ [ [ [ -99.453560676923033, 20.209873723076914 ], [ -99.453742446153839, 20.209837107692326 ], [ -99.453905230769237, 20.209854769230784 ], [ -99.453943507692273, 20.209854661538476 ], [ -99.454020169230731, 20.20988156923076 ], [ -99.454087338461505, 20.209935615384648 ], [ -99.454154461538423, 20.209980630769223 ], [ -99.454231076923051, 20.209989461538495 ], [ -99.454326738461518, 20.209971153846158 ], [ -99.454451107692293, 20.209943723076922 ], [ -99.454565861538455, 20.209907276923055 ], [ -99.454680723076891, 20.209906984615358 ], [ -99.454824338461492, 20.209915646153849 ], [ -99.455025584615356, 20.209996446153855 ], [ -99.454757907692326, 20.210114615384636 ], [ -99.454576307692292, 20.2102054461539 ], [ -99.454404230769185, 20.210287215384607 ], [ -99.454165030769204, 20.210323984615385 ], [ -99.45393524615379, 20.210306507692295 ], [ -99.453714753846157, 20.210189599999985 ], [ -99.453618692307671, 20.210072369230762 ], [ -99.453580061538446, 20.209955 ], [ -99.453560676923033, 20.209873723076914 ] ] ] ] } },
{ "type": "Feature", "properties": { "IDBD": 167905, "FC": 6291, "CONDICION": "CUERPO DE AGUA INTERMITENTE" }, "geometry": { "type": "MultiPolygon", "coordinates": [ [ [ [ -99.45008336923074, 20.208979046153811 ], [ -99.450236738461498, 20.209050938461548 ], [ -99.450399353846137, 20.209014384615429 ], [ -99.450437569230743, 20.208987169230763 ], [ -99.450695723076876, 20.208887107692327 ], [ -99.450829815384608, 20.208913876923095 ], [ -99.450954230769213, 20.208904523076967 ], [ -99.451049892307665, 20.2088862 ], [ -99.451088184615372, 20.20888610769234 ], [ -99.451126553846095, 20.208913107692297 ], [ -99.451231923076861, 20.208939953846169 ], [ -99.45110803076922, 20.209130030769231 ], [ -99.45097452307688, 20.209302061538491 ], [ -99.450888553846113, 20.209365538461544 ], [ -99.450697107692307, 20.209366030769232 ], [ -99.450457692307651, 20.209330492307696 ], [ -99.450313876923047, 20.20924953846157 ], [ -99.45008336923074, 20.208979046153811 ] ] ] ] } },
{ "type": "Feature", "properties": { "IDBD": 167906, "FC": 6291, "CONDICION": "CUERPO DE AGUA INTERMITENTE" }, "geometry": { "type": "MultiPolygon", "coordinates": [ [ [ [ -99.458411907692295, 20.209219569230722 ], [ -99.458507061538455, 20.209029553846133 ], [ -99.4585644, 20.208993261538446 ], [ -99.458621692307645, 20.208947923076945 ], [ -99.458813092307679, 20.208929353846173 ], [ -99.459004584615357, 20.208946923076926 ], [ -99.459129230769221, 20.209018892307693 ], [ -99.459273153846112, 20.209135984615404 ], [ -99.459168184615336, 20.20924469230772 ], [ -99.45910141538458, 20.209326199999985 ], [ -99.45906333846149, 20.209398584615407 ], [ -99.459025153846127, 20.209434830769247 ], [ -99.4589678, 20.209462092307689 ], [ -99.458843446153821, 20.209489523076954 ], [ -99.458718846153801, 20.209435630769217 ], [ -99.458622938461488, 20.209372630769252 ], [ -99.458411907692295, 20.209219569230722 ] ] ] ] } },
{ "type": "Feature", "properties": { "IDBD": 167928, "FC": 6291, "CONDICION": "CUERPO DE AGUA INTERMITENTE" }, "geometry": { "type": "MultiPolygon", "coordinates": [ [ [ [ -99.459442861538449, 20.208249984615396 ], [ -99.459586338461492, 20.208213476923106 ], [ -99.459768199999971, 20.208213 ], [ -99.459902246153803, 20.20822167692307 ], [ -99.459978784615387, 20.208212446153865 ], [ -99.460074461538412, 20.208194123076915 ], [ -99.460141384615355, 20.20816683076924 ], [ -99.460189215384602, 20.208157676923097 ], [ -99.460265784615373, 20.208157476923081 ], [ -99.460352076923058, 20.208202430769244 ], [ -99.460409830769208, 20.20831070769232 ], [ -99.460362338461508, 20.208437338461536 ], [ -99.460228599999965, 20.208528061538452 ], [ -99.45997019999993, 20.208546799999986 ], [ -99.459730676923058, 20.208475138461562 ], [ -99.459519676923037, 20.208331123076867 ], [ -99.459442861538449, 20.208249984615396 ] ] ] ] } },
{ "type": "Feature", "properties": { "IDBD": 167943, "FC": 6291, "CONDICION": "CUERPO DE AGUA INTERMITENTE" }, "geometry": { "type": "MultiPolygon", "coordinates": [ [ [ [ -99.389313061538445, 20.20670247692312 ], [ -99.389236030769197, 20.206521923076945 ], [ -99.389178107692288, 20.206323246153879 ], [ -99.389196446153804, 20.205997907692318 ], [ -99.389453538461495, 20.205455153846167 ], [ -99.389672984615373, 20.20516550769231 ], [ -99.38986412307689, 20.20504761538459 ], [ -99.389997984615349, 20.204984061538457 ], [ -99.390189369230754, 20.204965569230779 ], [ -99.39050544615381, 20.205046184615391 ], [ -99.390706784615375, 20.205172246153854 ], [ -99.390850784615367, 20.205343615384603 ], [ -99.391014092307671, 20.20557820000003 ], [ -99.390889907692298, 20.205677876923083 ], [ -99.390803876923073, 20.205723246153894 ], [ -99.390765646153838, 20.205750446153871 ], [ -99.390689230769212, 20.205813861538484 ], [ -99.390622476923056, 20.205913415384604 ], [ -99.390555646153828, 20.205985846153869 ], [ -99.390441215384612, 20.206157800000014 ], [ -99.390269307692293, 20.2063118 ], [ -99.390250199999969, 20.206329907692339 ], [ -99.390145107692291, 20.206411476923051 ], [ -99.389982799999984, 20.20657449230773 ], [ -99.38980121538458, 20.206692353846179 ], [ -99.389629092307672, 20.206765030769226 ], [ -99.38951421538458, 20.206756246153809 ], [ -99.389313061538445, 20.20670247692312 ] ] ] ] } },
{ "type": "Feature", "properties": { "IDBD": 168082, "FC": 6291, "CONDICION": "CUERPO DE AGUA INTERMITENTE" }, "geometry": { "type": "MultiPolygon", "coordinates": [ [ [ [ -99.323555784615337, 20.199127846153882 ], [ -99.323373815384599, 20.199083 ], [ -99.323239630769194, 20.198992876923082 ], [ -99.323114969230758, 20.1988846769231 ], [ -99.323009338461503, 20.198713169230764 ], [ -99.322951569230725, 20.198550630769244 ], [ -99.322807907692294, 20.198505707692348 ], [ -99.322884246153805, 20.198397138461491 ], [ -99.32290298461534, 20.198198292307694 ], [ -99.323046584615341, 20.19820707692309 ], [ -99.32319975384614, 20.198224861538478 ], [ -99.323429553846125, 20.198260584615404 ], [ -99.323544599999977, 20.198350738461556 ], [ -99.323602461538414, 20.198558461538465 ], [ -99.323602784615389, 20.198712092307719 ], [ -99.323631938461517, 20.198928907692299 ], [ -99.323555784615337, 20.199127846153882 ] ] ] ] } },
{ "type": "Feature", "properties": { "IDBD": 168138, "FC": 6292, "CONDICION": "CUERPO DE AGUA PERENNE" }, "geometry": { "type": "MultiPolygon", "coordinates": [ [ [ [ -99.48935750769229, 20.196530553846163 ], [ -99.489366030769233, 20.196196184615392 ], [ -99.489384492307664, 20.195979276923101 ], [ -99.489316507692294, 20.195663184615388 ], [ -99.489757661538434, 20.195942092307742 ], [ -99.489977938461479, 20.195986661538491 ], [ -99.491241615384581, 20.196064446153837 ], [ -99.492141430769209, 20.196098076923082 ], [ -99.492582046153842, 20.196205276923084 ], [ -99.493348292307701, 20.19637481538463 ], [ -99.495130446153809, 20.1969662 ], [ -99.495762615384606, 20.197109 ], [ -99.495887092307697, 20.197126723076909 ], [ -99.496077599999978, 20.196837030769231 ], [ -99.496574230769212, 20.196492246153863 ], [ -99.497320415384578, 20.196372661538479 ], [ -99.497607123076875, 20.196236307692303 ], [ -99.49792226153842, 20.196009507692327 ], [ -99.498343661538442, 20.196089646153855 ], [ -99.498918138461519, 20.196151261538496 ], [ -99.499521384615335, 20.196230876923057 ], [ -99.49981844615381, 20.196338476923078 ], [ -99.501562738461516, 20.1970564 ], [ -99.501706399999989, 20.197083092307736 ], [ -99.501917661538428, 20.197299369230748 ], [ -99.502263092307643, 20.19756946153845 ], [ -99.502637184615367, 20.197821415384627 ], [ -99.503145061538433, 20.198000676923087 ], [ -99.503528692307682, 20.198243553846162 ], [ -99.503346923076904, 20.198271184615411 ], [ -99.502657907692296, 20.198309307692327 ], [ -99.50217964615382, 20.198410076923107 ], [ -99.501566676923034, 20.198285323076934 ], [ -99.501203123076905, 20.198340569230783 ], [ -99.500877446153822, 20.198260169230785 ], [ -99.500446984615337, 20.19834272307693 ], [ -99.500111692307641, 20.198253323076912 ], [ -99.499900892307693, 20.198181630769238 ], [ -99.499624107692298, 20.19842638461537 ], [ -99.499394707692261, 20.198526446153842 ], [ -99.499012199999967, 20.198635969230782 ], [ -99.498591, 20.198619092307705 ], [ -99.498207846153818, 20.198529815384653 ], [ -99.497978338461522, 20.198593707692318 ], [ -99.497701276923053, 20.198757153846138 ], [ -99.497357569230729, 20.199029215384634 ], [ -99.497061369230721, 20.199192692307719 ], [ -99.496659615384615, 20.199275169230773 ], [ -99.495895153846121, 20.199674907692284 ], [ -99.495579676923086, 20.199793276923064 ], [ -99.495283353846105, 20.19992061538461 ], [ -99.494450969230726, 20.200031399999986 ], [ -99.49424989230765, 20.200004846153856 ], [ -99.493857476923026, 20.200014984615397 ], [ -99.49361801538457, 20.199961446153839 ], [ -99.492727353846121, 20.19980129230774 ], [ -99.492334292307632, 20.199603599999968 ], [ -99.492094692307646, 20.199504876923072 ], [ -99.491807292307683, 20.199424353846169 ], [ -99.491500723076896, 20.199334846153885 ], [ -99.491146184615388, 20.199209323076907 ], [ -99.490839446153814, 20.199065600000026 ], [ -99.490580707692274, 20.198966923076966 ], [ -99.490255107692278, 20.198913615384626 ], [ -99.489977415384587, 20.198878246153885 ], [ -99.489632707692266, 20.19883403076922 ], [ -99.489403184615341, 20.198897923076935 ], [ -99.489316676923082, 20.198780692307693 ], [ -99.489306784615351, 20.198681323076894 ], [ -99.489305630769195, 20.198310846153838 ], [ -99.489313476923073, 20.19775959999998 ], [ -99.489349599999969, 20.197063723076962 ], [ -99.48935750769229, 20.196530553846163 ] ] ] ] } },
{ "type": "Feature", "properties": { "IDBD": 168224, "FC": 6291, "CONDICION": "CUERPO DE AGUA INTERMITENTE" }, "geometry": { "type": "MultiPolygon", "coordinates": [ [ [ [ -99.424315538461514, 20.195073061538473 ], [ -99.424372784615343, 20.195009661538485 ], [ -99.424583261538444, 20.194973015384626 ], [ -99.424937446153805, 20.19499023076925 ], [ -99.425109830769188, 20.195025953846116 ], [ -99.425234507692295, 20.19511601538462 ], [ -99.425301676923027, 20.195179107692322 ], [ -99.425379, 20.195459046153861 ], [ -99.425389169230741, 20.195675892307722 ], [ -99.42536079999995, 20.195802476923046 ], [ -99.425303953846154, 20.196019476923059 ], [ -99.424814569230705, 20.19555981538462 ], [ -99.424315538461514, 20.195073061538473 ] ] ] ] } },
{ "type": "Feature", "properties": { "IDBD": 168247, "FC": 6291, "CONDICION": "CUERPO DE AGUA INTERMITENTE" }, "geometry": { "type": "MultiPolygon", "coordinates": [ [ [ [ -99.504938246153813, 20.196061784615406 ], [ -99.505168015384555, 20.196079199999978 ], [ -99.50547406153845, 20.196006030769254 ], [ -99.505789969230747, 20.196023200000024 ], [ -99.506038938461515, 20.196058630769233 ], [ -99.506163399999963, 20.196067307692335 ], [ -99.50625913846153, 20.196076061538452 ], [ -99.506383769230752, 20.196138953846134 ], [ -99.506441384615343, 20.196193015384626 ], [ -99.506604523076916, 20.19632807692307 ], [ -99.506049538461525, 20.196374861538477 ], [ -99.505503799999971, 20.19632221538463 ], [ -99.504938246153813, 20.196061784615406 ] ] ] ] } },
{ "type": "Feature", "properties": { "IDBD": 168258, "FC": 6291, "CONDICION": "CUERPO DE AGUA INTERMITENTE" }, "geometry": { "type": "MultiPolygon", "coordinates": [ [ [ [ -99.522118892307645, 20.19607484615387 ], [ -99.522031446153846, 20.195686553846134 ], [ -99.522011676923086, 20.195496846153837 ], [ -99.522030338461491, 20.195352215384599 ], [ -99.522058969230713, 20.195325030769219 ], [ -99.522202169230766, 20.195216169230758 ], [ -99.52229770769226, 20.195161661538453 ], [ -99.522431430769217, 20.195079938461561 ], [ -99.522526769230737, 20.194971230769273 ], [ -99.522650876923052, 20.194871461538458 ], [ -99.522841907692296, 20.194753415384614 ], [ -99.522947, 20.194698892307699 ], [ -99.523033107692271, 20.194689599999972 ], [ -99.523348907692295, 20.194670584615338 ], [ -99.52330150769231, 20.194806261538435 ], [ -99.523225292307671, 20.194914923076915 ], [ -99.52309178461536, 20.195059907692276 ], [ -99.523005938461509, 20.195150523076947 ], [ -99.522910615384575, 20.195268276923088 ], [ -99.522796123076887, 20.195377046153872 ], [ -99.522662430769202, 20.195467815384642 ], [ -99.522557476923069, 20.195567523076907 ], [ -99.522433599999957, 20.195730538461529 ], [ -99.52240496923072, 20.19575773846152 ], [ -99.522261923076897, 20.195911769230783 ], [ -99.522118892307645, 20.19607484615387 ] ] ] ] } },
{ "type": "Feature", "properties": { "IDBD": 168265, "FC": 6291, "CONDICION": "CUERPO DE AGUA INTERMITENTE" }, "geometry": { "type": "MultiPolygon", "coordinates": [ [ [ [ -99.507871215384583, 20.194381646153818 ], [ -99.507928553846156, 20.194354369230773 ], [ -99.507947523076865, 20.194300092307746 ], [ -99.508205938461543, 20.194299353846176 ], [ -99.508234676923038, 20.194308292307703 ], [ -99.508282738461503, 20.194371415384587 ], [ -99.508340492307681, 20.194470646153864 ], [ -99.508359907692295, 20.19455190769229 ], [ -99.508407984615374, 20.194624061538466 ], [ -99.508503969230759, 20.194705107692297 ], [ -99.508580799999976, 20.19478621538461 ], [ -99.508600153846089, 20.194849415384599 ], [ -99.508724892307697, 20.194948446153838 ], [ -99.508734846153857, 20.195065892307674 ], [ -99.50870639999998, 20.195147307692324 ], [ -99.508668353846133, 20.195219707692335 ], [ -99.508620815384575, 20.195319246153808 ], [ -99.508544507692292, 20.195400784615394 ], [ -99.508487323076935, 20.195473246153856 ], [ -99.508410984615352, 20.195545753846151 ], [ -99.508363323076878, 20.195609138461538 ], [ -99.508315615384603, 20.195654461538481 ], [ -99.508190846153795, 20.19554638461539 ], [ -99.508133246153847, 20.195492338461552 ], [ -99.508104292307635, 20.195420138461557 ], [ -99.50807543076921, 20.19537503076921 ], [ -99.508037030769231, 20.195339 ], [ -99.508027307692302, 20.195293846153863 ], [ -99.508017615384574, 20.195257723076896 ], [ -99.50800790769226, 20.195212569230751 ], [ -99.507998123076888, 20.195149353846162 ], [ -99.507988261538429, 20.195059015384608 ], [ -99.507988, 20.194977692307674 ], [ -99.507968676923042, 20.194923538461538 ], [ -99.507958938461528, 20.194869338461519 ], [ -99.507901046153833, 20.194724923076944 ], [ -99.507910523076916, 20.1946978 ], [ -99.507900661538443, 20.19460746153846 ], [ -99.507890876923057, 20.19454423076925 ], [ -99.507880984615355, 20.194444861538475 ], [ -99.507871215384583, 20.194381646153818 ] ] ] ] } },
{ "type": "Feature", "properties": { "IDBD": 168301, "FC": 6291, "CONDICION": "CUERPO DE AGUA INTERMITENTE" }, "geometry": { "type": "MultiPolygon", "coordinates": [ [ [ [ -99.511392661538437, 20.194145523076912 ], [ -99.511373292307681, 20.194073292307699 ], [ -99.51142084615384, 20.19398278461539 ], [ -99.511611676923025, 20.193801507692296 ], [ -99.511831523076864, 20.193710507692295 ], [ -99.511955953846154, 20.193710153846155 ], [ -99.512052015384555, 20.193818307692322 ], [ -99.512148107692298, 20.193935492307695 ], [ -99.512215646153834, 20.194097953846136 ], [ -99.512196876923014, 20.194215476923066 ], [ -99.512149384615356, 20.194324046153813 ], [ -99.512054030769193, 20.194432753846193 ], [ -99.511968092307669, 20.194496261538497 ], [ -99.51190124615384, 20.194541646153837 ], [ -99.511796015384547, 20.194560015384628 ], [ -99.511661846153828, 20.194506184615381 ], [ -99.511585153846127, 20.194470276923102 ], [ -99.511498753846126, 20.1943892 ], [ -99.511450446153816, 20.194253784615391 ], [ -99.511392661538437, 20.194145523076912 ] ] ] ] } },
{ "type": "Feature", "properties": { "IDBD": 168302, "FC": 6291, "CONDICION": "CUERPO DE AGUA INTERMITENTE" }, "geometry": { "type": "MultiPolygon", "coordinates": [ [ [ [ -99.496545399999974, 20.193438076923055 ], [ -99.496707799999967, 20.193338230769253 ], [ -99.496774338461506, 20.193193461538485 ], [ -99.496869476923052, 20.193012461538459 ], [ -99.49705084615384, 20.19285833846153 ], [ -99.497242092307658, 20.192803569230797 ], [ -99.49747159999994, 20.192739676923086 ], [ -99.497634138461507, 20.192685 ], [ -99.497806015384569, 20.192558 ], [ -99.498044738461516, 20.192385630769191 ], [ -99.498245307692301, 20.19224952307696 ], [ -99.498331353846126, 20.192222169230757 ], [ -99.498484430769196, 20.192203661538496 ], [ -99.498331784615374, 20.192357723076945 ], [ -99.498160169230715, 20.192566030769243 ], [ -99.498055261538411, 20.1926838 ], [ -99.497998030769182, 20.192747215384625 ], [ -99.497902784615349, 20.192892061538437 ], [ -99.49784578461535, 20.193027769230767 ], [ -99.497779169230725, 20.193145430769249 ], [ -99.497664769230738, 20.193290338461566 ], [ -99.497502692307677, 20.193489600000021 ], [ -99.497464753846131, 20.19359813846151 ], [ -99.497493815384573, 20.193706492307694 ], [ -99.497532523076885, 20.193841923076931 ], [ -99.497532723076901, 20.193905169230781 ], [ -99.497580984615354, 20.19403153846153 ], [ -99.497619492307678, 20.194103723076921 ], [ -99.497811553846176, 20.194301984615397 ], [ -99.497130876923038, 20.193951492307725 ], [ -99.496881307692249, 20.193726292307701 ], [ -99.496545399999974, 20.193438076923055 ] ] ] ] } },
{ "type": "Feature", "properties": { "IDBD": 168304, "FC": 6291, "CONDICION": "CUERPO DE AGUA INTERMITENTE" }, "geometry": { "type": "MultiPolygon", "coordinates": [ [ [ [ -99.519232784615326, 20.194529169230798 ], [ -99.519136830769227, 20.194457169230773 ], [ -99.519069661538424, 20.19440315384616 ], [ -99.518992846153807, 20.194331092307721 ], [ -99.519030769230753, 20.194222538461574 ], [ -99.519107261538451, 20.194195199999971 ], [ -99.519212446153787, 20.194167784615416 ], [ -99.519269846153847, 20.194158584615401 ], [ -99.519346230769187, 20.194104138461519 ], [ -99.519441892307682, 20.194085784615389 ], [ -99.519566307692259, 20.194085415384603 ], [ -99.519690769230749, 20.194094076923086 ], [ -99.519796076923043, 20.1941028 ], [ -99.519786984615337, 20.194247415384645 ], [ -99.519739492307636, 20.19435598461536 ], [ -99.519692092307693, 20.194491676923054 ], [ -99.519625153846121, 20.194509938461501 ], [ -99.51950084615379, 20.194546461538465 ], [ -99.519414753846107, 20.194564784615388 ], [ -99.51931907692304, 20.194574092307718 ], [ -99.519299907692243, 20.194565123076952 ], [ -99.519232784615326, 20.194529169230798 ] ] ] ] } },
{ "type": "Feature", "properties": { "IDBD": 168307, "FC": 6291, "CONDICION": "CUERPO DE AGUA INTERMITENTE" }, "geometry": { "type": "MultiPolygon", "coordinates": [ [ [ [ -99.018184923076902, 20.185508507692269 ], [ -99.018098769230747, 20.185418153846179 ], [ -99.018127476923055, 20.185372969230759 ], [ -99.018213615384596, 20.185291630769225 ], [ -99.018251892307646, 20.185192230769225 ], [ -99.018318861538432, 20.18504763076923 ], [ -99.018414569230714, 20.184966292307713 ], [ -99.018682553846119, 20.184966276923106 ], [ -99.018883553846123, 20.185029507692352 ], [ -99.018883569230724, 20.185110830769247 ], [ -99.018787861538442, 20.185219276923085 ], [ -99.01862518461536, 20.185409061538476 ], [ -99.01851990769228, 20.185463292307677 ], [ -99.018184923076902, 20.185508507692269 ] ] ] ] } },
{ "type": "Feature", "properties": { "IDBD": 168369, "FC": 6291, "CONDICION": "CUERPO DE AGUA INTERMITENTE" }, "geometry": { "type": "MultiPolygon", "coordinates": [ [ [ [ -99.011446676923072, 20.182111353846178 ], [ -99.011752953846099, 20.182183630769199 ], [ -99.011915661538424, 20.182219769230795 ], [ -99.012001799999965, 20.182255907692291 ], [ -99.012164492307676, 20.182174569230778 ], [ -99.012336769230757, 20.182111292307681 ], [ -99.01238461538459, 20.182066107692286 ], [ -99.012375030769206, 20.181785984615427 ], [ -99.012403738461515, 20.181731753846158 ], [ -99.012576, 20.1816956 ], [ -99.012690861538431, 20.181731738461586 ], [ -99.013064215384588, 20.1828432 ], [ -99.013112076923022, 20.183023923076931 ], [ -99.01302595384611, 20.183195630769251 ], [ -99.012872830769169, 20.183267923076901 ], [ -99.012652692307668, 20.183249876923071 ], [ -99.012346430769185, 20.183195676923066 ], [ -99.01203058461536, 20.183078215384587 ], [ -99.011800876923033, 20.183005938461573 ], [ -99.011485030769208, 20.182888492307715 ], [ -99.011370169230759, 20.182761984615361 ], [ -99.011226584615343, 20.182518015384602 ], [ -99.011255276923038, 20.182255953846166 ], [ -99.011446676923072, 20.182111353846178 ] ] ] ] } },
{ "type": "Feature", "properties": { "IDBD": 168378, "FC": 6291, "CONDICION": "CUERPO DE AGUA INTERMITENTE" }, "geometry": { "type": "MultiPolygon", "coordinates": [ [ [ [ -99.527636707692324, 20.191793292307707 ], [ -99.527541584615363, 20.191965261538442 ], [ -99.527369523076885, 20.192029030769199 ], [ -99.527111184615379, 20.192056923076908 ], [ -99.526957815384577, 20.191985092307668 ], [ -99.526880938461531, 20.191894953846152 ], [ -99.52683269230765, 20.191777630769241 ], [ -99.526813461538453, 20.191750584615381 ], [ -99.526966415384592, 20.191695907692285 ], [ -99.527023861538439, 20.191704769230792 ], [ -99.52711, 20.191704507692318 ], [ -99.52734930769229, 20.19171283076923 ], [ -99.527464138461525, 20.19170344615387 ], [ -99.527588553846144, 20.191703076923098 ], [ -99.527636707692324, 20.191793292307707 ] ] ] ] } },
{ "type": "Feature", "properties": { "IDBD": 168393, "FC": 6291, "CONDICION": "CUERPO DE AGUA INTERMITENTE" }, "geometry": { "type": "MultiPolygon", "coordinates": [ [ [ [ -99.002239569230738, 20.182003276923073 ], [ -99.001761030769202, 20.18205750769231 ], [ -99.001607892307646, 20.182138830769237 ], [ -99.001368630769221, 20.182283415384614 ], [ -99.001263338461499, 20.182066538461541 ], [ -99.001263338461499, 20.181921953846143 ], [ -99.001158061538419, 20.181759307692285 ], [ -99.001033646153829, 20.181677969230805 ], [ -99.001062353846137, 20.18155146153844 ], [ -99.001225061538449, 20.181488199999979 ], [ -99.001435615384608, 20.181569538461549 ], [ -99.001540892307659, 20.181551461538479 ], [ -99.001627030769185, 20.181461092307675 ], [ -99.001732307692279, 20.181388799999979 ], [ -99.001837584615373, 20.181244215384634 ], [ -99.002038569230734, 20.181262292307686 ], [ -99.00220127692306, 20.1813616769231 ], [ -99.002335276923048, 20.18160566153847 ], [ -99.002354415384602, 20.181804476923052 ], [ -99.002239569230738, 20.182003276923073 ] ] ] ] } },
{ "type": "Feature", "properties": { "IDBD": 168410, "FC": 6291, "CONDICION": "CUERPO DE AGUA INTERMITENTE" }, "geometry": { "type": "MultiPolygon", "coordinates": [ [ [ [ -99.107059907692303, 20.183461723076924 ], [ -99.106993046153846, 20.183651538461543 ], [ -99.106581507692297, 20.183651784615417 ], [ -99.106074215384595, 20.183606907692305 ], [ -99.105911507692255, 20.183607015384602 ], [ -99.105662676923046, 20.183616199999967 ], [ -99.105480753846123, 20.183516907692304 ], [ -99.105222246153829, 20.183363430769198 ], [ -99.105068953846143, 20.18312858461541 ], [ -99.105375076923082, 20.182920553846134 ], [ -99.105987353846146, 20.1825406615385 ], [ -99.10634138461532, 20.182404892307705 ], [ -99.106666784615371, 20.1823956615385 ], [ -99.107212384615352, 20.182494738461536 ], [ -99.107212553846125, 20.182729676923092 ], [ -99.107155184615323, 20.182829123076935 ], [ -99.107126769230746, 20.18326289230767 ], [ -99.107059907692303, 20.183461723076924 ] ] ] ] } },
{ "type": "Feature", "properties": { "IDBD": 168449, "FC": 6291, "CONDICION": "CUERPO DE AGUA INTERMITENTE" }, "geometry": { "type": "MultiPolygon", "coordinates": [ [ [ [ -99.515691476923067, 20.18872930769227 ], [ -99.515319015384591, 20.188974384615364 ], [ -99.515070569230744, 20.189092584615366 ], [ -99.514716769230745, 20.189193015384596 ], [ -99.514506230769214, 20.189202661538456 ], [ -99.514276476923044, 20.189185261538455 ], [ -99.514132830769228, 20.189158584615406 ], [ -99.51394138461535, 20.18915010769226 ], [ -99.513769015384554, 20.18912349230775 ], [ -99.513500861538432, 20.189070061538466 ], [ -99.513155953846109, 20.18896263076924 ], [ -99.513040830769199, 20.188881646153856 ], [ -99.513011476923026, 20.18868293846154 ], [ -99.513049338461499, 20.18855632307692 ], [ -99.513087415384618, 20.188492953846101 ], [ -99.513096630769184, 20.188384492307705 ], [ -99.513096215384593, 20.188257984615376 ], [ -99.513038230769183, 20.188086461538489 ], [ -99.512980369230746, 20.187951092307689 ], [ -99.512931969230749, 20.187788584615394 ], [ -99.512893430769211, 20.187707369230782 ], [ -99.512873984615354, 20.187617061538468 ], [ -99.512949815384573, 20.18739093846153 ], [ -99.513025846153852, 20.187228061538477 ], [ -99.513092584615336, 20.187146538461505 ], [ -99.513188199999959, 20.187119153846201 ], [ -99.513303169230724, 20.187154969230754 ], [ -99.513437215384599, 20.187172646153879 ], [ -99.513571107692286, 20.187145138461524 ], [ -99.513638076923058, 20.187135907692301 ], [ -99.513714415384584, 20.1870634 ], [ -99.513877030769208, 20.187035815384601 ], [ -99.513953676923038, 20.187062707692309 ], [ -99.514039815384578, 20.187062446153845 ], [ -99.514173692307637, 20.187025907692369 ], [ -99.514432, 20.186998046153878 ], [ -99.514929830769205, 20.187041769230756 ], [ -99.515600399999968, 20.187229569230787 ], [ -99.515906876923069, 20.187291923076909 ], [ -99.516002707692294, 20.18732778461538 ], [ -99.516050769230731, 20.187390892307668 ], [ -99.516109446153806, 20.187770246153889 ], [ -99.516081676923065, 20.188059492307719 ], [ -99.515977292307653, 20.188330876923057 ], [ -99.515844076923045, 20.188566215384597 ], [ -99.515691476923067, 20.18872930769227 ] ] ] ] } },
{ "type": "Feature", "properties": { "IDBD": 168451, "FC": 6291, "CONDICION": "CUERPO DE AGUA INTERMITENTE" }, "geometry": { "type": "MultiPolygon", "coordinates": [ [ [ [ -99.533983784615359, 20.189406646153831 ], [ -99.533820276923066, 20.18917220000003 ], [ -99.533695184615354, 20.188973784615381 ], [ -99.533627661538446, 20.188820369230818 ], [ -99.533588599999973, 20.188594584615402 ], [ -99.533607384615379, 20.188486092307699 ], [ -99.533645107692266, 20.188323338461529 ], [ -99.533692569230752, 20.188205723076926 ], [ -99.533749553846121, 20.188079030769234 ], [ -99.533902138461485, 20.187915923076929 ], [ -99.534054923076866, 20.187816061538459 ], [ -99.534179230769212, 20.187779538461498 ], [ -99.534285, 20.187923800000014 ], [ -99.534343338461511, 20.18819470769229 ], [ -99.534381969230751, 20.188293984615374 ], [ -99.534411507692255, 20.188537876923114 ], [ -99.534411876923045, 20.188646307692334 ], [ -99.534392984615351, 20.188718646153895 ], [ -99.534326476923042, 20.18886343076921 ], [ -99.534212184615342, 20.189026430769246 ], [ -99.533983784615359, 20.189406646153831 ] ] ] ] } },
{ "type": "Feature", "properties": { "IDBD": 168464, "FC": 6291, "CONDICION": "CUERPO DE AGUA INTERMITENTE" }, "geometry": { "type": "MultiPolygon", "coordinates": [ [ [ [ -99.086395107692283, 20.181123599999982 ], [ -99.086184538461495, 20.181123707692301 ], [ -99.08609838461534, 20.181078569230763 ], [ -99.085964446153824, 20.181169 ], [ -99.085878276923069, 20.181114815384618 ], [ -99.085725107692312, 20.181060676923067 ], [ -99.085619784615389, 20.180961323076918 ], [ -99.08561972307686, 20.180852892307684 ], [ -99.085715369230755, 20.180735369230785 ], [ -99.085858876923055, 20.180644938461562 ], [ -99.08611723076919, 20.180545399999975 ], [ -99.086394738461507, 20.180463938461518 ], [ -99.086452184615354, 20.180500061538453 ], [ -99.086404415384607, 20.180653707692333 ], [ -99.086394923076909, 20.180798292307703 ], [ -99.086442815384601, 20.180879599999962 ], [ -99.086423753846134, 20.181006123076944 ], [ -99.086395107692283, 20.181123599999982 ] ] ] ] } },
{ "type": "Feature", "properties": { "IDBD": 168470, "FC": 6291, "CONDICION": "CUERPO DE AGUA INTERMITENTE" }, "geometry": { "type": "MultiPolygon", "coordinates": [ [ [ [ -99.106589446153819, 20.181257107692343 ], [ -99.106359815384621, 20.181356646153823 ], [ -99.106235384615346, 20.181347692307689 ], [ -99.106015261538445, 20.181338784615416 ], [ -99.105699323076877, 20.181203430769223 ], [ -99.105440753846125, 20.180950569230745 ], [ -99.105162984615333, 20.18063444615386 ], [ -99.105047923076896, 20.1803092 ], [ -99.105219969230745, 20.179974753846157 ], [ -99.105650399999973, 20.179604 ], [ -99.106071369230747, 20.179404938461545 ], [ -99.106702969230739, 20.179314200000022 ], [ -99.106655369230737, 20.179684723076935 ], [ -99.106713015384599, 20.18001 ], [ -99.106674923076866, 20.180281123076899 ], [ -99.106589, 20.180597446153868 ], [ -99.106646676923035, 20.18097693846153 ], [ -99.106589446153819, 20.181257107692343 ] ] ] ] } },
{ "type": "Feature", "properties": { "IDBD": 168472, "FC": 6291, "CONDICION": "CUERPO DE AGUA INTERMITENTE" }, "geometry": { "type": "MultiPolygon", "coordinates": [ [ [ [ -99.523385892307658, 20.18855296923077 ], [ -99.523175307692313, 20.188544553846153 ], [ -99.523003, 20.188536030769264 ], [ -99.522859446153817, 20.188536461538458 ], [ -99.522715846153815, 20.188527846153814 ], [ -99.522629569230759, 20.188482923076943 ], [ -99.522562323076883, 20.188410830769239 ], [ -99.522523707692258, 20.188311553846169 ], [ -99.522532923076923, 20.188203092307671 ], [ -99.522532676923035, 20.1881308 ], [ -99.522561123076869, 20.188049384615404 ], [ -99.522599169230745, 20.187976984615389 ], [ -99.522752123076899, 20.187922307692268 ], [ -99.522867123076878, 20.18796715384611 ], [ -99.522972492307659, 20.187993953846121 ], [ -99.523125584615343, 20.187984461538459 ], [ -99.523230723076907, 20.187938969230789 ], [ -99.523345476923055, 20.187911507692291 ], [ -99.523431676923053, 20.187929323076926 ], [ -99.523498969230758, 20.188019492307689 ], [ -99.523509107692291, 20.188191153846134 ], [ -99.523461799999964, 20.188353938461521 ], [ -99.523385892307658, 20.18855296923077 ] ] ] ] } },
{ "type": "Feature", "properties": { "IDBD": 168547, "FC": 6291, "CONDICION": "CUERPO DE AGUA INTERMITENTE" }, "geometry": { "type": "MultiPolygon", "coordinates": [ [ [ [ -99.039554615384574, 20.176088969230779 ], [ -99.039592984615354, 20.176432353846163 ], [ -99.039631415384591, 20.177019707692274 ], [ -99.039353892307645, 20.177074 ], [ -99.038885015384594, 20.177381338461558 ], [ -99.03842564615384, 20.177435661538468 ], [ -99.038234184615334, 20.177273046153875 ], [ -99.038081, 20.176992938461545 ], [ -99.037851261538464, 20.176857446153821 ], [ -99.037353599999975, 20.176857553846141 ], [ -99.037085553846111, 20.176559400000031 ], [ -99.037554415384591, 20.17615266153847 ], [ -99.03781276923074, 20.175926692307662 ], [ -99.0380712, 20.176062184615382 ], [ -99.038272215384595, 20.176197692307703 ], [ -99.03858806153842, 20.176287984615385 ], [ -99.038932584615381, 20.17626983076925 ], [ -99.03919098461536, 20.1762246 ], [ -99.039554615384574, 20.176088969230779 ] ] ] ] } },
{ "type": "Feature", "properties": { "IDBD": 168548, "FC": 6291, "CONDICION": "CUERPO DE AGUA INTERMITENTE" }, "geometry": { "type": "MultiPolygon", "coordinates": [ [ [ [ -99.028022276923053, 20.17630806153845 ], [ -99.028271061538447, 20.176027892307641 ], [ -99.028567692307647, 20.175684446153859 ], [ -99.028672938461511, 20.175594076923073 ], [ -99.028816492307683, 20.175585015384659 ], [ -99.028979230769195, 20.175819938461562 ], [ -99.029151523076891, 20.175874123076913 ], [ -99.029400369230743, 20.17601866153845 ], [ -99.029572692307667, 20.176253584615406 ], [ -99.029611030769217, 20.176578892307688 ], [ -99.029524953846121, 20.176859046153879 ], [ -99.029400553846145, 20.176985569230773 ], [ -99.029285738461482, 20.177130169230729 ], [ -99.029075199999937, 20.17722056923078 ], [ -99.028615815384597, 20.177238723076904 ], [ -99.0284530923077, 20.177112246153865 ], [ -99.028204261538463, 20.177058061538478 ], [ -99.02804153846148, 20.176967723076956 ], [ -99.02777356923076, 20.176931615384632 ], [ -99.027639569230743, 20.176931646153811 ], [ -99.027505553846098, 20.176732861538476 ], [ -99.027486384615358, 20.176579246153846 ], [ -99.027582061538425, 20.17641656923076 ], [ -99.028022276923053, 20.17630806153845 ] ] ] ] } },
{ "type": "Feature", "properties": { "IDBD": 168555, "FC": 6291, "CONDICION": "CUERPO DE AGUA INTERMITENTE" }, "geometry": { "type": "MultiPolygon", "coordinates": [ [ [ [ -99.322525199999973, 20.182060015384618 ], [ -99.322850292307663, 20.181914830769237 ], [ -99.32315646153846, 20.181869092307718 ], [ -99.323271107692264, 20.181769476923115 ], [ -99.323702184615314, 20.181958446153828 ], [ -99.323741015384613, 20.182229461538423 ], [ -99.323549676923065, 20.18226596923078 ], [ -99.322994738461517, 20.182339276923088 ], [ -99.322525199999973, 20.182060015384618 ] ] ] ] } },
{ "type": "Feature", "properties": { "IDBD": 168563, "FC": 6292, "CONDICION": "CUERPO DE AGUA PERENNE" }, "geometry": { "type": "MultiPolygon", "coordinates": [ [ [ [ -99.334055169230751, 20.180791461538437 ], [ -99.334360076923019, 20.180158338461496 ], [ -99.334683953846096, 20.179443846153873 ], [ -99.334998676923036, 20.178928184615415 ], [ -99.335208584615373, 20.178629584615432 ], [ -99.335418753846128, 20.178448446153855 ], [ -99.335801276923021, 20.178312169230775 ], [ -99.336069384615357, 20.178374923076895 ], [ -99.336567569230738, 20.178617953846125 ], [ -99.337209369230749, 20.178887815384659 ], [ -99.33738178461536, 20.178959769230765 ], [ -99.337477599999971, 20.179004769230783 ], [ -99.337669123076921, 20.179058615384591 ], [ -99.338234015384558, 20.179165969230816 ], [ -99.338435169230749, 20.179246907692296 ], [ -99.33920150769228, 20.179570738461543 ], [ -99.339498676923085, 20.179796076923072 ], [ -99.340639076923068, 20.180489676923102 ], [ -99.340974323076907, 20.180615538461552 ], [ -99.341232984615331, 20.180732507692298 ], [ -99.341999276923062, 20.18102921538464 ], [ -99.342277153846098, 20.181182292307646 ], [ -99.342746646153799, 20.181425369230809 ], [ -99.343043769230746, 20.181623584615394 ], [ -99.343666830769166, 20.182065153846157 ], [ -99.343829692307651, 20.182137123076934 ], [ -99.344135953846134, 20.182136523076949 ], [ -99.344269723076877, 20.182036861538457 ], [ -99.344298353846128, 20.182000661538442 ], [ -99.344374384615335, 20.181756538461549 ], [ -99.344421399999945, 20.181376907692282 ], [ -99.344372476923027, 20.180889046153833 ], [ -99.344275523076902, 20.180319938461569 ], [ -99.344217523076907, 20.180058 ], [ -99.344197969230734, 20.179868276923084 ], [ -99.344235492307646, 20.17952481538461 ], [ -99.344330569230735, 20.179235476923058 ], [ -99.344425769230725, 20.179009369230794 ], [ -99.344559476923067, 20.178882599999984 ], [ -99.34465510769229, 20.178846276923071 ], [ -99.344731630769218, 20.178828046153875 ], [ -99.344865676923078, 20.178854892307658 ], [ -99.345220046153798, 20.178971676923076 ], [ -99.345354261538432, 20.179079846153833 ], [ -99.345469307692255, 20.179169984615392 ], [ -99.345536430769215, 20.179224076923109 ], [ -99.345767076923039, 20.179657369230764 ], [ -99.345853523076883, 20.179801769230796 ], [ -99.345988246153823, 20.180135861538464 ], [ -99.346065169230727, 20.180298353846162 ], [ -99.346170661538423, 20.180397553846156 ], [ -99.3463048923077, 20.180505723076966 ], [ -99.346774307692257, 20.180712630769232 ], [ -99.347300892307672, 20.18080195384616 ], [ -99.347693399999955, 20.1808554 ], [ -99.348095307692262, 20.180827492307685 ], [ -99.348372876923094, 20.180835984615388 ], [ -99.348439892307653, 20.180844892307679 ], [ -99.348717615384587, 20.180925661538431 ], [ -99.348899553846138, 20.180970492307743 ], [ -99.349521876923063, 20.181077692307717 ], [ -99.350076907692284, 20.181049476923068 ], [ -99.350392538461492, 20.180958476923063 ], [ -99.350516630769206, 20.180813661538469 ], [ -99.350592923076888, 20.180687 ], [ -99.350650061538417, 20.180560369230761 ], [ -99.350678553846123, 20.180460907692321 ], [ -99.350733799999972, 20.179493907692265 ], [ -99.350617815384624, 20.178979061538424 ], [ -99.350521938461526, 20.178906969230788 ], [ -99.350406938461504, 20.178834907692284 ], [ -99.350205861538441, 20.178790123076922 ], [ -99.349765430769182, 20.178709676923074 ], [ -99.349056738461528, 20.178494215384628 ], [ -99.348415030769232, 20.1782695692308 ], [ -99.348022353846147, 20.178143846153869 ], [ -99.347629476923046, 20.177918707692292 ], [ -99.347294046153834, 20.17771153846158 ], [ -99.347044753846134, 20.17750418461538 ], [ -99.346881738461533, 20.177359923076882 ], [ -99.346709, 20.1771434 ], [ -99.346516969230706, 20.17686364615388 ], [ -99.346391815384564, 20.176529538461555 ], [ -99.346305369230762, 20.176385138461523 ], [ -99.346247584615355, 20.176222600000017 ], [ -99.346160553846147, 20.17581612307692 ], [ -99.346169830769242, 20.175680569230803 ], [ -99.346188492307675, 20.175463646153847 ], [ -99.346226338461534, 20.175264784615376 ], [ -99.346273907692307, 20.175138169230756 ], [ -99.346331092307665, 20.175029630769238 ], [ -99.346417, 20.174930061538483 ], [ -99.346502923076883, 20.174839523076933 ], [ -99.346588953846108, 20.174794169230779 ], [ -99.347019353846093, 20.174675846153843 ], [ -99.347335092307659, 20.174639076923079 ], [ -99.348109892307676, 20.174465861538486 ], [ -99.348339399999958, 20.174384076923097 ], [ -99.348559230769169, 20.174257138461531 ], [ -99.348769399999966, 20.17408503076922 ], [ -99.348845676923034, 20.173958369230746 ], [ -99.348853661538442, 20.17324447692307 ], [ -99.348834138461498, 20.173072815384693 ], [ -99.348795415384586, 20.172874092307687 ], [ -99.348756707692246, 20.172684415384595 ], [ -99.348689292307668, 20.172494784615374 ], [ -99.348650615384585, 20.172314123076923 ], [ -99.348621430769214, 20.172097307692308 ], [ -99.348630815384595, 20.172015969230777 ], [ -99.348716399999972, 20.171771815384645 ], [ -99.348878738461465, 20.171608846153863 ], [ -99.349414230769213, 20.171418015384624 ], [ -99.349978676923016, 20.17133556923077 ], [ -99.350457230769166, 20.171361723076938 ], [ -99.350773199999935, 20.171433384615355 ], [ -99.351012599999947, 20.171496153846153 ], [ -99.351165707692289, 20.171495861538439 ], [ -99.3513283692307, 20.171477461538469 ], [ -99.351644030769208, 20.171413569230779 ], [ -99.351978692307654, 20.1712864 ], [ -99.352198584615365, 20.171186553846177 ], [ -99.352666723076879, 20.1708332 ], [ -99.352733430769192, 20.170706553846145 ], [ -99.352771446153795, 20.170589 ], [ -99.352771215384578, 20.170489599999978 ], [ -99.352980815384555, 20.170073507692305 ], [ -99.353076215384604, 20.169937769230806 ], [ -99.353162138461514, 20.169847230769239 ], [ -99.353783061538451, 20.169348984615365 ], [ -99.354700784615389, 20.1689134 ], [ -99.354796230769225, 20.168804769230764 ], [ -99.354910753846141, 20.168659953846181 ], [ -99.35493921538459, 20.168551461538438 ], [ -99.354929030769185, 20.168280384615404 ], [ -99.354966938461516, 20.168117661538467 ], [ -99.354985830769223, 20.168009184615386 ], [ -99.355004630769201, 20.167855523076902 ], [ -99.355071307692256, 20.167719846153879 ], [ -99.355138030769226, 20.167602230769255 ], [ -99.35519530769227, 20.167538861538461 ], [ -99.355243046153802, 20.167493584615379 ], [ -99.355606030769195, 20.167194661538488 ], [ -99.355492138461486, 20.167610553846167 ], [ -99.355444769230758, 20.167827523076927 ], [ -99.355397584615332, 20.168116784615407 ], [ -99.355273953846094, 20.168460415384605 ], [ -99.355169153846091, 20.168668461538477 ], [ -99.355159630769208, 20.168686553846193 ], [ -99.354968876923081, 20.168976107692309 ], [ -99.354835338461541, 20.169166138461556 ], [ -99.354720784615367, 20.169292876923091 ], [ -99.354529646153821, 20.169410738461515 ], [ -99.354242907692267, 20.169564938461573 ], [ -99.354099538461497, 20.16964655384615 ], [ -99.353688584615355, 20.16989136923079 ], [ -99.353526138461518, 20.170000123076917 ], [ -99.353315953846135, 20.170154169230813 ], [ -99.35323, 20.170235661538445 ], [ -99.353201523076891, 20.170335123076931 ], [ -99.353154030769218, 20.170497876923097 ], [ -99.353058984615373, 20.170787230769225 ], [ -99.352925538461506, 20.171022446153859 ], [ -99.352753799999974, 20.171257738461549 ], [ -99.352381230769211, 20.171547646153815 ], [ -99.351893646153812, 20.171765492307692 ], [ -99.351405738461509, 20.171838753846167 ], [ -99.350783569230757, 20.171785784615412 ], [ -99.350247384615386, 20.171669369230795 ], [ -99.349941061538445, 20.171633846153842 ], [ -99.34940530769228, 20.1717072 ], [ -99.349128138461495, 20.171870399999985 ], [ -99.349042199999957, 20.171960938461531 ], [ -99.348985061538443, 20.172087553846151 ], [ -99.348994892307644, 20.172205015384591 ], [ -99.349023784615369, 20.172286276923032 ], [ -99.349303415384583, 20.173225507692347 ], [ -99.349370907692304, 20.1734512923077 ], [ -99.349352476923016, 20.173767599999987 ], [ -99.349314738461516, 20.174011646153829 ], [ -99.349200399999972, 20.174237784615372 ], [ -99.349028446153838, 20.17438270769232 ], [ -99.348512307692289, 20.174672892307662 ], [ -99.347938584615349, 20.174890907692294 ], [ -99.347632384615352, 20.174918615384634 ], [ -99.347431476923063, 20.174946123076921 ], [ -99.347259292307669, 20.174982615384604 ], [ -99.347106276923085, 20.175028092307723 ], [ -99.346962861538429, 20.175091630769266 ], [ -99.346857738461509, 20.175164138461511 ], [ -99.34666681538458, 20.175381384615402 ], [ -99.346628892307677, 20.175544107692275 ], [ -99.346620169230732, 20.175923661538459 ], [ -99.346697492307669, 20.176266892307687 ], [ -99.347100846153822, 20.176898646153841 ], [ -99.347331153846099, 20.177178307692309 ], [ -99.347455784615377, 20.177277461538495 ], [ -99.347628230769189, 20.177358461538457 ], [ -99.347858215384591, 20.177493538461555 ], [ -99.348059353846139, 20.177565430769203 ], [ -99.34854813846151, 20.177880738461557 ], [ -99.3488164, 20.178006723076944 ], [ -99.349285692307632, 20.178159415384616 ], [ -99.349687923076885, 20.17828512307695 ], [ -99.350090046153838, 20.178356615384605 ], [ -99.350377230769183, 20.178392184615401 ], [ -99.350587830769229, 20.17840983076923 ], [ -99.350779353846107, 20.178463676923059 ], [ -99.351019076923066, 20.17867103076923 ], [ -99.351067230769232, 20.178806476923057 ], [ -99.351193123076925, 20.179465892307682 ], [ -99.351155615384613, 20.179809338461524 ], [ -99.351117907692284, 20.180062430769219 ], [ -99.351166569230742, 20.180423800000021 ], [ -99.351195738461513, 20.180631569230766 ], [ -99.351090953846153, 20.180848661538473 ], [ -99.35095726153844, 20.1809844615385 ], [ -99.350737492307701, 20.18113852307691 ], [ -99.350508138461507, 20.181292599999978 ], [ -99.350336061538442, 20.181383307692268 ], [ -99.350135123076896, 20.181401784615414 ], [ -99.349675784615343, 20.181420769230783 ], [ -99.349503492307647, 20.181412076923081 ], [ -99.348813938461518, 20.181205600000041 ], [ -99.348325599999967, 20.18109813846154 ], [ -99.348095953846155, 20.1811166615385 ], [ -99.347694046153805, 20.181144569230749 ], [ -99.347320846153849, 20.181172415384601 ], [ -99.346621876923066, 20.181029215384655 ], [ -99.346085430769236, 20.180804353846181 ], [ -99.345893661538469, 20.180642076923075 ], [ -99.345740153846123, 20.180470692307697 ], [ -99.345643769230733, 20.180163646153822 ], [ -99.345518338461545, 20.179703030769222 ], [ -99.345441338461484, 20.179504384615328 ], [ -99.345278276923068, 20.179342046153803 ], [ -99.345105692307669, 20.1791978 ], [ -99.344856692307673, 20.179116969230741 ], [ -99.34467489230768, 20.1791354 ], [ -99.344560338461505, 20.179271169230759 ], [ -99.344417599999986, 20.179641938461522 ], [ -99.344476030769229, 20.180102676923056 ], [ -99.344707446153819, 20.180888384615404 ], [ -99.344737015384609, 20.181276892307693 ], [ -99.344708938461523, 20.18156610769233 ], [ -99.344680507692274, 20.181692676923081 ], [ -99.344547138461522, 20.181973061538478 ], [ -99.344480553846125, 20.18216296923076 ], [ -99.344327846153803, 20.182353030769224 ], [ -99.344222738461539, 20.182434553846168 ], [ -99.344107969230762, 20.182470923076956 ], [ -99.343993153846142, 20.182480184615368 ], [ -99.3438112, 20.182435369230753 ], [ -99.342996738461508, 20.181994169230794 ], [ -99.342785815384602, 20.181831923076913 ], [ -99.34266126153841, 20.181768923076916 ], [ -99.342498430769226, 20.181705984615377 ], [ -99.342402676923058, 20.181688092307688 ], [ -99.342144153846135, 20.181634384615379 ], [ -99.342010092307675, 20.181598492307696 ], [ -99.341693846153831, 20.181409338461581 ], [ -99.341329707692296, 20.181202215384623 ], [ -99.340984753846129, 20.181013123076941 ], [ -99.340362, 20.180707092307735 ], [ -99.339518876923037, 20.180284 ], [ -99.338675661538446, 20.179815738461546 ], [ -99.337813584615347, 20.179483046153813 ], [ -99.336712107692307, 20.17907852307696 ], [ -99.336549199999979, 20.178979430769253 ], [ -99.336405507692305, 20.178916461538467 ], [ -99.336233092307666, 20.178844492307672 ], [ -99.336003323076909, 20.178808784615413 ], [ -99.335878923076876, 20.178818061538419 ], [ -99.335725907692293, 20.178872569230801 ], [ -99.335487, 20.179035692307693 ], [ -99.335057599999971, 20.179632907692312 ], [ -99.334943199999984, 20.179840953846181 ], [ -99.334475830769193, 20.180582830769183 ], [ -99.334303784615329, 20.180691600000014 ], [ -99.334055169230751, 20.180791461538437 ] ] ] ] } },
{ "type": "Feature", "properties": { "IDBD": 168574, "FC": 6291, "CONDICION": "CUERPO DE AGUA INTERMITENTE" }, "geometry": { "type": "MultiPolygon", "coordinates": [ [ [ [ -99.523075630769185, 20.184487599999986 ], [ -99.523200030769218, 20.184478184615376 ], [ -99.523314923076867, 20.18449592307692 ], [ -99.523420261538433, 20.184513676923043 ], [ -99.523496799999975, 20.184504415384627 ], [ -99.523601953846125, 20.184467953846191 ], [ -99.523668769230724, 20.184413538461538 ], [ -99.523812169230737, 20.184367923076923 ], [ -99.52391735384613, 20.184340507692315 ], [ -99.524156538461497, 20.184312692307717 ], [ -99.524042199999954, 20.184466646153844 ], [ -99.523899246153817, 20.1846478 ], [ -99.523698753846148, 20.184792969230799 ], [ -99.523593769230757, 20.18488364615385 ], [ -99.523526784615356, 20.184883846153859 ], [ -99.523392707692295, 20.184857138461521 ], [ -99.523316015384552, 20.184821215384623 ], [ -99.523210492307683, 20.184749246153828 ], [ -99.523114246153824, 20.184586876923099 ], [ -99.523075630769185, 20.184487599999986 ] ] ] ] } },
{ "type": "Feature", "properties": { "IDBD": 168590, "FC": 6291, "CONDICION": "CUERPO DE AGUA INTERMITENTE" }, "geometry": { "type": "MultiPolygon", "coordinates": [ [ [ [ -99.518574846153825, 20.183705738461555 ], [ -99.518288153846143, 20.183833092307712 ], [ -99.517934276923043, 20.183906415384619 ], [ -99.517867138461497, 20.183861430769205 ], [ -99.517876323076905, 20.183743938461507 ], [ -99.517933384615361, 20.183635338461528 ], [ -99.517990184615385, 20.1834454 ], [ -99.518094553846112, 20.183174015384626 ], [ -99.5182467538461, 20.182893446153891 ], [ -99.518361399999989, 20.182829846153805 ], [ -99.518467030769187, 20.182937969230807 ], [ -99.518505723076899, 20.183064369230809 ], [ -99.518640199999979, 20.18320855384621 ], [ -99.518755338461517, 20.183298569230807 ], [ -99.518937569230758, 20.183415507692295 ], [ -99.518823138461542, 20.183542353846136 ], [ -99.518574846153825, 20.183705738461555 ] ] ] ] } },
{ "type": "Feature", "properties": { "IDBD": 168606, "FC": 6291, "CONDICION": "CUERPO DE AGUA INTERMITENTE" }, "geometry": { "type": "MultiPolygon", "coordinates": [ [ [ [ -99.485288276923058, 20.180629 ], [ -99.485412399999987, 20.180538307692345 ], [ -99.485574538461506, 20.18035712307692 ], [ -99.48566, 20.180140015384659 ], [ -99.485774153846137, 20.1799138 ], [ -99.485888399999965, 20.179723723076943 ], [ -99.486041076923058, 20.179578723076904 ], [ -99.486146107692292, 20.179497107692288 ], [ -99.48666247692303, 20.179360138461536 ], [ -99.486748553846112, 20.179341830769221 ], [ -99.486959153846144, 20.179359307692334 ], [ -99.487102846153817, 20.179404092307706 ], [ -99.487256199999962, 20.179475969230744 ], [ -99.487553415384582, 20.179646830769222 ], [ -99.488016338461492, 20.180784107692318 ], [ -99.488248138461529, 20.181461184615404 ], [ -99.488278215384597, 20.181903876923091 ], [ -99.488117092307633, 20.182410353846173 ], [ -99.487840507692297, 20.182718353846148 ], [ -99.487649492307682, 20.182845399999987 ], [ -99.487247676923062, 20.182891692307681 ], [ -99.486386015384582, 20.182794676923084 ], [ -99.486117430769212, 20.182596615384615 ], [ -99.485549630769214, 20.181586123076915 ], [ -99.485328, 20.181098784615411 ], [ -99.485269830769198, 20.180854969230776 ], [ -99.485288276923058, 20.180629 ] ] ] ] } },
{ "type": "Feature", "properties": { "IDBD": 168622, "FC": 6291, "CONDICION": "CUERPO DE AGUA INTERMITENTE" }, "geometry": { "type": "MultiPolygon", "coordinates": [ [ [ [ -99.513198723076911, 20.181561846153819 ], [ -99.513332707692285, 20.181561461538465 ], [ -99.513466799999975, 20.181597215384635 ], [ -99.513821599999957, 20.181804 ], [ -99.513869738461509, 20.181894230769259 ], [ -99.513908399999963, 20.182011584615381 ], [ -99.51388, 20.182102030769229 ], [ -99.513718, 20.182319369230758 ], [ -99.513403538461517, 20.182735953846166 ], [ -99.513278769230752, 20.182627892307675 ], [ -99.513192338461494, 20.182537784615377 ], [ -99.513077046153825, 20.182402569230771 ], [ -99.51297121538461, 20.182231184615421 ], [ -99.512884753846137, 20.182132046153882 ], [ -99.51292253846151, 20.181978323076915 ], [ -99.512989230769222, 20.181887769230784 ], [ -99.513008199999973, 20.1818334923077 ], [ -99.513074830769213, 20.18172486153847 ], [ -99.513122338461514, 20.181616292307719 ], [ -99.513198723076911, 20.181561846153819 ] ] ] ] } },
{ "type": "Feature", "properties": { "IDBD": 168672, "FC": 6291, "CONDICION": "CUERPO DE AGUA INTERMITENTE" }, "geometry": { "type": "MultiPolygon", "coordinates": [ [ [ [ -99.50873736923073, 20.181095892307724 ], [ -99.508823092307637, 20.180969138461485 ], [ -99.508870738461496, 20.180905738461558 ], [ -99.508985338461486, 20.180833123076912 ], [ -99.509176569230746, 20.18077835384614 ], [ -99.509262553846128, 20.180732923076928 ], [ -99.509588061538452, 20.180768123076934 ], [ -99.509731707692268, 20.180794815384608 ], [ -99.509665276923045, 20.180966692307678 ], [ -99.509570107692312, 20.181129615384616 ], [ -99.509455692307682, 20.181265492307663 ], [ -99.509321830769238, 20.18130203076926 ], [ -99.509015492307682, 20.181275800000019 ], [ -99.50880464615382, 20.181186061538458 ], [ -99.50873736923073, 20.181095892307724 ] ] ] ] } },
{ "type": "Feature", "properties": { "IDBD": 168677, "FC": 6291, "CONDICION": "CUERPO DE AGUA INTERMITENTE" }, "geometry": { "type": "MultiPolygon", "coordinates": [ [ [ [ -99.492965569230705, 20.178158830769281 ], [ -99.494613938461526, 20.178877107692344 ], [ -99.494940569230764, 20.179273784615418 ], [ -99.495074984615343, 20.179408953846128 ], [ -99.495229, 20.179688646153878 ], [ -99.495258076923051, 20.179806030769232 ], [ -99.495143292307645, 20.179824430769184 ], [ -99.49499021538459, 20.179842923076937 ], [ -99.49484684615382, 20.179897553846143 ], [ -99.49467476923077, 20.179961292307663 ], [ -99.494569553846148, 20.179979661538475 ], [ -99.494273446153784, 20.180161215384619 ], [ -99.494101492307678, 20.180261092307717 ], [ -99.493958169230737, 20.180333784615396 ], [ -99.493747907692267, 20.180424738461543 ], [ -99.493499323076932, 20.180506769230757 ], [ -99.493375092307673, 20.180561323076923 ], [ -99.493183969230742, 20.180652230769205 ], [ -99.493069323076924, 20.1807158 ], [ -99.492505, 20.180825815384626 ], [ -99.492380538461518, 20.180808092307686 ], [ -99.49220815384615, 20.180772430769256 ], [ -99.4920932307692, 20.180745646153834 ], [ -99.491987923076891, 20.1807369076923 ], [ -99.491863369230757, 20.180692076923091 ], [ -99.491767492307687, 20.180638123076974 ], [ -99.491613969230741, 20.180512046153829 ], [ -99.491489184615347, 20.180394923076928 ], [ -99.491460030769204, 20.180250415384609 ], [ -99.491401861538421, 20.180015646153841 ], [ -99.49189646153846, 20.179038338461535 ], [ -99.492001538461494, 20.178974799999974 ], [ -99.49204930769227, 20.178947553846143 ], [ -99.492154599999978, 20.17895629230771 ], [ -99.492250338461503, 20.178965061538477 ], [ -99.492403507692273, 20.178982707692313 ], [ -99.492489476923055, 20.178928246153863 ], [ -99.492594292307672, 20.17878336923075 ], [ -99.492680138461481, 20.178692769230754 ], [ -99.492718307692272, 20.178656523076928 ], [ -99.492766, 20.178602169230754 ], [ -99.492784969230755, 20.178547892307691 ], [ -99.492822938461501, 20.1784484 ], [ -99.492965569230705, 20.178158830769281 ] ] ] ] } },
{ "type": "Feature", "properties": { "IDBD": 168679, "FC": 6291, "CONDICION": "CUERPO DE AGUA INTERMITENTE" }, "geometry": { "type": "MultiPolygon", "coordinates": [ [ [ [ -99.062101307692259, 20.172919676923101 ], [ -99.062005661538421, 20.173046230769216 ], [ -99.061938723076864, 20.173172753846163 ], [ -99.06178558461535, 20.173154738461562 ], [ -99.0614505230769, 20.172892800000032 ], [ -99.061392953846138, 20.172495215384625 ], [ -99.061287630769186, 20.172359707692305 ], [ -99.061124907692275, 20.17229650769228 ], [ -99.060933492307669, 20.172251384615411 ], [ -99.060684646153831, 20.172206292307731 ], [ -99.060636738461525, 20.172070753846153 ], [ -99.061249261538435, 20.172151876923095 ], [ -99.061526815384596, 20.172206 ], [ -99.061708615384575, 20.172097492307689 ], [ -99.061986046153791, 20.171826307692335 ], [ -99.062301753846143, 20.1715822 ], [ -99.062569676923047, 20.17147367692305 ], [ -99.062933338461491, 20.171464507692328 ], [ -99.06323006153842, 20.171572830769211 ], [ -99.063459830769219, 20.171789630769219 ], [ -99.063593923076894, 20.172078753846179 ], [ -99.063622815384576, 20.172503461538419 ], [ -99.063508030769199, 20.172666153846169 ], [ -99.063220984615342, 20.172783738461529 ], [ -99.062972184615376, 20.172865153846178 ], [ -99.062493676923054, 20.172892430769224 ], [ -99.062264, 20.172883476923072 ], [ -99.062101307692259, 20.172919676923101 ] ] ] ] } },
{ "type": "Feature", "properties": { "IDBD": 168681, "FC": 6291, "CONDICION": "CUERPO DE AGUA INTERMITENTE" }, "geometry": { "type": "MultiPolygon", "coordinates": [ [ [ [ -99.505999599999967, 20.180904984615374 ], [ -99.506056199999989, 20.180651815384643 ], [ -99.506132415384599, 20.180543153846148 ], [ -99.506218307692279, 20.180470615384596 ], [ -99.506333046153799, 20.180434138461546 ], [ -99.506476384615354, 20.180370476923084 ], [ -99.506648338461488, 20.180270584615378 ], [ -99.506801230769199, 20.180197846153831 ], [ -99.506906507692293, 20.180197553846146 ], [ -99.507079, 20.180269338461578 ], [ -99.506993538461515, 20.180477415384637 ], [ -99.506793261538462, 20.180694861538438 ], [ -99.506592753846093, 20.18084003076925 ], [ -99.506229430769196, 20.18094950769229 ], [ -99.506095476923022, 20.180958923076908 ], [ -99.505999599999967, 20.180904984615374 ] ] ] ] } },
{ "type": "Feature", "properties": { "IDBD": 168683, "FC": 6291, "CONDICION": "CUERPO DE AGUA INTERMITENTE" }, "geometry": { "type": "MultiPolygon", "coordinates": [ [ [ [ -99.134634553846112, 20.173421323076909 ], [ -99.134720692307681, 20.173439323076902 ], [ -99.134797307692281, 20.173502523076927 ], [ -99.134883476923051, 20.173538599999986 ], [ -99.134960061538422, 20.17355661538458 ], [ -99.135036646153821, 20.173592707692283 ], [ -99.135084523076898, 20.173619769230786 ], [ -99.135161153846099, 20.173692015384646 ], [ -99.135209092307619, 20.17380944615385 ], [ -99.135266630769181, 20.173944953846149 ], [ -99.135285938461493, 20.174125661538461 ], [ -99.135104230769187, 20.174270384615415 ], [ -99.134989415384581, 20.174306615384623 ], [ -99.1349034, 20.174451276923048 ], [ -99.134750292307686, 20.174469461538482 ], [ -99.134453369230755, 20.174189553846176 ], [ -99.13437673846154, 20.174099246153887 ], [ -99.134280923076872, 20.173972815384602 ], [ -99.134347769230729, 20.173810107692315 ], [ -99.134443353846123, 20.173665446153883 ], [ -99.134634553846112, 20.173421323076909 ] ] ] ] } },
{ "type": "Feature", "properties": { "IDBD": 168686, "FC": 6291, "CONDICION": "CUERPO DE AGUA INTERMITENTE" }, "geometry": { "type": "MultiPolygon", "coordinates": [ [ [ [ -99.52279506153846, 20.180711292307713 ], [ -99.522803799999949, 20.180458246153879 ], [ -99.522813184615387, 20.180404 ], [ -99.52284147692302, 20.180277415384623 ], [ -99.523004076923044, 20.180249815384631 ], [ -99.523176523076884, 20.180303523076901 ], [ -99.5236168461538, 20.180329323076919 ], [ -99.523760369230743, 20.180319861538443 ], [ -99.523980369230742, 20.180283061538482 ], [ -99.5242096, 20.180146830769189 ], [ -99.524381476923068, 20.180028846153867 ], [ -99.524477169230735, 20.180028569230782 ], [ -99.524496492307634, 20.180082723076932 ], [ -99.524448984615361, 20.180182261538487 ], [ -99.52445, 20.18048949230765 ], [ -99.524259230769218, 20.180679830769265 ], [ -99.524058830769206, 20.180852107692335 ], [ -99.523963492307672, 20.180960830769205 ], [ -99.523829892307688, 20.181078692307697 ], [ -99.523705723076873, 20.181151353846136 ], [ -99.523543092307648, 20.181169907692297 ], [ -99.523370738461495, 20.181143323076892 ], [ -99.523159769230759, 20.181017430769217 ], [ -99.522871923076892, 20.180801430769243 ], [ -99.52279506153846, 20.180711292307713 ] ] ] ] } },
{ "type": "Feature", "properties": { "IDBD": 168704, "FC": 6291, "CONDICION": "CUERPO DE AGUA INTERMITENTE" }, "geometry": { "type": "MultiPolygon", "coordinates": [ [ [ [ -99.514802415384594, 20.180301123076887 ], [ -99.514754215384613, 20.180192830769265 ], [ -99.514715538461516, 20.180075476923065 ], [ -99.514695923076928, 20.17993095384616 ], [ -99.514771923076907, 20.179759046153844 ], [ -99.514857707692244, 20.179650353846149 ], [ -99.514943415384579, 20.1795236 ], [ -99.515058261538428, 20.179523261538456 ], [ -99.515154, 20.17953201538463 ], [ -99.51525941538462, 20.179576892307736 ], [ -99.51534587692305, 20.179676030769208 ], [ -99.515374861538405, 20.179757276923056 ], [ -99.515375215384594, 20.179865707692329 ], [ -99.515337353846121, 20.179992323076917 ], [ -99.515251630769214, 20.180119092307706 ], [ -99.515146738461482, 20.18023686153844 ], [ -99.515012969230739, 20.180300507692301 ], [ -99.514907723076931, 20.180309846153843 ], [ -99.514802415384594, 20.180301123076887 ] ] ] ] } },
{ "type": "Feature", "properties": { "IDBD": 168724, "FC": 6291, "CONDICION": "CUERPO DE AGUA INTERMITENTE" }, "geometry": { "type": "MultiPolygon", "coordinates": [ [ [ [ -99.509402061538452, 20.17948550769232 ], [ -99.50951629230768, 20.179295415384601 ], [ -99.509583138461508, 20.179250046153829 ], [ -99.509688230769186, 20.179195523076963 ], [ -99.509917769230725, 20.17914967692306 ], [ -99.510070861538438, 20.1791402 ], [ -99.510176169230732, 20.179148923076895 ], [ -99.510626584615366, 20.179337384615348 ], [ -99.510205969230739, 20.179483184615403 ], [ -99.509986292307701, 20.179619369230796 ], [ -99.509833369230748, 20.179683061538476 ], [ -99.509718553846113, 20.179692430769272 ], [ -99.509641876923027, 20.17965650769229 ], [ -99.509402061538452, 20.17948550769232 ] ] ] ] } },
{ "type": "Feature", "properties": { "IDBD": 168730, "FC": 6291, "CONDICION": "CUERPO DE AGUA INTERMITENTE" }, "geometry": { "type": "MultiPolygon", "coordinates": [ [ [ [ -99.516982184615358, 20.179607984615366 ], [ -99.516858015384628, 20.179680630769269 ], [ -99.516762338461547, 20.179689953846179 ], [ -99.516657061538439, 20.17969026153845 ], [ -99.516513307692264, 20.179627430769241 ], [ -99.516398107692297, 20.179519338461557 ], [ -99.516388169230709, 20.179410923076965 ], [ -99.516426046153796, 20.179284307692296 ], [ -99.516530861538442, 20.17914846153846 ], [ -99.516588169230729, 20.179112138461551 ], [ -99.516712676923063, 20.179138892307744 ], [ -99.516818061538416, 20.179174723076962 ], [ -99.5168852, 20.179219707692305 ], [ -99.516962061538436, 20.179309846153842 ], [ -99.517000676923061, 20.179409123076905 ], [ -99.516991461538453, 20.179517584615386 ], [ -99.516982184615358, 20.179607984615366 ] ] ] ] } },
{ "type": "Feature", "properties": { "IDBD": 168773, "FC": 6291, "CONDICION": "CUERPO DE AGUA INTERMITENTE" }, "geometry": { "type": "MultiPolygon", "coordinates": [ [ [ [ -99.524757323076884, 20.177949400000021 ], [ -99.524756692307648, 20.17775964615387 ], [ -99.524803723076914, 20.177515523076956 ], [ -99.524956123076876, 20.177298200000017 ], [ -99.525117753846104, 20.176981446153849 ], [ -99.525270661538428, 20.176917738461519 ], [ -99.525375969230751, 20.17692646153845 ], [ -99.525404984615363, 20.177016738461521 ], [ -99.525406369230737, 20.1774324 ], [ -99.525378061538447, 20.177549953846142 ], [ -99.525359061538467, 20.1775952 ], [ -99.525292261538411, 20.177649615384603 ], [ -99.52513001538459, 20.177785630769243 ], [ -99.524757323076884, 20.177949400000021 ] ] ] ] } },
{ "type": "Feature", "properties": { "IDBD": 168797, "FC": 6291, "CONDICION": "CUERPO DE AGUA INTERMITENTE" }, "geometry": { "type": "MultiPolygon", "coordinates": [ [ [ [ -99.515361738461522, 20.175763307692321 ], [ -99.515486292307671, 20.175808123076937 ], [ -99.515706646153802, 20.175879769230811 ], [ -99.515878923076912, 20.175888292307683 ], [ -99.515994, 20.175960246153828 ], [ -99.516147723076898, 20.176140523076942 ], [ -99.516224646153816, 20.176248723076917 ], [ -99.516253799999987, 20.17638418461538 ], [ -99.516282984615373, 20.176528676923098 ], [ -99.516283153846103, 20.176582892307714 ], [ -99.516255076923045, 20.17677273846153 ], [ -99.516188523076892, 20.176908476923046 ], [ -99.516150523076917, 20.176989923076956 ], [ -99.515959569230731, 20.17712601538463 ], [ -99.515509492307686, 20.177046015384597 ], [ -99.515308107692292, 20.176920092307672 ], [ -99.515048676923044, 20.176604584615387 ], [ -99.515325353846109, 20.176341723076963 ], [ -99.515353830769214, 20.176269353846127 ], [ -99.515333707692278, 20.175971215384624 ], [ -99.515323830769219, 20.17588087692312 ], [ -99.515333138461529, 20.175799538461558 ], [ -99.515361738461522, 20.175763307692321 ] ] ] ] } },
{ "type": "Feature", "properties": { "IDBD": 168800, "FC": 6291, "CONDICION": "CUERPO DE AGUA INTERMITENTE" }, "geometry": { "type": "MultiPolygon", "coordinates": [ [ [ [ -99.500990876923055, 20.176853015384612 ], [ -99.501038261538426, 20.176708307692312 ], [ -99.501143015384557, 20.176545353846155 ], [ -99.501161892307678, 20.176463969230777 ], [ -99.501161169230741, 20.176238061538495 ], [ -99.5011224307692, 20.1760936 ], [ -99.501016261538453, 20.175813769230782 ], [ -99.500958046153826, 20.175560923076912 ], [ -99.501024738461481, 20.175470369230766 ], [ -99.501120476923049, 20.175479138461554 ], [ -99.501158784615328, 20.175488061538459 ], [ -99.501302676923046, 20.175596092307725 ], [ -99.501484846153815, 20.175704 ], [ -99.501580676923012, 20.175739876923085 ], [ -99.5016956, 20.175766661538443 ], [ -99.501771753846157, 20.175639938461561 ], [ -99.501838630769214, 20.1756036 ], [ -99.501972753846104, 20.175648399999979 ], [ -99.50199247692305, 20.175829061538412 ], [ -99.501964046153802, 20.175919507692331 ], [ -99.501964276923076, 20.175991799999981 ], [ -99.501983599999988, 20.17604595384611 ], [ -99.502041446153825, 20.176181338461568 ], [ -99.502108953846118, 20.1763438 ], [ -99.50214767692303, 20.176479230769232 ], [ -99.502167046153815, 20.17655146153843 ], [ -99.502321, 20.176813076923093 ], [ -99.501804276923053, 20.176832630769255 ], [ -99.500990876923055, 20.176853015384612 ] ] ] ] } },
{ "type": "Feature", "properties": { "IDBD": 168806, "FC": 6291, "CONDICION": "CUERPO DE AGUA INTERMITENTE" }, "geometry": { "type": "MultiPolygon", "coordinates": [ [ [ [ -99.518033169230733, 20.176180153846147 ], [ -99.518167246153837, 20.176206876923057 ], [ -99.518244046153825, 20.17627893846154 ], [ -99.518320723076869, 20.176314861538422 ], [ -99.518560246153797, 20.176395476923055 ], [ -99.518694338461486, 20.176431230769236 ], [ -99.518809415384581, 20.176503169230802 ], [ -99.518924569230734, 20.17659319999996 ], [ -99.519116646153819, 20.176800461538452 ], [ -99.518935030769185, 20.176864261538451 ], [ -99.518648015384599, 20.176892215384626 ], [ -99.518418307692286, 20.176883846153817 ], [ -99.518284046153823, 20.176802923076917 ], [ -99.518216799999962, 20.176721784615342 ], [ -99.518158953846125, 20.176595461538479 ], [ -99.518033769230769, 20.176360876923052 ], [ -99.518014415384599, 20.176297692307713 ], [ -99.518033353846121, 20.176234369230762 ], [ -99.518033169230733, 20.176180153846147 ] ] ] ] } },
{ "type": "Feature", "properties": { "IDBD": 168814, "FC": 6291, "CONDICION": "CUERPO DE AGUA INTERMITENTE" }, "geometry": { "type": "MultiPolygon", "coordinates": [ [ [ [ -99.441026323076898, 20.174356892307713 ], [ -99.441619615384596, 20.174337323076905 ], [ -99.441954523076916, 20.17431841538459 ], [ -99.441821292307637, 20.174589830769211 ], [ -99.44178359999998, 20.174797769230761 ], [ -99.441860646153842, 20.174969261538497 ], [ -99.441889738461498, 20.175104738461531 ], [ -99.441890446153792, 20.175357753846193 ], [ -99.441813846153835, 20.175339861538507 ], [ -99.441717707692277, 20.175186492307667 ], [ -99.441592738461495, 20.174988015384596 ], [ -99.441515738461504, 20.174834584615358 ], [ -99.441448215384597, 20.174644984615401 ], [ -99.441026323076898, 20.174356892307713 ] ] ] ] } },
{ "type": "Feature", "properties": { "IDBD": 168841, "FC": 6291, "CONDICION": "CUERPO DE AGUA INTERMITENTE" }, "geometry": { "type": "MultiPolygon", "coordinates": [ [ [ [ -99.523687676923061, 20.175747753846146 ], [ -99.523792446153834, 20.175593830769213 ], [ -99.523887953846128, 20.175539323076933 ], [ -99.523945230769215, 20.175493969230804 ], [ -99.523973692307649, 20.175421600000014 ], [ -99.52404998461536, 20.175340046153856 ], [ -99.524116769230787, 20.175276584615343 ], [ -99.524145230769207, 20.175204215384642 ], [ -99.524173584615355, 20.175095692307703 ], [ -99.52424, 20.174923815384659 ], [ -99.524287538461522, 20.174833307692282 ], [ -99.524344784615323, 20.174778923076897 ], [ -99.52443055384613, 20.174670230769244 ], [ -99.524449599999969, 20.17464306153849 ], [ -99.524460138461507, 20.174932184615422 ], [ -99.524460399999967, 20.175013523076924 ], [ -99.524451292307674, 20.175149092307748 ], [ -99.524451553846134, 20.175230415384615 ], [ -99.524365938461514, 20.175384276923058 ], [ -99.524232446153832, 20.175529261538465 ], [ -99.524060646153814, 20.175665323076927 ], [ -99.523869507692297, 20.175747215384654 ], [ -99.523687676923061, 20.175747753846146 ] ] ] ] } },
{ "type": "Feature", "properties": { "IDBD": 168844, "FC": 6291, "CONDICION": "CUERPO DE AGUA INTERMITENTE" }, "geometry": { "type": "MultiPolygon", "coordinates": [ [ [ [ -99.508688246153795, 20.174806815384663 ], [ -99.508678015384604, 20.174599 ], [ -99.508773553846126, 20.174553553846142 ], [ -99.508888338461517, 20.174535138461515 ], [ -99.509233276923069, 20.174660661538496 ], [ -99.50963496923076, 20.174587200000044 ], [ -99.509655492307672, 20.175011846153843 ], [ -99.509541446153818, 20.175256153846139 ], [ -99.509436523076857, 20.175364892307645 ], [ -99.50920696923076, 20.175401707692327 ], [ -99.509024753846134, 20.175284753846135 ], [ -99.508880707692285, 20.175131553846185 ], [ -99.508688246153795, 20.174806815384663 ] ] ] ] } },
{ "type": "Feature", "properties": { "IDBD": 168851, "FC": 6291, "CONDICION": "CUERPO DE AGUA INTERMITENTE" }, "geometry": { "type": "MultiPolygon", "coordinates": [ [ [ [ -99.513569584615354, 20.174991430769222 ], [ -99.513434984615358, 20.174802061538486 ], [ -99.513262784615335, 20.174820630769272 ], [ -99.513204661538424, 20.17460393846153 ], [ -99.513203276923036, 20.174179230769216 ], [ -99.513288923076885, 20.174034399999989 ], [ -99.513431969230723, 20.173880369230783 ], [ -99.513641261538467, 20.173500246153793 ], [ -99.513870707692291, 20.173427276923039 ], [ -99.514062138461512, 20.17343575384616 ], [ -99.514407538461541, 20.173705830769233 ], [ -99.514551261538443, 20.173759630769251 ], [ -99.514723707692283, 20.17381333846151 ], [ -99.514647707692276, 20.173985261538473 ], [ -99.514151707692278, 20.174483692307717 ], [ -99.513846199999961, 20.174710492307717 ], [ -99.513569584615354, 20.174991430769222 ] ] ] ] } },
{ "type": "Feature", "properties": { "IDBD": 168856, "FC": 6291, "CONDICION": "CUERPO DE AGUA INTERMITENTE" }, "geometry": { "type": "MultiPolygon", "coordinates": [ [ [ [ -99.494312861538432, 20.174450184615377 ], [ -99.494216692307688, 20.174296846153819 ], [ -99.494149261538467, 20.174161492307707 ], [ -99.494101107692273, 20.174062230769227 ], [ -99.494024169230713, 20.173944969230753 ], [ -99.494004630769226, 20.173818523076953 ], [ -99.494100215384563, 20.173782107692279 ], [ -99.494176646153818, 20.173736707692321 ], [ -99.494271938461509, 20.173609938461556 ], [ -99.494357753846103, 20.173510292307707 ], [ -99.494415, 20.173455923076904 ], [ -99.494443723076884, 20.173455830769214 ], [ -99.494559661538418, 20.173807923076939 ], [ -99.494550615384554, 20.173970600000018 ], [ -99.494503353846127, 20.174160492307671 ], [ -99.494427169230718, 20.174278184615378 ], [ -99.494312861538432, 20.174450184615377 ] ] ] ] } },
{ "type": "Feature", "properties": { "IDBD": 168868, "FC": 6291, "CONDICION": "CUERPO DE AGUA INTERMITENTE" }, "geometry": { "type": "MultiPolygon", "coordinates": [ [ [ [ -99.525462923076944, 20.174314738461536 ], [ -99.525481030769214, 20.174007446153869 ], [ -99.5254804, 20.173817692307672 ], [ -99.525489692307659, 20.173736338461538 ], [ -99.525498907692267, 20.173627876923113 ], [ -99.525574584615342, 20.1733656 ], [ -99.525670184615379, 20.173338200000025 ], [ -99.525823307692278, 20.173337753846177 ], [ -99.525947984615357, 20.173418707692353 ], [ -99.525996169230737, 20.173517953846158 ], [ -99.526015769230753, 20.173653446153818 ], [ -99.525968369230725, 20.173789123076912 ], [ -99.525873153846135, 20.17393398461537 ], [ -99.525844630769171, 20.173988292307676 ], [ -99.525596476923056, 20.174187830769224 ], [ -99.525462923076944, 20.174314738461536 ] ] ] ] } },
{ "type": "Feature", "properties": { "IDBD": 168869, "FC": 6291, "CONDICION": "CUERPO DE AGUA INTERMITENTE" }, "geometry": { "type": "MultiPolygon", "coordinates": [ [ [ [ -99.518350338461545, 20.173694261538486 ], [ -99.518790523076888, 20.173683923076922 ], [ -99.519077538461516, 20.173655969230744 ], [ -99.519374076923029, 20.173618953846152 ], [ -99.519517692307645, 20.173636599999984 ], [ -99.519460861538462, 20.173817492307702 ], [ -99.519337061538451, 20.173998584615344 ], [ -99.51919384615384, 20.17409839999997 ], [ -99.519060015384568, 20.174143984615377 ], [ -99.518897384615357, 20.174162538461552 ], [ -99.518763399999941, 20.174162923076928 ], [ -99.518504707692273, 20.174073323076943 ], [ -99.518408661538416, 20.173965184615362 ], [ -99.518360446153849, 20.173856892307711 ], [ -99.518341076923065, 20.173784646153866 ], [ -99.518340923076906, 20.173739476923085 ], [ -99.518350338461545, 20.173694261538486 ] ] ] ] } },
{ "type": "Feature", "properties": { "IDBD": 168885, "FC": 6291, "CONDICION": "CUERPO DE AGUA INTERMITENTE" }, "geometry": { "type": "MultiPolygon", "coordinates": [ [ [ [ -99.520331123076872, 20.173634199999988 ], [ -99.520109907692259, 20.173300507692304 ], [ -99.520472876923066, 20.173091600000024 ], [ -99.520683753846129, 20.173190384615381 ], [ -99.520770061538428, 20.173244338461526 ], [ -99.520875707692284, 20.173361507692299 ], [ -99.520847276923064, 20.173442907692316 ], [ -99.520732615384603, 20.173497461538414 ], [ -99.520531923076888, 20.173579384615358 ], [ -99.520331123076872, 20.173634199999988 ] ] ] ] } },
{ "type": "Feature", "properties": { "IDBD": 168898, "FC": 6291, "CONDICION": "CUERPO DE AGUA INTERMITENTE" }, "geometry": { "type": "MultiPolygon", "coordinates": [ [ [ [ -99.500279630769214, 20.172897169230769 ], [ -99.499992246153823, 20.172807615384571 ], [ -99.499905892307623, 20.172735569230781 ], [ -99.499963, 20.172636015384608 ], [ -99.500096861538424, 20.172599492307711 ], [ -99.500202292307648, 20.172653399999984 ], [ -99.500288430769203, 20.172653153846202 ], [ -99.500384092307627, 20.172643846153871 ], [ -99.500594661538443, 20.172652292307674 ], [ -99.500585430769235, 20.172760753846166 ], [ -99.500451661538435, 20.172824384615407 ], [ -99.500279630769214, 20.172897169230769 ] ] ] ] } },
{ "type": "Feature", "properties": { "IDBD": 168900, "FC": 6291, "CONDICION": "CUERPO DE AGUA INTERMITENTE" }, "geometry": { "type": "MultiPolygon", "coordinates": [ [ [ [ -99.521944661538456, 20.172490861538471 ], [ -99.52213641538458, 20.172598723076916 ], [ -99.522261092307659, 20.172679676923057 ], [ -99.522424199999961, 20.172805707692302 ], [ -99.522424584615365, 20.172923169230817 ], [ -99.522319769230734, 20.173059030769195 ], [ -99.5221764, 20.173113661538473 ], [ -99.522032861538406, 20.17311409230766 ], [ -99.521821923076899, 20.172997246153827 ], [ -99.521716246153815, 20.172871061538476 ], [ -99.521715876923068, 20.172762615384602 ], [ -99.521849138461519, 20.172545353846175 ], [ -99.521944661538456, 20.172490861538471 ] ] ] ] } },
{ "type": "Feature", "properties": { "IDBD": 168908, "FC": 6291, "CONDICION": "CUERPO DE AGUA INTERMITENTE" }, "geometry": { "type": "MultiPolygon", "coordinates": [ [ [ [ -99.507434246153821, 20.171747153846162 ], [ -99.507559523076921, 20.172017876923064 ], [ -99.507559676923051, 20.172063046153827 ], [ -99.507704123076891, 20.172342753846149 ], [ -99.507876876923063, 20.17249587692309 ], [ -99.507963399999966, 20.172613092307667 ], [ -99.507810446153826, 20.172667753846149 ], [ -99.507551953846132, 20.172632353846154 ], [ -99.507360292307652, 20.172551584615405 ], [ -99.507292769230759, 20.17238912307694 ], [ -99.507292246153796, 20.172226476923054 ], [ -99.507434246153821, 20.171747153846162 ] ] ] ] } },
{ "type": "Feature", "properties": { "IDBD": 168913, "FC": 6291, "CONDICION": "CUERPO DE AGUA INTERMITENTE" }, "geometry": { "type": "MultiPolygon", "coordinates": [ [ [ [ -99.502661261538449, 20.172492784615383 ], [ -99.5023737230769, 20.172358061538493 ], [ -99.502277738461501, 20.17226796923077 ], [ -99.502248861538419, 20.172213830769198 ], [ -99.502210384615367, 20.172150692307699 ], [ -99.502238646153828, 20.172015061538492 ], [ -99.502392092307645, 20.172114030769212 ], [ -99.502593230769193, 20.172167676923099 ], [ -99.502708123076914, 20.172185415384604 ], [ -99.502851815384616, 20.172230184615394 ], [ -99.502861615384603, 20.172302446153846 ], [ -99.502804430769203, 20.172374907692348 ], [ -99.502709, 20.172456507692299 ], [ -99.502661261538449, 20.172492784615383 ] ] ] ] } },
{ "type": "Feature", "properties": { "IDBD": 168918, "FC": 6292, "CONDICION": "CUERPO DE AGUA PERENNE" }, "geometry": { "type": "MultiPolygon", "coordinates": [ [ [ [ -99.318508153846125, 20.1692266 ], [ -99.318170661538403, 20.167971153846139 ], [ -99.318275523076878, 20.167772169230791 ], [ -99.318380738461514, 20.167744861538441 ], [ -99.318505092307674, 20.167717523076917 ], [ -99.318667876923058, 20.167762415384647 ], [ -99.318801969230734, 20.167825430769241 ], [ -99.318917092307657, 20.167960769230749 ], [ -99.31902253846151, 20.168050938461541 ], [ -99.319166153846126, 20.168086830769241 ], [ -99.319338138461518, 20.16795096923077 ], [ -99.319615092307657, 20.167670338461573 ], [ -99.320159984615358, 20.167380184615389 ], [ -99.320427523076873, 20.167180892307641 ], [ -99.32053232307689, 20.166945753846122 ], [ -99.320647246153825, 20.166990723076918 ], [ -99.320723953846112, 20.16706287692308 ], [ -99.32075292307691, 20.167189338461519 ], [ -99.320762784615354, 20.16733389230772 ], [ -99.320753430769216, 20.167442353846191 ], [ -99.320868107692277, 20.167360815384626 ], [ -99.321049261538448, 20.167035169230786 ], [ -99.321297369230734, 20.16669133846155 ], [ -99.321440384615371, 20.166429015384594 ], [ -99.321526184615351, 20.166266215384635 ], [ -99.3215547076923, 20.166175800000012 ], [ -99.321602399999975, 20.166103415384644 ], [ -99.321812846153804, 20.166057846153841 ], [ -99.321946769230763, 20.166030492307687 ], [ -99.322071169230725, 20.166030261538499 ], [ -99.32218616923079, 20.166111384615395 ], [ -99.322014246153827, 20.166274353846152 ], [ -99.321909215384608, 20.166382984615392 ], [ -99.321967123076845, 20.166626861538436 ], [ -99.3218623384615, 20.166862 ], [ -99.321738338461529, 20.16706103076924 ], [ -99.321585615384578, 20.16725107692309 ], [ -99.321385076923036, 20.167459276923118 ], [ -99.321232138461539, 20.167549923076947 ], [ -99.320983553846162, 20.16765880000003 ], [ -99.320916846153807, 20.167794476923088 ], [ -99.320773630769196, 20.167957384615416 ], [ -99.320429553846139, 20.168174892307658 ], [ -99.320267107692246, 20.168292661538466 ], [ -99.320143015384588, 20.168446507692291 ], [ -99.320009538461491, 20.168690738461517 ], [ -99.319904599999987, 20.168853584615391 ], [ -99.319723046153825, 20.168989461538445 ], [ -99.319368830769179, 20.168926846153852 ], [ -99.319206276923055, 20.168990384615377 ], [ -99.318976876923003, 20.169126353846128 ], [ -99.318804723076909, 20.169180876923065 ], [ -99.318508153846125, 20.1692266 ] ] ] ] } },
{ "type": "Feature", "properties": { "IDBD": 168937, "FC": 6291, "CONDICION": "CUERPO DE AGUA INTERMITENTE" }, "geometry": { "type": "MultiPolygon", "coordinates": [ [ [ [ -99.517454261538418, 20.171853507692312 ], [ -99.517654953846119, 20.17177160000001 ], [ -99.517855738461506, 20.17171678461537 ], [ -99.517999015384603, 20.171635030769245 ], [ -99.518171153846126, 20.1715983846154 ], [ -99.5182954153846, 20.17155283076924 ], [ -99.518429569230719, 20.171606661538437 ], [ -99.518315415384606, 20.171814830769243 ], [ -99.518229738461528, 20.171950630769281 ], [ -99.517981230769195, 20.172041723076912 ], [ -99.517770784615323, 20.172069446153852 ], [ -99.517569599999973, 20.172006784615402 ], [ -99.517454261538418, 20.171853507692312 ] ] ] ] } },
{ "type": "Feature", "properties": { "IDBD": 168938, "FC": 6291, "CONDICION": "CUERPO DE AGUA INTERMITENTE" }, "geometry": { "type": "MultiPolygon", "coordinates": [ [ [ [ -99.119631569230748, 20.165037246153855 ], [ -99.119478476923049, 20.165082538461498 ], [ -99.119277538461503, 20.165109784615414 ], [ -99.119191353846148, 20.165037553846155 ], [ -99.119239107692266, 20.164911 ], [ -99.119506907692298, 20.164721061538479 ], [ -99.1198226, 20.164576261538514 ], [ -99.119966092307664, 20.164494830769211 ], [ -99.120167015384581, 20.164440476923051 ], [ -99.120234076923083, 20.164539830769225 ], [ -99.120224569230729, 20.1646302 ], [ -99.120081184615358, 20.164829107692309 ], [ -99.11976550769225, 20.164991969230798 ], [ -99.119631569230748, 20.165037246153855 ] ] ] ] } },
{ "type": "Feature", "properties": { "IDBD": 168955, "FC": 6291, "CONDICION": "CUERPO DE AGUA INTERMITENTE" }, "geometry": { "type": "MultiPolygon", "coordinates": [ [ [ [ -99.519518907692273, 20.171115492307717 ], [ -99.519891384615391, 20.170888492307682 ], [ -99.520044230769187, 20.170806707692325 ], [ -99.520187538461499, 20.170734 ], [ -99.520416938461523, 20.170651984615354 ], [ -99.520703938461466, 20.170624030769243 ], [ -99.520695353846108, 20.170922246153882 ], [ -99.520695784615341, 20.171048753846129 ], [ -99.520667338461536, 20.171130169230782 ], [ -99.520610215384565, 20.171220707692353 ], [ -99.520505230769203, 20.171302338461516 ], [ -99.520467, 20.171320523076947 ], [ -99.52010347692304, 20.171357738461516 ], [ -99.519806784615355, 20.171349584615367 ], [ -99.519605461538461, 20.171241738461546 ], [ -99.519518907692273, 20.171115492307717 ] ] ] ] } },
{ "type": "Feature", "properties": { "IDBD": 168956, "FC": 6291, "CONDICION": "CUERPO DE AGUA INTERMITENTE" }, "geometry": { "type": "MultiPolygon", "coordinates": [ [ [ [ -99.435807784615335, 20.169896923076898 ], [ -99.435740846153806, 20.169915153846183 ], [ -99.435673815384575, 20.169897246153852 ], [ -99.435616461538416, 20.169924492307665 ], [ -99.43556867692304, 20.169942692307679 ], [ -99.435511107692278, 20.169888615384629 ], [ -99.435520492307688, 20.169825338461582 ], [ -99.435539615384599, 20.169816261538511 ], [ -99.435644676923033, 20.169743707692302 ], [ -99.435673261538454, 20.169698446153834 ], [ -99.435692046153861, 20.169571892307673 ], [ -99.435701323076898, 20.169463430769259 ], [ -99.435672384615344, 20.169382184615412 ], [ -99.435662661538444, 20.169327984615396 ], [ -99.435691138461522, 20.169246584615372 ], [ -99.435729199999955, 20.169165169230734 ], [ -99.435738415384606, 20.169038646153808 ], [ -99.435719, 20.168939292307709 ], [ -99.435661476923059, 20.168903276923086 ], [ -99.435603907692283, 20.168849215384618 ], [ -99.435527261538439, 20.168813246153849 ], [ -99.435507892307655, 20.168731969230773 ], [ -99.435517107692263, 20.168605446153855 ], [ -99.435411615384623, 20.168524384615353 ], [ -99.435679215384567, 20.168397200000026 ], [ -99.436224646153804, 20.168377784615373 ], [ -99.436148615384596, 20.168567738461523 ], [ -99.436168199999969, 20.168730338461565 ], [ -99.436225938461519, 20.168847661538468 ], [ -99.4362645230769, 20.168956015384627 ], [ -99.436236323076898, 20.169136800000022 ], [ -99.436169738461501, 20.16928155384619 ], [ -99.436084061538466, 20.169444415384618 ], [ -99.436017538461513, 20.169616276923087 ], [ -99.43591272307691, 20.169779184615365 ], [ -99.435836369230771, 20.169851661538463 ], [ -99.435807784615335, 20.169896923076898 ] ] ] ] } },
{ "type": "Feature", "properties": { "IDBD": 168957, "FC": 6291, "CONDICION": "CUERPO DE AGUA INTERMITENTE" }, "geometry": { "type": "MultiPolygon", "coordinates": [ [ [ [ -99.492607492307656, 20.170795292307716 ], [ -99.492377846153801, 20.170804969230755 ], [ -99.492128830769204, 20.17074241538463 ], [ -99.491266646153804, 20.170455661538469 ], [ -99.490768261538435, 20.170213076923115 ], [ -99.491035876923021, 20.17010389230774 ], [ -99.491179307692292, 20.170067353846154 ], [ -99.491351384615356, 20.170012646153836 ], [ -99.491485276923044, 20.169985169230802 ], [ -99.4916384307692, 20.169993769230754 ], [ -99.491762861538419, 20.170002461538456 ], [ -99.491858676923059, 20.170038338461531 ], [ -99.491944969230744, 20.170092323076886 ], [ -99.492088830769205, 20.170191307692289 ], [ -99.492444230769181, 20.170615015384648 ], [ -99.492607492307656, 20.170795292307716 ] ] ] ] } },
{ "type": "Feature", "properties": { "IDBD": 168960, "FC": 6291, "CONDICION": "CUERPO DE AGUA INTERMITENTE" }, "geometry": { "type": "MultiPolygon", "coordinates": [ [ [ [ -99.515019584615331, 20.17065883076922 ], [ -99.515220461538433, 20.170631138461534 ], [ -99.515297046153833, 20.170639953846162 ], [ -99.515383230769217, 20.17065776923075 ], [ -99.515526907692262, 20.170693492307652 ], [ -99.515823799999978, 20.170764907692281 ], [ -99.516129861538445, 20.1707098 ], [ -99.516244815384624, 20.170745599999989 ], [ -99.516187923076885, 20.170908430769241 ], [ -99.515996984615398, 20.17104452307694 ], [ -99.515796184615326, 20.171099338461556 ], [ -99.515508984615323, 20.171064030769227 ], [ -99.515278953846135, 20.170956276923125 ], [ -99.515067799999969, 20.170767123076921 ], [ -99.515019584615331, 20.17065883076922 ] ] ] ] } },
{ "type": "Feature", "properties": { "IDBD": 168963, "FC": 6291, "CONDICION": "CUERPO DE AGUA INTERMITENTE" }, "geometry": { "type": "MultiPolygon", "coordinates": [ [ [ [ -99.101333384615359, 20.163765553846165 ], [ -99.101132199999967, 20.163440353846166 ], [ -99.100978861538451, 20.163088015384634 ], [ -99.101064815384575, 20.162825907692316 ], [ -99.101217815384587, 20.162636061538471 ], [ -99.101447430769213, 20.162545553846169 ], [ -99.101782369230719, 20.162554399999976 ], [ -99.102012123076904, 20.162689815384635 ], [ -99.102165384615333, 20.1629066 ], [ -99.102079446153809, 20.163204861538492 ], [ -99.102041399999976, 20.163548261538438 ], [ -99.101792615384582, 20.163602630769248 ], [ -99.101620399999973, 20.163656953846147 ], [ -99.101476907692287, 20.163747399999984 ], [ -99.101333384615359, 20.163765553846165 ] ] ] ] } },
{ "type": "Feature", "properties": { "IDBD": 168965, "FC": 6291, "CONDICION": "CUERPO DE AGUA INTERMITENTE" }, "geometry": { "type": "MultiPolygon", "coordinates": [ [ [ [ -99.486883676923028, 20.170458800000024 ], [ -99.486644399999946, 20.170450430769236 ], [ -99.486500769230744, 20.170423723076933 ], [ -99.486404661538401, 20.170288446153837 ], [ -99.486519184615361, 20.170188723076901 ], [ -99.486691276923054, 20.170134030769226 ], [ -99.486863415384576, 20.170097415384646 ], [ -99.48704515384614, 20.1700698 ], [ -99.487179215384614, 20.170096538461568 ], [ -99.487246630769206, 20.170231892307662 ], [ -99.487132215384577, 20.170367753846175 ], [ -99.486883676923028, 20.170458800000024 ] ] ] ] } },
{ "type": "Feature", "properties": { "IDBD": 168978, "FC": 6291, "CONDICION": "CUERPO DE AGUA INTERMITENTE" }, "geometry": { "type": "MultiPolygon", "coordinates": [ [ [ [ -99.032268584615352, 20.161830830769237 ], [ -99.032172846153841, 20.161623015384592 ], [ -99.032163246153786, 20.161469400000019 ], [ -99.032191923076908, 20.161342876923079 ], [ -99.032325861538425, 20.161125984615371 ], [ -99.032411953846079, 20.160990415384596 ], [ -99.032364076923074, 20.160854876923054 ], [ -99.032277923076876, 20.160719338461536 ], [ -99.032335323076907, 20.160610892307687 ], [ -99.032478861538422, 20.160628938461517 ], [ -99.032612861538453, 20.160719276923032 ], [ -99.032746861538413, 20.160827692307699 ], [ -99.032775615384594, 20.161089753846159 ], [ -99.032766076923068, 20.161234338461579 ], [ -99.032699123076895, 20.161378923076935 ], [ -99.03261303076917, 20.161559676923098 ], [ -99.032555630769224, 20.161641015384628 ], [ -99.032431246153806, 20.161749476923056 ], [ -99.032364276923033, 20.161830815384626 ], [ -99.032268584615352, 20.161830830769237 ] ] ] ] } },
{ "type": "Feature", "properties": { "IDBD": 168985, "FC": 6291, "CONDICION": "CUERPO DE AGUA INTERMITENTE" }, "geometry": { "type": "MultiPolygon", "coordinates": [ [ [ [ -99.4936181384615, 20.169599676923088 ], [ -99.493732399999956, 20.169418630769247 ], [ -99.493961876923052, 20.169354723076939 ], [ -99.49420113846152, 20.169363092307695 ], [ -99.494373399999958, 20.169362615384571 ], [ -99.494468523076875, 20.169181615384623 ], [ -99.494467723076923, 20.168928600000015 ], [ -99.494457646153833, 20.168765984615394 ], [ -99.494428307692246, 20.168567261538445 ], [ -99.4945332, 20.168449492307719 ], [ -99.494638784615361, 20.168548599999962 ], [ -99.494725476923023, 20.168729076923039 ], [ -99.494774015384564, 20.168945815384575 ], [ -99.494803230769207, 20.169108384615367 ], [ -99.494803923076901, 20.169325261538471 ], [ -99.494765923076926, 20.169415723076913 ], [ -99.494670507692305, 20.169506353846181 ], [ -99.494488969230744, 20.169597230769217 ], [ -99.494364830769186, 20.169678907692305 ], [ -99.494183199999966, 20.169742661538464 ], [ -99.494068584615349, 20.169815276923064 ], [ -99.493944276923031, 20.169842738461536 ], [ -99.493781523076876, 20.169825123076933 ], [ -99.493618676923035, 20.169771353846201 ], [ -99.4936181384615, 20.169599676923088 ] ] ] ] } },
{ "type": "Feature", "properties": { "IDBD": 168987, "FC": 6291, "CONDICION": "CUERPO DE AGUA INTERMITENTE" }, "geometry": { "type": "MultiPolygon", "coordinates": [ [ [ [ -99.541430415384582, 20.170136784615359 ], [ -99.541832123076887, 20.170072292307697 ], [ -99.541976553846141, 20.17032486153844 ], [ -99.542015230769195, 20.170442215384597 ], [ -99.541938953846127, 20.170523769230776 ], [ -99.541833661538433, 20.170515061538449 ], [ -99.541699338461513, 20.1704160769231 ], [ -99.541430415384582, 20.170136784615359 ] ] ] ] } },
{ "type": "Feature", "properties": { "IDBD": 168997, "FC": 6291, "CONDICION": "CUERPO DE AGUA INTERMITENTE" }, "geometry": { "type": "MultiPolygon", "coordinates": [ [ [ [ -99.521553030769169, 20.169835369230775 ], [ -99.521695907692262, 20.169636138461513 ], [ -99.521905538461525, 20.169364430769228 ], [ -99.522134492307643, 20.16914689230769 ], [ -99.522326246153824, 20.169254753846115 ], [ -99.522336353846157, 20.169417369230789 ], [ -99.522241384615356, 20.169634523076912 ], [ -99.522012430769195, 20.169852076923071 ], [ -99.521782938461527, 20.169906969230784 ], [ -99.521553030769169, 20.169835369230775 ] ] ] ] } },
{ "type": "Feature", "properties": { "IDBD": 169000, "FC": 6291, "CONDICION": "CUERPO DE AGUA INTERMITENTE" }, "geometry": { "type": "MultiPolygon", "coordinates": [ [ [ [ -99.546468646153841, 20.168693492307657 ], [ -99.546573984615364, 20.168711230769254 ], [ -99.54674670769225, 20.168846230769265 ], [ -99.546890569230769, 20.168936153846179 ], [ -99.5471972307692, 20.169061707692293 ], [ -99.547321815384564, 20.169115538461565 ], [ -99.547456076923041, 20.169196446153862 ], [ -99.547475415384582, 20.1692506 ], [ -99.547485476923043, 20.169395153846157 ], [ -99.5474283230769, 20.169467615384612 ], [ -99.547371092307657, 20.169522015384622 ], [ -99.547352046153804, 20.169549184615374 ], [ -99.547123230769216, 20.169793861538434 ], [ -99.547056553846105, 20.169884430769205 ], [ -99.547008953846102, 20.169956876923074 ], [ -99.546961292307685, 20.170011246153898 ], [ -99.5469041384615, 20.170083707692292 ], [ -99.546837430769202, 20.170165246153875 ], [ -99.546780199999986, 20.170219630769246 ], [ -99.546675, 20.170238030769212 ], [ -99.546550615384604, 20.170247461538459 ], [ -99.54649153846151, 20.169768723076942 ], [ -99.54650069230766, 20.169651230769226 ], [ -99.546488584615375, 20.168919323076949 ], [ -99.546468646153841, 20.168693492307657 ] ] ] ] } },
{ "type": "Feature", "properties": { "IDBD": 169009, "FC": 6291, "CONDICION": "CUERPO DE AGUA INTERMITENTE" }, "geometry": { "type": "MultiPolygon", "coordinates": [ [ [ [ -99.514488984615369, 20.169359169230756 ], [ -99.514632169230737, 20.16925030769232 ], [ -99.51472778461536, 20.169222923076923 ], [ -99.515407230769199, 20.169220938461521 ], [ -99.515617707692286, 20.169202246153866 ], [ -99.515675384615321, 20.1692834 ], [ -99.515532199999939, 20.16939226153843 ], [ -99.515245461538427, 20.169501538461489 ], [ -99.514901015384623, 20.169520615384613 ], [ -99.514671292307682, 20.169503215384601 ], [ -99.514488984615369, 20.169359169230756 ] ] ] ] } },
{ "type": "Feature", "properties": { "IDBD": 169052, "FC": 6291, "CONDICION": "CUERPO DE AGUA INTERMITENTE" }, "geometry": { "type": "MultiPolygon", "coordinates": [ [ [ [ -99.521508384615373, 20.1679198153846 ], [ -99.52156516923074, 20.167729892307705 ], [ -99.521707969230732, 20.167503553846188 ], [ -99.521879430769204, 20.167268107692305 ], [ -99.522385046153801, 20.166796723076917 ], [ -99.522309246153782, 20.167022861538474 ], [ -99.522339215384591, 20.167402292307706 ], [ -99.522253538461499, 20.16753809230773 ], [ -99.522110630769177, 20.167728276923075 ], [ -99.521919692307662, 20.167864384615381 ], [ -99.521824184615369, 20.167918876923096 ], [ -99.521747646153784, 20.167928138461548 ], [ -99.521671092307642, 20.167928369230804 ], [ -99.521508384615373, 20.1679198153846 ] ] ] ] } },
{ "type": "Feature", "properties": { "IDBD": 169078, "FC": 6291, "CONDICION": "CUERPO DE AGUA INTERMITENTE" }, "geometry": { "type": "MultiPolygon", "coordinates": [ [ [ [ -99.495330830769205, 20.166477353846158 ], [ -99.495320923076903, 20.166368938461559 ], [ -99.495330123076883, 20.166251446153847 ], [ -99.495348923076889, 20.166142953846151 ], [ -99.495434707692269, 20.166034276923067 ], [ -99.49554936923073, 20.165979738461537 ], [ -99.495673507692302, 20.165898061538474 ], [ -99.495730753846146, 20.165843692307732 ], [ -99.495922230769196, 20.165870261538434 ], [ -99.496065892307669, 20.165906 ], [ -99.496142692307671, 20.165987107692352 ], [ -99.496114338461496, 20.166095615384606 ], [ -99.49596156923073, 20.166204492307717 ], [ -99.495866092307679, 20.166277046153848 ], [ -99.495713246153841, 20.1663588 ], [ -99.495617661538432, 20.166395215384611 ], [ -99.495531646153808, 20.1664316 ], [ -99.495455230769196, 20.166477 ], [ -99.495330830769205, 20.166477353846158 ] ] ] ] } },
{ "type": "Feature", "properties": { "IDBD": 169082, "FC": 6291, "CONDICION": "CUERPO DE AGUA INTERMITENTE" }, "geometry": { "type": "MultiPolygon", "coordinates": [ [ [ [ -99.488324553846127, 20.16604512307692 ], [ -99.488113323076902, 20.16581980000003 ], [ -99.488055507692295, 20.165693446153831 ], [ -99.488016953846127, 20.165603200000046 ], [ -99.488035723076877, 20.165485676923083 ], [ -99.488111753846113, 20.165313769230757 ], [ -99.488063430769216, 20.165160292307686 ], [ -99.488215353846144, 20.164780338461579 ], [ -99.488262830769202, 20.164662738461555 ], [ -99.488195092307677, 20.164418953846173 ], [ -99.488338046153814, 20.164228784615368 ], [ -99.488442707692272, 20.164038738461564 ], [ -99.488528199999976, 20.163830661538459 ], [ -99.488585523076907, 20.163803400000038 ], [ -99.48874887692304, 20.16401981538462 ], [ -99.488931507692286, 20.164281353846132 ], [ -99.489008630769206, 20.164461876923056 ], [ -99.489056784615357, 20.164561138461544 ], [ -99.489057692307654, 20.164850292307669 ], [ -99.489010692307659, 20.165121507692295 ], [ -99.488877507692294, 20.1653748923077 ], [ -99.488725199999962, 20.165637369230769 ], [ -99.488534292307662, 20.165791523076962 ], [ -99.488410169230761, 20.165882230769263 ], [ -99.488324553846127, 20.16604512307692 ] ] ] ] } },
{ "type": "Feature", "properties": { "IDBD": 169086, "FC": 6291, "CONDICION": "CUERPO DE AGUA INTERMITENTE" }, "geometry": { "type": "MultiPolygon", "coordinates": [ [ [ [ -99.509262799999988, 20.166067107692335 ], [ -99.509367738461506, 20.1659674 ], [ -99.50945376923076, 20.16594004615385 ], [ -99.509606769230743, 20.165903461538434 ], [ -99.509979738461496, 20.165830092307711 ], [ -99.510142507692294, 20.165856723076924 ], [ -99.510209738461498, 20.165928815384646 ], [ -99.510344615384582, 20.166208553846182 ], [ -99.510239523076862, 20.166263076923059 ], [ -99.509942969230721, 20.166291046153866 ], [ -99.509694061538426, 20.166264646153877 ], [ -99.509406784615351, 20.166202230769198 ], [ -99.509262799999988, 20.166067107692335 ] ] ] ] } },
{ "type": "Feature", "properties": { "IDBD": 169089, "FC": 6291, "CONDICION": "CUERPO DE AGUA INTERMITENTE" }, "geometry": { "type": "MultiPolygon", "coordinates": [ [ [ [ -99.420721138461516, 20.164629307692334 ], [ -99.420796553846102, 20.164204415384603 ], [ -99.420958369230732, 20.163878723076909 ], [ -99.421206692307663, 20.1636974 ], [ -99.421331307692242, 20.163778430769209 ], [ -99.421494276923042, 20.163886476923061 ], [ -99.421705553846124, 20.164166092307656 ], [ -99.421792, 20.164283369230763 ], [ -99.421840123076905, 20.16438264615385 ], [ -99.421879123076863, 20.164653646153862 ], [ -99.421812553846138, 20.164807415384644 ], [ -99.421697615384602, 20.164771553846169 ], [ -99.421534723076903, 20.164690615384636 ], [ -99.421391107692287, 20.164663846153847 ], [ -99.421285861538422, 20.164673138461549 ], [ -99.42107559999998, 20.164773046153826 ], [ -99.420951246153805, 20.164791415384613 ], [ -99.420721138461516, 20.164629307692334 ] ] ] ] } },
{ "type": "Feature", "properties": { "IDBD": 169092, "FC": 6291, "CONDICION": "CUERPO DE AGUA INTERMITENTE" }, "geometry": { "type": "MultiPolygon", "coordinates": [ [ [ [ -99.493013138461492, 20.165887461538432 ], [ -99.492734892307681, 20.165653307692331 ], [ -99.49285878461535, 20.165490307692327 ], [ -99.493135338461542, 20.165182292307652 ], [ -99.493536369230753, 20.164901046153872 ], [ -99.493593723076899, 20.164882815384608 ], [ -99.493651199999988, 20.164900723076915 ], [ -99.493708815384579, 20.164963815384606 ], [ -99.493709015384582, 20.165027076923096 ], [ -99.493642338461498, 20.165126661538498 ], [ -99.493518446153814, 20.165289661538427 ], [ -99.493013138461492, 20.165887461538432 ] ] ] ] } },
{ "type": "Feature", "properties": { "IDBD": 169105, "FC": 6291, "CONDICION": "CUERPO DE AGUA INTERMITENTE" }, "geometry": { "type": "MultiPolygon", "coordinates": [ [ [ [ -99.028621676923066, 20.156852338461544 ], [ -99.028545092307652, 20.156671630769196 ], [ -99.02858333846153, 20.156572215384585 ], [ -99.028765138461495, 20.156481815384602 ], [ -99.028975676923039, 20.156499861538475 ], [ -99.029033092307671, 20.156563107692325 ], [ -99.029042692307669, 20.156662507692303 ], [ -99.028994876923036, 20.156906507692327 ], [ -99.028927923076878, 20.157042061538426 ], [ -99.028841799999952, 20.15706918461537 ], [ -99.028755676923055, 20.157024015384625 ], [ -99.028621676923066, 20.156852338461544 ] ] ] ] } },
{ "type": "Feature", "properties": { "IDBD": 169107, "FC": 6291, "CONDICION": "CUERPO DE AGUA INTERMITENTE" }, "geometry": { "type": "MultiPolygon", "coordinates": [ [ [ [ -99.524151907692257, 20.165743276923109 ], [ -99.524189523076899, 20.165544353846141 ], [ -99.524256292307697, 20.165480907692302 ], [ -99.524380384615355, 20.16539016923079 ], [ -99.524428061538416, 20.165335815384609 ], [ -99.524570784615349, 20.165091415384619 ], [ -99.524685076923063, 20.164928415384576 ], [ -99.524751569230716, 20.164783646153872 ], [ -99.524789215384601, 20.164593769230805 ], [ -99.524817707692279, 20.164530430769211 ], [ -99.524836692307659, 20.164485200000041 ], [ -99.525037415384574, 20.164412307692288 ], [ -99.525000369230739, 20.16478290769231 ], [ -99.524705569230747, 20.165334984615402 ], [ -99.524486415384573, 20.165615769230801 ], [ -99.524381415384582, 20.1656974 ], [ -99.524228461538414, 20.165743046153882 ], [ -99.524151907692257, 20.165743276923109 ] ] ] ] } },
{ "type": "Feature", "properties": { "IDBD": 169108, "FC": 6291, "CONDICION": "CUERPO DE AGUA INTERMITENTE" }, "geometry": { "type": "MultiPolygon", "coordinates": [ [ [ [ -99.503997338461502, 20.165377430769247 ], [ -99.503777030769186, 20.165314815384633 ], [ -99.503738092307643, 20.165107092307693 ], [ -99.503718430769226, 20.164944492307686 ], [ -99.50371770769226, 20.164718584615379 ], [ -99.503745723076875, 20.164501630769276 ], [ -99.503773907692278, 20.164338907692322 ], [ -99.503830861538461, 20.16419415384615 ], [ -99.503916630769211, 20.164085476923102 ], [ -99.504060261538442, 20.164112184615355 ], [ -99.504070615384592, 20.164356123076924 ], [ -99.504042661538421, 20.164591153846185 ], [ -99.504024184615332, 20.16479903076922 ], [ -99.504034399999924, 20.16499780000002 ], [ -99.504006292307693, 20.165187646153832 ], [ -99.503997338461502, 20.165377430769247 ] ] ] ] } },
{ "type": "Feature", "properties": { "IDBD": 169114, "FC": 6291, "CONDICION": "CUERPO DE AGUA INTERMITENTE" }, "geometry": { "type": "MultiPolygon", "coordinates": [ [ [ [ -99.137550153846092, 20.158707646153864 ], [ -99.137444938461485, 20.158761938461517 ], [ -99.137253507692293, 20.158716907692341 ], [ -99.137090799999939, 20.158680892307729 ], [ -99.136975892307689, 20.158590615384622 ], [ -99.136956661538449, 20.158491230769272 ], [ -99.136994861538412, 20.158400830769221 ], [ -99.137119199999972, 20.158337476923062 ], [ -99.137234, 20.158301246153858 ], [ -99.137329646153816, 20.158237923076946 ], [ -99.1374061384615, 20.158174600000027 ], [ -99.137549630769215, 20.158111230769226 ], [ -99.137626215384586, 20.158147323076939 ], [ -99.1378560307692, 20.158327876923085 ], [ -99.13782753846148, 20.158571876923038 ], [ -99.137550153846092, 20.158707646153864 ] ] ] ] } },
{ "type": "Feature", "properties": { "IDBD": 169122, "FC": 6291, "CONDICION": "CUERPO DE AGUA INTERMITENTE" }, "geometry": { "type": "MultiPolygon", "coordinates": [ [ [ [ -99.497238830769192, 20.164610507692341 ], [ -99.497123199999976, 20.164357815384612 ], [ -99.497132461538428, 20.164258384615408 ], [ -99.497151215384577, 20.164140861538485 ], [ -99.497189153846108, 20.164032323076938 ], [ -99.497255799999976, 20.163923692307719 ], [ -99.497341630769171, 20.163833092307694 ], [ -99.497408307692282, 20.163733507692307 ], [ -99.497666215384569, 20.163588199999982 ], [ -99.497962846153811, 20.163578323076919 ], [ -99.497238830769192, 20.164610507692341 ] ] ] ] } },
{ "type": "Feature", "properties": { "IDBD": 169129, "FC": 6291, "CONDICION": "CUERPO DE AGUA INTERMITENTE" }, "geometry": { "type": "MultiPolygon", "coordinates": [ [ [ [ -99.502750646153814, 20.164549661538459 ], [ -99.502510492307678, 20.164261184615388 ], [ -99.502384876923045, 20.163882030769233 ], [ -99.502355476923029, 20.163665246153819 ], [ -99.50237396923076, 20.163466384615404 ], [ -99.502431092307646, 20.163375861538455 ], [ -99.502450123076912, 20.163339661538487 ], [ -99.502802969230743, 20.162959138461542 ], [ -99.502727199999939, 20.16320332307696 ], [ -99.502651215384574, 20.163384276923061 ], [ -99.502651892307668, 20.163592107692278 ], [ -99.502710369230755, 20.16392627692305 ], [ -99.502730415384619, 20.164206338461533 ], [ -99.502750646153814, 20.164549661538459 ] ] ] ] } },
{ "type": "Feature", "properties": { "IDBD": 169134, "FC": 6291, "CONDICION": "CUERPO DE AGUA INTERMITENTE" }, "geometry": { "type": "MultiPolygon", "coordinates": [ [ [ [ -99.106649707692256, 20.157283230769266 ], [ -99.106754861538462, 20.157111476923067 ], [ -99.106917399999958, 20.156921615384622 ], [ -99.107405369230733, 20.156812876923098 ], [ -99.107797646153841, 20.156731307692315 ], [ -99.108084738461514, 20.15675823076927 ], [ -99.10843889230766, 20.15687549230767 ], [ -99.108783507692308, 20.157065046153889 ], [ -99.108888846153803, 20.157164384615374 ], [ -99.108975246153804, 20.157561938461555 ], [ -99.108123461538455, 20.157390769230762 ], [ -99.107080338461529, 20.15730104615383 ], [ -99.106649707692256, 20.157283230769266 ] ] ] ] } },
{ "type": "Feature", "properties": { "IDBD": 169137, "FC": 6291, "CONDICION": "CUERPO DE AGUA INTERMITENTE" }, "geometry": { "type": "MultiPolygon", "coordinates": [ [ [ [ -99.521363246153825, 20.164558769230762 ], [ -99.521476907692275, 20.164206015384643 ], [ -99.521552861538439, 20.164025076923092 ], [ -99.521695430769199, 20.163735492307691 ], [ -99.521801092307655, 20.163852646153799 ], [ -99.521820323076895, 20.163879692307717 ], [ -99.521858861538448, 20.163960907692285 ], [ -99.521897676923061, 20.164123446153866 ], [ -99.521907907692253, 20.164322215384601 ], [ -99.521898738461516, 20.164439707692313 ], [ -99.521812876923036, 20.164521292307665 ], [ -99.52162176923072, 20.164603184615384 ], [ -99.521363246153825, 20.164558769230762 ] ] ] ] } },
{ "type": "Feature", "properties": { "IDBD": 169143, "FC": 6292, "CONDICION": "CUERPO DE AGUA PERENNE" }, "geometry": { "type": "MultiPolygon", "coordinates": [ [ [ [ -99.345467492307648, 20.108713061538417 ], [ -99.345390523076901, 20.108514400000029 ], [ -99.345237076923055, 20.108333984615385 ], [ -99.345093323076867, 20.108216784615369 ], [ -99.345006969230752, 20.108099476923087 ], [ -99.3449876, 20.107991076923057 ], [ -99.345063753846105, 20.107819246153824 ], [ -99.345178184615335, 20.107656353846149 ], [ -99.345244861538433, 20.107520676923059 ], [ -99.345302076923062, 20.107439246153863 ], [ -99.345282707692263, 20.107330846153893 ], [ -99.345282399999974, 20.107195292307733 ], [ -99.345186384615388, 20.107032830769256 ], [ -99.345052046153825, 20.106843323076909 ], [ -99.345013523076872, 20.106725923076922 ], [ -99.3450322, 20.106518046153855 ], [ -99.345127292307652, 20.10625581538461 ], [ -99.345212861538457, 20.106020692307684 ], [ -99.345212569230739, 20.105885153846121 ], [ -99.345135707692279, 20.105731676923075 ], [ -99.345049369230722, 20.105623415384603 ], [ -99.344953553846139, 20.10555130769232 ], [ -99.34483846153843, 20.105415984615377 ], [ -99.344818799999942, 20.105172030769211 ], [ -99.344837615384591, 20.105027415384587 ], [ -99.344837292307645, 20.104882830769228 ], [ -99.344778323076866, 20.104160030769275 ], [ -99.344711, 20.103997507692281 ], [ -99.344605538461508, 20.103889276923034 ], [ -99.344480969230759, 20.10379012307693 ], [ -99.344432769230764, 20.10361852307696 ], [ -99.344480399999966, 20.103528061538448 ], [ -99.344575876923031, 20.10344655384614 ], [ -99.344661815384583, 20.103374092307696 ], [ -99.34479543076921, 20.103238276923047 ], [ -99.344890723076901, 20.1030664 ], [ -99.345119953846122, 20.102912338461508 ], [ -99.345243892307693, 20.102722323076932 ], [ -99.345358169230749, 20.102487153846177 ], [ -99.345405353846147, 20.102188861538462 ], [ -99.345471215384578, 20.101691723076922 ], [ -99.345345969230749, 20.101285323076937 ], [ -99.345307369230724, 20.101131784615387 ], [ -99.345297523076923, 20.101005292307686 ], [ -99.345335692307671, 20.100960030769272 ], [ -99.345488738461526, 20.100959738461558 ], [ -99.345757046153821, 20.101167046153858 ], [ -99.34593923076919, 20.101365492307661 ], [ -99.346409030769223, 20.101861584615399 ], [ -99.346753907692261, 20.102086815384627 ], [ -99.347261446153794, 20.102338830769241 ], [ -99.347548738461512, 20.102482846153841 ], [ -99.347874230769207, 20.102599692307699 ], [ -99.348276461538433, 20.102806738461521 ], [ -99.348994276923065, 20.102977 ], [ -99.349118661538427, 20.102994830769219 ], [ -99.349348399999954, 20.103066676923063 ], [ -99.349520830769222, 20.103174769230751 ], [ -99.349808184615327, 20.103345892307679 ], [ -99.350057199999981, 20.103480938461558 ], [ -99.35042070769228, 20.103480215384597 ], [ -99.350631076923079, 20.103443661538464 ], [ -99.350841169230762, 20.103289615384615 ], [ -99.350907830769202, 20.103153938461517 ], [ -99.350897707692283, 20.102900938461534 ], [ -99.350935369230726, 20.102629769230777 ], [ -99.351068723076892, 20.10237649230767 ], [ -99.351192738461506, 20.102222615384665 ], [ -99.35131663076919, 20.102014538461535 ], [ -99.351458984615348, 20.101508215384655 ], [ -99.351573292307677, 20.101291107692305 ], [ -99.351687476923004, 20.101019784615367 ], [ -99.351715907692281, 20.100902261538465 ], [ -99.351725061538431, 20.100721507692302 ], [ -99.351705446153829, 20.100504676923059 ], [ -99.351685861538428, 20.100296876923057 ], [ -99.351771323076903, 20.100016569230778 ], [ -99.351819030769221, 20.099962261538487 ], [ -99.351885923076935, 20.099935015384649 ], [ -99.35197203076919, 20.099943876923049 ], [ -99.352029353846135, 20.099907615384591 ], [ -99.35205792307687, 20.099853338461536 ], [ -99.352115138461542, 20.099771907692311 ], [ -99.352172415384572, 20.09971756923078 ], [ -99.352325353846126, 20.09967207692312 ], [ -99.352344430769222, 20.099644938461545 ], [ -99.352420830769191, 20.099590569230777 ], [ -99.352573815384588, 20.099563153846162 ], [ -99.352726876923072, 20.099562846153855 ], [ -99.352784307692247, 20.0995808 ], [ -99.352860830769188, 20.099580646153829 ], [ -99.353042276923048, 20.099444738461496 ], [ -99.3532048, 20.099408261538485 ], [ -99.353558646153814, 20.099371415384599 ], [ -99.353606323076903, 20.099299030769227 ], [ -99.353634738461508, 20.099172461538455 ], [ -99.353557876923048, 20.099028030769212 ], [ -99.353490723076888, 20.098937799999984 ], [ -99.353433138461526, 20.098856584615422 ], [ -99.353432676923049, 20.098648753846152 ], [ -99.353394215384554, 20.098558461538445 ], [ -99.353298430769229, 20.098504430769211 ], [ -99.353154753846127, 20.098414353846184 ], [ -99.353001538461513, 20.09834236923075 ], [ -99.352743276923036, 20.098342892307709 ], [ -99.352599646153848, 20.098279923076962 ], [ -99.352455738461515, 20.098090446153886 ], [ -99.352388215384579, 20.097837553846137 ], [ -99.352368815384594, 20.097720123076943 ], [ -99.352339815384596, 20.097584630769205 ], [ -99.352301030769169, 20.097349753846157 ], [ -99.352281476923054, 20.097160030769249 ], [ -99.352281261538423, 20.097060630769228 ], [ -99.352223476923044, 20.096889061538477 ], [ -99.352222907692294, 20.096636030769197 ], [ -99.352174399999953, 20.096328892307678 ], [ -99.352049476923028, 20.096076123076912 ], [ -99.352020507692288, 20.095949661538469 ], [ -99.3519437230769, 20.095832353846149 ], [ -99.351723246153853, 20.095624953846166 ], [ -99.351646461538422, 20.095507630769276 ], [ -99.351617507692268, 20.095390215384636 ], [ -99.351502307692243, 20.095200676923106 ], [ -99.351425538461541, 20.095092384615363 ], [ -99.351396523076872, 20.094947861538419 ], [ -99.351424984615349, 20.094848400000028 ], [ -99.351482138461506, 20.094739861538443 ], [ -99.351481615384571, 20.094504907692318 ], [ -99.351471615384568, 20.094306123076926 ], [ -99.351496407646891, 20.093882019544996 ], [ -99.351092803530591, 20.093516491288725 ], [ -99.350871963542417, 20.09324234509652 ], [ -99.350795811822366, 20.092701667884118 ], [ -99.351069958014577, 20.091414703815161 ], [ -99.351426348064464, 20.090441332529391 ], [ -99.352446628809787, 20.089514870703184 ], [ -99.352903996040439, 20.08910441293208 ], [ -99.353126815973326, 20.088588408876976 ], [ -99.353032997054214, 20.088025495362317 ], [ -99.35279906541119, 20.087815878808364 ], [ -99.352645994012889, 20.087732311240099 ], [ -99.35247089230765, 20.087761738461541 ], [ -99.352422907692272, 20.087689538461532 ], [ -99.352327261538449, 20.087689723076895 ], [ -99.352183892307679, 20.08773519999998 ], [ -99.352059599999976, 20.087762553846158 ], [ -99.351849353846092, 20.087844307692293 ], [ -99.351715523076919, 20.087880707692285 ], [ -99.351294661538418, 20.087872523076971 ], [ -99.351170276923057, 20.087854692307712 ], [ -99.351007523076888, 20.087791753846151 ], [ -99.350385030769203, 20.087440569230754 ], [ -99.350155092307659, 20.087269338461539 ], [ -99.349877261538424, 20.087071076923078 ], [ -99.349675938461502, 20.086863646153851 ], [ -99.349493353846128, 20.08647543076923 ], [ -99.349387630769215, 20.08624973846155 ], [ -99.349319815384575, 20.085861307692308 ], [ -99.349338353846122, 20.085590169230763 ], [ -99.349499769230732, 20.085056692307688 ], [ -99.349699799999968, 20.0846858 ], [ -99.349842738461504, 20.084441538461512 ], [ -99.349985599999954, 20.084170169230774 ], [ -99.350100138461514, 20.084061492307711 ], [ -99.350214707692288, 20.083970907692315 ], [ -99.350329246153819, 20.083862246153835 ], [ -99.350376784615335, 20.083735630769212 ], [ -99.350386153846117, 20.083645246153822 ], [ -99.350395384615339, 20.083491615384638 ], [ -99.350433261538427, 20.083319846153852 ], [ -99.350433092307654, 20.083247553846153 ], [ -99.350404076923041, 20.083103030769227 ], [ -99.350365584615346, 20.082994661538478 ], [ -99.350365292307671, 20.082868153846182 ], [ -99.350384246153808, 20.082786784615418 ], [ -99.350441476923052, 20.082714384615411 ], [ -99.350527292307632, 20.082596738461547 ], [ -99.350593969230758, 20.082470092307684 ], [ -99.350708230769186, 20.082243953846167 ], [ -99.350879830769202, 20.081990600000022 ], [ -99.35095595384611, 20.081809723076891 ], [ -99.351022492307649, 20.08162886153843 ], [ -99.351041076923053, 20.081384830769196 ], [ -99.351050338461519, 20.081249261538431 ], [ -99.35112641538457, 20.081050307692305 ], [ -99.351144769230714, 20.080697861538486 ], [ -99.351077261538407, 20.080454 ], [ -99.350779323076878, 20.07980396923076 ], [ -99.350452907692301, 20.0792534 ], [ -99.350308938461495, 20.079027769230777 ], [ -99.350193861538443, 20.078892446153862 ], [ -99.349954015384583, 20.07855856923074 ], [ -99.349676092307661, 20.078306107692338 ], [ -99.349378953846113, 20.078017523076895 ], [ -99.349149046153826, 20.077855323076946 ], [ -99.348708476923065, 20.07757606153848 ], [ -99.34818176923072, 20.077269861538468 ], [ -99.347875461538436, 20.077162030769244 ], [ -99.347712692307681, 20.077081015384593 ], [ -99.347616938461528, 20.077026984615408 ], [ -99.347071292307675, 20.076811184615366 ], [ -99.346946846153784, 20.076757215384585 ], [ -99.34678416923073, 20.076721384615396 ], [ -99.346592830769197, 20.0766946461539 ], [ -99.346430015384612, 20.076595569230776 ], [ -99.345931723076887, 20.076162784615359 ], [ -99.345644107692308, 20.075847076923058 ], [ -99.345462107692299, 20.075720923076922 ], [ -99.345347184615363, 20.075648861538493 ], [ -99.345222707692287, 20.075585846153849 ], [ -99.345155661538413, 20.075540799999988 ], [ -99.344715338461526, 20.07536995384617 ], [ -99.344399369230757, 20.075207923076924 ], [ -99.344284492307679, 20.075162953846164 ], [ -99.344265323076883, 20.075144923076941 ], [ -99.344159861538415, 20.075027661538474 ], [ -99.344092753846112, 20.074955492307691 ], [ -99.344044723076891, 20.074856184615371 ], [ -99.344025246153848, 20.074693569230785 ], [ -99.344005815384563, 20.074558061538468 ], [ -99.344110153846103, 20.074160246153877 ], [ -99.344214507692271, 20.073771476923099 ], [ -99.344319138461529, 20.073509215384647 ], [ -99.344442723076895, 20.073165584615431 ], [ -99.34454746153844, 20.072948507692313 ], [ -99.344680953846108, 20.072767523076934 ], [ -99.344824230769206, 20.072685907692264 ], [ -99.345082384615353, 20.072649261538476 ], [ -99.345483953846127, 20.072594261538455 ], [ -99.345780399999953, 20.072575599999986 ], [ -99.34585690769228, 20.072575446153852 ], [ -99.34600029230765, 20.072539030769228 ], [ -99.346105292307683, 20.072448461538482 ], [ -99.346267507692289, 20.072276446153868 ], [ -99.346343399999981, 20.071996169230765 ], [ -99.3463432, 20.0719058 ], [ -99.346285615384573, 20.071815553846175 ], [ -99.346084246153836, 20.071571953846171 ], [ -99.345969276923057, 20.071481815384619 ], [ -99.345825538461497, 20.071355584615372 ], [ -99.345595784615341, 20.071256630769263 ], [ -99.345500030769173, 20.071202600000042 ], [ -99.34529896923074, 20.071103600000054 ], [ -99.344906615384602, 20.070995923076932 ], [ -99.344772661538428, 20.070969076923099 ], [ -99.344619707692274, 20.070996492307692 ], [ -99.344533784615379, 20.071068938461519 ], [ -99.344448046153857, 20.071222738461515 ], [ -99.344390815384571, 20.071295138461533 ], [ -99.344333630769214, 20.071385615384628 ], [ -99.343951923076872, 20.071774923076894 ], [ -99.343665646153823, 20.072064646153841 ], [ -99.343474676923051, 20.0722096 ], [ -99.343369569230745, 20.072254984615366 ], [ -99.343044353846111, 20.072237553846151 ], [ -99.34292, 20.072228753846169 ], [ -99.342728492307643, 20.072120692307692 ], [ -99.342517784615325, 20.071985553846162 ], [ -99.342010261538434, 20.071688323076891 ], [ -99.34145455384612, 20.071228538461508 ], [ -99.341128476923046, 20.070813492307721 ], [ -99.340907799999982, 20.070488600000019 ], [ -99.340715892307671, 20.070190769230763 ], [ -99.340629476923084, 20.070037323076896 ], [ -99.340619815384557, 20.069992153846119 ], [ -99.340600630769202, 20.069965076923083 ], [ -99.340552523076866, 20.069829630769242 ], [ -99.340561907692276, 20.069748276923075 ], [ -99.340590461538426, 20.069684969230789 ], [ -99.340609507692292, 20.069648784615413 ], [ -99.340676353846121, 20.069603476923088 ], [ -99.340714553846126, 20.069576292307708 ], [ -99.340886476923018, 20.069467523076952 ], [ -99.341010630769205, 20.069385953846137 ], [ -99.341268723076894, 20.06933123076924 ], [ -99.341574646153816, 20.0692764307692 ], [ -99.34171807692303, 20.069258076923123 ], [ -99.341880615384596, 20.069239692307697 ], [ -99.342090876923052, 20.069176030769249 ], [ -99.342262830769201, 20.069085323076923 ], [ -99.342463399999986, 20.06895843076925 ], [ -99.342787892307683, 20.068650553846179 ], [ -99.342969199999956, 20.068460446153825 ], [ -99.343255599999949, 20.068224938461544 ], [ -99.343580276923078, 20.067998400000025 ], [ -99.343904753846132, 20.067681492307678 ], [ -99.344219676923046, 20.067373630769282 ], [ -99.344658415384586, 20.066830584615339 ], [ -99.345087415384555, 20.066206230769239 ], [ -99.345411692307692, 20.065798953846137 ], [ -99.345821523076907, 20.06515656923079 ], [ -99.346078861538444, 20.06475846153845 ], [ -99.346145553846128, 20.064640846153864 ], [ -99.346202692307671, 20.064532292307693 ], [ -99.346355153846133, 20.064278984615406 ], [ -99.346526830769207, 20.064070800000046 ], [ -99.346631399999964, 20.06378143076925 ], [ -99.346735907692306, 20.063464953846164 ], [ -99.34675450769231, 20.063229969230775 ], [ -99.346839784615341, 20.062868338461517 ], [ -99.346934661538413, 20.06252476923078 ], [ -99.346914446153804, 20.0620278 ], [ -99.346884784615341, 20.061585061538459 ], [ -99.346779199999986, 20.061404538461581 ], [ -99.346644815384622, 20.061178892307698 ], [ -99.346453076923055, 20.060962384615387 ], [ -99.346184907692276, 20.060782184615345 ], [ -99.346050799999958, 20.060683046153848 ], [ -99.345926323076895, 20.060611 ], [ -99.345696661538426, 20.060548199999985 ], [ -99.345208446153819, 20.060323230769235 ], [ -99.344768184615376, 20.06016143076922 ], [ -99.344270599999973, 20.060026861538461 ], [ -99.344069353846152, 20.059837492307725 ], [ -99.343906599999968, 20.059756476923084 ], [ -99.343782123076878, 20.059684430769234 ], [ -99.343676846153784, 20.059648476923083 ], [ -99.343418630769207, 20.059639953846137 ], [ -99.343084076923049, 20.059712892307687 ], [ -99.342768892307646, 20.059903261538413 ], [ -99.342587507692272, 20.060048199999983 ], [ -99.342387169230733, 20.060274507692323 ], [ -99.342052969230707, 20.060510092307691 ], [ -99.341852446153851, 20.060655076923037 ], [ -99.341527753846108, 20.06086353846154 ], [ -99.341059138461503, 20.06085539999998 ], [ -99.340819861538407, 20.060765507692306 ], [ -99.340627984615338, 20.060485738461558 ], [ -99.340416461538439, 20.05996203076926 ], [ -99.340301199999985, 20.059727307692299 ], [ -99.340109123076914, 20.059348138461587 ], [ -99.339974676923021, 20.05908633846153 ], [ -99.339686861538453, 20.058662184615415 ], [ -99.339504169230722, 20.058201661538497 ], [ -99.339427138461474, 20.057957830769244 ], [ -99.339416861538425, 20.057623492307687 ], [ -99.339483446153821, 20.057460707692293 ], [ -99.33955970769226, 20.057343092307672 ], [ -99.339664523076877, 20.057171199999981 ], [ -99.339797984615359, 20.056972138461504 ], [ -99.339883615384608, 20.056773169230755 ], [ -99.339902399999957, 20.056610476923062 ], [ -99.339902107692282, 20.056474923076937 ], [ -99.339882646153825, 20.05632135384618 ], [ -99.339824907692275, 20.056149769230807 ], [ -99.339748092307659, 20.056005323076938 ], [ -99.33969055384614, 20.055933138461558 ], [ -99.339604323076898, 20.055861015384629 ], [ -99.339441446153813, 20.055716753846138 ], [ -99.339250030769222, 20.055644830769225 ], [ -99.338771523076886, 20.055474046153869 ], [ -99.338656661538465, 20.055429092307666 ], [ -99.338149399999949, 20.055231246153888 ], [ -99.338063246153823, 20.055186230769213 ], [ -99.337345507692291, 20.054943615384612 ], [ -99.336885938461521, 20.054691476923082 ], [ -99.33663692307691, 20.054511215384618 ], [ -99.336406830769178, 20.054240553846128 ], [ -99.336262815384572, 20.053969738461532 ], [ -99.336195123076919, 20.053617446153837 ], [ -99.336175307692287, 20.053292169230783 ], [ -99.336146, 20.053003046153872 ], [ -99.336203, 20.052822215384644 ], [ -99.336260123076897, 20.052704630769256 ], [ -99.336403061538434, 20.052469415384603 ], [ -99.336603323076915, 20.052206969230774 ], [ -99.336860953846127, 20.051944415384625 ], [ -99.337071, 20.051790399999984 ], [ -99.337233261538458, 20.051645507692299 ], [ -99.337433692307684, 20.0514644 ], [ -99.337662923076891, 20.051337446153838 ], [ -99.337767907692282, 20.051237846153811 ], [ -99.337824953846109, 20.051084107692315 ], [ -99.337747599999972, 20.050686661538471 ], [ -99.337564661538423, 20.050099630769235 ], [ -99.337487461538416, 20.049774461538505 ], [ -99.337429661538437, 20.049575769230756 ], [ -99.337429446153834, 20.049476369230771 ], [ -99.337457907692283, 20.049367876923096 ], [ -99.337515061538426, 20.04926836923077 ], [ -99.337553107692287, 20.049168892307712 ], [ -99.33770573846148, 20.048996907692278 ], [ -99.337810738461513, 20.048906338461517 ], [ -99.337819769230734, 20.048662338461561 ], [ -99.337771646153811, 20.048517846153828 ], [ -99.337646984615347, 20.048355430769227 ], [ -99.337455446153839, 20.048220246153846 ], [ -99.33721593846154, 20.048012861538471 ], [ -99.337014676923047, 20.04779636923077 ], [ -99.336755938461494, 20.047543830769207 ], [ -99.336535199999986, 20.047164723076932 ], [ -99.336525138461539, 20.046929800000012 ], [ -99.336610676923058, 20.046685646153858 ], [ -99.336763092307649, 20.04641426153847 ], [ -99.336925138461538, 20.04616996923076 ], [ -99.337106399999968, 20.045970815384607 ], [ -99.337306707692264, 20.045735476923106 ], [ -99.337526061538441, 20.045463969230774 ], [ -99.337697553846127, 20.045165430769252 ], [ -99.337696953846105, 20.044885307692297 ], [ -99.337505230769224, 20.0446688 ], [ -99.337237092307646, 20.044479538461513 ], [ -99.33707435384612, 20.044398523076925 ], [ -99.336815707692281, 20.044182138461512 ], [ -99.336700676923058, 20.044046815384615 ], [ -99.336604646153788, 20.043857230769241 ], [ -99.336527707692312, 20.043649523076915 ], [ -99.336517723076909, 20.043450738461509 ], [ -99.336574369230732, 20.043107246153852 ], [ -99.336726815384608, 20.042853938461501 ], [ -99.336888861538455, 20.042609646153846 ], [ -99.337184646153801, 20.042310876923054 ], [ -99.337356599999964, 20.042229215384609 ], [ -99.337633830769235, 20.042201584615427 ], [ -99.338552215384595, 20.042389584615389 ], [ -99.339623753846126, 20.042658630769189 ], [ -99.339900769230738, 20.042522553846176 ], [ -99.3399960307692, 20.042359707692317 ], [ -99.340043261538412, 20.042088523076917 ], [ -99.339965969230747, 20.041718169230791 ], [ -99.339821584615351, 20.041275661538453 ], [ -99.33967729230767, 20.040878338461535 ], [ -99.33963833846154, 20.040544061538451 ], [ -99.339637799999963, 20.040300076923078 ], [ -99.339589199999978, 20.039929661538459 ], [ -99.339646030769217, 20.039676538461574 ], [ -99.339845738461491, 20.039170107692321 ], [ -99.339893430769195, 20.039115799999948 ], [ -99.340122753846089, 20.039034030769244 ], [ -99.340104538461489, 20.039458784615409 ], [ -99.34009561538457, 20.039757 ], [ -99.339990907692282, 20.039974076923027 ], [ -99.339934184615387, 20.040281430769259 ], [ -99.339963492307632, 20.040570538461548 ], [ -99.340126661538434, 20.040850369230782 ], [ -99.340242046153804, 20.041148338461582 ], [ -99.340300092307686, 20.041464507692329 ], [ -99.340329369230759, 20.041735553846145 ], [ -99.340329661538433, 20.041871092307701 ], [ -99.340244123076914, 20.042115246153859 ], [ -99.340073076923034, 20.042612584615384 ], [ -99.339872723076894, 20.042820815384619 ], [ -99.339614799999978, 20.042938784615352 ], [ -99.339299292307672, 20.042966492307681 ], [ -99.339021923076885, 20.042930876923073 ], [ -99.338821, 20.042877046153819 ], [ -99.338447799999969, 20.042751246153845 ], [ -99.338275599999946, 20.042715430769231 ], [ -99.338122507692262, 20.042670538461525 ], [ -99.33804595384612, 20.042643584615348 ], [ -99.337892892307664, 20.042607723076916 ], [ -99.337730292307697, 20.042589969230779 ], [ -99.337472153846136, 20.042608538461536 ], [ -99.337414861538434, 20.042644784615341 ], [ -99.337233384615345, 20.042744538461545 ], [ -99.337061784615358, 20.042988846153815 ], [ -99.336976153846152, 20.043187815384627 ], [ -99.33695783076918, 20.043567384615407 ], [ -99.337072923076917, 20.043729815384609 ], [ -99.337322046153801, 20.043964292307653 ], [ -99.337619, 20.044207723076919 ], [ -99.337733923076868, 20.044288830769244 ], [ -99.3378394, 20.044424169230744 ], [ -99.33796413846153, 20.044622738461573 ], [ -99.337993046153855, 20.044731123076946 ], [ -99.337993692307677, 20.045029323076914 ], [ -99.337936830769181, 20.045273415384596 ], [ -99.337841769230721, 20.045535661538459 ], [ -99.337670246153834, 20.045816123076911 ], [ -99.337536784615367, 20.046006138461539 ], [ -99.337384338461547, 20.046268492307703 ], [ -99.337298753846142, 20.046485523076921 ], [ -99.337222723076891, 20.046711584615384 ], [ -99.33721361538457, 20.046919446153836 ], [ -99.337223692307674, 20.047163415384588 ], [ -99.337300769230737, 20.04743435384615 ], [ -99.337425599999975, 20.047678107692306 ], [ -99.337531138461515, 20.047840569230743 ], [ -99.337741861538419, 20.048002815384603 ], [ -99.338048461538435, 20.048282369230787 ], [ -99.338173153846128, 20.048462861538486 ], [ -99.338192707692258, 20.048661630769224 ], [ -99.338107030769208, 20.048842523076949 ], [ -99.337964061538415, 20.049059661538443 ], [ -99.337916676923044, 20.049258569230783 ], [ -99.337898015384596, 20.049475476923092 ], [ -99.33783176923076, 20.049800907692308 ], [ -99.337851415384549, 20.050044861538449 ], [ -99.337918938461499, 20.05031583076925 ], [ -99.338015123076929, 20.050577707692291 ], [ -99.338044415384573, 20.050857784615427 ], [ -99.337930769230724, 20.051373076923074 ], [ -99.337654353846105, 20.051798323076945 ], [ -99.337425169230755, 20.051952384615412 ], [ -99.336881153846093, 20.052450430769237 ], [ -99.336595415384608, 20.052984123076921 ], [ -99.336471615384596, 20.053228353846144 ], [ -99.336568338461504, 20.05374324615385 ], [ -99.336885030769182, 20.054266753846203 ], [ -99.337430815384593, 20.054591030769227 ], [ -99.338062523076886, 20.054851892307653 ], [ -99.338770569230732, 20.05503126153846 ], [ -99.339402246153824, 20.05527403076923 ], [ -99.339737369230733, 20.0554722 ], [ -99.339900215384588, 20.055598384615397 ], [ -99.340072738461487, 20.055778784615427 ], [ -99.340216799999951, 20.056067676923121 ], [ -99.340246015384608, 20.056311615384576 ], [ -99.340161261538469, 20.05691721538464 ], [ -99.339990199999946, 20.057414553846161 ], [ -99.339885676923032, 20.057731030769229 ], [ -99.339771569230749, 20.058029461538467 ], [ -99.339810399999962, 20.05830047692309 ], [ -99.339973599999979, 20.058589338461548 ], [ -99.340290276923028, 20.059094769230782 ], [ -99.340299876923041, 20.059112830769266 ], [ -99.340338338461535, 20.059212153846158 ], [ -99.340521030769196, 20.059672661538475 ], [ -99.340761399999977, 20.060268615384615 ], [ -99.341010784615335, 20.060611507692336 ], [ -99.341154399999965, 20.060683523076957 ], [ -99.341326538461502, 20.060683200000025 ], [ -99.341450799999976, 20.060655846153804 ], [ -99.341670553846114, 20.060565061538473 ], [ -99.341899538461519, 20.060320630769258 ], [ -99.342138092307664, 20.060076184615376 ], [ -99.342243015384582, 20.059949461538427 ], [ -99.342605676923043, 20.059605384615413 ], [ -99.342834892307664, 20.059469384615383 ], [ -99.343092923076924, 20.059387553846136 ], [ -99.343331923076903, 20.059350953846128 ], [ -99.343523184615364, 20.059350569230759 ], [ -99.343704953846171, 20.059377338461513 ], [ -99.343925061538442, 20.05944920000001 ], [ -99.344164430769197, 20.059584276923058 ], [ -99.344336784615379, 20.059683338461536 ], [ -99.344786707692265, 20.059890307692342 ], [ -99.344872815384591, 20.05990821538461 ], [ -99.344997199999966, 20.059935076923022 ], [ -99.345102415384559, 20.05994390769234 ], [ -99.345265092307656, 20.059988769230806 ], [ -99.345370369230736, 20.060024707692286 ], [ -99.345514076923038, 20.060141907692316 ], [ -99.345648169230756, 20.060241046153891 ], [ -99.345743923076924, 20.060295076923111 ], [ -99.345858738461502, 20.060321969230788 ], [ -99.345944815384613, 20.060321799999979 ], [ -99.346117030769193, 20.0603576 ], [ -99.346279753846133, 20.060429584615388 ], [ -99.346423292307648, 20.06046544615387 ], [ -99.346567, 20.060582630769247 ], [ -99.346720246153822, 20.06069076923076 ], [ -99.34688315384615, 20.060844076923075 ], [ -99.346940692307669, 20.060916246153802 ], [ -99.347122969230753, 20.061177953846101 ], [ -99.34723813846152, 20.061358461538418 ], [ -99.347353369230746, 20.061575107692295 ], [ -99.347449753846121, 20.061918307692352 ], [ -99.347459923076926, 20.062189384615358 ], [ -99.347441584615368, 20.062550876923058 ], [ -99.347356353846109, 20.062930569230751 ], [ -99.347232907692259, 20.063328430769253 ], [ -99.347099907692282, 20.063735323076937 ], [ -99.346928523076897, 20.064079046153836 ], [ -99.346642692307654, 20.064567584615375 ], [ -99.346385153846114, 20.064875323076915 ], [ -99.346080092307631, 20.065318707692331 ], [ -99.34587032307688, 20.065608292307719 ], [ -99.345784538461501, 20.06573496923075 ], [ -99.345670138461514, 20.065906892307687 ], [ -99.345584492307637, 20.06609681538459 ], [ -99.345470153846122, 20.066295846153828 ], [ -99.345308215384591, 20.06658533846154 ], [ -99.345069953846107, 20.066965338461497 ], [ -99.344841015384588, 20.067236876923076 ], [ -99.344611969230712, 20.067454200000014 ], [ -99.344402076923075, 20.067689553846122 ], [ -99.344182492307667, 20.067861676923066 ], [ -99.344039353846142, 20.06800653846156 ], [ -99.343752876923034, 20.068205892307688 ], [ -99.3435906615384, 20.068377907692316 ], [ -99.343352092307683, 20.068622353846177 ], [ -99.342894046153802, 20.069084107692273 ], [ -99.342664861538438, 20.06924721538465 ], [ -99.342464323076896, 20.069383138461532 ], [ -99.342034138461528, 20.069474338461575 ], [ -99.341345907692258, 20.069638323076919 ], [ -99.341164215384637, 20.069647723076937 ], [ -99.341087723076882, 20.069656907692298 ], [ -99.341030399999951, 20.069684123076964 ], [ -99.341001738461514, 20.06970224615387 ], [ -99.340944492307671, 20.069765615384604 ], [ -99.340906492307695, 20.06988316923076 ], [ -99.340916184615352, 20.0699373692308 ], [ -99.340945061538449, 20.0700276769231 ], [ -99.341040938461504, 20.070135923076919 ], [ -99.341175246153838, 20.070325430769223 ], [ -99.341673738461495, 20.070866661538474 ], [ -99.341807969230729, 20.07102001538464 ], [ -99.342018876923035, 20.071254553846135 ], [ -99.342210461538414, 20.071398769230772 ], [ -99.342555215384579, 20.071605938461555 ], [ -99.342718046153863, 20.071714061538476 ], [ -99.34287126153842, 20.071804138461545 ], [ -99.343014876923036, 20.071876153846151 ], [ -99.343187092307659, 20.071902923076927 ], [ -99.34332086153843, 20.071848446153837 ], [ -99.34355, 20.071667261538469 ], [ -99.343655015384584, 20.071576692307683 ], [ -99.343931384615374, 20.071124338461537 ], [ -99.344093476923064, 20.070898107692308 ], [ -99.344284215384576, 20.070653753846116 ], [ -99.344503984615372, 20.070562953846128 ], [ -99.344896123076893, 20.07057123076925 ], [ -99.345078, 20.070643169230749 ], [ -99.345604492307658, 20.070859015384631 ], [ -99.345958784615377, 20.071057123076951 ], [ -99.346274846153833, 20.071264338461578 ], [ -99.346504923076878, 20.071507876923096 ], [ -99.346715784615327, 20.071715307692319 ], [ -99.346744830769225, 20.071877907692343 ], [ -99.346668769230732, 20.072085892307733 ], [ -99.346611815384577, 20.072275769230767 ], [ -99.346497384615333, 20.072429615384625 ], [ -99.346344630769238, 20.072556430769239 ], [ -99.346115461538417, 20.072719538461524 ], [ -99.345914830769217, 20.072819323076939 ], [ -99.34562803076922, 20.072874107692279 ], [ -99.345331723076882, 20.072956015384626 ], [ -99.345255276923069, 20.072983276923054 ], [ -99.345140584615393, 20.073019646153881 ], [ -99.345025953846118, 20.073083123076916 ], [ -99.344920892307684, 20.073146584615372 ], [ -99.344691923076894, 20.07340909230771 ], [ -99.344463399999981, 20.073870399999986 ], [ -99.344368692307668, 20.074304323076959 ], [ -99.344302061538414, 20.074449046153841 ], [ -99.3443122, 20.074711076923073 ], [ -99.3443604, 20.074882676923114 ], [ -99.344465753846137, 20.074954769230811 ], [ -99.344628415384591, 20.074981553846172 ], [ -99.344743199999968, 20.074990369230786 ], [ -99.344867723076916, 20.075080492307706 ], [ -99.345030523076915, 20.075170538461521 ], [ -99.345250630769215, 20.075233369230755 ], [ -99.345355830769208, 20.075233153846138 ], [ -99.345537676923058, 20.07528703076925 ], [ -99.345633461538412, 20.075350092307719 ], [ -99.345748446153848, 20.075449261538463 ], [ -99.345834615384589, 20.075494276923067 ], [ -99.346026123076896, 20.075593307692294 ], [ -99.346035723076881, 20.07561136923076 ], [ -99.346112353846095, 20.07566543076922 ], [ -99.346284984615366, 20.075881969230782 ], [ -99.346438369230711, 20.076044323076928 ], [ -99.346716307692276, 20.076305830769233 ], [ -99.346917476923011, 20.076450030769241 ], [ -99.347223846153796, 20.076594015384654 ], [ -99.347645030769229, 20.076755830769219 ], [ -99.348477753846126, 20.077043369230783 ], [ -99.349080784615325, 20.077259046153831 ], [ -99.349272369230718, 20.077394215384658 ], [ -99.349626953846126, 20.077709784615404 ], [ -99.349943230769199, 20.078007369230768 ], [ -99.350576, 20.078692892307711 ], [ -99.350892523076908, 20.079098907692313 ], [ -99.351180369230775, 20.079504969230744 ], [ -99.351266953846135, 20.07973070769232 ], [ -99.351372984615352, 20.080101 ], [ -99.351498707692286, 20.080724261538485 ], [ -99.351586, 20.081266276923031 ], [ -99.351586153846142, 20.081338569230759 ], [ -99.35155810769227, 20.081627784615407 ], [ -99.351529753846151, 20.081781461538455 ], [ -99.351463015384581, 20.081871969230789 ], [ -99.351339046153811, 20.082043907692327 ], [ -99.351053138461495, 20.082505338461552 ], [ -99.350957861538419, 20.082668184615358 ], [ -99.350910184615358, 20.082731523076951 ], [ -99.350891415384595, 20.08289421538462 ], [ -99.350882523076919, 20.083201476923065 ], [ -99.35087404615382, 20.083689461538459 ], [ -99.350845661538457, 20.08382507692308 ], [ -99.350769507692291, 20.083987876923089 ], [ -99.350664661538403, 20.084150738461538 ], [ -99.3504930153846, 20.084386030769249 ], [ -99.350226046153821, 20.084766092307678 ], [ -99.350064307692264, 20.085154984615333 ], [ -99.34996081538462, 20.085932323076904 ], [ -99.349980907692284, 20.086366030769252 ], [ -99.35004829230769, 20.086555661538441 ], [ -99.350115538461509, 20.086691076923124 ], [ -99.350288015384564, 20.086826292307688 ], [ -99.350671246153837, 20.087114692307676 ], [ -99.351035138461484, 20.087303738461536 ], [ -99.351408369230768, 20.08739335384611 ], [ -99.351570984615378, 20.087402076923105 ], [ -99.351714323076877, 20.087338523076916 ], [ -99.351742769230725, 20.087230030769216 ], [ -99.351723461538413, 20.087148738461526 ], [ -99.35165629230768, 20.087049476923074 ], [ -99.351541230769186, 20.0869232 ], [ -99.351445353846131, 20.086823984615407 ], [ -99.351378215384599, 20.086742784615375 ], [ -99.351195861538443, 20.086463030769259 ], [ -99.351147584615333, 20.086255276923062 ], [ -99.351319323076893, 20.0860651692308 ], [ -99.351395599999975, 20.085956584615342 ], [ -99.351452384615342, 20.085685369230795 ], [ -99.351538215384551, 20.085576769230762 ], [ -99.351595507692281, 20.085531476923087 ], [ -99.351710123076913, 20.085458953846139 ], [ -99.351853369230753, 20.085359261538475 ], [ -99.35200638461535, 20.085349923076926 ], [ -99.35222639999995, 20.08535852307693 ], [ -99.3523316153846, 20.08535830769231 ], [ -99.352456061538447, 20.085403246153845 ], [ -99.352580523076895, 20.085457215384572 ], [ -99.352743276923064, 20.085529184615375 ], [ -99.352839046153818, 20.085583215384649 ], [ -99.352925199999973, 20.085610153846147 ], [ -99.353059215384604, 20.085664092307688 ], [ -99.353164676923043, 20.085772323076917 ], [ -99.353212615384592, 20.08582644615387 ], [ -99.353298738461504, 20.085844353846166 ], [ -99.353356199999979, 20.085871338461526 ], [ -99.353365846153835, 20.085907476923108 ], [ -99.353385184615362, 20.086006830769232 ], [ -99.353404446153817, 20.086061015384622 ], [ -99.353442707692295, 20.086060938461571 ], [ -99.353500153846142, 20.086087923076903 ], [ -99.353615169230721, 20.086196138461528 ], [ -99.353730230769202, 20.086322415384643 ], [ -99.35385487692308, 20.086457707692322 ], [ -99.353951015384567, 20.086674399999985 ], [ -99.354094953846129, 20.08688195384617 ], [ -99.354277399999958, 20.087197861538456 ], [ -99.354594261538466, 20.087739415384615 ], [ -99.354603876923051, 20.087766492307658 ], [ -99.354584923076885, 20.087838830769247 ], [ -99.354537215384596, 20.087893138461546 ], [ -99.354528030769188, 20.088064861538474 ], [ -99.354537769230745, 20.08813712307694 ], [ -99.354566538461498, 20.0881732153846 ], [ -99.354547692307662, 20.088299769230762 ], [ -99.354538353846124, 20.088399184615366 ], [ -99.354547984615323, 20.088426276923101 ], [ -99.354605523076884, 20.088498446153835 ], [ -99.354624846153826, 20.088579738461558 ], [ -99.354624938461498, 20.088624923076964 ], [ -99.354586846153822, 20.08869729230771 ], [ -99.354567815384613, 20.088742507692281 ], [ -99.354529738461508, 20.088823907692298 ], [ -99.354501123076915, 20.088860123076941 ], [ -99.354425030769207, 20.089050030769194 ], [ -99.354358323076895, 20.089158615384637 ], [ -99.354320353846134, 20.089285200000027 ], [ -99.354272723076889, 20.089375661538469 ], [ -99.353976676923054, 20.089584092307678 ], [ -99.353909723076896, 20.089584215384605 ], [ -99.3538236, 20.089566323076941 ], [ -99.353613184615355, 20.089575784615381 ], [ -99.353498323076892, 20.08953986153842 ], [ -99.353412138461508, 20.089494861538427 ], [ -99.353326030769239, 20.089485984615404 ], [ -99.353201830769208, 20.089549492307707 ], [ -99.353067938461479, 20.08955880000001 ], [ -99.353039307692299, 20.089585969230793 ], [ -99.353020569230722, 20.089757692307721 ], [ -99.353011123076882, 20.089811938461548 ], [ -99.352992169230745, 20.089893292307689 ], [ -99.352963599999981, 20.089947569230777 ], [ -99.352925399999975, 20.089974753846146 ], [ -99.352877676923057, 20.090020030769246 ], [ -99.352906507692254, 20.090083230769245 ], [ -99.352954476923045, 20.0901464 ], [ -99.353021538461491, 20.090191446153892 ], [ -99.353050415384558, 20.090272707692357 ], [ -99.35302187692308, 20.09034506153845 ], [ -99.352983907692277, 20.090471646153837 ], [ -99.352964876923039, 20.090516876923083 ], [ -99.352993738461521, 20.090589107692335 ], [ -99.353012907692246, 20.090607138461561 ], [ -99.35304169230767, 20.090652261538462 ], [ -99.353022753846091, 20.09073363076919 ], [ -99.353013430769224, 20.090842092307685 ], [ -99.353023153846138, 20.090914353846149 ], [ -99.353042415384564, 20.090968538461535 ], [ -99.353119092307665, 20.091040676923075 ], [ -99.353157553846117, 20.091130969230807 ], [ -99.353215307692295, 20.091293507692267 ], [ -99.353234615384608, 20.091374800000015 ], [ -99.35322529230767, 20.091483246153825 ], [ -99.353215876923045, 20.091546523076897 ], [ -99.353331015384597, 20.091708953846101 ], [ -99.353369384615348, 20.091754061538499 ], [ -99.353446046153806, 20.091817153846154 ], [ -99.353522676923063, 20.091862184615369 ], [ -99.353666369230723, 20.091961292307658 ], [ -99.353867461538456, 20.092060292307707 ], [ -99.353963292307682, 20.092141430769267 ], [ -99.354039923076883, 20.092186461538468 ], [ -99.354097430769201, 20.092240569230782 ], [ -99.35436573846151, 20.092456907692299 ], [ -99.354480892307649, 20.092619323076921 ], [ -99.354595953846157, 20.0927456 ], [ -99.354710938461508, 20.092835738461535 ], [ -99.354816276923046, 20.092889753846151 ], [ -99.354921461538439, 20.092871461538476 ], [ -99.355026553846145, 20.092817030769211 ], [ -99.35512206153841, 20.092753584615412 ], [ -99.355246169230739, 20.092644892307707 ], [ -99.355322507692264, 20.092563415384628 ], [ -99.355494230769224, 20.092364261538435 ], [ -99.355551461538397, 20.092291861538509 ], [ -99.355685123076867, 20.092183153846111 ], [ -99.355752199999969, 20.092237246153811 ], [ -99.355790707692293, 20.092345600000019 ], [ -99.355800476923065, 20.092435938461541 ], [ -99.35580066153841, 20.09251727692304 ], [ -99.355782061538463, 20.092752261538447 ], [ -99.355734523076919, 20.092878861538452 ], [ -99.355629815384603, 20.093104984615405 ], [ -99.355544215384583, 20.093322030769215 ], [ -99.355487369230758, 20.093566138461533 ], [ -99.355487984615351, 20.093837230769264 ], [ -99.35550738461535, 20.093954661538486 ], [ -99.35560333846152, 20.094090015384609 ], [ -99.355689676923063, 20.094198276923063 ], [ -99.355833430769181, 20.09432449230767 ], [ -99.355948446153818, 20.094423661538457 ], [ -99.356073092307668, 20.094558969230771 ], [ -99.35640879999994, 20.094964923076912 ], [ -99.356964723076857, 20.09546080000003 ], [ -99.35709904615382, 20.095641261538422 ], [ -99.357252538461552, 20.095839753846171 ], [ -99.357444461538435, 20.09611046153849 ], [ -99.35783764615384, 20.096552446153854 ], [ -99.358163507692282, 20.096831923076955 ], [ -99.358528153846109, 20.097337215384574 ], [ -99.358748846153844, 20.097644015384606 ], [ -99.358873784615355, 20.097896784615351 ], [ -99.358950861538432, 20.098140599999972 ], [ -99.359181769230759, 20.098727507692352 ], [ -99.359287492307672, 20.098944169230766 ], [ -99.359393169230728, 20.099142753846174 ], [ -99.359565707692298, 20.099305061538448 ], [ -99.359719138461514, 20.09946739999997 ], [ -99.359968246153784, 20.099647615384622 ], [ -99.360255615384574, 20.099818723076933 ], [ -99.360734323076912, 20.10000750769229 ], [ -99.361155692307705, 20.100214492307686 ], [ -99.361404876923046, 20.100421815384628 ], [ -99.361558323076892, 20.100593200000016 ], [ -99.361577476923031, 20.100602200000047 ], [ -99.361635046153836, 20.1006834 ], [ -99.361702199999968, 20.1007646 ], [ -99.362113692307631, 20.100836046153862 ], [ -99.362419830769184, 20.100853492307682 ], [ -99.362936461538411, 20.100888569230808 ], [ -99.363500861538427, 20.100896446153836 ], [ -99.363577384615354, 20.100896292307684 ], [ -99.363740061538422, 20.100923061538435 ], [ -99.363826215384577, 20.10095 ], [ -99.363912430769204, 20.101004030769232 ], [ -99.363969953846137, 20.101058138461543 ], [ -99.363979707692295, 20.101139446153859 ], [ -99.363874769230733, 20.101266169230751 ], [ -99.363788676923051, 20.10126635384616 ], [ -99.36363564615381, 20.101275692307695 ], [ -99.363492230769182, 20.101303107692328 ], [ -99.362851738461529, 20.101485153846138 ], [ -99.362622430769221, 20.101603092307712 ], [ -99.362507815384603, 20.101675630769243 ], [ -99.362412307692281, 20.101739076923053 ], [ -99.362307353846106, 20.101856769230768 ], [ -99.362040230769225, 20.102173584615397 ], [ -99.361438276923067, 20.102473030769257 ], [ -99.361400015384632, 20.102473107692312 ], [ -99.36124698461532, 20.102482446153878 ], [ -99.36108426153848, 20.102437600000012 ], [ -99.36095978461536, 20.102383646153886 ], [ -99.360873738461507, 20.1024018923077 ], [ -99.360730476923038, 20.102501584615396 ], [ -99.360634984615388, 20.10257406153848 ], [ -99.360042476923013, 20.102828292307677 ], [ -99.359880030769204, 20.102900923076927 ], [ -99.359469076923062, 20.10306441538463 ], [ -99.359325815384594, 20.103164107692312 ], [ -99.359153876923045, 20.103272892307722 ], [ -99.358991476923038, 20.103372630769215 ], [ -99.358532676923048, 20.103527184615398 ], [ -99.35783475384612, 20.103700292307689 ], [ -99.35744283076923, 20.103818553846139 ], [ -99.3569842, 20.104054430769217 ], [ -99.356802692307696, 20.104163230769199 ], [ -99.356602169230712, 20.104326292307675 ], [ -99.356420815384567, 20.104498353846136 ], [ -99.356277492307697, 20.104570938461535 ], [ -99.356114923076888, 20.104598369230771 ], [ -99.355942846153809, 20.104643907692264 ], [ -99.355369599999975, 20.104961338461532 ], [ -99.35510212307689, 20.105124538461549 ], [ -99.35491129230769, 20.105341784615391 ], [ -99.35490178461535, 20.105368923076895 ], [ -99.354892446153841, 20.105468338461506 ], [ -99.35491196923077, 20.105639984615387 ], [ -99.354883492307692, 20.105739446153823 ], [ -99.354864507692284, 20.105802738461538 ], [ -99.354778492307631, 20.105839061538507 ], [ -99.354721184615329, 20.105875323076898 ], [ -99.35466390769227, 20.105929661538454 ], [ -99.354654399999987, 20.105956784615412 ], [ -99.354606738461513, 20.106029169230791 ], [ -99.354539892307628, 20.10608352307694 ], [ -99.354215030769211, 20.106255876923125 ], [ -99.353698953846148, 20.106473784615396 ], [ -99.353421846153807, 20.106609876923102 ], [ -99.353335923076898, 20.10668235384615 ], [ -99.353192461538441, 20.106700707692315 ], [ -99.352991430769222, 20.106637846153838 ], [ -99.352866953846132, 20.106583876923089 ], [ -99.352742584615356, 20.10657509230764 ], [ -99.35263733846152, 20.106566276923115 ], [ -99.35205409230764, 20.106693938461532 ], [ -99.351585476923049, 20.106749092307705 ], [ -99.351269861538455, 20.106776830769192 ], [ -99.35092541538458, 20.106750415384596 ], [ -99.350647876923063, 20.106696738461551 ], [ -99.350341569230736, 20.106606984615354 ], [ -99.350169338461484, 20.106589261538499 ], [ -99.350025907692284, 20.106616646153896 ], [ -99.349834861538412, 20.106743538461515 ], [ -99.349634199999983, 20.106843338461541 ], [ -99.34947170769226, 20.106897876923085 ], [ -99.349079753846141, 20.107016123076907 ], [ -99.34877406153845, 20.107206507692304 ], [ -99.348554784615345, 20.107541276923087 ], [ -99.348488153846105, 20.107695030769236 ], [ -99.348469384615356, 20.10785772307694 ], [ -99.348498799999959, 20.108182984615354 ], [ -99.348480353846114, 20.108490261538478 ], [ -99.348442553846127, 20.108698169230802 ], [ -99.348414584615355, 20.10903256923082 ], [ -99.348406, 20.109475369230758 ], [ -99.3484354153846, 20.109800630769204 ], [ -99.348407015384566, 20.109936230769222 ], [ -99.348388184615331, 20.110071815384632 ], [ -99.348378876923093, 20.110189307692313 ], [ -99.348465661538427, 20.110496384615384 ], [ -99.348542569230716, 20.110667923076925 ], [ -99.348562138461517, 20.11086667692307 ], [ -99.34849586153841, 20.111174046153874 ], [ -99.348429261538442, 20.111336846153865 ], [ -99.34838178461537, 20.111499584615405 ], [ -99.348325169230762, 20.111852123076915 ], [ -99.34832539999995, 20.11196055384616 ], [ -99.348364276923064, 20.112231569230751 ], [ -99.348402892307675, 20.112394153846161 ], [ -99.348604446153814, 20.11269195384617 ], [ -99.348853523076869, 20.112845092307694 ], [ -99.348939692307681, 20.112881061538467 ], [ -99.349092815384566, 20.112907861538492 ], [ -99.349255507692277, 20.112934661538489 ], [ -99.349379892307653, 20.112943446153828 ], [ -99.349533, 20.112961215384626 ], [ -99.349753, 20.112951738461536 ], [ -99.350231076923023, 20.112842353846148 ], [ -99.35063269230767, 20.112760230769236 ], [ -99.351426599999954, 20.112713461538455 ], [ -99.351761476923016, 20.112739907692301 ], [ -99.352211353846101, 20.112847446153832 ], [ -99.352613138461493, 20.112846646153876 ], [ -99.352995815384574, 20.11285492307692 ], [ -99.354039046153801, 20.113069707692311 ], [ -99.354584584615395, 20.113186076923068 ], [ -99.355197092307634, 20.113293292307652 ], [ -99.355541615384595, 20.113355846153855 ], [ -99.355752261538441, 20.113436753846162 ], [ -99.355915030769225, 20.113499676923087 ], [ -99.356183046153816, 20.113562384615378 ], [ -99.356393630769219, 20.113616184615353 ], [ -99.356690384615348, 20.113705953846146 ], [ -99.356881723076896, 20.113705553846167 ], [ -99.357120753846146, 20.113650861538449 ], [ -99.357302553846125, 20.113668569230764 ], [ -99.357541892307694, 20.113740369230769 ], [ -99.357886476923071, 20.113830030769179 ], [ -99.358058661538422, 20.113820646153851 ], [ -99.35828844615385, 20.113901507692322 ], [ -99.358432138461495, 20.113991584615402 ], [ -99.358729153846127, 20.114189784615377 ], [ -99.358892092307656, 20.114325 ], [ -99.359256030769203, 20.114504984615358 ], [ -99.359677707692285, 20.114829430769227 ], [ -99.360003799999959, 20.115190230769208 ], [ -99.360492615384572, 20.115595861538473 ], [ -99.360895199999959, 20.115938430769212 ], [ -99.361163661538441, 20.116199938461584 ], [ -99.361307707692276, 20.116434584615391 ], [ -99.36132696923076, 20.116488769230774 ], [ -99.361336753846103, 20.116588153846145 ], [ -99.361222415384589, 20.116787184615415 ], [ -99.361050569230727, 20.116941153846195 ], [ -99.360735369230753, 20.117158676923058 ], [ -99.360133246153794, 20.117412923076923 ], [ -99.359741569230735, 20.117657707692324 ], [ -99.359560153846132, 20.117811692307725 ], [ -99.359244953846144, 20.118029215384603 ], [ -99.359159030769177, 20.118110723076914 ], [ -99.358958507692279, 20.118273784615408 ], [ -99.358700615384578, 20.118455030769258 ], [ -99.358385369230731, 20.11865447692308 ], [ -99.357811769230779, 20.118836369230802 ], [ -99.357295384615355, 20.118936815384625 ], [ -99.356979846153806, 20.119009753846179 ], [ -99.356779153846148, 20.119100523076892 ], [ -99.356616830769184, 20.1192364 ], [ -99.356550415384575, 20.119480507692323 ], [ -99.356550569230748, 20.119552800000012 ], [ -99.356579415384559, 20.119616 ], [ -99.356675276923042, 20.119697138461547 ], [ -99.356924246153824, 20.11980506153845 ], [ -99.357537, 20.120011661538467 ], [ -99.35801570769226, 20.120173353846159 ], [ -99.358341353846143, 20.120335338461519 ], [ -99.358561553846144, 20.120407184615342 ], [ -99.358896938461498, 20.120641446153826 ], [ -99.359242184615368, 20.121011246153884 ], [ -99.359386292307633, 20.121273 ], [ -99.359434476923013, 20.121426523076945 ], [ -99.359444953846108, 20.121824107692333 ], [ -99.359426476923048, 20.12211330769231 ], [ -99.359408292307677, 20.122529030769243 ], [ -99.359361384615354, 20.122935753846161 ], [ -99.359266092307649, 20.123098615384603 ], [ -99.359247138461527, 20.123179969230769 ], [ -99.359276046153795, 20.123270276923105 ], [ -99.359304923076905, 20.123342507692332 ], [ -99.359295830769184, 20.123550369230799 ], [ -99.359191046153839, 20.123749384615429 ], [ -99.359134292307658, 20.124038661538496 ], [ -99.359106138461527, 20.12427367692305 ], [ -99.359058707692284, 20.124454492307752 ], [ -99.359059138461475, 20.124644261538489 ], [ -99.359136046153822, 20.124806753846137 ], [ -99.359279907692311, 20.124960076923053 ], [ -99.359328061538463, 20.125095538461565 ], [ -99.359280461538418, 20.125204061538504 ], [ -99.359166276923091, 20.125475384615413 ], [ -99.359109353846137, 20.125683338461574 ], [ -99.359004461538433, 20.125837184615385 ], [ -99.358966415384586, 20.125936661538478 ], [ -99.358890046153846, 20.126009107692305 ], [ -99.358804046153807, 20.12605446153843 ], [ -99.358718092307655, 20.12611789230769 ], [ -99.35873744615381, 20.126217246153882 ], [ -99.358785507692275, 20.126316553846159 ], [ -99.35878603076921, 20.126542461538449 ], [ -99.358853415384559, 20.12672306153846 ], [ -99.359025984615357, 20.126885353846163 ], [ -99.359179307692273, 20.126993476923101 ], [ -99.359447261538449, 20.12702004615387 ], [ -99.359552430769199, 20.126992723076931 ], [ -99.359667169230718, 20.126956338461529 ], [ -99.359762753846113, 20.12692 ], [ -99.359867923076919, 20.126892676923074 ], [ -99.359934799999976, 20.126847353846145 ], [ -99.360001630769219, 20.126783969230779 ], [ -99.360164, 20.126666169230742 ], [ -99.360230815384583, 20.126602769230754 ], [ -99.360288076923055, 20.126539400000013 ], [ -99.3604122461538, 20.126448784615405 ], [ -99.360526969230747, 20.1264124 ], [ -99.360603461538432, 20.126394169230768 ], [ -99.360775676923083, 20.126393815384599 ], [ -99.361119969230757, 20.126338892307718 ], [ -99.361359107692294, 20.126320338461536 ], [ -99.361454846153791, 20.12634724615387 ], [ -99.361636753846156, 20.126401092307734 ], [ -99.361761430769235, 20.126536384615346 ], [ -99.3619822153846, 20.126852200000044 ], [ -99.361982707692292, 20.127069076923075 ], [ -99.362002307692265, 20.127267846153856 ], [ -99.362079276923069, 20.127457446153841 ], [ -99.362108707692258, 20.12777366153848 ], [ -99.362099907692283, 20.128108030769248 ], [ -99.362042830769184, 20.128252723076944 ], [ -99.361975984615356, 20.128307076923111 ], [ -99.361928323076881, 20.128379476923051 ], [ -99.361909415384588, 20.12847890769234 ], [ -99.361871461538414, 20.128614538461555 ], [ -99.361785876923065, 20.128840615384597 ], [ -99.361757415384588, 20.128949123076936 ], [ -99.361786676923074, 20.129193046153862 ], [ -99.361844415384553, 20.129337507692274 ], [ -99.361864138461499, 20.129590476923113 ], [ -99.361960292307629, 20.129798123076959 ], [ -99.362066461538419, 20.130204538461562 ], [ -99.362163, 20.130574830769252 ], [ -99.362230338461501, 20.130737353846154 ], [ -99.362335830769169, 20.130845569230779 ], [ -99.36244115384612, 20.13088150769234 ], [ -99.362699630769214, 20.130944230769209 ], [ -99.362938830769195, 20.130952769230774 ], [ -99.363111046153819, 20.130952415384566 ], [ -99.363283230769198, 20.130933984615396 ], [ -99.363656338461524, 20.130924184615392 ], [ -99.363981569230745, 20.13089639999998 ], [ -99.364077184615368, 20.13086909230767 ], [ -99.364258799999973, 20.13079643076922 ], [ -99.364373369230748, 20.1306968 ], [ -99.364612292307669, 20.130578830769259 ], [ -99.364631384615393, 20.130560707692307 ], [ -99.364889415384567, 20.130433661538465 ], [ -99.365004030769242, 20.130352107692342 ], [ -99.36508992307688, 20.130261569230743 ], [ -99.365223646153837, 20.130161876923047 ], [ -99.365605661538453, 20.129871923076909 ], [ -99.365758384615333, 20.129717984615375 ], [ -99.36616859999998, 20.129211107692299 ], [ -99.366692492307678, 20.128216 ], [ -99.366978630769182, 20.127835876923108 ], [ -99.367226753846126, 20.127564276923078 ], [ -99.367446153846132, 20.127292723076934 ], [ -99.367541553846138, 20.127175046153827 ], [ -99.36798026153842, 20.12657773846151 ], [ -99.36829527692305, 20.126278876923049 ], [ -99.368467015384624, 20.126079707692345 ], [ -99.368619476923016, 20.125817338461545 ], [ -99.368695553846109, 20.125618369230786 ], [ -99.368723846153813, 20.125446630769247 ], [ -99.368771415384614, 20.125329046153865 ], [ -99.368818938461516, 20.1251934 ], [ -99.368990307692314, 20.124840630769224 ], [ -99.369066507692281, 20.124695892307699 ], [ -99.369181015384555, 20.124569138461535 ], [ -99.36932418461538, 20.124424246153865 ], [ -99.369801630769217, 20.124034692307706 ], [ -99.369935292307673, 20.12391693846158 ], [ -99.370011615384598, 20.123826415384617 ], [ -99.37003044615382, 20.123699861538451 ], [ -99.370058753846109, 20.123528107692319 ], [ -99.370135046153806, 20.123428553846189 ], [ -99.3703356, 20.123274507692347 ], [ -99.370507692307669, 20.123228969230791 ], [ -99.370593784615323, 20.123219738461529 ], [ -99.370727676923039, 20.123201384615349 ], [ -99.370899815384618, 20.123173923076941 ], [ -99.371301415384565, 20.12308270769228 ], [ -99.371330092307673, 20.123073615384662 ], [ -99.371492584615368, 20.12301001538458 ], [ -99.371588153846119, 20.122964630769232 ], [ -99.371712307692277, 20.122874 ], [ -99.371779123076891, 20.122810615384591 ], [ -99.371855476923031, 20.122729123076951 ], [ -99.3719318615384, 20.122665707692317 ], [ -99.372190076923033, 20.122629015384604 ], [ -99.372764369230765, 20.122745276923052 ], [ -99.372984646153796, 20.122844215384657 ], [ -99.373080276923034, 20.12282593846151 ], [ -99.373185276923053, 20.1227263076923 ], [ -99.373338399999966, 20.122744061538484 ], [ -99.373501123076906, 20.122779861538469 ], [ -99.373529892307687, 20.122806907692272 ], [ -99.3736258307692, 20.122924184615382 ], [ -99.37366418461535, 20.122960246153831 ], [ -99.373712046153798, 20.122969184615396 ], [ -99.373740707692278, 20.122951046153865 ], [ -99.37375976923073, 20.122923892307714 ], [ -99.373759661538443, 20.122878723076926 ], [ -99.373740338461516, 20.122797430769197 ], [ -99.373749430769209, 20.122598615384629 ], [ -99.373825476923045, 20.122390615384642 ], [ -99.3741692, 20.122100723076922 ], [ -99.374341030769187, 20.121946738461528 ], [ -99.3744746923077, 20.121828969230755 ], [ -99.374742230769215, 20.121683830769246 ], [ -99.374933538461505, 20.121674384615407 ], [ -99.3749622461538, 20.121674323076906 ], [ -99.375000461538434, 20.121656169230778 ], [ -99.375019476923043, 20.121601907692359 ], [ -99.375038276923064, 20.12146632307693 ], [ -99.374971123076904, 20.121385138461534 ], [ -99.374913538461527, 20.121312969230804 ], [ -99.374856, 20.121249830769251 ], [ -99.374760169230754, 20.121186784615375 ], [ -99.374693138461524, 20.121159815384623 ], [ -99.374530261538425, 20.121060753846162 ], [ -99.374395938461518, 20.120898384615387 ], [ -99.374376446153818, 20.120744815384629 ], [ -99.374356707692257, 20.120491830769225 ], [ -99.374308338461532, 20.120266030769262 ], [ -99.374250630769239, 20.120139646153881 ], [ -99.374193061538406, 20.120067476923094 ], [ -99.374106815384593, 20.1200044 ], [ -99.374078, 20.119959276923062 ], [ -99.374029830769175, 20.119814799999983 ], [ -99.374039261538442, 20.119760553846181 ], [ -99.374077292307646, 20.119661076923077 ], [ -99.374019676923027, 20.119570830769252 ], [ -99.3738756, 20.119327153846157 ], [ -99.37377, 20.119173769230798 ], [ -99.373740738461521, 20.118938876923089 ], [ -99.373807169230759, 20.118712830769223 ], [ -99.373854461538443, 20.118486815384571 ], [ -99.373873123076919, 20.118287969230799 ], [ -99.373949076923068, 20.118043830769228 ], [ -99.374006107692281, 20.117890092307736 ], [ -99.373986276923034, 20.117591938461551 ], [ -99.373985799999957, 20.117393123076933 ], [ -99.374042830769213, 20.117239384615338 ], [ -99.374185969230723, 20.11708546153843 ], [ -99.374300676923042, 20.117049076923077 ], [ -99.374367676923029, 20.117057969230757 ], [ -99.374501538461502, 20.117030584615375 ], [ -99.37464478461537, 20.116921830769243 ], [ -99.374768907692243, 20.11682216923073 ], [ -99.375370676923026, 20.116432323076921 ], [ -99.375542369230757, 20.116215092307705 ], [ -99.375580276923031, 20.116070430769245 ], [ -99.375618030769203, 20.115853476923093 ], [ -99.375808676923029, 20.115563892307676 ], [ -99.375923061538415, 20.115391969230814 ], [ -99.375989661538441, 20.115238199999975 ], [ -99.376094476923058, 20.115066292307699 ], [ -99.376141799999971, 20.114849307692271 ], [ -99.376160846153809, 20.114813123076939 ], [ -99.376160369230746, 20.114614323076914 ], [ -99.376198307692292, 20.114478692307703 ], [ -99.376312630769249, 20.114279646153864 ], [ -99.376417661538426, 20.114198107692342 ], [ -99.376647153846108, 20.114152430769241 ], [ -99.376876569230717, 20.114079646153851 ], [ -99.37713450769229, 20.113925476923097 ], [ -99.377459153846161, 20.113671769230731 ], [ -99.377516246153789, 20.113545123076943 ], [ -99.377736369230732, 20.11358079999998 ], [ -99.377775107692315, 20.113779523076957 ], [ -99.377670199999955, 20.113915292307681 ], [ -99.377288230769224, 20.114205276923069 ], [ -99.3769922, 20.114422784615396 ], [ -99.376848938461492, 20.114522492307682 ], [ -99.376734523076891, 20.114685384615431 ], [ -99.376677584615365, 20.114875276923073 ], [ -99.376658646153814, 20.114956646153857 ], [ -99.376735399999959, 20.115046846153895 ], [ -99.376879199999976, 20.115173046153835 ], [ -99.377128276923045, 20.115317092307698 ], [ -99.377425292307649, 20.115506230769178 ], [ -99.377818323076895, 20.115839738461535 ], [ -99.378019799999961, 20.116083292307689 ], [ -99.378164230769173, 20.116471538461553 ], [ -99.378251153846122, 20.116814738461592 ], [ -99.378251646153799, 20.117013538461531 ], [ -99.378194738461531, 20.117221492307724 ], [ -99.378205107692295, 20.117555830769238 ], [ -99.378282246153816, 20.117808676923033 ], [ -99.378435723076933, 20.117980046153853 ], [ -99.37856035384614, 20.118088215384642 ], [ -99.378694707692247, 20.118259615384613 ], [ -99.378848030769191, 20.118367723076936 ], [ -99.378953353846114, 20.118403646153894 ], [ -99.379202153846109, 20.118430215384592 ], [ -99.379297861538419, 20.118448076923045 ], [ -99.379402969230753, 20.118393630769248 ], [ -99.379680199999967, 20.118311707692317 ], [ -99.379938646153832, 20.118365369230801 ], [ -99.379986476923065, 20.1183652769231 ], [ -99.380216199999978, 20.118419 ], [ -99.380388476923031, 20.118445738461546 ], [ -99.38057961538459, 20.118364 ], [ -99.380655769230756, 20.118210215384625 ], [ -99.380732092307682, 20.118119676923083 ], [ -99.38079892307691, 20.11806532307693 ], [ -99.380913584615342, 20.118010846153844 ], [ -99.38101873846152, 20.117974476923113 ], [ -99.381123923076899, 20.11795618461537 ], [ -99.381248430769205, 20.118010123076917 ], [ -99.381602846153825, 20.118199123076931 ], [ -99.381947184615356, 20.118171276923093 ], [ -99.382195784615377, 20.118116507692296 ], [ -99.382444523076899, 20.11811596923074 ], [ -99.382683630769179, 20.11808835384614 ], [ -99.382807923076896, 20.118060969230811 ], [ -99.382922615384572, 20.118015538461513 ], [ -99.383132846153813, 20.11791567692309 ], [ -99.383744661538415, 20.117733615384651 ], [ -99.384136553846133, 20.117588184615432 ], [ -99.384346769230717, 20.117488323076952 ], [ -99.384690461538455, 20.117198415384632 ], [ -99.384776169230747, 20.117035569230769 ], [ -99.384995846153814, 20.116890507692329 ], [ -99.385445369230752, 20.116844338461572 ], [ -99.385655784615352, 20.116825815384587 ], [ -99.385932969230751, 20.1167258 ], [ -99.386353615384564, 20.116607415384564 ], [ -99.386496953846134, 20.116543846153856 ], [ -99.386688138461523, 20.116480169230776 ], [ -99.386831507692264, 20.116425630769257 ], [ -99.386936646153814, 20.116389261538451 ], [ -99.38711830769229, 20.116343676923126 ], [ -99.387300138461498, 20.116370384615358 ], [ -99.387482292307681, 20.116532646153843 ], [ -99.387568892307641, 20.116731261538494 ], [ -99.387646, 20.116966030769209 ], [ -99.38771316923075, 20.117047215384584 ], [ -99.387799399999949, 20.117101246153833 ], [ -99.387895153846145, 20.117137169230766 ], [ -99.388086492307679, 20.11713675384615 ], [ -99.388334907692283, 20.117009692307672 ], [ -99.388516430769215, 20.116909892307692 ], [ -99.38871715384613, 20.116837169230763 ], [ -99.388745830769196, 20.116828061538499 ], [ -99.38895595384615, 20.116692061538469 ], [ -99.389022569230718, 20.116547323076912 ], [ -99.38904119999998, 20.116348476923086 ], [ -99.389107415384558, 20.116041092307693 ], [ -99.389144969230756, 20.115751846153863 ], [ -99.389230553846119, 20.115543830769241 ], [ -99.389411861538434, 20.115362692307652 ], [ -99.389812799999959, 20.115018430769233 ], [ -99.390309507692294, 20.114710092307718 ], [ -99.390567446153824, 20.114564938461559 ], [ -99.390902015384597, 20.1144648 ], [ -99.391026184615342, 20.114383199999988 ], [ -99.391178923076893, 20.114256338461548 ], [ -99.391647261538424, 20.114083615384583 ], [ -99.392325815384581, 20.113820046153847 ], [ -99.392737199999971, 20.113828169230764 ], [ -99.393072323076893, 20.113944892307718 ], [ -99.393359599999982, 20.114061723076951 ], [ -99.393732861538453, 20.114124153846198 ], [ -99.393895523076878, 20.114141861538464 ], [ -99.394086830769183, 20.1141324 ], [ -99.394478738461501, 20.114005015384596 ], [ -99.39466021538459, 20.113887138461529 ], [ -99.395051707692275, 20.113597092307675 ], [ -99.395204276923039, 20.113397953846121 ], [ -99.395289892307673, 20.113208 ], [ -99.395422415384587, 20.11264743076924 ], [ -99.395516538461521, 20.112032753846123 ], [ -99.395563630769203, 20.111743476923081 ], [ -99.395542846153802, 20.111083876923079 ], [ -99.395523446153803, 20.110975476923123 ], [ -99.395513415384599, 20.110794769230793 ], [ -99.395503338461523, 20.110586953846152 ], [ -99.395492876923029, 20.110234553846183 ], [ -99.395521153846104, 20.11006280000003 ], [ -99.395462892307677, 20.109719553846176 ], [ -99.395462461538401, 20.109547861538491 ], [ -99.395385399999967, 20.109340199999973 ], [ -99.395241384615346, 20.109132676923029 ], [ -99.395250523076882, 20.10896096923075 ], [ -99.395307630769196, 20.108843369230787 ], [ -99.395479230769226, 20.108608030769211 ], [ -99.395574138461541, 20.108309615384616 ], [ -99.395592953846133, 20.108183076923098 ], [ -99.395650061538447, 20.108065461538448 ], [ -99.395869661538455, 20.107902323076967 ], [ -99.39595563076918, 20.107847907692303 ], [ -99.396165876923078, 20.107766107692285 ], [ -99.396213676923068, 20.10775696923077 ], [ -99.396318876923047, 20.107747692307726 ], [ -99.396385830769205, 20.107738507692289 ], [ -99.396510107692293, 20.107711123076932 ], [ -99.396681984615341, 20.107584215384598 ], [ -99.39678690769226, 20.107466507692301 ], [ -99.396939738461512, 20.107375799999964 ], [ -99.397044984615334, 20.107384600000021 ], [ -99.397341784615364, 20.10748333846152 ], [ -99.397447169230773, 20.107546353846157 ], [ -99.397475892307668, 20.107555323076923 ], [ -99.397504661538463, 20.107582369230805 ], [ -99.397562307692269, 20.10768164615385 ], [ -99.397600753846135, 20.107753846153859 ], [ -99.397648876923085, 20.107871215384666 ], [ -99.397812015384588, 20.108069646153861 ], [ -99.397927123076883, 20.108195892307702 ], [ -99.397965507692291, 20.108240984615396 ], [ -99.398052030769207, 20.108412492307711 ], [ -99.398080938461504, 20.10849375384614 ], [ -99.398177261538422, 20.108755584615402 ], [ -99.398043415384592, 20.108792030769241 ], [ -99.398014769230727, 20.108810169230782 ], [ -99.397986169230748, 20.108846384615379 ], [ -99.397909907692281, 20.10895498461543 ], [ -99.397912169230736, 20.109849584615386 ], [ -99.397903169230744, 20.110075523076954 ], [ -99.397942015384587, 20.110301338461539 ], [ -99.397980784615342, 20.110500061538524 ], [ -99.398077861538454, 20.11106009230765 ], [ -99.398089230769187, 20.111773938461535 ], [ -99.398089799999951, 20.11199984615385 ], [ -99.398052307692282, 20.112307169230746 ], [ -99.39798596923076, 20.112551307692318 ], [ -99.39795818461532, 20.112912830769243 ], [ -99.397978507692301, 20.113382676923052 ], [ -99.398047769230743, 20.114295200000029 ], [ -99.398105861538411, 20.114566153846155 ], [ -99.398126415384567, 20.115126369230783 ], [ -99.398165615384599, 20.115496769230763 ], [ -99.398366892307678, 20.11564993846158 ], [ -99.398348061538428, 20.115767446153846 ], [ -99.398328969230761, 20.115785569230766 ], [ -99.398195184615403, 20.115840092307689 ], [ -99.398070876923029, 20.115867476923103 ], [ -99.397984846153818, 20.115894784615413 ], [ -99.397717492307677, 20.116094184615381 ], [ -99.397526661538421, 20.116293415384618 ], [ -99.397326307692296, 20.116510738461532 ], [ -99.3971734153846, 20.11657433846154 ], [ -99.396713938461517, 20.116466938461549 ], [ -99.396570353846116, 20.116431107692268 ], [ -99.39636070769231, 20.116756892307706 ], [ -99.396370538461511, 20.116865307692336 ], [ -99.396294692307649, 20.117136569230745 ], [ -99.396237523076891, 20.117227061538468 ], [ -99.396113138461516, 20.117218307692358 ], [ -99.395988569230767, 20.117137261538492 ], [ -99.395739553846127, 20.117029384615371 ], [ -99.395367, 20.117247092307693 ], [ -99.395099553846109, 20.11741035384615 ], [ -99.394851261538477, 20.117591630769248 ], [ -99.394717676923023, 20.117727476923108 ], [ -99.394593723076881, 20.11789041538464 ], [ -99.394565430769177, 20.118053123076969 ], [ -99.394509476923076, 20.118631584615382 ], [ -99.394472046153822, 20.11896601538459 ], [ -99.39441492307688, 20.119074584615355 ], [ -99.394386584615347, 20.119219230769229 ], [ -99.39436789230767, 20.1194 ], [ -99.394301138461515, 20.119481476923045 ], [ -99.394310969230759, 20.119589892307697 ], [ -99.394349461538425, 20.119680169230794 ], [ -99.394349784615358, 20.119806676923076 ], [ -99.394331015384566, 20.11995129230765 ], [ -99.394283523076894, 20.120086953846169 ], [ -99.393940138461517, 20.120494353846187 ], [ -99.393634769230744, 20.120802276923051 ], [ -99.393243215384572, 20.12108327692307 ], [ -99.392966307692248, 20.12129173846154 ], [ -99.39255521538459, 20.12141012307692 ], [ -99.392536353846111, 20.121518600000027 ], [ -99.392489630769234, 20.121961492307683 ], [ -99.392481092307676, 20.122377184615374 ], [ -99.392567599999978, 20.122539646153839 ], [ -99.392634784615353, 20.122620815384629 ], [ -99.392749723076918, 20.122674784615359 ], [ -99.392845676923059, 20.122792046153847 ], [ -99.392932030769202, 20.122891246153891 ], [ -99.39298981538461, 20.123044738461527 ], [ -99.39289456923072, 20.123216646153857 ], [ -99.392751523076853, 20.123397692307687 ], [ -99.3925412, 20.123461415384597 ], [ -99.39248383076918, 20.123470584615397 ], [ -99.392273353846107, 20.123471046153856 ], [ -99.39213947692302, 20.123498446153857 ], [ -99.392024784615373, 20.123543892307694 ], [ -99.391938646153832, 20.123526015384616 ], [ -99.391708738461503, 20.123409046153853 ], [ -99.391555538461532, 20.123355169230773 ], [ -99.39134516923076, 20.123400815384635 ], [ -99.391134892307676, 20.123482615384614 ], [ -99.390733446153817, 20.123628076923087 ], [ -99.390523246153819, 20.123736984615437 ], [ -99.39002595384612, 20.123819415384624 ], [ -99.389480584615356, 20.123802553846158 ], [ -99.38912644615381, 20.123740076923092 ], [ -99.388724523076874, 20.123695784615386 ], [ -99.388389661538454, 20.123687476923074 ], [ -99.388112399999969, 20.123760384615348 ], [ -99.387940415384591, 20.123851123076935 ], [ -99.387864246153825, 20.124004907692321 ], [ -99.387836107692308, 20.124230876923072 ], [ -99.387808015384564, 20.124474923076971 ], [ -99.387770338461522, 20.124719 ], [ -99.387684553846114, 20.124845692307694 ], [ -99.387522399999938, 20.125044846153845 ], [ -99.387407861538449, 20.125153538461568 ], [ -99.387111615384583, 20.125289738461525 ], [ -99.3867105230769, 20.125588815384656 ], [ -99.386357215384621, 20.125860676923054 ], [ -99.386175876923062, 20.126041815384667 ], [ -99.385956584615329, 20.12634952307695 ], [ -99.385833184615365, 20.126747399999985 ], [ -99.385824507692277, 20.127108876923039 ], [ -99.385719753846132, 20.127307907692312 ], [ -99.385509215384616, 20.127281261538489 ], [ -99.38540386153845, 20.127236307692318 ], [ -99.385260246153834, 20.127191430769212 ], [ -99.384887, 20.127147061538484 ], [ -99.384714753846112, 20.127129369230797 ], [ -99.384504169230738, 20.12708464615379 ], [ -99.384312615384601, 20.127003738461546 ], [ -99.384341076923022, 20.12690427692305 ], [ -99.384321723076866, 20.126813953846128 ], [ -99.384187584615361, 20.126732923076929 ], [ -99.384024938461508, 20.126733276923055 ], [ -99.3839104, 20.126841953846196 ], [ -99.383853215384562, 20.126932446153873 ], [ -99.383844107692269, 20.127122230769238 ], [ -99.383796584615368, 20.127248846153872 ], [ -99.383481553846124, 20.127529661538436 ], [ -99.383099476923064, 20.127783507692293 ], [ -99.382793953846118, 20.128046230769254 ], [ -99.382440538461509, 20.128281938461548 ], [ -99.382077876923034, 20.128653215384588 ], [ -99.381534030769188, 20.129268876923113 ], [ -99.381219476923064, 20.129748492307705 ], [ -99.380971599999953, 20.130110476923086 ], [ -99.380733523076927, 20.130571846153874 ], [ -99.380686123076885, 20.130752676923073 ], [ -99.380591523076916, 20.131195661538452 ], [ -99.38049666153843, 20.131530215384625 ], [ -99.380449630769178, 20.131864661538476 ], [ -99.38040218461532, 20.132027430769227 ], [ -99.380288030769194, 20.1322987692308 ], [ -99.380135630769203, 20.132579215384613 ], [ -99.380040584615344, 20.132841476923115 ], [ -99.379983676923061, 20.133049446153869 ], [ -99.380022861538421, 20.133428892307705 ], [ -99.380109676923041, 20.133717861538496 ], [ -99.380167799999953, 20.134015938461559 ], [ -99.380216246153822, 20.134268846153823 ], [ -99.380264569230746, 20.134467553846179 ], [ -99.380247138461542, 20.135172430769234 ], [ -99.380229138461544, 20.135642353846158 ], [ -99.380162523076905, 20.135787076923055 ], [ -99.380057707692288, 20.135968030769181 ], [ -99.380029799999946, 20.136293415384586 ], [ -99.38000172307693, 20.136555523076908 ], [ -99.380021353846118, 20.136763323076931 ], [ -99.380184492307649, 20.136961769230801 ], [ -99.380357415384609, 20.137250553846147 ], [ -99.380453599999953, 20.137458184615387 ], [ -99.380683661538413, 20.137638415384615 ], [ -99.381095830769212, 20.137944769230781 ], [ -99.381306569230759, 20.138043707692304 ], [ -99.381431215384595, 20.138151876923082 ], [ -99.381603753846093, 20.13828704615381 ], [ -99.38184352307691, 20.138521476923049 ], [ -99.382044892307647, 20.138701769230785 ], [ -99.38218866153845, 20.138800861538417 ], [ -99.382629261538469, 20.138998707692302 ], [ -99.383050799999978, 20.139223692307702 ], [ -99.383319153846131, 20.13940384615389 ], [ -99.383625830769205, 20.139611015384627 ], [ -99.383740923076871, 20.1397192 ], [ -99.383903969230772, 20.139881492307659 ], [ -99.383999984615372, 20.140016830769245 ], [ -99.384115076923038, 20.140134046153864 ], [ -99.384201323076908, 20.140188076923074 ], [ -99.384287507692264, 20.140215 ], [ -99.384431199999966, 20.140286984615432 ], [ -99.384613246153833, 20.14038598461536 ], [ -99.384689984615378, 20.140467138461538 ], [ -99.384776230769219, 20.140521169230773 ], [ -99.384881584615371, 20.14056612307694 ], [ -99.384967876923042, 20.140638230769238 ], [ -99.384977661538443, 20.140728569230781 ], [ -99.384863, 20.140792076923102 ], [ -99.384767384615344, 20.140819400000023 ], [ -99.384614307692289, 20.140819723076937 ], [ -99.384202692307667, 20.140748338461549 ], [ -99.383666892307673, 20.140749507692323 ], [ -99.3831694153846, 20.140777692307708 ], [ -99.382738984615358, 20.140832846153842 ], [ -99.382251076923055, 20.140861015384623 ], [ -99.381734707692303, 20.140988646153854 ], [ -99.381247123076875, 20.141152353846163 ], [ -99.380788169230769, 20.141279861538472 ], [ -99.38055876923076, 20.141379753846159 ], [ -99.37999444615383, 20.141462307692329 ], [ -99.379669184615324, 20.141481076923078 ], [ -99.379353384615357, 20.141463676923088 ], [ -99.378951323076905, 20.141383215384622 ], [ -99.378769399999968, 20.1413294 ], [ -99.378625861538438, 20.141320661538494 ], [ -99.378415261538436, 20.14127593846154 ], [ -99.378233461538414, 20.141276323076976 ], [ -99.37808050769226, 20.141330876923082 ], [ -99.377917969230751, 20.141385446153855 ], [ -99.377774523076894, 20.14141286153848 ], [ -99.377621276923065, 20.141349938461509 ], [ -99.377468061538423, 20.141296046153869 ], [ -99.377381830769195, 20.141251046153865 ], [ -99.37727656923073, 20.141242230769244 ], [ -99.377142615384614, 20.14124252307689 ], [ -99.377066153846144, 20.141278830769238 ], [ -99.377085507692257, 20.141369153846146 ], [ -99.377162615384577, 20.14160393846154 ], [ -99.377134476923047, 20.141838938461525 ], [ -99.377029553846128, 20.141974707692267 ], [ -99.376982092307642, 20.142137461538471 ], [ -99.376877384615355, 20.14236360000001 ], [ -99.37662926153844, 20.142635215384637 ], [ -99.376533846153819, 20.142743861538435 ], [ -99.376286246153825, 20.14323235384612 ], [ -99.376152938461516, 20.143503738461519 ], [ -99.376057646153825, 20.14366658461536 ], [ -99.376029430769165, 20.14387449230772 ], [ -99.376106476923042, 20.144082169230742 ], [ -99.376221799999939, 20.144289753846138 ], [ -99.376461369230711, 20.144442861538444 ], [ -99.376911430769184, 20.144586476923095 ], [ -99.377351738461527, 20.144657830769219 ], [ -99.37793533846154, 20.144629461538475 ], [ -99.378155138461508, 20.144511523076929 ], [ -99.378585569230751, 20.144456384615371 ], [ -99.379159630769195, 20.144437076923094 ], [ -99.379571092307657, 20.144445215384618 ], [ -99.379772153846119, 20.144499015384611 ], [ -99.379992415384564, 20.144579861538446 ], [ -99.380270215384598, 20.144705769230743 ], [ -99.380423584615357, 20.144822907692291 ], [ -99.380481123076876, 20.144877 ], [ -99.380586430769199, 20.144894846153839 ], [ -99.380682169230752, 20.144921753846205 ], [ -99.380969938461504, 20.145219338461558 ], [ -99.381190569230739, 20.145444769230764 ], [ -99.381334676923061, 20.145688430769283 ], [ -99.381459461538455, 20.145850815384623 ], [ -99.381574507692292, 20.145940938461546 ], [ -99.381680046153832, 20.146058184615399 ], [ -99.381728153846112, 20.1461665076923 ], [ -99.38167109230767, 20.146311215384586 ], [ -99.381556461538452, 20.1463928 ], [ -99.381374923076876, 20.14650163076923 ], [ -99.381260169230742, 20.146528984615415 ], [ -99.381011446153806, 20.146547584615387 ], [ -99.380762553846125, 20.146502953846117 ], [ -99.380628523076865, 20.146476123076923 ], [ -99.380360615384589, 20.146476707692312 ], [ -99.380150015384586, 20.146441015384621 ], [ -99.380025584615382, 20.146423215384612 ], [ -99.379776938461504, 20.146477969230762 ], [ -99.379538138461484, 20.146650169230785 ], [ -99.379461861538445, 20.146758769230786 ], [ -99.379424061538458, 20.146957661538455 ], [ -99.379395830769184, 20.147156523076937 ], [ -99.379367846153798, 20.147454784615363 ], [ -99.379272523076907, 20.147599569230785 ], [ -99.379148476923064, 20.147744415384643 ], [ -99.379082538461489, 20.148178307692348 ], [ -99.378987492307644, 20.14844056923079 ], [ -99.37887296923077, 20.148567323076939 ], [ -99.378739215384613, 20.148648938461541 ], [ -99.378624446153808, 20.148676292307698 ], [ -99.378519323076901, 20.148730738461531 ], [ -99.378347261538451, 20.1488034 ], [ -99.378251692307671, 20.148848784615407 ], [ -99.378146507692293, 20.148876123076892 ], [ -99.378050799999968, 20.148867292307724 ], [ -99.377955107692287, 20.148867492307726 ], [ -99.377830646153839, 20.148840646153882 ], [ -99.377696646153794, 20.148822861538459 ], [ -99.37735209230766, 20.148787461538486 ], [ -99.377189323076905, 20.148742630769242 ], [ -99.37705524615383, 20.148697723076921 ], [ -99.37689253846149, 20.14868 ], [ -99.376509692307678, 20.148635646153874 ], [ -99.375830523076885, 20.148718415384614 ], [ -99.375352584615342, 20.1489272769231 ], [ -99.375180553846135, 20.149008969230739 ], [ -99.375027815384584, 20.14916290769234 ], [ -99.374932476923036, 20.149307692307662 ], [ -99.374760923076892, 20.14959723076926 ], [ -99.374608830769233, 20.150013230769222 ], [ -99.374686046153826, 20.150293184615371 ], [ -99.374791707692253, 20.150464661538443 ], [ -99.374906815384577, 20.150581876923106 ], [ -99.374926307692277, 20.15073546153846 ], [ -99.374993753846113, 20.150925076923087 ], [ -99.375243707692292, 20.151412507692314 ], [ -99.375435815384577, 20.151719338461582 ], [ -99.375876507692254, 20.15194430769229 ], [ -99.376451353846122, 20.152241276923085 ], [ -99.376911169230723, 20.1524571692308 ], [ -99.377055015384613, 20.152583369230761 ], [ -99.377170138461494, 20.15270963076923 ], [ -99.377409646153836, 20.1528266 ], [ -99.377754569230746, 20.153015615384657 ], [ -99.378022876923055, 20.153168661538473 ], [ -99.378377138461531, 20.153258261538443 ], [ -99.378884569230763, 20.153374646153843 ], [ -99.379152953846116, 20.15356383076924 ], [ -99.379430892307681, 20.153743969230771 ], [ -99.379756692307652, 20.153933030769256 ], [ -99.380158661538417, 20.153968307692349 ], [ -99.380455353846102, 20.153985738461518 ], [ -99.380886123076905, 20.154057092307696 ], [ -99.38139323076922, 20.154037923076917 ], [ -99.381622846153846, 20.154019353846191 ], [ -99.381890769230736, 20.154018769230756 ], [ -99.382139646153803, 20.154054384615399 ], [ -99.382388615384571, 20.154126123076907 ], [ -99.382503476923048, 20.154143953846155 ], [ -99.382570707692267, 20.154243215384668 ], [ -99.38258043076921, 20.154306446153878 ], [ -99.382609461538422, 20.154441923076927 ], [ -99.382676630769225, 20.154514061538453 ], [ -99.382753261538426, 20.154550046153851 ], [ -99.382801107692259, 20.154549938461592 ], [ -99.382867938461544, 20.154486538461487 ], [ -99.382944338461513, 20.154423123076892 ], [ -99.383030415384582, 20.154404861538463 ], [ -99.383116615384552, 20.154440815384632 ], [ -99.383164599999986, 20.154494938461546 ], [ -99.383203076923039, 20.154576184615394 ], [ -99.383251184615347, 20.154684507692313 ], [ -99.383308661538436, 20.154711492307669 ], [ -99.383404415384589, 20.154738400000028 ], [ -99.383442753846126, 20.154765415384624 ], [ -99.383490907692305, 20.154891830769213 ], [ -99.383434, 20.155099784615388 ], [ -99.383405538461531, 20.155199246153838 ], [ -99.383157338461487, 20.155443769230775 ], [ -99.382813892307666, 20.155869230769223 ], [ -99.382613338461525, 20.156032323076939 ], [ -99.382546692307685, 20.156168015384619 ], [ -99.38244169230768, 20.156276676923056 ], [ -99.382212215384584, 20.156349461538472 ], [ -99.381868307692287, 20.156585153846159 ], [ -99.381610399999985, 20.156775476923084 ], [ -99.381486369230743, 20.15692936923077 ], [ -99.381410046153817, 20.15701989230768 ], [ -99.381209723076879, 20.15728238461541 ], [ -99.381142969230751, 20.157372892307706 ], [ -99.381133923076888, 20.157589784615404 ], [ -99.381095892307656, 20.157689261538469 ], [ -99.381038692307655, 20.157779753846182 ], [ -99.380981338461524, 20.157806984615373 ], [ -99.380885692307658, 20.157825261538498 ], [ -99.380799476923073, 20.157789307692312 ], [ -99.380732353846128, 20.157726199999985 ], [ -99.380646, 20.157636015384643 ], [ -99.380540676923047, 20.15760913846157 ], [ -99.380081323076922, 20.157592061538452 ], [ -99.379641076923036, 20.157565892307719 ], [ -99.379411461538425, 20.157584461538505 ], [ -99.379124369230723, 20.157576046153903 ], [ -99.37876110769227, 20.15773044615382 ], [ -99.37834055384613, 20.157930153846163 ], [ -99.377900830769178, 20.158120861538457 ], [ -99.377527938461498, 20.158248169230777 ], [ -99.377078446153789, 20.158357569230745 ], [ -99.376609753846097, 20.158439907692287 ], [ -99.376236553846127, 20.158440692307671 ], [ -99.37580586153841, 20.158405476923082 ], [ -99.375624015384602, 20.158396830769195 ], [ -99.375432523076896, 20.158352046153837 ], [ -99.375087969230734, 20.158325676923081 ], [ -99.374829507692297, 20.158281046153842 ], [ -99.374446599999985, 20.158227646153843 ], [ -99.374140199999985, 20.158146969230753 ], [ -99.373891199999946, 20.158066169230771 ], [ -99.373661261538416, 20.157949184615401 ], [ -99.37355596923075, 20.157931338461552 ], [ -99.373364584615373, 20.157931738461571 ], [ -99.373249815384611, 20.157959092307639 ], [ -99.373048892307651, 20.157968553846136 ], [ -99.372819123076894, 20.157923861538464 ], [ -99.372685030769219, 20.157869923076884 ], [ -99.372378507692289, 20.157744061538452 ], [ -99.372215799999978, 20.15772633846154 ], [ -99.372043461538439, 20.157690553846166 ], [ -99.371698938461506, 20.15767321538463 ], [ -99.371411753846132, 20.157628630769246 ], [ -99.37124907692305, 20.157628969230778 ], [ -99.371143907692286, 20.157665338461531 ], [ -99.370895292307679, 20.1577472 ], [ -99.370761399999935, 20.157774584615382 ], [ -99.370589153846112, 20.15777495384614 ], [ -99.370550784615375, 20.157738876923037 ], [ -99.37034024615383, 20.157730292307679 ], [ -99.369986230769186, 20.157749107692361 ], [ -99.369574784615352, 20.157759 ], [ -99.369278415384571, 20.1578771076923 ], [ -99.368943969230713, 20.1580766 ], [ -99.368733784615344, 20.158221630769191 ], [ -99.368580861538447, 20.158303276923103 ], [ -99.368514199999979, 20.158438953846108 ], [ -99.368399799999978, 20.158619923076923 ], [ -99.368275707692277, 20.158755738461554 ], [ -99.368218553846106, 20.158864292307658 ], [ -99.368267076923075, 20.159153353846147 ], [ -99.36837279999996, 20.159351923076937 ], [ -99.368440061538408, 20.15946926153849 ], [ -99.368516938461497, 20.159604646153802 ], [ -99.3685748, 20.159794292307712 ], [ -99.368584692307635, 20.159929815384629 ], [ -99.368537384615379, 20.16016486153849 ], [ -99.368508953846103, 20.160282384615382 ], [ -99.368442538461508, 20.160526507692325 ], [ -99.368242876923077, 20.161078153846155 ], [ -99.368051969230734, 20.161277353846152 ], [ -99.367937569230747, 20.161467353846202 ], [ -99.36771795384611, 20.161666615384608 ], [ -99.367603415384608, 20.161793353846175 ], [ -99.36743055384612, 20.16153166153849 ], [ -99.367267630769234, 20.161432600000012 ], [ -99.367047230769188, 20.161297523076907 ], [ -99.366826969230758, 20.16122569230771 ], [ -99.366491830769178, 20.161136015384574 ], [ -99.366243015384597, 20.161136538461513 ], [ -99.366042030769194, 20.161118892307677 ], [ -99.365840892307645, 20.161047015384629 ], [ -99.365725938461523, 20.160993030769259 ], [ -99.365457984615389, 20.160984553846177 ], [ -99.360051538461519, 20.156920276923092 ], [ -99.35909298461533, 20.156208369230765 ], [ -99.358786476923058, 20.156073446153854 ], [ -99.358345923076882, 20.155911692307694 ], [ -99.357828969230766, 20.155813338461535 ], [ -99.35675693846153, 20.155679969230821 ], [ -99.35663229230768, 20.1555717846154 ], [ -99.356459784615353, 20.155454661538478 ], [ -99.356316, 20.155346507692322 ], [ -99.356258430769202, 20.15527433846157 ], [ -99.356258184615356, 20.155165907692361 ], [ -99.356315338461499, 20.155057353846136 ], [ -99.356343861538448, 20.154975969230762 ], [ -99.356285938461511, 20.154750169230784 ], [ -99.356266553846098, 20.154641769230778 ], [ -99.356237323076897, 20.154406892307673 ], [ -99.356227538461511, 20.154316538461543 ], [ -99.356265630769187, 20.154235138461544 ], [ -99.35628452307688, 20.15412666153847 ], [ -99.356207723076892, 20.15401838461538 ], [ -99.356121492307665, 20.153964338461567 ], [ -99.356092476923038, 20.153828846153875 ], [ -99.356197538461529, 20.153747307692306 ], [ -99.356235723076907, 20.153702046153853 ], [ -99.356398, 20.153530030769275 ], [ -99.356407399999952, 20.153457723076968 ], [ -99.356378384615326, 20.153322230769238 ], [ -99.35622504615381, 20.153214107692271 ], [ -99.35606218461534, 20.153133107692273 ], [ -99.355985430769209, 20.153042907692353 ], [ -99.355908738461494, 20.152979799999958 ], [ -99.355841599999962, 20.152907646153846 ], [ -99.355745738461493, 20.152835553846174 ], [ -99.355745676923078, 20.152808446153884 ], [ -99.355755138461532, 20.152763230769228 ], [ -99.355812492307678, 20.152736015384608 ], [ -99.355927384615327, 20.152762892307646 ], [ -99.35604224615382, 20.152780723076884 ], [ -99.3561188, 20.152780569230782 ], [ -99.356195338461518, 20.152771384615388 ], [ -99.356262276923047, 20.152753169230795 ], [ -99.356329169230733, 20.15271689230768 ], [ -99.356377, 20.152707769230766 ], [ -99.356424738461499, 20.152662476923055 ], [ -99.356482046153815, 20.15261718461538 ], [ -99.356587015384605, 20.152490461538495 ], [ -99.356672969230743, 20.152418 ], [ -99.356873707692287, 20.152327230769249 ], [ -99.357017061538443, 20.152245615384636 ], [ -99.357179446153808, 20.15211876923075 ], [ -99.357217569230755, 20.152055430769263 ], [ -99.357274738461527, 20.151946892307709 ], [ -99.357408461538412, 20.151838184615389 ], [ -99.357513184615357, 20.151603015384602 ], [ -99.35754166153842, 20.15150355384618 ], [ -99.357541492307647, 20.15143126153847 ], [ -99.357560461538441, 20.151358938461563 ], [ -99.35756987692308, 20.151286630769235 ], [ -99.357607861538412, 20.151160046153862 ], [ -99.357693969230723, 20.151159861538492 ], [ -99.357741923076887, 20.151204953846165 ], [ -99.357808938461517, 20.151222892307661 ], [ -99.357875753846116, 20.151150461538425 ], [ -99.357990169230717, 20.150969507692292 ], [ -99.358133061538439, 20.150689076923118 ], [ -99.358275876923031, 20.150372523076925 ], [ -99.358342338461512, 20.150146476923059 ], [ -99.358389723076925, 20.149947569230751 ], [ -99.358398984615334, 20.149812015384629 ], [ -99.358456138461491, 20.149694415384641 ], [ -99.358532215384585, 20.149486430769191 ], [ -99.358732, 20.148979984615377 ], [ -99.358865230769226, 20.148663446153833 ], [ -99.358931384615374, 20.148301846153856 ], [ -99.358997584615338, 20.147958323076939 ], [ -99.359015784615352, 20.147551661538476 ], [ -99.358995646153787, 20.147108907692324 ], [ -99.359024061538449, 20.146982338461541 ], [ -99.359109984615358, 20.146900846153805 ], [ -99.359157599999961, 20.146801338461522 ], [ -99.359195661538408, 20.146710907692334 ], [ -99.359118815384605, 20.146575507692322 ], [ -99.358936553846135, 20.14637707692307 ], [ -99.358831076923067, 20.146277892307697 ], [ -99.358811738461497, 20.146187569230744 ], [ -99.358792307692269, 20.146061107692315 ], [ -99.358752984615364, 20.145600323076916 ], [ -99.358752107692268, 20.145220800000018 ], [ -99.358809292307669, 20.145121276923085 ], [ -99.358837923076905, 20.145085076923085 ], [ -99.358799461538439, 20.14500383076923 ], [ -99.358732338461508, 20.144940707692307 ], [ -99.35864596923075, 20.144832446153863 ], [ -99.358578707692288, 20.144706076923065 ], [ -99.358521030769197, 20.144588723076929 ], [ -99.358501661538455, 20.144489353846119 ], [ -99.358539769230731, 20.144416984615383 ], [ -99.358539584615372, 20.144335661538484 ], [ -99.358520246153816, 20.14424533846152 ], [ -99.358500615384571, 20.144028507692315 ], [ -99.35845233846149, 20.143838846153852 ], [ -99.35842338461535, 20.143730461538464 ], [ -99.358432769230703, 20.143649123076919 ], [ -99.35845176923074, 20.143585815384618 ], [ -99.358470676923076, 20.14348638461539 ], [ -99.358480076923016, 20.143414076923079 ], [ -99.358499, 20.143323676923078 ], [ -99.35849893846148, 20.143296553846156 ], [ -99.358536969230741, 20.143188046153846 ], [ -99.358459923076865, 20.142971323076949 ], [ -99.358402292307645, 20.142872046153862 ], [ -99.358382953846146, 20.142781723076901 ], [ -99.358373046153829, 20.142637153846174 ], [ -99.358401630769222, 20.142582876923122 ], [ -99.358449338461526, 20.142519538461563 ], [ -99.358487399999959, 20.14242909230768 ], [ -99.358487169230742, 20.14232969230768 ], [ -99.358525169230759, 20.142212138461534 ], [ -99.358572630769217, 20.14204035384617 ], [ -99.358591353846123, 20.141859584615382 ], [ -99.358629230769196, 20.141687815384618 ], [ -99.358686476923083, 20.1416154 ], [ -99.358724615384588, 20.141561107692318 ], [ -99.358734061538456, 20.141506876923096 ], [ -99.358743446153824, 20.14142552307689 ], [ -99.35873363076918, 20.141317107692316 ], [ -99.358676, 20.141217830769254 ], [ -99.358580169230763, 20.141154769230749 ], [ -99.358513261538448, 20.141182015384658 ], [ -99.358484723076913, 20.141254369230762 ], [ -99.358542369230747, 20.141362676923109 ], [ -99.358561630769202, 20.141416861538456 ], [ -99.358533015384594, 20.141453061538481 ], [ -99.358456507692253, 20.141471292307727 ], [ -99.358379861538452, 20.141426261538506 ], [ -99.358350969230756, 20.141345 ], [ -99.358302446153814, 20.141046892307699 ], [ -99.358225476923053, 20.140857292307697 ], [ -99.358138738461506, 20.140586369230785 ], [ -99.358032892307662, 20.140324523076959 ], [ -99.357946169230715, 20.140053615384591 ], [ -99.357897415384585, 20.139656107692328 ], [ -99.357868492307674, 20.139556769230815 ], [ -99.357733123076869, 20.138933538461497 ], [ -99.357626661538404, 20.138400599999976 ], [ -99.357634923076887, 20.137831292307709 ], [ -99.357625199999944, 20.137759015384606 ], [ -99.357634476923039, 20.137632492307688 ], [ -99.357596046153844, 20.137560276923093 ], [ -99.357480507692287, 20.137244230769198 ], [ -99.357422830769181, 20.137126876923094 ], [ -99.357374723076887, 20.137009507692333 ], [ -99.357307261538438, 20.136792769230794 ], [ -99.357326123076916, 20.136675261538429 ], [ -99.357354538461507, 20.136548692307663 ], [ -99.357373384615343, 20.136422138461555 ], [ -99.35741118461533, 20.136214230769269 ], [ -99.357410907692312, 20.136087723076947 ], [ -99.357381907692258, 20.13596126153848 ], [ -99.357381646153812, 20.135843784615354 ], [ -99.357323538461529, 20.135536676923053 ], [ -99.357265476923061, 20.13524763076926 ], [ -99.357226630769205, 20.134994676923071 ], [ -99.357168507692279, 20.134678523076918 ], [ -99.357119984615352, 20.134380430769262 ], [ -99.357052215384584, 20.134028138461524 ], [ -99.357003923076874, 20.133829430769261 ], [ -99.356974876923061, 20.133675876923075 ], [ -99.356936353846152, 20.133567523076948 ], [ -99.356802030769217, 20.133405138461541 ], [ -99.356715553846129, 20.133242646153843 ], [ -99.356657661538435, 20.133025892307728 ], [ -99.356638123076891, 20.132845215384567 ], [ -99.35662781538457, 20.132519923076945 ], [ -99.356741753846137, 20.132140153846176 ], [ -99.356789415384583, 20.132058738461531 ], [ -99.35682759999996, 20.132022507692316 ], [ -99.356856138461524, 20.131950153846173 ], [ -99.356855676923061, 20.131742323076892 ], [ -99.356941430769197, 20.13158853846156 ], [ -99.357084784615353, 20.131515953846172 ], [ -99.357199461538414, 20.131461492307675 ], [ -99.357486353846127, 20.131397661538475 ], [ -99.357534169230732, 20.131388523076961 ], [ -99.357591461538433, 20.131343230769229 ], [ -99.357639184615351, 20.131288923076937 ], [ -99.357648538461504, 20.131198538461504 ], [ -99.357648338461516, 20.131108169230771 ], [ -99.357686276923019, 20.130963507692314 ], [ -99.357733923076893, 20.130882076923019 ], [ -99.357877138461504, 20.130746246153869 ], [ -99.357876892307701, 20.130637815384596 ], [ -99.357895769230765, 20.130529338461564 ], [ -99.357991061538399, 20.130357446153859 ], [ -99.357981184615355, 20.130221923076924 ], [ -99.357971476923041, 20.13015869230771 ], [ -99.357923661538422, 20.130167815384624 ], [ -99.357837630769225, 20.130204138461526 ], [ -99.357770692307653, 20.130222353846165 ], [ -99.357713107692305, 20.130141138461546 ], [ -99.357712876923017, 20.130041738461546 ], [ -99.3577414, 20.129960353846165 ], [ -99.357913246153814, 20.129797353846183 ], [ -99.358018307692262, 20.129715815384582 ], [ -99.358075461538448, 20.129607261538499 ], [ -99.35808487692303, 20.129543984615413 ], [ -99.358094199999954, 20.129435523076889 ], [ -99.358026876923049, 20.129282046153836 ], [ -99.357912015384571, 20.129255169230774 ], [ -99.357825784615372, 20.1292011230769 ], [ -99.357777538461505, 20.12902049230771 ], [ -99.357739, 20.128903092307716 ], [ -99.357700369230756, 20.128749553846156 ], [ -99.357661723076916, 20.128577938461561 ], [ -99.357623215384606, 20.128478615384623 ], [ -99.357537030769222, 20.128442646153847 ], [ -99.357441292307698, 20.128415738461541 ], [ -99.357374184615367, 20.128352615384621 ], [ -99.357278338461512, 20.128280523076903 ], [ -99.357201553846139, 20.128172230769206 ], [ -99.357124507692262, 20.127946476923089 ], [ -99.357124030769171, 20.127738646153819 ], [ -99.357181169230742, 20.127621061538484 ], [ -99.357228661538443, 20.127467338461503 ], [ -99.357257061538434, 20.127331738461578 ], [ -99.35736193846148, 20.12717790769231 ], [ -99.357457399999987, 20.127078307692294 ], [ -99.357533676923069, 20.12696972307695 ], [ -99.357552723076878, 20.126924492307687 ], [ -99.357542907692263, 20.126816076923088 ], [ -99.357532876923031, 20.126617307692303 ], [ -99.357532369230739, 20.126391384615395 ], [ -99.357589046153819, 20.126075 ], [ -99.357627030769223, 20.125948415384627 ], [ -99.35764567692307, 20.125731507692326 ], [ -99.35773135384612, 20.125541569230748 ], [ -99.357798076923046, 20.125432984615362 ], [ -99.357845707692263, 20.125342538461542 ], [ -99.357931584615372, 20.125242953846154 ], [ -99.357979230769246, 20.125161538461573 ], [ -99.358026476923044, 20.124899384615379 ], [ -99.358112015384577, 20.124655215384639 ], [ -99.358130738461497, 20.124474461538494 ], [ -99.358149030769212, 20.124103923076888 ], [ -99.358215153846089, 20.123733292307723 ], [ -99.358272, 20.123489199999966 ], [ -99.358348092307651, 20.123290246153825 ], [ -99.358385384615389, 20.122865461538463 ], [ -99.358375369230728, 20.122666676923082 ], [ -99.358375107692268, 20.122549199999987 ], [ -99.358413138461501, 20.122449723076929 ], [ -99.358422461538439, 20.122341261538462 ], [ -99.358441061538443, 20.122106276923066 ], [ -99.358431107692283, 20.121934615384646 ], [ -99.358478523076883, 20.121753784615393 ], [ -99.358497415384576, 20.121645307692319 ], [ -99.358497123076901, 20.1215188 ], [ -99.358467907692287, 20.121292953846119 ], [ -99.358391123076927, 20.121184661538464 ], [ -99.35830496923073, 20.121157738461545 ], [ -99.358151907692303, 20.121167076923076 ], [ -99.358037169230769, 20.121194415384661 ], [ -99.357912784615394, 20.121185630769251 ], [ -99.35778843076919, 20.121194923076917 ], [ -99.357386430769239, 20.121114415384618 ], [ -99.356936584615369, 20.121024953846145 ], [ -99.356687661538444, 20.120944138461564 ], [ -99.356419584615367, 20.120854307692291 ], [ -99.35590232307689, 20.120566200000013 ], [ -99.355749030769204, 20.120467107692292 ], [ -99.355442169230741, 20.120151446153834 ], [ -99.355355846153813, 20.120052215384657 ], [ -99.355269338461511, 20.119871661538436 ], [ -99.355077384615328, 20.119600953846174 ], [ -99.35485666153842, 20.119294169230802 ], [ -99.354607123076903, 20.118942246153857 ], [ -99.354530307692244, 20.118815892307705 ], [ -99.354444, 20.118725692307674 ], [ -99.354367353846101, 20.118671630769192 ], [ -99.353984169230728, 20.118446492307736 ], [ -99.353965015384603, 20.118437492307677 ], [ -99.353869261538463, 20.118401538461551 ], [ -99.353783123076923, 20.118383646153834 ], [ -99.353620476923069, 20.118374938461528 ], [ -99.353486476923038, 20.118348092307691 ], [ -99.353237692307644, 20.118330523076928 ], [ -99.353103676923041, 20.11829464615386 ], [ -99.35295049230767, 20.118240723076934 ], [ -99.352797246153813, 20.118159707692335 ], [ -99.352720584615369, 20.118105646153854 ], [ -99.352500292307653, 20.117988600000018 ], [ -99.352299169230733, 20.11788961538462 ], [ -99.35208866153846, 20.117871953846162 ], [ -99.351562553846136, 20.117900107692339 ], [ -99.351199061538424, 20.117918907692289 ], [ -99.350739876923043, 20.117928861538456 ], [ -99.350242384615342, 20.117920815384601 ], [ -99.3496587538461, 20.117894861538474 ], [ -99.348893415384623, 20.117896384615403 ], [ -99.348070646153815, 20.117879938461559 ], [ -99.347611415384591, 20.117871799999971 ], [ -99.347477569230747, 20.117908215384592 ], [ -99.3471524, 20.11795403076923 ], [ -99.346999338461529, 20.117963369230793 ], [ -99.3468462, 20.117927523076933 ], [ -99.346673861538449, 20.11786461538459 ], [ -99.346482476923057, 20.117846907692346 ], [ -99.346329476923046, 20.117874323076947 ], [ -99.345889446153848, 20.117893261538441 ], [ -99.345353769230712, 20.117921415384657 ], [ -99.345124123076872, 20.1179038 ], [ -99.345057169230742, 20.117903923076934 ], [ -99.344923107692281, 20.117849969230775 ], [ -99.344817446153826, 20.117651369230778 ], [ -99.344759661538461, 20.117479800000016 ], [ -99.344749723076902, 20.117308123076899 ], [ -99.344748892307663, 20.116928600000019 ], [ -99.344709892307662, 20.1165943230769 ], [ -99.344709046153795, 20.116205753846138 ], [ -99.344717953846114, 20.115907538461528 ], [ -99.344688646153827, 20.115627461538431 ], [ -99.344583107692273, 20.115492123076926 ], [ -99.344448938461525, 20.115383953846134 ], [ -99.344171169230734, 20.115230876923064 ], [ -99.34393190769228, 20.115186153846171 ], [ -99.343740523076903, 20.11515941538465 ], [ -99.343587292307646, 20.115087430769218 ], [ -99.343338446153837, 20.115033692307719 ], [ -99.342879138461498, 20.114980369230807 ], [ -99.342706923076904, 20.11497166153843 ], [ -99.342611276923066, 20.114980892307674 ], [ -99.342506138461502, 20.115026276923054 ], [ -99.342161553846111, 20.114936584615393 ], [ -99.342142184615341, 20.114828184615366 ], [ -99.342161215384564, 20.114782953846149 ], [ -99.342199399999956, 20.11474673846153 ], [ -99.342400153846143, 20.114683092307693 ], [ -99.342562615384622, 20.114601446153813 ], [ -99.342858938461532, 20.114492430769186 ], [ -99.342916276923063, 20.114465215384605 ], [ -99.34304052307688, 20.11441075384618 ], [ -99.343222107692284, 20.114329076923045 ], [ -99.343365476923054, 20.114265538461567 ], [ -99.343594538461488, 20.114021107692317 ], [ -99.343670846153842, 20.113921553846168 ], [ -99.343957307692293, 20.113677015384635 ], [ -99.344090907692291, 20.113523138461524 ], [ -99.344234092307659, 20.113378276923104 ], [ -99.344405753846118, 20.113133953846159 ], [ -99.344558123076894, 20.112817384615383 ], [ -99.344605246153861, 20.112491984615371 ], [ -99.344460353846145, 20.111859707692336 ], [ -99.344479307692282, 20.111778353846145 ], [ -99.344479261538424, 20.11175123076924 ], [ -99.344651246153816, 20.111660538461525 ], [ -99.344746815384568, 20.111615169230738 ], [ -99.344909261538447, 20.111533523076858 ], [ -99.345023876923051, 20.111451969230782 ], [ -99.345205353846154, 20.111316061538446 ], [ -99.34538663076917, 20.111098830769237 ], [ -99.345539061538432, 20.110809369230779 ], [ -99.345596076923087, 20.110637569230775 ], [ -99.345624415384592, 20.110474861538513 ], [ -99.345594353846153, 20.109851400000011 ], [ -99.345535523076904, 20.109200892307729 ], [ -99.345515738461501, 20.108902723076952 ], [ -99.345477276923063, 20.108812446153866 ], [ -99.345467492307648, 20.108713061538417 ] ], [ [ -99.376344261538435, 20.119502630769276 ], [ -99.376449384615341, 20.119457230769218 ], [ -99.376478046153778, 20.119439092307726 ], [ -99.376659461538438, 20.119294123076909 ], [ -99.376783769230741, 20.119266753846176 ], [ -99.376984584615343, 20.119230169230747 ], [ -99.377089599999977, 20.119139584615407 ], [ -99.377318938461499, 20.119030661538485 ], [ -99.377672892307643, 20.119020861538452 ], [ -99.377959892307672, 20.119020246153841 ], [ -99.37813215384611, 20.119046984615363 ], [ -99.37819927692307, 20.119110107692311 ], [ -99.378285492307683, 20.119155092307658 ], [ -99.378294599999961, 20.118965307692289 ], [ -99.378294399999945, 20.118883984615419 ], [ -99.378332415384577, 20.118775461538437 ], [ -99.378350984615352, 20.118540476923123 ], [ -99.378379461538429, 20.118450061538457 ], [ -99.378321861538453, 20.118368846153853 ], [ -99.378245323076882, 20.118369015384619 ], [ -99.378178446153782, 20.118405307692271 ], [ -99.378054261538438, 20.118477861538448 ], [ -99.377977815384597, 20.118514169230785 ], [ -99.377777292307641, 20.118677261538433 ], [ -99.377691307692317, 20.118722630769259 ], [ -99.377586030769237, 20.11870476923076 ], [ -99.377385169230735, 20.118723276923085 ], [ -99.377299030769208, 20.11870538461535 ], [ -99.377165, 20.118669538461539 ], [ -99.377088415384577, 20.11864258461539 ], [ -99.376992692307695, 20.118624723076937 ], [ -99.376877892307647, 20.118624969230794 ], [ -99.376753569230758, 20.118643307692285 ], [ -99.376399599999985, 20.118644061538497 ], [ -99.376285, 20.118725630769234 ], [ -99.376199092307658, 20.118807138461563 ], [ -99.3761226, 20.118825384615413 ], [ -99.376007846153826, 20.118843692307692 ], [ -99.375912169230716, 20.118843892307726 ], [ -99.375797353846096, 20.118835107692327 ], [ -99.3756250153846, 20.118781261538434 ], [ -99.375538830769187, 20.118745292307718 ], [ -99.375385769230761, 20.118745615384601 ], [ -99.3753380153846, 20.118781861538451 ], [ -99.375213846153812, 20.118863461538457 ], [ -99.375137569230731, 20.118972061538464 ], [ -99.375109199999983, 20.119107661538472 ], [ -99.375147830769222, 20.1192612 ], [ -99.3751864, 20.119387630769236 ], [ -99.375225092307659, 20.119568276923051 ], [ -99.375225430769206, 20.119712861538424 ], [ -99.375273553846114, 20.119830230769235 ], [ -99.375541615384591, 20.119910984615395 ], [ -99.375771292307661, 20.119937600000032 ], [ -99.375905061538447, 20.119874061538503 ], [ -99.376000415384581, 20.119738323076916 ], [ -99.37625824615381, 20.119538969230749 ], [ -99.376344261538435, 20.119502630769276 ] ] ] ] } },
{ "type": "Feature", "properties": { "IDBD": 169154, "FC": 6291, "CONDICION": "CUERPO DE AGUA INTERMITENTE" }, "geometry": { "type": "MultiPolygon", "coordinates": [ [ [ [ -99.509035461538417, 20.163835815384648 ], [ -99.508949184615375, 20.163790876923102 ], [ -99.508872523076889, 20.163754953846162 ], [ -99.508719261538459, 20.16371021538459 ], [ -99.508537323076879, 20.1636746 ], [ -99.508422523076874, 20.163683969230771 ], [ -99.508202430769202, 20.163684599999982 ], [ -99.508221246153809, 20.163585153846149 ], [ -99.508393169230743, 20.163485246153851 ], [ -99.508555969230756, 20.163520923076927 ], [ -99.508699507692299, 20.163520507692308 ], [ -99.508824, 20.163547261538486 ], [ -99.508900723076877, 20.163601261538421 ], [ -99.509006369230733, 20.163718415384601 ], [ -99.509035461538417, 20.163835815384648 ] ] ] ] } },
{ "type": "Feature", "properties": { "IDBD": 169207, "FC": 6291, "CONDICION": "CUERPO DE AGUA INTERMITENTE" }, "geometry": { "type": "MultiPolygon", "coordinates": [ [ [ [ -99.500568061538459, 20.158311830769208 ], [ -99.5008731076923, 20.157949507692326 ], [ -99.501206707692262, 20.157532892307696 ], [ -99.501426061538467, 20.157306369230774 ], [ -99.50154124615382, 20.157414476923101 ], [ -99.50156063076922, 20.157495738461535 ], [ -99.501599369230732, 20.157640215384621 ], [ -99.50172458461536, 20.157892876923079 ], [ -99.502012738461474, 20.158235430769231 ], [ -99.502176292307666, 20.15850604615386 ], [ -99.502205507692281, 20.158668615384606 ], [ -99.502339738461515, 20.158749553846143 ], [ -99.502435538461484, 20.158785430769239 ], [ -99.502588846153799, 20.158848246153863 ], [ -99.502866446153845, 20.158874569230761 ], [ -99.503000523076906, 20.15891032307696 ], [ -99.503039061538402, 20.158991538461542 ], [ -99.503039384615349, 20.1590909384615 ], [ -99.50305886153842, 20.159199323076912 ], [ -99.503020784615373, 20.159262676923099 ], [ -99.502916138461501, 20.159452738461543 ], [ -99.502811107692281, 20.159525338461538 ], [ -99.502696661538451, 20.159643138461554 ], [ -99.50274519999995, 20.159859861538479 ], [ -99.502726984615336, 20.160149076923069 ], [ -99.502756123076878, 20.160284538461525 ], [ -99.502746984615356, 20.1604201076923 ], [ -99.502680753846121, 20.160655230769244 ], [ -99.502642707692274, 20.160727630769255 ], [ -99.502604584615355, 20.160772923076902 ], [ -99.502556830769208, 20.160800169230811 ], [ -99.50247090769227, 20.160863676923075 ], [ -99.502385076923062, 20.160954276923064 ], [ -99.502375846153839, 20.161062738461531 ], [ -99.502366707692275, 20.16119830769231 ], [ -99.502300107692264, 20.161315969230756 ], [ -99.502223646153837, 20.161343292307706 ], [ -99.502127953846085, 20.161343569230777 ], [ -99.501898523076903, 20.16141650769227 ], [ -99.501716646153795, 20.161398953846174 ], [ -99.501601707692316, 20.161363138461542 ], [ -99.501486323076904, 20.161191784615418 ], [ -99.50148550769228, 20.160938769230775 ], [ -99.501571323076874, 20.160839123076897 ], [ -99.50168593846152, 20.160775553846143 ], [ -99.501800492307666, 20.160684861538442 ], [ -99.501809830769218, 20.160612538461532 ], [ -99.501837923076891, 20.160422692307677 ], [ -99.501837661538431, 20.160341369230814 ], [ -99.501827830769187, 20.160260076923088 ], [ -99.501827399999968, 20.160124538461581 ], [ -99.50180796923074, 20.160034230769263 ], [ -99.501749953846129, 20.159844630769182 ], [ -99.501720876923059, 20.159727246153846 ], [ -99.501653599999941, 20.159637076923079 ], [ -99.501624399999969, 20.159483538461537 ], [ -99.501623846153805, 20.159311846153866 ], [ -99.5016044, 20.159212507692313 ], [ -99.501585092307693, 20.159158338461559 ], [ -99.501508446153807, 20.159131446153875 ], [ -99.501451153846105, 20.159167753846184 ], [ -99.501393815384617, 20.159195030769226 ], [ -99.50132683076923, 20.159195230769196 ], [ -99.501183276923058, 20.159186599999977 ], [ -99.50105870769228, 20.159132738461558 ], [ -99.501001230769191, 20.159114830769219 ], [ -99.500953415384572, 20.159124 ], [ -99.500876892307659, 20.159133246153825 ], [ -99.500733476923017, 20.159169800000015 ], [ -99.50050407692305, 20.159251784615368 ], [ -99.50029369230765, 20.15929756923078 ], [ -99.500083384615365, 20.15936141538463 ], [ -99.499958953846132, 20.159352723076942 ], [ -99.499911, 20.159316723076923 ], [ -99.500396446153829, 20.158511107692295 ], [ -99.500568061538459, 20.158311830769208 ] ] ] ] } },
{ "type": "Feature", "properties": { "IDBD": 169210, "FC": 6291, "CONDICION": "CUERPO DE AGUA INTERMITENTE" }, "geometry": { "type": "MultiPolygon", "coordinates": [ [ [ [ -99.498289307692289, 20.160911707692303 ], [ -99.498470738461521, 20.160793723076921 ], [ -99.498556599999958, 20.160712153846124 ], [ -99.498642415384595, 20.160612507692292 ], [ -99.498709276923037, 20.160576169230794 ], [ -99.498843169230753, 20.160548676923071 ], [ -99.49894824615383, 20.160494169230741 ], [ -99.499120415384581, 20.160466569230767 ], [ -99.499245015384574, 20.160529476923085 ], [ -99.499341015384587, 20.1606286 ], [ -99.499360584615388, 20.160764092307755 ], [ -99.499293861538419, 20.1608456 ], [ -99.499169784615361, 20.160945353846177 ], [ -99.499064692307655, 20.160999861538453 ], [ -99.498959630769193, 20.161063415384582 ], [ -99.49884496923076, 20.161117969230791 ], [ -99.498768599999977, 20.1611724 ], [ -99.498673046153812, 20.161217846153821 ], [ -99.498606123076883, 20.1612361076923 ], [ -99.498538876923021, 20.16115496923079 ], [ -99.498481292307659, 20.161100923076912 ], [ -99.498442815384564, 20.16103776923082 ], [ -99.498404384615355, 20.160992707692309 ], [ -99.498289307692289, 20.160911707692303 ] ] ] ] } },
{ "type": "Feature", "properties": { "IDBD": 169224, "FC": 6291, "CONDICION": "CUERPO DE AGUA INTERMITENTE" }, "geometry": { "type": "MultiPolygon", "coordinates": [ [ [ [ -99.496594876923041, 20.160699615384605 ], [ -99.496584476923033, 20.160437600000012 ], [ -99.496564738461529, 20.160247892307687 ], [ -99.496564399999954, 20.160139461538446 ], [ -99.496592815384588, 20.160049015384619 ], [ -99.49668833846151, 20.159994523076971 ], [ -99.496812569230741, 20.15993995384617 ], [ -99.497042230769225, 20.159939307692294 ], [ -99.497166907692289, 20.160029323076955 ], [ -99.497234261538438, 20.1601466 ], [ -99.497167876923058, 20.160336553846157 ], [ -99.496996430769215, 20.160590046153882 ], [ -99.49690089230765, 20.160635507692348 ], [ -99.496815030769213, 20.16071707692311 ], [ -99.4967098, 20.1607264 ], [ -99.496623676923022, 20.160726646153815 ], [ -99.496594876923041, 20.160699615384605 ] ] ] ] } },
{ "type": "Feature", "properties": { "IDBD": 169242, "FC": 6291, "CONDICION": "CUERPO DE AGUA INTERMITENTE" }, "geometry": { "type": "MultiPolygon", "coordinates": [ [ [ [ -99.490160261538449, 20.159389323076912 ], [ -99.490102169230738, 20.15917261538458 ], [ -99.490101523076873, 20.158964784615407 ], [ -99.490139399999947, 20.158838169230766 ], [ -99.490186769230746, 20.158684415384617 ], [ -99.490215169230737, 20.158584938461555 ], [ -99.490234169230746, 20.158539707692292 ], [ -99.49027232307688, 20.158503461538469 ], [ -99.490387092307643, 20.158485061538428 ], [ -99.490435092307663, 20.158530107692329 ], [ -99.490502753846101, 20.158746784615346 ], [ -99.490483830769179, 20.158819138461524 ], [ -99.490455384615373, 20.158900538461527 ], [ -99.490160261538449, 20.159389323076912 ] ] ] ] } },
{ "type": "Feature", "properties": { "IDBD": 169245, "FC": 6291, "CONDICION": "CUERPO DE AGUA INTERMITENTE" }, "geometry": { "type": "MultiPolygon", "coordinates": [ [ [ [ -99.530466169230763, 20.159606830769256 ], [ -99.530752169230738, 20.159289692307691 ], [ -99.530809430769196, 20.159244338461566 ], [ -99.530876415384569, 20.159244138461524 ], [ -99.530962692307682, 20.159289061538484 ], [ -99.531154338461533, 20.159369815384636 ], [ -99.531499661538447, 20.159612753846169 ], [ -99.531356246153791, 20.159649323076941 ], [ -99.531327630769198, 20.159676523076953 ], [ -99.53121289230765, 20.159703969230758 ], [ -99.531050307692269, 20.159731569230754 ], [ -99.53088806153842, 20.159858569230767 ], [ -99.530677599999976, 20.159877276923094 ], [ -99.530581799999979, 20.15984141538463 ], [ -99.530504907692261, 20.159742261538426 ], [ -99.530466169230763, 20.159606830769256 ] ] ] ] } },
{ "type": "Feature", "properties": { "IDBD": 169249, "FC": 6291, "CONDICION": "CUERPO DE AGUA INTERMITENTE" }, "geometry": { "type": "MultiPolygon", "coordinates": [ [ [ [ -99.51140323076919, 20.15922949230772 ], [ -99.511221415384568, 20.159230030769212 ], [ -99.511106538461505, 20.159212292307714 ], [ -99.510943738461521, 20.159176615384595 ], [ -99.51086675384613, 20.15904129230768 ], [ -99.510962199999952, 20.158968723076928 ], [ -99.5110864, 20.158905107692288 ], [ -99.511210799999972, 20.158904753846176 ], [ -99.511306507692311, 20.158913507692279 ], [ -99.5114118, 20.158922246153864 ], [ -99.511536199999981, 20.158921876923102 ], [ -99.511612892307667, 20.158966830769245 ], [ -99.511670599999974, 20.15905703076924 ], [ -99.511680584615362, 20.15918350769234 ], [ -99.511584984615382, 20.159210892307684 ], [ -99.51140323076919, 20.15922949230772 ] ] ] ] } },
{ "type": "Feature", "properties": { "IDBD": 169272, "FC": 6291, "CONDICION": "CUERPO DE AGUA INTERMITENTE" }, "geometry": { "type": "MultiPolygon", "coordinates": [ [ [ [ -99.507120799999967, 20.157669569230794 ], [ -99.507177476923047, 20.157443507692356 ], [ -99.507186169230735, 20.157172400000011 ], [ -99.50723367692305, 20.15706381538461 ], [ -99.507806569230738, 20.156682646153868 ], [ -99.508103153846122, 20.156663723076932 ], [ -99.50832478461534, 20.157142 ], [ -99.508095399999959, 20.157223984615431 ], [ -99.508009446153835, 20.157278461538507 ], [ -99.507808769230735, 20.157360353846158 ], [ -99.507646507692243, 20.157487338461564 ], [ -99.507551107692294, 20.157577969230729 ], [ -99.5074462, 20.157686707692303 ], [ -99.507388969230746, 20.157741092307703 ], [ -99.507120799999967, 20.157669569230794 ] ] ] ] } },
{ "type": "Feature", "properties": { "IDBD": 169276, "FC": 6291, "CONDICION": "CUERPO DE AGUA INTERMITENTE" }, "geometry": { "type": "MultiPolygon", "coordinates": [ [ [ [ -99.486181323076877, 20.15688826153848 ], [ -99.486295723076907, 20.156752415384585 ], [ -99.486419846153808, 20.15666170769234 ], [ -99.486582399999975, 20.1566251076923 ], [ -99.486725938461532, 20.156624707692345 ], [ -99.486898230769185, 20.156642307692337 ], [ -99.486984769230745, 20.156777615384581 ], [ -99.487052199999937, 20.156922 ], [ -99.487023784615332, 20.1570124461539 ], [ -99.486842384615386, 20.157148492307684 ], [ -99.486642030769218, 20.157338815384652 ], [ -99.486459907692264, 20.157239907692343 ], [ -99.486344769230712, 20.15714083076919 ], [ -99.486210415384605, 20.157014692307712 ], [ -99.486181523076922, 20.156951523076888 ], [ -99.486181323076877, 20.15688826153848 ] ] ] ] } },
{ "type": "Feature", "properties": { "IDBD": 169308, "FC": 6291, "CONDICION": "CUERPO DE AGUA INTERMITENTE" }, "geometry": { "type": "MultiPolygon", "coordinates": [ [ [ [ -99.512996784615368, 20.1549236 ], [ -99.513141369230709, 20.155248492307663 ], [ -99.513748553846128, 20.156575046153861 ], [ -99.513480476923036, 20.156530646153833 ], [ -99.513442199999972, 20.156530753846148 ], [ -99.513327292307636, 20.156503984615387 ], [ -99.513193230769176, 20.156477261538484 ], [ -99.513059092307657, 20.156423446153884 ], [ -99.512963307692289, 20.156396615384658 ], [ -99.512829323076886, 20.15638796923076 ], [ -99.512714707692282, 20.156451553846168 ], [ -99.512561692307628, 20.156479107692281 ], [ -99.51245633846149, 20.156452307692323 ], [ -99.512370107692277, 20.156416415384601 ], [ -99.51227441538461, 20.156416692307719 ], [ -99.512111769230714, 20.156426200000016 ], [ -99.512016061538432, 20.156417446153856 ], [ -99.511939446153818, 20.156399584615386 ], [ -99.511881861538399, 20.156345538461498 ], [ -99.511891107692307, 20.156246123076894 ], [ -99.511909969230786, 20.156164738461573 ], [ -99.511938538461536, 20.156119476923077 ], [ -99.511986169230752, 20.156056076923086 ], [ -99.511995384615361, 20.155947615384591 ], [ -99.511994861538412, 20.155784969230726 ], [ -99.512061569230724, 20.155703446153776 ], [ -99.51211875384611, 20.155630984615424 ], [ -99.512204538461475, 20.155531338461525 ], [ -99.512280799999957, 20.155440753846161 ], [ -99.512366599999964, 20.155341107692333 ], [ -99.512433430769207, 20.155295738461536 ], [ -99.51248115384611, 20.155259446153849 ], [ -99.512996784615368, 20.1549236 ] ] ] ] } },
{ "type": "Feature", "properties": { "IDBD": 169310, "FC": 6291, "CONDICION": "CUERPO DE AGUA INTERMITENTE" }, "geometry": { "type": "MultiPolygon", "coordinates": [ [ [ [ -99.058598969230715, 20.148251184615354 ], [ -99.058407553846138, 20.148151846153823 ], [ -99.058158692307643, 20.147962153846137 ], [ -99.057929, 20.147826676923092 ], [ -99.057622769230719, 20.147745461538506 ], [ -99.057641769230727, 20.147383984615409 ], [ -99.05765121538461, 20.1470406 ], [ -99.057794630769195, 20.146742338461525 ], [ -99.058043323076902, 20.146471169230804 ], [ -99.058225061538437, 20.146299415384629 ], [ -99.05861736923076, 20.1462812 ], [ -99.058875707692266, 20.146254015384581 ], [ -99.059229784615368, 20.146362338461483 ], [ -99.059507384615344, 20.146624292307685 ], [ -99.059708507692292, 20.147094123076961 ], [ -99.059660846153832, 20.147600184615367 ], [ -99.059488676923081, 20.147771938461517 ], [ -99.059278230769181, 20.14792563076924 ], [ -99.058914723076882, 20.148205892307697 ], [ -99.058598969230715, 20.148251184615354 ] ] ] ] } },
{ "type": "Feature", "properties": { "IDBD": 169311, "FC": 6291, "CONDICION": "CUERPO DE AGUA INTERMITENTE" }, "geometry": { "type": "MultiPolygon", "coordinates": [ [ [ [ -99.503374046153795, 20.156026692307684 ], [ -99.503639846153831, 20.155366292307733 ], [ -99.503839923076896, 20.155094630769231 ], [ -99.504738323076921, 20.154757707692312 ], [ -99.504892753846093, 20.15517293846154 ], [ -99.504902492307679, 20.155227123076909 ], [ -99.5047688, 20.15530883076924 ], [ -99.504663599999958, 20.155327215384606 ], [ -99.504501107692306, 20.155381892307673 ], [ -99.504071138461498, 20.155581923076934 ], [ -99.503956553846137, 20.155654538461565 ], [ -99.50392795384613, 20.155690769230777 ], [ -99.503861353846148, 20.155808430769238 ], [ -99.503813769230732, 20.155889892307719 ], [ -99.503747076923048, 20.155980446153851 ], [ -99.503689846153833, 20.156034830769226 ], [ -99.5036134, 20.156071184615417 ], [ -99.50353693846148, 20.156098523076928 ], [ -99.503374046153795, 20.156026692307684 ] ] ] ] } },
{ "type": "Feature", "properties": { "IDBD": 169321, "FC": 6291, "CONDICION": "CUERPO DE AGUA INTERMITENTE" }, "geometry": { "type": "MultiPolygon", "coordinates": [ [ [ [ -99.537695123076901, 20.155265584615364 ], [ -99.537886215384589, 20.155183676923073 ], [ -99.537972246153828, 20.155156307692312 ], [ -99.5381061076923, 20.15512878461535 ], [ -99.538316569230759, 20.155110061538423 ], [ -99.538546215384585, 20.155109369230789 ], [ -99.538718415384594, 20.155099799999959 ], [ -99.538909799999956, 20.155099215384645 ], [ -99.539015199999966, 20.155144076923047 ], [ -99.539091876923052, 20.155179984615391 ], [ -99.5391591384615, 20.155261107692294 ], [ -99.539178676923072, 20.155378523076934 ], [ -99.539160107692254, 20.155541230769249 ], [ -99.539131861538422, 20.155676861538417 ], [ -99.539093799999961, 20.155740230769247 ], [ -99.539027015384576, 20.155794646153836 ], [ -99.538893261538433, 20.155858307692284 ], [ -99.538749799999962, 20.155876815384648 ], [ -99.538558599999973, 20.155931630769185 ], [ -99.538376830769209, 20.155941215384662 ], [ -99.538233323076867, 20.155950692307695 ], [ -99.538070723076871, 20.15596926153847 ], [ -99.537879461538452, 20.156005984615398 ], [ -99.537695123076901, 20.155265584615364 ] ] ] ] } },
{ "type": "Feature", "properties": { "IDBD": 169323, "FC": 6292, "CONDICION": "CUERPO DE AGUA PERENNE" }, "geometry": { "type": "MultiPolygon", "coordinates": [ [ [ [ -99.542872907692271, 20.155565969230768 ], [ -99.542585692307654, 20.155521661538472 ], [ -99.542451692307679, 20.155513046153857 ], [ -99.542002184615342, 20.155577676923084 ], [ -99.541878061538412, 20.155659384615387 ], [ -99.541763461538451, 20.155723 ], [ -99.541572246153834, 20.155768769230725 ], [ -99.541199092307679, 20.155778953846205 ], [ -99.540864153846144, 20.155770938461533 ], [ -99.540557953846132, 20.155771876923072 ], [ -99.54038583076921, 20.155808553846153 ], [ -99.540309446153856, 20.155853969230758 ], [ -99.540204646153839, 20.155989830769194 ], [ -99.538759107692272, 20.153012307692276 ], [ -99.538969738461503, 20.153047815384607 ], [ -99.539113415384577, 20.153092553846143 ], [ -99.539285661538415, 20.153092030769251 ], [ -99.539390815384621, 20.1530646 ], [ -99.539428753846153, 20.15296507692312 ], [ -99.539504892307676, 20.152847369230752 ], [ -99.53968623076922, 20.15271127692311 ], [ -99.539791107692281, 20.152602523076968 ], [ -99.539905476923039, 20.152466630769236 ], [ -99.540029492307653, 20.152357815384612 ], [ -99.540172646153806, 20.152248938461565 ], [ -99.540344630769198, 20.152176123076909 ], [ -99.540478369230755, 20.152112461538504 ], [ -99.540727061538405, 20.15208458461538 ], [ -99.541099984615371, 20.152011153846129 ], [ -99.541291107692274, 20.151938276923048 ], [ -99.541405584615362, 20.151838523076936 ], [ -99.541510461538422, 20.151729769230755 ], [ -99.541596092307671, 20.151584923076907 ], [ -99.541634107692275, 20.151512507692281 ], [ -99.541672230769208, 20.151467215384574 ], [ -99.541729615384597, 20.151458 ], [ -99.541748707692278, 20.151448907692295 ], [ -99.541796492307668, 20.151430692307706 ], [ -99.541891830769245, 20.151331 ], [ -99.541977584615367, 20.1512222923077 ], [ -99.542063538461477, 20.151176846153835 ], [ -99.542140030769218, 20.151158538461548 ], [ -99.542187769230736, 20.151131292307685 ], [ -99.5422929076923, 20.151094815384596 ], [ -99.542331015384562, 20.1510495230769 ], [ -99.54232135384612, 20.151022446153856 ], [ -99.542167646153828, 20.1508422 ], [ -99.542167261538438, 20.150733753846154 ], [ -99.542358507692271, 20.150697030769241 ], [ -99.542520984615336, 20.150642307692298 ], [ -99.542606876923017, 20.150578784615419 ], [ -99.542721523076878, 20.150524215384607 ], [ -99.542864892307676, 20.15047860000001 ], [ -99.543046276923064, 20.15036056923077 ], [ -99.543199030769188, 20.150260692307693 ], [ -99.543303815384576, 20.150124830769222 ], [ -99.543379892307655, 20.149989046153831 ], [ -99.543437, 20.149898507692274 ], [ -99.543475199999975, 20.149880323076925 ], [ -99.54358049230764, 20.149889030769263 ], [ -99.543666692307667, 20.149915876923114 ], [ -99.543781676923032, 20.14996070769228 ], [ -99.543839184615365, 20.14998763076925 ], [ -99.543896646153826, 20.150005523076917 ], [ -99.543973230769211, 20.150014323076878 ], [ -99.544135738461492, 20.14996864615383 ], [ -99.544326723076878, 20.149859615384614 ], [ -99.54459443076918, 20.149795538461568 ], [ -99.544728323076882, 20.14977704615384 ], [ -99.544871723076881, 20.149740461538475 ], [ -99.545082107692267, 20.149703661538489 ], [ -99.545397323076884, 20.149549076923055 ], [ -99.545454553846142, 20.149494676923101 ], [ -99.545645538461486, 20.149385661538432 ], [ -99.545865446153783, 20.149339799999989 ], [ -99.545903784615334, 20.149357753846157 ], [ -99.545942123076927, 20.1493757076923 ], [ -99.546279061538414, 20.149962015384634 ], [ -99.546442861538409, 20.150286800000014 ], [ -99.546539507692302, 20.150566630769237 ], [ -99.546549430769218, 20.150666 ], [ -99.546482892307651, 20.150792707692268 ], [ -99.546330169230757, 20.150901615384583 ], [ -99.546196430769228, 20.15096529230772 ], [ -99.54616775384612, 20.150974415384617 ], [ -99.546119923076887, 20.150974553846137 ], [ -99.546052969230729, 20.150983800000041 ], [ -99.545938123076908, 20.150975123076918 ], [ -99.545689123076883, 20.15091264615387 ], [ -99.545593215384542, 20.150849692307688 ], [ -99.545401338461517, 20.150705707692289 ], [ -99.545334199999971, 20.150660723076886 ], [ -99.545219569230738, 20.150715307692309 ], [ -99.545162353846123, 20.150769692307659 ], [ -99.545143492307687, 20.150851076923079 ], [ -99.545143846153834, 20.150950476923075 ], [ -99.545153815384609, 20.151067923076887 ], [ -99.545173138461493, 20.151122076923063 ], [ -99.545317261538429, 20.151293323076892 ], [ -99.545384492307662, 20.1513654 ], [ -99.545509199999955, 20.151455369230746 ], [ -99.545614799999939, 20.151554446153824 ], [ -99.545701292307655, 20.151662615384581 ], [ -99.545768707692247, 20.151788907692271 ], [ -99.545836, 20.151879061538459 ], [ -99.545807769230706, 20.152014692307688 ], [ -99.545712615384559, 20.1521686 ], [ -99.545617338461525, 20.152286369230769 ], [ -99.545569723076895, 20.152349769230753 ], [ -99.545550830769201, 20.152422123076892 ], [ -99.545513246153803, 20.152621030769218 ], [ -99.545552153846131, 20.15280163076924 ], [ -99.545543015384595, 20.152928169230762 ], [ -99.545400061538416, 20.153091261538403 ], [ -99.54519961538459, 20.15323646153843 ], [ -99.545085261538432, 20.153372369230773 ], [ -99.544885107692309, 20.153598892307638 ], [ -99.544809092307673, 20.153752738461552 ], [ -99.544656584615382, 20.153924907692314 ], [ -99.544341707692283, 20.154178892307662 ], [ -99.544246261538419, 20.154251476923069 ], [ -99.544150923076899, 20.154351169230743 ], [ -99.544008015384577, 20.154532338461554 ], [ -99.543941384615366, 20.154631938461588 ], [ -99.543788692307643, 20.154749876923081 ], [ -99.543740907692296, 20.15476809230767 ], [ -99.543683553846137, 20.154786353846138 ], [ -99.543607138461539, 20.154822723076879 ], [ -99.543568953846105, 20.154849953846171 ], [ -99.543254399999967, 20.155203338461583 ], [ -99.543197276923038, 20.155284846153833 ], [ -99.543140169230725, 20.1553753846154 ], [ -99.543016184615354, 20.155493230769224 ], [ -99.542872907692271, 20.155565969230768 ] ] ] ] } },
{ "type": "Feature", "properties": { "IDBD": 169341, "FC": 6291, "CONDICION": "CUERPO DE AGUA INTERMITENTE" }, "geometry": { "type": "MultiPolygon", "coordinates": [ [ [ [ -99.181555369230708, 20.146775738461525 ], [ -99.181593630769228, 20.146766661538496 ], [ -99.181919107692252, 20.146892830769279 ], [ -99.182570138461514, 20.1471994 ], [ -99.182857184615344, 20.14719006153847 ], [ -99.183077323076901, 20.147244061538455 ], [ -99.183393215384584, 20.14735216923075 ], [ -99.183785723076909, 20.147514415384599 ], [ -99.183900661538416, 20.147613692307718 ], [ -99.183843415384587, 20.147758338461518 ], [ -99.183786107692285, 20.147848769230755 ], [ -99.183757538461535, 20.147957230769222 ], [ -99.183987399999964, 20.148146753846145 ], [ -99.184064107692279, 20.148282230769247 ], [ -99.18418876923073, 20.148508015384632 ], [ -99.184303769230738, 20.148661507692314 ], [ -99.184390184615367, 20.148905400000046 ], [ -99.184275507692277, 20.149032030769241 ], [ -99.184141523076917, 20.149014107692292 ], [ -99.183978723076862, 20.148905830769262 ], [ -99.183662569230719, 20.148571815384599 ], [ -99.18348056923071, 20.148409338461558 ], [ -99.183202876923033, 20.148237938461516 ], [ -99.182733769230751, 20.148030584615366 ], [ -99.182571015384582, 20.147958461538465 ], [ -99.182216815384578, 20.147823292307702 ], [ -99.182034984615356, 20.147796369230786 ], [ -99.181910599999981, 20.147805523076912 ], [ -99.181719215384589, 20.147796692307708 ], [ -99.181527846153784, 20.147796892307696 ], [ -99.181384276923012, 20.147760892307691 ], [ -99.181298076923042, 20.147697723076963 ], [ -99.180934538461486, 20.147752307692343 ], [ -99.1807910461538, 20.147788615384663 ], [ -99.180810030769223, 20.14766207692308 ], [ -99.180934230769196, 20.147490261538444 ], [ -99.181039292307688, 20.147327492307667 ], [ -99.181230461538448, 20.147146569230809 ], [ -99.181249492307643, 20.147047138461534 ], [ -99.181488415384592, 20.14680290769234 ], [ -99.181555369230708, 20.146775738461525 ] ] ] ] } },
{ "type": "Feature", "properties": { "IDBD": 169343, "FC": 6291, "CONDICION": "CUERPO DE AGUA INTERMITENTE" }, "geometry": { "type": "MultiPolygon", "coordinates": [ [ [ [ -99.53747201538458, 20.154380707692322 ], [ -99.537902476923051, 20.154343261538472 ], [ -99.538084661538406, 20.154451138461546 ], [ -99.538276153846127, 20.15448669230771 ], [ -99.538477523076878, 20.154612584615368 ], [ -99.538621338461496, 20.154693476923082 ], [ -99.538717307692266, 20.154774507692302 ], [ -99.538717646153799, 20.154873907692345 ], [ -99.538631738461518, 20.154937415384616 ], [ -99.538488307692276, 20.154964969230765 ], [ -99.538316, 20.154947415384619 ], [ -99.538115215384579, 20.154993215384582 ], [ -99.537971784615351, 20.155020753846106 ], [ -99.537770892307677, 20.155039446153854 ], [ -99.53767350769229, 20.15454275384614 ], [ -99.53747201538458, 20.154380707692322 ] ] ] ] } },
{ "type": "Feature", "properties": { "IDBD": 169350, "FC": 6291, "CONDICION": "CUERPO DE AGUA INTERMITENTE" }, "geometry": { "type": "MultiPolygon", "coordinates": [ [ [ [ -99.564215138461506, 20.1539356 ], [ -99.564301969230712, 20.154134123076936 ], [ -99.564293153846108, 20.154341984615325 ], [ -99.564293861538431, 20.154540784615371 ], [ -99.564323092307689, 20.154685261538447 ], [ -99.564390723076912, 20.154865769230749 ], [ -99.564391015384572, 20.154947092307694 ], [ -99.564353092307655, 20.155046615384617 ], [ -99.564248230769223, 20.155155384615405 ], [ -99.564123507692287, 20.155065430769238 ], [ -99.564046415384595, 20.154912061538443 ], [ -99.56402669230765, 20.154749461538472 ], [ -99.563997523076921, 20.154623061538455 ], [ -99.563949353846155, 20.154532846153806 ], [ -99.563920292307657, 20.154433538461554 ], [ -99.563919938461495, 20.154334138461515 ], [ -99.563948292307671, 20.154234661538471 ], [ -99.564215138461506, 20.1539356 ] ] ] ] } },
{ "type": "Feature", "properties": { "IDBD": 169351, "FC": 6291, "CONDICION": "CUERPO DE AGUA INTERMITENTE" }, "geometry": { "type": "MultiPolygon", "coordinates": [ [ [ [ -99.511855769230735, 20.15421306153841 ], [ -99.511893153846117, 20.15394186153847 ], [ -99.511901938461492, 20.153697861538461 ], [ -99.511872661538447, 20.153526261538456 ], [ -99.511862569230757, 20.153363630769249 ], [ -99.51188112307689, 20.153182861538454 ], [ -99.511957630769217, 20.153173599999985 ], [ -99.512072399999951, 20.153155184615379 ], [ -99.512196846153785, 20.153172907692316 ], [ -99.512254323076917, 20.153190799999987 ], [ -99.512302230769208, 20.153208738461558 ], [ -99.512359876923071, 20.153280861538466 ], [ -99.512437107692264, 20.153488476923076 ], [ -99.512447492307658, 20.153741461538498 ], [ -99.512342892307672, 20.153940553846159 ], [ -99.512228384615327, 20.154040292307648 ], [ -99.512056538461522, 20.154158261538484 ], [ -99.511855769230735, 20.15421306153841 ] ] ] ] } },
{ "type": "Feature", "properties": { "IDBD": 169368, "FC": 6291, "CONDICION": "CUERPO DE AGUA INTERMITENTE" }, "geometry": { "type": "MultiPolygon", "coordinates": [ [ [ [ -99.026973723076864, 20.145005707692281 ], [ -99.026811061538424, 20.144996692307746 ], [ -99.026523984615338, 20.14490636923075 ], [ -99.026322984615348, 20.14452686153847 ], [ -99.026418615384571, 20.144183461538454 ], [ -99.0265334, 20.14399367692306 ], [ -99.026696030769216, 20.143831 ], [ -99.026896953846119, 20.143722523076956 ], [ -99.027155292307683, 20.143686338461549 ], [ -99.027471092307664, 20.143912215384635 ], [ -99.027643399999988, 20.14428267692308 ], [ -99.027672138461526, 20.144526661538443 ], [ -99.02742343076919, 20.144915276923083 ], [ -99.027193799999964, 20.144978569230766 ], [ -99.026973723076864, 20.145005707692281 ] ] ] ] } },
{ "type": "Feature", "properties": { "IDBD": 169376, "FC": 6292, "CONDICION": "CUERPO DE AGUA PERENNE" }, "geometry": { "type": "MultiPolygon", "coordinates": [ [ [ [ -99.320254507692297, 20.148042076923129 ], [ -99.320311707692269, 20.14793352307694 ], [ -99.32045504615381, 20.147842907692329 ], [ -99.3206846, 20.147797307692315 ], [ -99.320943092307658, 20.147869123076955 ], [ -99.321488676923067, 20.147949461538428 ], [ -99.321871476923064, 20.147975861538495 ], [ -99.322991, 20.147973815384631 ], [ -99.323354923076906, 20.148126769230803 ], [ -99.323203861538417, 20.149121061538484 ], [ -99.323032923076866, 20.149753923076915 ], [ -99.322966584615372, 20.150061276923068 ], [ -99.322602123076919, 20.149646276923058 ], [ -99.322180507692295, 20.149357876923059 ], [ -99.321346661538456, 20.148690707692303 ], [ -99.320886953846127, 20.148492738461556 ], [ -99.320599584615351, 20.148339646153826 ], [ -99.320398507692275, 20.148267723076899 ], [ -99.320254507692297, 20.148042076923129 ] ] ] ] } },
{ "type": "Feature", "properties": { "IDBD": 169378, "FC": 6291, "CONDICION": "CUERPO DE AGUA INTERMITENTE" }, "geometry": { "type": "MultiPolygon", "coordinates": [ [ [ [ -99.056176769230746, 20.144610246153885 ], [ -99.056167246153791, 20.144736753846189 ], [ -99.056119461538444, 20.144872323076946 ], [ -99.055908984615343, 20.144953723076913 ], [ -99.055803753846149, 20.145017 ], [ -99.055688938461515, 20.145062230769248 ], [ -99.055535861538459, 20.145098415384602 ], [ -99.055411461538412, 20.145071353846117 ], [ -99.055344430769225, 20.144935815384631 ], [ -99.055344369230752, 20.144764123076964 ], [ -99.055353907692265, 20.144691830769244 ], [ -99.055401723076912, 20.144601446153882 ], [ -99.055535615384585, 20.144420676923062 ], [ -99.055707815384594, 20.144339292307698 ], [ -99.055870492307676, 20.144348276923086 ], [ -99.056090599999948, 20.144465692307701 ], [ -99.056176769230746, 20.144610246153885 ] ] ] ] } },
{ "type": "Feature", "properties": { "IDBD": 169412, "FC": 6291, "CONDICION": "CUERPO DE AGUA INTERMITENTE" }, "geometry": { "type": "MultiPolygon", "coordinates": [ [ [ [ -99.55119206153843, 20.151202738461546 ], [ -99.551250384615358, 20.151464600000011 ], [ -99.551270169230733, 20.15164526153848 ], [ -99.551309384615365, 20.151916230769228 ], [ -99.551319846153845, 20.152169215384625 ], [ -99.551099738461545, 20.152160861538455 ], [ -99.55096549230764, 20.152079953846197 ], [ -99.550898261538421, 20.152007876923097 ], [ -99.55085, 20.151890553846155 ], [ -99.550811030769182, 20.151691892307653 ], [ -99.550829692307644, 20.151556276923074 ], [ -99.550905615384565, 20.151375323076937 ], [ -99.550991446153844, 20.15129372307695 ], [ -99.551106107692291, 20.151248184615383 ], [ -99.55119206153843, 20.151202738461546 ] ] ] ] } },
{ "type": "Feature", "properties": { "IDBD": 169426, "FC": 6291, "CONDICION": "CUERPO DE AGUA INTERMITENTE" }, "geometry": { "type": "MultiPolygon", "coordinates": [ [ [ [ -99.156483138461525, 20.144323784615423 ], [ -99.156540461538455, 20.144233369230808 ], [ -99.156769984615352, 20.144106661538476 ], [ -99.157009092307675, 20.144007046153821 ], [ -99.157286538461534, 20.143961615384647 ], [ -99.157583184615376, 20.143988461538452 ], [ -99.157707553846109, 20.143979307692319 ], [ -99.157851169230753, 20.14406050769233 ], [ -99.157946969230721, 20.144168861538489 ], [ -99.157918307692285, 20.144214061538442 ], [ -99.157755723076917, 20.14429553846151 ], [ -99.157679199999961, 20.144322723076936 ], [ -99.157573953846139, 20.144322815384584 ], [ -99.157411323076914, 20.144368138461559 ], [ -99.157229615384551, 20.144449630769252 ], [ -99.157105230769176, 20.144467815384591 ], [ -99.15701904615382, 20.144386569230743 ], [ -99.156923338461496, 20.144377615384656 ], [ -99.156741584615361, 20.144422953846124 ], [ -99.156646015384624, 20.144531476923074 ], [ -99.156598246153834, 20.14460381538461 ], [ -99.156493, 20.144621984615412 ], [ -99.156473692307671, 20.144441276923086 ], [ -99.156483138461525, 20.144323784615423 ] ] ] ] } },
{ "type": "Feature", "properties": { "IDBD": 169428, "FC": 6291, "CONDICION": "CUERPO DE AGUA INTERMITENTE" }, "geometry": { "type": "MultiPolygon", "coordinates": [ [ [ [ -99.558807892307655, 20.150988969230792 ], [ -99.559493307692293, 20.150001846153874 ], [ -99.55946492307686, 20.150092307692329 ], [ -99.559398846153798, 20.150345523076926 ], [ -99.559341753846141, 20.15043607692305 ], [ -99.559256184615379, 20.150589953846175 ], [ -99.559208661538449, 20.150680476923075 ], [ -99.559151707692294, 20.150807153846152 ], [ -99.559142615384559, 20.150942738461545 ], [ -99.559133338461507, 20.151024092307708 ], [ -99.559095261538431, 20.151078430769203 ], [ -99.559028384615374, 20.151105753846117 ], [ -99.558971092307686, 20.151142076923083 ], [ -99.558923415384584, 20.15118739999998 ], [ -99.558828123076893, 20.151296138461529 ], [ -99.558761430769209, 20.15137767692309 ], [ -99.558741815384579, 20.1512422 ], [ -99.558731753846146, 20.15110669230771 ], [ -99.558807892307655, 20.150988969230792 ] ] ] ] } },
{ "type": "Feature", "properties": { "IDBD": 169435, "FC": 6291, "CONDICION": "CUERPO DE AGUA INTERMITENTE" }, "geometry": { "type": "MultiPolygon", "coordinates": [ [ [ [ -99.489161892307678, 20.149154 ], [ -99.489573338461511, 20.149152846153825 ], [ -99.489755230769219, 20.149179461538424 ], [ -99.489889569230755, 20.149305584615373 ], [ -99.490139630769235, 20.149711523076927 ], [ -99.489929569230753, 20.149856692307679 ], [ -99.489786076923068, 20.149866123076901 ], [ -99.489699784615368, 20.149812153846142 ], [ -99.489623153846125, 20.149785246153851 ], [ -99.489161892307678, 20.149154 ] ] ] ] } },
{ "type": "Feature", "properties": { "IDBD": 169440, "FC": 6291, "CONDICION": "CUERPO DE AGUA INTERMITENTE" }, "geometry": { "type": "MultiPolygon", "coordinates": [ [ [ [ -99.496845215384596, 20.149087307692295 ], [ -99.497027215384591, 20.14915004615386 ], [ -99.497104184615324, 20.149285369230796 ], [ -99.497276876923053, 20.14942946153845 ], [ -99.497353707692312, 20.149519615384609 ], [ -99.497392246153836, 20.149600830769245 ], [ -99.497010153846134, 20.149809738461556 ], [ -99.496875769230726, 20.149674584615372 ], [ -99.496770092307642, 20.149539338461533 ], [ -99.496750646153828, 20.149439984615405 ], [ -99.496740723076897, 20.149331584615393 ], [ -99.496759615384619, 20.1492502 ], [ -99.496788092307668, 20.149177830769219 ], [ -99.496845215384596, 20.149087307692295 ] ] ] ] } },
{ "type": "Feature", "properties": { "IDBD": 169446, "FC": 6291, "CONDICION": "CUERPO DE AGUA INTERMITENTE" }, "geometry": { "type": "MultiPolygon", "coordinates": [ [ [ [ -99.51372526153844, 20.149454553846148 ], [ -99.513257030769196, 20.149645676923111 ], [ -99.513008507692291, 20.149727723076904 ], [ -99.51288415384613, 20.149737123076935 ], [ -99.51288390769227, 20.149664830769233 ], [ -99.5129217384615, 20.149529184615396 ], [ -99.513170107692275, 20.149401953846159 ], [ -99.513380353846102, 20.149320015384639 ], [ -99.513485569230767, 20.149310661538468 ], [ -99.513571723076893, 20.149319446153857 ], [ -99.513657984615364, 20.149364384615374 ], [ -99.51372526153844, 20.149454553846148 ] ] ] ] } },
{ "type": "Feature", "properties": { "IDBD": 169450, "FC": 6291, "CONDICION": "CUERPO DE AGUA INTERMITENTE" }, "geometry": { "type": "MultiPolygon", "coordinates": [ [ [ [ -99.494670476923062, 20.148234984615403 ], [ -99.494833815384581, 20.148451400000027 ], [ -99.494920446153827, 20.1486138 ], [ -99.495006984615316, 20.148749107692314 ], [ -99.49500724615379, 20.148830430769241 ], [ -99.495017076923062, 20.148911723076935 ], [ -99.494787938461528, 20.149075030769261 ], [ -99.494413661538417, 20.148723661538487 ], [ -99.494384723076891, 20.148651446153863 ], [ -99.494403692307628, 20.148597184615362 ], [ -99.494498892307647, 20.148443292307686 ], [ -99.494556046153818, 20.148361815384622 ], [ -99.494603753846121, 20.1483164923077 ], [ -99.494670476923062, 20.148234984615403 ] ] ] ] } },
{ "type": "Feature", "properties": { "IDBD": 169465, "FC": 6291, "CONDICION": "CUERPO DE AGUA INTERMITENTE" }, "geometry": { "type": "MultiPolygon", "coordinates": [ [ [ [ -99.509723692307674, 20.148860738461551 ], [ -99.509503, 20.148671615384576 ], [ -99.509339953846123, 20.148554615384622 ], [ -99.508975369230711, 20.148248446153833 ], [ -99.509032476923082, 20.148157907692308 ], [ -99.509080230769214, 20.148130661538481 ], [ -99.509166323076911, 20.148121384615393 ], [ -99.509271630769192, 20.148139153846149 ], [ -99.509386569230742, 20.14817496923078 ], [ -99.50952081538459, 20.148264938461566 ], [ -99.509655307692256, 20.1484272 ], [ -99.5097324, 20.14859866153849 ], [ -99.509723692307674, 20.148860738461551 ] ] ] ] } },
{ "type": "Feature", "properties": { "IDBD": 169470, "FC": 6291, "CONDICION": "CUERPO DE AGUA INTERMITENTE" }, "geometry": { "type": "MultiPolygon", "coordinates": [ [ [ [ -98.997942830769205, 20.139459323076949 ], [ -98.997837584615354, 20.139405107692323 ], [ -98.997751476923042, 20.139323769230781 ], [ -98.997789753846135, 20.139224369230771 ], [ -98.997789753846121, 20.139106892307652 ], [ -98.997808892307646, 20.139043646153841 ], [ -98.997904569230741, 20.138880984615401 ], [ -98.998028953846116, 20.138781584615415 ], [ -98.998153338461492, 20.13875447692303 ], [ -98.998363846153822, 20.138727369230772 ], [ -98.99852650769229, 20.138700261538489 ], [ -98.998689169230715, 20.13870929230773 ], [ -98.998775276923055, 20.138799661538449 ], [ -98.998870953846108, 20.139025569230785 ], [ -98.99875613846153, 20.139115938461572 ], [ -98.99855519999997, 20.139242446153879 ], [ -98.998296861538421, 20.139368953846148 ], [ -98.998210738461509, 20.139405107692323 ], [ -98.998115061538442, 20.139432215384673 ], [ -98.997942830769205, 20.139459323076949 ] ] ] ] } },
{ "type": "Feature", "properties": { "IDBD": 169489, "FC": 6291, "CONDICION": "CUERPO DE AGUA INTERMITENTE" }, "geometry": { "type": "MultiPolygon", "coordinates": [ [ [ [ -99.500369938461503, 20.147188753846159 ], [ -99.500379430769215, 20.147161615384629 ], [ -99.500398476923067, 20.147134446153824 ], [ -99.500427015384588, 20.147080153846165 ], [ -99.5005128, 20.146980507692302 ], [ -99.500531861538448, 20.146953338461586 ], [ -99.500579584615338, 20.146917061538449 ], [ -99.500608199999974, 20.146889876923087 ], [ -99.500684630769214, 20.146853507692327 ], [ -99.500751523076914, 20.146826215384603 ], [ -99.500780169230723, 20.146808061538444 ], [ -99.500866292307634, 20.146807815384623 ], [ -99.500914184615354, 20.146825753846187 ], [ -99.500971707692258, 20.146861738461556 ], [ -99.501087046153827, 20.14702406153846 ], [ -99.501154799999952, 20.147267846153845 ], [ -99.501040046153818, 20.147286246153822 ], [ -99.50082959999996, 20.147304907692323 ], [ -99.500599953846105, 20.147305569230767 ], [ -99.500542523076916, 20.147296692307684 ], [ -99.500494676923068, 20.14729683076925 ], [ -99.500369938461503, 20.147188753846159 ] ] ] ] } },
{ "type": "Feature", "properties": { "IDBD": 169497, "FC": 6291, "CONDICION": "CUERPO DE AGUA INTERMITENTE" }, "geometry": { "type": "MultiPolygon", "coordinates": [ [ [ [ -99.493343476923016, 20.146151323076918 ], [ -99.493487369230749, 20.146268384615343 ], [ -99.493525953846117, 20.146367676923095 ], [ -99.493593507692296, 20.14654821538462 ], [ -99.493699153846137, 20.146674430769259 ], [ -99.493814369230776, 20.146800615384588 ], [ -99.493881553846137, 20.14686367692304 ], [ -99.493929784615361, 20.146990046153849 ], [ -99.493652384615359, 20.147017938461566 ], [ -99.493508615384613, 20.146937015384609 ], [ -99.493354984615351, 20.146765753846157 ], [ -99.493172246153804, 20.146468076923131 ], [ -99.493104923076913, 20.146359830769232 ], [ -99.493200153846104, 20.146214984615423 ], [ -99.493343476923016, 20.146151323076918 ] ] ] ] } },
{ "type": "Feature", "properties": { "IDBD": 169499, "FC": 6291, "CONDICION": "CUERPO DE AGUA INTERMITENTE" }, "geometry": { "type": "MultiPolygon", "coordinates": [ [ [ [ -99.558873276923052, 20.1478532 ], [ -99.559532107692277, 20.147462553846172 ], [ -99.559646861538411, 20.147444123076923 ], [ -99.559867, 20.147461492307688 ], [ -99.55998203076922, 20.147524384615433 ], [ -99.560106815384557, 20.147632415384578 ], [ -99.559839353846101, 20.14775976923077 ], [ -99.55968655384612, 20.14784158461535 ], [ -99.559447723076914, 20.147950784615393 ], [ -99.559361707692275, 20.147978153846122 ], [ -99.559266061538409, 20.147987507692267 ], [ -99.559170384615371, 20.1479878 ], [ -99.559055523076935, 20.14797913846154 ], [ -99.558969307692294, 20.147952292307671 ], [ -99.558873276923052, 20.1478532 ] ] ] ] } },
{ "type": "Feature", "properties": { "IDBD": 169502, "FC": 6291, "CONDICION": "CUERPO DE AGUA INTERMITENTE" }, "geometry": { "type": "MultiPolygon", "coordinates": [ [ [ [ -99.04007147692306, 20.138795107692328 ], [ -99.039860969230716, 20.138759015384583 ], [ -99.03977483076919, 20.138695769230779 ], [ -99.039726953846113, 20.1385512 ], [ -99.039516430769211, 20.138424738461538 ], [ -99.039344184615331, 20.13836152307692 ], [ -99.039171938461507, 20.138253123076925 ], [ -99.039124061538402, 20.138099507692321 ], [ -99.039430138461526, 20.137701830769235 ], [ -99.039678846153834, 20.137475861538483 ], [ -99.03996586153842, 20.137376400000026 ], [ -99.040367738461526, 20.137430523076912 ], [ -99.040587830769198, 20.137520846153837 ], [ -99.040750523076881, 20.137692492307661 ], [ -99.040779292307661, 20.137891292307742 ], [ -99.040693246153822, 20.138162415384613 ], [ -99.040549815384566, 20.138505830769233 ], [ -99.04007147692306, 20.138795107692328 ] ] ] ] } },
{ "type": "Feature", "properties": { "IDBD": 169504, "FC": 6291, "CONDICION": "CUERPO DE AGUA INTERMITENTE" }, "geometry": { "type": "MultiPolygon", "coordinates": [ [ [ [ -99.007501338461523, 20.136666876923069 ], [ -99.00772139999998, 20.136486138461571 ], [ -99.007922323076883, 20.136323476923064 ], [ -99.008065830769183, 20.136251169230789 ], [ -99.008238061538464, 20.136278276923065 ], [ -99.008515538461538, 20.136459 ], [ -99.008754753846105, 20.136784292307691 ], [ -99.008927, 20.137037307692303 ], [ -99.009070538461486, 20.137317446153855 ], [ -99.009147092307657, 20.137516246153851 ], [ -99.009185384615392, 20.137787338461528 ], [ -99.009099276923038, 20.13792289230765 ], [ -99.008974892307663, 20.138022292307678 ], [ -99.008821815384593, 20.138112661538475 ], [ -99.008668723076894, 20.138148815384579 ], [ -99.008448646153809, 20.13810364615388 ], [ -99.008142461538426, 20.137995230769238 ], [ -99.008018076923037, 20.137913907692287 ], [ -99.007520507692263, 20.13740787692312 ], [ -99.007319569230759, 20.137200046153868 ], [ -99.007176030769173, 20.136910876923096 ], [ -99.007501338461523, 20.136666876923069 ] ] ] ] } },
{ "type": "Feature", "properties": { "IDBD": 169544, "FC": 6291, "CONDICION": "CUERPO DE AGUA INTERMITENTE" }, "geometry": { "type": "MultiPolygon", "coordinates": [ [ [ [ -99.496753799999937, 20.144388707692311 ], [ -99.496935507692299, 20.144361076923062 ], [ -99.497174692307695, 20.144351369230755 ], [ -99.497337492307651, 20.14439609230773 ], [ -99.497375815384572, 20.144414061538505 ], [ -99.497423861538437, 20.144477169230782 ], [ -99.497472076923046, 20.144594507692336 ], [ -99.497462938461538, 20.144730076923079 ], [ -99.497405953846126, 20.144865784615366 ], [ -99.497263061538419, 20.145064984615363 ], [ -99.497023399999975, 20.144921076923087 ], [ -99.496831430769191, 20.144731861538446 ], [ -99.496792784615337, 20.144614492307692 ], [ -99.496753799999937, 20.144388707692311 ] ] ] ] } },
{ "type": "Feature", "properties": { "IDBD": 169560, "FC": 6291, "CONDICION": "CUERPO DE AGUA INTERMITENTE" }, "geometry": { "type": "MultiPolygon", "coordinates": [ [ [ [ -99.534204199999962, 20.144514061538452 ], [ -99.534357292307647, 20.144513584615332 ], [ -99.534510538461532, 20.144558307692343 ], [ -99.534635169230768, 20.144630215384641 ], [ -99.534779123076916, 20.144756292307704 ], [ -99.534856123076906, 20.1448916 ], [ -99.534886123076888, 20.145271030769219 ], [ -99.534665646153826, 20.145154230769219 ], [ -99.534579292307669, 20.145082199999976 ], [ -99.534406692307641, 20.14497429230774 ], [ -99.534291538461488, 20.144875246153834 ], [ -99.53425306153845, 20.144812107692324 ], [ -99.534233676923037, 20.144739876923055 ], [ -99.534223892307651, 20.144676646153847 ], [ -99.534204199999962, 20.144514061538452 ] ] ] ] } },
{ "type": "Feature", "properties": { "IDBD": 169568, "FC": 6292, "CONDICION": "CUERPO DE AGUA PERENNE" }, "geometry": { "type": "MultiPolygon", "coordinates": [ [ [ [ -99.485641830769168, 20.143335323076883 ], [ -99.485612984615344, 20.143290230769271 ], [ -99.485717446153814, 20.143036923076917 ], [ -99.485860323076892, 20.142828692307699 ], [ -99.486089261538424, 20.142602153846177 ], [ -99.486308676923045, 20.142393707692349 ], [ -99.486527876923063, 20.142112984615419 ], [ -99.486747215384582, 20.141877430769217 ], [ -99.486842276923028, 20.141678369230775 ], [ -99.486783984615357, 20.141389369230772 ], [ -99.486706769230764, 20.141172723076913 ], [ -99.486572, 20.140911030769207 ], [ -99.486495030769191, 20.140775707692285 ], [ -99.486494753846131, 20.140685338461534 ], [ -99.48649347692303, 20.140269676923076 ], [ -99.486578323076898, 20.139862815384632 ], [ -99.486797523076859, 20.139582076923116 ], [ -99.486997707692296, 20.139346584615417 ], [ -99.487178907692268, 20.139156323076943 ], [ -99.487734276923049, 20.139290323076906 ], [ -99.488040692307663, 20.1393708 ], [ -99.488577107692294, 20.139568123076874 ], [ -99.488520399999928, 20.139794184615351 ], [ -99.488522399999979, 20.140435753846162 ], [ -99.488542046153825, 20.140598353846162 ], [ -99.488485107692256, 20.140752123076954 ], [ -99.488314230769205, 20.141186338461512 ], [ -99.488228738461515, 20.141385369230761 ], [ -99.488123923076898, 20.141521215384635 ], [ -99.488000184615373, 20.141729384615395 ], [ -99.487790276923064, 20.1419197384615 ], [ -99.487628153846103, 20.142091876923079 ], [ -99.487504353846163, 20.142281969230798 ], [ -99.4873044307692, 20.142607830769279 ], [ -99.487257399999976, 20.142870015384641 ], [ -99.487315569230759, 20.143113830769224 ], [ -99.487335215384576, 20.143276430769252 ], [ -99.487383307692284, 20.143357630769216 ], [ -99.487450861538449, 20.1435472 ], [ -99.487489676923076, 20.143718784615356 ], [ -99.487518738461503, 20.143836184615392 ], [ -99.487538184615389, 20.143935523076895 ], [ -99.487576676923084, 20.144007707692307 ], [ -99.487529184615354, 20.144116276923082 ], [ -99.487423569230728, 20.143999092307688 ], [ -99.487394630769188, 20.143926876923093 ], [ -99.48725055384611, 20.143746553846146 ], [ -99.487115815384584, 20.143493907692321 ], [ -99.486664907692258, 20.143106600000014 ], [ -99.486473292307693, 20.1430258 ], [ -99.486157523076898, 20.143017630769215 ], [ -99.485985492307663, 20.143081369230803 ], [ -99.485823230769199, 20.143208323076927 ], [ -99.485641830769168, 20.143335323076883 ] ] ] ] } },
{ "type": "Feature", "properties": { "IDBD": 169587, "FC": 6291, "CONDICION": "CUERPO DE AGUA INTERMITENTE" }, "geometry": { "type": "MultiPolygon", "coordinates": [ [ [ [ -99.495658215384623, 20.142864661538447 ], [ -99.496031461538436, 20.142890707692271 ], [ -99.496299769230745, 20.143016461538476 ], [ -99.496357430769166, 20.143097630769262 ], [ -99.496367169230751, 20.143151815384613 ], [ -99.496367369230725, 20.143215076923052 ], [ -99.496349092307653, 20.14348621538462 ], [ -99.496311323076881, 20.143648969230735 ], [ -99.495975569230723, 20.1433698 ], [ -99.495802676923034, 20.143162446153887 ], [ -99.495658215384623, 20.142864661538447 ] ] ] ] } },
{ "type": "Feature", "properties": { "IDBD": 169598, "FC": 6291, "CONDICION": "CUERPO DE AGUA INTERMITENTE" }, "geometry": { "type": "MultiPolygon", "coordinates": [ [ [ [ -99.508366599999988, 20.143451938461535 ], [ -99.508394430769187, 20.143180769230764 ], [ -99.508460723076908, 20.142972753846148 ], [ -99.508537046153819, 20.142900246153896 ], [ -99.508623, 20.142854815384663 ], [ -99.508766492307657, 20.142845353846162 ], [ -99.508881276923049, 20.142835984615377 ], [ -99.509053538461515, 20.142844523076931 ], [ -99.509321646153822, 20.142907015384637 ], [ -99.509025676923045, 20.143106661538454 ], [ -99.508834723076887, 20.14323372307696 ], [ -99.508595907692282, 20.143351876923081 ], [ -99.508366599999988, 20.143451938461535 ] ] ] ] } },
{ "type": "Feature", "properties": { "IDBD": 169609, "FC": 6291, "CONDICION": "CUERPO DE AGUA INTERMITENTE" }, "geometry": { "type": "MultiPolygon", "coordinates": [ [ [ [ -99.538302846153812, 20.142730476923067 ], [ -99.538436461538438, 20.142630661538455 ], [ -99.538637015384595, 20.142521615384645 ], [ -99.538828215384569, 20.14247586153849 ], [ -99.539038676923042, 20.142466169230758 ], [ -99.539278030769211, 20.142510630769213 ], [ -99.5390684, 20.142764276923032 ], [ -99.539011399999978, 20.142881923076885 ], [ -99.538982938461487, 20.142954307692303 ], [ -99.538945046153842, 20.143062846153796 ], [ -99.538897353846139, 20.143108184615404 ], [ -99.538830415384609, 20.143117415384619 ], [ -99.538734461538439, 20.143036384615357 ], [ -99.538590538461492, 20.142919353846136 ], [ -99.538504169230748, 20.142847338461532 ], [ -99.53843710769226, 20.142820430769255 ], [ -99.538302846153812, 20.142730476923067 ] ] ] ] } },
{ "type": "Feature", "properties": { "IDBD": 169610, "FC": 6291, "CONDICION": "CUERPO DE AGUA INTERMITENTE" }, "geometry": { "type": "MultiPolygon", "coordinates": [ [ [ [ -99.330931430769169, 20.13817263076924 ], [ -99.331190276923067, 20.138416123076919 ], [ -99.331890861538426, 20.139417846153858 ], [ -99.331843538461499, 20.139661923076929 ], [ -99.330912892307666, 20.138452799999978 ], [ -99.330749815384593, 20.138254292307668 ], [ -99.329348984615351, 20.136395415384587 ], [ -99.329520984615371, 20.136286661538513 ], [ -99.329664846153818, 20.136449046153817 ], [ -99.330374507692312, 20.137233892307687 ], [ -99.330931430769169, 20.13817263076924 ] ] ] ] } },
{ "type": "Feature", "properties": { "IDBD": 169612, "FC": 6291, "CONDICION": "CUERPO DE AGUA INTERMITENTE" }, "geometry": { "type": "MultiPolygon", "coordinates": [ [ [ [ -99.530828076923058, 20.142111584615382 ], [ -99.530904923076861, 20.142201707692291 ], [ -99.530895569230736, 20.142265 ], [ -99.530905353846094, 20.142328215384644 ], [ -99.530887353846097, 20.142662615384598 ], [ -99.530897953846122, 20.142969815384593 ], [ -99.530619723076896, 20.142744753846159 ], [ -99.530523492307694, 20.142582384615384 ], [ -99.530494538461511, 20.142510184615354 ], [ -99.530494169230735, 20.142401753846187 ], [ -99.530522599999983, 20.142320338461534 ], [ -99.530551061538432, 20.142247969230748 ], [ -99.530617861538431, 20.142193538461534 ], [ -99.530732399999977, 20.142111876923057 ], [ -99.530828076923058, 20.142111584615382 ] ] ] ] } },
{ "type": "Feature", "properties": { "IDBD": 169614, "FC": 6291, "CONDICION": "CUERPO DE AGUA INTERMITENTE" }, "geometry": { "type": "MultiPolygon", "coordinates": [ [ [ [ -99.498658261538466, 20.141491707692275 ], [ -99.4988784, 20.141518199999986 ], [ -99.498993338461503, 20.141554015384592 ], [ -99.499069969230746, 20.141580907692301 ], [ -99.499194584615324, 20.141652846153871 ], [ -99.499232969230775, 20.141688876923091 ], [ -99.499309876923036, 20.141806138461568 ], [ -99.499348492307647, 20.141914461538455 ], [ -99.499367953846146, 20.142013800000043 ], [ -99.499358676923094, 20.1421042 ], [ -99.49931123076918, 20.14223083076924 ], [ -99.499225430769201, 20.142330476923092 ], [ -99.498927615384574, 20.141951800000026 ], [ -99.498802584615362, 20.141744323076939 ], [ -99.498658261538466, 20.141491707692275 ] ] ] ] } },
{ "type": "Feature", "properties": { "IDBD": 169615, "FC": 6291, "CONDICION": "CUERPO DE AGUA INTERMITENTE" }, "geometry": { "type": "MultiPolygon", "coordinates": [ [ [ [ -99.5417098, 20.142936907692331 ], [ -99.541766676923046, 20.142783107692317 ], [ -99.541881230769206, 20.142710476923089 ], [ -99.541986261538398, 20.142646892307706 ], [ -99.54208184615382, 20.142619492307738 ], [ -99.542215738461493, 20.142601 ], [ -99.542340184615355, 20.142618692307686 ], [ -99.542407353846116, 20.142672707692284 ], [ -99.5424842, 20.1427628307692 ], [ -99.542561430769211, 20.142961384615397 ], [ -99.542063846153795, 20.142944846153842 ], [ -99.5417098, 20.142936907692331 ] ] ] ] } },
{ "type": "Feature", "properties": { "IDBD": 169622, "FC": 6291, "CONDICION": "CUERPO DE AGUA INTERMITENTE" }, "geometry": { "type": "MultiPolygon", "coordinates": [ [ [ [ -99.503013292307656, 20.141985353846177 ], [ -99.503614815384609, 20.141586046153886 ], [ -99.503643476923045, 20.141576923076919 ], [ -99.503681784615367, 20.141585861538488 ], [ -99.503748969230756, 20.141648923076968 ], [ -99.503864292307668, 20.141811246153836 ], [ -99.504018292307677, 20.142090923076925 ], [ -99.503846292307685, 20.142163707692283 ], [ -99.503741107692292, 20.142182076923042 ], [ -99.503654969230766, 20.142173292307682 ], [ -99.503540123076903, 20.142164584615387 ], [ -99.503406169230757, 20.142164969230791 ], [ -99.50334881538457, 20.1421832 ], [ -99.503253076923016, 20.142165400000021 ], [ -99.503195584615341, 20.142138461538476 ], [ -99.503147661538421, 20.142111492307695 ], [ -99.503013292307656, 20.141985353846177 ] ] ] ] } },
{ "type": "Feature", "properties": { "IDBD": 169641, "FC": 6291, "CONDICION": "CUERPO DE AGUA INTERMITENTE" }, "geometry": { "type": "MultiPolygon", "coordinates": [ [ [ [ -99.074638307692311, 20.132593830769231 ], [ -99.074590723076881, 20.133136046153876 ], [ -99.074514338461512, 20.133479461538496 ], [ -99.074303938461483, 20.133660276923081 ], [ -99.074122215384577, 20.133795907692349 ], [ -99.073921323076902, 20.133877323076934 ], [ -99.073720384615385, 20.13385029230772 ], [ -99.073385384615378, 20.1335974153846 ], [ -99.073165215384577, 20.133353507692309 ], [ -99.073203215384552, 20.1327842 ], [ -99.073270107692281, 20.132585369230796 ], [ -99.07349012307688, 20.13248587692307 ], [ -99.074025923076903, 20.13251275384615 ], [ -99.074638307692311, 20.132593830769231 ] ] ] ] } },
{ "type": "Feature", "properties": { "IDBD": 169643, "FC": 6291, "CONDICION": "CUERPO DE AGUA INTERMITENTE" }, "geometry": { "type": "MultiPolygon", "coordinates": [ [ [ [ -99.524318338461498, 20.141073830769198 ], [ -99.524548276923042, 20.141163507692294 ], [ -99.524615523076875, 20.141244646153826 ], [ -99.524683, 20.141398061538453 ], [ -99.524732107692259, 20.141777430769213 ], [ -99.524588507692286, 20.141750753846157 ], [ -99.5244256, 20.141678938461578 ], [ -99.524291261538451, 20.141561876923078 ], [ -99.524233492307658, 20.141453615384616 ], [ -99.524223538461513, 20.141336169230804 ], [ -99.524242338461491, 20.141236707692308 ], [ -99.524318338461498, 20.141073830769198 ] ] ] ] } },
{ "type": "Feature", "properties": { "IDBD": 169652, "FC": 6291, "CONDICION": "CUERPO DE AGUA INTERMITENTE" }, "geometry": { "type": "MultiPolygon", "coordinates": [ [ [ [ -99.498367430769207, 20.140299738461547 ], [ -99.498482307692313, 20.140317492307659 ], [ -99.498645076923069, 20.140353169230803 ], [ -99.498769661538432, 20.140416076923056 ], [ -99.498846323076862, 20.140452 ], [ -99.498913461538422, 20.140506030769256 ], [ -99.498971015384598, 20.140551046153846 ], [ -99.498980753846126, 20.140605246153861 ], [ -99.498962, 20.140722769230759 ], [ -99.498885815384611, 20.140840446153859 ], [ -99.498771384615367, 20.140958246153843 ], [ -99.498561338461514, 20.141103430769242 ], [ -99.498474769230754, 20.140959092307668 ], [ -99.49845538461534, 20.140877815384613 ], [ -99.498426415384586, 20.140796569230758 ], [ -99.498425384615373, 20.140471261538448 ], [ -99.498367430769207, 20.140299738461547 ] ] ] ] } },
{ "type": "Feature", "properties": { "IDBD": 169656, "FC": 6291, "CONDICION": "CUERPO DE AGUA INTERMITENTE" }, "geometry": { "type": "MultiPolygon", "coordinates": [ [ [ [ -99.416922399999976, 20.139535369230803 ], [ -99.416968030769212, 20.138703907692324 ], [ -99.4171980307692, 20.138838907692321 ], [ -99.417418061538413, 20.138829353846113 ], [ -99.417475492307645, 20.138838261538456 ], [ -99.4175616461538, 20.138856123076877 ], [ -99.417666969230723, 20.138882984615407 ], [ -99.417733969230767, 20.138891861538472 ], [ -99.417820153846151, 20.138918769230763 ], [ -99.417896892307667, 20.138990876923085 ], [ -99.418193615384581, 20.139035353846161 ], [ -99.418270199999967, 20.139053246153878 ], [ -99.418308846153806, 20.139188692307691 ], [ -99.418194415384576, 20.13933355384615 ], [ -99.418108584615354, 20.1394422 ], [ -99.418041661538439, 20.139460430769226 ], [ -99.417754615384553, 20.139461107692345 ], [ -99.417524969230769, 20.139452615384606 ], [ -99.417362399999959, 20.139489138461506 ], [ -99.417247876923042, 20.139597846153855 ], [ -99.417219292307649, 20.139643107692297 ], [ -99.416922399999976, 20.139535369230803 ] ] ] ] } },
{ "type": "Feature", "properties": { "IDBD": 169664, "FC": 6291, "CONDICION": "CUERPO DE AGUA INTERMITENTE" }, "geometry": { "type": "MultiPolygon", "coordinates": [ [ [ [ -99.530805, 20.140945984615378 ], [ -99.530890938461525, 20.140891507692313 ], [ -99.531034261538451, 20.140836846153842 ], [ -99.531244676923052, 20.140809107692334 ], [ -99.531464738461494, 20.140808446153848 ], [ -99.53165627692303, 20.140862076923064 ], [ -99.531781107692268, 20.140997246153852 ], [ -99.531628215384615, 20.141051923076876 ], [ -99.531427553846115, 20.141133861538442 ], [ -99.53122672307687, 20.141161569230775 ], [ -99.531006723076899, 20.14118030769232 ], [ -99.53084407692306, 20.1411808 ], [ -99.530662092307651, 20.141127138461517 ], [ -99.530805, 20.140945984615378 ] ] ] ] } },
{ "type": "Feature", "properties": { "IDBD": 169665, "FC": 6291, "CONDICION": "CUERPO DE AGUA INTERMITENTE" }, "geometry": { "type": "MultiPolygon", "coordinates": [ [ [ [ -99.522155630769205, 20.140971830769224 ], [ -99.521934938461499, 20.140782723076963 ], [ -99.521924553846119, 20.14053876923078 ], [ -99.522000599999942, 20.14038492307694 ], [ -99.522162861538433, 20.140266969230808 ], [ -99.522220076923048, 20.140212584615384 ], [ -99.52233486153844, 20.140203215384616 ], [ -99.522535830769215, 20.140211646153869 ], [ -99.522431153846156, 20.140383646153857 ], [ -99.5223071538461, 20.140501492307706 ], [ -99.522278753846138, 20.140591938461537 ], [ -99.522298246153809, 20.140700307692331 ], [ -99.522336784615376, 20.140781523076949 ], [ -99.522356261538448, 20.140880861538498 ], [ -99.522346876923052, 20.140935107692297 ], [ -99.522299184615377, 20.140980430769268 ], [ -99.522270538461513, 20.140998584615392 ], [ -99.522155630769205, 20.140971830769224 ] ] ] ] } },
{ "type": "Feature", "properties": { "IDBD": 169670, "FC": 6291, "CONDICION": "CUERPO DE AGUA INTERMITENTE" }, "geometry": { "type": "MultiPolygon", "coordinates": [ [ [ [ -99.519753723076903, 20.140870492307656 ], [ -99.519590892307662, 20.140816753846121 ], [ -99.519446892307627, 20.140672599999984 ], [ -99.519408292307659, 20.140573307692325 ], [ -99.519379292307661, 20.140483030769239 ], [ -99.51935983076919, 20.140383692307708 ], [ -99.519349907692273, 20.140275292307706 ], [ -99.519359030769181, 20.140139723076935 ], [ -99.519368384615348, 20.140076430769223 ], [ -99.51940629230765, 20.139967892307705 ], [ -99.519788861538416, 20.139921584615379 ], [ -99.519895123076921, 20.140228492307664 ], [ -99.519914507692278, 20.140300738461566 ], [ -99.51992436923075, 20.140391061538466 ], [ -99.519924846153842, 20.140535646153868 ], [ -99.519896676923082, 20.140698384615401 ], [ -99.51987775384616, 20.140761692307699 ], [ -99.519839599999983, 20.140797953846135 ], [ -99.519753723076903, 20.140870492307656 ] ] ] ] } },
{ "type": "Feature", "properties": { "IDBD": 169673, "FC": 6291, "CONDICION": "CUERPO DE AGUA INTERMITENTE" }, "geometry": { "type": "MultiPolygon", "coordinates": [ [ [ [ -99.557459723076889, 20.140484138461556 ], [ -99.557843107692264, 20.140672676923078 ], [ -99.558015353846145, 20.140681169230817 ], [ -99.558235584615389, 20.140725661538458 ], [ -99.558513430769224, 20.140833215384617 ], [ -99.558628369230732, 20.140868984615405 ], [ -99.558705076923061, 20.140913923076962 ], [ -99.559280307692291, 20.141237400000026 ], [ -99.559395769230733, 20.141417769230781 ], [ -99.558333661538413, 20.141403061538444 ], [ -99.55819007692304, 20.141385446153869 ], [ -99.557893123076909, 20.141286984615384 ], [ -99.557749261538461, 20.141188046153854 ], [ -99.557605030769224, 20.140989707692295 ], [ -99.557459723076889, 20.140484138461556 ] ] ] ] } },
{ "type": "Feature", "properties": { "IDBD": 169686, "FC": 6291, "CONDICION": "CUERPO DE AGUA INTERMITENTE" }, "geometry": { "type": "MultiPolygon", "coordinates": [ [ [ [ -99.012552769230709, 20.130440415384605 ], [ -99.012753692307697, 20.130413292307722 ], [ -99.012954615384601, 20.130458461538499 ], [ -99.013126830769238, 20.130566876923066 ], [ -99.0132512307692, 20.130711461538464 ], [ -99.013327784615313, 20.1309464 ], [ -99.013270399999939, 20.131136169230778 ], [ -99.013193861538412, 20.131226538461558 ], [ -99.012954676923059, 20.131316923076923 ], [ -99.012792030769191, 20.131307907692321 ], [ -99.012323199999983, 20.131172384615404 ], [ -99.012227523076859, 20.131100107692337 ], [ -99.01218924615381, 20.131000707692266 ], [ -99.012227492307659, 20.130819969230799 ], [ -99.012323153846111, 20.130648261538468 ], [ -99.012409261538437, 20.130530784615363 ], [ -99.012552769230709, 20.130440415384605 ] ] ] ] } },
{ "type": "Feature", "properties": { "IDBD": 169719, "FC": 6291, "CONDICION": "CUERPO DE AGUA INTERMITENTE" }, "geometry": { "type": "MultiPolygon", "coordinates": [ [ [ [ -99.526215184615353, 20.138926584615376 ], [ -99.526215, 20.138872369230757 ], [ -99.5262048, 20.138682646153793 ], [ -99.526233384615381, 20.138646415384613 ], [ -99.526338476923044, 20.138600923076908 ], [ -99.526644276923051, 20.138491569230776 ], [ -99.527036092307696, 20.138354846153867 ], [ -99.527074861538424, 20.138499323076942 ], [ -99.527094292307652, 20.138589615384657 ], [ -99.52710426153844, 20.13870706153849 ], [ -99.527114153846128, 20.138806430769254 ], [ -99.527085630769193, 20.138860738461567 ], [ -99.527047476923045, 20.138897 ], [ -99.526999707692255, 20.138915215384646 ], [ -99.526846615384585, 20.138915661538469 ], [ -99.526770046153842, 20.138906861538484 ], [ -99.526655199999951, 20.138898169230757 ], [ -99.526550107692316, 20.138943661538484 ], [ -99.526215184615353, 20.138926584615376 ] ] ] ] } },
{ "type": "Feature", "properties": { "IDBD": 169751, "FC": 6291, "CONDICION": "CUERPO DE AGUA INTERMITENTE" }, "geometry": { "type": "MultiPolygon", "coordinates": [ [ [ [ -99.081008569230733, 20.128958323076908 ], [ -99.081219046153819, 20.128922076923075 ], [ -99.081448646153831, 20.128885830769232 ], [ -99.081907876923054, 20.128885615384661 ], [ -99.081908030769199, 20.129174784615405 ], [ -99.081841107692298, 20.129274215384608 ], [ -99.081755061538416, 20.129373661538477 ], [ -99.081640292307668, 20.129473107692277 ], [ -99.081477676923058, 20.1295274 ], [ -99.081382015384591, 20.129554553846138 ], [ -99.081181092307645, 20.129554661538524 ], [ -99.081047123076914, 20.129500492307713 ], [ -99.08096093846153, 20.129364984615421 ], [ -99.080932153846149, 20.129211384615392 ], [ -99.080960784615357, 20.129057738461537 ], [ -99.081008569230733, 20.128958323076908 ] ] ] ] } },
{ "type": "Feature", "properties": { "IDBD": 169753, "FC": 6291, "CONDICION": "CUERPO DE AGUA INTERMITENTE" }, "geometry": { "type": "MultiPolygon", "coordinates": [ [ [ [ -99.560741430769198, 20.137780923076956 ], [ -99.560502215384602, 20.137772661538495 ], [ -99.560577538461501, 20.137429030769244 ], [ -99.56071044615382, 20.137139461538439 ], [ -99.560863338461488, 20.137084753846107 ], [ -99.561026784615379, 20.13731013846154 ], [ -99.561047446153836, 20.137734769230772 ], [ -99.560741430769198, 20.137780923076956 ] ] ] ] } },
{ "type": "Feature", "properties": { "IDBD": 169754, "FC": 6291, "CONDICION": "CUERPO DE AGUA INTERMITENTE" }, "geometry": { "type": "MultiPolygon", "coordinates": [ [ [ [ -99.528725723076889, 20.13720218461539 ], [ -99.528667707692264, 20.137021630769215 ], [ -99.528838830769189, 20.13669581538463 ], [ -99.52889612307689, 20.136659492307686 ], [ -99.52903, 20.136641030769233 ], [ -99.52914490769227, 20.136667784615369 ], [ -99.529183276923007, 20.136694784615411 ], [ -99.529155138461519, 20.136866553846108 ], [ -99.529088476923064, 20.136957123076932 ], [ -99.529002584615327, 20.137020630769236 ], [ -99.528916646153803, 20.137075107692318 ], [ -99.528725723076889, 20.13720218461539 ] ] ] ] } },
{ "type": "Feature", "properties": { "IDBD": 169771, "FC": 6291, "CONDICION": "CUERPO DE AGUA INTERMITENTE" }, "geometry": { "type": "MultiPolygon", "coordinates": [ [ [ [ -99.500761984615366, 20.135097092307717 ], [ -99.500876630769184, 20.135042553846141 ], [ -99.501020199999985, 20.135060215384602 ], [ -99.501077661538417, 20.135078123076926 ], [ -99.501154323076904, 20.135114046153888 ], [ -99.501221523076921, 20.135186153846153 ], [ -99.501307969230737, 20.135294338461527 ], [ -99.501423369230736, 20.135474738461514 ], [ -99.501490876923029, 20.13564623076924 ], [ -99.501481830769208, 20.135808907692315 ], [ -99.501453646153863, 20.135971646153838 ], [ -99.501204261538405, 20.135773553846178 ], [ -99.500935076923056, 20.135367692307724 ], [ -99.500761984615366, 20.135097092307717 ] ] ] ] } },
{ "type": "Feature", "properties": { "IDBD": 169795, "FC": 6291, "CONDICION": "CUERPO DE AGUA INTERMITENTE" }, "geometry": { "type": "MultiPolygon", "coordinates": [ [ [ [ -99.578809461538469, 20.136303815384615 ], [ -99.578904599999973, 20.136158938461531 ], [ -99.579038153846099, 20.136050061538455 ], [ -99.579209861538445, 20.135913953846149 ], [ -99.579410384615372, 20.135804861538492 ], [ -99.579658830769219, 20.13572270769231 ], [ -99.579888184615371, 20.135649676923055 ], [ -99.580136415384587, 20.135504276923118 ], [ -99.580070138461508, 20.135694246153815 ], [ -99.58000356923074, 20.135802907692273 ], [ -99.579870015384614, 20.135911784615399 ], [ -99.579717215384591, 20.135984569230725 ], [ -99.579583599999935, 20.136075369230745 ], [ -99.579440415384596, 20.1361662 ], [ -99.579297169230742, 20.136238969230764 ], [ -99.579192092307665, 20.136284492307691 ], [ -99.578809461538469, 20.136303815384615 ] ] ] ] } },
{ "type": "Feature", "properties": { "IDBD": 169806, "FC": 6291, "CONDICION": "CUERPO DE AGUA INTERMITENTE" }, "geometry": { "type": "MultiPolygon", "coordinates": [ [ [ [ -99.493450907692278, 20.13465686153846 ], [ -99.493498246153777, 20.134494076923097 ], [ -99.493545815384593, 20.134412615384644 ], [ -99.493603, 20.134340169230814 ], [ -99.493736553846134, 20.134213292307653 ], [ -99.493927646153807, 20.134131430769198 ], [ -99.494185738461482, 20.134058415384622 ], [ -99.49442455384613, 20.133940261538484 ], [ -99.493976338461522, 20.134402369230713 ], [ -99.493450907692278, 20.13465686153846 ] ] ] ] } },
{ "type": "Feature", "properties": { "IDBD": 169807, "FC": 6291, "CONDICION": "CUERPO DE AGUA INTERMITENTE" }, "geometry": { "type": "MultiPolygon", "coordinates": [ [ [ [ -99.108007076923045, 20.1272992 ], [ -99.107968938461525, 20.127479953846148 ], [ -99.10791161538458, 20.1275974615384 ], [ -99.107806430769202, 20.127696923076932 ], [ -99.107710815384593, 20.127778307692331 ], [ -99.107596046153802, 20.127841646153865 ], [ -99.107414276923038, 20.127859815384639 ], [ -99.107175092307671, 20.127859969230791 ], [ -99.107012399999959, 20.127796815384656 ], [ -99.106878369230742, 20.127661338461564 ], [ -99.106820830769223, 20.12748064615386 ], [ -99.106839846153832, 20.127290876923063 ], [ -99.106944969230753, 20.127110076923099 ], [ -99.107021430769223, 20.127001584615392 ], [ -99.10714575384614, 20.126920184615361 ], [ -99.10731795384612, 20.126911046153861 ], [ -99.107480569230745, 20.126856723076905 ], [ -99.107624076923059, 20.126856630769254 ], [ -99.107815461538408, 20.126910738461557 ], [ -99.107911199999961, 20.126992015384616 ], [ -99.107978246153806, 20.127118476923066 ], [ -99.108007076923045, 20.1272992 ] ] ] ] } },
{ "type": "Feature", "properties": { "IDBD": 169832, "FC": 6291, "CONDICION": "CUERPO DE AGUA INTERMITENTE" }, "geometry": { "type": "MultiPolygon", "coordinates": [ [ [ [ -99.474416830769172, 20.133326569230757 ], [ -99.474215538461507, 20.133200615384627 ], [ -99.474129246153808, 20.133137584615405 ], [ -99.47411958461538, 20.133110507692319 ], [ -99.47411933846152, 20.133029184615413 ], [ -99.474147799999983, 20.132947769230757 ], [ -99.47417615384613, 20.13283023076924 ], [ -99.474175599999981, 20.132649507692335 ], [ -99.474271015384602, 20.132558876923074 ], [ -99.474395169230732, 20.132486261538432 ], [ -99.474519461538435, 20.13245881538462 ], [ -99.474653892307686, 20.132621107692309 ], [ -99.474663984615347, 20.132792769230765 ], [ -99.474635984615333, 20.133027784615418 ], [ -99.474579015384592, 20.133172523076919 ], [ -99.474540938461516, 20.133235876923084 ], [ -99.474416830769172, 20.133326569230757 ] ] ] ] } },
{ "type": "Feature", "properties": { "IDBD": 169835, "FC": 6291, "CONDICION": "CUERPO DE AGUA INTERMITENTE" }, "geometry": { "type": "MultiPolygon", "coordinates": [ [ [ [ -99.530101815384597, 20.133872707692333 ], [ -99.530178153846123, 20.133809230769209 ], [ -99.530206784615345, 20.133791061538432 ], [ -99.530340492307658, 20.133718369230742 ], [ -99.530493261538425, 20.133627553846161 ], [ -99.530541046153843, 20.133609338461525 ], [ -99.530646246153822, 20.13359998461539 ], [ -99.530799369230749, 20.133608553846184 ], [ -99.530895123076931, 20.13363538461536 ], [ -99.531038815384605, 20.133689169230795 ], [ -99.531106123076938, 20.133788353846121 ], [ -99.531336876923021, 20.134122 ], [ -99.531049646153818, 20.134059615384611 ], [ -99.530570907692294, 20.133952630769237 ], [ -99.530398692307671, 20.133953138461553 ], [ -99.530101815384597, 20.133872707692333 ] ] ] ] } },
{ "type": "Feature", "properties": { "IDBD": 169846, "FC": 6291, "CONDICION": "CUERPO DE AGUA INTERMITENTE" }, "geometry": { "type": "MultiPolygon", "coordinates": [ [ [ [ -99.522368153846145, 20.132947 ], [ -99.522530892307671, 20.132973615384635 ], [ -99.522550030769168, 20.132973569230767 ], [ -99.522645769230749, 20.132991353846137 ], [ -99.522684153846143, 20.133027384615357 ], [ -99.522712984615339, 20.133063446153844 ], [ -99.522789815384584, 20.133153584615382 ], [ -99.522904923076894, 20.1332436 ], [ -99.523010476923034, 20.133333646153854 ], [ -99.523020215384605, 20.133387830769195 ], [ -99.523059123076905, 20.13357747692309 ], [ -99.522810246153867, 20.133542076923096 ], [ -99.522656799999936, 20.133434092307699 ], [ -99.522512846153816, 20.133298984615372 ], [ -99.522455015384608, 20.133172646153842 ], [ -99.522406738461513, 20.133037246153872 ], [ -99.522368153846145, 20.132947 ] ] ] ] } },
{ "type": "Feature", "properties": { "IDBD": 169859, "FC": 6291, "CONDICION": "CUERPO DE AGUA INTERMITENTE" }, "geometry": { "type": "MultiPolygon", "coordinates": [ [ [ [ -99.502818723076899, 20.132009861538457 ], [ -99.50290475384611, 20.131982507692282 ], [ -99.503019553846116, 20.131982184615367 ], [ -99.503077015384591, 20.132000092307717 ], [ -99.503172815384573, 20.132035953846181 ], [ -99.50323989230769, 20.13207190769231 ], [ -99.503307092307651, 20.132144015384601 ], [ -99.503403030769192, 20.132225061538456 ], [ -99.503508646153833, 20.13234223076925 ], [ -99.503576092307668, 20.132486630769222 ], [ -99.503614907692281, 20.1326582 ], [ -99.503337276923062, 20.132604784615399 ], [ -99.503203046153814, 20.132514799999974 ], [ -99.50314541538458, 20.132442676923091 ], [ -99.503020599999971, 20.132307476923074 ], [ -99.502962969230722, 20.132235353846166 ], [ -99.502818723076899, 20.132009861538457 ] ] ] ] } },
{ "type": "Feature", "properties": { "IDBD": 169865, "FC": 6291, "CONDICION": "CUERPO DE AGUA INTERMITENTE" }, "geometry": { "type": "MultiPolygon", "coordinates": [ [ [ [ -99.512777984615369, 20.131863692307693 ], [ -99.513132123076915, 20.131907846153862 ], [ -99.513419292307688, 20.131952199999979 ], [ -99.513467307692309, 20.132006276923068 ], [ -99.513467892307645, 20.132187 ], [ -99.513507492307653, 20.132593507692338 ], [ -99.513124446153782, 20.132486184615395 ], [ -99.51297098461535, 20.132369169230753 ], [ -99.512865092307678, 20.132170676923092 ], [ -99.512797415384568, 20.131954 ], [ -99.512777984615369, 20.131863692307693 ] ] ] ] } },
{ "type": "Feature", "properties": { "IDBD": 169869, "FC": 6291, "CONDICION": "CUERPO DE AGUA INTERMITENTE" }, "geometry": { "type": "MultiPolygon", "coordinates": [ [ [ [ -99.481263046153828, 20.1319616 ], [ -99.481261861538414, 20.131573046153882 ], [ -99.481271169230752, 20.131491692307687 ], [ -99.481328107692306, 20.13133792307692 ], [ -99.48143290769228, 20.131193061538447 ], [ -99.481662107692273, 20.131056876923097 ], [ -99.4817386153846, 20.131047630769206 ], [ -99.481815153846142, 20.131047430769243 ], [ -99.481910861538438, 20.131056199999989 ], [ -99.482006615384591, 20.131083046153869 ], [ -99.482140723076895, 20.131136907692309 ], [ -99.482322692307662, 20.131199661538432 ], [ -99.482437723076899, 20.131271630769206 ], [ -99.482552815384594, 20.131361676923049 ], [ -99.48184573846153, 20.131661815384611 ], [ -99.481263046153828, 20.1319616 ] ] ] ] } },
{ "type": "Feature", "properties": { "IDBD": 169893, "FC": 6291, "CONDICION": "CUERPO DE AGUA INTERMITENTE" }, "geometry": { "type": "MultiPolygon", "coordinates": [ [ [ [ -99.526822215384598, 20.131632523076924 ], [ -99.526926876923071, 20.131460507692339 ], [ -99.527022307692263, 20.13138793846154 ], [ -99.527070061538467, 20.13136069230772 ], [ -99.527271061538414, 20.131387200000013 ], [ -99.527424323076886, 20.131440953846216 ], [ -99.5275872, 20.131512753846156 ], [ -99.527702369230767, 20.131620846153911 ], [ -99.527808169230781, 20.131783184615397 ], [ -99.527262584615357, 20.131712523076907 ], [ -99.526822215384598, 20.131632523076924 ] ] ] ] } },
{ "type": "Feature", "properties": { "IDBD": 169896, "FC": 6291, "CONDICION": "CUERPO DE AGUA INTERMITENTE" }, "geometry": { "type": "MultiPolygon", "coordinates": [ [ [ [ -99.0828706, 20.122044492307694 ], [ -99.082918646153814, 20.122442076923118 ], [ -99.082775323076888, 20.122794569230816 ], [ -99.082698969230705, 20.123128953846191 ], [ -99.082431246153845, 20.123454399999986 ], [ -99.082220846153831, 20.123581015384627 ], [ -99.082000815384575, 20.123617261538485 ], [ -99.081914661538434, 20.123535969230776 ], [ -99.081895461538451, 20.123409461538436 ], [ -99.081914523076861, 20.123264876923088 ], [ -99.081943169230726, 20.123156415384614 ], [ -99.081866553846154, 20.123020907692307 ], [ -99.081828246153833, 20.122921523076922 ], [ -99.081914261538415, 20.122749784615372 ], [ -99.082057646153785, 20.122523815384596 ], [ -99.082201123076857, 20.122478553846179 ], [ -99.082335030769215, 20.122397169230773 ], [ -99.082411492307656, 20.122270615384615 ], [ -99.082516661538435, 20.122125984615423 ], [ -99.082621861538456, 20.122062676923061 ], [ -99.0828706, 20.122044492307694 ] ] ] ] } },
{ "type": "Feature", "properties": { "IDBD": 169907, "FC": 6291, "CONDICION": "CUERPO DE AGUA INTERMITENTE" }, "geometry": { "type": "MultiPolygon", "coordinates": [ [ [ [ -99.52004570769229, 20.130794200000025 ], [ -99.519901153846106, 20.130478353846165 ], [ -99.519958461538451, 20.130451076923087 ], [ -99.520073246153785, 20.130441692307731 ], [ -99.520312538461525, 20.130477138461497 ], [ -99.520590261538416, 20.13055764615385 ], [ -99.520686476923075, 20.130720015384608 ], [ -99.520706292307651, 20.130927784615412 ], [ -99.520448153846118, 20.130982769230794 ], [ -99.520199169230736, 20.130911215384614 ], [ -99.52004570769229, 20.130794200000025 ] ] ] ] } },
{ "type": "Feature", "properties": { "IDBD": 169916, "FC": 6291, "CONDICION": "CUERPO DE AGUA INTERMITENTE" }, "geometry": { "type": "MultiPolygon", "coordinates": [ [ [ [ -99.517956584615334, 20.129752138461555 ], [ -99.518014046153809, 20.129770046153851 ], [ -99.518119492307633, 20.129832984615344 ], [ -99.518244199999984, 20.12993201538459 ], [ -99.518301799999946, 20.129995107692313 ], [ -99.518321215384574, 20.130076369230768 ], [ -99.518350153846143, 20.130148584615416 ], [ -99.518293276923032, 20.1303114 ], [ -99.518207446153795, 20.130392984615405 ], [ -99.518121430769185, 20.130420338461523 ], [ -99.517949338461491, 20.130456984615435 ], [ -99.517948261538407, 20.130131692307696 ], [ -99.517956584615334, 20.129752138461555 ] ] ] ] } },
{ "type": "Feature", "properties": { "IDBD": 169930, "FC": 6291, "CONDICION": "CUERPO DE AGUA INTERMITENTE" }, "geometry": { "type": "MultiPolygon", "coordinates": [ [ [ [ -99.093977523076887, 20.121153338461557 ], [ -99.094101830769233, 20.121062907692316 ], [ -99.094503630769182, 20.121035584615388 ], [ -99.094723784615326, 20.121207153846168 ], [ -99.094877061538426, 20.121541430769259 ], [ -99.094905938461494, 20.121848661538493 ], [ -99.094829569230725, 20.122110753846147 ], [ -99.094638292307664, 20.122237369230756 ], [ -99.094399138461526, 20.122273646153864 ], [ -99.094121646153809, 20.12219246153845 ], [ -99.093987661538421, 20.122120246153848 ], [ -99.093863246153802, 20.122057061538481 ], [ -99.09377710769229, 20.121993846153842 ], [ -99.093681323076879, 20.121804123076938 ], [ -99.093690769230733, 20.121605323076921 ], [ -99.093776769230743, 20.121415507692323 ], [ -99.093977523076887, 20.121153338461557 ] ] ] ] } },
{ "type": "Feature", "properties": { "IDBD": 169934, "FC": 6291, "CONDICION": "CUERPO DE AGUA INTERMITENTE" }, "geometry": { "type": "MultiPolygon", "coordinates": [ [ [ [ -99.002956215384572, 20.120356030769255 ], [ -99.002477861538452, 20.120202415384593 ], [ -99.001961246153812, 20.120039769230797 ], [ -99.001530723076897, 20.119886153846171 ], [ -99.001339384615363, 20.119813861538464 ], [ -99.001272415384562, 20.119732523076898 ], [ -99.001272415384605, 20.11956083076922 ], [ -99.001301107692271, 20.119452400000014 ], [ -99.001482876923021, 20.119389138461564 ], [ -99.001540276923023, 20.119298769230745 ], [ -99.001616815384565, 20.119280692307711 ], [ -99.001693353846136, 20.119289738461564 ], [ -99.001808153846142, 20.119280692307711 ], [ -99.001884692307684, 20.119226476923082 ], [ -99.001970799999967, 20.119154184615397 ], [ -99.001999492307661, 20.119054784615365 ], [ -99.002018630769228, 20.118982492307715 ], [ -99.002133430769177, 20.118973446153831 ], [ -99.00224823076924, 20.11898247692308 ], [ -99.002430015384604, 20.119000553846163 ], [ -99.002640476923091, 20.119072846153841 ], [ -99.002889230769199, 20.119099953846145 ], [ -99.003013599999989, 20.119145123076926 ], [ -99.003214507692292, 20.119190307692296 ], [ -99.003300599999974, 20.119235492307695 ], [ -99.003511076923033, 20.119325846153853 ], [ -99.003501523076892, 20.119479476923075 ], [ -99.003463246153828, 20.119578876923072 ], [ -99.003405861538425, 20.119741538461557 ], [ -99.003319753846142, 20.119958415384605 ], [ -99.003271923076881, 20.120093969230791 ], [ -99.00322409230769, 20.120184338461545 ], [ -99.003204953846151, 20.120256630769266 ], [ -99.003118861538411, 20.120319876923109 ], [ -99.003051892307667, 20.120347 ], [ -99.002956215384572, 20.120356030769255 ] ] ] ] } },
{ "type": "Feature", "properties": { "IDBD": 169961, "FC": 6291, "CONDICION": "CUERPO DE AGUA INTERMITENTE" }, "geometry": { "type": "MultiPolygon", "coordinates": [ [ [ [ -99.529356076923008, 20.128344769230786 ], [ -99.529365523076905, 20.128308584615404 ], [ -99.529412938461491, 20.12818193846153 ], [ -99.529527338461548, 20.128064123076918 ], [ -99.529756461538398, 20.12791886153849 ], [ -99.52990929230765, 20.127846107692267 ], [ -99.530014476923057, 20.127827723076912 ], [ -99.530129369230735, 20.12785447692308 ], [ -99.530235123076892, 20.128007784615374 ], [ -99.530044276923078, 20.12815293846154 ], [ -99.529843630769207, 20.12823486153842 ], [ -99.52970033846151, 20.128298538461515 ], [ -99.529556953846125, 20.128335123076937 ], [ -99.529356076923008, 20.128344769230786 ] ] ] ] } },
{ "type": "Feature", "properties": { "IDBD": 169965, "FC": 6291, "CONDICION": "CUERPO DE AGUA INTERMITENTE" }, "geometry": { "type": "MultiPolygon", "coordinates": [ [ [ [ -99.531248815384615, 20.127878215384609 ], [ -99.531420615384576, 20.127760230769255 ], [ -99.531497030769202, 20.127723846153842 ], [ -99.531602215384581, 20.127705461538479 ], [ -99.531717046153801, 20.127714153846153 ], [ -99.531803246153828, 20.127741 ], [ -99.531947030769217, 20.127821892307704 ], [ -99.532052476923027, 20.127884830769244 ], [ -99.53213906153843, 20.128029153846143 ], [ -99.531565046153844, 20.128030876923127 ], [ -99.531450169230752, 20.128013153846133 ], [ -99.53136395384611, 20.12797727692308 ], [ -99.531248815384615, 20.127878215384609 ] ] ] ] } },
{ "type": "Feature", "properties": { "IDBD": 169970, "FC": 6292, "CONDICION": "CUERPO DE AGUA PERENNE" }, "geometry": { "type": "MultiPolygon", "coordinates": [ [ [ [ -99.535919538461513, 20.125641169230768 ], [ -99.536051938461512, 20.125188953846173 ], [ -99.536281661538439, 20.125224400000022 ], [ -99.536578276923052, 20.125232523076964 ], [ -99.536654769230722, 20.125223261538501 ], [ -99.536750323076902, 20.125186815384623 ], [ -99.53689358461537, 20.125114092307697 ], [ -99.536941169230758, 20.12504166153845 ], [ -99.537083738461519, 20.124770138461585 ], [ -99.537112230769182, 20.124706799999963 ], [ -99.537197830769188, 20.124561953846179 ], [ -99.537588476923062, 20.124090876923084 ], [ -99.537721846153801, 20.123927815384647 ], [ -99.537883938461533, 20.123764676923088 ], [ -99.537950676923046, 20.123701215384603 ], [ -99.538093846153814, 20.123601384615366 ], [ -99.538218092307673, 20.123564861538458 ], [ -99.538399861538437, 20.123564307692302 ], [ -99.538533769230725, 20.123554861538498 ], [ -99.53872516923073, 20.123572338461493 ], [ -99.538878199999971, 20.123562846153895 ], [ -99.53897379999998, 20.123544476923112 ], [ -99.539021461538425, 20.123490107692319 ], [ -99.539174, 20.123336030769178 ], [ -99.539411861538468, 20.122955784615332 ], [ -99.539545030769219, 20.122729461538448 ], [ -99.539668830769187, 20.122566430769226 ], [ -99.539783169230745, 20.122430538461519 ], [ -99.539830876923062, 20.122394246153856 ], [ -99.539926107692281, 20.122267446153838 ], [ -99.540031323076903, 20.122258092307678 ], [ -99.54017506153842, 20.122329938461526 ], [ -99.540184938461479, 20.122420276923055 ], [ -99.540167338461501, 20.122863107692318 ], [ -99.54010113846148, 20.123089215384621 ], [ -99.540063492307681, 20.123270046153852 ], [ -99.540073738461516, 20.123468815384602 ], [ -99.540112230769211, 20.123531953846154 ], [ -99.540236815384574, 20.123594830769225 ], [ -99.540322907692286, 20.1235945692308 ], [ -99.540418646153796, 20.12361233846153 ], [ -99.540524030769177, 20.123657200000011 ], [ -99.540581584615339, 20.123702199999983 ], [ -99.54066806153844, 20.123810369230775 ], [ -99.540697138461496, 20.123918723076883 ], [ -99.540697599999959, 20.124054261538436 ], [ -99.54066964615383, 20.124271215384631 ], [ -99.540650923076868, 20.124388753846173 ], [ -99.540660923076913, 20.124515230769248 ], [ -99.540661384615348, 20.124650769230765 ], [ -99.540652123076924, 20.124741153846138 ], [ -99.540566584615362, 20.124904076923087 ], [ -99.540490492307669, 20.125030815384598 ], [ -99.5404238307692, 20.125121384615383 ], [ -99.540338123076879, 20.125239107692284 ], [ -99.540281169230738, 20.1253658 ], [ -99.540176707692282, 20.125592030769223 ], [ -99.539910169230737, 20.1259814 ], [ -99.539814953846104, 20.126117230769228 ], [ -99.539700646153861, 20.12626216923077 ], [ -99.539595784615358, 20.126370923076959 ], [ -99.539052138461543, 20.126860538461571 ], [ -99.539033030769204, 20.126869630769239 ], [ -99.538928107692286, 20.126960323076911 ], [ -99.538727538461544, 20.127060338461558 ], [ -99.53824033846152, 20.127269646153835 ], [ -99.537093830769209, 20.127724969230776 ], [ -99.536212030769207, 20.127248723076931 ], [ -99.536087292307641, 20.127140676923091 ], [ -99.535981553846128, 20.12699641538461 ], [ -99.535952461538415, 20.126879030769253 ], [ -99.53593289230767, 20.126752584615375 ], [ -99.535942061538435, 20.126635076923073 ], [ -99.535932123076861, 20.126526676923071 ], [ -99.5359604, 20.126400076923066 ], [ -99.536017523076865, 20.126318584615383 ], [ -99.53608412307689, 20.126209938461564 ], [ -99.536102876923024, 20.126101446153861 ], [ -99.536064276923057, 20.126002169230784 ], [ -99.535939846153823, 20.125984476923104 ], [ -99.535825076923047, 20.12599386153849 ], [ -99.535919538461513, 20.125641169230768 ] ] ] ] } },
{ "type": "Feature", "properties": { "IDBD": 169995, "FC": 6292, "CONDICION": "CUERPO DE AGUA PERENNE" }, "geometry": { "type": "MultiPolygon", "coordinates": [ [ [ [ -99.525712415384589, 20.125915876923081 ], [ -99.525617015384583, 20.125997492307718 ], [ -99.52541638461534, 20.126079415384634 ], [ -99.525301692307679, 20.126115892307705 ], [ -99.525148599999937, 20.126107323076923 ], [ -99.525024138461504, 20.126080584615401 ], [ -99.524784723076877, 20.126009 ], [ -99.524641030769217, 20.125955215384639 ], [ -99.524516538461526, 20.125919430769219 ], [ -99.52438250769228, 20.125892723076955 ], [ -99.524267799999947, 20.12592016923081 ], [ -99.524143523076887, 20.12594766153849 ], [ -99.524047784615348, 20.12592986153847 ], [ -99.523904169230732, 20.125894153846119 ], [ -99.523750876923074, 20.125831353846145 ], [ -99.523597507692273, 20.125741446153871 ], [ -99.523501507692288, 20.125642323076935 ], [ -99.523405384615344, 20.125507076923103 ], [ -99.523126923076873, 20.125200661538482 ], [ -99.523088538461522, 20.125164630769227 ], [ -99.523078907692323, 20.125146584615404 ], [ -99.522992538461494, 20.125065523076952 ], [ -99.522887246153815, 20.125047753846179 ], [ -99.522762630769222, 20.124975830769248 ], [ -99.522714553846143, 20.124903692307694 ], [ -99.522685461538416, 20.12478630769229 ], [ -99.522627738461509, 20.124687076923102 ], [ -99.522588892307652, 20.124515507692305 ], [ -99.522414261538415, 20.123784076923084 ], [ -99.5223654, 20.123477 ], [ -99.522393630769201, 20.123332323076905 ], [ -99.522402892307639, 20.123241938461515 ], [ -99.522421784615389, 20.1231696 ], [ -99.522516738461476, 20.122952446153818 ], [ -99.522592692307683, 20.122780523076951 ], [ -99.522581984615343, 20.122437184615382 ], [ -99.522523415384569, 20.122084938461494 ], [ -99.522503769230752, 20.121931384615372 ], [ -99.522493753846135, 20.121795861538473 ], [ -99.522502784615355, 20.121633184615366 ], [ -99.522531061538459, 20.121506600000025 ], [ -99.522558799999956, 20.121217353846159 ], [ -99.522558599999968, 20.121154092307705 ], [ -99.5226058, 20.120964200000046 ], [ -99.5226438, 20.120882753846132 ], [ -99.522691446153829, 20.1208284 ], [ -99.522853630769191, 20.12069236923076 ], [ -99.523102215384583, 20.120646461538488 ], [ -99.523197876923078, 20.120646169230728 ], [ -99.523274446153792, 20.120654984615399 ], [ -99.523800646153816, 20.120662461538508 ], [ -99.524030246153799, 20.120661769230782 ], [ -99.524077953846145, 20.120625492307685 ], [ -99.524144553846128, 20.120516846153894 ], [ -99.52417292307689, 20.120417369230779 ], [ -99.524134292307679, 20.120309046153874 ], [ -99.523990523076876, 20.120228153846167 ], [ -99.52383683076917, 20.120038846153854 ], [ -99.523606215384575, 20.119732292307695 ], [ -99.523500461538447, 20.119579 ], [ -99.523442861538399, 20.1195159076923 ], [ -99.523404415384618, 20.1194618 ], [ -99.523308476923035, 20.11938076923078 ], [ -99.523107030769197, 20.11921870769233 ], [ -99.523001353846098, 20.119083476923031 ], [ -99.522606892307678, 20.11841596923076 ], [ -99.522549353846117, 20.118370953846167 ], [ -99.5224822, 20.118316938461554 ], [ -99.52238635384613, 20.118263 ], [ -99.52228098461535, 20.118218123076925 ], [ -99.522175415384581, 20.118119046153808 ], [ -99.522117984615349, 20.118110184615393 ], [ -99.522031892307666, 20.118110430769253 ], [ -99.521945815384598, 20.118119723076937 ], [ -99.521831015384564, 20.118120061538445 ], [ -99.521677784615335, 20.118066292307688 ], [ -99.521572338461525, 20.118003353846145 ], [ -99.521217923076904, 20.117868861538462 ], [ -99.52115090769226, 20.117850984615423 ], [ -99.521074276923045, 20.117824107692346 ], [ -99.520969046153823, 20.117824415384597 ], [ -99.520883123076885, 20.117878892307701 ], [ -99.520749415384572, 20.11794253846157 ], [ -99.520644323076908, 20.117988030769236 ], [ -99.52051046153845, 20.118006492307707 ], [ -99.52037633846156, 20.117952676923057 ], [ -99.520270876923064, 20.117880692307665 ], [ -99.520184599999965, 20.117826723076931 ], [ -99.519955, 20.117827400000031 ], [ -99.519907138461491, 20.117818507692334 ], [ -99.519801938461498, 20.117827861538444 ], [ -99.519735092307641, 20.117864199999989 ], [ -99.519658615384571, 20.117882492307682 ], [ -99.519505369230757, 20.11782873846153 ], [ -99.519447892307667, 20.117801800000052 ], [ -99.519323246153817, 20.11772083076924 ], [ -99.519246569230731, 20.117675876923112 ], [ -99.519102861538414, 20.117613046153856 ], [ -99.518987769230719, 20.117523015384624 ], [ -99.518939676923068, 20.117441830769241 ], [ -99.518853246153796, 20.117342692307684 ], [ -99.518651723076871, 20.11715352307688 ], [ -99.518546199999975, 20.117063476923065 ], [ -99.518469507692288, 20.11701852307694 ], [ -99.518354569230752, 20.116973676923045 ], [ -99.518297046153805, 20.116937692307722 ], [ -99.518220246153845, 20.116856600000034 ], [ -99.517999861538399, 20.116748799999968 ], [ -99.517770092307671, 20.116695261538467 ], [ -99.517626415384584, 20.116641461538467 ], [ -99.517454215384575, 20.116641969230738 ], [ -99.517215292307696, 20.116714969230781 ], [ -99.517072092307671, 20.11680575384618 ], [ -99.516862353846079, 20.117023230769245 ], [ -99.516757507692262, 20.117141015384657 ], [ -99.516700646153808, 20.117303830769249 ], [ -99.516643476923051, 20.117376292307693 ], [ -99.516471630769232, 20.11748523076924 ], [ -99.516405, 20.117584815384639 ], [ -99.516395523076909, 20.117611953846197 ], [ -99.516338384615352, 20.117693446153861 ], [ -99.51624310769229, 20.117811200000023 ], [ -99.516119153846105, 20.117938076923082 ], [ -99.516100138461525, 20.117974276923089 ], [ -99.516052553846123, 20.118046707692322 ], [ -99.516062415384596, 20.118137046153837 ], [ -99.51607215384611, 20.118191230769231 ], [ -99.516072338461512, 20.118245446153843 ], [ -99.516024861538412, 20.118354015384629 ], [ -99.515948953846106, 20.118544 ], [ -99.515939553846152, 20.118598246153887 ], [ -99.515891846153806, 20.118634538461549 ], [ -99.515863230769185, 20.118661723076912 ], [ -99.515786769230743, 20.118680015384623 ], [ -99.515729369230755, 20.11868018461535 ], [ -99.515662307692295, 20.118653276923069 ], [ -99.515604876923049, 20.118644415384644 ], [ -99.515528107692262, 20.118572338461519 ], [ -99.515518476923077, 20.118554292307671 ], [ -99.515518307692304, 20.118500076923116 ], [ -99.515508507692275, 20.118427815384649 ], [ -99.515460399999967, 20.118346630769217 ], [ -99.515383692307665, 20.118292646153847 ], [ -99.515335799999988, 20.118274707692322 ], [ -99.515259276923075, 20.118274938461536 ], [ -99.515201815384572, 20.118257030769247 ], [ -99.51512510769227, 20.118203030769216 ], [ -99.515115323076898, 20.118139815384637 ], [ -99.515115153846139, 20.118085584615383 ], [ -99.515143615384574, 20.11801321538465 ], [ -99.515152907692269, 20.117931861538487 ], [ -99.515114353846101, 20.11784161538456 ], [ -99.51506630769228, 20.117778492307728 ], [ -99.51502781538457, 20.117706323076952 ], [ -99.515027430769223, 20.117588846153851 ], [ -99.515036599999945, 20.117471353846181 ], [ -99.515045815384568, 20.117362892307685 ], [ -99.515035984615352, 20.117281584615409 ], [ -99.515006984615368, 20.117191307692309 ], [ -99.514949261538462, 20.117092076923061 ], [ -99.514901015384623, 20.116965723076955 ], [ -99.514785430769209, 20.116722076923121 ], [ -99.514515907692285, 20.116216830769236 ], [ -99.51412112307689, 20.115431815384639 ], [ -99.514015184615374, 20.115215261538463 ], [ -99.513938184615327, 20.115070907692324 ], [ -99.513794, 20.114863492307695 ], [ -99.513678353846132, 20.114601769230738 ], [ -99.51361986153843, 20.114267599999962 ], [ -99.513511799999975, 20.113400430769225 ], [ -99.513520246153817, 20.113057030769223 ], [ -99.513567307692298, 20.112821953846137 ], [ -99.513624030769222, 20.112613953846179 ], [ -99.513690353846158, 20.112414953846191 ], [ -99.513718369230716, 20.112207046153852 ], [ -99.513688876923055, 20.111963138461558 ], [ -99.513562307692268, 20.111285784615426 ], [ -99.513562030769222, 20.111204461538481 ], [ -99.513523384615354, 20.111087107692327 ], [ -99.513465753846162, 20.111014984615409 ], [ -99.513398523076901, 20.110933846153848 ], [ -99.513398230769184, 20.110843492307691 ], [ -99.513388492307655, 20.110789307692347 ], [ -99.513369123076885, 20.110717061538487 ], [ -99.513301984615353, 20.1106630461538 ], [ -99.51314872307691, 20.110600230769212 ], [ -99.513033599999972, 20.110501169230755 ], [ -99.512909061538423, 20.110447323076926 ], [ -99.512822646153822, 20.110348169230765 ], [ -99.512784123076898, 20.110266953846146 ], [ -99.512563338461518, 20.110032646153876 ], [ -99.512486569230731, 20.109960584615401 ], [ -99.512448215384566, 20.109933584615405 ], [ -99.51236206153844, 20.109915769230767 ], [ -99.512275830769198, 20.109870830769275 ], [ -99.513087707692264, 20.109488953846171 ], [ -99.514692246153828, 20.108707153846186 ], [ -99.514893630769194, 20.108860184615359 ], [ -99.515104292307697, 20.108922815384592 ], [ -99.515324569230742, 20.109003507692307 ], [ -99.515583092307679, 20.109075046153841 ], [ -99.51588003076921, 20.109191646153878 ], [ -99.516138923076895, 20.109380646153848 ], [ -99.516263907692263, 20.109570046153859 ], [ -99.516408461538418, 20.109894923076943 ], [ -99.516581953846128, 20.110292015384594 ], [ -99.516640184615355, 20.110544861538461 ], [ -99.516698507692283, 20.110824815384643 ], [ -99.516717692307679, 20.110842830769254 ], [ -99.516765430769183, 20.11081558461542 ], [ -99.516813138461558, 20.110779307692336 ], [ -99.516870399999974, 20.110733953846182 ], [ -99.516927723076904, 20.110715707692343 ], [ -99.516985123076878, 20.110715538461545 ], [ -99.517042584615325, 20.110733446153869 ], [ -99.517109692307642, 20.110778430769262 ], [ -99.517157707692249, 20.110832507692322 ], [ -99.517196553846119, 20.111013123076905 ], [ -99.517216015384605, 20.111112461538454 ], [ -99.517178015384587, 20.111193907692336 ], [ -99.517082799999969, 20.111329723076917 ], [ -99.516987292307661, 20.111375184615419 ], [ -99.516929923076916, 20.111384384615395 ], [ -99.516882184615383, 20.111411646153872 ], [ -99.516882399999972, 20.111474892307701 ], [ -99.516901676923084, 20.111520015384592 ], [ -99.516959215384588, 20.111565030769235 ], [ -99.516988, 20.111592061538477 ], [ -99.517016815384594, 20.111628123076933 ], [ -99.517064892307687, 20.111700261538449 ], [ -99.517103369230739, 20.1117634 ], [ -99.517151369230731, 20.111817476923076 ], [ -99.517180153846141, 20.111844507692318 ], [ -99.517266430769226, 20.111898476923088 ], [ -99.517333461538414, 20.111916353846159 ], [ -99.517419553846153, 20.111916092307709 ], [ -99.517639338461507, 20.11184315384611 ], [ -99.517811169230725, 20.111734215384651 ], [ -99.519368030769201, 20.110997707692302 ], [ -99.519664184615323, 20.110879353846187 ], [ -99.519826784615347, 20.110869846153829 ], [ -99.519932046153812, 20.110878569230774 ], [ -99.520085276923069, 20.110932338461524 ], [ -99.520257799999953, 20.111031230769225 ], [ -99.520382507692261, 20.111139292307673 ], [ -99.520459369230707, 20.111238461538484 ], [ -99.520603399999956, 20.111400692307679 ], [ -99.520718553846123, 20.111508784615427 ], [ -99.520757030769204, 20.111571938461545 ], [ -99.520824353846109, 20.111680169230745 ], [ -99.520882138461502, 20.11179747692309 ], [ -99.52092078461537, 20.111914830769276 ], [ -99.520940215384613, 20.112005138461555 ], [ -99.521008107692296, 20.112285061538479 ], [ -99.521065738461502, 20.112357184615391 ], [ -99.521094676923042, 20.11242938461541 ], [ -99.521190969230773, 20.112618861538468 ], [ -99.521296461538441, 20.112699876923067 ], [ -99.521363646153816, 20.11276292307695 ], [ -99.52141183076921, 20.112871215384601 ], [ -99.521479215384588, 20.112997538461538 ], [ -99.521614046153843, 20.113268215384625 ], [ -99.521700799999977, 20.113466769230797 ], [ -99.521758615384599, 20.11359310769231 ], [ -99.521826, 20.113719415384605 ], [ -99.521941184615372, 20.113836538461534 ], [ -99.521970061538468, 20.113890676923052 ], [ -99.522008507692277, 20.113944769230795 ], [ -99.522047092307687, 20.114044061538475 ], [ -99.522057046153833, 20.11416150769228 ], [ -99.522076815384594, 20.1143512 ], [ -99.522077446153801, 20.114540969230735 ], [ -99.522116369230758, 20.114739646153872 ], [ -99.522174338461468, 20.114911169230815 ], [ -99.522299353846151, 20.1151096 ], [ -99.522395323076893, 20.115199676923115 ], [ -99.522596369230754, 20.115244261538486 ], [ -99.522653846153844, 20.1152712 ], [ -99.52277830769232, 20.115297938461577 ], [ -99.522826138461497, 20.1152978 ], [ -99.522940876923045, 20.115279384615381 ], [ -99.523026938461499, 20.115270092307668 ], [ -99.523285230769176, 20.115269323076934 ], [ -99.523428630769217, 20.115241784615382 ], [ -99.523744415384584, 20.115267969230779 ], [ -99.523830446153838, 20.115249630769277 ], [ -99.523887723076911, 20.11521332307688 ], [ -99.523954476923066, 20.115149861538484 ], [ -99.524011676923053, 20.115086446153839 ], [ -99.52401146153845, 20.115023184615364 ], [ -99.524030323076886, 20.11494181538459 ], [ -99.524145292307665, 20.114995676923076 ], [ -99.52424141538458, 20.115130938461487 ], [ -99.524260784615365, 20.115203169230803 ], [ -99.524261092307654, 20.115293538461497 ], [ -99.5242431230769, 20.115646 ], [ -99.524243399999961, 20.115727338461525 ], [ -99.524157815384584, 20.1158812 ], [ -99.524110199999981, 20.1159446 ], [ -99.524033938461514, 20.116026153846168 ], [ -99.523890892307662, 20.116162123076933 ], [ -99.523728799999958, 20.116325261538428 ], [ -99.523614492307644, 20.116470169230791 ], [ -99.523576553846127, 20.116569692307717 ], [ -99.523548369230753, 20.11672338461538 ], [ -99.523549076923075, 20.116940261538453 ], [ -99.52357816923076, 20.117057646153846 ], [ -99.523626307692297, 20.117147861538466 ], [ -99.523703230769215, 20.117265107692326 ], [ -99.523866015384598, 20.1173098 ], [ -99.523904338461506, 20.117327753846144 ], [ -99.524048276923082, 20.117462876923092 ], [ -99.524125030769213, 20.117525907692265 ], [ -99.524192230769174, 20.117598 ], [ -99.524269061538419, 20.117688123076945 ], [ -99.524326800000011, 20.117787353846168 ], [ -99.524375261538452, 20.117976969230774 ], [ -99.524366353846133, 20.1181758 ], [ -99.524357661538446, 20.1184378769231 ], [ -99.52430119999994, 20.118718169230768 ], [ -99.524273076923052, 20.118889938461539 ], [ -99.524273846153804, 20.119124876923035 ], [ -99.524350984615339, 20.119305384615387 ], [ -99.524408753846174, 20.119413646153834 ], [ -99.52447626153841, 20.119576092307685 ], [ -99.524600923076875, 20.119666092307696 ], [ -99.524716107692285, 20.119783215384626 ], [ -99.524907892307681, 20.119918184615386 ], [ -99.525051784615343, 20.120035230769236 ], [ -99.525119030769218, 20.120116353846136 ], [ -99.525205492307649, 20.120224538461553 ], [ -99.525292076923051, 20.120368861538466 ], [ -99.525321338461524, 20.120540461538482 ], [ -99.525321461538439, 20.120576600000035 ], [ -99.525312076923029, 20.120630846153865 ], [ -99.525235784615376, 20.120703369230757 ], [ -99.525178692307662, 20.120793892307727 ], [ -99.525169307692266, 20.120848138461529 ], [ -99.525160046153815, 20.12093853846152 ], [ -99.525208569230728, 20.121146230769259 ], [ -99.525199476923063, 20.121290830769219 ], [ -99.525152246153809, 20.121471692307694 ], [ -99.525095369230712, 20.12162547692305 ], [ -99.525057492307639, 20.121743061538449 ], [ -99.525067323076911, 20.121824369230755 ], [ -99.525086615384609, 20.121869492307674 ], [ -99.525144338461516, 20.121968723076929 ], [ -99.52525959999997, 20.122103923076935 ], [ -99.525422861538459, 20.1222932 ], [ -99.525480415384578, 20.122338200000012 ], [ -99.525604938461527, 20.12238301538461 ], [ -99.525815338461527, 20.122364307692322 ], [ -99.525891815384568, 20.122346015384597 ], [ -99.525977799999978, 20.122309615384633 ], [ -99.526111646153822, 20.122282107692335 ], [ -99.526207215384574, 20.122254707692314 ], [ -99.526340938461516, 20.122191061538437 ], [ -99.526436338461508, 20.1221094461538 ], [ -99.526608030769239, 20.121955307692325 ], [ -99.526693907692248, 20.121891799999979 ], [ -99.526894753846108, 20.121873138461513 ], [ -99.527239061538424, 20.121845 ], [ -99.527545046153833, 20.121798892307698 ], [ -99.527841353846128, 20.121716676923079 ], [ -99.528080215384577, 20.1216256 ], [ -99.5283, 20.121552661538452 ], [ -99.528806984615372, 20.121533061538454 ], [ -99.528873969230744, 20.121541907692315 ], [ -99.528941030769204, 20.121568815384599 ], [ -99.529036846153815, 20.121613707692305 ], [ -99.529161307692291, 20.121640430769204 ], [ -99.529476953846128, 20.121621415384649 ], [ -99.529878569230689, 20.121566 ], [ -99.530194338461527, 20.121583123076892 ], [ -99.530357307692285, 20.121682030769218 ], [ -99.530405507692279, 20.121790323076933 ], [ -99.530377076923074, 20.121871723076872 ], [ -99.530205215384555, 20.121971646153813 ], [ -99.530052199999972, 20.12199016923077 ], [ -99.529927769230738, 20.121972476923101 ], [ -99.529822507692273, 20.121963753846149 ], [ -99.529334907692288, 20.122055584615349 ], [ -99.528962169230738, 20.122165138461515 ], [ -99.528761353846136, 20.122192846153837 ], [ -99.528617769230735, 20.122166169230763 ], [ -99.528416661538429, 20.122103523076948 ], [ -99.528282753846099, 20.122112953846145 ], [ -99.528225384615382, 20.122122169230771 ], [ -99.528158476923068, 20.122140446153857 ], [ -99.528101169230737, 20.122167723076984 ], [ -99.527996292307677, 20.122276476923076 ], [ -99.527900923076871, 20.122367123076913 ], [ -99.527786553846127, 20.122493969230764 ], [ -99.527719799999971, 20.122557415384602 ], [ -99.527586230769202, 20.122666261538463 ], [ -99.527481199999954, 20.122729830769256 ], [ -99.527385846153805, 20.122820476923032 ], [ -99.527328615384576, 20.12287486153846 ], [ -99.52711856923078, 20.123002 ], [ -99.52680338461532, 20.123156553846137 ], [ -99.526593430769196, 20.123310799999977 ], [ -99.526526738461499, 20.123392323076953 ], [ -99.526527184615361, 20.123527861538442 ], [ -99.526546769230734, 20.123663353846172 ], [ -99.526575876923033, 20.123780738461548 ], [ -99.526585646153805, 20.123843969230723 ], [ -99.52658616923074, 20.123997584615374 ], [ -99.526557861538436, 20.124115138461551 ], [ -99.526558338461513, 20.124259707692328 ], [ -99.526568353846116, 20.124395230769199 ], [ -99.526568599999962, 20.124467523076934 ], [ -99.526540446153817, 20.124630246153817 ], [ -99.526531123076907, 20.124702569230745 ], [ -99.526502938461491, 20.124856276923097 ], [ -99.526436599999982, 20.125046230769257 ], [ -99.526341569230723, 20.125236276923076 ], [ -99.526246353846105, 20.125372107692314 ], [ -99.526112830769222, 20.125499015384616 ], [ -99.525712415384589, 20.125915876923081 ] ] ] ] } },
{ "type": "Feature", "properties": { "IDBD": 170006, "FC": 6291, "CONDICION": "CUERPO DE AGUA INTERMITENTE" }, "geometry": { "type": "MultiPolygon", "coordinates": [ [ [ [ -99.030336153846122, 20.115473707692278 ], [ -99.03069012307688, 20.115500753846185 ], [ -99.030833646153837, 20.115554938461525 ], [ -99.030910199999951, 20.115663369230806 ], [ -99.030919799999964, 20.115835061538441 ], [ -99.030805061538402, 20.116187507692302 ], [ -99.030604215384585, 20.116467676923079 ], [ -99.030432030769205, 20.116585184615406 ], [ -99.030221584615333, 20.116639430769204 ], [ -99.030097199999958, 20.116603307692287 ], [ -99.029934538461518, 20.11643164615387 ], [ -99.02985795384609, 20.116160553846157 ], [ -99.029848323076905, 20.115826215384612 ], [ -99.029905676923022, 20.115573169230782 ], [ -99.030010892307644, 20.115482784615381 ], [ -99.030336153846122, 20.115473707692278 ] ] ] ] } },
{ "type": "Feature", "properties": { "IDBD": 170039, "FC": 6291, "CONDICION": "CUERPO DE AGUA INTERMITENTE" }, "geometry": { "type": "MultiPolygon", "coordinates": [ [ [ [ -99.034153061538433, 20.114469938461522 ], [ -99.034133969230737, 20.114623569230801 ], [ -99.034057461538453, 20.114722984615415 ], [ -99.034153153846106, 20.114876584615374 ], [ -99.034287107692279, 20.114939815384641 ], [ -99.034373230769219, 20.115066307692285 ], [ -99.034325415384615, 20.115174769230784 ], [ -99.034239338461489, 20.115256107692343 ], [ -99.034115, 20.115364569230767 ], [ -99.033981076923055, 20.115445923076919 ], [ -99.033780184615352, 20.115455 ], [ -99.033378338461489, 20.115310492307657 ], [ -99.033234815384603, 20.115156892307699 ], [ -99.033282630769193, 20.115066523076944 ], [ -99.033378261538417, 20.114894815384613 ], [ -99.033569553846107, 20.114705 ], [ -99.033703461538408, 20.114569430769226 ], [ -99.033856507692263, 20.114479030769239 ], [ -99.034038261538427, 20.11446996923074 ], [ -99.034153061538433, 20.114469938461522 ] ] ] ] } },
{ "type": "Feature", "properties": { "IDBD": 170064, "FC": 6291, "CONDICION": "CUERPO DE AGUA INTERMITENTE" }, "geometry": { "type": "MultiPolygon", "coordinates": [ [ [ [ -98.989639384615359, 20.112828292307739 ], [ -98.989495876923044, 20.112945753846144 ], [ -98.989428907692258, 20.112990938461511 ], [ -98.989361938461542, 20.113045153846162 ], [ -98.989228015384597, 20.113036107692313 ], [ -98.989036676923035, 20.112963800000031 ], [ -98.988969723076906, 20.112900538461563 ], [ -98.988921892307658, 20.112846323076898 ], [ -98.988902769230776, 20.112737876923077 ], [ -98.988912338461503, 20.112584261538487 ], [ -98.988988876923045, 20.112502938461528 ], [ -98.989084553846141, 20.11247583076922 ], [ -98.989189784615334, 20.112475830769267 ], [ -98.989342846153832, 20.112457769230783 ], [ -98.989467215384565, 20.11253007692309 ], [ -98.989515030769184, 20.112584292307684 ], [ -98.989562876923046, 20.112566230769204 ], [ -98.989601138461509, 20.112575261538431 ], [ -98.989658538461512, 20.112665630769278 ], [ -98.989668092307639, 20.112746969230788 ], [ -98.989639384615359, 20.112828292307739 ] ] ] ] } },
{ "type": "Feature", "properties": { "IDBD": 170081, "FC": 6291, "CONDICION": "CUERPO DE AGUA INTERMITENTE" }, "geometry": { "type": "MultiPolygon", "coordinates": [ [ [ [ -99.589259830769223, 20.121657661538432 ], [ -99.589297723076911, 20.121558138461548 ], [ -99.589354953846112, 20.121512769230758 ], [ -99.589440953846108, 20.12148536923074 ], [ -99.589526784615373, 20.121412799999984 ], [ -99.589640769230769, 20.121195553846178 ], [ -99.589735830769186, 20.121032584615374 ], [ -99.589783384615387, 20.120960138461609 ], [ -99.589849707692281, 20.120788215384621 ], [ -99.589906569230763, 20.120643446153831 ], [ -99.589963599999962, 20.120543861538465 ], [ -99.590001584615337, 20.120471446153868 ], [ -99.590077723076874, 20.120362753846194 ], [ -99.59023016923075, 20.120199600000031 ], [ -99.590430215384615, 20.119973015384602 ], [ -99.590611061538411, 20.119728430769239 ], [ -99.590715661538439, 20.119556400000022 ], [ -99.59091596923075, 20.119402107692316 ], [ -99.591097230769222, 20.119265969230746 ], [ -99.591307076923016, 20.11910261538462 ], [ -99.591450199999983, 20.119002723076928 ], [ -99.591507461538413, 20.1189664 ], [ -99.591564692307657, 20.118921015384622 ], [ -99.591593323076921, 20.118902846153837 ], [ -99.591707984615368, 20.118866323076897 ], [ -99.591832584615389, 20.11892915384615 ], [ -99.591880523076895, 20.118956107692355 ], [ -99.591995553846118, 20.119018969230762 ], [ -99.5921394, 20.11910884615385 ], [ -99.592263830769184, 20.119126507692354 ], [ -99.592359492307679, 20.119126184615418 ], [ -99.592646, 20.118998707692324 ], [ -99.592884446153846, 20.118808153846164 ], [ -99.592979815384609, 20.118726507692283 ], [ -99.593017769230727, 20.118645046153858 ], [ -99.59302683076919, 20.118509476923084 ], [ -99.593045446153795, 20.118373876923076 ], [ -99.593150169230725, 20.118237984615352 ], [ -99.593321615384568, 20.1180386 ], [ -99.593359846153831, 20.118029446153862 ], [ -99.593541538461494, 20.118010753846175 ], [ -99.593646692307644, 20.117992338461519 ], [ -99.593761492307678, 20.117991938461554 ], [ -99.593857261538432, 20.118018738461569 ], [ -99.593857461538448, 20.118072953846173 ], [ -99.593828907692284, 20.118109184615403 ], [ -99.593771569230725, 20.118127446153803 ], [ -99.593704784615355, 20.118172861538437 ], [ -99.593666723076893, 20.1182272 ], [ -99.593628692307675, 20.118290584615366 ], [ -99.593514307692288, 20.118399400000033 ], [ -99.593505046153794, 20.118480769230764 ], [ -99.593553353846119, 20.118607107692295 ], [ -99.593620861538454, 20.118751461538469 ], [ -99.593659676923096, 20.118895907692316 ], [ -99.593650830769221, 20.119085692307699 ], [ -99.593661046153812, 20.119257353846166 ], [ -99.593718784615348, 20.119347523076904 ], [ -99.593738184615376, 20.119419738461524 ], [ -99.59371935384614, 20.119501138461555 ], [ -99.593690938461492, 20.119573523076919 ], [ -99.593595707692259, 20.1196913076923 ], [ -99.593567323076883, 20.119772723076917 ], [ -99.593519892307654, 20.119881323076907 ], [ -99.593597046153832, 20.120043707692304 ], [ -99.593607153846136, 20.120188261538456 ], [ -99.593579338461524, 20.120423292307642 ], [ -99.593436107692284, 20.120496061538478 ], [ -99.593292676923085, 20.120514615384639 ], [ -99.593130015384588, 20.120506138461515 ], [ -99.593063153846103, 20.120533461538475 ], [ -99.593034584615381, 20.12056970769228 ], [ -99.592977430769196, 20.120633153846157 ], [ -99.592834446153788, 20.120769169230808 ], [ -99.592748723076909, 20.120868861538444 ], [ -99.592625030769213, 20.12105 ], [ -99.592539723076925, 20.12125812307692 ], [ -99.592482799999956, 20.121384815384594 ], [ -99.592464138461509, 20.121511384615346 ], [ -99.592426384615337, 20.121647061538479 ], [ -99.592350184615341, 20.121737676923047 ], [ -99.592254892307665, 20.1218374 ], [ -99.592197630769192, 20.121873738461542 ], [ -99.592101892307682, 20.121855984615394 ], [ -99.592025261538424, 20.121829123076907 ], [ -99.591958338461538, 20.121838384615376 ], [ -99.591920169230733, 20.121865630769257 ], [ -99.591901138461509, 20.121892799999976 ], [ -99.59183447692304, 20.121974353846159 ], [ -99.59176795384613, 20.122092046153824 ], [ -99.591653553846101, 20.12220086153846 ], [ -99.591491538461497, 20.122364061538473 ], [ -99.591405953846092, 20.122499892307737 ], [ -99.591225, 20.122717353846145 ], [ -99.591235446153831, 20.122952261538437 ], [ -99.590286246153823, 20.122395200000035 ], [ -99.590036892307666, 20.12223338461542 ], [ -99.589720492307677, 20.122044692307693 ], [ -99.589490107692271, 20.121837615384642 ], [ -99.589259830769223, 20.121657661538432 ] ] ] ] } },
{ "type": "Feature", "properties": { "IDBD": 170106, "FC": 6291, "CONDICION": "CUERPO DE AGUA INTERMITENTE" }, "geometry": { "type": "MultiPolygon", "coordinates": [ [ [ [ -99.52949136923074, 20.120220753846169 ], [ -99.52960623076919, 20.12023847692306 ], [ -99.530132369230714, 20.120227861538467 ], [ -99.530390692307648, 20.12023612307695 ], [ -99.530266661538434, 20.1203358923077 ], [ -99.530171338461528, 20.120435584615368 ], [ -99.530104553846158, 20.12049 ], [ -99.530028138461489, 20.120526369230753 ], [ -99.529903892307658, 20.120562892307731 ], [ -99.529693399999971, 20.120554492307672 ], [ -99.529568815384593, 20.120491615384555 ], [ -99.529520799999986, 20.120437538461548 ], [ -99.529511076923015, 20.120392384615378 ], [ -99.529491615384572, 20.120293046153826 ], [ -99.52949136923074, 20.120220753846169 ] ] ] ] } },
{ "type": "Feature", "properties": { "IDBD": 170116, "FC": 6292, "CONDICION": "CUERPO DE AGUA PERENNE" }, "geometry": { "type": "MultiPolygon", "coordinates": [ [ [ [ -99.567733676923041, 20.118737307692292 ], [ -99.567868199999978, 20.118899523076919 ], [ -99.568069476923029, 20.119007307692303 ], [ -99.56830913846153, 20.119142076923087 ], [ -99.568615953846106, 20.119330846153808 ], [ -99.568960630769197, 20.119411061538475 ], [ -99.569314599999984, 20.119409923076915 ], [ -99.569429692307679, 20.119490876923031 ], [ -99.569612015384578, 20.119643907692332 ], [ -99.56990890769228, 20.119733307692332 ], [ -99.570119661538399, 20.119813953846144 ], [ -99.570512276923026, 20.119921123076963 ], [ -99.57088556923074, 20.119974123076904 ], [ -99.571086507692272, 20.11998250769232 ], [ -99.571373569230758, 20.119999661538468 ], [ -99.571517153846145, 20.120026292307703 ], [ -99.571660692307674, 20.120034861538482 ], [ -99.571699153846154, 20.120088953846157 ], [ -99.571680276923033, 20.120161307692321 ], [ -99.571651753846126, 20.120206584615403 ], [ -99.571518015384584, 20.120261230769266 ], [ -99.571326846153809, 20.120307030769197 ], [ -99.571097476923057, 20.120371030769235 ], [ -99.570858384615349, 20.120389876923106 ], [ -99.570619092307638, 20.12035450769234 ], [ -99.570427753846118, 20.120355123076934 ], [ -99.57008375384612, 20.120464676923088 ], [ -99.569940446153822, 20.120519353846159 ], [ -99.56975867692303, 20.120519938461587 ], [ -99.569557984615329, 20.120574815384593 ], [ -99.569443338461468, 20.120620353846174 ], [ -99.56927121538456, 20.120638984615418 ], [ -99.569185015384605, 20.12061215384615 ], [ -99.569098753846148, 20.120567261538472 ], [ -99.568983815384613, 20.12053147692307 ], [ -99.568888061538445, 20.120504676923087 ], [ -99.568581769230747, 20.120460492307675 ], [ -99.568160246153809, 20.1202992 ], [ -99.567853599999978, 20.1201556 ], [ -99.567547015384605, 20.120030076923094 ], [ -99.567221061538419, 20.119841369230752 ], [ -99.567296784615337, 20.11961523076922 ], [ -99.567400938461489, 20.119316692307674 ], [ -99.567438815384605, 20.119208138461548 ], [ -99.567571738461538, 20.11892758461541 ], [ -99.567733676923041, 20.118737307692292 ] ] ] ] } },
{ "type": "Feature", "properties": { "IDBD": 170119, "FC": 6291, "CONDICION": "CUERPO DE AGUA INTERMITENTE" }, "geometry": { "type": "MultiPolygon", "coordinates": [ [ [ [ -99.518466046153819, 20.118870969230805 ], [ -99.518494569230754, 20.118816661538439 ], [ -99.518580646153822, 20.118807369230794 ], [ -99.518733892307694, 20.118861138461519 ], [ -99.519011769230758, 20.118995861538455 ], [ -99.51929916923072, 20.119121523076942 ], [ -99.519644076923043, 20.119274123076941 ], [ -99.519759153846152, 20.119355123076918 ], [ -99.519405307692253, 20.119392307692337 ], [ -99.519156630769189, 20.119411107692351 ], [ -99.518984307692307, 20.119375476923096 ], [ -99.518840599999962, 20.11931264615383 ], [ -99.518658630769181, 20.119249923076918 ], [ -99.51854366153843, 20.119196046153817 ], [ -99.518514861538449, 20.119169015384617 ], [ -99.518495646153809, 20.119141969230814 ], [ -99.51843803076919, 20.119078876923073 ], [ -99.518466046153819, 20.118870969230805 ] ] ] ] } },
{ "type": "Feature", "properties": { "IDBD": 170120, "FC": 6291, "CONDICION": "CUERPO DE AGUA INTERMITENTE" }, "geometry": { "type": "MultiPolygon", "coordinates": [ [ [ [ -99.604850015384585, 20.120728369230743 ], [ -99.605037846153806, 20.119815076923071 ], [ -99.605103523076906, 20.119480507692323 ], [ -99.605360876923058, 20.119235646153811 ], [ -99.605428569230753, 20.11942516923077 ], [ -99.605476584615346, 20.119470184615341 ], [ -99.605544030769252, 20.119596461538471 ], [ -99.605601738461502, 20.11967758461542 ], [ -99.605688430769206, 20.119830907692304 ], [ -99.605803892307677, 20.1200022 ], [ -99.60583290769226, 20.120083430769235 ], [ -99.60583332307688, 20.120191861538455 ], [ -99.60586239999995, 20.120291153846154 ], [ -99.605757661538462, 20.120418015384626 ], [ -99.605662199999955, 20.120472569230778 ], [ -99.605576246153802, 20.120509015384631 ], [ -99.605461584615384, 20.120545553846121 ], [ -99.60531836923073, 20.120618323076933 ], [ -99.605213199999966, 20.120636753846171 ], [ -99.604850015384585, 20.120728369230743 ] ] ] ] } },
{ "type": "Feature", "properties": { "IDBD": 170124, "FC": 6291, "CONDICION": "CUERPO DE AGUA INTERMITENTE" }, "geometry": { "type": "MultiPolygon", "coordinates": [ [ [ [ -99.528883107692266, 20.118568938461546 ], [ -99.529227938461489, 20.118694415384638 ], [ -99.5293238153846, 20.11875738461541 ], [ -99.529429169230752, 20.118793215384656 ], [ -99.529630399999988, 20.118892 ], [ -99.529802876923029, 20.118972815384613 ], [ -99.529860323076917, 20.118990707692298 ], [ -99.529927415384577, 20.119026661538438 ], [ -99.529956415384589, 20.11911693846152 ], [ -99.529995692307651, 20.119415015384604 ], [ -99.529861846153807, 20.119442523076945 ], [ -99.529718230769205, 20.1194068 ], [ -99.529248523076902, 20.119128092307697 ], [ -99.529028076923055, 20.119002246153833 ], [ -99.528893584615346, 20.11884 ], [ -99.528864338461503, 20.118677430769228 ], [ -99.528883107692266, 20.118568938461546 ] ] ] ] } },
{ "type": "Feature", "properties": { "IDBD": 170130, "FC": 6291, "CONDICION": "CUERPO DE AGUA INTERMITENTE" }, "geometry": { "type": "MultiPolygon", "coordinates": [ [ [ [ -99.518398753846114, 20.118771769230769 ], [ -99.518379953846122, 20.11887121538464 ], [ -99.518332384615348, 20.11895267692309 ], [ -99.518112261538462, 20.118926215384615 ], [ -99.517834384615369, 20.118791492307707 ], [ -99.517614092307682, 20.118710815384613 ], [ -99.517346169230748, 20.118693523076935 ], [ -99.517250569230725, 20.118711876923093 ], [ -99.517277661538415, 20.118223846153846 ], [ -99.517430430769195, 20.118133030769261 ], [ -99.517516369230705, 20.118087600000013 ], [ -99.517631061538438, 20.11805110769232 ], [ -99.517697953846124, 20.118032846153898 ], [ -99.517870276923034, 20.118068492307664 ], [ -99.517937369230765, 20.118104430769193 ], [ -99.51799496923077, 20.118167523076913 ], [ -99.518062415384591, 20.118311907692281 ], [ -99.518101061538417, 20.118429261538491 ], [ -99.518149076923052, 20.118483338461573 ], [ -99.518273646153801, 20.118546230769216 ], [ -99.518350384615374, 20.118609246153859 ], [ -99.518379384615343, 20.118699523076916 ], [ -99.518398753846114, 20.118771769230769 ] ] ] ] } },
{ "type": "Feature", "properties": { "IDBD": 170144, "FC": 6291, "CONDICION": "CUERPO DE AGUA INTERMITENTE" }, "geometry": { "type": "MultiPolygon", "coordinates": [ [ [ [ -99.587219230769193, 20.118321076923063 ], [ -99.58731475384613, 20.11828461538461 ], [ -99.587496292307677, 20.118220753846167 ], [ -99.587601415384626, 20.118193307692302 ], [ -99.587697184615337, 20.118220092307688 ], [ -99.587802584615361, 20.118264923076904 ], [ -99.5879178153846, 20.118382015384597 ], [ -99.587927692307659, 20.118463307692306 ], [ -99.587918492307679, 20.118562723076948 ], [ -99.587918692307653, 20.118616938461525 ], [ -99.587899892307647, 20.118707369230759 ], [ -99.587824384615359, 20.1189787076923 ], [ -99.587796184615357, 20.119114338461571 ], [ -99.58772952307686, 20.11919589230768 ], [ -99.587481030769169, 20.119259969230765 ], [ -99.587299138461503, 20.119224430769229 ], [ -99.587184107692266, 20.119161569230755 ], [ -99.587001907692255, 20.119044707692339 ], [ -99.586733399999957, 20.118873907692311 ], [ -99.586570461538415, 20.118793123076937 ], [ -99.586417199999985, 20.11873941538456 ], [ -99.586292676923037, 20.118694646153877 ], [ -99.586148661538445, 20.118559584615401 ], [ -99.586129092307687, 20.118442184615397 ], [ -99.586253323076889, 20.118405615384624 ], [ -99.586406261538443, 20.118368969230751 ], [ -99.586568953846111, 20.118386492307675 ], [ -99.586712446153811, 20.118386015384576 ], [ -99.587219230769193, 20.118321076923063 ] ] ] ] } },
{ "type": "Feature", "properties": { "IDBD": 170156, "FC": 6291, "CONDICION": "CUERPO DE AGUA INTERMITENTE" }, "geometry": { "type": "MultiPolygon", "coordinates": [ [ [ [ -99.025800184615321, 20.107305353846115 ], [ -99.026020199999977, 20.107269184615404 ], [ -99.026297630769236, 20.107332400000033 ], [ -99.0265368, 20.107395615384618 ], [ -99.026661169230735, 20.107476923076927 ], [ -99.026747276923032, 20.107585353846201 ], [ -99.026699507692271, 20.107919707692339 ], [ -99.026680415384575, 20.108145630769215 ], [ -99.026661307692279, 20.108272138461572 ], [ -99.026661338461508, 20.108507092307672 ], [ -99.02660396923072, 20.108669769230815 ], [ -99.026508338461525, 20.10885050769231 ], [ -99.026336153846145, 20.108877646153854 ], [ -99.026068276923027, 20.108769246153855 ], [ -99.025934338461511, 20.108742153846173 ], [ -99.025762138461531, 20.108687953846136 ], [ -99.025484692307643, 20.108525338461568 ], [ -99.025350738461512, 20.108362707692304 ], [ -99.025274184615327, 20.10822716923078 ], [ -99.025255015384573, 20.10803740000004 ], [ -99.025255, 20.107874738461547 ], [ -99.025312353846104, 20.107684969230757 ], [ -99.025455815384589, 20.10744095384619 ], [ -99.025589723076891, 20.10735961538462 ], [ -99.025800184615321, 20.107305353846115 ] ] ] ] } },
{ "type": "Feature", "properties": { "IDBD": 170157, "FC": 6291, "CONDICION": "CUERPO DE AGUA INTERMITENTE" }, "geometry": { "type": "MultiPolygon", "coordinates": [ [ [ [ -99.530256061538452, 20.11719130769233 ], [ -99.530418815384579, 20.117226953846192 ], [ -99.530581599999962, 20.117271646153839 ], [ -99.530744415384589, 20.117325384615381 ], [ -99.53088806153842, 20.117370123076952 ], [ -99.531012692307669, 20.1174510769231 ], [ -99.531146846153803, 20.117513923076917 ], [ -99.531213984615391, 20.117567938461534 ], [ -99.531281169230724, 20.117631 ], [ -99.531367446153808, 20.11768495384613 ], [ -99.531415369230757, 20.117711923076936 ], [ -99.53145367692305, 20.117720846153844 ], [ -99.53160661538459, 20.117684230769239 ], [ -99.531262553846105, 20.117784676923119 ], [ -99.531138184615344, 20.11778504615388 ], [ -99.531032923076921, 20.11777632307691 ], [ -99.530879892307695, 20.117785815384671 ], [ -99.530812861538465, 20.117767953846165 ], [ -99.5306979230769, 20.117723123076949 ], [ -99.530630830769198, 20.117687169230752 ], [ -99.530477553846112, 20.117624384615436 ], [ -99.530391276923041, 20.117570415384645 ], [ -99.53032412307688, 20.117516399999989 ], [ -99.530276138461545, 20.117471369230746 ], [ -99.530247230769206, 20.1174082 ], [ -99.530237261538446, 20.117290753846135 ], [ -99.530246676923042, 20.11724555384615 ], [ -99.530256061538452, 20.11719130769233 ] ] ] ] } },
{ "type": "Feature", "properties": { "IDBD": 170168, "FC": 6291, "CONDICION": "CUERPO DE AGUA INTERMITENTE" }, "geometry": { "type": "MultiPolygon", "coordinates": [ [ [ [ -99.025140046153851, 20.10692592307694 ], [ -99.025073153846108, 20.107359676923085 ], [ -99.025006215384607, 20.107558492307668 ], [ -99.024757538461543, 20.107802523076895 ], [ -99.024594923076904, 20.1078658 ], [ -99.024365338461493, 20.107920046153854 ], [ -99.024087907692291, 20.107865861538446 ], [ -99.022777230769194, 20.107260584615396 ], [ -99.02154312307691, 20.106763738461527 ], [ -99.021323076923082, 20.106601107692306 ], [ -99.021275230769234, 20.106438446153817 ], [ -99.021361276923031, 20.106149276923084 ], [ -99.021485599999934, 20.105796830769251 ], [ -99.021571661538431, 20.105598015384594 ], [ -99.021686415384593, 20.105263646153809 ], [ -99.021772476923076, 20.105028676923109 ], [ -99.021925492307659, 20.104757569230756 ], [ -99.022059399999989, 20.104676215384615 ], [ -99.022222030769214, 20.104649092307739 ], [ -99.022413353846133, 20.104730399999969 ], [ -99.022662092307655, 20.104865907692318 ], [ -99.022796030769186, 20.104974338461545 ], [ -99.022824769230752, 20.105191215384622 ], [ -99.02300653846153, 20.105326738461567 ], [ -99.023226569230715, 20.10538092307695 ], [ -99.023762353846109, 20.105886907692309 ], [ -99.024470292307669, 20.106166938461548 ], [ -99.024671199999958, 20.106293430769231 ], [ -99.024852984615379, 20.106456061538424 ], [ -99.025111292307656, 20.106573492307728 ], [ -99.025178276923029, 20.106736138461542 ], [ -99.025140046153851, 20.10692592307694 ] ] ] ] } },
{ "type": "Feature", "properties": { "IDBD": 170191, "FC": 6291, "CONDICION": "CUERPO DE AGUA INTERMITENTE" }, "geometry": { "type": "MultiPolygon", "coordinates": [ [ [ [ -99.10728595384613, 20.108033692307671 ], [ -99.107171276923054, 20.108223538461512 ], [ -99.106243538461513, 20.10850423076926 ], [ -99.105765323076923, 20.108649107692287 ], [ -99.105248784615384, 20.108712661538458 ], [ -99.105191276923037, 20.10855004615383 ], [ -99.105420769230747, 20.108396292307646 ], [ -99.105784092307672, 20.108115938461548 ], [ -99.10596578461535, 20.108007384615387 ], [ -99.106233569230767, 20.107898784615379 ], [ -99.106463061538435, 20.1077630923077 ], [ -99.106625630769187, 20.107681676923107 ], [ -99.106960476923049, 20.107708584615398 ], [ -99.1071423230769, 20.107844015384615 ], [ -99.10728595384613, 20.108033692307671 ] ] ] ] } },
{ "type": "Feature", "properties": { "IDBD": 170211, "FC": 6291, "CONDICION": "CUERPO DE AGUA INTERMITENTE" }, "geometry": { "type": "MultiPolygon", "coordinates": [ [ [ [ -99.507555276923071, 20.114420707692304 ], [ -99.507612584615359, 20.114393430769258 ], [ -99.507746415384574, 20.1143659384615 ], [ -99.507899507692287, 20.114374523076911 ], [ -99.508196061538442, 20.114373676923062 ], [ -99.508329969230743, 20.114364246153883 ], [ -99.508444815384593, 20.114382 ], [ -99.50852158461538, 20.114454061538506 ], [ -99.50847410769228, 20.114562630769225 ], [ -99.508407492307683, 20.114671261538483 ], [ -99.508273384615336, 20.114617430769211 ], [ -99.50812986153845, 20.114608815384603 ], [ -99.508024630769199, 20.114609107692324 ], [ -99.507986307692292, 20.114591153846124 ], [ -99.507871461538443, 20.114573415384605 ], [ -99.5077088, 20.114564846153858 ], [ -99.507546169230721, 20.114565307692317 ], [ -99.507555384615372, 20.114456846153807 ], [ -99.507555276923071, 20.114420707692304 ] ] ] ] } },
{ "type": "Feature", "properties": { "IDBD": 170213, "FC": 6291, "CONDICION": "CUERPO DE AGUA INTERMITENTE" }, "geometry": { "type": "MultiPolygon", "coordinates": [ [ [ [ -99.110930246153799, 20.107389846153854 ], [ -99.110557215384588, 20.107453338461518 ], [ -99.110241569230752, 20.107516784615385 ], [ -99.109935553846114, 20.107670600000013 ], [ -99.10958159999997, 20.107670830769273 ], [ -99.109591061538453, 20.107508153846172 ], [ -99.109782230769241, 20.107282123076924 ], [ -99.110183938461546, 20.107191507692296 ], [ -99.110757830769217, 20.107073676923118 ], [ -99.110863153846154, 20.107200123076886 ], [ -99.110930246153799, 20.107389846153854 ] ] ] ] } },
{ "type": "Feature", "properties": { "IDBD": 170220, "FC": 6291, "CONDICION": "CUERPO DE AGUA INTERMITENTE" }, "geometry": { "type": "MultiPolygon", "coordinates": [ [ [ [ -99.591350584615384, 20.115406661538493 ], [ -99.591292307692257, 20.115171907692353 ], [ -99.591272938461515, 20.115108723076915 ], [ -99.591253492307658, 20.115027461538464 ], [ -99.591243661538428, 20.114955200000018 ], [ -99.59126232307689, 20.114828630769278 ], [ -99.591319276923031, 20.114710969230789 ], [ -99.591395430769211, 20.114611323076918 ], [ -99.591471753846136, 20.114556846153853 ], [ -99.591490846153846, 20.114547753846153 ], [ -99.59159590769228, 20.114502215384675 ], [ -99.591681969230734, 20.114492892307723 ], [ -99.591777599999972, 20.114483538461553 ], [ -99.591921123076901, 20.114492092307724 ], [ -99.592036030769194, 20.114518815384582 ], [ -99.592160415384598, 20.114527430769257 ], [ -99.592332369230775, 20.114463600000036 ], [ -99.592447815384588, 20.114634892307684 ], [ -99.592467384615375, 20.114752307692321 ], [ -99.5924582, 20.114851738461532 ], [ -99.592420276923022, 20.114942215384598 ], [ -99.59236321538458, 20.115032769230751 ], [ -99.592239230769195, 20.115132584615395 ], [ -99.592067338461518, 20.115214492307718 ], [ -99.591809492307675, 20.115332830769255 ], [ -99.591350584615384, 20.115406661538493 ] ] ] ] } },
{ "type": "Feature", "properties": { "IDBD": 170223, "FC": 6291, "CONDICION": "CUERPO DE AGUA INTERMITENTE" }, "geometry": { "type": "MultiPolygon", "coordinates": [ [ [ [ -99.539698276923048, 20.114415630769233 ], [ -99.53965016923074, 20.114334461538434 ], [ -99.53964986153845, 20.114244092307729 ], [ -99.539687846153811, 20.114162661538487 ], [ -99.539745030769197, 20.114099230769256 ], [ -99.539811861538411, 20.114062876923072 ], [ -99.539974276923033, 20.113999123076923 ], [ -99.540117707692275, 20.113980615384623 ], [ -99.540184569230732, 20.113953307692324 ], [ -99.5404236, 20.113916415384629 ], [ -99.540357446153806, 20.114151569230799 ], [ -99.540204723076883, 20.114251430769219 ], [ -99.539956507692267, 20.114396769230794 ], [ -99.539774907692291, 20.114442507692328 ], [ -99.539698276923048, 20.114415630769233 ] ] ] ] } },
{ "type": "Feature", "properties": { "IDBD": 170239, "FC": 6291, "CONDICION": "CUERPO DE AGUA INTERMITENTE" }, "geometry": { "type": "MultiPolygon", "coordinates": [ [ [ [ -99.620723046153813, 20.113950307692317 ], [ -99.620981076923059, 20.113886138461517 ], [ -99.6210958, 20.113867661538478 ], [ -99.621287307692285, 20.113912169230783 ], [ -99.621383076923067, 20.11393893846148 ], [ -99.621545938461537, 20.114001615384609 ], [ -99.621632246153808, 20.114055538461557 ], [ -99.621699430769198, 20.11410950769228 ], [ -99.621747446153805, 20.114154523076948 ], [ -99.621757569230752, 20.114299061538453 ], [ -99.621748446153831, 20.114407538461499 ], [ -99.621605584615367, 20.114570692307726 ], [ -99.621500861538422, 20.114697569230753 ], [ -99.621300830769187, 20.114915138461559 ], [ -99.620723046153813, 20.113950307692317 ] ] ] ] } },
{ "type": "Feature", "properties": { "IDBD": 170242, "FC": 6291, "CONDICION": "CUERPO DE AGUA INTERMITENTE" }, "geometry": { "type": "MultiPolygon", "coordinates": [ [ [ [ -99.506383769230723, 20.113050553846161 ], [ -99.506344799999965, 20.112833784615386 ], [ -99.506344369230746, 20.112698246153851 ], [ -99.506363292307682, 20.112634938461557 ], [ -99.506449061538419, 20.112535292307729 ], [ -99.506534984615357, 20.112480830769208 ], [ -99.506707092307678, 20.112453230769251 ], [ -99.506917553846122, 20.112452615384615 ], [ -99.507051646153855, 20.112506461538477 ], [ -99.507166846153822, 20.112632630769237 ], [ -99.507224984615334, 20.112858369230782 ], [ -99.506594046153822, 20.112995723076903 ], [ -99.506383769230723, 20.113050553846161 ] ] ] ] } },
{ "type": "Feature", "properties": { "IDBD": 170248, "FC": 6291, "CONDICION": "CUERPO DE AGUA INTERMITENTE" }, "geometry": { "type": "MultiPolygon", "coordinates": [ [ [ [ -99.528777615384584, 20.112795076923067 ], [ -99.528758292307629, 20.112740923076949 ], [ -99.528729169230758, 20.112614492307717 ], [ -99.528709676923071, 20.112506123076894 ], [ -99.52869027692303, 20.112424846153839 ], [ -99.528622738461522, 20.112253369230782 ], [ -99.528689569230764, 20.112217015384616 ], [ -99.528842969230752, 20.112315953846156 ], [ -99.528900476923042, 20.112351938461554 ], [ -99.528986615384582, 20.112360707692307 ], [ -99.529053692307642, 20.112396661538472 ], [ -99.529111123076873, 20.112405523076927 ], [ -99.529197215384571, 20.112405261538491 ], [ -99.529273953846157, 20.112468276923071 ], [ -99.529293153846126, 20.112486292307672 ], [ -99.529312615384598, 20.112585646153825 ], [ -99.529322369230755, 20.11263983076924 ], [ -99.529313292307663, 20.112784430769249 ], [ -99.529303784615365, 20.112802538461555 ], [ -99.529313830769198, 20.112947092307692 ], [ -99.529333246153811, 20.113028353846158 ], [ -99.529323923076888, 20.1131006769231 ], [ -99.52931472307688, 20.113209138461535 ], [ -99.529238215384609, 20.1132184 ], [ -99.529123384615346, 20.113209707692306 ], [ -99.529075476923055, 20.113182738461546 ], [ -99.528960430769231, 20.113110799999966 ], [ -99.528902815384612, 20.113047723076946 ], [ -99.528777615384584, 20.112795076923067 ] ] ] ] } },
{ "type": "Feature", "properties": { "IDBD": 170251, "FC": 6291, "CONDICION": "CUERPO DE AGUA INTERMITENTE" }, "geometry": { "type": "MultiPolygon", "coordinates": [ [ [ [ -99.504753338461498, 20.111754 ], [ -99.504697415384555, 20.112215015384621 ], [ -99.504640538461501, 20.112377830769244 ], [ -99.504555046153826, 20.112567830769265 ], [ -99.504383323076908, 20.112712907692295 ], [ -99.504277723076896, 20.112595738461554 ], [ -99.504219769230744, 20.112424215384618 ], [ -99.504238492307692, 20.11229764615388 ], [ -99.504247538461527, 20.112134969230734 ], [ -99.504314123076895, 20.112017307692327 ], [ -99.504428569230726, 20.111908538461535 ], [ -99.504524061538433, 20.111854046153869 ], [ -99.504753338461498, 20.111754 ] ] ] ] } },
{ "type": "Feature", "properties": { "IDBD": 170260, "FC": 6291, "CONDICION": "CUERPO DE AGUA INTERMITENTE" }, "geometry": { "type": "MultiPolygon", "coordinates": [ [ [ [ -99.533618369230723, 20.112861830769226 ], [ -99.533608030769216, 20.112635953846191 ], [ -99.53360755384611, 20.112491369230767 ], [ -99.533587707692291, 20.112283600000012 ], [ -99.533586938461525, 20.112057692307712 ], [ -99.533988569230758, 20.112011292307706 ], [ -99.534275523076886, 20.112001384615404 ], [ -99.534562538461529, 20.11200955384615 ], [ -99.534696461538402, 20.112009153846166 ], [ -99.534611138461528, 20.112235323076952 ], [ -99.53432501538461, 20.1124892 ], [ -99.534038753846133, 20.11270693846151 ], [ -99.533742753846141, 20.112870492307717 ], [ -99.533618369230723, 20.112861830769226 ] ] ] ] } },
{ "type": "Feature", "properties": { "IDBD": 170261, "FC": 6291, "CONDICION": "CUERPO DE AGUA INTERMITENTE" }, "geometry": { "type": "MultiPolygon", "coordinates": [ [ [ [ -99.603041076923063, 20.113017661538446 ], [ -99.603193676923041, 20.112899676923103 ], [ -99.603222415384565, 20.112908615384612 ], [ -99.603318276923062, 20.112962492307737 ], [ -99.603347107692272, 20.112998538461564 ], [ -99.603433307692285, 20.113025353846165 ], [ -99.603538615384636, 20.113043076923052 ], [ -99.6037682, 20.113042276923064 ], [ -99.603854261538402, 20.113032953846137 ], [ -99.603930815384587, 20.113041723076932 ], [ -99.604055138461533, 20.113032261538443 ], [ -99.604113199999958, 20.113203753846172 ], [ -99.604075353846113, 20.113312323076915 ], [ -99.604018153846141, 20.113366738461561 ], [ -99.603913246153837, 20.113448415384607 ], [ -99.603789092307679, 20.113503061538506 ], [ -99.603397199999961, 20.113585723076916 ], [ -99.603282507692299, 20.113613230769232 ], [ -99.603196553846118, 20.113649661538467 ], [ -99.603148892307672, 20.113695015384621 ], [ -99.603101369230714, 20.113776492307711 ], [ -99.603025123076904, 20.113849046153835 ], [ -99.602872415384581, 20.113939923076916 ], [ -99.603041076923063, 20.113017661538446 ] ] ] ] } },
{ "type": "Feature", "properties": { "IDBD": 170268, "FC": 6291, "CONDICION": "CUERPO DE AGUA INTERMITENTE" }, "geometry": { "type": "MultiPolygon", "coordinates": [ [ [ [ -99.084496646153809, 20.103536830769247 ], [ -99.084621, 20.10351870769232 ], [ -99.084678415384587, 20.103572892307696 ], [ -99.084678476923045, 20.103672292307667 ], [ -99.084707230769169, 20.103780723076934 ], [ -99.084793338461509, 20.103807784615377 ], [ -99.084764676923058, 20.103871061538474 ], [ -99.084669061538449, 20.103961476923079 ], [ -99.084697830769215, 20.104078938461573 ], [ -99.08465007692304, 20.104241615384588 ], [ -99.084478046153777, 20.104539907692313 ], [ -99.084420738461503, 20.104684523076926 ], [ -99.084363369230772, 20.1047478 ], [ -99.08428686153843, 20.104793015384608 ], [ -99.084219861538429, 20.104720753846145 ], [ -99.084162430769226, 20.104657523076895 ], [ -99.084171907692266, 20.104494861538463 ], [ -99.084219692307656, 20.104395446153841 ], [ -99.084257907692262, 20.104305061538462 ], [ -99.084190923076918, 20.104259907692331 ], [ -99.08407613846154, 20.104278030769247 ], [ -99.083923015384599, 20.104169661538439 ], [ -99.083875092307679, 20.103970892307718 ], [ -99.083760215384601, 20.10382635384612 ], [ -99.083674, 20.103591446153846 ], [ -99.083712153846122, 20.103374553846162 ], [ -99.0838173230769, 20.103284138461525 ], [ -99.083520753846145, 20.103248123076927 ], [ -99.083386815384586, 20.103221076923084 ], [ -99.083463292307684, 20.103112600000049 ], [ -99.083558923076893, 20.103058338461498 ], [ -99.083702446153822, 20.103112492307705 ], [ -99.083855523076892, 20.103157600000014 ], [ -99.08401816923076, 20.103193676923077 ], [ -99.084075492307662, 20.10307616923075 ], [ -99.0841711384615, 20.103049015384595 ], [ -99.084276353846136, 20.103030892307686 ], [ -99.084458092307642, 20.10300369230772 ], [ -99.084505969230747, 20.103075969230776 ], [ -99.084362523076877, 20.103157369230807 ], [ -99.084391276923029, 20.103265784615431 ], [ -99.0844296, 20.103365169230791 ], [ -99.084448784615347, 20.103464569230738 ], [ -99.084496646153809, 20.103536830769247 ] ] ] ] } },
{ "type": "Feature", "properties": { "IDBD": 170284, "FC": 6291, "CONDICION": "CUERPO DE AGUA INTERMITENTE" }, "geometry": { "type": "MultiPolygon", "coordinates": [ [ [ [ -99.552002230769205, 20.112154646153886 ], [ -99.551896538461534, 20.112019430769251 ], [ -99.551819538461515, 20.111884123076941 ], [ -99.551733030769199, 20.111766923076924 ], [ -99.55173246153845, 20.111604276923039 ], [ -99.551770246153822, 20.111468615384609 ], [ -99.551913769230751, 20.111477199999989 ], [ -99.552018923076901, 20.111458799999955 ], [ -99.552114615384596, 20.111467538461543 ], [ -99.552191661538444, 20.111611876923089 ], [ -99.552230753846089, 20.111846692307694 ], [ -99.552164738461514, 20.112117984615413 ], [ -99.552002230769205, 20.112154646153886 ] ] ] ] } },
{ "type": "Feature", "properties": { "IDBD": 170285, "FC": 6291, "CONDICION": "CUERPO DE AGUA INTERMITENTE" }, "geometry": { "type": "MultiPolygon", "coordinates": [ [ [ [ -99.15179403076921, 20.104097230769234 ], [ -99.151880184615351, 20.10415136923077 ], [ -99.15196636923072, 20.104250692307659 ], [ -99.152033507692295, 20.104422338461539 ], [ -99.15208147692303, 20.104575923076915 ], [ -99.152052907692308, 20.104711492307736 ], [ -99.151967, 20.104901323076927 ], [ -99.151833246153814, 20.105073138461499 ], [ -99.151689846153829, 20.105172661538493 ], [ -99.151498553846096, 20.105208969230738 ], [ -99.151278523076911, 20.10519109230772 ], [ -99.151068, 20.105128015384636 ], [ -99.150876538461546, 20.104974553846166 ], [ -99.150799815384588, 20.104775815384631 ], [ -99.150761399999979, 20.10461320000001 ], [ -99.150799476923055, 20.104414353846149 ], [ -99.150923692307671, 20.104260630769225 ], [ -99.151057538461529, 20.104188230769211 ], [ -99.15122009230771, 20.104115784615381 ], [ -99.151392230769233, 20.104070461538505 ], [ -99.151583538461509, 20.104043184615392 ], [ -99.15179403076921, 20.104097230769234 ] ] ] ] } },
{ "type": "Feature", "properties": { "IDBD": 170290, "FC": 6291, "CONDICION": "CUERPO DE AGUA INTERMITENTE" }, "geometry": { "type": "MultiPolygon", "coordinates": [ [ [ [ -99.507811430769181, 20.110796400000027 ], [ -99.507849553846128, 20.11075112307692 ], [ -99.507887707692277, 20.110714861538476 ], [ -99.508107630769217, 20.110687123076978 ], [ -99.508566953846127, 20.110730984615426 ], [ -99.50836749230767, 20.111174323076924 ], [ -99.507754799999972, 20.111031507692275 ], [ -99.507811430769181, 20.110796400000027 ] ] ] ] } },
{ "type": "Feature", "properties": { "IDBD": 170298, "FC": 6291, "CONDICION": "CUERPO DE AGUA INTERMITENTE" }, "geometry": { "type": "MultiPolygon", "coordinates": [ [ [ [ -99.546306107692303, 20.110934415384584 ], [ -99.54650703076922, 20.110942815384586 ], [ -99.546593184615361, 20.110960630769284 ], [ -99.546650676923051, 20.110987553846162 ], [ -99.546736984615364, 20.111050538461534 ], [ -99.546794569230727, 20.111104584615365 ], [ -99.546957692307686, 20.111248661538468 ], [ -99.547101723076906, 20.111401830769221 ], [ -99.546872446153799, 20.111492907692337 ], [ -99.546748123076881, 20.111502323076959 ], [ -99.546623615384576, 20.111457523076936 ], [ -99.546489338461498, 20.111358538461523 ], [ -99.546364415384559, 20.111196276923085 ], [ -99.54630638461532, 20.111015738461518 ], [ -99.546306107692303, 20.110934415384584 ] ] ] ] } },
{ "type": "Feature", "properties": { "IDBD": 170301, "FC": 6291, "CONDICION": "CUERPO DE AGUA INTERMITENTE" }, "geometry": { "type": "MultiPolygon", "coordinates": [ [ [ [ -99.529832830769209, 20.110822 ], [ -99.530004953846117, 20.110803415384623 ], [ -99.530196215384592, 20.110784769230779 ], [ -99.530339676923049, 20.110775292307704 ], [ -99.530521461538441, 20.110783784615389 ], [ -99.530636430769192, 20.110837661538461 ], [ -99.530550707692285, 20.11094635384616 ], [ -99.530311861538451, 20.111037430769247 ], [ -99.530120599999961, 20.111056076923084 ], [ -99.529976953846131, 20.111011338461523 ], [ -99.529871430769219, 20.110921292307722 ], [ -99.529832830769209, 20.110822 ] ] ] ] } },
{ "type": "Feature", "properties": { "IDBD": 170304, "FC": 6291, "CONDICION": "CUERPO DE AGUA INTERMITENTE" }, "geometry": { "type": "MultiPolygon", "coordinates": [ [ [ [ -99.533600661538401, 20.110458230769215 ], [ -99.533629261538394, 20.110431030769227 ], [ -99.533744015384599, 20.110421646153839 ], [ -99.533992676923049, 20.11040283076921 ], [ -99.534136230769207, 20.11042046153845 ], [ -99.534336969230736, 20.110374676923058 ], [ -99.534403892307665, 20.110365430769235 ], [ -99.534509, 20.110328969230753 ], [ -99.534719446153815, 20.110328338461567 ], [ -99.534710092307662, 20.110391615384572 ], [ -99.5347774, 20.110490815384633 ], [ -99.534596107692266, 20.110626907692314 ], [ -99.534510261538443, 20.110699461538463 ], [ -99.534414846153808, 20.110772030769226 ], [ -99.534328923076913, 20.110826507692355 ], [ -99.534223861538464, 20.110872015384572 ], [ -99.534070892307653, 20.1108995846154 ], [ -99.533975261538416, 20.110908907692316 ], [ -99.533812246153801, 20.110791938461546 ], [ -99.533735461538427, 20.110719876923053 ], [ -99.533687399999963, 20.110647723076919 ], [ -99.533629784615343, 20.110584646153878 ], [ -99.53359133846152, 20.1105305538462 ], [ -99.533600661538401, 20.110458230769215 ] ] ] ] } },
{ "type": "Feature", "properties": { "IDBD": 170305, "FC": 6291, "CONDICION": "CUERPO DE AGUA INTERMITENTE" }, "geometry": { "type": "MultiPolygon", "coordinates": [ [ [ [ -99.608270138461492, 20.112078015384604 ], [ -99.608257615384588, 20.111309984615406 ], [ -99.608782338461523, 20.110946723076921 ], [ -99.608896846153797, 20.110874046153871 ], [ -99.608973138461494, 20.11081052307695 ], [ -99.609106569230704, 20.110683553846183 ], [ -99.609192276923054, 20.110583861538483 ], [ -99.609268661538408, 20.110547461538491 ], [ -99.609431, 20.110474600000042 ], [ -99.60959352307691, 20.110446938461497 ], [ -99.609670107692281, 20.11046473846158 ], [ -99.609727538461499, 20.110473584615331 ], [ -99.609832984615366, 20.110527430769235 ], [ -99.609842830769182, 20.110599692307744 ], [ -99.609824215384592, 20.110735292307705 ], [ -99.609700353846137, 20.110862230769271 ], [ -99.609614569230772, 20.110943846153813 ], [ -99.609395292307667, 20.11113436923079 ], [ -99.60912856923072, 20.11142444615383 ], [ -99.608947646153794, 20.111641938461538 ], [ -99.608728230769202, 20.111796323076891 ], [ -99.608556276923068, 20.111860169230788 ], [ -99.608270138461492, 20.112078015384604 ] ] ] ] } },
{ "type": "Feature", "properties": { "IDBD": 170309, "FC": 6291, "CONDICION": "CUERPO DE AGUA INTERMITENTE" }, "geometry": { "type": "MultiPolygon", "coordinates": [ [ [ [ -99.528394769230715, 20.109886538461566 ], [ -99.528338061538449, 20.110094553846139 ], [ -99.528367153846105, 20.110211938461582 ], [ -99.528405907692274, 20.110356400000033 ], [ -99.528549938461524, 20.110518615384567 ], [ -99.528655599999965, 20.110644815384617 ], [ -99.528445199999979, 20.110663507692287 ], [ -99.528225123076908, 20.110646092307707 ], [ -99.528186830769215, 20.110637184615406 ], [ -99.528138938461495, 20.11061924615387 ], [ -99.528062261538466, 20.11057429230771 ], [ -99.52800458461536, 20.110493138461525 ], [ -99.528004307692285, 20.110411815384658 ], [ -99.528051692307642, 20.110276123076911 ], [ -99.528070646153822, 20.110221861538509 ], [ -99.528137276923076, 20.110122261538478 ], [ -99.528184923076907, 20.110067892307672 ], [ -99.528394769230715, 20.109886538461566 ] ] ] ] } },
{ "type": "Feature", "properties": { "IDBD": 170317, "FC": 6291, "CONDICION": "CUERPO DE AGUA INTERMITENTE" }, "geometry": { "type": "MultiPolygon", "coordinates": [ [ [ [ -99.536171476923087, 20.109736569230737 ], [ -99.536285907692289, 20.109627784615409 ], [ -99.536419584615388, 20.109555092307659 ], [ -99.536534123076891, 20.109482446153862 ], [ -99.536715876923026, 20.109481892307706 ], [ -99.53678327692306, 20.109608199999961 ], [ -99.536822215384618, 20.10980687692313 ], [ -99.53683239999998, 20.109987569230817 ], [ -99.536842461538455, 20.110132123076937 ], [ -99.536823907692295, 20.110303876923094 ], [ -99.536824399999986, 20.110448446153871 ], [ -99.536709584615338, 20.11043976923078 ], [ -99.5366616, 20.11039472307694 ], [ -99.536594476923071, 20.110349753846116 ], [ -99.536556030769219, 20.110295646153844 ], [ -99.536508046153813, 20.110250615384636 ], [ -99.536373569230733, 20.110088369230795 ], [ -99.536325399999967, 20.109989123076925 ], [ -99.536258292307679, 20.109944138461557 ], [ -99.536171876923049, 20.109854046153849 ], [ -99.536171476923087, 20.109736569230737 ] ] ] ] } },
{ "type": "Feature", "properties": { "IDBD": 170319, "FC": 6291, "CONDICION": "CUERPO DE AGUA INTERMITENTE" }, "geometry": { "type": "MultiPolygon", "coordinates": [ [ [ [ -99.613921384615381, 20.11148012307693 ], [ -99.614035261538419, 20.111244784615401 ], [ -99.614130676923054, 20.1111812 ], [ -99.614178292307656, 20.111126815384559 ], [ -99.614225876923044, 20.111063399999974 ], [ -99.614273430769217, 20.11099093846153 ], [ -99.614387938461505, 20.110918261538451 ], [ -99.614435876923068, 20.110945200000025 ], [ -99.61451289230763, 20.111071430769218 ], [ -99.614475092307657, 20.111189030769257 ], [ -99.61445627692305, 20.111270430769213 ], [ -99.614418292307661, 20.111342846153846 ], [ -99.614351646153821, 20.111424415384651 ], [ -99.614027276923025, 20.111651446153832 ], [ -99.613921384615381, 20.11148012307693 ] ] ] ] } },
{ "type": "Feature", "properties": { "IDBD": 170329, "FC": 6291, "CONDICION": "CUERPO DE AGUA INTERMITENTE" }, "geometry": { "type": "MultiPolygon", "coordinates": [ [ [ [ -99.621733415384583, 20.110603369230756 ], [ -99.6219056, 20.110602753846141 ], [ -99.621943969230742, 20.110629723076904 ], [ -99.622001507692246, 20.110665676923126 ], [ -99.62208778461536, 20.110710553846154 ], [ -99.622135707692308, 20.110737492307695 ], [ -99.622193246153813, 20.110773430769221 ], [ -99.622222061538423, 20.110800430769228 ], [ -99.62222227692304, 20.110854646153832 ], [ -99.622203430769204, 20.110927 ], [ -99.622194184615353, 20.111008369230795 ], [ -99.622195076923035, 20.111234261538492 ], [ -99.621994584615365, 20.11133436923074 ], [ -99.621803292307689, 20.111344076923086 ], [ -99.621650030769217, 20.111290400000026 ], [ -99.621592384615369, 20.111227353846147 ], [ -99.621563261538412, 20.111119030769196 ], [ -99.621591353846142, 20.110965307692322 ], [ -99.621676476923071, 20.110721030769248 ], [ -99.621733415384583, 20.110603369230756 ] ] ] ] } },
{ "type": "Feature", "properties": { "IDBD": 170330, "FC": 6291, "CONDICION": "CUERPO DE AGUA INTERMITENTE" }, "geometry": { "type": "MultiPolygon", "coordinates": [ [ [ [ -99.527587615384576, 20.108813646153823 ], [ -99.527492953846121, 20.109112123076908 ], [ -99.527426353846153, 20.109220753846117 ], [ -99.527312076923081, 20.109374707692304 ], [ -99.52707416923073, 20.109745907692336 ], [ -99.527073784615325, 20.109628446153835 ], [ -99.527044261538464, 20.109384553846191 ], [ -99.527053461538443, 20.109276092307702 ], [ -99.52710093846153, 20.109167507692327 ], [ -99.527157938461528, 20.109049876923127 ], [ -99.5273296, 20.10889573846157 ], [ -99.527587615384576, 20.108813646153823 ] ] ] ] } },
{ "type": "Feature", "properties": { "IDBD": 170334, "FC": 6291, "CONDICION": "CUERPO DE AGUA INTERMITENTE" }, "geometry": { "type": "MultiPolygon", "coordinates": [ [ [ [ -99.077043492307652, 20.101028076923129 ], [ -99.077072153846146, 20.100964815384629 ], [ -99.077129523076877, 20.100901523076942 ], [ -99.077177307692267, 20.100802107692331 ], [ -99.077205953846118, 20.100702692307678 ], [ -99.077292015384614, 20.100639400000027 ], [ -99.077378092307711, 20.100612246153812 ], [ -99.077502446153787, 20.100594123076924 ], [ -99.077588553846127, 20.100630230769234 ], [ -99.077665092307683, 20.100666338461515 ], [ -99.077751169230737, 20.100621123076902 ], [ -99.077875523076884, 20.100621061538472 ], [ -99.077942507692299, 20.100684292307704 ], [ -99.077999953846131, 20.100774630769241 ], [ -99.078057384615363, 20.100855938461518 ], [ -99.07815306153843, 20.100883 ], [ -99.078258292307652, 20.100910061538482 ], [ -99.078315738461512, 20.101000399999975 ], [ -99.078344476923064, 20.101090753846126 ], [ -99.078373246153831, 20.101235338461564 ], [ -99.078325476923084, 20.101334753846153 ], [ -99.078277676923037, 20.101407076923049 ], [ -99.078201184615367, 20.101479400000034 ], [ -99.078124692307654, 20.101542692307678 ], [ -99.07806732307688, 20.101587892307684 ], [ -99.07800036923075, 20.101615030769224 ], [ -99.077885615384588, 20.101678338461564 ], [ -99.077837799999983, 20.101705476923073 ], [ -99.077713446153851, 20.101714569230761 ], [ -99.077541215384571, 20.101615230769276 ], [ -99.077416799999952, 20.101515892307685 ], [ -99.0772828, 20.101362323076941 ], [ -99.077187092307696, 20.101253923076918 ], [ -99.07717747692304, 20.101145492307719 ], [ -99.077110492307654, 20.10110938461537 ], [ -99.077043492307652, 20.101028076923129 ] ] ] ] } },
{ "type": "Feature", "properties": { "IDBD": 170343, "FC": 6291, "CONDICION": "CUERPO DE AGUA INTERMITENTE" }, "geometry": { "type": "MultiPolygon", "coordinates": [ [ [ [ -99.585178461538433, 20.109770569230736 ], [ -99.585015399999989, 20.109653646153834 ], [ -99.585024507692268, 20.109527107692319 ], [ -99.585129384615328, 20.109436400000018 ], [ -99.585244015384589, 20.109390830769218 ], [ -99.585416092307696, 20.109363153846147 ], [ -99.585703076923053, 20.1093622 ], [ -99.585856230769181, 20.1093888 ], [ -99.585990153846126, 20.109388353846146 ], [ -99.58618163076919, 20.109432907692337 ], [ -99.586507415384602, 20.1095764 ], [ -99.586746907692302, 20.109665969230736 ], [ -99.587024615384593, 20.10974636923077 ], [ -99.587168230769208, 20.109782030769221 ], [ -99.587312061538398, 20.109871923076938 ], [ -99.587341061538453, 20.109953153846163 ], [ -99.587246015384579, 20.11011612307696 ], [ -99.587112123076906, 20.1101256 ], [ -99.587016430769211, 20.110116876923058 ], [ -99.586939907692269, 20.110117138461518 ], [ -99.586863476923014, 20.110144492307704 ], [ -99.586739323076898, 20.110199123076921 ], [ -99.58660546153844, 20.110217646153892 ], [ -99.586548, 20.110199769230736 ], [ -99.586452107692281, 20.110136830769253 ], [ -99.586404076923074, 20.110082769230779 ], [ -99.586336953846143, 20.110037815384622 ], [ -99.586164553846118, 20.109984169230774 ], [ -99.586021, 20.109966569230821 ], [ -99.585829692307655, 20.10996721538466 ], [ -99.585762784615326, 20.109985507692336 ], [ -99.58573412307689, 20.109994630769236 ], [ -99.58565776923075, 20.110040076923084 ], [ -99.585638769230741, 20.11007627692312 ], [ -99.585619738461503, 20.110103446153808 ], [ -99.585514215384563, 20.110022476923103 ], [ -99.585178461538433, 20.109770569230736 ] ] ] ] } },
{ "type": "Feature", "properties": { "IDBD": 170344, "FC": 6291, "CONDICION": "CUERPO DE AGUA INTERMITENTE" }, "geometry": { "type": "MultiPolygon", "coordinates": [ [ [ [ -98.983068692307697, 20.098387323076913 ], [ -98.98300173846151, 20.098305984615429 ], [ -98.982973061538402, 20.098197553846148 ], [ -98.982982630769186, 20.098089107692306 ], [ -98.983068723076912, 20.098098153846131 ], [ -98.983154815384594, 20.098170461538473 ], [ -98.983250461538418, 20.098179507692301 ], [ -98.983336553846172, 20.098197584615427 ], [ -98.983384384615348, 20.098251799999989 ], [ -98.983403507692316, 20.098315061538482 ], [ -98.98349915384614, 20.098333153846145 ], [ -98.983585246153822, 20.098396415384613 ], [ -98.983642630769211, 20.098459676923099 ], [ -98.98368087692306, 20.098577153846186 ], [ -98.983680861538431, 20.098803061538469 ], [ -98.983661707692292, 20.098938615384622 ], [ -98.983642569230724, 20.099065123076937 ], [ -98.983680815384602, 20.099173569230764 ], [ -98.983757338461501, 20.099300092307693 ], [ -98.983719061538409, 20.099381415384617 ], [ -98.983632969230769, 20.099408507692328 ], [ -98.983546892307672, 20.099300061538472 ], [ -98.983432092307638, 20.099318123076948 ], [ -98.983326861538416, 20.099345230769281 ], [ -98.983202507692283, 20.099363292307689 ], [ -98.983097292307676, 20.099336169230746 ], [ -98.983030338461518, 20.099227723076918 ], [ -98.982963399999988, 20.099128323076904 ], [ -98.982953830769219, 20.099037953846135 ], [ -98.982953861538434, 20.098821076923063 ], [ -98.982973, 20.098712630769267 ], [ -98.983011276923065, 20.0985770923077 ], [ -98.983049553846115, 20.098477692307689 ], [ -98.983068692307697, 20.098387323076913 ] ] ] ] } },
{ "type": "Feature", "properties": { "IDBD": 170370, "FC": 6291, "CONDICION": "CUERPO DE AGUA INTERMITENTE" }, "geometry": { "type": "MultiPolygon", "coordinates": [ [ [ [ -99.00284101538459, 20.098153169230798 ], [ -99.002735784615339, 20.098361 ], [ -99.002401, 20.098541738461552 ], [ -99.00224793846148, 20.098605 ], [ -99.002114030769206, 20.098713446153873 ], [ -99.001903584615363, 20.098758630769236 ], [ -99.001721830769199, 20.098803815384588 ], [ -99.001549646153805, 20.098749599999966 ], [ -99.001367892307641, 20.098686338461544 ], [ -99.001224415384598, 20.098586938461541 ], [ -99.001080923076927, 20.098478507692302 ], [ -99.00106179999996, 20.098351984615405 ], [ -99.001128753846118, 20.098216446153852 ], [ -99.001195707692276, 20.098008600000011 ], [ -99.001358323076914, 20.097954369230777 ], [ -99.001568769230758, 20.097900153846123 ], [ -99.001779215384602, 20.097873046153861 ], [ -99.001960969230751, 20.097845938461582 ], [ -99.002200107692261, 20.097836892307704 ], [ -99.002334030769205, 20.097845923076882 ], [ -99.002544476923049, 20.097891107692337 ], [ -99.002697523076876, 20.097918215384603 ], [ -99.002821876923051, 20.097999538461536 ], [ -99.00284101538459, 20.098153169230798 ] ] ] ] } },
{ "type": "Feature", "properties": { "IDBD": 170373, "FC": 6291, "CONDICION": "CUERPO DE AGUA INTERMITENTE" }, "geometry": { "type": "MultiPolygon", "coordinates": [ [ [ [ -99.53903589230768, 20.108155523076945 ], [ -99.538987907692274, 20.108110492307709 ], [ -99.538959061538392, 20.108065399999965 ], [ -99.538939830769195, 20.108038353846162 ], [ -99.538920476923067, 20.107975153846152 ], [ -99.538910769230753, 20.10793 ], [ -99.538900984615353, 20.107866784615375 ], [ -99.53890061538462, 20.107758353846183 ], [ -99.538919553846128, 20.107704076923099 ], [ -99.538996076923027, 20.107703846153807 ], [ -99.539082199999953, 20.107712615384614 ], [ -99.539273553846144, 20.107721061538427 ], [ -99.539350138461501, 20.107738907692287 ], [ -99.539322707692293, 20.108109476923062 ], [ -99.539255938461551, 20.108163892307694 ], [ -99.53903589230768, 20.108155523076945 ] ] ] ] } },
{ "type": "Feature", "properties": { "IDBD": 170375, "FC": 6291, "CONDICION": "CUERPO DE AGUA INTERMITENTE" }, "geometry": { "type": "MultiPolygon", "coordinates": [ [ [ [ -99.536317953846122, 20.107802369230733 ], [ -99.536184184615337, 20.107847953846179 ], [ -99.536050507692266, 20.107920646153868 ], [ -99.535572430769193, 20.10798535384615 ], [ -99.535419061538448, 20.107895461538458 ], [ -99.5353420153846, 20.107742076923042 ], [ -99.535437153846146, 20.107588169230766 ], [ -99.53566689230766, 20.107632646153832 ], [ -99.535944230769218, 20.10761373846152 ], [ -99.536087815384576, 20.107640415384601 ], [ -99.53626, 20.107639892307702 ], [ -99.536317584615347, 20.107693923076923 ], [ -99.536317953846122, 20.107802369230733 ] ] ] ] } },
{ "type": "Feature", "properties": { "IDBD": 170383, "FC": 6292, "CONDICION": "CUERPO DE AGUA PERENNE" }, "geometry": { "type": "MultiPolygon", "coordinates": [ [ [ [ -99.403560215384587, 20.103935984615386 ], [ -99.403455430769213, 20.104107923076949 ], [ -99.403417307692266, 20.104162215384626 ], [ -99.403350507692295, 20.104225630769239 ], [ -99.403226338461522, 20.104298200000027 ], [ -99.403035276923063, 20.104398046153854 ], [ -99.40288223076918, 20.104398384615404 ], [ -99.402709969230756, 20.104371676923098 ], [ -99.402356123076927, 20.104408630769235 ], [ -99.40216481538458, 20.104409061538458 ], [ -99.401916046153829, 20.104391553846146 ], [ -99.401619599999961, 20.104428384615364 ], [ -99.401504923076899, 20.104473815384623 ], [ -99.40141901538459, 20.104546307692321 ], [ -99.401333184615382, 20.104645907692312 ], [ -99.401257199999961, 20.104862953846183 ], [ -99.401219292307673, 20.10499858461537 ], [ -99.401114461538427, 20.105152446153816 ], [ -99.400961692307675, 20.105270261538511 ], [ -99.400713199999984, 20.105352153846162 ], [ -99.400569492307682, 20.105271153846182 ], [ -99.400415692307675, 20.104973307692315 ], [ -99.40038666153842, 20.104846861538448 ], [ -99.400472246153797, 20.104647861538499 ], [ -99.400558076923062, 20.104539230769223 ], [ -99.400663061538424, 20.104448630769213 ], [ -99.400815861538419, 20.10434887692308 ], [ -99.401035630769186, 20.104248984615342 ], [ -99.401188446153796, 20.104158261538455 ], [ -99.401312615384569, 20.104085692307681 ], [ -99.40148456923076, 20.103994938461526 ], [ -99.401580092307654, 20.103940507692332 ], [ -99.401704261538455, 20.10386792307694 ], [ -99.402134030769218, 20.103595861538448 ], [ -99.402239169230739, 20.103559476923049 ], [ -99.40256426153843, 20.103504507692296 ], [ -99.402736399999966, 20.103486046153858 ], [ -99.402966030769193, 20.103503600000021 ], [ -99.403109553846122, 20.103521338461544 ], [ -99.403214938461502, 20.103584353846149 ], [ -99.403339584615367, 20.103692507692323 ], [ -99.403560215384587, 20.103935984615386 ] ] ] ] } },
{ "type": "Feature", "properties": { "IDBD": 170391, "FC": 6291, "CONDICION": "CUERPO DE AGUA INTERMITENTE" }, "geometry": { "type": "MultiPolygon", "coordinates": [ [ [ [ -99.015132846153833, 20.097212738461554 ], [ -99.015113723076894, 20.09731213846154 ], [ -99.014970246153808, 20.097384446153878 ], [ -99.014855461538431, 20.097429630769238 ], [ -99.014778938461504, 20.09752 ], [ -99.014740692307655, 20.097646523076914 ], [ -99.014635476923047, 20.097818230769228 ], [ -99.014444169230714, 20.097908600000032 ], [ -99.014224169230758, 20.097953815384606 ], [ -99.014013723076872, 20.097917676923036 ], [ -99.013822399999938, 20.097818292307689 ], [ -99.013659769230742, 20.097709861538451 ], [ -99.013698015384605, 20.097538169230781 ], [ -99.013745846153796, 20.097411646153837 ], [ -99.013822353846123, 20.09730319999996 ], [ -99.014023215384597, 20.097140538461552 ], [ -99.014252769230723, 20.096923630769219 ], [ -99.014348430769203, 20.0968603692308 ], [ -99.014511030769199, 20.096797107692321 ], [ -99.014654523076899, 20.096887461538447 ], [ -99.014884107692282, 20.096914538461551 ], [ -99.014998907692288, 20.097059123076924 ], [ -99.015132846153833, 20.097212738461554 ] ] ] ] } },
{ "type": "Feature", "properties": { "IDBD": 170396, "FC": 6291, "CONDICION": "CUERPO DE AGUA INTERMITENTE" }, "geometry": { "type": "MultiPolygon", "coordinates": [ [ [ [ -99.530658861538427, 20.106138723076885 ], [ -99.530399307692292, 20.10575998461541 ], [ -99.530341092307651, 20.105516184615386 ], [ -99.530532399999984, 20.105515600000011 ], [ -99.530704646153808, 20.105533153846203 ], [ -99.530819399999956, 20.105523784615404 ], [ -99.531087246153845, 20.105522969230744 ], [ -99.531297723076875, 20.105531369230782 ], [ -99.531364646153833, 20.10552213846152 ], [ -99.531536984615371, 20.10556680000002 ], [ -99.531594753846136, 20.105675061538474 ], [ -99.531595230769184, 20.105819646153833 ], [ -99.53157647692305, 20.105928123076939 ], [ -99.531529138461494, 20.10607284615384 ], [ -99.531462907692259, 20.10628992307689 ], [ -99.531387046153782, 20.106488953846124 ], [ -99.530995984615359, 20.106824476923062 ], [ -99.530658861538427, 20.106138723076885 ] ] ] ] } },
{ "type": "Feature", "properties": { "IDBD": 170405, "FC": 6291, "CONDICION": "CUERPO DE AGUA INTERMITENTE" }, "geometry": { "type": "MultiPolygon", "coordinates": [ [ [ [ -99.519447738461523, 20.106163046153839 ], [ -99.51919881538457, 20.106100538461551 ], [ -99.519074292307664, 20.106046676923121 ], [ -99.518940153846131, 20.10598381538459 ], [ -99.518882523076897, 20.1059117076923 ], [ -99.518786153846136, 20.105695107692302 ], [ -99.518707123076894, 20.104936292307656 ], [ -99.518726169230732, 20.104909138461529 ], [ -99.518773815384549, 20.104854769230744 ], [ -99.518821553846124, 20.104827523076921 ], [ -99.518965046153824, 20.104827107692337 ], [ -99.519041599999966, 20.104835907692323 ], [ -99.519194769230779, 20.104871615384621 ], [ -99.51939586153847, 20.104934276923085 ], [ -99.519577876923051, 20.10501506153847 ], [ -99.519396507692264, 20.105133061538464 ], [ -99.519320138461481, 20.105178476923086 ], [ -99.519253446153812, 20.10526 ], [ -99.519225046153821, 20.105350446153842 ], [ -99.519206246153814, 20.1054498923077 ], [ -99.519168461538442, 20.105594584615393 ], [ -99.519159338461506, 20.105730153846118 ], [ -99.51919798461536, 20.105847523076932 ], [ -99.51924603076921, 20.105910630769223 ], [ -99.519447738461523, 20.106163046153839 ] ] ] ] } },
{ "type": "Feature", "properties": { "IDBD": 170435, "FC": 6291, "CONDICION": "CUERPO DE AGUA INTERMITENTE" }, "geometry": { "type": "MultiPolygon", "coordinates": [ [ [ [ -99.011995107692258, 20.094646584615351 ], [ -99.011832476923018, 20.094348384615426 ], [ -99.011794215384597, 20.094248984615422 ], [ -99.011928123076927, 20.09417667692308 ], [ -99.012157676923053, 20.094077261538473 ], [ -99.012358553846099, 20.094077246153859 ], [ -99.01258812307691, 20.094004938461527 ], [ -99.012741153846079, 20.093887461538436 ], [ -99.012741153846136, 20.093751907692294 ], [ -99.012922892307671, 20.093688630769226 ], [ -99.01316201538458, 20.093643430769237 ], [ -99.013420276923043, 20.093616307692276 ], [ -99.013429861538455, 20.093733784615388 ], [ -99.013544661538418, 20.093887399999989 ], [ -99.013697707692288, 20.093887384615428 ], [ -99.013850753846128, 20.093914476923086 ], [ -99.013955984615365, 20.093968692307708 ], [ -99.013975123076889, 20.094122307692327 ], [ -99.013994276923086, 20.094303046153858 ], [ -99.013965584615377, 20.094456661538466 ], [ -99.013965599999977, 20.09452895384614 ], [ -99.013726446153797, 20.094474753846171 ], [ -99.013640369230728, 20.0945109076923 ], [ -99.013563861538415, 20.094673584615418 ], [ -99.013487338461502, 20.094818169230809 ], [ -99.013535199999964, 20.095107338461521 ], [ -99.013525646153838, 20.095324215384629 ], [ -99.013468261538407, 20.095441692307695 ], [ -99.013391753846122, 20.095550138461562 ], [ -99.013238707692267, 20.095595338461521 ], [ -99.013047399999977, 20.095622461538458 ], [ -99.012856092307644, 20.09561343076923 ], [ -99.012664769230739, 20.095568261538471 ], [ -99.012454323076909, 20.095486953846169 ], [ -99.012349092307659, 20.095378523076917 ], [ -99.012167338461524, 20.095261061538476 ], [ -99.01201427692304, 20.095116476923067 ], [ -99.011956876923037, 20.094935753846137 ], [ -99.011995107692258, 20.094646584615351 ] ] ] ] } },
{ "type": "Feature", "properties": { "IDBD": 170438, "FC": 6291, "CONDICION": "CUERPO DE AGUA INTERMITENTE" }, "geometry": { "type": "MultiPolygon", "coordinates": [ [ [ [ -99.513616046153814, 20.104300569230741 ], [ -99.513386107692298, 20.104192815384636 ], [ -99.513194384615346, 20.104066861538456 ], [ -99.513098338461489, 20.10394966153849 ], [ -99.513040661538454, 20.103859476923041 ], [ -99.512992446153802, 20.103742138461531 ], [ -99.512982646153816, 20.103669876923096 ], [ -99.512982353846155, 20.103579507692334 ], [ -99.513020430769188, 20.103525184615428 ], [ -99.513087153846143, 20.103452707692281 ], [ -99.513182646153808, 20.1033982 ], [ -99.513287769230743, 20.103370784615386 ], [ -99.513392938461507, 20.103352415384585 ], [ -99.513756369230748, 20.103333276923099 ], [ -99.513756938461498, 20.103504969230734 ], [ -99.513738061538419, 20.103586353846179 ], [ -99.513728676923066, 20.1036406 ], [ -99.513700307692304, 20.103740076923064 ], [ -99.513691061538452, 20.103839507692292 ], [ -99.513710584615367, 20.103956923076925 ], [ -99.513720461538426, 20.104056292307686 ], [ -99.513720584615371, 20.104092430769249 ], [ -99.513711338461491, 20.104191861538446 ], [ -99.513616046153814, 20.104300569230741 ] ] ] ] } },
{ "type": "Feature", "properties": { "IDBD": 170442, "FC": 6291, "CONDICION": "CUERPO DE AGUA INTERMITENTE" }, "geometry": { "type": "MultiPolygon", "coordinates": [ [ [ [ -99.018997030769171, 20.094474276923062 ], [ -99.018987492307659, 20.094700184615359 ], [ -99.018949261538424, 20.094971292307722 ], [ -99.018815353846122, 20.095115892307664 ], [ -99.01869101538459, 20.095224338461492 ], [ -99.018566676923044, 20.095305676923118 ], [ -99.018432769230728, 20.095368953846187 ], [ -99.018212753846115, 20.095341861538426 ], [ -99.017925784615372, 20.095260569230792 ], [ -99.01766749230768, 20.095052753846165 ], [ -99.017523984615323, 20.094863 ], [ -99.017418753846144, 20.094709384615378 ], [ -99.017332646153832, 20.094591923076948 ], [ -99.017351753846114, 20.094402153846183 ], [ -99.017466538461505, 20.094302738461561 ], [ -99.017600446153821, 20.094221384615398 ], [ -99.017772615384615, 20.094221369230738 ], [ -99.017906523076917, 20.094121953846138 ], [ -99.018059553846143, 20.09403158461539 ], [ -99.018222169230711, 20.094013492307724 ], [ -99.018384784615364, 20.094040584615406 ], [ -99.018566538461499, 20.094067676923071 ], [ -99.018776984615371, 20.0941309076923 ], [ -99.018901338461504, 20.094212215384651 ], [ -99.018958738461492, 20.094320661538458 ], [ -99.018997030769171, 20.094474276923062 ] ] ] ] } },
{ "type": "Feature", "properties": { "IDBD": 170444, "FC": 6292, "CONDICION": "CUERPO DE AGUA PERENNE" }, "geometry": { "type": "MultiPolygon", "coordinates": [ [ [ [ -99.501896307692263, 20.103783092307722 ], [ -99.50174343076921, 20.103837738461564 ], [ -99.501551861538417, 20.103756953846158 ], [ -99.501379384615376, 20.103667076923024 ], [ -99.501187507692308, 20.103486907692314 ], [ -99.501043523076916, 20.103333692307668 ], [ -99.500994984615375, 20.103107923076937 ], [ -99.500975015384597, 20.102845923076941 ], [ -99.500945538461465, 20.102602030769273 ], [ -99.50091653846151, 20.102502707692345 ], [ -99.500878046153815, 20.102430538461579 ], [ -99.500849138461533, 20.102367353846166 ], [ -99.500762615384588, 20.102232061538459 ], [ -99.500714676923053, 20.102196046153839 ], [ -99.500609199999985, 20.102115015384619 ], [ -99.500522876923085, 20.102042984615423 ], [ -99.500417369230746, 20.101952907692315 ], [ -99.500330938461502, 20.101844723076901 ], [ -99.500244415384586, 20.101709415384615 ], [ -99.500167692307642, 20.101646384615343 ], [ -99.499679215384575, 20.101448969230798 ], [ -99.499554753846098, 20.101413184615403 ], [ -99.499420661538451, 20.101359338461542 ], [ -99.499315353846114, 20.101332523076955 ], [ -99.499219584615361, 20.101296661538456 ], [ -99.499123876923065, 20.101278846153853 ], [ -99.499037815384582, 20.101288138461552 ], [ -99.498923107692264, 20.101315569230774 ], [ -99.49886576923079, 20.101333799999988 ], [ -99.498741415384572, 20.101334153846118 ], [ -99.498607415384598, 20.101307415384639 ], [ -99.498521153846156, 20.101253446153827 ], [ -99.498242676923056, 20.100910846153859 ], [ -99.497983230769208, 20.100541092307662 ], [ -99.497867507692263, 20.100243230769269 ], [ -99.497818846153848, 20.099981307692307 ], [ -99.497760538461506, 20.099692307692301 ], [ -99.497654323076887, 20.099376338461564 ], [ -99.49740424615382, 20.098943292307716 ], [ -99.49734666153843, 20.098880199999989 ], [ -99.497279507692298, 20.098817138461541 ], [ -99.497212369230752, 20.098763107692339 ], [ -99.497164461538432, 20.098736138461533 ], [ -99.497068661538449, 20.09869123076923 ], [ -99.496963415384613, 20.098682492307717 ], [ -99.49684856923075, 20.098664738461554 ], [ -99.496695353846107, 20.098610953846173 ], [ -99.496226461538484, 20.09854901538462 ], [ -99.496035030769221, 20.098513415384655 ], [ -99.495662015384582, 20.098523492307699 ], [ -99.495059646153834, 20.09860650769232 ], [ -99.494734538461529, 20.098643569230788 ], [ -99.494438184615333, 20.098698615384613 ], [ -99.49415126153842, 20.098708461538461 ], [ -99.493845246153825, 20.098736415384625 ], [ -99.493682323076897, 20.09863747692307 ], [ -99.493452415384581, 20.098529692307718 ], [ -99.493308830769195, 20.098493938461552 ], [ -99.493203461538428, 20.098449061538442 ], [ -99.493059676923068, 20.098350061538468 ], [ -99.492886953846124, 20.098178846153832 ], [ -99.492637415384579, 20.097908461538477 ], [ -99.492368769230737, 20.097647153846186 ], [ -99.492205676923078, 20.097493984615397 ], [ -99.492032876923076, 20.097295676923078 ], [ -99.491869615384545, 20.097088292307678 ], [ -99.491716261538429, 20.096989323076961 ], [ -99.49159173846148, 20.096935446153857 ], [ -99.491333646153819, 20.096990384615388 ], [ -99.491675892307654, 20.096311707692273 ], [ -99.491913553846132, 20.095841153846163 ], [ -99.492227276923074, 20.095225815384623 ], [ -99.492245338461501, 20.094882384615357 ], [ -99.492360199999979, 20.094909169230789 ], [ -99.492417646153797, 20.094927076923089 ], [ -99.492523015384592, 20.094971969230748 ], [ -99.492590169230724, 20.095035030769221 ], [ -99.492647861538444, 20.095134276923069 ], [ -99.492676923076885, 20.09525166153847 ], [ -99.492734430769175, 20.095287646153828 ], [ -99.49285878461535, 20.095287307692338 ], [ -99.492992261538447, 20.095151384615423 ], [ -99.493106661538434, 20.095024553846127 ], [ -99.493431184615361, 20.0948067692308 ], [ -99.493612615384592, 20.094706861538441 ], [ -99.493736969230753, 20.094706523076919 ], [ -99.493822907692291, 20.094661092307728 ], [ -99.493899261538417, 20.094606661538453 ], [ -99.493966015384586, 20.094543230769244 ], [ -99.494051738461494, 20.094425507692328 ], [ -99.494194784615345, 20.09428956923076 ], [ -99.494443215384607, 20.094207538461532 ], [ -99.494663, 20.094134646153833 ], [ -99.494710738461507, 20.0941074 ], [ -99.494815923076914, 20.094098061538467 ], [ -99.49503595384617, 20.094106492307688 ], [ -99.495093338461473, 20.094106323076932 ], [ -99.495188676923064, 20.094006661538451 ], [ -99.495255323076876, 20.093907076923081 ], [ -99.495474923076898, 20.09377993846153 ], [ -99.49556076923075, 20.093707415384596 ], [ -99.495598461538421, 20.093526584615404 ], [ -99.495703538461527, 20.093481107692298 ], [ -99.495818292307646, 20.093471753846178 ], [ -99.4959232, 20.093372046153846 ], [ -99.496037492307664, 20.093218107692298 ], [ -99.49611444615384, 20.093353446153863 ], [ -99.496296830769211, 20.093560769230773 ], [ -99.496411892307663, 20.093650799999978 ], [ -99.49655573846151, 20.093767876923049 ], [ -99.496728276923065, 20.093884861538463 ], [ -99.497178246153837, 20.094010107692284 ], [ -99.497312184615353, 20.094018753846186 ], [ -99.4974365230769, 20.094018415384614 ], [ -99.497608446153805, 20.093936600000031 ], [ -99.497732676923022, 20.093900107692303 ], [ -99.497885892307664, 20.093953892307695 ], [ -99.49783846153845, 20.094080538461572 ], [ -99.497714599999981, 20.094234492307695 ], [ -99.497552476923047, 20.09438856923078 ], [ -99.497352092307651, 20.094542753846188 ], [ -99.497304492307691, 20.094615184615353 ], [ -99.497294984615337, 20.094633276923055 ], [ -99.497237876923023, 20.0947238 ], [ -99.497218953846144, 20.094787107692323 ], [ -99.497152169230731, 20.094841523076933 ], [ -99.497094984615359, 20.094904938461539 ], [ -99.49704732307687, 20.094959292307685 ], [ -99.497009430769211, 20.095076861538434 ], [ -99.497009953846117, 20.095239523076955 ], [ -99.496981599999955, 20.095348030769241 ], [ -99.496953092307677, 20.095411369230785 ], [ -99.496895969230749, 20.095492861538428 ], [ -99.4968102461538, 20.095610569230747 ], [ -99.49677235384614, 20.095728153846114 ], [ -99.496744430769212, 20.095972199999984 ], [ -99.496668476923034, 20.096153153846124 ], [ -99.49664041538459, 20.096352030769214 ], [ -99.496631446153827, 20.096541815384626 ], [ -99.496613399999944, 20.096885246153853 ], [ -99.496575615384586, 20.097038969230752 ], [ -99.496614907692276, 20.097364169230808 ], [ -99.496624861538422, 20.097490646153815 ], [ -99.496701738461525, 20.097598861538422 ], [ -99.4968742, 20.09768873846156 ], [ -99.496989061538429, 20.097715523076939 ], [ -99.497285553846112, 20.097705661538484 ], [ -99.497582, 20.09767770769232 ], [ -99.497878461538448, 20.097658800000012 ], [ -99.498079307692294, 20.097649199999971 ], [ -99.498567399999956, 20.097729153846132 ], [ -99.498748969230746, 20.097674415384649 ], [ -99.498787076923065, 20.097629123076935 ], [ -99.498882338461499, 20.097502353846178 ], [ -99.499102015384594, 20.097402338461549 ], [ -99.4991597230769, 20.097501569230722 ], [ -99.499103338461495, 20.097818 ], [ -99.499008292307678, 20.09800803076924 ], [ -99.498884107692277, 20.0980626 ], [ -99.498616476923061, 20.098126615384594 ], [ -99.498368015384571, 20.098199599999983 ], [ -99.498282061538418, 20.098245030769245 ], [ -99.498262969230723, 20.098254123076909 ], [ -99.498224876923047, 20.098308446153876 ], [ -99.498167830769219, 20.098417046153852 ], [ -99.498072399999984, 20.0984896 ], [ -99.498015399999986, 20.098616261538449 ], [ -99.49802549230769, 20.098778892307688 ], [ -99.498064061538457, 20.098878184615376 ], [ -99.498131338461505, 20.0989774 ], [ -99.498217707692262, 20.099067507692297 ], [ -99.498265969230758, 20.09920292307692 ], [ -99.498314184615325, 20.099329292307676 ], [ -99.498343138461522, 20.099410538461509 ], [ -99.498429353846106, 20.099446446153841 ], [ -99.498582369230732, 20.099436969230741 ], [ -99.498754569230712, 20.099445523076948 ], [ -99.499223015384558, 20.09936287692307 ], [ -99.499328246153851, 20.099362569230784 ], [ -99.49942392307689, 20.099371338461566 ], [ -99.499481338461521, 20.099380215384635 ], [ -99.499883953846094, 20.099650169230774 ], [ -99.499941461538427, 20.09968613846155 ], [ -99.499989369230761, 20.099713123076924 ], [ -99.50009464615384, 20.099730892307736 ], [ -99.500238215384584, 20.099757600000036 ], [ -99.500496738461493, 20.099838184615368 ], [ -99.500611615384557, 20.099864969230794 ], [ -99.500745723076932, 20.099927846153857 ], [ -99.500812969230736, 20.100018015384638 ], [ -99.500918676923035, 20.100171338461497 ], [ -99.5010543230769, 20.100713123076936 ], [ -99.501160630769206, 20.10105621538462 ], [ -99.501247753846116, 20.101381261538489 ], [ -99.50133529230763, 20.101832830769258 ], [ -99.501355030769233, 20.102022538461551 ], [ -99.501346230769215, 20.102266553846142 ], [ -99.501318261538444, 20.102492538461561 ], [ -99.501309584615342, 20.102772692307695 ], [ -99.501339123076932, 20.103034661538459 ], [ -99.501377892307659, 20.1031972 ], [ -99.501684953846137, 20.103494523076936 ], [ -99.501761615384609, 20.1035394923077 ], [ -99.501943707692249, 20.103647400000028 ], [ -99.501896307692263, 20.103783092307722 ] ] ] ] } },
{ "type": "Feature", "properties": { "IDBD": 170445, "FC": 6291, "CONDICION": "CUERPO DE AGUA INTERMITENTE" }, "geometry": { "type": "MultiPolygon", "coordinates": [ [ [ [ -99.621037046153788, 20.10139795384616 ], [ -99.621236953846122, 20.101153276923078 ], [ -99.622574199999988, 20.100669646153879 ], [ -99.62358666153844, 20.100295584615406 ], [ -99.623825784615349, 20.100294738461535 ], [ -99.623788169230778, 20.100457523076919 ], [ -99.623884646153797, 20.100665015384649 ], [ -99.62393275384612, 20.100737138461504 ], [ -99.62393358461533, 20.10094496923081 ], [ -99.623895923076901, 20.101098707692344 ], [ -99.623905846153832, 20.101189046153827 ], [ -99.623934876923073, 20.101270261538492 ], [ -99.623992615384608, 20.101360415384619 ], [ -99.624031353846107, 20.101477753846158 ], [ -99.62406107692307, 20.101739692307675 ], [ -99.624052415384568, 20.101965630769243 ], [ -99.62411152307692, 20.102399153846132 ], [ -99.624284876923056, 20.102696738461528 ], [ -99.624419507692309, 20.102876984615367 ], [ -99.624506430769173, 20.103084507692323 ], [ -99.624545338461473, 20.103247030769214 ], [ -99.624574492307644, 20.103364400000032 ], [ -99.624603399999984, 20.103418507692307 ], [ -99.624651338461518, 20.10344544615382 ], [ -99.624708738461507, 20.103445246153818 ], [ -99.62476633846147, 20.103499261538438 ], [ -99.624833846153834, 20.103634553846117 ], [ -99.624901230769211, 20.103742753846191 ], [ -99.624949384615363, 20.103823907692309 ], [ -99.625188907692277, 20.103922461538481 ], [ -99.624972061538415, 20.104718415384593 ], [ -99.624953507692254, 20.10486306153847 ], [ -99.624686138461527, 20.104981476923118 ], [ -99.624514384615367, 20.105090507692275 ], [ -99.624294876923045, 20.1052178 ], [ -99.623998738461509, 20.105318246153821 ], [ -99.623855323076896, 20.105336815384653 ], [ -99.623463784615353, 20.105500861538463 ], [ -99.62332055384617, 20.105564615384605 ], [ -99.623081846153795, 20.105673892307696 ], [ -99.622929046153814, 20.105737692307695 ], [ -99.622823707692305, 20.105710953846174 ], [ -99.622766138461529, 20.10566596923076 ], [ -99.622660630769204, 20.105594061538419 ], [ -99.622545553846138, 20.105522169230806 ], [ -99.622487923076932, 20.105459123076962 ], [ -99.622478061538402, 20.105386861538452 ], [ -99.622515969230733, 20.105296369230818 ], [ -99.62251567692303, 20.105224076923083 ], [ -99.622486630769203, 20.105133830769191 ], [ -99.62239044615383, 20.104998615384631 ], [ -99.622352169230766, 20.104998753846122 ], [ -99.622246276923022, 20.104827446153845 ], [ -99.622197907692296, 20.104692076923097 ], [ -99.622158969230753, 20.104520523076907 ], [ -99.622167646153827, 20.104294584615371 ], [ -99.622196061538446, 20.104222199999988 ], [ -99.622262553846127, 20.104104492307656 ], [ -99.622309799999968, 20.103959738461555 ], [ -99.622318661538429, 20.103778984615367 ], [ -99.622307199999966, 20.103300107692338 ], [ -99.622306953846149, 20.103236861538466 ], [ -99.622277830769178, 20.103128523076904 ], [ -99.622191415384606, 20.10304750769231 ], [ -99.622086015384568, 20.103002707692315 ], [ -99.621961523076862, 20.102967 ], [ -99.621875215384577, 20.102913076923091 ], [ -99.621836815384555, 20.102877076923093 ], [ -99.621769753846095, 20.1028502 ], [ -99.621682553846114, 20.102570384615358 ], [ -99.621586046153809, 20.102353861538436 ], [ -99.621489923076908, 20.102236723076889 ], [ -99.621422646153817, 20.102155630769232 ], [ -99.621250446153823, 20.102147215384608 ], [ -99.621202753846134, 20.102183523076921 ], [ -99.621116953846112, 20.102256107692345 ], [ -99.621059523076909, 20.102247276923098 ], [ -99.621001984615361, 20.102211338461537 ], [ -99.620963338461522, 20.10211207692312 ], [ -99.620963092307662, 20.102048815384645 ], [ -99.621001138461523, 20.101994476923061 ], [ -99.621009846153825, 20.101777569230741 ], [ -99.621037784615353, 20.101587707692314 ], [ -99.621037046153788, 20.10139795384616 ] ] ] ] } },
{ "type": "Feature", "properties": { "IDBD": 170458, "FC": 6291, "CONDICION": "CUERPO DE AGUA INTERMITENTE" }, "geometry": { "type": "MultiPolygon", "coordinates": [ [ [ [ -99.463780446153834, 20.101809015384632 ], [ -99.464632753846132, 20.102132092307659 ], [ -99.464661923076889, 20.102294661538476 ], [ -99.464652599999965, 20.102376015384582 ], [ -99.464576769230732, 20.102611169230769 ], [ -99.46427053846152, 20.102566784615394 ], [ -99.463906769230718, 20.102477384615394 ], [ -99.463686599999988, 20.102423738461585 ], [ -99.463600384615361, 20.102378784615382 ], [ -99.463561953846096, 20.102324661538454 ], [ -99.463542584615354, 20.102243384615377 ], [ -99.463542430769223, 20.102189169230755 ], [ -99.463561369230732, 20.102125876923086 ], [ -99.463780446153834, 20.101809015384632 ] ] ] ] } },
{ "type": "Feature", "properties": { "IDBD": 170461, "FC": 6291, "CONDICION": "CUERPO DE AGUA INTERMITENTE" }, "geometry": { "type": "MultiPolygon", "coordinates": [ [ [ [ -99.595853938461545, 20.104665523076918 ], [ -99.595872830769196, 20.104602215384631 ], [ -99.59593961538458, 20.104556800000015 ], [ -99.595996738461523, 20.104484323076953 ], [ -99.595939046153831, 20.104403200000032 ], [ -99.595910169230748, 20.10435810769231 ], [ -99.595919461538429, 20.104285784615385 ], [ -99.595938430769195, 20.104240538461518 ], [ -99.595967015384559, 20.10421333846152 ], [ -99.595976076923066, 20.104077769230759 ], [ -99.595975692307647, 20.103978369230759 ], [ -99.595994615384569, 20.103924092307725 ], [ -99.596023138461476, 20.103878815384604 ], [ -99.596080430769206, 20.103851507692291 ], [ -99.596147492307679, 20.103878384615374 ], [ -99.596281784615357, 20.103977338461551 ], [ -99.596339461538435, 20.104049430769237 ], [ -99.596397261538399, 20.104157661538494 ], [ -99.596435769230709, 20.104220784615379 ], [ -99.596512492307653, 20.104274753846159 ], [ -99.596550692307702, 20.104256553846145 ], [ -99.596588846153807, 20.104229307692307 ], [ -99.59661723076924, 20.10414789230768 ], [ -99.596655184615358, 20.10406643076923 ], [ -99.596654953846155, 20.104003184615397 ], [ -99.596635507692284, 20.1039219230769 ], [ -99.596625676923082, 20.103849661538465 ], [ -99.5965967384615, 20.103786507692295 ], [ -99.596596461538454, 20.103714215384617 ], [ -99.596644076923056, 20.103659846153853 ], [ -99.596682276923019, 20.103641646153882 ], [ -99.59679706153841, 20.103641246153874 ], [ -99.596911953846131, 20.103667969230788 ], [ -99.597017384615384, 20.103721830769221 ], [ -99.597103707692298, 20.1037848 ], [ -99.597200046153844, 20.103965184615394 ], [ -99.59723844615381, 20.104001199999974 ], [ -99.59730561538457, 20.1040552 ], [ -99.597343938461506, 20.104073138461533 ], [ -99.597372676923058, 20.104082076923074 ], [ -99.597487523076907, 20.104099753846164 ], [ -99.597631046153808, 20.104108307692275 ], [ -99.597669415384601, 20.104135292307696 ], [ -99.597717276923063, 20.104144169230821 ], [ -99.597793799999977, 20.104143907692315 ], [ -99.597918076923051, 20.104125415384622 ], [ -99.5979660461538, 20.104161399999978 ], [ -99.597994846153838, 20.104188400000027 ], [ -99.598004507692281, 20.104215476923091 ], [ -99.597966492307677, 20.104278861538475 ], [ -99.597804153846127, 20.10435170769231 ], [ -99.597440938461503, 20.104425215384591 ], [ -99.596666630769192, 20.104563384615382 ], [ -99.596332246153835, 20.104672953846176 ], [ -99.596007153846131, 20.104710200000042 ], [ -99.595853938461545, 20.104665523076918 ] ] ] ] } },
{ "type": "Feature", "properties": { "IDBD": 170467, "FC": 6291, "CONDICION": "CUERPO DE AGUA INTERMITENTE" }, "geometry": { "type": "MultiPolygon", "coordinates": [ [ [ [ -99.095587584615373, 20.094259646153819 ], [ -99.095645046153834, 20.094368046153857 ], [ -99.095769461538424, 20.09447643076922 ], [ -99.095979953846111, 20.094548599999985 ], [ -99.095913399999986, 20.095217353846195 ], [ -99.0958561384615, 20.095425215384633 ], [ -99.09573193846154, 20.09567830769231 ], [ -99.095617230769193, 20.095804892307672 ], [ -99.095559846153847, 20.09583203076922 ], [ -99.095473784615351, 20.095877261538465 ], [ -99.095282476923032, 20.095886400000015 ], [ -99.094966769230766, 20.095796200000013 ], [ -99.094727569230756, 20.095696923076925 ], [ -99.094507430769198, 20.095489200000014 ], [ -99.094373399999967, 20.09529047692304 ], [ -99.094325492307675, 20.095154953846148 ], [ -99.094315846153805, 20.09501940000003 ], [ -99.094459246153832, 20.094901846153832 ], [ -99.094679169230758, 20.094757153846171 ], [ -99.094908646153812, 20.094594369230744 ], [ -99.095157276923061, 20.094467723076914 ], [ -99.095358123076892, 20.094440507692294 ], [ -99.095405892307667, 20.094332030769202 ], [ -99.095587584615373, 20.094259646153819 ] ] ] ] } },
{ "type": "Feature", "properties": { "IDBD": 170471, "FC": 6291, "CONDICION": "CUERPO DE AGUA INTERMITENTE" }, "geometry": { "type": "MultiPolygon", "coordinates": [ [ [ [ -99.616055, 20.104243738461559 ], [ -99.615998076923063, 20.104361415384627 ], [ -99.615950569230719, 20.104442907692277 ], [ -99.615855261538442, 20.1045336 ], [ -99.61574075384614, 20.104606292307711 ], [ -99.615693030769179, 20.104633569230778 ], [ -99.615607092307641, 20.10467 ], [ -99.615540169230741, 20.104679276923061 ], [ -99.615415815384608, 20.104679707692288 ], [ -99.615320123076884, 20.104671015384646 ], [ -99.615128599999963, 20.104617461538474 ], [ -99.615023199999939, 20.104572646153848 ], [ -99.614956, 20.104509630769215 ], [ -99.614879015384574, 20.104392430769256 ], [ -99.614849861538431, 20.10427506153848 ], [ -99.614868384615335, 20.104121369230782 ], [ -99.614896630769195, 20.104003800000015 ], [ -99.614953599999978, 20.103895169230753 ], [ -99.615010846153794, 20.103858830769216 ], [ -99.615096861538433, 20.10384046153845 ], [ -99.615163861538448, 20.103849261538432 ], [ -99.615432184615372, 20.103974830769243 ], [ -99.615556569230733, 20.10398343076923 ], [ -99.615642599999987, 20.103965061538428 ], [ -99.615786, 20.10394649230766 ], [ -99.615853061538445, 20.10397336923079 ], [ -99.615958507692255, 20.104027215384626 ], [ -99.616016107692261, 20.104081230769221 ], [ -99.616045046153815, 20.104144384615406 ], [ -99.616055, 20.104243738461559 ] ] ] ] } },
{ "type": "Feature", "properties": { "IDBD": 170474, "FC": 6291, "CONDICION": "CUERPO DE AGUA INTERMITENTE" }, "geometry": { "type": "MultiPolygon", "coordinates": [ [ [ [ -99.368251723076881, 20.099485953846131 ], [ -99.368434230769196, 20.099810876923055 ], [ -99.368425184615361, 20.100036815384623 ], [ -99.368043092307673, 20.100263523076922 ], [ -99.367822507692296, 20.10002 ], [ -99.368070415384594, 20.099676092307675 ], [ -99.368251723076881, 20.099485953846131 ] ] ] ] } },
{ "type": "Feature", "properties": { "IDBD": 170476, "FC": 6291, "CONDICION": "CUERPO DE AGUA INTERMITENTE" }, "geometry": { "type": "MultiPolygon", "coordinates": [ [ [ [ -99.521242030769244, 20.10203721538463 ], [ -99.521356815384578, 20.102036876923066 ], [ -99.521557630769166, 20.102018200000035 ], [ -99.521768046153809, 20.102008553846147 ], [ -99.521787723076912, 20.102171138461557 ], [ -99.521845923076867, 20.102414953846154 ], [ -99.521846461538416, 20.102577600000011 ], [ -99.521780061538436, 20.102749492307698 ], [ -99.521588723076889, 20.102741015384627 ], [ -99.521540861538412, 20.10273212307693 ], [ -99.521339984615381, 20.102732723076947 ], [ -99.521244215384598, 20.102696861538462 ], [ -99.521138753846145, 20.10262487692308 ], [ -99.521061953846143, 20.102543769230735 ], [ -99.520937076923076, 20.1023814923077 ], [ -99.520879230769197, 20.102246123076934 ], [ -99.520859769230725, 20.10214676923076 ], [ -99.520869123076892, 20.102083492307688 ], [ -99.52112724615381, 20.102037553846124 ], [ -99.521242030769244, 20.10203721538463 ] ] ] ] } },
{ "type": "Feature", "properties": { "IDBD": 170488, "FC": 6291, "CONDICION": "CUERPO DE AGUA INTERMITENTE" }, "geometry": { "type": "MultiPolygon", "coordinates": [ [ [ [ -99.599865076923095, 20.102971200000052 ], [ -99.599922784615345, 20.103052338461492 ], [ -99.599923399999938, 20.103214984615391 ], [ -99.599952615384581, 20.103350430769257 ], [ -99.599685369230727, 20.103504953846123 ], [ -99.599417523076895, 20.103505861538466 ], [ -99.599273707692248, 20.103415984615374 ], [ -99.599129353846138, 20.10319056923078 ], [ -99.599205538461504, 20.103099953846197 ], [ -99.599291353846127, 20.103027369230777 ], [ -99.599405799999971, 20.102936615384621 ], [ -99.599443892307676, 20.102891307692303 ], [ -99.599510815384619, 20.102882046153812 ], [ -99.599549030769211, 20.102872876923094 ], [ -99.599615923076911, 20.102854584615386 ], [ -99.599778646153823, 20.102881138461566 ], [ -99.599865076923095, 20.102971200000052 ] ] ] ] } },
{ "type": "Feature", "properties": { "IDBD": 170489, "FC": 6291, "CONDICION": "CUERPO DE AGUA INTERMITENTE" }, "geometry": { "type": "MultiPolygon", "coordinates": [ [ [ [ -99.583977430769181, 20.103187153846161 ], [ -99.583967492307679, 20.103087784615393 ], [ -99.584233676923034, 20.1026441230769 ], [ -99.584328892307681, 20.102526338461541 ], [ -99.584482784615361, 20.102751738461539 ], [ -99.584531046153828, 20.102869046153845 ], [ -99.58453181538458, 20.103076876923033 ], [ -99.584446307692261, 20.103230784615402 ], [ -99.584350784615324, 20.103267246153852 ], [ -99.584216861538465, 20.103267692307668 ], [ -99.583977430769181, 20.103187153846161 ] ] ] ] } },
{ "type": "Feature", "properties": { "IDBD": 170493, "FC": 6291, "CONDICION": "CUERPO DE AGUA INTERMITENTE" }, "geometry": { "type": "MultiPolygon", "coordinates": [ [ [ [ -99.590001753846124, 20.102652046153867 ], [ -99.590067184615364, 20.102245199999963 ], [ -99.590104846153793, 20.102082415384604 ], [ -99.590094461538442, 20.10186558461535 ], [ -99.590993784615378, 20.101907753846195 ], [ -99.590985507692253, 20.10225116923073 ], [ -99.59096681538459, 20.102368692307721 ], [ -99.590910030769194, 20.102531538461541 ], [ -99.590825030769224, 20.102820984615366 ], [ -99.590758615384573, 20.102965784615357 ], [ -99.590701630769189, 20.103074415384619 ], [ -99.590644507692289, 20.103146892307677 ], [ -99.590558615384609, 20.103201400000017 ], [ -99.590443969230748, 20.10323792307695 ], [ -99.590204661538465, 20.10319353846155 ], [ -99.590099169230754, 20.1031216 ], [ -99.590050969230745, 20.103022369230818 ], [ -99.590012307692263, 20.102914061538463 ], [ -99.589992630769189, 20.102769553846159 ], [ -99.590001753846124, 20.102652046153867 ] ] ] ] } },
{ "type": "Feature", "properties": { "IDBD": 170498, "FC": 6291, "CONDICION": "CUERPO DE AGUA INTERMITENTE" }, "geometry": { "type": "MultiPolygon", "coordinates": [ [ [ [ -99.512507492307677, 20.101692307692307 ], [ -99.512621446153815, 20.10143895384617 ], [ -99.512754953846127, 20.101312061538497 ], [ -99.512802661538402, 20.101275784615396 ], [ -99.512898061538422, 20.101194169230759 ], [ -99.512955353846138, 20.101166892307724 ], [ -99.513012723076912, 20.101157692307687 ], [ -99.513127415384588, 20.101130261538511 ], [ -99.513223138461512, 20.101148046153824 ], [ -99.513290153846114, 20.101165923076955 ], [ -99.513424338461505, 20.101246861538467 ], [ -99.513472399999984, 20.10131901538465 ], [ -99.513549446153803, 20.101481446153844 ], [ -99.513588569230748, 20.101743384615368 ], [ -99.513387630769202, 20.101725892307709 ], [ -99.513225015384606, 20.101726369230761 ], [ -99.513033676923058, 20.10171789230769 ], [ -99.512899769230785, 20.101718276923069 ], [ -99.512507492307677, 20.101692307692307 ] ] ] ] } },
{ "type": "Feature", "properties": { "IDBD": 170503, "FC": 6291, "CONDICION": "CUERPO DE AGUA INTERMITENTE" }, "geometry": { "type": "MultiPolygon", "coordinates": [ [ [ [ -99.582807723076883, 20.102459076923047 ], [ -99.582950338461501, 20.10222367692306 ], [ -99.583007399999957, 20.102133123076932 ], [ -99.583083476923065, 20.102015399999981 ], [ -99.583178707692312, 20.101897615384583 ], [ -99.583245492307668, 20.101852215384614 ], [ -99.583407507692272, 20.101689030769215 ], [ -99.583351476923056, 20.102059692307677 ], [ -99.583275630769208, 20.102240676923074 ], [ -99.583180538461519, 20.1023946 ], [ -99.583066030769203, 20.102467261538415 ], [ -99.582922615384618, 20.102485815384618 ], [ -99.582807723076883, 20.102459076923047 ] ] ] ] } },
{ "type": "Feature", "properties": { "IDBD": 170510, "FC": 6291, "CONDICION": "CUERPO DE AGUA INTERMITENTE" }, "geometry": { "type": "MultiPolygon", "coordinates": [ [ [ [ -99.482917507692264, 20.100555861538464 ], [ -99.482811984615367, 20.100456738461531 ], [ -99.482630046153815, 20.100393984615401 ], [ -99.482352246153852, 20.100268246153838 ], [ -99.482045938461482, 20.100196784615392 ], [ -99.4818735384615, 20.100124969230759 ], [ -99.48169163076922, 20.100071246153821 ], [ -99.481442153846146, 20.099818907692324 ], [ -99.481422969230749, 20.099800892307677 ], [ -99.481413292307636, 20.099764769230759 ], [ -99.481413230769206, 20.099746692307654 ], [ -99.481393907692279, 20.099683492307715 ], [ -99.481355369230712, 20.099593230769262 ], [ -99.481278630769211, 20.099521153846187 ], [ -99.481230461538473, 20.099412846153825 ], [ -99.481153230769195, 20.099178107692317 ], [ -99.481161630769193, 20.098798569230777 ], [ -99.481247384615344, 20.098689892307714 ], [ -99.481323692307654, 20.0986174 ], [ -99.481419123076918, 20.098544846153843 ], [ -99.481504938461526, 20.098454246153857 ], [ -99.481619246153855, 20.098300323076909 ], [ -99.481924538461499, 20.098037430769228 ], [ -99.482020061538449, 20.097991984615394 ], [ -99.482077307692293, 20.097946646153819 ], [ -99.482153646153833, 20.097883184615402 ], [ -99.48222039999996, 20.097819753846156 ], [ -99.482363492307627, 20.097692846153837 ], [ -99.482554492307656, 20.097592923076903 ], [ -99.482879384615373, 20.097483600000015 ], [ -99.483213569230756, 20.097283892307725 ], [ -99.48332807692303, 20.09719321538466 ], [ -99.483413969230782, 20.097129723076918 ], [ -99.4835, 20.097111415384592 ], [ -99.483576569230735, 20.097129276923106 ], [ -99.483700923076896, 20.097128938461513 ], [ -99.483758261538426, 20.097110707692309 ], [ -99.483939769230744, 20.097037923076918 ], [ -99.484102030769193, 20.09692 ], [ -99.484273615384566, 20.09672976923077 ], [ -99.484378369230754, 20.096575861538458 ], [ -99.484492815384598, 20.096467107692298 ], [ -99.4845501230769, 20.096439846153846 ], [ -99.484636184615383, 20.096430569230769 ], [ -99.48473175384612, 20.096403199999965 ], [ -99.484836723076882, 20.096321584615374 ], [ -99.484855676923061, 20.096267323076905 ], [ -99.48489352307692, 20.096131661538465 ], [ -99.484912538461529, 20.096095476923086 ], [ -99.485017538461491, 20.096022892307712 ], [ -99.485256415384583, 20.095940907692349 ], [ -99.485657661538411, 20.095777153846196 ], [ -99.485781892307671, 20.095740661538461 ], [ -99.485858384615383, 20.095731415384652 ], [ -99.485925338461485, 20.095731230769211 ], [ -99.485944492307652, 20.095740215384623 ], [ -99.486030953846139, 20.095857446153861 ], [ -99.486031230769186, 20.095947815384644 ], [ -99.486060876923077, 20.096254969230767 ], [ -99.486118507692296, 20.096336138461542 ], [ -99.486166538461518, 20.09639926153849 ], [ -99.486214646153826, 20.096489492307686 ], [ -99.486205384615388, 20.096588907692315 ], [ -99.48613873846152, 20.096688492307685 ], [ -99.485767661538432, 20.09733109230767 ], [ -99.485710799999978, 20.097502938461528 ], [ -99.485701523076884, 20.097593338461536 ], [ -99.485682769230749, 20.097719892307669 ], [ -99.485606553846139, 20.097819507692339 ], [ -99.48520663076917, 20.098407969230788 ], [ -99.485063784615335, 20.098616200000016 ], [ -99.484978138461514, 20.098761015384589 ], [ -99.48494989230764, 20.098905676923096 ], [ -99.484950138461514, 20.098987 ], [ -99.484959953846143, 20.099068292307727 ], [ -99.484979815384577, 20.099303184615387 ], [ -99.485056661538437, 20.099411415384619 ], [ -99.485124430769218, 20.099673276923106 ], [ -99.485182323076884, 20.099835769230765 ], [ -99.485240338461495, 20.100034415384634 ], [ -99.48456166153845, 20.100189892307704 ], [ -99.482917507692264, 20.100555861538464 ] ] ] ] } },
{ "type": "Feature", "properties": { "IDBD": 170523, "FC": 6291, "CONDICION": "CUERPO DE AGUA INTERMITENTE" }, "geometry": { "type": "MultiPolygon", "coordinates": [ [ [ [ -99.584220399999978, 20.101641153846135 ], [ -99.584200230769227, 20.101361092307673 ], [ -99.584199861538437, 20.10126169230773 ], [ -99.58420915384616, 20.101189384615349 ], [ -99.584247076923035, 20.1010988923077 ], [ -99.58433316923076, 20.1010986 ], [ -99.584390523076891, 20.101089384615403 ], [ -99.584438323076881, 20.101080184615373 ], [ -99.584467015384575, 20.101080092307711 ], [ -99.584553169230745, 20.101097876923067 ], [ -99.584610661538449, 20.101124800000012 ], [ -99.58463946153843, 20.101151815384583 ], [ -99.584658753846099, 20.10119692307693 ], [ -99.584687892307699, 20.101314307692284 ], [ -99.584679030769223, 20.101504092307703 ], [ -99.584688861538467, 20.101576353846177 ], [ -99.584669938461502, 20.101630630769201 ], [ -99.584584076923079, 20.101694169230765 ], [ -99.584498092307655, 20.101721553846151 ], [ -99.584431138461525, 20.101721784615382 ], [ -99.584354507692254, 20.101694923076899 ], [ -99.584220399999978, 20.101641153846135 ] ] ] ] } },
{ "type": "Feature", "properties": { "IDBD": 170524, "FC": 6291, "CONDICION": "CUERPO DE AGUA INTERMITENTE" }, "geometry": { "type": "MultiPolygon", "coordinates": [ [ [ [ -99.587061753846115, 20.101749200000032 ], [ -99.586860415384578, 20.10162335384614 ], [ -99.586639707692285, 20.101434323076912 ], [ -99.586619830769195, 20.101235600000042 ], [ -99.586810569230735, 20.101081353846141 ], [ -99.58684866153844, 20.101036046153858 ], [ -99.586896276923056, 20.100981661538462 ], [ -99.586953338461512, 20.100891107692348 ], [ -99.587019830769194, 20.100764384615395 ], [ -99.587048384615343, 20.100728138461555 ], [ -99.587162799999959, 20.100628369230801 ], [ -99.587230092307692, 20.100718507692321 ], [ -99.587394523076895, 20.101205907692293 ], [ -99.587577953846122, 20.10165710769229 ], [ -99.587061753846115, 20.101749200000032 ] ] ] ] } },
{ "type": "Feature", "properties": { "IDBD": 170527, "FC": 6291, "CONDICION": "CUERPO DE AGUA INTERMITENTE" }, "geometry": { "type": "MultiPolygon", "coordinates": [ [ [ [ -99.583729507692269, 20.100820476923108 ], [ -99.583825492307668, 20.100910523076934 ], [ -99.583835492307657, 20.101027969230774 ], [ -99.583788076923057, 20.101136553846157 ], [ -99.5836069076923, 20.101290769230783 ], [ -99.583521215384579, 20.101399492307706 ], [ -99.583454461538452, 20.101453923076928 ], [ -99.583378076923054, 20.101490323076938 ], [ -99.583206292307651, 20.101599323076943 ], [ -99.583205061538436, 20.101264984615394 ], [ -99.583233046153822, 20.101075138461518 ], [ -99.583290076923035, 20.100975553846158 ], [ -99.583366261538416, 20.100884938461565 ], [ -99.583385323076911, 20.1008668 ], [ -99.583461707692294, 20.100830399999989 ], [ -99.58355730769226, 20.100812015384637 ], [ -99.583729507692269, 20.100820476923108 ] ] ] ] } },
{ "type": "Feature", "properties": { "IDBD": 170534, "FC": 6291, "CONDICION": "CUERPO DE AGUA INTERMITENTE" }, "geometry": { "type": "MultiPolygon", "coordinates": [ [ [ [ -99.531500292307669, 20.100362015384626 ], [ -99.531452153846132, 20.100271784615398 ], [ -99.531260753846141, 20.100245261538429 ], [ -99.531222276923046, 20.100182123076941 ], [ -99.531240923076879, 20.100037476923106 ], [ -99.53125978461533, 20.099956107692329 ], [ -99.531297799999962, 20.099883692307646 ], [ -99.531345292307634, 20.09978415384613 ], [ -99.531421446153814, 20.099675492307718 ], [ -99.531516861538449, 20.09960290769229 ], [ -99.53168958461535, 20.099765046153845 ], [ -99.531766323076923, 20.099828061538457 ], [ -99.531776246153811, 20.09993647692308 ], [ -99.531719323076871, 20.100072184615396 ], [ -99.531643184615319, 20.100189892307704 ], [ -99.531500292307669, 20.100362015384626 ] ] ] ] } },
{ "type": "Feature", "properties": { "IDBD": 170537, "FC": 6291, "CONDICION": "CUERPO DE AGUA INTERMITENTE" }, "geometry": { "type": "MultiPolygon", "coordinates": [ [ [ [ -99.082930799999986, 20.091030953846186 ], [ -99.083093384615367, 20.090976646153852 ], [ -99.083208199999973, 20.091048892307676 ], [ -99.083351784615346, 20.091238584615358 ], [ -99.083390184615368, 20.091500630769286 ], [ -99.083361523076874, 20.091572938461542 ], [ -99.08329467692306, 20.091771769230736 ], [ -99.083294723076889, 20.091862138461543 ], [ -99.083151338461519, 20.092033907692315 ], [ -99.083103553846144, 20.092124292307705 ], [ -99.08300793846152, 20.092205661538479 ], [ -99.082835815384612, 20.092287076923082 ], [ -99.082443353846131, 20.091745061538465 ], [ -99.082414630769236, 20.091690861538464 ], [ -99.082443153846157, 20.0913836 ], [ -99.082481369230763, 20.09129321538461 ], [ -99.082615230769221, 20.091184723076964 ], [ -99.082930799999986, 20.091030953846186 ] ] ] ] } },
{ "type": "Feature", "properties": { "IDBD": 170548, "FC": 6291, "CONDICION": "CUERPO DE AGUA INTERMITENTE" }, "geometry": { "type": "MultiPolygon", "coordinates": [ [ [ [ -99.556654523076915, 20.099507338461514 ], [ -99.556940784615392, 20.099307646153854 ], [ -99.557188815384563, 20.09911709230769 ], [ -99.557266, 20.099306615384641 ], [ -99.557323753846148, 20.099405830769268 ], [ -99.557352661538459, 20.099469 ], [ -99.557343384615393, 20.099550353846183 ], [ -99.557324476923057, 20.09961366153847 ], [ -99.557305476923034, 20.09964986153846 ], [ -99.557257846153831, 20.099704230769266 ], [ -99.557171923076908, 20.0997496923077 ], [ -99.557057230769203, 20.099777153846134 ], [ -99.55694238461534, 20.099759446153854 ], [ -99.556808138461506, 20.099669507692333 ], [ -99.556769784615341, 20.099642523076891 ], [ -99.556654523076915, 20.099507338461514 ] ] ] ] } },
{ "type": "Feature", "properties": { "IDBD": 170554, "FC": 6291, "CONDICION": "CUERPO DE AGUA INTERMITENTE" }, "geometry": { "type": "MultiPolygon", "coordinates": [ [ [ [ -99.544246476923064, 20.09902193846154 ], [ -99.54417973846148, 20.099085399999989 ], [ -99.543940923076917, 20.09917649230772 ], [ -99.543845169230721, 20.099149676923084 ], [ -99.543758830769207, 20.099077661538445 ], [ -99.543729861538424, 20.098996415384619 ], [ -99.543748861538418, 20.098960215384615 ], [ -99.54389209230763, 20.098887492307647 ], [ -99.544064169230722, 20.098859846153829 ], [ -99.544188615384556, 20.098886569230761 ], [ -99.544265384615329, 20.098958630769257 ], [ -99.544246476923064, 20.09902193846154 ] ] ] ] } },
{ "type": "Feature", "properties": { "IDBD": 170555, "FC": 6291, "CONDICION": "CUERPO DE AGUA INTERMITENTE" }, "geometry": { "type": "MultiPolygon", "coordinates": [ [ [ [ -99.014730307692275, 20.088917169230768 ], [ -99.014998138461479, 20.088926184615392 ], [ -99.015179876923071, 20.089016538461539 ], [ -99.015332938461498, 20.089152076923074 ], [ -99.015428599999979, 20.089305692307715 ], [ -99.015428615384593, 20.089450276923106 ], [ -99.01536167692305, 20.089612938461521 ], [ -99.015256461538442, 20.08967619999996 ], [ -99.014979076923055, 20.089721415384613 ], [ -99.014711261538437, 20.08975758461543 ], [ -99.014510369230749, 20.089622046153885 ], [ -99.014252092307657, 20.089459415384585 ], [ -99.014127738461511, 20.089350984615365 ], [ -99.014127723076896, 20.089197353846188 ], [ -99.014252061538443, 20.089052769230783 ], [ -99.014452923076888, 20.088899123076935 ], [ -99.01458683076919, 20.088853923076918 ], [ -99.014730307692275, 20.088917169230768 ] ] ] ] } },
{ "type": "Feature", "properties": { "IDBD": 170559, "FC": 6291, "CONDICION": "CUERPO DE AGUA INTERMITENTE" }, "geometry": { "type": "MultiPolygon", "coordinates": [ [ [ [ -99.582278830769198, 20.099117430769248 ], [ -99.5822794, 20.099271046153842 ], [ -99.5822510307692, 20.099361492307729 ], [ -99.582146184615354, 20.099461246153879 ], [ -99.58207935384614, 20.09949760000001 ], [ -99.581945338461537, 20.099470938461543 ], [ -99.581849430769196, 20.099398969230759 ], [ -99.58153259999996, 20.099083738461559 ], [ -99.581446353846147, 20.099038846153839 ], [ -99.581331399999968, 20.098994046153841 ], [ -99.581082369230714, 20.098904507692311 ], [ -99.580938661538411, 20.098841723076905 ], [ -99.58082384615382, 20.09883306153846 ], [ -99.580747323076878, 20.098833307692324 ], [ -99.580603815384592, 20.098824753846145 ], [ -99.58047949230766, 20.0988342 ], [ -99.580326353846132, 20.098807584615422 ], [ -99.580297615384595, 20.09879864615381 ], [ -99.58028795384611, 20.098771569230788 ], [ -99.580268661538426, 20.098726446153865 ], [ -99.580258892307668, 20.098672261538464 ], [ -99.580238799999989, 20.098410276923058 ], [ -99.580267292307681, 20.098355969230791 ], [ -99.580468323076929, 20.098400492307686 ], [ -99.58088993846151, 20.098597907692319 ], [ -99.581206276923055, 20.098786615384594 ], [ -99.581330799999989, 20.0988314 ], [ -99.581503046153827, 20.098848892307657 ], [ -99.581819030769211, 20.098938215384585 ], [ -99.582096846153817, 20.099054769230765 ], [ -99.582278830769198, 20.099117430769248 ] ] ] ] } },
{ "type": "Feature", "properties": { "IDBD": 170566, "FC": 6291, "CONDICION": "CUERPO DE AGUA INTERMITENTE" }, "geometry": { "type": "MultiPolygon", "coordinates": [ [ [ [ -99.53612410769226, 20.098631123076931 ], [ -99.536075876923022, 20.098513799999981 ], [ -99.536075538461517, 20.098414400000017 ], [ -99.536132292307641, 20.098224476923054 ], [ -99.536160615384588, 20.098115953846154 ], [ -99.536217815384632, 20.098061553846154 ], [ -99.536284646153803, 20.09802521538462 ], [ -99.536361138461501, 20.098015938461536 ], [ -99.536456799999968, 20.098015646153868 ], [ -99.536467230769233, 20.098268630769216 ], [ -99.536448892307632, 20.098503630769248 ], [ -99.536439476923036, 20.098548846153843 ], [ -99.536411, 20.098612184615376 ], [ -99.536353676923056, 20.098630430769216 ], [ -99.53612410769226, 20.098631123076931 ] ] ] ] } },
{ "type": "Feature", "properties": { "IDBD": 170567, "FC": 6291, "CONDICION": "CUERPO DE AGUA INTERMITENTE" }, "geometry": { "type": "MultiPolygon", "coordinates": [ [ [ [ -99.515899015384591, 20.097471507692305 ], [ -99.51592753846154, 20.097417200000013 ], [ -99.515965738461489, 20.097399015384624 ], [ -99.516080553846123, 20.097407723076923 ], [ -99.516176261538405, 20.097425507692325 ], [ -99.516300707692253, 20.097452261538471 ], [ -99.51644424615381, 20.097469907692336 ], [ -99.516635692307673, 20.097514538461517 ], [ -99.516760107692264, 20.09753224615385 ], [ -99.516903969230739, 20.097649292307675 ], [ -99.516961676923074, 20.097748523076913 ], [ -99.51693330769227, 20.097848 ], [ -99.516905215384554, 20.098028815384662 ], [ -99.516589553846146, 20.098029738461552 ], [ -99.516302338461557, 20.09794924615387 ], [ -99.516139461538444, 20.097868400000021 ], [ -99.515985876923054, 20.097706200000026 ], [ -99.515899015384591, 20.097471507692305 ] ] ] ] } },
{ "type": "Feature", "properties": { "IDBD": 170568, "FC": 6291, "CONDICION": "CUERPO DE AGUA INTERMITENTE" }, "geometry": { "type": "MultiPolygon", "coordinates": [ [ [ [ -99.519285815384578, 20.097669415384651 ], [ -99.519390692307667, 20.097569707692323 ], [ -99.519438461538471, 20.097551492307694 ], [ -99.519993246153845, 20.097549861538461 ], [ -99.520117569230706, 20.097540446153829 ], [ -99.520232415384584, 20.097558184615405 ], [ -99.520337815384593, 20.097612092307706 ], [ -99.52041453846148, 20.09767512307689 ], [ -99.520443538461521, 20.097765400000039 ], [ -99.520405815384606, 20.097928169230787 ], [ -99.520023415384557, 20.097992538461511 ], [ -99.519679230769185, 20.098047769230774 ], [ -99.519478399999954, 20.098057400000016 ], [ -99.519354046153794, 20.098057769230767 ], [ -99.519287, 20.098030861538437 ], [ -99.519258, 20.097940584615394 ], [ -99.519285815384578, 20.097669415384651 ] ] ] ] } },
{ "type": "Feature", "properties": { "IDBD": 170579, "FC": 6291, "CONDICION": "CUERPO DE AGUA INTERMITENTE" }, "geometry": { "type": "MultiPolygon", "coordinates": [ [ [ [ -99.533318076923038, 20.097636600000023 ], [ -99.533298599999966, 20.097537261538434 ], [ -99.53334612307691, 20.09744675384616 ], [ -99.533441476923045, 20.097356107692299 ], [ -99.533546507692307, 20.097301569230797 ], [ -99.53368029230765, 20.097265015384586 ], [ -99.533804676923026, 20.097273676923084 ], [ -99.533814876923032, 20.097463415384585 ], [ -99.533815430769224, 20.097626061538453 ], [ -99.53375819999998, 20.097671415384621 ], [ -99.533691369230738, 20.097707769230773 ], [ -99.533605399999971, 20.097744169230801 ], [ -99.533394753846139, 20.09768155384613 ], [ -99.533318076923038, 20.097636600000023 ] ] ] ] } },
{ "type": "Feature", "properties": { "IDBD": 170583, "FC": 6291, "CONDICION": "CUERPO DE AGUA INTERMITENTE" }, "geometry": { "type": "MultiPolygon", "coordinates": [ [ [ [ -99.516909353846131, 20.096375153846179 ], [ -99.516995799999975, 20.096483338461546 ], [ -99.517072399999989, 20.096510230769251 ], [ -99.517158523076859, 20.096519015384665 ], [ -99.517235107692272, 20.096536861538425 ], [ -99.517263969230768, 20.096590984615418 ], [ -99.517130246153798, 20.0966456 ], [ -99.517044507692248, 20.096754292307722 ], [ -99.517016461538446, 20.096953169230762 ], [ -99.51701709230764, 20.097142923076959 ], [ -99.516941076923032, 20.097296769230812 ], [ -99.516749938461501, 20.097351538461552 ], [ -99.516424692307666, 20.097343461538443 ], [ -99.516127907692251, 20.097263 ], [ -99.516012707692255, 20.097136830769216 ], [ -99.515954907692262, 20.097010492307682 ], [ -99.515906507692264, 20.096838938461556 ], [ -99.51592519999997, 20.096703338461545 ], [ -99.516125476923065, 20.096522030769204 ], [ -99.516240046153825, 20.096458446153868 ], [ -99.516411846153787, 20.096340461538457 ], [ -99.516727369230708, 20.096303399999989 ], [ -99.516909353846131, 20.096375153846179 ] ] ] ] } },
{ "type": "Feature", "properties": { "IDBD": 170584, "FC": 6291, "CONDICION": "CUERPO DE AGUA INTERMITENTE" }, "geometry": { "type": "MultiPolygon", "coordinates": [ [ [ [ -99.520373261538452, 20.096762569230794 ], [ -99.520526092307648, 20.096698876923089 ], [ -99.520650569230753, 20.096734646153816 ], [ -99.520717646153827, 20.096770599999974 ], [ -99.520775123076916, 20.096797538461544 ], [ -99.520928338461516, 20.096851307692269 ], [ -99.521043246153852, 20.09688710769235 ], [ -99.521148615384604, 20.096931984615384 ], [ -99.521225261538447, 20.09696789230766 ], [ -99.521388492307636, 20.097157184615384 ], [ -99.521293046153829, 20.097220707692298 ], [ -99.521006276923046, 20.097275784615402 ], [ -99.520824569230754, 20.097285353846146 ], [ -99.52060435384611, 20.097222753846147 ], [ -99.520518092307654, 20.097168784615381 ], [ -99.520470076923075, 20.09711470769232 ], [ -99.520431615384595, 20.097051569230793 ], [ -99.520402615384569, 20.096961292307718 ], [ -99.520373261538452, 20.096762569230794 ] ] ] ] } },
{ "type": "Feature", "properties": { "IDBD": 170589, "FC": 6291, "CONDICION": "CUERPO DE AGUA INTERMITENTE" }, "geometry": { "type": "MultiPolygon", "coordinates": [ [ [ [ -99.53391909230767, 20.097164892307681 ], [ -99.534176830769198, 20.097010507692328 ], [ -99.534482184615328, 20.096792707692344 ], [ -99.534806569230753, 20.09654773846151 ], [ -99.534797953846109, 20.096827892307694 ], [ -99.534740938461482, 20.096936507692337 ], [ -99.534693323076894, 20.096999907692314 ], [ -99.534607507692286, 20.097081492307709 ], [ -99.534512138461508, 20.097163107692296 ], [ -99.53437852307691, 20.09725387692307 ], [ -99.534235323076928, 20.097335630769251 ], [ -99.534092092307674, 20.097408353846173 ], [ -99.534053861538425, 20.097417507692281 ], [ -99.533977246153825, 20.097390630769222 ], [ -99.5339484307692, 20.09735456923076 ], [ -99.533948338461485, 20.097327461538445 ], [ -99.53391909230767, 20.097164892307681 ] ] ] ] } },
{ "type": "Feature", "properties": { "IDBD": 170590, "FC": 6291, "CONDICION": "CUERPO DE AGUA INTERMITENTE" }, "geometry": { "type": "MultiPolygon", "coordinates": [ [ [ [ -99.146901446153805, 20.089172953846106 ], [ -99.147035338461507, 20.089154769230781 ], [ -99.14719796923076, 20.089181753846134 ], [ -99.147360507692298, 20.089100276923059 ], [ -99.147532476923018, 20.088892292307701 ], [ -99.147618492307643, 20.088810892307688 ], [ -99.147762046153801, 20.088892107692324 ], [ -99.14794403076921, 20.089163046153828 ], [ -99.147934646153828, 20.089361861538492 ], [ -99.147896646153796, 20.089623953846164 ], [ -99.147897092307645, 20.090111938461547 ], [ -99.14770589230767, 20.090211492307706 ], [ -99.147486015384615, 20.090356261538485 ], [ -99.147390492307679, 20.090482861538462 ], [ -99.147247123076895, 20.090609492307724 ], [ -99.147113292307679, 20.090690923076892 ], [ -99.146998538461503, 20.090727169230803 ], [ -99.146663630769197, 20.0905918923077 ], [ -99.146529353846134, 20.090194399999977 ], [ -99.14649072307688, 20.08980586153848 ], [ -99.146509492307686, 20.089408230769216 ], [ -99.146499769230758, 20.089236553846142 ], [ -99.146585784615354, 20.089164184615431 ], [ -99.146901446153805, 20.089172953846106 ] ] ] ] } },
{ "type": "Feature", "properties": { "IDBD": 170596, "FC": 6291, "CONDICION": "CUERPO DE AGUA INTERMITENTE" }, "geometry": { "type": "MultiPolygon", "coordinates": [ [ [ [ -99.609486353846123, 20.097588815384626 ], [ -99.609554276923078, 20.097841584615395 ], [ -99.609420476923034, 20.097869153846148 ], [ -99.609372692307659, 20.097878353846163 ], [ -99.609277246153837, 20.097932907692307 ], [ -99.609172276923033, 20.097996523076944 ], [ -99.608991199999949, 20.098168830769218 ], [ -99.609027846153808, 20.097753046153809 ], [ -99.609074276923053, 20.097391430769203 ], [ -99.609208230769227, 20.097400015384608 ], [ -99.609284784615383, 20.097408784615393 ], [ -99.609409169230773, 20.09741738461538 ], [ -99.609485892307674, 20.097471338461528 ], [ -99.609486353846123, 20.097588815384626 ] ] ] ] } },
{ "type": "Feature", "properties": { "IDBD": 170599, "FC": 6291, "CONDICION": "CUERPO DE AGUA INTERMITENTE" }, "geometry": { "type": "MultiPolygon", "coordinates": [ [ [ [ -99.518772246153816, 20.095664861538427 ], [ -99.518744046153799, 20.095818553846168 ], [ -99.518734692307646, 20.095881846153844 ], [ -99.518706353846127, 20.095990353846112 ], [ -99.518697415384608, 20.09618015384617 ], [ -99.518659723076908, 20.096351953846181 ], [ -99.518612307692322, 20.096478599999976 ], [ -99.518420923076874, 20.096452046153829 ], [ -99.518419969230735, 20.096162892307696 ], [ -99.518428430769177, 20.095828523076882 ], [ -99.518466307692279, 20.095710938461508 ], [ -99.518533107692321, 20.095665569230782 ], [ -99.518609569230733, 20.095647261538456 ], [ -99.518705292307644, 20.095665061538433 ], [ -99.518772246153816, 20.095664861538427 ] ] ] ] } },
{ "type": "Feature", "properties": { "IDBD": 170602, "FC": 6291, "CONDICION": "CUERPO DE AGUA INTERMITENTE" }, "geometry": { "type": "MultiPolygon", "coordinates": [ [ [ [ -99.584824430769174, 20.096868030769198 ], [ -99.585025369230749, 20.09688543076922 ], [ -99.585092292307664, 20.096876169230764 ], [ -99.585178307692246, 20.09685781538462 ], [ -99.585273861538411, 20.096830384615334 ], [ -99.585446092307663, 20.096847892307675 ], [ -99.585589738461508, 20.0968926 ], [ -99.58556181538458, 20.097100523076971 ], [ -99.585457030769206, 20.097218338461548 ], [ -99.585333, 20.097300076923069 ], [ -99.585170492307668, 20.097327723076919 ], [ -99.5850364, 20.097282984615386 ], [ -99.58495955384609, 20.097192876923078 ], [ -99.584920753846149, 20.097048430769249 ], [ -99.584824430769174, 20.096868030769198 ] ] ] ] } },
{ "type": "Feature", "properties": { "IDBD": 170604, "FC": 6291, "CONDICION": "CUERPO DE AGUA INTERMITENTE" }, "geometry": { "type": "MultiPolygon", "coordinates": [ [ [ [ -99.424749953846117, 20.09380163076926 ], [ -99.424633784615338, 20.093286830769234 ], [ -99.424767692307668, 20.093286507692323 ], [ -99.424786846153836, 20.093295507692307 ], [ -99.424901676923056, 20.09331330769232 ], [ -99.425073846153822, 20.09331289230774 ], [ -99.425140846153823, 20.0933308 ], [ -99.425217476923052, 20.093366753846148 ], [ -99.425265353846115, 20.093384723076952 ], [ -99.425332476923074, 20.093447815384565 ], [ -99.425418923076862, 20.093583153846193 ], [ -99.42546684615381, 20.093619184615399 ], [ -99.425514799999974, 20.093664246153804 ], [ -99.425629723076881, 20.093718184615344 ], [ -99.425668061538417, 20.093745199999979 ], [ -99.42570641538461, 20.093781261538457 ], [ -99.425745092307665, 20.093934784615406 ], [ -99.425726384615359, 20.094088446153865 ], [ -99.425678646153784, 20.094124707692263 ], [ -99.425611738461527, 20.094142938461523 ], [ -99.425583076923047, 20.094152046153852 ], [ -99.425439815384593, 20.09423372307695 ], [ -99.425372923076893, 20.094260984615389 ], [ -99.425287030769226, 20.094333492307687 ], [ -99.425220276923042, 20.094405938461509 ], [ -99.425058399999983, 20.09467741538462 ], [ -99.424904984615338, 20.094542246153882 ], [ -99.424749953846117, 20.09380163076926 ] ] ] ] } },
{ "type": "Feature", "properties": { "IDBD": 170607, "FC": 6291, "CONDICION": "CUERPO DE AGUA INTERMITENTE" }, "geometry": { "type": "MultiPolygon", "coordinates": [ [ [ [ -99.554415815384587, 20.096677 ], [ -99.5543582, 20.096613923076887 ], [ -99.554319661538429, 20.096532723076951 ], [ -99.554252507692283, 20.096478723076942 ], [ -99.554204584615334, 20.096451753846161 ], [ -99.554070492307659, 20.096397969230789 ], [ -99.554003307692284, 20.096334923076874 ], [ -99.553945630769192, 20.096253769230785 ], [ -99.553639169230749, 20.09614629230769 ], [ -99.554002138461541, 20.096000584615414 ], [ -99.554174046153804, 20.095927753846169 ], [ -99.554355538461493, 20.095854892307706 ], [ -99.554747507692312, 20.095799446153883 ], [ -99.554614784615325, 20.09613419999998 ], [ -99.554587061538399, 20.096414415384601 ], [ -99.554539938461531, 20.096613353846188 ], [ -99.554415815384587, 20.096677 ] ] ] ] } },
{ "type": "Feature", "properties": { "IDBD": 170609, "FC": 6291, "CONDICION": "CUERPO DE AGUA INTERMITENTE" }, "geometry": { "type": "MultiPolygon", "coordinates": [ [ [ [ -99.513425738461521, 20.095807 ], [ -99.513224769230774, 20.095780476923103 ], [ -99.513071138461498, 20.0956002 ], [ -99.513032415384572, 20.095455723076924 ], [ -99.513051046153819, 20.095302061538472 ], [ -99.513108, 20.09516635384616 ], [ -99.513193630769223, 20.095030553846179 ], [ -99.51331763076918, 20.09492175384618 ], [ -99.513470492307661, 20.094867092307695 ], [ -99.513594815384579, 20.094857692307723 ], [ -99.513747861538448, 20.094857246153822 ], [ -99.51382458461535, 20.094920276923052 ], [ -99.513872753846144, 20.095028584615378 ], [ -99.513854246153812, 20.0952184 ], [ -99.51382629230767, 20.095444384615352 ], [ -99.513654415384607, 20.09553524615383 ], [ -99.513540046153807, 20.095662092307702 ], [ -99.513425738461521, 20.095807 ] ] ] ] } },
{ "type": "Feature", "properties": { "IDBD": 170613, "FC": 6291, "CONDICION": "CUERPO DE AGUA INTERMITENTE" }, "geometry": { "type": "MultiPolygon", "coordinates": [ [ [ [ -99.592360138461515, 20.0964182 ], [ -99.5925416, 20.096345292307685 ], [ -99.592618153846104, 20.096354076923078 ], [ -99.592761769230776, 20.096389738461557 ], [ -99.592876584615354, 20.096398384615402 ], [ -99.592943569230755, 20.09640719999998 ], [ -99.593058384615361, 20.096415846153839 ], [ -99.593144953846092, 20.096542061538415 ], [ -99.593030753846136, 20.096696061538445 ], [ -99.592944938461514, 20.096768646153855 ], [ -99.592782430769219, 20.096796292307669 ], [ -99.59268681538461, 20.09680566153849 ], [ -99.592619784615351, 20.096787800000026 ], [ -99.592456461538433, 20.0965986 ], [ -99.592360138461515, 20.0964182 ] ] ] ] } },
{ "type": "Feature", "properties": { "IDBD": 170614, "FC": 6291, "CONDICION": "CUERPO DE AGUA INTERMITENTE" }, "geometry": { "type": "MultiPolygon", "coordinates": [ [ [ [ -99.533924153846158, 20.095836553846194 ], [ -99.533913769230736, 20.0955926 ], [ -99.533922953846158, 20.095484138461522 ], [ -99.533941753846122, 20.095384676923064 ], [ -99.533970230769199, 20.095321338461499 ], [ -99.534017815384615, 20.095248907692316 ], [ -99.5341802, 20.095185169230756 ], [ -99.53439058461538, 20.095166446153854 ], [ -99.534419769230709, 20.095310938461513 ], [ -99.534410476923043, 20.095392292307682 ], [ -99.534372830769186, 20.095573138461525 ], [ -99.534344399999952, 20.095654553846156 ], [ -99.5342204, 20.095754323076925 ], [ -99.534115369230747, 20.095808861538472 ], [ -99.533924153846158, 20.095836553846194 ] ] ] ] } },
{ "type": "Feature", "properties": { "IDBD": 170615, "FC": 6291, "CONDICION": "CUERPO DE AGUA INTERMITENTE" }, "geometry": { "type": "MultiPolygon", "coordinates": [ [ [ [ -99.435391153846112, 20.092031676923074 ], [ -99.435744338461532, 20.091768753846161 ], [ -99.435811184615389, 20.091732446153831 ], [ -99.435973615384583, 20.091668784615383 ], [ -99.436117015384568, 20.091641323076928 ], [ -99.436576538461523, 20.091784769230756 ], [ -99.436873507692255, 20.091946692307687 ], [ -99.437208969230753, 20.092189846153882 ], [ -99.437419646153799, 20.092279692307677 ], [ -99.438070538461517, 20.092449769230814 ], [ -99.438147169230746, 20.092485723076965 ], [ -99.438166523076887, 20.092567 ], [ -99.43817626153843, 20.092630230769249 ], [ -99.438072030769234, 20.092982907692335 ], [ -99.438044153846093, 20.093281184615378 ], [ -99.4380062, 20.093389707692317 ], [ -99.437968215384601, 20.0934892 ], [ -99.437787230769175, 20.093760738461508 ], [ -99.437625, 20.093896692307656 ], [ -99.437243353846142, 20.094241015384576 ], [ -99.436446984615372, 20.093357430769228 ], [ -99.435794584615351, 20.092645169230753 ], [ -99.435391153846112, 20.092031676923074 ] ] ] ] } },
{ "type": "Feature", "properties": { "IDBD": 170617, "FC": 6291, "CONDICION": "CUERPO DE AGUA INTERMITENTE" }, "geometry": { "type": "MultiPolygon", "coordinates": [ [ [ [ -99.515108169230743, 20.095485830769285 ], [ -99.515088507692269, 20.095323230769246 ], [ -99.515088246153866, 20.095241907692305 ], [ -99.515126323076899, 20.095187584615395 ], [ -99.51520252307688, 20.095087953846164 ], [ -99.515422369230734, 20.095042138461555 ], [ -99.515623092307692, 20.094996369230778 ], [ -99.515795169230728, 20.094968753846146 ], [ -99.515909953846119, 20.094968415384621 ], [ -99.51600575384613, 20.095013323076962 ], [ -99.516072969230748, 20.095094446153833 ], [ -99.516083107692268, 20.095266107692307 ], [ -99.516102646153797, 20.095392553846136 ], [ -99.516093353846131, 20.095473907692313 ], [ -99.516035984615343, 20.095483123076917 ], [ -99.515902138461485, 20.09550158461537 ], [ -99.515701261538425, 20.095502169230745 ], [ -99.515481215384568, 20.095484738461533 ], [ -99.515108169230743, 20.095485830769285 ] ] ] ] } },
{ "type": "Feature", "properties": { "IDBD": 170620, "FC": 6291, "CONDICION": "CUERPO DE AGUA INTERMITENTE" }, "geometry": { "type": "MultiPolygon", "coordinates": [ [ [ [ -99.516332215384566, 20.095391892307664 ], [ -99.516293384615352, 20.095220307692301 ], [ -99.516283584615365, 20.095148046153877 ], [ -99.516282692307655, 20.094876969230786 ], [ -99.516292030769193, 20.094804646153843 ], [ -99.516349061538435, 20.094696046153825 ], [ -99.516454092307669, 20.09464152307693 ], [ -99.516578261538427, 20.094586938461561 ], [ -99.516673830769207, 20.094559553846146 ], [ -99.516836353846116, 20.094531969230793 ], [ -99.51696072307692, 20.09454063076927 ], [ -99.517037246153805, 20.094540415384625 ], [ -99.517238738461529, 20.094729584615347 ], [ -99.517067030769212, 20.09487466153843 ], [ -99.516904784615335, 20.094983584615424 ], [ -99.51677123076918, 20.0950924 ], [ -99.516666276923019, 20.09517404615384 ], [ -99.516551707692287, 20.09523763076923 ], [ -99.516332215384566, 20.095391892307664 ] ] ] ] } },
{ "type": "Feature", "properties": { "IDBD": 170621, "FC": 6291, "CONDICION": "CUERPO DE AGUA INTERMITENTE" }, "geometry": { "type": "MultiPolygon", "coordinates": [ [ [ [ -99.444015184615381, 20.094115676923078 ], [ -99.443679507692309, 20.093800246153858 ], [ -99.4437268, 20.093610369230799 ], [ -99.443841123076893, 20.093447430769267 ], [ -99.444012692307666, 20.09323012307696 ], [ -99.444212692307644, 20.092922384615406 ], [ -99.444393507692283, 20.092596615384608 ], [ -99.444650384615358, 20.092108 ], [ -99.444707353846127, 20.091954246153882 ], [ -99.444706784615377, 20.091755446153847 ], [ -99.44466786153842, 20.091520599999964 ], [ -99.444580907692284, 20.091213584615392 ], [ -99.444560938461493, 20.090915430769218 ], [ -99.444646292307652, 20.090653153846173 ], [ -99.444817692307666, 20.090381630769219 ], [ -99.445065815384581, 20.090182215384644 ], [ -99.44532376923074, 20.090073123076962 ], [ -99.445706076923059, 20.089972753846158 ], [ -99.446251092307662, 20.089908123076928 ], [ -99.446700723076901, 20.089934092307701 ], [ -99.44675810769229, 20.089933953846185 ], [ -99.446825169230763, 20.089969923076929 ], [ -99.44688263076921, 20.089996892307681 ], [ -99.446882692307668, 20.090014969230769 ], [ -99.446873230769199, 20.09005113846149 ], [ -99.446787353846105, 20.090123646153849 ], [ -99.446644107692251, 20.090205338461569 ], [ -99.446424261538425, 20.090260107692291 ], [ -99.445936907692243, 20.090424 ], [ -99.445726707692288, 20.090505846153849 ], [ -99.445698123076895, 20.090542076923082 ], [ -99.445612184615342, 20.090596507692325 ], [ -99.445478738461503, 20.090759492307686 ], [ -99.445469246153834, 20.090786630769259 ], [ -99.445421584615346, 20.090840969230765 ], [ -99.445412676923041, 20.091075938461525 ], [ -99.445384369230766, 20.091211553846147 ], [ -99.44528, 20.09151001538461 ], [ -99.445242061538437, 20.091627584615406 ], [ -99.445185215384583, 20.091817492307676 ], [ -99.445100246153842, 20.092215307692278 ], [ -99.445015015384584, 20.092513723076951 ], [ -99.444910707692287, 20.092839292307705 ], [ -99.444682369230776, 20.093273615384657 ], [ -99.444339430769205, 20.093771476923084 ], [ -99.444015184615381, 20.094115676923078 ] ] ] ] } },
{ "type": "Feature", "properties": { "IDBD": 170623, "FC": 6291, "CONDICION": "CUERPO DE AGUA INTERMITENTE" }, "geometry": { "type": "MultiPolygon", "coordinates": [ [ [ [ -99.519488046153839, 20.095183830769212 ], [ -99.519172107692285, 20.095094400000015 ], [ -99.519143138461516, 20.095013153846139 ], [ -99.519152430769182, 20.094931799999983 ], [ -99.519190246153826, 20.094796138461511 ], [ -99.519218584615345, 20.094687630769258 ], [ -99.519266138461532, 20.094606153846168 ], [ -99.519333015384618, 20.094578861538459 ], [ -99.519486138461531, 20.094605507692322 ], [ -99.519581938461528, 20.094650415384613 ], [ -99.519677830769211, 20.094722415384634 ], [ -99.519678092307672, 20.094803753846168 ], [ -99.519649769230739, 20.094912261538479 ], [ -99.519621276923047, 20.094975599999973 ], [ -99.5195832, 20.095029938461558 ], [ -99.519488046153839, 20.095183830769212 ] ] ] ] } },
{ "type": "Feature", "properties": { "IDBD": 170628, "FC": 6291, "CONDICION": "CUERPO DE AGUA INTERMITENTE" }, "geometry": { "type": "MultiPolygon", "coordinates": [ [ [ [ -99.510609323076892, 20.094504907692286 ], [ -99.510781030769195, 20.094359830769235 ], [ -99.510819107692242, 20.094305492307662 ], [ -99.510866799999945, 20.094260184615361 ], [ -99.510943046153784, 20.094178630769228 ], [ -99.511076661538425, 20.094087876923055 ], [ -99.511324953846128, 20.093960661538482 ], [ -99.511563876923063, 20.093896707692284 ], [ -99.511526553846124, 20.094185984615383 ], [ -99.511450492307659, 20.094330784615398 ], [ -99.5113456, 20.094430476923065 ], [ -99.511116430769221, 20.094548615384596 ], [ -99.510963523076896, 20.094594246153868 ], [ -99.510867846153843, 20.094585476923054 ], [ -99.510609323076892, 20.094504907692286 ] ] ] ] } },
{ "type": "Feature", "properties": { "IDBD": 170635, "FC": 6291, "CONDICION": "CUERPO DE AGUA INTERMITENTE" }, "geometry": { "type": "MultiPolygon", "coordinates": [ [ [ [ -99.52501150769227, 20.093613246153893 ], [ -99.525250446153834, 20.093558323076945 ], [ -99.52546087692302, 20.093557692307666 ], [ -99.525661830769209, 20.09358420000002 ], [ -99.525815, 20.093619892307718 ], [ -99.52590129230768, 20.093682892307655 ], [ -99.525778599999953, 20.094180246153861 ], [ -99.525721969230744, 20.09440632307691 ], [ -99.525473215384565, 20.094389 ], [ -99.525329799999952, 20.094407492307703 ], [ -99.525128907692249, 20.094399061538443 ], [ -99.524994630769172, 20.094291015384634 ], [ -99.52498464615384, 20.094164538461563 ], [ -99.524955107692264, 20.093911615384609 ], [ -99.524926046153823, 20.093803261538476 ], [ -99.524944815384586, 20.093694769230773 ], [ -99.52501150769227, 20.093613246153893 ] ] ] ] } },
{ "type": "Feature", "properties": { "IDBD": 170640, "FC": 6291, "CONDICION": "CUERPO DE AGUA INTERMITENTE" }, "geometry": { "type": "MultiPolygon", "coordinates": [ [ [ [ -99.079207338461515, 20.085890830769191 ], [ -99.079207415384587, 20.086044461538471 ], [ -99.079197907692304, 20.086180015384574 ], [ -99.079121415384591, 20.086225230769237 ], [ -99.078968430769223, 20.086324707692292 ], [ -99.078853676923032, 20.086378969230754 ], [ -99.078700630769205, 20.086379046153844 ], [ -99.078394523076909, 20.086315923076953 ], [ -99.078241384615325, 20.086099107692302 ], [ -99.078126399999974, 20.085683476923087 ], [ -99.078049799999974, 20.085520846153834 ], [ -99.078030584615348, 20.085376276923085 ], [ -99.078135784615355, 20.085340076923082 ], [ -99.078250553846132, 20.085303892307707 ], [ -99.07825049230766, 20.085186415384609 ], [ -99.078336569230729, 20.085177338461527 ], [ -99.078489692307684, 20.085339923076898 ], [ -99.078681046153832, 20.08545732307692 ], [ -99.078824507692289, 20.085448215384627 ], [ -99.078929769230726, 20.085529492307693 ], [ -99.079044615384575, 20.08564692307694 ], [ -99.079140307692271, 20.08574627692305 ], [ -99.079207338461515, 20.085890830769191 ] ] ] ] } },
{ "type": "Feature", "properties": { "IDBD": 170647, "FC": 6291, "CONDICION": "CUERPO DE AGUA INTERMITENTE" }, "geometry": { "type": "MultiPolygon", "coordinates": [ [ [ [ -99.618867461538443, 20.094547107692321 ], [ -99.619077707692284, 20.094501200000042 ], [ -99.619584861538414, 20.094553630769234 ], [ -99.619625215384573, 20.095086630769259 ], [ -99.619740753846159, 20.095275984615348 ], [ -99.619712338461511, 20.09534836923077 ], [ -99.61953078461535, 20.095394184615412 ], [ -99.619348907692284, 20.095358676923098 ], [ -99.61913826153841, 20.0953052 ], [ -99.618851138461523, 20.095261030769226 ], [ -99.618439415384586, 20.095154046153873 ], [ -99.61821921538457, 20.095100599999959 ], [ -99.618113923076891, 20.095082892307694 ], [ -99.618046969230747, 20.0950831230769 ], [ -99.617989538461529, 20.095074292307711 ], [ -99.617932092307669, 20.095056415384619 ], [ -99.617816984615331, 20.094975492307682 ], [ -99.618198692307644, 20.094748261538474 ], [ -99.618705, 20.094583830769238 ], [ -99.618867461538443, 20.094547107692321 ] ] ] ] } },
{ "type": "Feature", "properties": { "IDBD": 170663, "FC": 6291, "CONDICION": "CUERPO DE AGUA INTERMITENTE" }, "geometry": { "type": "MultiPolygon", "coordinates": [ [ [ [ -99.58920376923075, 20.093898615384635 ], [ -99.589040415384574, 20.093700369230739 ], [ -99.589240707692269, 20.093546076923058 ], [ -99.589317123076867, 20.093518723076937 ], [ -99.589345723076889, 20.093491507692296 ], [ -99.589632353846127, 20.093409230769243 ], [ -99.589689646153815, 20.093381923076947 ], [ -99.589746830769215, 20.09332752307693 ], [ -99.589745953846133, 20.093092584615381 ], [ -99.589784153846111, 20.093074384615385 ], [ -99.589879969230765, 20.093119246153844 ], [ -99.589995015384602, 20.093191153846139 ], [ -99.590033676923085, 20.093299446153864 ], [ -99.590043553846129, 20.093380738461576 ], [ -99.590034353846121, 20.093480169230801 ], [ -99.590025123076884, 20.093570569230799 ], [ -99.590006199999962, 20.093624846153844 ], [ -99.589949015384576, 20.093679261538451 ], [ -99.589920492307698, 20.093724538461526 ], [ -99.589901599999962, 20.093787846153845 ], [ -99.589892307692281, 20.093860169230759 ], [ -99.589902338461513, 20.093986646153869 ], [ -99.589443399999951, 20.094033353846182 ], [ -99.589328646153831, 20.094042784615347 ], [ -99.58920376923075, 20.093898615384635 ] ] ] ] } },
{ "type": "Feature", "properties": { "IDBD": 170673, "FC": 6291, "CONDICION": "CUERPO DE AGUA INTERMITENTE" }, "geometry": { "type": "MultiPolygon", "coordinates": [ [ [ [ -99.001941646153824, 20.0828 ], [ -99.001989476923015, 20.082700600000017 ], [ -99.002065984615371, 20.082601184615381 ], [ -99.00217119999995, 20.082447569230773 ], [ -99.002276399999971, 20.082366230769221 ], [ -99.002400753846146, 20.082257800000015 ], [ -99.002745076923063, 20.082402384615392 ], [ -99.002812030769221, 20.082483707692329 ], [ -99.002859861538425, 20.082754799999968 ], [ -99.00285986153844, 20.082962646153888 ], [ -99.002812046153835, 20.083053015384557 ], [ -99.002659015384594, 20.083215676923061 ], [ -99.002572923076912, 20.083251815384589 ], [ -99.002486846153801, 20.083242784615422 ], [ -99.002333815384588, 20.083224707692299 ], [ -99.002199907692258, 20.083224723076917 ], [ -99.002104261538406, 20.083278938461568 ], [ -99.002018169230723, 20.083297015384588 ], [ -99.001970353846119, 20.083260861538413 ], [ -99.00195121538458, 20.083161461538452 ], [ -99.001922523076914, 20.083071092307694 ], [ -99.00190338461536, 20.082971692307705 ], [ -99.001941646153824, 20.0828 ] ] ] ] } },
{ "type": "Feature", "properties": { "IDBD": 170674, "FC": 6291, "CONDICION": "CUERPO DE AGUA INTERMITENTE" }, "geometry": { "type": "MultiPolygon", "coordinates": [ [ [ [ -99.448928415384614, 20.089603138461531 ], [ -99.449471292307678, 20.088788476923067 ], [ -99.4502648, 20.088650907692323 ], [ -99.450657292307653, 20.08876738461543 ], [ -99.450791430769186, 20.088848369230767 ], [ -99.452085138461513, 20.08970352307691 ], [ -99.452525615384602, 20.089874076923103 ], [ -99.452497907692262, 20.09021753846152 ], [ -99.452488830769198, 20.090389246153848 ], [ -99.452528184615346, 20.090768676923087 ], [ -99.45253803076919, 20.090868046153883 ], [ -99.45262507692307, 20.091202169230783 ], [ -99.452673276923065, 20.091328553846136 ], [ -99.452673399999952, 20.091373738461542 ], [ -99.452596938461511, 20.091392015384624 ], [ -99.452482, 20.091338092307705 ], [ -99.452357415384597, 20.09125707692311 ], [ -99.452213784615338, 20.091203230769271 ], [ -99.452041523076886, 20.091167523076908 ], [ -99.451563184615367, 20.091141646153851 ], [ -99.450491907692268, 20.091144369230793 ], [ -99.450061276923066, 20.0910731846154 ], [ -99.449946399999973, 20.091037338461575 ], [ -99.44954387692303, 20.090758230769222 ], [ -99.449515107692264, 20.0907312 ], [ -99.449428707692263, 20.090622969230747 ], [ -99.449370984615342, 20.090505646153858 ], [ -99.449226476923045, 20.090144569230802 ], [ -99.4491108153846, 20.08983761538461 ], [ -99.448928415384614, 20.089603138461531 ] ] ] ] } },
{ "type": "Feature", "properties": { "IDBD": 170676, "FC": 6291, "CONDICION": "CUERPO DE AGUA INTERMITENTE" }, "geometry": { "type": "MultiPolygon", "coordinates": [ [ [ [ -99.529857292307682, 20.092505369230786 ], [ -99.52984759999994, 20.09246926153849 ], [ -99.529866123076914, 20.092288476923105 ], [ -99.530172107692295, 20.092260446153837 ], [ -99.530287415384606, 20.092413723076881 ], [ -99.530230538461524, 20.092567507692294 ], [ -99.53001050769231, 20.092559138461553 ], [ -99.529857292307682, 20.092505369230786 ] ] ] ] } },
{ "type": "Feature", "properties": { "IDBD": 170704, "FC": 6291, "CONDICION": "CUERPO DE AGUA INTERMITENTE" }, "geometry": { "type": "MultiPolygon", "coordinates": [ [ [ [ -99.502061415384574, 20.089559446153821 ], [ -99.502063415384583, 20.09018293846151 ], [ -99.502045723076876, 20.090634815384654 ], [ -99.501595861538419, 20.090536692307687 ], [ -99.50132769230764, 20.090429015384579 ], [ -99.501270153846136, 20.090384 ], [ -99.50124129230764, 20.090329861538446 ], [ -99.501231523076896, 20.09026663076925 ], [ -99.501269476923085, 20.090167123076974 ], [ -99.501441, 20.089967846153833 ], [ -99.501841861538438, 20.089695615384628 ], [ -99.502061415384574, 20.089559446153821 ] ] ] ] } },
{ "type": "Feature", "properties": { "IDBD": 170708, "FC": 6291, "CONDICION": "CUERPO DE AGUA INTERMITENTE" }, "geometry": { "type": "MultiPolygon", "coordinates": [ [ [ [ -99.516747230769212, 20.0906918 ], [ -99.516842338461529, 20.090528861538463 ], [ -99.517042584615353, 20.090338507692312 ], [ -99.51744370769228, 20.090156615384622 ], [ -99.517521446153808, 20.090526876923072 ], [ -99.517493230769219, 20.090671538461574 ], [ -99.517416861538408, 20.090716938461558 ], [ -99.517321323076885, 20.090753369230793 ], [ -99.516747230769212, 20.0906918 ] ] ] ] } },
{ "type": "Feature", "properties": { "IDBD": 170723, "FC": 6292, "CONDICION": "CUERPO DE AGUA PERENNE" }, "geometry": { "type": "MultiPolygon", "coordinates": [ [ [ [ -99.618461646153818, 20.0910696 ], [ -99.618336876923067, 20.090961600000025 ], [ -99.61826004615385, 20.090880553846176 ], [ -99.61820236923073, 20.090808461538451 ], [ -99.618153984615347, 20.090664061538483 ], [ -99.6181346, 20.090600861538441 ], [ -99.618134323076887, 20.090528584615374 ], [ -99.618143630769211, 20.090465292307691 ], [ -99.618181461538413, 20.090356723076923 ], [ -99.618219553846131, 20.090311415384623 ], [ -99.618228861538412, 20.090248123076929 ], [ -99.618199923076901, 20.090184969230716 ], [ -99.618113599999958, 20.090122030769216 ], [ -99.618075015384576, 20.09004083076924 ], [ -99.618064984615344, 20.0899234 ], [ -99.618121569230738, 20.089715369230735 ], [ -99.618187984615361, 20.08957958461534 ], [ -99.618187523076884, 20.089462123076938 ], [ -99.618139446153847, 20.089399030769233 ], [ -99.61810101538461, 20.089353984615368 ], [ -99.618053015384575, 20.089308984615418 ], [ -99.618024184615393, 20.089272938461527 ], [ -99.618033215384614, 20.089137353846155 ], [ -99.61893986153845, 20.088628153846116 ], [ -99.619884661538435, 20.088091707692282 ], [ -99.619904353846124, 20.08823621538458 ], [ -99.619904923076888, 20.08838080000001 ], [ -99.619914876923048, 20.088480153846149 ], [ -99.619943784615359, 20.088534276923113 ], [ -99.620402923076895, 20.088541692307668 ], [ -99.620546353846123, 20.088532153846153 ], [ -99.620699169230747, 20.088477399999956 ], [ -99.620852276923017, 20.08849493846154 ], [ -99.620938676923075, 20.088575953846146 ], [ -99.621092030769219, 20.088656738461555 ], [ -99.621302523076878, 20.088674076923088 ], [ -99.621417323076912, 20.088682707692332 ], [ -99.621541769230703, 20.088709384615353 ], [ -99.621599169230748, 20.088709184615354 ], [ -99.621646846153808, 20.08867286153842 ], [ -99.621636953846121, 20.088591569230779 ], [ -99.621684384615335, 20.088492015384613 ], [ -99.621779923076915, 20.088464569230759 ], [ -99.621884892307662, 20.088400938461543 ], [ -99.621961261538445, 20.088364523076933 ], [ -99.622085461538418, 20.088327938461557 ], [ -99.622161969230746, 20.088327676923051 ], [ -99.622257769230714, 20.088363476923025 ], [ -99.62231532307689, 20.088408461538442 ], [ -99.622372815384566, 20.088435369230741 ], [ -99.6224207230769, 20.088453276923108 ], [ -99.622554476923057, 20.088416646153846 ], [ -99.622583169230751, 20.088416553846098 ], [ -99.622736492307638, 20.088488307692341 ], [ -99.622813292307669, 20.088560323076962 ], [ -99.622899553846139, 20.088605199999979 ], [ -99.62294755384616, 20.088650215384607 ], [ -99.62297638461537, 20.088686246153852 ], [ -99.623024384615377, 20.088731261538488 ], [ -99.623062830769186, 20.088776307692321 ], [ -99.623101476923026, 20.088875569230787 ], [ -99.623063430769221, 20.088929923076932 ], [ -99.623034876923043, 20.088966169230812 ], [ -99.623015938461492, 20.089011415384626 ], [ -99.623025815384565, 20.089092707692291 ], [ -99.623064292307646, 20.089146784615394 ], [ -99.623102799999941, 20.0892099076923 ], [ -99.623112646153814, 20.089282153846177 ], [ -99.623093846153822, 20.089363553846159 ], [ -99.622969753846135, 20.089427246153821 ], [ -99.622941276923058, 20.089481553846134 ], [ -99.622864830769217, 20.089499907692339 ], [ -99.622826569230725, 20.089500030769241 ], [ -99.622807369230742, 20.089482030769258 ], [ -99.622788092307687, 20.089445953846145 ], [ -99.622720969230755, 20.089401015384595 ], [ -99.622558369230788, 20.089401584615391 ], [ -99.622395846153836, 20.089420230769228 ], [ -99.622338553846106, 20.089447538461567 ], [ -99.622262399999983, 20.089538169230789 ], [ -99.621985769230747, 20.089728907692326 ], [ -99.621785553846109, 20.089892261538441 ], [ -99.621613861538449, 20.090010338461507 ], [ -99.621585630769218, 20.090127907692288 ], [ -99.621519215384623, 20.090263676923097 ], [ -99.621481338461521, 20.090363215384606 ], [ -99.621472246153786, 20.090480723076944 ], [ -99.621491907692288, 20.090616184615381 ], [ -99.62146424615382, 20.090878338461543 ], [ -99.621426553846149, 20.091023046153865 ], [ -99.621379523076925, 20.091222015384577 ], [ -99.621389369230741, 20.091294261538476 ], [ -99.621408753846126, 20.091357446153843 ], [ -99.621418769230743, 20.091474892307698 ], [ -99.621409923076897, 20.09165564615386 ], [ -99.621284830769198, 20.091466323076926 ], [ -99.621207846153823, 20.09134912307692 ], [ -99.621150323076861, 20.091313184615384 ], [ -99.621092861538457, 20.091295307692317 ], [ -99.620949246153842, 20.091259661538505 ], [ -99.62074796923072, 20.091151938461547 ], [ -99.620661553846119, 20.091070923076956 ], [ -99.620593938461511, 20.090899476923067 ], [ -99.620574553846154, 20.090836292307692 ], [ -99.62056406153846, 20.090601384615375 ], [ -99.62053490769226, 20.090484015384632 ], [ -99.620371707692229, 20.090330969230799 ], [ -99.62029496923077, 20.090277030769247 ], [ -99.620170492307636, 20.09024132307696 ], [ -99.620036553846091, 20.090232753846173 ], [ -99.619864415384555, 20.090242384615355 ], [ -99.619367061538455, 20.090244138461546 ], [ -99.619214307692246, 20.090316969230766 ], [ -99.619033292307691, 20.090498323076925 ], [ -99.618785430769222, 20.090707015384645 ], [ -99.618690092307688, 20.090788676923065 ], [ -99.618594846153826, 20.09088841538458 ], [ -99.618518861538433, 20.091024230769232 ], [ -99.618461646153818, 20.0910696 ] ] ] ] } },
{ "type": "Feature", "properties": { "IDBD": 170726, "FC": 6291, "CONDICION": "CUERPO DE AGUA INTERMITENTE" }, "geometry": { "type": "MultiPolygon", "coordinates": [ [ [ [ -99.54783221538456, 20.090399276923101 ], [ -99.547812199999981, 20.090146323076929 ], [ -99.547840646153801, 20.090073938461561 ], [ -99.547916784615325, 20.089965276923067 ], [ -99.547983523076894, 20.089901815384561 ], [ -99.548069538461505, 20.089883476923063 ], [ -99.548136430769219, 20.08986518461538 ], [ -99.548203353846162, 20.089855938461568 ], [ -99.548318323076927, 20.089909800000029 ], [ -99.548500938461501, 20.090162261538406 ], [ -99.548223907692275, 20.090262507692312 ], [ -99.547937246153808, 20.090344738461557 ], [ -99.54783221538456, 20.090399276923101 ] ] ] ] } },
{ "type": "Feature", "properties": { "IDBD": 170727, "FC": 6291, "CONDICION": "CUERPO DE AGUA INTERMITENTE" }, "geometry": { "type": "MultiPolygon", "coordinates": [ [ [ [ -99.413752753846126, 20.087592630769258 ], [ -99.413686107692286, 20.087710261538465 ], [ -99.413657538461507, 20.087755507692304 ], [ -99.41360978461536, 20.087782723076948 ], [ -99.413542830769174, 20.087782876923065 ], [ -99.413485369230756, 20.087755907692305 ], [ -99.413466092307658, 20.087701738461558 ], [ -99.413456338461501, 20.087629461538459 ], [ -99.413541907692291, 20.087430461538492 ], [ -99.413656446153809, 20.087339830769245 ], [ -99.41381904615379, 20.087339446153869 ], [ -99.413943123076891, 20.08723975384617 ], [ -99.413990661538421, 20.087131215384645 ], [ -99.414009553846128, 20.0870408 ], [ -99.414018723076879, 20.086887153846149 ], [ -99.4140472, 20.086805769230804 ], [ -99.414085246153803, 20.08672435384614 ], [ -99.414161553846128, 20.086642846153836 ], [ -99.414199738461534, 20.086615646153845 ], [ -99.414228123076924, 20.0864981076923 ], [ -99.414218246153823, 20.086380646153842 ], [ -99.414199, 20.086335523076915 ], [ -99.414074138461515, 20.086137015384608 ], [ -99.4140452, 20.086046707692361 ], [ -99.414073615384567, 20.085938215384619 ], [ -99.414121246153854, 20.085865800000057 ], [ -99.414149846153833, 20.0858296 ], [ -99.414273923076905, 20.085729907692315 ], [ -99.414398030769192, 20.085639246153804 ], [ -99.414493446153799, 20.085548661538429 ], [ -99.414531584615347, 20.08550338461535 ], [ -99.414569692307666, 20.085449076923073 ], [ -99.414607738461498, 20.085367661538474 ], [ -99.414684, 20.085268076923086 ], [ -99.414712507692286, 20.085195723076914 ], [ -99.414741030769193, 20.0851324 ], [ -99.414798246153836, 20.085069015384637 ], [ -99.414941676923064, 20.085050600000034 ], [ -99.414989615384584, 20.085095676923082 ], [ -99.415009476923061, 20.085375753846147 ], [ -99.414972323076867, 20.085791523076946 ], [ -99.414982384615371, 20.085981261538439 ], [ -99.415002030769244, 20.086180015384606 ], [ -99.414983446153826, 20.086387892307698 ], [ -99.415041938461513, 20.08680343076923 ], [ -99.415061923076877, 20.087128692307676 ], [ -99.415062523076926, 20.0873546 ], [ -99.415053599999951, 20.087598615384628 ], [ -99.415035076923033, 20.087833600000021 ], [ -99.415016169230768, 20.08791496923077 ], [ -99.41504519999998, 20.088041415384644 ], [ -99.414719799999958, 20.087969892307658 ], [ -99.413752753846126, 20.087592630769258 ] ] ] ] } },
{ "type": "Feature", "properties": { "IDBD": 170733, "FC": 6291, "CONDICION": "CUERPO DE AGUA INTERMITENTE" }, "geometry": { "type": "MultiPolygon", "coordinates": [ [ [ [ -99.550888430769234, 20.089097584615356 ], [ -99.551109246153786, 20.089331830769233 ], [ -99.551234461538442, 20.08958446153845 ], [ -99.551253846153827, 20.089656692307699 ], [ -99.551254230769217, 20.089765123076923 ], [ -99.551225876923056, 20.0898646 ], [ -99.551197307692263, 20.089900846153824 ], [ -99.551111415384597, 20.089955323076953 ], [ -99.551082723076874, 20.089955415384619 ], [ -99.551006338461505, 20.089991800000039 ], [ -99.550958538461501, 20.090000984615401 ], [ -99.550882092307646, 20.090019292307659 ], [ -99.550680184615359, 20.089721723076966 ], [ -99.550888430769234, 20.089097584615356 ] ] ] ] } },
{ "type": "Feature", "properties": { "IDBD": 170753, "FC": 6291, "CONDICION": "CUERPO DE AGUA INTERMITENTE" }, "geometry": { "type": "MultiPolygon", "coordinates": [ [ [ [ -99.53280004615381, 20.088710307692295 ], [ -99.532504307692292, 20.088937107692267 ], [ -99.532083307692261, 20.088893200000033 ], [ -99.531910846153821, 20.088803353846163 ], [ -99.531814738461492, 20.088668092307699 ], [ -99.531814523076918, 20.088604846153853 ], [ -99.531804676923045, 20.088523553846123 ], [ -99.532101092307684, 20.088495553846165 ], [ -99.532282830769191, 20.088495 ], [ -99.53243601538459, 20.088539723076927 ], [ -99.532570046153836, 20.088575461538497 ], [ -99.532675338461488, 20.08860224615383 ], [ -99.53280004615381, 20.088710307692295 ] ] ] ] } },
{ "type": "Feature", "properties": { "IDBD": 170754, "FC": 6291, "CONDICION": "CUERPO DE AGUA INTERMITENTE" }, "geometry": { "type": "MultiPolygon", "coordinates": [ [ [ [ -99.540404923076906, 20.088958292307712 ], [ -99.539685492307669, 20.088355061538444 ], [ -99.539713538461541, 20.0881652 ], [ -99.5397708, 20.088128892307672 ], [ -99.539885446153804, 20.088092384615411 ], [ -99.540086369230764, 20.08810984615382 ], [ -99.54020121538457, 20.088127569230803 ], [ -99.540287353846139, 20.088145384615391 ], [ -99.540354492307671, 20.0881994 ], [ -99.540412061538461, 20.088253430769253 ], [ -99.540460107692283, 20.088316538461548 ], [ -99.540479569230769, 20.088415876923083 ], [ -99.54048972307686, 20.088587538461518 ], [ -99.540490323076895, 20.088759230769213 ], [ -99.540404923076906, 20.088958292307712 ] ] ] ] } },
{ "type": "Feature", "properties": { "IDBD": 170761, "FC": 6291, "CONDICION": "CUERPO DE AGUA INTERMITENTE" }, "geometry": { "type": "MultiPolygon", "coordinates": [ [ [ [ -99.120457261538448, 20.081114276923085 ], [ -99.120466707692259, 20.080960646153873 ], [ -99.120552692307697, 20.080825030769223 ], [ -99.120629092307652, 20.080671353846114 ], [ -99.120734199999944, 20.080535738461521 ], [ -99.120781923076876, 20.080400153846117 ], [ -99.120848738461504, 20.080237461538456 ], [ -99.12094430769227, 20.080128953846199 ], [ -99.121030323076909, 20.080038523076961 ], [ -99.121145, 20.079911938461514 ], [ -99.121250246153821, 20.079966076923032 ], [ -99.121269492307647, 20.080119692307719 ], [ -99.121250461538423, 20.080246215384637 ], [ -99.121212307692275, 20.080381784615355 ], [ -99.121250661538411, 20.080508276923052 ], [ -99.12131770769227, 20.080616676923093 ], [ -99.121375184615374, 20.080734107692322 ], [ -99.121403923076883, 20.080806384615379 ], [ -99.121365799999978, 20.08096906153845 ], [ -99.121318076923075, 20.081104646153833 ], [ -99.121289446153838, 20.081195030769241 ], [ -99.121213015384569, 20.081294492307709 ], [ -99.121146138461498, 20.081393938461527 ], [ -99.120457261538448, 20.081114276923085 ] ] ] ] } },
{ "type": "Feature", "properties": { "IDBD": 170763, "FC": 6291, "CONDICION": "CUERPO DE AGUA INTERMITENTE" }, "geometry": { "type": "MultiPolygon", "coordinates": [ [ [ [ -99.1284532, 20.080982123076915 ], [ -99.128357430769213, 20.08083761538461 ], [ -99.128385830769176, 20.080467092307686 ], [ -99.128529107692302, 20.080232030769253 ], [ -99.128729815384588, 20.08006018461538 ], [ -99.128901876923067, 20.079933553846182 ], [ -99.129054846153792, 20.079843076923073 ], [ -99.129246169230754, 20.079888123076941 ], [ -99.129389661538411, 20.079915123076944 ], [ -99.12958095384613, 20.079924015384581 ], [ -99.129647984615374, 20.080014338461545 ], [ -99.129638538461535, 20.080167969230796 ], [ -99.129667415384574, 20.080375784615374 ], [ -99.129839738461513, 20.080574461538472 ], [ -99.129868661538424, 20.080863615384626 ], [ -99.129859399999987, 20.081225092307655 ], [ -99.12983081538458, 20.081351615384634 ], [ -99.12963007692305, 20.081496353846166 ], [ -99.12918047692304, 20.081433430769241 ], [ -99.128788261538404, 20.081343338461544 ], [ -99.128577692307644, 20.081171799999986 ], [ -99.1284532, 20.080982123076915 ] ] ] ] } },
{ "type": "Feature", "properties": { "IDBD": 170769, "FC": 6291, "CONDICION": "CUERPO DE AGUA INTERMITENTE" }, "geometry": { "type": "MultiPolygon", "coordinates": [ [ [ [ -99.461716661538446, 20.086308030769224 ], [ -99.461611230769194, 20.08623601538461 ], [ -99.461409723076869, 20.086010630769245 ], [ -99.461351753846117, 20.085811984615376 ], [ -99.461370507692266, 20.085685415384599 ], [ -99.46141786153845, 20.085522646153859 ], [ -99.461465415384595, 20.085432153846124 ], [ -99.461541846153821, 20.085404846153843 ], [ -99.461570538461501, 20.085404769230763 ], [ -99.461628030769191, 20.085440769230775 ], [ -99.461666461538442, 20.085494892307715 ], [ -99.461695384615354, 20.085576138461509 ], [ -99.461724215384592, 20.085621246153867 ], [ -99.461743584615363, 20.085702523076954 ], [ -99.461762969230733, 20.085792830769247 ], [ -99.461801553846129, 20.085901169230766 ], [ -99.46186872307689, 20.085973276923053 ], [ -99.461945476923063, 20.086054415384606 ], [ -99.462031707692276, 20.0861084 ], [ -99.462089153846094, 20.086126323076911 ], [ -99.462184876923033, 20.086153184615412 ], [ -99.462328261538431, 20.086125707692315 ], [ -99.462404707692286, 20.086098384615344 ], [ -99.462519507692264, 20.086107123076879 ], [ -99.462586507692293, 20.086125030769264 ], [ -99.462682292307647, 20.086169953846166 ], [ -99.462720630769226, 20.086196969230777 ], [ -99.462749430769207, 20.086233030769264 ], [ -99.46277833846149, 20.086305246153842 ], [ -99.462788138461534, 20.086386553846122 ], [ -99.462817046153816, 20.086458769230774 ], [ -99.462807907692294, 20.086603369230815 ], [ -99.462769723076903, 20.08663058461541 ], [ -99.462693292307677, 20.086657892307681 ], [ -99.462626384615334, 20.086676138461566 ], [ -99.46253073846151, 20.086676384615405 ], [ -99.462454169230725, 20.086658523076903 ], [ -99.462368015384556, 20.086631630769251 ], [ -99.461850799999979, 20.086389 ], [ -99.461716661538446, 20.086308030769224 ] ] ] ] } },
{ "type": "Feature", "properties": { "IDBD": 170774, "FC": 6291, "CONDICION": "CUERPO DE AGUA INTERMITENTE" }, "geometry": { "type": "MultiPolygon", "coordinates": [ [ [ [ -99.5602576153846, 20.087884338461521 ], [ -99.560304953846142, 20.087748646153866 ], [ -99.560343030769204, 20.087694307692317 ], [ -99.560400246153819, 20.087648953846113 ], [ -99.560457507692291, 20.087612615384607 ], [ -99.560533907692275, 20.087576230769262 ], [ -99.560686907692272, 20.087566707692321 ], [ -99.560964369230774, 20.087592938461572 ], [ -99.561031446153848, 20.087628876923063 ], [ -99.561117815384605, 20.087709923076929 ], [ -99.56125272307689, 20.087989615384636 ], [ -99.560860507692269, 20.087972800000021 ], [ -99.560487399999957, 20.08794687692307 ], [ -99.5602576153846, 20.087884338461521 ] ] ] ] } },
{ "type": "Feature", "properties": { "IDBD": 170782, "FC": 6291, "CONDICION": "CUERPO DE AGUA INTERMITENTE" }, "geometry": { "type": "MultiPolygon", "coordinates": [ [ [ [ -99.534197676923043, 20.086230138461559 ], [ -99.53426492307689, 20.086320307692311 ], [ -99.534284246153817, 20.086374461538458 ], [ -99.534284523076892, 20.086455784615413 ], [ -99.534275507692286, 20.086618461538432 ], [ -99.534342984615364, 20.086771876923066 ], [ -99.534400738461528, 20.086880138461527 ], [ -99.534429646153839, 20.086943307692326 ], [ -99.534334676923066, 20.0871424 ], [ -99.534161861538422, 20.086953153846117 ], [ -99.533922076923062, 20.086755076923112 ], [ -99.533835323076886, 20.086556538461551 ], [ -99.533806261538444, 20.086448199999989 ], [ -99.533815707692256, 20.086412015384592 ], [ -99.533863307692272, 20.086348630769212 ], [ -99.533901476923049, 20.086321399999964 ], [ -99.533949215384609, 20.086294153846165 ], [ -99.534111646153818, 20.08624847692311 ], [ -99.534197676923043, 20.086230138461559 ] ] ] ] } },
{ "type": "Feature", "properties": { "IDBD": 170786, "FC": 6291, "CONDICION": "CUERPO DE AGUA INTERMITENTE" }, "geometry": { "type": "MultiPolygon", "coordinates": [ [ [ [ -99.558830692307652, 20.087382830769247 ], [ -99.55881064615383, 20.087120846153869 ], [ -99.558829030769203, 20.086912953846142 ], [ -99.558895600000014, 20.086804307692304 ], [ -99.559143569230741, 20.086604723076928 ], [ -99.559515876923058, 20.086404753846129 ], [ -99.559621092307708, 20.086404415384649 ], [ -99.559707199999934, 20.086413184615381 ], [ -99.559793476923033, 20.086467123076918 ], [ -99.559965923076916, 20.086547907692299 ], [ -99.55988995384611, 20.086701753846189 ], [ -99.55982313846151, 20.086738123076916 ], [ -99.559651230769205, 20.08681095384615 ], [ -99.559479384615372, 20.086901861538454 ], [ -99.559355338461515, 20.086983584615396 ], [ -99.559259953846151, 20.087056169230749 ], [ -99.559202723076893, 20.087101538461518 ], [ -99.559155153846135, 20.087173969230776 ], [ -99.559136276923056, 20.087246323076979 ], [ -99.559098246153823, 20.087309692307709 ], [ -99.559031461538439, 20.087355092307693 ], [ -99.55897419999998, 20.087391415384655 ], [ -99.558830692307652, 20.087382830769247 ] ] ] ] } },
{ "type": "Feature", "properties": { "IDBD": 170787, "FC": 6291, "CONDICION": "CUERPO DE AGUA INTERMITENTE" }, "geometry": { "type": "MultiPolygon", "coordinates": [ [ [ [ -99.558285415384546, 20.087357446153845 ], [ -99.558131907692271, 20.0872224 ], [ -99.558045215384581, 20.087050984615377 ], [ -99.557987092307641, 20.086843323076948 ], [ -99.557986676923065, 20.086725861538483 ], [ -99.558033799999961, 20.086526907692303 ], [ -99.558416307692283, 20.086507630769219 ], [ -99.558646753846119, 20.086759907692333 ], [ -99.558675646153816, 20.086814046153897 ], [ -99.558656799999952, 20.086895430769225 ], [ -99.558285415384546, 20.087357446153845 ] ] ] ] } },
{ "type": "Feature", "properties": { "IDBD": 170794, "FC": 6291, "CONDICION": "CUERPO DE AGUA INTERMITENTE" }, "geometry": { "type": "MultiPolygon", "coordinates": [ [ [ [ -99.531903584615378, 20.086652738461563 ], [ -99.531605799999966, 20.086274107692326 ], [ -99.531547892307671, 20.086120661538462 ], [ -99.531557215384609, 20.086048353846174 ], [ -99.531576107692302, 20.085976 ], [ -99.531614169230735, 20.085921661538478 ], [ -99.531642815384572, 20.085903507692336 ], [ -99.531852984615341, 20.085830584615408 ], [ -99.531939092307667, 20.085839369230762 ], [ -99.531996476923069, 20.085839184615377 ], [ -99.532130476923058, 20.085865892307709 ], [ -99.532102630769202, 20.086119 ], [ -99.532065138461491, 20.086345015384623 ], [ -99.532046415384585, 20.086462538461532 ], [ -99.532017892307664, 20.086516846153835 ], [ -99.531903584615378, 20.086652738461563 ] ] ] ] } },
{ "type": "Feature", "properties": { "IDBD": 170798, "FC": 6291, "CONDICION": "CUERPO DE AGUA INTERMITENTE" }, "geometry": { "type": "MultiPolygon", "coordinates": [ [ [ [ -99.551186030769216, 20.086674923076924 ], [ -99.551204692307664, 20.086539323076931 ], [ -99.551242569230737, 20.086430769230788 ], [ -99.551280630769213, 20.086376430769224 ], [ -99.551328261538444, 20.086322061538468 ], [ -99.551395030769186, 20.086267646153821 ], [ -99.551528861538443, 20.086249153846172 ], [ -99.551662830769217, 20.086266799999965 ], [ -99.551739415384603, 20.086284630769239 ], [ -99.551835307692244, 20.086356630769206 ], [ -99.551902738461479, 20.086491969230753 ], [ -99.551932, 20.086654523076952 ], [ -99.551760092307674, 20.086727353846154 ], [ -99.551530538461549, 20.086728061538448 ], [ -99.551186030769216, 20.086674923076924 ] ] ] ] } },
{ "type": "Feature", "properties": { "IDBD": 170801, "FC": 6291, "CONDICION": "CUERPO DE AGUA INTERMITENTE" }, "geometry": { "type": "MultiPolygon", "coordinates": [ [ [ [ -99.52724369230765, 20.086088384615408 ], [ -99.527138153846138, 20.085989307692323 ], [ -99.527128015384605, 20.08581764615387 ], [ -99.527175138461487, 20.085609661538452 ], [ -99.527394276923047, 20.085356 ], [ -99.527470615384587, 20.085301553846151 ], [ -99.527585292307663, 20.085274107692335 ], [ -99.527538323076925, 20.085527261538456 ], [ -99.527500338461522, 20.085608692307705 ], [ -99.527481384615342, 20.085662969230775 ], [ -99.527434046153815, 20.085807692307668 ], [ -99.527377, 20.08590726153848 ], [ -99.527358169230737, 20.0859976769231 ], [ -99.52724369230765, 20.086088384615408 ] ] ] ] } },
{ "type": "Feature", "properties": { "IDBD": 170810, "FC": 6291, "CONDICION": "CUERPO DE AGUA INTERMITENTE" }, "geometry": { "type": "MultiPolygon", "coordinates": [ [ [ [ -99.544811876923021, 20.085492876923094 ], [ -99.545270476923037, 20.085346892307694 ], [ -99.545519, 20.085300938461586 ], [ -99.545643246153816, 20.085273446153845 ], [ -99.54571021538456, 20.085282276923117 ], [ -99.545767861538451, 20.085354384615375 ], [ -99.545787169230735, 20.085408538461518 ], [ -99.545807, 20.085607276923042 ], [ -99.545798769230771, 20.085995861538468 ], [ -99.545406507692277, 20.085960938461529 ], [ -99.5450521230769, 20.085817446153872 ], [ -99.5448600153846, 20.085583092307694 ], [ -99.544811876923021, 20.085492876923094 ] ] ] ] } },
{ "type": "Feature", "properties": { "IDBD": 170814, "FC": 6291, "CONDICION": "CUERPO DE AGUA INTERMITENTE" }, "geometry": { "type": "MultiPolygon", "coordinates": [ [ [ [ -99.0910726, 20.077526261538438 ], [ -99.091082107692273, 20.07743589230769 ], [ -99.091158584615329, 20.0773726 ], [ -99.091196799999977, 20.07730029230769 ], [ -99.0912254461538, 20.077209907692282 ], [ -99.091321015384594, 20.077083338461531 ], [ -99.09138798461538, 20.07711041538462 ], [ -99.091445399999941, 20.077173646153817 ], [ -99.091521923076897, 20.07718264615383 ], [ -99.091579353846114, 20.077254907692328 ], [ -99.09170372307689, 20.077318092307724 ], [ -99.091828107692294, 20.077399353846182 ], [ -99.091837738461464, 20.077498753846125 ], [ -99.091837815384608, 20.077643338461474 ], [ -99.091828292307653, 20.077706600000017 ], [ -99.091761384615339, 20.077778938461584 ], [ -99.0917136, 20.077860292307697 ], [ -99.09161796923074, 20.077869369230797 ], [ -99.091493584615364, 20.077788107692324 ], [ -99.091417030769193, 20.077733923076895 ], [ -99.091388292307684, 20.077643584615377 ], [ -99.091311738461499, 20.077580353846141 ], [ -99.091216107692318, 20.077598476923107 ], [ -99.091110876923054, 20.077562384615383 ], [ -99.0910726, 20.077526261538438 ] ] ] ] } },
{ "type": "Feature", "properties": { "IDBD": 170816, "FC": 6291, "CONDICION": "CUERPO DE AGUA INTERMITENTE" }, "geometry": { "type": "MultiPolygon", "coordinates": [ [ [ [ -99.528953046153816, 20.085279046153833 ], [ -99.529334507692312, 20.084943553846159 ], [ -99.529553276923082, 20.084581446153873 ], [ -99.529715353846157, 20.084427353846102 ], [ -99.529868046153823, 20.084327492307725 ], [ -99.529982615384583, 20.084263892307643 ], [ -99.530087676923017, 20.084218400000022 ], [ -99.530088276923053, 20.08439912307691 ], [ -99.530002676923033, 20.084543953846143 ], [ -99.52992653846151, 20.084652615384638 ], [ -99.529888615384564, 20.084752138461578 ], [ -99.529812553846142, 20.084887907692288 ], [ -99.529775199999989, 20.085159107692309 ], [ -99.529737492307675, 20.085321876923064 ], [ -99.529708953846111, 20.085367138461535 ], [ -99.529565538461554, 20.085385646153817 ], [ -99.529489030769213, 20.085385876923084 ], [ -99.529268984615328, 20.085368461538476 ], [ -99.528953046153816, 20.085279046153833 ] ] ] ] } },
{ "type": "Feature", "properties": { "IDBD": 170817, "FC": 6291, "CONDICION": "CUERPO DE AGUA INTERMITENTE" }, "geometry": { "type": "MultiPolygon", "coordinates": [ [ [ [ -99.034699507692267, 20.076199876923042 ], [ -99.034718615384605, 20.076118538461554 ], [ -99.034775984615337, 20.076028169230792 ], [ -99.034852492307635, 20.075982969230797 ], [ -99.034928984615391, 20.075928738461577 ], [ -99.034995923076906, 20.075883538461557 ], [ -99.035101138461499, 20.075874476923104 ], [ -99.035177661538427, 20.075919646153839 ], [ -99.03526375384611, 20.075982892307685 ], [ -99.035321153846127, 20.076073246153836 ], [ -99.035397692307669, 20.07616360000004 ], [ -99.03551247692306, 20.076226830769215 ], [ -99.035579446153832, 20.076272 ], [ -99.035608153846113, 20.076344276923059 ], [ -99.035569907692249, 20.076425615384622 ], [ -99.035502969230748, 20.076488892307701 ], [ -99.035407338461496, 20.076525061538465 ], [ -99.035330830769183, 20.076552184615394 ], [ -99.035244753846115, 20.07658833846159 ], [ -99.035196938461539, 20.076597384615333 ], [ -99.035120415384583, 20.076579338461539 ], [ -99.035034338461529, 20.076543199999978 ], [ -99.034957815384587, 20.076516107692346 ], [ -99.034909984615354, 20.076516123076907 ], [ -99.034795215384605, 20.076507107692297 ], [ -99.034747369230757, 20.076380600000029 ], [ -99.034718646153792, 20.0762812 ], [ -99.034699507692267, 20.076199876923042 ] ] ] ] } },
{ "type": "Feature", "properties": { "IDBD": 170825, "FC": 6291, "CONDICION": "CUERPO DE AGUA INTERMITENTE" }, "geometry": { "type": "MultiPolygon", "coordinates": [ [ [ [ -99.380080199999952, 20.081884984615371 ], [ -99.380079446153829, 20.081577753846148 ], [ -99.380270661538447, 20.0815412 ], [ -99.380442815384583, 20.081540830769246 ], [ -99.380481092307662, 20.081549784615387 ], [ -99.380605415384608, 20.081540476923085 ], [ -99.380672292307679, 20.081513215384653 ], [ -99.380863584615355, 20.08151280000002 ], [ -99.381035938461523, 20.081593769230803 ], [ -99.381045907692297, 20.081756400000025 ], [ -99.38103653846153, 20.08183775384618 ], [ -99.380988815384569, 20.081883030769252 ], [ -99.38084566153843, 20.082009846153845 ], [ -99.38061641538458, 20.082136861538505 ], [ -99.380520938461501, 20.082209353846178 ], [ -99.380368169230749, 20.082318123076934 ], [ -99.380091, 20.082400046153897 ], [ -99.380080199999952, 20.081884984615371 ] ] ] ] } },
{ "type": "Feature", "properties": { "IDBD": 170835, "FC": 6291, "CONDICION": "CUERPO DE AGUA INTERMITENTE" }, "geometry": { "type": "MultiPolygon", "coordinates": [ [ [ [ -99.091042446153807, 20.07500506153848 ], [ -99.091157230769213, 20.075032123076948 ], [ -99.091415476923032, 20.075031984615389 ], [ -99.091511138461499, 20.07507712307693 ], [ -99.091568569230731, 20.075167461538488 ], [ -99.09160692307691, 20.075330092307681 ], [ -99.091616584615352, 20.075492753846152 ], [ -99.091626246153794, 20.075664446153855 ], [ -99.091597676923058, 20.075872292307739 ], [ -99.091722107692235, 20.076034892307693 ], [ -99.091789169230736, 20.0762246307692 ], [ -99.091856184615352, 20.076333030769259 ], [ -99.091856246153824, 20.07644146153844 ], [ -99.091693753846116, 20.076622276923057 ], [ -99.09155027692303, 20.076586215384616 ], [ -99.091435476923067, 20.076541092307693 ], [ -99.091272861538414, 20.076523092307706 ], [ -99.091177123076889, 20.076360492307739 ], [ -99.090679599999987, 20.076035430769196 ], [ -99.09044035384612, 20.075791569230788 ], [ -99.090296815384605, 20.075674153846169 ], [ -99.090220138461504, 20.075394061538489 ], [ -99.090296507692273, 20.075141 ], [ -99.090420753846146, 20.074987307692304 ], [ -99.090545030769221, 20.074887846153803 ], [ -99.090717153846114, 20.074824507692306 ], [ -99.090831953846163, 20.074860584615422 ], [ -99.090956323076881, 20.07492378461539 ], [ -99.091042446153807, 20.07500506153848 ] ] ] ] } },
{ "type": "Feature", "properties": { "IDBD": 170841, "FC": 6291, "CONDICION": "CUERPO DE AGUA INTERMITENTE" }, "geometry": { "type": "MultiPolygon", "coordinates": [ [ [ [ -99.629136907692256, 20.084110169230765 ], [ -99.629146799999972, 20.08419146153847 ], [ -99.629089876923061, 20.084309138461521 ], [ -99.629051799999957, 20.084354446153835 ], [ -99.628985169230717, 20.084436015384615 ], [ -99.628947138461484, 20.084490369230785 ], [ -99.628899738461527, 20.084598969230768 ], [ -99.628833261538432, 20.084716676923115 ], [ -99.628785723076902, 20.08478913846157 ], [ -99.628766846153823, 20.084852461538471 ], [ -99.628700523076901, 20.0850063076923 ], [ -99.628605923076904, 20.08526869230769 ], [ -99.6285394, 20.085377369230773 ], [ -99.628434446153804, 20.085440984615385 ], [ -99.628310215384602, 20.085468538461537 ], [ -99.6281763076923, 20.085469015384639 ], [ -99.628080523076932, 20.085433215384647 ], [ -99.628022707692281, 20.085324984615387 ], [ -99.627993692307655, 20.085243769230754 ], [ -99.62801238461536, 20.085135261538458 ], [ -99.628039969230741, 20.084855046153834 ], [ -99.628173184615321, 20.084682876923065 ], [ -99.628325353846094, 20.084465476923096 ], [ -99.628391676923059, 20.084311615384618 ], [ -99.628410661538453, 20.08427541538466 ], [ -99.628506061538431, 20.084211815384631 ], [ -99.628534723076868, 20.08420267692307 ], [ -99.628945615384595, 20.084110846153841 ], [ -99.629136907692256, 20.084110169230765 ] ] ] ] } },
{ "type": "Feature", "properties": { "IDBD": 170857, "FC": 6291, "CONDICION": "CUERPO DE AGUA INTERMITENTE" }, "geometry": { "type": "MultiPolygon", "coordinates": [ [ [ [ -99.072774230769184, 20.074046615384617 ], [ -99.073185523076901, 20.074136815384588 ], [ -99.073472369230771, 20.073937892307697 ], [ -99.073778353846109, 20.073811246153884 ], [ -99.074036569230742, 20.073756923076921 ], [ -99.074208661538449, 20.073621307692274 ], [ -99.074447753846144, 20.073612169230802 ], [ -99.074553030769209, 20.073738630769256 ], [ -99.074209138461498, 20.074651476923087 ], [ -99.073979769230746, 20.074994969230808 ], [ -99.073759830769234, 20.075103492307711 ], [ -99.073434676923057, 20.075166892307696 ], [ -99.073119046153849, 20.075130876923062 ], [ -99.072698092307647, 20.074868984615382 ], [ -99.072324923076863, 20.074516707692315 ], [ -99.072066553846113, 20.07421860000003 ], [ -99.072209953846141, 20.074083 ], [ -99.072410753846128, 20.073974476923119 ], [ -99.072774230769184, 20.074046615384617 ] ] ] ] } },
{ "type": "Feature", "properties": { "IDBD": 170869, "FC": 6292, "CONDICION": "CUERPO DE AGUA PERENNE" }, "geometry": { "type": "MultiPolygon", "coordinates": [ [ [ [ -99.530562830769171, 20.080466907692312 ], [ -99.530668138461522, 20.080493692307691 ], [ -99.530783184615387, 20.080574676923067 ], [ -99.530850123076931, 20.080574476923058 ], [ -99.530955246153809, 20.080547046153811 ], [ -99.531213323076898, 20.080501092307696 ], [ -99.531270769230744, 20.080518984615363 ], [ -99.531347338461487, 20.080536830769216 ], [ -99.531404661538417, 20.08051858461538 ], [ -99.531576584615337, 20.080445784615399 ], [ -99.531681692307657, 20.08041835384611 ], [ -99.531729492307662, 20.080409169230816 ], [ -99.532026, 20.080417323076926 ], [ -99.532265138461483, 20.080425630769206 ], [ -99.532437323076891, 20.080434153846149 ], [ -99.532810369230774, 20.08044206153847 ], [ -99.533030399999973, 20.080459476923068 ], [ -99.533097353846145, 20.080459276923079 ], [ -99.533279138461495, 20.080476800000021 ], [ -99.533757092307667, 20.080403061538476 ], [ -99.534043753846106, 20.080320861538503 ], [ -99.534206369230759, 20.080329415384618 ], [ -99.534388030769207, 20.080310784615406 ], [ -99.534531399999949, 20.080283246153865 ], [ -99.534712969230711, 20.080237507692335 ], [ -99.534846861538441, 20.080237107692316 ], [ -99.534933092307639, 20.080282030769247 ], [ -99.535000199999971, 20.080327015384622 ], [ -99.534885923076885, 20.08047193846155 ], [ -99.534724061538441, 20.080689292307696 ], [ -99.534533538461531, 20.08091578461541 ], [ -99.534428338461481, 20.080916092307721 ], [ -99.534361661538469, 20.080997630769197 ], [ -99.534104076923029, 20.081188169230813 ], [ -99.534037399999974, 20.081269692307679 ], [ -99.533903799999976, 20.081360461538473 ], [ -99.533636430769221, 20.081487784615394 ], [ -99.53342619999998, 20.081542630769238 ], [ -99.533311584615362, 20.081588153846134 ], [ -99.533244938461493, 20.081678723076912 ], [ -99.532939492307676, 20.081860369230789 ], [ -99.532738707692275, 20.081879046153837 ], [ -99.532566615384596, 20.081897646153873 ], [ -99.532471246153804, 20.081979261538436 ], [ -99.53233752307689, 20.082033876923102 ], [ -99.532194246153836, 20.082088523076905 ], [ -99.532146692307663, 20.08217 ], [ -99.53187916923072, 20.082252138461552 ], [ -99.531659215384565, 20.08226183076922 ], [ -99.531534846153832, 20.082253169230796 ], [ -99.531429676923054, 20.082262523076942 ], [ -99.531324553846133, 20.082289938461496 ], [ -99.531152553846127, 20.082335646153869 ], [ -99.531066692307675, 20.082399153846143 ], [ -99.530914030769196, 20.082508046153865 ], [ -99.530846615384633, 20.082372707692304 ], [ -99.530749184615374, 20.081839861538445 ], [ -99.53066130769227, 20.081306984615395 ], [ -99.530573492307667, 20.080792169230772 ], [ -99.530534415384579, 20.080548307692297 ], [ -99.530562830769171, 20.080466907692312 ] ] ] ] } },
{ "type": "Feature", "properties": { "IDBD": 170873, "FC": 6291, "CONDICION": "CUERPO DE AGUA INTERMITENTE" }, "geometry": { "type": "MultiPolygon", "coordinates": [ [ [ [ -99.511974153846111, 20.081804923076913 ], [ -99.512040830769209, 20.0817234 ], [ -99.512098138461511, 20.081696123076959 ], [ -99.512165030769211, 20.081677861538509 ], [ -99.512279799999973, 20.081677523076944 ], [ -99.512547661538434, 20.081694815384633 ], [ -99.512652953846128, 20.081721630769255 ], [ -99.51273918461537, 20.081766553846158 ], [ -99.512767923076893, 20.081784538461534 ], [ -99.512902153846099, 20.0818835538462 ], [ -99.512634907692259, 20.082056015384612 ], [ -99.512434092307672, 20.082065646153847 ], [ -99.512271323076888, 20.082011892307658 ], [ -99.512108399999988, 20.081912969230778 ], [ -99.511974153846111, 20.081804923076913 ] ] ] ] } },
{ "type": "Feature", "properties": { "IDBD": 170874, "FC": 6291, "CONDICION": "CUERPO DE AGUA INTERMITENTE" }, "geometry": { "type": "MultiPolygon", "coordinates": [ [ [ [ -99.51445195384612, 20.081996523076899 ], [ -99.514222553846125, 20.082042369230773 ], [ -99.513926153846128, 20.082070338461559 ], [ -99.51366789230768, 20.082062061538451 ], [ -99.513581723076911, 20.082035200000018 ], [ -99.513533661538446, 20.081963046153895 ], [ -99.51355258461534, 20.08189973846153 ], [ -99.513561615384575, 20.081737061538455 ], [ -99.513925184615331, 20.081772138461517 ], [ -99.514231246153813, 20.08177126153846 ], [ -99.514346123076876, 20.081807061538473 ], [ -99.514394015384553, 20.081825 ], [ -99.51445195384612, 20.081996523076899 ] ] ] ] } },
{ "type": "Feature", "properties": { "IDBD": 170879, "FC": 6291, "CONDICION": "CUERPO DE AGUA INTERMITENTE" }, "geometry": { "type": "MultiPolygon", "coordinates": [ [ [ [ -99.638966092307683, 20.083370061538503 ], [ -99.639224215384573, 20.083342015384616 ], [ -99.640074953846124, 20.083221461538493 ], [ -99.640218353846123, 20.083202876923032 ], [ -99.640333261538444, 20.083238600000026 ], [ -99.640448507692284, 20.083355646153834 ], [ -99.640392046153835, 20.083581769230761 ], [ -99.640353938461516, 20.083618046153848 ], [ -99.64030623076917, 20.083645323076951 ], [ -99.640220153846116, 20.083645630769201 ], [ -99.640095923076913, 20.083673200000046 ], [ -99.640019584615345, 20.083718661538416 ], [ -99.639905153846115, 20.0838004 ], [ -99.639809692307665, 20.083845923076968 ], [ -99.639704553846158, 20.083864369230767 ], [ -99.639570630769185, 20.083855830769171 ], [ -99.639484430769215, 20.083829030769252 ], [ -99.639263769230709, 20.083658138461569 ], [ -99.639177384615337, 20.08358616923077 ], [ -99.639110292307677, 20.083550261538445 ], [ -99.639043046153816, 20.08347821538462 ], [ -99.638966092307683, 20.083370061538503 ] ] ] ] } },
{ "type": "Feature", "properties": { "IDBD": 170892, "FC": 6291, "CONDICION": "CUERPO DE AGUA INTERMITENTE" }, "geometry": { "type": "MultiPolygon", "coordinates": [ [ [ [ -99.55992626153845, 20.080764815384576 ], [ -99.560137630769205, 20.081035230769231 ], [ -99.560147523076907, 20.081125569230778 ], [ -99.560109523076918, 20.081197969230772 ], [ -99.560033230769221, 20.081261476923089 ], [ -99.559928276923088, 20.081334092307682 ], [ -99.559832830769196, 20.08138861538459 ], [ -99.5597756, 20.081433969230766 ], [ -99.5597472, 20.0815154 ], [ -99.559738061538482, 20.081632892307638 ], [ -99.559748061538414, 20.081759369230767 ], [ -99.559777215384585, 20.081885784615377 ], [ -99.559787215384588, 20.082012261538466 ], [ -99.559739846153789, 20.08213892307689 ], [ -99.559673123076905, 20.0822023846154 ], [ -99.559577584615354, 20.082229799999975 ], [ -99.559328369230755, 20.082076969230783 ], [ -99.55843709230767, 20.081573753846147 ], [ -99.558455938461492, 20.08149236923073 ], [ -99.55929610769229, 20.081074046153834 ], [ -99.55992626153845, 20.080764815384576 ] ] ] ] } },
{ "type": "Feature", "properties": { "IDBD": 170919, "FC": 6291, "CONDICION": "CUERPO DE AGUA INTERMITENTE" }, "geometry": { "type": "MultiPolygon", "coordinates": [ [ [ [ -99.632582784615352, 20.082399061538439 ], [ -99.632236230769195, 20.081840061538465 ], [ -99.632369615384604, 20.081713076923084 ], [ -99.63241729230765, 20.081676753846136 ], [ -99.63250315384613, 20.081622230769185 ], [ -99.632570107692274, 20.081622 ], [ -99.632694830769196, 20.081720938461519 ], [ -99.632714030769208, 20.081738953846202 ], [ -99.632800507692281, 20.081838030769269 ], [ -99.632877169230738, 20.081873907692319 ], [ -99.633068415384585, 20.081864184615391 ], [ -99.63314459999998, 20.081782584615368 ], [ -99.633211261538463, 20.081710061538466 ], [ -99.633268461538407, 20.081664676923108 ], [ -99.633335369230707, 20.081655400000013 ], [ -99.633383199999969, 20.081655230769243 ], [ -99.633498030769204, 20.081672876923093 ], [ -99.63356513846152, 20.081708784615422 ], [ -99.633709138461512, 20.081843815384619 ], [ -99.633977184615375, 20.081906107692319 ], [ -99.634034646153822, 20.081923969230793 ], [ -99.634120938461521, 20.081977876923073 ], [ -99.634178723076886, 20.082077076923103 ], [ -99.634150184615336, 20.082113323076953 ], [ -99.634026030769206, 20.082158938461582 ], [ -99.633920892307685, 20.082177400000031 ], [ -99.633576907692301, 20.082259953846151 ], [ -99.633318969230771, 20.082333169230804 ], [ -99.633032153846131, 20.082361307692302 ], [ -99.632582784615352, 20.082399061538439 ] ] ] ] } },
{ "type": "Feature", "properties": { "IDBD": 170922, "FC": 6291, "CONDICION": "CUERPO DE AGUA INTERMITENTE" }, "geometry": { "type": "MultiPolygon", "coordinates": [ [ [ [ -99.400128523076901, 20.078533369230762 ], [ -99.399554523076901, 20.078480446153851 ], [ -99.398787261538416, 20.07764180000002 ], [ -99.399121569230758, 20.077469353846187 ], [ -99.399580107692287, 20.077251430769252 ], [ -99.399924092307671, 20.077124153846171 ], [ -99.400010123076882, 20.077105876923046 ], [ -99.400144046153827, 20.077114615384659 ], [ -99.400239830769223, 20.077168615384611 ], [ -99.400364415384587, 20.077267738461508 ], [ -99.400498815384609, 20.07746623076924 ], [ -99.400499123076912, 20.077583707692298 ], [ -99.400461153846123, 20.077701261538444 ], [ -99.400413861538425, 20.077909215384626 ], [ -99.400404507692286, 20.077990553846163 ], [ -99.400385615384593, 20.078080969230768 ], [ -99.400367230769177, 20.078379215384633 ], [ -99.400128523076901, 20.078533369230762 ] ] ] ] } },
{ "type": "Feature", "properties": { "IDBD": 170949, "FC": 6291, "CONDICION": "CUERPO DE AGUA INTERMITENTE" }, "geometry": { "type": "MultiPolygon", "coordinates": [ [ [ [ -99.641145061538424, 20.080597092307681 ], [ -99.641375030769183, 20.080704692307688 ], [ -99.64148035384612, 20.080731415384609 ], [ -99.641633476923076, 20.080757969230753 ], [ -99.64171955384613, 20.080757661538474 ], [ -99.641834184615362, 20.080721092307719 ], [ -99.641948907692296, 20.080711646153866 ], [ -99.642006369230742, 20.080729507692311 ], [ -99.642035323076925, 20.080792661538474 ], [ -99.642064707692285, 20.080964230769247 ], [ -99.642036276923037, 20.081027600000013 ], [ -99.641950384615399, 20.081073092307683 ], [ -99.641807, 20.081091676923105 ], [ -99.641482076923054, 20.081156107692347 ], [ -99.641070892307667, 20.081175676923088 ], [ -99.641145061538424, 20.080597092307681 ] ] ] ] } },
{ "type": "Feature", "properties": { "IDBD": 170955, "FC": 6291, "CONDICION": "CUERPO DE AGUA INTERMITENTE" }, "geometry": { "type": "MultiPolygon", "coordinates": [ [ [ [ -99.552299230769194, 20.079541815384633 ], [ -99.552069784615369, 20.079569646153828 ], [ -99.551878384615335, 20.079534107692307 ], [ -99.551791953846148, 20.079434969230814 ], [ -99.551762692307676, 20.079272415384601 ], [ -99.551791, 20.079163892307697 ], [ -99.551848138461494, 20.079091415384635 ], [ -99.551876676923072, 20.079046153846157 ], [ -99.551933861538444, 20.078991753846154 ], [ -99.552019692307667, 20.07891919999998 ], [ -99.552115107692302, 20.078855646153855 ], [ -99.552299230769194, 20.079541815384633 ] ] ] ] } },
{ "type": "Feature", "properties": { "IDBD": 170971, "FC": 6291, "CONDICION": "CUERPO DE AGUA INTERMITENTE" }, "geometry": { "type": "MultiPolygon", "coordinates": [ [ [ [ -99.640809107692291, 20.08030012307692 ], [ -99.640923092307645, 20.080109953846165 ], [ -99.64096124615385, 20.080082692307705 ], [ -99.64102807692305, 20.080055353846113 ], [ -99.641142738461497, 20.080027830769225 ], [ -99.641228707692278, 20.0800004 ], [ -99.641400861538429, 20.079999784615413 ], [ -99.641773892307668, 20.080007461538433 ], [ -99.641860046153809, 20.080025215384641 ], [ -99.641974953846159, 20.080060938461532 ], [ -99.642032523076907, 20.080105923076932 ], [ -99.642176784615373, 20.080304184615379 ], [ -99.641469353846148, 20.08037904615388 ], [ -99.640809107692291, 20.08030012307692 ] ] ] ] } },
{ "type": "Feature", "properties": { "IDBD": 170972, "FC": 6291, "CONDICION": "CUERPO DE AGUA INTERMITENTE" }, "geometry": { "type": "MultiPolygon", "coordinates": [ [ [ [ -99.636722753846144, 20.0796914 ], [ -99.636980753846146, 20.079636261538464 ], [ -99.637076430769213, 20.079644938461513 ], [ -99.637124323076904, 20.07966284615383 ], [ -99.63713410769229, 20.079717030769231 ], [ -99.63715510769228, 20.08017779999998 ], [ -99.636763307692263, 20.080260538461541 ], [ -99.636638969230731, 20.080260984615407 ], [ -99.636600569230723, 20.080224969230738 ], [ -99.636581292307667, 20.080188907692342 ], [ -99.636637076923051, 20.079791107692316 ], [ -99.636722753846144, 20.0796914 ] ] ] ] } },
{ "type": "Feature", "properties": { "IDBD": 170978, "FC": 6291, "CONDICION": "CUERPO DE AGUA INTERMITENTE" }, "geometry": { "type": "MultiPolygon", "coordinates": [ [ [ [ -99.553105246153834, 20.077560353846167 ], [ -99.553200846153828, 20.077551015384643 ], [ -99.553220169230713, 20.077605169230797 ], [ -99.553268615384582, 20.077785753846189 ], [ -99.553404323076904, 20.0783004 ], [ -99.553481753846128, 20.078562200000022 ], [ -99.553156523076893, 20.078545153846179 ], [ -99.553060692307653, 20.078491230769213 ], [ -99.553022169230758, 20.078419061538455 ], [ -99.552993107692316, 20.078310723076918 ], [ -99.552982523076892, 20.078021584615399 ], [ -99.553010523076892, 20.077822707692295 ], [ -99.553105246153834, 20.077560353846167 ] ] ] ] } },
{ "type": "Feature", "properties": { "IDBD": 170990, "FC": 6291, "CONDICION": "CUERPO DE AGUA INTERMITENTE" }, "geometry": { "type": "MultiPolygon", "coordinates": [ [ [ [ -99.557047138461485, 20.077981707692331 ], [ -99.55707493846154, 20.0777286 ], [ -99.557169553846109, 20.077439138461557 ], [ -99.557255184615329, 20.077312369230757 ], [ -99.557331476923039, 20.077248876923068 ], [ -99.557398261538438, 20.077203476923078 ], [ -99.55749376923076, 20.077167030769218 ], [ -99.557618, 20.077139538461545 ], [ -99.557809384615339, 20.07716603076922 ], [ -99.558010507692302, 20.077246723076943 ], [ -99.558240723076906, 20.077435769230792 ], [ -99.557820384615368, 20.077572630769243 ], [ -99.557658153846091, 20.077672553846146 ], [ -99.557562738461499, 20.07773610769231 ], [ -99.557448246153839, 20.07781778461538 ], [ -99.557381430769198, 20.077854153846179 ], [ -99.557047138461485, 20.077981707692331 ] ] ] ] } },
{ "type": "Feature", "properties": { "IDBD": 171031, "FC": 6291, "CONDICION": "CUERPO DE AGUA INTERMITENTE" }, "geometry": { "type": "MultiPolygon", "coordinates": [ [ [ [ -99.117664046153777, 20.0678414 ], [ -99.117645, 20.067949846153841 ], [ -99.117597246153821, 20.06804024615386 ], [ -99.11746344615382, 20.0681578 ], [ -99.117310461538409, 20.068203092307719 ], [ -99.117195661538446, 20.068167015384603 ], [ -99.11710953846152, 20.068103815384628 ], [ -99.117052107692274, 20.068031569230765 ], [ -99.11700426153844, 20.067986415384631 ], [ -99.116985076923029, 20.067923169230724 ], [ -99.116956323076877, 20.067841861538437 ], [ -99.116946707692264, 20.067760538461588 ], [ -99.11694663076922, 20.06766113846151 ], [ -99.11702303076919, 20.067516507692289 ], [ -99.117118630769198, 20.067462215384641 ], [ -99.117175969230743, 20.067407953846129 ], [ -99.117262015384583, 20.067362723076958 ], [ -99.117367184615389, 20.067317461538494 ], [ -99.117453276923044, 20.067344523076944 ], [ -99.117510692307647, 20.067389661538471 ], [ -99.117549030769183, 20.067507107692318 ], [ -99.117625723076941, 20.067732984615418 ], [ -99.117664046153777, 20.0678414 ] ] ] ] } },
{ "type": "Feature", "properties": { "IDBD": 171034, "FC": 6291, "CONDICION": "CUERPO DE AGUA INTERMITENTE" }, "geometry": { "type": "MultiPolygon", "coordinates": [ [ [ [ -99.521640338461509, 20.074990353846157 ], [ -99.521343323076906, 20.074828584615375 ], [ -99.520941046153837, 20.074649046153876 ], [ -99.520720661538434, 20.074523184615373 ], [ -99.520815876923052, 20.07439640000003 ], [ -99.520939938461495, 20.07431470769232 ], [ -99.521102230769174, 20.074223861538492 ], [ -99.521446553846104, 20.074231876923079 ], [ -99.521857707692277, 20.074203553846182 ], [ -99.522010769230761, 20.07421213846154 ], [ -99.522144753846135, 20.074238861538461 ], [ -99.522298153846123, 20.074355876923082 ], [ -99.522250907692282, 20.074527707692283 ], [ -99.522184384615343, 20.074654415384622 ], [ -99.522089907692248, 20.075007107692329 ], [ -99.522118923076917, 20.075106415384624 ], [ -99.52205227692302, 20.075196984615399 ], [ -99.521640338461509, 20.074990353846157 ] ] ] ] } },
{ "type": "Feature", "properties": { "IDBD": 171057, "FC": 6291, "CONDICION": "CUERPO DE AGUA INTERMITENTE" }, "geometry": { "type": "MultiPolygon", "coordinates": [ [ [ [ -99.070713784615336, 20.064830107692313 ], [ -99.070885876923043, 20.06469449230768 ], [ -99.071115384615325, 20.064676323076949 ], [ -99.071249353846113, 20.064820861538475 ], [ -99.071498107692278, 20.065046676923068 ], [ -99.071651230769206, 20.065299646153878 ], [ -99.071689615384585, 20.065579753846166 ], [ -99.07157503076921, 20.065959338461575 ], [ -99.07143164615384, 20.066140138461517 ], [ -99.071202215384616, 20.06633 ], [ -99.070724046153813, 20.0663844 ], [ -99.070264892307662, 20.066167707692316 ], [ -99.070025707692267, 20.065959969230754 ], [ -99.070006476923041, 20.065734061538475 ], [ -99.070159276923064, 20.06524601538462 ], [ -99.070713784615336, 20.064830107692313 ] ] ] ] } },
{ "type": "Feature", "properties": { "IDBD": 171067, "FC": 6291, "CONDICION": "CUERPO DE AGUA INTERMITENTE" }, "geometry": { "type": "MultiPolygon", "coordinates": [ [ [ [ -99.541799215384586, 20.074414615384647 ], [ -99.541531430769211, 20.074415430769228 ], [ -99.541435738461502, 20.074397661538427 ], [ -99.54134, 20.074370846153851 ], [ -99.54132078461538, 20.07434378461539 ], [ -99.541282153846169, 20.074235476923075 ], [ -99.541272092307636, 20.074090923076962 ], [ -99.541290938461529, 20.074009538461553 ], [ -99.541329046153834, 20.073964246153807 ], [ -99.54141504615383, 20.073945907692348 ], [ -99.541462907692306, 20.07395479999996 ], [ -99.541587261538439, 20.073963446153851 ], [ -99.541730815384568, 20.073990123076893 ], [ -99.54183613846152, 20.074025938461521 ], [ -99.541894169230744, 20.074215523076919 ], [ -99.541884799999949, 20.074269769230742 ], [ -99.541875323076894, 20.074296907692315 ], [ -99.541799215384586, 20.074414615384647 ] ] ] ] } },
{ "type": "Feature", "properties": { "IDBD": 171075, "FC": 6291, "CONDICION": "CUERPO DE AGUA INTERMITENTE" }, "geometry": { "type": "MultiPolygon", "coordinates": [ [ [ [ -99.536736107692278, 20.073300538461524 ], [ -99.537319784615377, 20.073380092307737 ], [ -99.537425076923057, 20.073406876923102 ], [ -99.5374826, 20.073451876923048 ], [ -99.53748272307692, 20.073488030769258 ], [ -99.537406461538453, 20.073560553846157 ], [ -99.537225215384609, 20.073696646153863 ], [ -99.536651907692317, 20.073852 ], [ -99.536736107692278, 20.073300538461524 ] ] ] ] } },
{ "type": "Feature", "properties": { "IDBD": 171078, "FC": 6291, "CONDICION": "CUERPO DE AGUA INTERMITENTE" }, "geometry": { "type": "MultiPolygon", "coordinates": [ [ [ [ -99.532030092307707, 20.073125 ], [ -99.532374384615352, 20.073123969230785 ], [ -99.53250824615381, 20.073114523076914 ], [ -99.532489553846148, 20.073241092307679 ], [ -99.532490430769187, 20.073503138461533 ], [ -99.532500399999989, 20.073620584615416 ], [ -99.532395292307683, 20.073648015384624 ], [ -99.53219444615381, 20.073648615384656 ], [ -99.532070092307663, 20.073639953846182 ], [ -99.531859446153817, 20.073568292307716 ], [ -99.53181132307688, 20.073478076923109 ], [ -99.531810923076875, 20.073360615384612 ], [ -99.531829615384595, 20.073234046153839 ], [ -99.531896323076879, 20.073161553846184 ], [ -99.532030092307707, 20.073125 ] ] ] ] } },
{ "type": "Feature", "properties": { "IDBD": 171079, "FC": 6291, "CONDICION": "CUERPO DE AGUA INTERMITENTE" }, "geometry": { "type": "MultiPolygon", "coordinates": [ [ [ [ -99.530711907692265, 20.073607892307678 ], [ -99.530644907692292, 20.073590015384614 ], [ -99.530568292307663, 20.073563138461534 ], [ -99.530548984615393, 20.073508984615383 ], [ -99.530596046153818, 20.073282938461521 ], [ -99.530633969230706, 20.073183415384637 ], [ -99.530653, 20.073156261538426 ], [ -99.530710323076917, 20.073138015384615 ], [ -99.530767707692277, 20.07313783076922 ], [ -99.530892123076882, 20.073164569230752 ], [ -99.531255707692281, 20.073208661538516 ], [ -99.531303615384587, 20.073235630769261 ], [ -99.531313384615373, 20.073298846153872 ], [ -99.531246876923063, 20.07342555384615 ], [ -99.531199323076891, 20.073507030769221 ], [ -99.531113615384555, 20.073615723076909 ], [ -99.530922338461494, 20.07361629230769 ], [ -99.530711907692265, 20.073607892307678 ] ] ] ] } },
{ "type": "Feature", "properties": { "IDBD": 171088, "FC": 6291, "CONDICION": "CUERPO DE AGUA INTERMITENTE" }, "geometry": { "type": "MultiPolygon", "coordinates": [ [ [ [ -99.428830846153829, 20.071435692307698 ], [ -99.428896830769219, 20.071083107692342 ], [ -99.428896584615345, 20.070992738461591 ], [ -99.428924984615378, 20.070884246153888 ], [ -99.428953461538441, 20.070802846153843 ], [ -99.429010615384598, 20.070721369230778 ], [ -99.429058092307642, 20.070594753846166 ], [ -99.42908653846149, 20.070504323076918 ], [ -99.429115030769168, 20.070431953846157 ], [ -99.429286769230757, 20.070277923076933 ], [ -99.42939184615382, 20.070232476923064 ], [ -99.429621369230745, 20.070231923076957 ], [ -99.429678907692306, 20.070286 ], [ -99.429726815384569, 20.070322030769219 ], [ -99.429927753846115, 20.070357692307709 ], [ -99.429565584615403, 20.070819430769241 ], [ -99.429441676923048, 20.070973353846188 ], [ -99.428830846153829, 20.071435692307698 ] ] ] ] } },
{ "type": "Feature", "properties": { "IDBD": 171125, "FC": 6291, "CONDICION": "CUERPO DE AGUA INTERMITENTE" }, "geometry": { "type": "MultiPolygon", "coordinates": [ [ [ [ -99.524340507692258, 20.070175046153835 ], [ -99.524895107692274, 20.070146292307676 ], [ -99.525029, 20.070145892307682 ], [ -99.52517238461536, 20.070127384615386 ], [ -99.52526812307687, 20.070154215384626 ], [ -99.525325646153803, 20.070199230769237 ], [ -99.525269353846141, 20.070524692307732 ], [ -99.524686153846105, 20.070580646153839 ], [ -99.524437584615328, 20.070608492307688 ], [ -99.524399246153834, 20.070581507692296 ], [ -99.524351153846155, 20.070500323076917 ], [ -99.524341138461509, 20.070364799999975 ], [ -99.524340507692258, 20.070175046153835 ] ] ] ] } },
{ "type": "Feature", "properties": { "IDBD": 171200, "FC": 6291, "CONDICION": "CUERPO DE AGUA INTERMITENTE" }, "geometry": { "type": "MultiPolygon", "coordinates": [ [ [ [ -99.465271584615337, 20.065786107692315 ], [ -99.465242523076881, 20.065659676923101 ], [ -99.465261246153815, 20.065524076923083 ], [ -99.465299261538405, 20.065442661538469 ], [ -99.465356446153805, 20.065379246153867 ], [ -99.46542323076919, 20.06532486153845 ], [ -99.4655664153846, 20.065234107692298 ], [ -99.465671476923021, 20.06518866153846 ], [ -99.465776523076883, 20.065134153846149 ], [ -99.465900769230743, 20.065106723076941 ], [ -99.466005984615336, 20.065115476923072 ], [ -99.466159107692278, 20.065151230769249 ], [ -99.466293184615353, 20.065214123076942 ], [ -99.465987846153837, 20.065449876923076 ], [ -99.465749076923061, 20.065558938461535 ], [ -99.465271584615337, 20.065786107692315 ] ] ] ] } },
{ "type": "Feature", "properties": { "IDBD": 171208, "FC": 6291, "CONDICION": "CUERPO DE AGUA INTERMITENTE" }, "geometry": { "type": "MultiPolygon", "coordinates": [ [ [ [ -99.46100489230767, 20.065318369230791 ], [ -99.461250846153789, 20.064396015384631 ], [ -99.461192599999976, 20.064097953846154 ], [ -99.460913553846154, 20.063511323076952 ], [ -99.460932430769233, 20.063429938461571 ], [ -99.460980015384607, 20.063348492307707 ], [ -99.461046799999949, 20.063294107692297 ], [ -99.461505123076904, 20.063048923076956 ], [ -99.461601261538419, 20.063220369230788 ], [ -99.461649369230742, 20.063319630769218 ], [ -99.461707199999978, 20.063473107692332 ], [ -99.461822907692309, 20.063798107692307 ], [ -99.461880476923028, 20.063861215384613 ], [ -99.461899784615355, 20.063924415384616 ], [ -99.461919169230711, 20.064014738461541 ], [ -99.461948153846109, 20.064114061538447 ], [ -99.461938861538442, 20.064204446153866 ], [ -99.461862907692264, 20.064394415384609 ], [ -99.461691430769221, 20.0646207692308 ], [ -99.461624923076911, 20.064774553846178 ], [ -99.461568, 20.064928323076927 ], [ -99.461549169230764, 20.065027784615395 ], [ -99.46148272307687, 20.065199646153857 ], [ -99.461435323076884, 20.06534435384615 ], [ -99.461397184615365, 20.065380600000019 ], [ -99.461320676923052, 20.065380799999986 ], [ -99.46100489230767, 20.065318369230791 ] ] ] ] } },
{ "type": "Feature", "properties": { "IDBD": 171210, "FC": 6291, "CONDICION": "CUERPO DE AGUA INTERMITENTE" }, "geometry": { "type": "MultiPolygon", "coordinates": [ [ [ [ -98.97147309230769, 20.056374646153845 ], [ -98.97189395384612, 20.05588672307692 ], [ -98.971989584615343, 20.055940969230765 ], [ -98.972085184615352, 20.056067492307669 ], [ -98.972104292307662, 20.056203046153861 ], [ -98.972085138461537, 20.056347630769249 ], [ -98.972046876923045, 20.056419907692266 ], [ -98.971970353846132, 20.056492200000026 ], [ -98.971884276923035, 20.05651026153846 ], [ -98.971673892307663, 20.056510215384641 ], [ -98.971568707692285, 20.056483092307719 ], [ -98.97147309230769, 20.056374646153845 ] ] ] ] } },
{ "type": "Feature", "properties": { "IDBD": 171229, "FC": 6291, "CONDICION": "CUERPO DE AGUA INTERMITENTE" }, "geometry": { "type": "MultiPolygon", "coordinates": [ [ [ [ -99.506534030769203, 20.064570230769238 ], [ -99.506378938461523, 20.06392006153845 ], [ -99.50666566153842, 20.063865015384618 ], [ -99.506904569230755, 20.063810107692287 ], [ -99.507057369230736, 20.0637464153846 ], [ -99.507716215384619, 20.063428261538494 ], [ -99.507792553846102, 20.063373815384608 ], [ -99.507878492307682, 20.063337430769231 ], [ -99.507964569230722, 20.063337184615374 ], [ -99.508021984615368, 20.063346046153839 ], [ -99.508079446153801, 20.063373 ], [ -99.50833790769228, 20.063453584615353 ], [ -99.508462230769183, 20.063453215384627 ], [ -99.508729892307642, 20.063416307692282 ], [ -99.508825461538422, 20.06339795384616 ], [ -99.508882923076882, 20.063424907692269 ], [ -99.509094046153848, 20.0636502 ], [ -99.50913264615383, 20.063758523076928 ], [ -99.509134307692278, 20.064273600000025 ], [ -99.509220615384578, 20.064345630769179 ], [ -99.509287738461495, 20.064399661538484 ], [ -99.509383507692277, 20.064444569230762 ], [ -99.509488846153829, 20.064489446153875 ], [ -99.509527276923066, 20.064543553846136 ], [ -99.509508384615373, 20.064615892307675 ], [ -99.509432030769204, 20.064661307692312 ], [ -99.50934607692308, 20.064697692307714 ], [ -99.508773153846121, 20.064970430769247 ], [ -99.508200015384602, 20.065179923076933 ], [ -99.507273199999943, 20.065435600000033 ], [ -99.506786076923063, 20.06562675384615 ], [ -99.506534030769203, 20.064570230769238 ] ] ] ] } },
{ "type": "Feature", "properties": { "IDBD": 171243, "FC": 6291, "CONDICION": "CUERPO DE AGUA INTERMITENTE" }, "geometry": { "type": "MultiPolygon", "coordinates": [ [ [ [ -99.471981384615333, 20.064530338461505 ], [ -99.472000061538424, 20.064376661538411 ], [ -99.472038061538399, 20.064295230769254 ], [ -99.472075892307657, 20.06415055384619 ], [ -99.472123399999973, 20.064051030769232 ], [ -99.472190184615357, 20.063996630769221 ], [ -99.472266538461511, 20.063942200000014 ], [ -99.472333476923026, 20.063942030769258 ], [ -99.472457769230772, 20.063932661538455 ], [ -99.472543953846099, 20.063968569230756 ], [ -99.472611076923059, 20.06403164615384 ], [ -99.472639953846127, 20.064094830769218 ], [ -99.472420492307663, 20.064258076923057 ], [ -99.472182, 20.064457507692268 ], [ -99.471981384615333, 20.064530338461505 ] ] ] ] } },
{ "type": "Feature", "properties": { "IDBD": 171297, "FC": 6291, "CONDICION": "CUERPO DE AGUA INTERMITENTE" }, "geometry": { "type": "MultiPolygon", "coordinates": [ [ [ [ -99.090160646153791, 20.054971353846188 ], [ -99.090017138461477, 20.054853938461569 ], [ -99.089921430769223, 20.054718446153892 ], [ -99.089969169230741, 20.054573830769222 ], [ -99.090122107692295, 20.054456276923077 ], [ -99.090255938461496, 20.054383923076944 ], [ -99.090562, 20.054447015384589 ], [ -99.090715061538432, 20.054537307692289 ], [ -99.090762984615353, 20.054727046153843 ], [ -99.09066741538463, 20.054835538461507 ], [ -99.090514461538461, 20.054925984615345 ], [ -99.090351907692266, 20.054962215384595 ], [ -99.090160646153791, 20.054971353846188 ] ] ] ] } },
{ "type": "Feature", "properties": { "IDBD": 171304, "FC": 6291, "CONDICION": "CUERPO DE AGUA INTERMITENTE" }, "geometry": { "type": "MultiPolygon", "coordinates": [ [ [ [ -98.987730753846108, 20.052599200000046 ], [ -98.987663815384593, 20.05254498461538 ], [ -98.987635138461513, 20.052481723076927 ], [ -98.987692523076916, 20.052418461538473 ], [ -98.987692523076888, 20.052310030769249 ], [ -98.987721215384582, 20.052255815384591 ], [ -98.9877786, 20.052210630769217 ], [ -98.987883799999963, 20.052174492307682 ], [ -98.987950738461478, 20.052210646153892 ], [ -98.987998538461511, 20.052273907692303 ], [ -98.988027230769219, 20.052346199999949 ], [ -98.988017661538478, 20.052418492307712 ], [ -98.988017661538422, 20.052490784615429 ], [ -98.987979399999958, 20.052554030769254 ], [ -98.987912446153814, 20.052608246153813 ], [ -98.98785507692304, 20.052617276923044 ], [ -98.987730753846108, 20.052599200000046 ] ] ] ] } },
{ "type": "Feature", "properties": { "IDBD": 171362, "FC": 6291, "CONDICION": "CUERPO DE AGUA INTERMITENTE" }, "geometry": { "type": "MultiPolygon", "coordinates": [ [ [ [ -99.468719615384586, 20.057870153846189 ], [ -99.468566769230733, 20.057924784615391 ], [ -99.468308676923044, 20.057961615384592 ], [ -99.468098230769201, 20.057944092307697 ], [ -99.467992938461506, 20.057908230769222 ], [ -99.467925830769218, 20.057854184615433 ], [ -99.467829892307648, 20.057746 ], [ -99.468059215384599, 20.057682138461541 ], [ -99.468116584615359, 20.057681984615378 ], [ -99.468221723076908, 20.057663630769188 ], [ -99.46830770769229, 20.057636307692313 ], [ -99.468422384615351, 20.057608892307687 ], [ -99.468623015384594, 20.057545107692327 ], [ -99.468948, 20.057490015384641 ], [ -99.46890069230767, 20.057661846153881 ], [ -99.46883415384616, 20.057797553846122 ], [ -99.468719615384586, 20.057870153846189 ] ] ] ] } },
{ "type": "Feature", "properties": { "IDBD": 171409, "FC": 6291, "CONDICION": "CUERPO DE AGUA INTERMITENTE" }, "geometry": { "type": "MultiPolygon", "coordinates": [ [ [ [ -98.969591092307667, 20.04632558461536 ], [ -98.969533769230722, 20.046009292307648 ], [ -98.969524246153796, 20.045792415384597 ], [ -98.969591215384554, 20.045665907692328 ], [ -98.969753769230763, 20.045674969230756 ], [ -98.969820707692264, 20.045729215384601 ], [ -98.969944969230738, 20.045919 ], [ -98.970021461538423, 20.04600033846156 ], [ -98.970174430769219, 20.046199169230793 ], [ -98.969916215384572, 20.046280461538476 ], [ -98.969591092307667, 20.04632558461536 ] ] ] ] } },
{ "type": "Feature", "properties": { "IDBD": 171411, "FC": 6291, "CONDICION": "CUERPO DE AGUA INTERMITENTE" }, "geometry": { "type": "MultiPolygon", "coordinates": [ [ [ [ -99.122306630769188, 20.048463738461539 ], [ -99.122306784615347, 20.048671584615359 ], [ -99.122239984615362, 20.048843323076916 ], [ -99.122144430769225, 20.04893375384615 ], [ -99.121848046153787, 20.0490243230769 ], [ -99.121704569230772, 20.048961169230779 ], [ -99.121589769230766, 20.048907030769271 ], [ -99.121455830769222, 20.048834830769234 ], [ -99.121331461538404, 20.048753584615365 ], [ -99.121312138461519, 20.048500569230786 ], [ -99.121292846153821, 20.048283707692306 ], [ -99.121369292307648, 20.0482204 ], [ -99.121484015384567, 20.04816609230771 ], [ -99.121627446153795, 20.048156969230757 ], [ -99.12179, 20.048138784615386 ], [ -99.121971707692268, 20.04816576923076 ], [ -99.122306630769188, 20.048463738461539 ] ] ] ] } },
{ "type": "Feature", "properties": { "IDBD": 171541, "FC": 6291, "CONDICION": "CUERPO DE AGUA INTERMITENTE" }, "geometry": { "type": "MultiPolygon", "coordinates": [ [ [ [ -99.083669523076864, 20.041058123076898 ], [ -99.083678969230746, 20.040850276923077 ], [ -99.083908092307681, 20.040163384615393 ], [ -99.084816538461496, 20.040226215384614 ], [ -99.084807123076871, 20.040488276923092 ], [ -99.084587569230735, 20.041211307692311 ], [ -99.084109430769189, 20.041148276923071 ], [ -99.083669523076864, 20.041058123076898 ] ] ] ] } },
{ "type": "Feature", "properties": { "IDBD": 171591, "FC": 6291, "CONDICION": "CUERPO DE AGUA INTERMITENTE" }, "geometry": { "type": "MultiPolygon", "coordinates": [ [ [ [ -99.309426276923091, 20.042650769230725 ], [ -99.309110276923036, 20.042425415384628 ], [ -99.309071938461514, 20.042380292307726 ], [ -99.308975923076915, 20.042181661538432 ], [ -99.309167076923018, 20.042136138461565 ], [ -99.309099830769199, 20.041973600000016 ], [ -99.309281523076891, 20.041982323076908 ], [ -99.309501492307675, 20.042000015384605 ], [ -99.309338615384576, 20.041837630769233 ], [ -99.309367153846111, 20.041756261538506 ], [ -99.309510369230736, 20.041647569230779 ], [ -99.309701815384585, 20.041755676923092 ], [ -99.309816584615348, 20.041764507692303 ], [ -99.309758738461525, 20.041520630769234 ], [ -99.309787107692287, 20.041357923076937 ], [ -99.310150907692275, 20.041583200000026 ], [ -99.310170707692293, 20.041926553846189 ], [ -99.310228661538403, 20.042224646153887 ], [ -99.310295876923036, 20.042369123076934 ], [ -99.310372615384566, 20.04248646153847 ], [ -99.31040149230769, 20.042585815384584 ], [ -99.31037298461537, 20.042676230769221 ], [ -99.309741753846126, 20.042614076923108 ], [ -99.309627092307664, 20.042659461538459 ], [ -99.309426276923091, 20.042650769230725 ] ] ] ] } },
{ "type": "Feature", "properties": { "IDBD": 171606, "FC": 6291, "CONDICION": "CUERPO DE AGUA INTERMITENTE" }, "geometry": { "type": "MultiPolygon", "coordinates": [ [ [ [ -99.115356076923049, 20.037425646153842 ], [ -99.115480553846155, 20.037669553846168 ], [ -99.115480723076899, 20.037895476923044 ], [ -99.115452153846121, 20.038067184615333 ], [ -99.115375784615367, 20.038229892307697 ], [ -99.115270661538403, 20.038311292307693 ], [ -99.115127261538433, 20.038356569230764 ], [ -99.114936046153829, 20.03838379999997 ], [ -99.114716076923045, 20.038338769230776 ], [ -99.114496030769217, 20.038167215384657 ], [ -99.114495876923044, 20.037950338461531 ], [ -99.114428784615328, 20.03773349230768 ], [ -99.114457384615349, 20.037616 ], [ -99.114447615384563, 20.037326830769242 ], [ -99.114829892307682, 20.037055492307669 ], [ -99.115040384615327, 20.037236092307698 ], [ -99.115212569230721, 20.037335369230796 ], [ -99.115356076923049, 20.037425646153842 ] ] ] ] } },
{ "type": "Feature", "properties": { "IDBD": 171838, "FC": 6291, "CONDICION": "CUERPO DE AGUA INTERMITENTE" }, "geometry": { "type": "MultiPolygon", "coordinates": [ [ [ [ -99.318011892307652, 20.027770430769277 ], [ -99.316959369230744, 20.027383753846173 ], [ -99.317263984615337, 20.02671449230769 ], [ -99.31734936923074, 20.026379984615367 ], [ -99.318018892307649, 20.026496261538465 ], [ -99.318305876923034, 20.026568046153873 ], [ -99.318325923076884, 20.027028861538479 ], [ -99.31815473846153, 20.027490046153861 ], [ -99.318011892307652, 20.027770430769277 ] ] ] ] } },
{ "type": "Feature", "properties": { "IDBD": 171983, "FC": 6291, "CONDICION": "CUERPO DE AGUA INTERMITENTE" }, "geometry": { "type": "MultiPolygon", "coordinates": [ [ [ [ -99.347193353846095, 20.01922126153848 ], [ -99.347260815384558, 20.019465107692316 ], [ -99.347060507692277, 20.019682384615418 ], [ -99.346993123076899, 20.019474676923103 ], [ -99.347117123076885, 20.019338876923047 ], [ -99.347193353846095, 20.01922126153848 ] ] ] ] } }
]
}
