{
"type": "FeatureCollection",
"name": "dm",
"crs": { "type": "name", "properties": { "name": "urn:ogc:def:crs:OGC:1.3:CRS84" } },
"features": [
{ "type": "Feature", "properties": { "IDBD": 172479, "FC": 6291, "CONDICION": "CUERPO DE AGUA INTERMITENTE" }, "geometry": { "type": "MultiPolygon", "coordinates": [ [ [ [ -99.284633092307686, 19.985120292307705 ], [ -99.284623507692288, 19.985111276923078 ], [ -99.284575569230753, 19.985030030769238 ], [ -99.284556292307656, 19.984939692307709 ], [ -99.284546661538414, 19.984903553846177 ], [ -99.284527476923046, 19.984858399999982 ], [ -99.284517846153804, 19.984822276923051 ], [ -99.284517784615389, 19.984786123076937 ], [ -99.284565507692264, 19.984749907692311 ], [ -99.284613215384567, 19.984704646153851 ], [ -99.284670584615327, 19.984713584615413 ], [ -99.284727969230758, 19.98473156923081 ], [ -99.284785353846118, 19.984749553846179 ], [ -99.284814138461527, 19.984803723076919 ], [ -99.284804661538416, 19.98484892307691 ], [ -99.284795153846119, 19.984876046153829 ], [ -99.284833492307641, 19.984939246153871 ], [ -99.28489096923073, 19.985002415384628 ], [ -99.284881476923047, 19.98504760000003 ], [ -99.284824199999974, 19.985083846153834 ], [ -99.284728661538423, 19.985111107692333 ], [ -99.284633092307686, 19.985120292307705 ] ] ] ] } },
{ "type": "Feature", "properties": { "IDBD": 172601, "FC": 6292, "CONDICION": "CUERPO DE AGUA PERENNE" }, "geometry": { "type": "MultiPolygon", "coordinates": [ [ [ [ -99.311776061538438, 19.978288169230758 ], [ -99.311699507692282, 19.978243107692322 ], [ -99.311603876923016, 19.978216169230741 ], [ -99.31151778461539, 19.978180184615383 ], [ -99.311441292307634, 19.978171276923035 ], [ -99.311345599999981, 19.978117230769204 ], [ -99.311250030769216, 19.978117384615398 ], [ -99.311154446153793, 19.978117553846147 ], [ -99.311058907692299, 19.97814483076921 ], [ -99.310963323076905, 19.978145 ], [ -99.310867753846125, 19.97814516923075 ], [ -99.310772215384617, 19.978172446153852 ], [ -99.310648061538444, 19.978226892307717 ], [ -99.310590769230743, 19.978254092307701 ], [ -99.310504784615361, 19.978272323076901 ], [ -99.3104378, 19.978236292307692 ], [ -99.310351692307677, 19.978191261538466 ], [ -99.310284661538404, 19.978128123076932 ], [ -99.310169846153826, 19.978074107692297 ], [ -99.310102799999967, 19.978001923076917 ], [ -99.310045307692278, 19.977929738461526 ], [ -99.310026030769194, 19.977848430769246 ], [ -99.310054538461543, 19.977758015384602 ], [ -99.310035230769188, 19.977667692307733 ], [ -99.31002558461536, 19.977622523076974 ], [ -99.310082723076917, 19.977513984615374 ], [ -99.310120799999979, 19.977432584615382 ], [ -99.310120630769234, 19.97734221538461 ], [ -99.310120446153817, 19.97725186153847 ], [ -99.310091615384607, 19.977170569230772 ], [ -99.310053200000013, 19.977080276923097 ], [ -99.310005276923064, 19.977008061538477 ], [ -99.30996687692307, 19.9769268 ], [ -99.309938061538446, 19.976854569230731 ], [ -99.309909261538465, 19.976791353846185 ], [ -99.309870815384556, 19.976682984615397 ], [ -99.30984198461536, 19.976601707692303 ], [ -99.309841815384601, 19.976511338461556 ], [ -99.30980341538455, 19.976430076923133 ], [ -99.309745923076846, 19.976357892307714 ], [ -99.309659815384592, 19.976312846153846 ], [ -99.309602323076874, 19.976240661538423 ], [ -99.309563938461537, 19.976159399999947 ], [ -99.309496907692278, 19.976096261538483 ], [ -99.309439415384574, 19.976024061538418 ], [ -99.309391461538453, 19.975942815384606 ], [ -99.309362630769201, 19.975861538461547 ], [ -99.309314676923051, 19.975780292307668 ], [ -99.30923809230768, 19.975717169230737 ], [ -99.30916153846151, 19.975672123076912 ], [ -99.309084984615339, 19.97562707692304 ], [ -99.308998876923042, 19.975582046153843 ], [ -99.308922307692285, 19.975527953846118 ], [ -99.308845738461528, 19.975473861538489 ], [ -99.308750123076877, 19.975455953846119 ], [ -99.308673615384578, 19.975438015384622 ], [ -99.308587476923051, 19.975374907692288 ], [ -99.308501369230754, 19.975329876923087 ], [ -99.308444046153838, 19.975348046153862 ], [ -99.30839621538459, 19.975330061538465 ], [ -99.308386553846148, 19.975275861538478 ], [ -99.308376969230721, 19.9752578 ], [ -99.308348123076911, 19.975167492307715 ], [ -99.308300184615362, 19.975095276923096 ], [ -99.3082046, 19.975095446153873 ], [ -99.308118769230731, 19.975195 ], [ -99.3080614307692, 19.975195092307693 ], [ -99.308032646153833, 19.975140923076889 ], [ -99.308032384615359, 19.975005384615411 ], [ -99.30807044615382, 19.974914938461538 ], [ -99.308108507692282, 19.974833553846171 ], [ -99.308213523076859, 19.97477010769229 ], [ -99.308251599999949, 19.974688723076927 ], [ -99.308260984615359, 19.974598338461508 ], [ -99.30825124615383, 19.974507984615411 ], [ -99.308231953846175, 19.974417646153849 ], [ -99.308203123076908, 19.974336369230734 ], [ -99.308183830769167, 19.974246046153837 ], [ -99.308154984615356, 19.974155723076908 ], [ -99.308154815384583, 19.974065353846132 ], [ -99.308154630769209, 19.973974984615385 ], [ -99.308154461538436, 19.973884630769231 ], [ -99.308135184615367, 19.973803323076957 ], [ -99.308106338461528, 19.973713015384639 ], [ -99.308096661538443, 19.973649769230786 ], [ -99.308086907692299, 19.973550384615418 ], [ -99.308038938461493, 19.973460107692286 ], [ -99.308000569230771, 19.973387876923105 ], [ -99.307971692307646, 19.973288523076931 ], [ -99.30797152307693, 19.973198153846152 ], [ -99.307942692307677, 19.973116876923054 ], [ -99.307923399999979, 19.973026553846118 ], [ -99.30789455384614, 19.972936230769225 ], [ -99.307884815384583, 19.972845876923095 ], [ -99.307913338461503, 19.972764507692315 ], [ -99.30793227692304, 19.972674107692345 ], [ -99.307922538461511, 19.972583753846138 ], [ -99.307941476923034, 19.972493353846193 ], [ -99.307960446153857, 19.972412 ], [ -99.30796026153844, 19.972321630769219 ], [ -99.307902769230751, 19.972249430769228 ], [ -99.307873938461498, 19.972168153846184 ], [ -99.307864215384583, 19.972077800000026 ], [ -99.307873599999979, 19.971987430769257 ], [ -99.307921230769239, 19.97190601538459 ], [ -99.307959292307643, 19.971824615384616 ], [ -99.308006923076917, 19.9717432 ], [ -99.307997199999988, 19.971652861538477 ], [ -99.307997015384615, 19.971562492307712 ], [ -99.307977753846146, 19.971481200000024 ], [ -99.307967923076873, 19.971345661538461 ], [ -99.30800609230765, 19.971309446153846 ], [ -99.308053892307697, 19.971318400000012 ], [ -99.308092492307679, 19.971508107692301 ], [ -99.30812119999996, 19.971526123076909 ], [ -99.308121030769215, 19.971435753846169 ], [ -99.308101738461502, 19.971345430769219 ], [ -99.308092, 19.971255076923129 ], [ -99.308091846153815, 19.971173753846134 ], [ -99.308072553846117, 19.971083415384609 ], [ -99.308062815384588, 19.970993061538469 ], [ -99.308053092307645, 19.970902723076925 ], [ -99.308005138461482, 19.970821476923067 ], [ -99.307985861538469, 19.970740169230769 ], [ -99.307966615384615, 19.970667923076928 ], [ -99.307909076923053, 19.970568615384583 ], [ -99.307861138461519, 19.9704964 ], [ -99.307841861538435, 19.970415107692318 ], [ -99.307860799999929, 19.970324707692338 ], [ -99.307898876923019, 19.970243307692296 ], [ -99.307956092307663, 19.970170923076939 ], [ -99.308042030769187, 19.970134630769252 ], [ -99.308023092307693, 19.9702250307692 ], [ -99.308013707692254, 19.9703154 ], [ -99.308004338461487, 19.970405784615387 ], [ -99.308004507692289, 19.970496153846149 ], [ -99.308023784615344, 19.970577446153843 ], [ -99.308062184615324, 19.970667753846158 ], [ -99.308110123076887, 19.97073995384617 ], [ -99.308148507692266, 19.970821230769243 ], [ -99.308177353846148, 19.970911538461525 ], [ -99.308187092307662, 19.971001892307683 ], [ -99.308187261538421, 19.971092261538484 ], [ -99.308187446153852, 19.971182615384603 ], [ -99.308187615384583, 19.971272984615361 ], [ -99.308226, 19.971354246153844 ], [ -99.308235738461534, 19.971444600000027 ], [ -99.308216769230725, 19.97151692307694 ], [ -99.308207384615343, 19.971607307692267 ], [ -99.308217123076915, 19.971697661538489 ], [ -99.308217292307674, 19.971788015384639 ], [ -99.308198353846137, 19.971878415384662 ], [ -99.308188969230741, 19.971968800000027 ], [ -99.308170046153819, 19.97206824615381 ], [ -99.308141492307684, 19.972131538461529 ], [ -99.308122553846133, 19.972221938461558 ], [ -99.308084476923085, 19.972303338461526 ], [ -99.308065538461506, 19.972393738461562 ], [ -99.308046599999969, 19.972484138461567 ], [ -99.308027599999974, 19.972547430769243 ], [ -99.308008661538437, 19.972637830769234 ], [ -99.308008846153839, 19.972728184615381 ], [ -99.308028123076895, 19.972809492307707 ], [ -99.308056969230748, 19.9728998 ], [ -99.30807626153846, 19.972990138461558 ], [ -99.308085984615346, 19.973080492307716 ], [ -99.308105276923058, 19.973170815384602 ], [ -99.308124569230714, 19.973261153846167 ], [ -99.308153399999966, 19.973342430769225 ], [ -99.30816315384611, 19.973441815384586 ], [ -99.308182415384564, 19.973514076923085 ], [ -99.308220815384601, 19.973604369230738 ], [ -99.308259215384581, 19.973685630769257 ], [ -99.30828806153842, 19.973775953846136 ], [ -99.308307338461489, 19.973857246153813 ], [ -99.308336184615357, 19.973947569230742 ], [ -99.308326799999989, 19.974037953846107 ], [ -99.308326984615348, 19.974128307692304 ], [ -99.308336707692291, 19.974218661538504 ], [ -99.308375107692285, 19.974299923076909 ], [ -99.30840393846151, 19.974381200000025 ], [ -99.308413661538438, 19.974471553846136 ], [ -99.308413846153783, 19.974561923076941 ], [ -99.308414015384585, 19.974652292307663 ], [ -99.308404630769232, 19.974742661538464 ], [ -99.308366569230742, 19.974824061538438 ], [ -99.308318830769196, 19.974851261538497 ], [ -99.308261507692251, 19.974869430769235 ], [ -99.30822336923076, 19.974914676923049 ], [ -99.308233015384573, 19.974959846153805 ], [ -99.308271323076895, 19.974995923076921 ], [ -99.30837658461536, 19.975059 ], [ -99.308414861538452, 19.97508604615382 ], [ -99.308481892307654, 19.975149184615361 ], [ -99.308587215384577, 19.975239369230803 ], [ -99.308654261538436, 19.975311538461501 ], [ -99.3086925538461, 19.975347615384596 ], [ -99.308778630769183, 19.975374584615398 ], [ -99.3088552, 19.975428661538448 ], [ -99.308922184615341, 19.975464692307717 ], [ -99.30902744615382, 19.975527769230819 ], [ -99.309132676923042, 19.975572769230727 ], [ -99.309190076923059, 19.975599784615387 ], [ -99.309257107692289, 19.975662923076911 ], [ -99.309333661538417, 19.975707969230783 ], [ -99.309410246153789, 19.975771092307689 ], [ -99.309486876923046, 19.975852292307703 ], [ -99.309544307692306, 19.975897369230768 ], [ -99.309611338461508, 19.975960507692292 ], [ -99.309659292307643, 19.976041753846197 ], [ -99.309707246153849, 19.976123 ], [ -99.309745630769214, 19.976204261538452 ], [ -99.309793569230749, 19.976276476923029 ], [ -99.309860630769208, 19.976357692307715 ], [ -99.309936969230748, 19.976294292307713 ], [ -99.30997524615384, 19.976312307692297 ], [ -99.309984846153824, 19.9763394 ], [ -99.31001363076922, 19.976393569230744 ], [ -99.310023369230748, 19.976483907692327 ], [ -99.310042615384603, 19.976556169230758 ], [ -99.309947046153823, 19.976556338461513 ], [ -99.309975892307676, 19.976646661538457 ], [ -99.310004723076901, 19.976727938461515 ], [ -99.310052676923064, 19.976809184615398 ], [ -99.310100630769213, 19.976890430769199 ], [ -99.310110215384569, 19.976908476923093 ], [ -99.310148615384577, 19.976989738461551 ], [ -99.310187, 19.977071 ], [ -99.310187184615359, 19.977161369230771 ], [ -99.310177799999977, 19.977251753846126 ], [ -99.310177969230722, 19.977342123076927 ], [ -99.310187707692307, 19.977432476923067 ], [ -99.310187892307695, 19.977522830769193 ], [ -99.310140307692322, 19.977631353846142 ], [ -99.310111738461487, 19.977685630769226 ], [ -99.310111923076931, 19.977776 ], [ -99.310140753846156, 19.977857276923078 ], [ -99.310217323076898, 19.977911353846157 ], [ -99.310293892307683, 19.977965446153853 ], [ -99.310370492307655, 19.978028569230791 ], [ -99.310447046153811, 19.978073615384631 ], [ -99.310494923076874, 19.978118707692314 ], [ -99.310581030769214, 19.978163753846129 ], [ -99.310705292307674, 19.978163523076969 ], [ -99.310800799999939, 19.978127215384642 ], [ -99.310886815384578, 19.978118030769235 ], [ -99.310982369230757, 19.978108830769216 ], [ -99.311068369230739, 19.978090600000048 ], [ -99.311163892307661, 19.978063323076903 ], [ -99.311249861538428, 19.978036061538461 ], [ -99.311383676923057, 19.978035830769215 ], [ -99.311450630769201, 19.97805378461539 ], [ -99.311517538461516, 19.978053661538446 ], [ -99.311613153846096, 19.978071569230785 ], [ -99.311699246153836, 19.978107569230787 ], [ -99.311794861538445, 19.978125476923079 ], [ -99.311890461538425, 19.978134338461537 ], [ -99.311976476923036, 19.97812515384614 ], [ -99.311966769230722, 19.978052876923076 ], [ -99.31196666153842, 19.977998661538482 ], [ -99.312024, 19.977989523076911 ], [ -99.312071846153799, 19.978016538461556 ], [ -99.312081492307712, 19.978061707692323 ], [ -99.312119769230762, 19.978088753846166 ], [ -99.312167599999967, 19.978106738461559 ], [ -99.312253661538435, 19.978124661538462 ], [ -99.312263307692248, 19.978169830769279 ], [ -99.312167707692268, 19.978160969230817 ], [ -99.312072138461502, 19.978170169230768 ], [ -99.311976599999966, 19.978188415384636 ], [ -99.311890661538413, 19.978233738461562 ], [ -99.311823876923057, 19.978297123076963 ], [ -99.311776061538438, 19.978288169230758 ] ] ] ] } },
{ "type": "Feature", "properties": { "IDBD": 172619, "FC": 6291, "CONDICION": "CUERPO DE AGUA INTERMITENTE" }, "geometry": { "type": "MultiPolygon", "coordinates": [ [ [ [ -99.275221938461527, 19.97655035384615 ], [ -99.275145538461516, 19.976586630769223 ], [ -99.27505, 19.976613876923057 ], [ -99.274973523076909, 19.976604969230738 ], [ -99.274935230769188, 19.976568876923089 ], [ -99.274954276923069, 19.976532707692314 ], [ -99.274973323076892, 19.976487492307715 ], [ -99.27494456923074, 19.976442353846156 ], [ -99.274915861538432, 19.976424323076941 ], [ -99.274868015384598, 19.976397292307709 ], [ -99.274820261538451, 19.97641543076924 ], [ -99.274810799999983, 19.976469661538459 ], [ -99.274839661538422, 19.976578061538458 ], [ -99.274791876923047, 19.9765871692308 ], [ -99.274753646153826, 19.97658723076923 ], [ -99.27469621538458, 19.976542138461539 ], [ -99.274657938461516, 19.9765150923077 ], [ -99.274590984615344, 19.976488076923022 ], [ -99.274552630769222, 19.976415846153856 ], [ -99.274562030769218, 19.97632546153849 ], [ -99.274609738461535, 19.976280215384623 ], [ -99.274628815384574, 19.976253061538429 ], [ -99.274647861538398, 19.976216892307704 ], [ -99.274647784615368, 19.97617170769227 ], [ -99.274676399999962, 19.97613552307693 ], [ -99.274705015384598, 19.976099323076973 ], [ -99.274724092307665, 19.976081230769232 ], [ -99.274752784615359, 19.976090215384644 ], [ -99.274743307692276, 19.976135415384583 ], [ -99.274714723076883, 19.976189676923045 ], [ -99.274724353846139, 19.976225815384598 ], [ -99.274762569230759, 19.976216723076938 ], [ -99.274781630769169, 19.976189569230755 ], [ -99.27484847692304, 19.976153323076936 ], [ -99.274867646153851, 19.976180400000032 ], [ -99.274877246153835, 19.976207507692319 ], [ -99.274896430769189, 19.976243615384611 ], [ -99.274934707692282, 19.976270661538425 ], [ -99.274963430769219, 19.976297738461522 ], [ -99.274982615384602, 19.976333846153821 ], [ -99.275020907692252, 19.976369938461563 ], [ -99.275059184615401, 19.976396984615405 ], [ -99.275116584615404, 19.97642401538463 ], [ -99.275145323076885, 19.976460107692329 ], [ -99.275174076923065, 19.976505246153874 ], [ -99.275221938461527, 19.97655035384615 ] ] ] ] } },
{ "type": "Feature", "properties": { "IDBD": 172764, "FC": 6291, "CONDICION": "CUERPO DE AGUA INTERMITENTE" }, "geometry": { "type": "MultiPolygon", "coordinates": [ [ [ [ -99.264436523076895, 19.968596446153853 ], [ -99.264255215384566, 19.968768415384602 ], [ -99.264092923076916, 19.968886123076924 ], [ -99.263901923076858, 19.968976784615393 ], [ -99.263615276923062, 19.969031430769252 ], [ -99.263338107692292, 19.969031846153825 ], [ -99.263194676923035, 19.968995907692307 ], [ -99.262984199999977, 19.968869707692313 ], [ -99.262831092307636, 19.968761492307713 ], [ -99.262716261538444, 19.968680338461564 ], [ -99.262639692307673, 19.968617184615393 ], [ -99.262591846153796, 19.968581107692319 ], [ -99.262601353846094, 19.968553984615362 ], [ -99.262668261538451, 19.968553892307739 ], [ -99.262763861538446, 19.968562784615358 ], [ -99.2628499538461, 19.968607846153827 ], [ -99.262926507692256, 19.96866195384619 ], [ -99.262983861538459, 19.968670892307685 ], [ -99.263050738461487, 19.968652723076882 ], [ -99.26306979999994, 19.968616553846168 ], [ -99.263098338461518, 19.968535184615341 ], [ -99.263098184615359, 19.968444815384618 ], [ -99.263088569230746, 19.96840867692309 ], [ -99.263050153846152, 19.968300292307674 ], [ -99.263011861538459, 19.968264215384643 ], [ -99.262964092307683, 19.968273307692289 ], [ -99.262935476923033, 19.9683095076923 ], [ -99.262906799999982, 19.968309553846179 ], [ -99.262906707692295, 19.968255323076942 ], [ -99.262935338461503, 19.968228169230773 ], [ -99.263002215384574, 19.96821 ], [ -99.263040384615365, 19.96817380000002 ], [ -99.263059430769204, 19.968128584615343 ], [ -99.263097692307682, 19.9681466 ], [ -99.263126461538434, 19.96820981538464 ], [ -99.263145646153816, 19.968245938461532 ], [ -99.263193446153821, 19.968254907692316 ], [ -99.26323166153847, 19.968245815384631 ], [ -99.263317615384565, 19.968209538461579 ], [ -99.263336676923075, 19.968173353846154 ], [ -99.263327030769233, 19.968119153846175 ], [ -99.263336430769186, 19.96802876923072 ], [ -99.263422384615339, 19.967983461538463 ], [ -99.263517938461518, 19.967974276923083 ], [ -99.263613492307627, 19.967956061538469 ], [ -99.26370907692305, 19.967964969230771 ], [ -99.263795169230733, 19.968000984615387 ], [ -99.263881230769201, 19.968027969230796 ], [ -99.263967323076884, 19.968073015384611 ], [ -99.264053399999938, 19.968109030769234 ], [ -99.264139492307663, 19.968154092307728 ], [ -99.264216030769191, 19.968199169230783 ], [ -99.264283046153807, 19.968262323076914 ], [ -99.26433096923077, 19.968343584615365 ], [ -99.264388430769216, 19.968415784615406 ], [ -99.264426799999953, 19.968497061538464 ], [ -99.264436523076895, 19.968596446153853 ] ] ] ] } },
{ "type": "Feature", "properties": { "IDBD": 172830, "FC": 6292, "CONDICION": "CUERPO DE AGUA PERENNE" }, "geometry": { "type": "MultiPolygon", "coordinates": [ [ [ [ -99.311095584615387, 19.957857569230825 ], [ -99.311076292307661, 19.9577672307692 ], [ -99.31104746153845, 19.957685953846191 ], [ -99.310999523076873, 19.957604707692337 ], [ -99.310942046153883, 19.957532507692317 ], [ -99.31089409230772, 19.957451276923138 ], [ -99.310836615384574, 19.957379076923104 ], [ -99.310779123076856, 19.957306876923116 ], [ -99.310750369230789, 19.957261753846204 ], [ -99.310702430769155, 19.9571805076923 ], [ -99.310654553846049, 19.957135400000013 ], [ -99.310597107692303, 19.957081292307713 ], [ -99.310491953846167, 19.957072430769188 ], [ -99.310396323076901, 19.957036461538483 ], [ -99.310319769230787, 19.956991399999975 ], [ -99.310252753846171, 19.956928261538508 ], [ -99.310176169230758, 19.956865138461541 ], [ -99.310128246153837, 19.956792938461504 ], [ -99.310061215384579, 19.956729800000033 ], [ -99.3099942, 19.956666661538485 ], [ -99.309927153846189, 19.956594476923083 ], [ -99.309869676923057, 19.956522292307653 ], [ -99.309812153846195, 19.956432015384628 ], [ -99.309764230769161, 19.95635981538458 ], [ -99.309735415384566, 19.956287569230803 ], [ -99.309697030769186, 19.956206307692298 ], [ -99.30966818461539, 19.956115984615383 ], [ -99.309668, 19.956025630769233 ], [ -99.309658276923088, 19.955935276923121 ], [ -99.309658092307686, 19.955844907692295 ], [ -99.309667476923053, 19.955754523076898 ], [ -99.30966730769228, 19.955664153846154 ], [ -99.309667123076892, 19.955573800000014 ], [ -99.309666953846047, 19.955483430769192 ], [ -99.309695461538496, 19.955402046153786 ], [ -99.309733538461487, 19.955320646153808 ], [ -99.309762030769164, 19.95523023076921 ], [ -99.309800092307682, 19.955148846153808 ], [ -99.309828630769175, 19.955076492307747 ], [ -99.309876230769177, 19.954986046153774 ], [ -99.309923907692266, 19.954931738461525 ], [ -99.310000123076847, 19.954805092307684 ], [ -99.310009569230786, 19.954750861538521 ], [ -99.309999876923058, 19.954678584615376 ], [ -99.309961492307693, 19.954597323076932 ], [ -99.30993266153844, 19.954516046153792 ], [ -99.309903815384558, 19.954425723076881 ], [ -99.309874984615377, 19.954344446153758 ], [ -99.30987479999996, 19.954254076923114 ], [ -99.309874630769173, 19.954163723076899 ], [ -99.309845784615376, 19.9540734 ], [ -99.309807399999954, 19.953992138461466 ], [ -99.30978810769227, 19.9539018 ], [ -99.309749723076905, 19.953820538461532 ], [ -99.309730430769179, 19.953730215384613 ], [ -99.309682507692258, 19.953658 ], [ -99.309625, 19.953576769230803 ], [ -99.309567538461451, 19.953513615384562 ], [ -99.309500507692306, 19.953441446153782 ], [ -99.309423953846078, 19.95339638461542 ], [ -99.309356923076876, 19.953324215384615 ], [ -99.309280353846162, 19.953270123076916 ], [ -99.309232430769171, 19.953197923076864 ], [ -99.309184492307693, 19.953116676923074 ], [ -99.309136553846187, 19.953035430769173 ], [ -99.309069523076886, 19.952972292307734 ], [ -99.30902158461538, 19.952891046153823 ], [ -99.308983199999972, 19.952809769230832 ], [ -99.308935261538451, 19.952728523076917 ], [ -99.308944692307648, 19.952665261538488 ], [ -99.308925369230792, 19.952556846153751 ], [ -99.308886969230784, 19.952466553846211 ], [ -99.308867676923086, 19.952376215384614 ], [ -99.308829292307649, 19.952294953846202 ], [ -99.30881, 19.952204615384595 ], [ -99.308790707692282, 19.952114292307719 ], [ -99.308771430769184, 19.952023953846162 ], [ -99.308771246153768, 19.951933584615439 ], [ -99.308799738461474, 19.951843169230841 ], [ -99.308799553846171, 19.951743769230777 ], [ -99.308751599999951, 19.951662523076923 ], [ -99.308665476923068, 19.951599415384575 ], [ -99.308588907692254, 19.951545338461489 ], [ -99.308493292307688, 19.951518384615419 ], [ -99.30841673846146, 19.951464307692298 ], [ -99.308340184615389, 19.951410215384602 ], [ -99.308263615384575, 19.951356123076899 ], [ -99.308177507692292, 19.951302061538527 ], [ -99.308129630769187, 19.95125695384619 ], [ -99.308072138461469, 19.951175723076929 ], [ -99.308043338461459, 19.951112523076915 ], [ -99.307938076923051, 19.951040415384576 ], [ -99.307890153846159, 19.9509682 ], [ -99.307832661538441, 19.950886969230812 ], [ -99.307765646153882, 19.950823830769171 ], [ -99.307708153846065, 19.950751630769187 ], [ -99.307641138461477, 19.950688492307695 ], [ -99.307593199999971, 19.950607246153805 ], [ -99.307564369230747, 19.950525969230778 ], [ -99.307525984615381, 19.950444707692316 ], [ -99.307487584615373, 19.9503544 ], [ -99.307430107692255, 19.9502822153846 ], [ -99.307382184615406, 19.95021 ], [ -99.307334246153744, 19.950128753846176 ], [ -99.307305399999976, 19.950038446153798 ], [ -99.307276569230794, 19.949957153846199 ], [ -99.307295523076888, 19.949875800000047 ], [ -99.307314446153796, 19.949776369230783 ], [ -99.307323830769178, 19.949685984615396 ], [ -99.30732366153849, 19.949595615384606 ], [ -99.307342615384556, 19.949514246153775 ], [ -99.307390199999986, 19.94941476923081 ], [ -99.307390061538456, 19.949342476923118 ], [ -99.307409, 19.949252076923145 ], [ -99.307408830769205, 19.949161707692269 ], [ -99.307399092307705, 19.949071353846186 ], [ -99.307360692307668, 19.948981061538529 ], [ -99.307331846153758, 19.948890738461493 ], [ -99.307303061538491, 19.948827538461462 ], [ -99.307245523076887, 19.948728230769198 ], [ -99.307207230769166, 19.948692153846189 ], [ -99.307168892307644, 19.948638 ], [ -99.307101876923056, 19.948574861538546 ], [ -99.307034861538483, 19.948511723076905 ], [ -99.306958307692284, 19.94845763076917 ], [ -99.306862630769203, 19.948403569230774 ], [ -99.306776538461506, 19.948358538461484 ], [ -99.306680938461454, 19.948340630769177 ], [ -99.306585323076888, 19.948313692307703 ], [ -99.306470646153883, 19.94831387692307 ], [ -99.306375061538461, 19.948305015384612 ], [ -99.306279492307695, 19.948305184615375 ], [ -99.306183953846158, 19.948314384615411 ], [ -99.306088323076892, 19.948287430769213 ], [ -99.306002246153767, 19.948251430769226 ], [ -99.305944830769207, 19.948206353846185 ], [ -99.305906553846171, 19.948179307692286 ], [ -99.30587776923079, 19.948125138461499 ], [ -99.305849, 19.948070969230773 ], [ -99.305829784615369, 19.948016784615415 ], [ -99.305800953846173, 19.947935492307714 ], [ -99.30578175384619, 19.947890353846201 ], [ -99.305762538461479, 19.947836169230801 ], [ -99.305733723076855, 19.947763923076888 ], [ -99.30570496923076, 19.947718784615418 ], [ -99.305704876923059, 19.947664569230781 ], [ -99.305676092307664, 19.947610400000013 ], [ -99.305599507692278, 19.947538230769176 ], [ -99.305551584615372, 19.947466030769203 ], [ -99.305522769230762, 19.947393784615411 ], [ -99.305522630769161, 19.947321492307694 ], [ -99.305532076923058, 19.947258215384601 ], [ -99.305579738461489, 19.947194876923064 ], [ -99.305646523076888, 19.947140538461515 ], [ -99.305751507692278, 19.947068061538467 ], [ -99.305866092307667, 19.947022692307719 ], [ -99.305980507692269, 19.946886938461521 ], [ -99.305970784615354, 19.946796584615413 ], [ -99.306047061538465, 19.946706092307728 ], [ -99.306075523076842, 19.946597599999972 ], [ -99.306132630769184, 19.946480030769195 ], [ -99.306122846153784, 19.946362569230782 ], [ -99.306093799999985, 19.946163815384608 ], [ -99.306055369230748, 19.946064476923123 ], [ -99.305558769230785, 19.946237030769193 ], [ -99.305596799999989, 19.946128523076879 ], [ -99.305749523076869, 19.946037892307693 ], [ -99.305806707692255, 19.945956461538493 ], [ -99.305816169230752, 19.945911261538516 ], [ -99.305749123076865, 19.945830046153784 ], [ -99.305701230769188, 19.945775907692276 ], [ -99.305662938461452, 19.945739830769163 ], [ -99.305634153846157, 19.945676630769221 ], [ -99.305662723076864, 19.945631400000011 ], [ -99.305710446153867, 19.945595169230803 ], [ -99.305767676923082, 19.945540846153797 ], [ -99.305796169230803, 19.945450430769224 ], [ -99.305834199999964, 19.945350969230809 ], [ -99.305919984615386, 19.945233338461509 ], [ -99.306015415384593, 19.945160876923087 ], [ -99.306110892307672, 19.945115538461536 ], [ -99.306206338461479, 19.945061153846183 ], [ -99.306292292307674, 19.945033892307695 ], [ -99.306368615384585, 19.944961461538483 ], [ -99.306425846153786, 19.944907153846248 ], [ -99.306444799999966, 19.944825784615393 ], [ -99.306482923076871, 19.944771492307719 ], [ -99.30654970769227, 19.944717169230824 ], [ -99.306616538461483, 19.94468090769233 ], [ -99.306692923076852, 19.944653661538496 ], [ -99.30675978461538, 19.9446354769231 ], [ -99.306845707692275, 19.944590138461482 ], [ -99.306941169230754, 19.944535753846221 ], [ -99.306998384615369, 19.9444724 ], [ -99.306988723076884, 19.944418199999987 ], [ -99.307017292307663, 19.944363923076946 ], [ -99.307007646153778, 19.944318753846201 ], [ -99.306959846153759, 19.9443098 ], [ -99.306873799999977, 19.944291876923081 ], [ -99.306778169230782, 19.944255907692337 ], [ -99.306692092307671, 19.944219907692311 ], [ -99.306586876923078, 19.944165861538483 ], [ -99.306558092307668, 19.944111692307704 ], [ -99.306577030769176, 19.944021292307685 ], [ -99.306624784615337, 19.944003138461486 ], [ -99.306739338461483, 19.943939692307733 ], [ -99.306815707692294, 19.943903400000035 ], [ -99.306901646153776, 19.943867107692331 ], [ -99.30699721538457, 19.943866953846175 ], [ -99.307111923076903, 19.943884815384568 ], [ -99.307188430769187, 19.9439118 ], [ -99.307255369230759, 19.94393879999997 ], [ -99.307293646153866, 19.943965830769219 ], [ -99.307322507692291, 19.944065184615361 ], [ -99.307351323076873, 19.944137430769217 ], [ -99.30734187692309, 19.944200707692303 ], [ -99.307303738461442, 19.944245953846227 ], [ -99.307227353846187, 19.9442732 ], [ -99.307160507692274, 19.944300430769221 ], [ -99.307093676923088, 19.944336692307694 ], [ -99.3070842, 19.944372846153794 ], [ -99.307112938461472, 19.944408938461482 ], [ -99.307141646153767, 19.944426969230786 ], [ -99.30723724615379, 19.944453907692278 ], [ -99.307323353846172, 19.944498953846217 ], [ -99.307409476923056, 19.94456206153848 ], [ -99.307486030769169, 19.944616138461498 ], [ -99.307553030769157, 19.944670246153812 ], [ -99.307620030769172, 19.94472435384623 ], [ -99.307696599999971, 19.944787476923146 ], [ -99.307773123076885, 19.944823492307727 ], [ -99.307849661538469, 19.944868538461517 ], [ -99.307954846153763, 19.944904507692325 ], [ -99.308040923076874, 19.944940507692301 ], [ -99.308136553846154, 19.944976476923099 ], [ -99.308213076923096, 19.945012492307683 ], [ -99.308299123076864, 19.945030415384643 ], [ -99.308394707692287, 19.94503929230774 ], [ -99.308490261538452, 19.945039123076914 ], [ -99.308585830769218, 19.945038953846172 ], [ -99.308681384615383, 19.945038784615392 ], [ -99.308757892307653, 19.945065769230819 ], [ -99.308863030769189, 19.945074615384616 ], [ -99.308958646153869, 19.9451015692308 ], [ -99.309025538461455, 19.945101446153782 ], [ -99.309111569230765, 19.945110338461539 ], [ -99.30920716923076, 19.9451282461538 ], [ -99.309312323076881, 19.945146138461453 ], [ -99.309427015384586, 19.945154969230831 ], [ -99.309513030769153, 19.945163861538511 ], [ -99.309599076923092, 19.945181784615439 ], [ -99.309685169230775, 19.945226815384586 ], [ -99.309761723076889, 19.945280907692311 ], [ -99.3098478, 19.945316892307737 ], [ -99.309943353846165, 19.945307692307736 ], [ -99.310019676923091, 19.945244307692334 ], [ -99.310019507692274, 19.945153938461512 ], [ -99.310019323076872, 19.945063569230761 ], [ -99.309990492307662, 19.944982292307667 ], [ -99.30999032307686, 19.944891923076895 ], [ -99.309990138461458, 19.944801553846162 ], [ -99.309961307692276, 19.944711246153812 ], [ -99.309932476923052, 19.944629969230849 ], [ -99.309913184615382, 19.94453963076921 ], [ -99.309884338461458, 19.944449307692288 ], [ -99.309807784615359, 19.944395230769199 ], [ -99.309740769230743, 19.944332092307683 ], [ -99.30965467692306, 19.944287061538468 ], [ -99.309568584615377, 19.944242015384592 ], [ -99.309501584615361, 19.9441879230769 ], [ -99.309415476923107, 19.944142892307706 ], [ -99.309348446153791, 19.944070707692273 ], [ -99.309290984615373, 19.944007553846177 ], [ -99.3092239692308, 19.943944415384589 ], [ -99.309157030769171, 19.943917415384579 ], [ -99.309109092307679, 19.943836169230803 ], [ -99.309022923076881, 19.943755 ], [ -99.308974969230789, 19.943664707692299 ], [ -99.308974769230744, 19.943565307692346 ], [ -99.308936369230764, 19.943475015384564 ], [ -99.308907538461497, 19.943393723076916 ], [ -99.308830969230769, 19.943330600000024 ], [ -99.308792584615361, 19.943249338461477 ], [ -99.308744646153883, 19.943168092307719 ], [ -99.308687169230765, 19.943095907692303 ], [ -99.308639246153774, 19.943023692307655 ], [ -99.30861996923079, 19.942933353846183 ], [ -99.308648476923068, 19.942851984615366 ], [ -99.308705692307683, 19.942788630769218 ], [ -99.308734261538476, 19.94274338461539 ], [ -99.308820107692284, 19.942661907692337 ], [ -99.308896446153895, 19.94259852307691 ], [ -99.308944061538469, 19.942517107692264 ], [ -99.3089917076923, 19.942444738461539 ], [ -99.309010692307666, 19.94238144615386 ], [ -99.309039184615401, 19.942291030769162 ], [ -99.309039030769185, 19.942209707692289 ], [ -99.309029292307656, 19.942119353846234 ], [ -99.309000446153775, 19.942029030769195 ], [ -99.308952507692254, 19.941947784615397 ], [ -99.308866461538472, 19.941920830769192 ], [ -99.308770876923077, 19.941911953846191 ], [ -99.30867533846147, 19.94192115384622 ], [ -99.308579753846061, 19.941912292307705 ], [ -99.308512846153818, 19.941903369230818 ], [ -99.308417230769166, 19.941876430769192 ], [ -99.308312046153745, 19.941840461538494 ], [ -99.308216446153793, 19.941822553846208 ], [ -99.30812084615377, 19.941804646153791 ], [ -99.308044307692285, 19.941759600000044 ], [ -99.307948676923075, 19.941723615384603 ], [ -99.30787210769229, 19.941660492307701 ], [ -99.307805138461489, 19.941615430769204 ], [ -99.307719046153778, 19.941570384615414 ], [ -99.307652030769162, 19.941507246153776 ], [ -99.307575446153763, 19.941444123076884 ], [ -99.307518, 19.941380969230806 ], [ -99.307450953846171, 19.941308784615426 ], [ -99.307412615384592, 19.941245599999988 ], [ -99.307336030769164, 19.94117344615378 ], [ -99.307269, 19.941101261538495 ], [ -99.307230630769169, 19.941029030769201 ], [ -99.307192230769203, 19.940938738461515 ], [ -99.307144307692283, 19.940866523076906 ], [ -99.307048707692289, 19.940848615384606 ], [ -99.306991338461458, 19.940830646153803 ], [ -99.306943615384569, 19.940857830769204 ], [ -99.3068958, 19.940839846153825 ], [ -99.306828923076893, 19.940849 ], [ -99.306809846153783, 19.940867107692331 ], [ -99.306809723076896, 19.940803846153798 ], [ -99.306819184615392, 19.940749615384593 ], [ -99.306876538461481, 19.940758553846205 ], [ -99.30696246153849, 19.940722246153822 ], [ -99.307067553846153, 19.940704 ], [ -99.307124907692241, 19.940712938461502 ], [ -99.307201461538483, 19.940767030769209 ], [ -99.307335338461456, 19.940821015384564 ], [ -99.307335461538472, 19.940884261538503 ], [ -99.307249476923104, 19.940893446153794 ], [ -99.307268753846174, 19.940974753846174 ], [ -99.307335846153777, 19.941083076923064 ], [ -99.307431415384556, 19.941082907692305 ], [ -99.307488753846187, 19.941082815384597 ], [ -99.307498384615386, 19.941127969230774 ], [ -99.307460292307624, 19.941191292307725 ], [ -99.307527323076869, 19.941263476923115 ], [ -99.30757524615376, 19.941335692307678 ], [ -99.307642261538476, 19.941398830769209 ], [ -99.307718830769176, 19.941461953846218 ], [ -99.307804923076873, 19.941506984615433 ], [ -99.307881476923072, 19.941561076923122 ], [ -99.307967553846169, 19.941597061538442 ], [ -99.30805359999998, 19.941624030769194 ], [ -99.3081492, 19.941641938461544 ], [ -99.308244815384555, 19.941668876923089 ], [ -99.308340384615363, 19.941668707692305 ], [ -99.30841689230769, 19.941704723076949 ], [ -99.308522030769154, 19.941713584615417 ], [ -99.308617615384577, 19.941722446153811 ], [ -99.30871315384617, 19.941713246153821 ], [ -99.308799107692266, 19.94168598461544 ], [ -99.308885046153733, 19.941649692307681 ], [ -99.308980630769142, 19.941667600000024 ], [ -99.309076230769151, 19.941685507692299 ], [ -99.309162184615346, 19.941658246153786 ], [ -99.309257692307668, 19.9416309692308 ], [ -99.30935324615379, 19.941630815384581 ], [ -99.309448892307671, 19.941666784615386 ], [ -99.309534938461439, 19.941693753846192 ], [ -99.309601953846197, 19.941756892307723 ], [ -99.309678492307654, 19.941801938461502 ], [ -99.309774061538491, 19.941801769230793 ], [ -99.309869599999985, 19.941792569230813 ], [ -99.309965123076864, 19.941774323076896 ], [ -99.310051061538474, 19.941738030769219 ], [ -99.310127399999971, 19.941683676923113 ], [ -99.31022292307685, 19.941665430769248 ], [ -99.310308861538473, 19.941629138461479 ], [ -99.310394799999969, 19.941592846153814 ], [ -99.310490323076905, 19.9415746 ], [ -99.310585830769199, 19.941547323076907 ], [ -99.310671769230794, 19.941511030769231 ], [ -99.310757692307689, 19.941474738461494 ], [ -99.310843630769185, 19.94143843076921 ], [ -99.310939169230778, 19.941429230769227 ], [ -99.311034707692286, 19.941410984615384 ], [ -99.311120615384596, 19.941365661538548 ], [ -99.311206569230791, 19.941338400000049 ], [ -99.311302107692256, 19.941329199999974 ], [ -99.311397615384578, 19.941301923076896 ], [ -99.311473984615375, 19.941256600000013 ], [ -99.311569507692255, 19.941238353846199 ], [ -99.311665061538477, 19.941238184615379 ], [ -99.311760615384586, 19.941228984615389 ], [ -99.311856123076865, 19.941201707692297 ], [ -99.311932476923076, 19.941156384615429 ], [ -99.312008815384559, 19.941102030769201 ], [ -99.31210427692308, 19.94104764615382 ], [ -99.312161507692252, 19.940993323076906 ], [ -99.31222824615385, 19.940920923076899 ], [ -99.3123046, 19.940866569230806 ], [ -99.312380953846201, 19.940821246153828 ], [ -99.31242861538459, 19.940757907692287 ], [ -99.31251449230767, 19.940694507692296 ], [ -99.312581261538469, 19.940631123076908 ], [ -99.3126576, 19.940576769230788 ], [ -99.312733938461463, 19.940522415384638 ], [ -99.312800661538475, 19.940431938461497 ], [ -99.312848323076878, 19.940377630769245 ], [ -99.312915092307662, 19.9403142615385 ], [ -99.312981861538447, 19.940250876923102 ], [ -99.313058199999986, 19.940196523076899 ], [ -99.313134538461469, 19.940142169230786 ], [ -99.313201307692253, 19.940078800000041 ], [ -99.313277630769193, 19.9400154153846 ], [ -99.313334830769193, 19.939943015384607 ], [ -99.313401599999963, 19.939879646153816 ], [ -99.313468369230776, 19.939816261538507 ], [ -99.313525553846077, 19.939743876923103 ], [ -99.313582753846205, 19.939671476923071 ], [ -99.31364952307689, 19.939608107692337 ], [ -99.313725861538487, 19.939553753846202 ], [ -99.313783046153787, 19.939481353846254 ], [ -99.31385938461537, 19.939427 ], [ -99.313926153846182, 19.939363630769193 ], [ -99.313992923076867, 19.939300246153795 ], [ -99.314059692307666, 19.939236876923072 ], [ -99.314145584615375, 19.939182507692262 ], [ -99.314202830769176, 19.939137215384605 ], [ -99.314288723076899, 19.939082846153806 ], [ -99.314355507692255, 19.939028507692296 ], [ -99.314422292307654, 19.938974169230804 ], [ -99.314508215384592, 19.938928830769221 ], [ -99.314603692307671, 19.938892523076881 ], [ -99.314689615384566, 19.938847184615412 ], [ -99.314775523076889, 19.938801846153808 ], [ -99.314851892307672, 19.938756538461512 ], [ -99.314918692307685, 19.938711230769147 ], [ -99.315014169230778, 19.938674907692327 ], [ -99.315100076923088, 19.938620538461496 ], [ -99.315166830769158, 19.938557169230844 ], [ -99.315252753846153, 19.938511830769201 ], [ -99.315329092307692, 19.938457476923094 ], [ -99.315415015384573, 19.938421169230821 ], [ -99.315500938461454, 19.938375846153789 ], [ -99.315586861538478, 19.93833953846147 ], [ -99.315634538461438, 19.9382852307692 ], [ -99.315701307692251, 19.938221861538494 ], [ -99.315787169230774, 19.938149415384597 ], [ -99.315930323076884, 19.938058800000022 ], [ -99.315958892307677, 19.938013553846226 ], [ -99.315977861538443, 19.937941230769201 ], [ -99.315977723076855, 19.937868938461467 ], [ -99.315967953846169, 19.937760523076918 ], [ -99.315977323076837, 19.93767013846152 ], [ -99.316063323076847, 19.937669984615386 ], [ -99.316111015384593, 19.937624707692301 ], [ -99.316091815384567, 19.937579569230774 ], [ -99.31603444615385, 19.937561599999956 ], [ -99.316043907692247, 19.937516400000014 ], [ -99.316101169230777, 19.937480138461492 ], [ -99.316168015384591, 19.937452923076897 ], [ -99.316187015384585, 19.937398661538495 ], [ -99.31622510769229, 19.937335338461516 ], [ -99.316253630769197, 19.937263 ], [ -99.316291723076887, 19.937190630769219 ], [ -99.316320246153879, 19.937118292307709 ], [ -99.316386969230791, 19.93703684615382 ], [ -99.316406015384587, 19.937000661538484 ], [ -99.316386784615361, 19.93694647692309 ], [ -99.316300784615379, 19.936946630769199 ], [ -99.31624336923079, 19.936901553846202 ], [ -99.316195476923056, 19.936847415384584 ], [ -99.316109399999974, 19.936811415384568 ], [ -99.31601383076918, 19.936802553846189 ], [ -99.31592773846144, 19.936757523076935 ], [ -99.315860723076881, 19.936694384615393 ], [ -99.315803230769191, 19.9366222 ], [ -99.315745753846187, 19.93655 ], [ -99.315697815384539, 19.936468753846228 ], [ -99.315659430769159, 19.936387492307713 ], [ -99.315621046153865, 19.936306230769237 ], [ -99.315601753846153, 19.936215907692326 ], [ -99.315592030769167, 19.936125553846228 ], [ -99.315582292307667, 19.936035199999989 ], [ -99.315582107692251, 19.93594484615377 ], [ -99.315620169230783, 19.935863446153778 ], [ -99.315658261538474, 19.935800123076895 ], [ -99.31563893846149, 19.935691707692282 ], [ -99.315610153846194, 19.935628507692289 ], [ -99.315619476923075, 19.935511015384598 ], [ -99.315600184615377, 19.935420676923108 ], [ -99.315552292307643, 19.935366553846215 ], [ -99.31548527692307, 19.935303415384556 ], [ -99.315389599999975, 19.935240323076897 ], [ -99.315332123076871, 19.935168138461528 ], [ -99.315284184615379, 19.935086892307691 ], [ -99.315245799999957, 19.935005630769208 ], [ -99.315188338461482, 19.93494247692313 ], [ -99.315111815384597, 19.934906461538489 ], [ -99.315082984615358, 19.934825184615381 ], [ -99.315082892307686, 19.93478 ], [ -99.315149799999972, 19.934788907692305 ], [ -99.315264584615363, 19.934842938461514 ], [ -99.315321984615366, 19.934878969230844 ], [ -99.315360307692259, 19.934924092307696 ], [ -99.315408169230764, 19.934969184615433 ], [ -99.315484692307678, 19.935005199999981 ], [ -99.315542061538466, 19.935023169230799 ], [ -99.315618615384579, 19.935077261538506 ], [ -99.31569518461535, 19.935140369230805 ], [ -99.315819584615369, 19.935230523076907 ], [ -99.31589604615391, 19.935239415384569 ], [ -99.315905723076881, 19.935302661538532 ], [ -99.315925, 19.935383953846166 ], [ -99.315963399999987, 19.935474261538502 ], [ -99.315992230769155, 19.93555553846149 ], [ -99.316059261538499, 19.935627707692291 ], [ -99.316107184615376, 19.935699923076861 ], [ -99.316136030769172, 19.935790230769172 ], [ -99.316155307692242, 19.935871523076894 ], [ -99.316193707692278, 19.935961830769209 ], [ -99.316251184615382, 19.936034015384589 ], [ -99.316308553846198, 19.936051984615393 ], [ -99.316394753846168, 19.936151230769187 ], [ -99.316490307692277, 19.936142030769219 ], [ -99.316585861538485, 19.936141861538527 ], [ -99.316681430769165, 19.936150723076913 ], [ -99.316719492307641, 19.936069323076929 ], [ -99.316719307692281, 19.935978969230817 ], [ -99.316738246153776, 19.935888569230801 ], [ -99.316785876923106, 19.935816184615376 ], [ -99.316804815384586, 19.935725784615414 ], [ -99.316795076923086, 19.935635430769207 ], [ -99.316814, 19.935545030769202 ], [ -99.316899938461475, 19.935508738461515 ], [ -99.316995507692297, 19.9355176 ], [ -99.31708147692305, 19.935499369230779 ], [ -99.317148230769178, 19.935426969230832 ], [ -99.317205415384578, 19.935354569230821 ], [ -99.317281753846061, 19.935300215384611 ], [ -99.317377276923054, 19.9352819692308 ], [ -99.317453615384537, 19.935227615384623 ], [ -99.317491676923069, 19.935146215384584 ], [ -99.317529723076916, 19.935064815384617 ], [ -99.317606061538484, 19.935010461538511 ], [ -99.317701630769193, 19.935010292307695 ], [ -99.317797169230801, 19.935001076923118 ], [ -99.317883107692282, 19.934973815384584 ], [ -99.317959446153765, 19.934919461538506 ], [ -99.318093138461506, 19.934874030769215 ], [ -99.318093323076852, 19.9349644 ], [ -99.318074353846157, 19.93503672307693 ], [ -99.318045846153865, 19.935118107692311 ], [ -99.317988661538479, 19.935190507692322 ], [ -99.317883615384559, 19.93522684615381 ], [ -99.317797753846179, 19.935299292307704 ], [ -99.317750123076863, 19.935371661538539 ], [ -99.317712030769158, 19.935434984615426 ], [ -99.317673969230754, 19.935516384615404 ], [ -99.317597646153772, 19.935579784615399 ], [ -99.317540446153799, 19.93564313846149 ], [ -99.31748324615377, 19.935715538461526 ], [ -99.31745475384605, 19.935796923076893 ], [ -99.317416707692246, 19.935887353846198 ], [ -99.317397753846194, 19.935968707692275 ], [ -99.317445692307658, 19.936049953846236 ], [ -99.317503199999962, 19.936131184615434 ], [ -99.317570184615363, 19.936185292307691 ], [ -99.317646738461477, 19.936239369230769 ], [ -99.317713784615393, 19.936311538461489 ], [ -99.31778079999998, 19.936374676923108 ], [ -99.317828738461486, 19.936455923076899 ], [ -99.317924276923065, 19.936446723076873 ], [ -99.318010261538447, 19.936437523076908 ], [ -99.318105892307699, 19.936473507692305 ], [ -99.318172907692258, 19.936536630769208 ], [ -99.318249446153786, 19.936581676923115 ], [ -99.318326, 19.936635769230818 ], [ -99.318421599999965, 19.936653661538493 ], [ -99.31850767692309, 19.93668966153853 ], [ -99.318593784615388, 19.936743723076884 ], [ -99.318622630769184, 19.936834046153777 ], [ -99.318708646153837, 19.936842923076885 ], [ -99.318842369230794, 19.936815569230784 ], [ -99.318928446153791, 19.936851569230821 ], [ -99.319005, 19.936905646153779 ], [ -99.319100569230756, 19.936905476923108 ], [ -99.319186646153767, 19.936941461538495 ], [ -99.319272692307692, 19.936968430769198 ], [ -99.319368261538472, 19.936968246153768 ], [ -99.31946379999998, 19.936959046153827 ], [ -99.319549723076889, 19.936922738461529 ], [ -99.319645276923069, 19.936922569230777 ], [ -99.319731307692294, 19.936931446153807 ], [ -99.319817307692304, 19.93693129230769 ], [ -99.319922415384596, 19.936931107692324 ], [ -99.320017969230776, 19.936930938461487 ], [ -99.320113538461484, 19.936930769230766 ], [ -99.320209107692293, 19.936939630769178 ], [ -99.320314261538456, 19.93695750769233 ], [ -99.320390784615398, 19.936993523076904 ], [ -99.320486338461492, 19.93699335384623 ], [ -99.320581876923072, 19.936984138461508 ], [ -99.3206774, 19.936965892307725 ], [ -99.320763384615347, 19.936956707692282 ], [ -99.32085893846147, 19.936956523076919 ], [ -99.320954492307678, 19.936956353846174 ], [ -99.321040461538459, 19.936938123076956 ], [ -99.321145538461479, 19.936919861538495 ], [ -99.321241076923044, 19.936910661538537 ], [ -99.321336599999952, 19.936892415384619 ], [ -99.321422584615377, 19.936883215384615 ], [ -99.321518138461485, 19.936883046153795 ], [ -99.321613707692279, 19.936882876923121 ], [ -99.321709261538473, 19.936882692307673 ], [ -99.321804815384553, 19.936882523076889 ], [ -99.32190043076919, 19.936909461538505 ], [ -99.321996015384599, 19.936918323076899 ], [ -99.32209158461535, 19.936927184615367 ], [ -99.322187138461473, 19.936927015384583 ], [ -99.322282707692253, 19.936926846153828 ], [ -99.322378338461476, 19.936962815384621 ], [ -99.322464338461472, 19.936962661538466 ], [ -99.322550430769155, 19.93700769230767 ], [ -99.322636507692238, 19.937043676923111 ], [ -99.322722599999963, 19.93708870769229 ], [ -99.322799153846077, 19.937142784615379 ], [ -99.322885230769174, 19.937178769230783 ], [ -99.322980830769154, 19.93719667692308 ], [ -99.323076399999977, 19.937205538461455 ], [ -99.323171938461471, 19.937196323076883 ], [ -99.323257892307637, 19.937169061538498 ], [ -99.323353461538488, 19.937177923076884 ], [ -99.323430015384588, 19.937232 ], [ -99.323516123076843, 19.937277030769213 ], [ -99.32357359999996, 19.937349215384621 ], [ -99.32357372307689, 19.937412476923061 ], [ -99.32361198461534, 19.937430476923133 ], [ -99.323697953846093, 19.937412246153805 ], [ -99.3237934307692, 19.937375923076939 ], [ -99.323879353846166, 19.937330584615427 ], [ -99.323965307692276, 19.937312353846178 ], [ -99.324060815384584, 19.937285076923104 ], [ -99.324146738461437, 19.937248769230838 ], [ -99.324232692307675, 19.937221507692339 ], [ -99.324328230769169, 19.937212292307748 ], [ -99.324423738461462, 19.937185015384621 ], [ -99.324519261538498, 19.937166753846167 ], [ -99.324614799999949, 19.937157553846173 ], [ -99.324672076923079, 19.937130338461525 ], [ -99.324767599999973, 19.937112092307665 ], [ -99.324872630769178, 19.937075753846198 ], [ -99.324968138461443, 19.937048461538467 ], [ -99.325044569230798, 19.937039292307677 ], [ -99.325130507692265, 19.937012015384614 ], [ -99.325216461538488, 19.936984753846183 ], [ -99.325311984615354, 19.936966507692325 ], [ -99.325407523076876, 19.936957292307689 ], [ -99.325493492307658, 19.936939061538489 ], [ -99.325588984615365, 19.936911784615425 ], [ -99.325665323076876, 19.936857415384615 ], [ -99.32573207692306, 19.93679404615381 ], [ -99.325808399999985, 19.936730646153809 ], [ -99.325884753846154, 19.936685323076905 ], [ -99.325961123076866, 19.936649030769207 ], [ -99.326046969230774, 19.936567553846228 ], [ -99.326104199999989, 19.936522261538503 ], [ -99.326170938461445, 19.936449846153778 ], [ -99.326247276923056, 19.936395476923138 ], [ -99.326294969230787, 19.9363502153846 ], [ -99.3263426, 19.936277830769207 ], [ -99.326390246153792, 19.936214492307691 ], [ -99.326447430769193, 19.936142092307701 ], [ -99.326504599999964, 19.936060661538477 ], [ -99.32653309230767, 19.935979276923089 ], [ -99.32655203076915, 19.935888876923123 ], [ -99.32658047692307, 19.935780384615384 ], [ -99.326551615384588, 19.935690061538544 ], [ -99.326561, 19.935608723076896 ], [ -99.326560815384525, 19.935518353846199 ], [ -99.326560630769166, 19.935427984615437 ], [ -99.326560446153749, 19.935337615384579 ], [ -99.326522046153855, 19.935247323076933 ], [ -99.326474107692277, 19.93517512307692 ], [ -99.32638801538458, 19.935130092307698 ], [ -99.326301969230741, 19.9351031384615 ], [ -99.326206430769176, 19.935112353846161 ], [ -99.326110861538453, 19.935112523076896 ], [ -99.326015261538473, 19.935085600000011 ], [ -99.325919630769164, 19.935049630769214 ], [ -99.32588127692307, 19.934986430769182 ], [ -99.325919399999961, 19.934941184615397 ], [ -99.325995753846215, 19.934895861538465 ], [ -99.326062538461485, 19.934841523076898 ], [ -99.326129230769141, 19.934751030769227 ], [ -99.326138630769165, 19.9346696769231 ], [ -99.326138446153777, 19.934579323076882 ], [ -99.326119153846122, 19.934498015384634 ], [ -99.326080753846171, 19.934407723076895 ], [ -99.326061461538444, 19.9343174 ], [ -99.326051738461459, 19.934236076923089 ], [ -99.326042, 19.934145738461513 ], [ -99.326003584615364, 19.934055446153835 ], [ -99.325974753846154, 19.933974169230844 ], [ -99.32595546153847, 19.933883830769219 ], [ -99.3259361538462, 19.933793507692318 ], [ -99.325897769230764, 19.933712246153796 ], [ -99.325821199999965, 19.933649123076911 ], [ -99.325754199999977, 19.933595030769197 ], [ -99.325715799999969, 19.93351376923081 ], [ -99.325706061538455, 19.93342341538461 ], [ -99.325629492307669, 19.933360307692279 ], [ -99.325600661538473, 19.933279030769228 ], [ -99.3255718, 19.933188707692317 ], [ -99.325542969230753, 19.933107430769201 ], [ -99.325523676923055, 19.933017107692319 ], [ -99.32548529230769, 19.932935846153779 ], [ -99.325427799999972, 19.932863661538523 ], [ -99.325398953846175, 19.932773338461491 ], [ -99.325398769230787, 19.932682984615404 ], [ -99.325389030769202, 19.932592630769236 ], [ -99.325369738461447, 19.932502292307703 ], [ -99.325274138461452, 19.932484400000043 ], [ -99.325245292307656, 19.932394092307717 ], [ -99.325292923076859, 19.93232170769231 ], [ -99.325311846153852, 19.932231307692312 ], [ -99.325292553846168, 19.932140969230801 ], [ -99.325244615384563, 19.932068769230813 ], [ -99.325206215384597, 19.931978476923089 ], [ -99.325148738461451, 19.931906276923087 ], [ -99.325129569230782, 19.931879215384615 ], [ -99.325081630769191, 19.931797969230828 ], [ -99.325005061538462, 19.931743892307679 ], [ -99.324938030769189, 19.931671723076921 ], [ -99.324890107692283, 19.931599507692287 ], [ -99.324880369230755, 19.931509169230832 ], [ -99.324889738461451, 19.931418784615357 ], [ -99.32488, 19.931328430769202 ], [ -99.324851153846154, 19.931238123076913 ], [ -99.324831846153756, 19.93114778461543 ], [ -99.324803015384575, 19.931066507692293 ], [ -99.324812384615399, 19.930976123076924 ], [ -99.324879153846183, 19.930912753846229 ], [ -99.324945892307653, 19.930840338461497 ], [ -99.324955276923049, 19.930758984615444 ], [ -99.325041184615387, 19.930713646153809 ], [ -99.325098369230744, 19.930641246153851 ], [ -99.32512686153845, 19.930559861538491 ], [ -99.32514579999993, 19.930469461538529 ], [ -99.325117061538464, 19.930433369230791 ], [ -99.325078707692285, 19.930370184615398 ], [ -99.325116815384604, 19.930315892307686 ], [ -99.32518372307689, 19.930324800000051 ], [ -99.325269799999958, 19.93036080000001 ], [ -99.325365369230738, 19.930369661538524 ], [ -99.325441815384579, 19.930369523076887 ], [ -99.325556384615354, 19.930324123076936 ], [ -99.325642307692277, 19.930287815384592 ], [ -99.325718646153774, 19.930233461538524 ], [ -99.325785415384587, 19.930179123076886 ], [ -99.325861723076869, 19.930115723076909 ], [ -99.325928492307668, 19.93005233846149 ], [ -99.325995246153738, 19.929988969230809 ], [ -99.326062, 19.929925584615415 ], [ -99.32611924615388, 19.929880292307711 ], [ -99.326214723076873, 19.929843969230781 ], [ -99.326291046153784, 19.9297896153846 ], [ -99.326357861538455, 19.929753353846177 ], [ -99.326443769230764, 19.929708 ], [ -99.326510523076891, 19.929644630769193 ], [ -99.326586861538473, 19.9295902615385 ], [ -99.326672769230768, 19.929544923076865 ], [ -99.326758707692278, 19.929517661538515 ], [ -99.326844615384559, 19.929472323076912 ], [ -99.32692098461537, 19.929436030769185 ], [ -99.327006907692294, 19.929399723076887 ], [ -99.327083199999976, 19.929327292307715 ], [ -99.327159538461487, 19.929272923076887 ], [ -99.327226292307685, 19.929209553846192 ], [ -99.327293046153756, 19.929146169230815 ], [ -99.327369399999967, 19.929100846153801 ], [ -99.327455323076862, 19.929064538461478 ], [ -99.327541230769185, 19.929019199999981 ], [ -99.327627123076866, 19.92897386153852 ], [ -99.327703461538476, 19.928919492307685 ], [ -99.327779815384559, 19.928874169230845 ], [ -99.327846569230772, 19.9288108 ], [ -99.327913307692256, 19.928738384615365 ], [ -99.327970492307685, 19.928665984615442 ], [ -99.328037246153897, 19.928602600000023 ], [ -99.328084876923114, 19.928530215384605 ], [ -99.328142046153758, 19.928457815384629 ], [ -99.32818966153846, 19.9283764 ], [ -99.32824684615376, 19.928304 ], [ -99.328323169230771, 19.928249646153812 ], [ -99.328389907692255, 19.928177230769187 ], [ -99.328456661538482, 19.928113846153789 ], [ -99.328513846153768, 19.928041446153784 ], [ -99.32856146153847, 19.927960030769185 ], [ -99.328637676923066, 19.927851446153785 ], [ -99.328675876923057, 19.92784233846146 ], [ -99.328733323076875, 19.927896461538484 ], [ -99.328847969230779, 19.927887200000018 ], [ -99.328914723076892, 19.927823830769164 ], [ -99.328962307692251, 19.927733369230811 ], [ -99.329000369230783, 19.927651969230787 ], [ -99.329000169230753, 19.9275616 ], [ -99.328999984615365, 19.927471246153839 ], [ -99.32899024615385, 19.92738089230771 ], [ -99.328999615384561, 19.927290507692327 ], [ -99.328999430769187, 19.927200138461473 ], [ -99.329008799999954, 19.927109753846235 ], [ -99.329027723076891, 19.927019353846202 ], [ -99.329037092307658, 19.926928969230794 ], [ -99.329084707692289, 19.926856584615408 ], [ -99.329122753846065, 19.92676615384617 ], [ -99.329141692307658, 19.926684784615375 ], [ -99.329160615384581, 19.926594384615363 ], [ -99.329189092307672, 19.926503969230801 ], [ -99.329217584615407, 19.926422584615452 ], [ -99.329236507692258, 19.926332184615383 ], [ -99.329255430769194, 19.926241784615389 ], [ -99.329274430769175, 19.926187523076898 ], [ -99.329283799999956, 19.926097138461525 ], [ -99.329293169230766, 19.926006753846188 ], [ -99.329292984615392, 19.9259164 ], [ -99.3292928, 19.925826030769162 ], [ -99.329292599999945, 19.925735661538496 ], [ -99.32927330769229, 19.925645338461514 ], [ -99.32926356923079, 19.925554984615363 ], [ -99.329244292307706, 19.92547369230773 ], [ -99.329234553846092, 19.925383338461511 ], [ -99.329234353846118, 19.925292969230778 ], [ -99.329224615384547, 19.925202630769224 ], [ -99.329224430769131, 19.925112261538487 ], [ -99.329224246153771, 19.925021892307743 ], [ -99.329233615384567, 19.924931507692325 ], [ -99.329242984615362, 19.924841123076874 ], [ -99.32926190769227, 19.924750723076926 ], [ -99.329290399999948, 19.924669338461548 ], [ -99.329299861538473, 19.924624138461507 ], [ -99.329271107692264, 19.924579015384619 ], [ -99.32919452307685, 19.924515892307728 ], [ -99.329165676923054, 19.924425584615413 ], [ -99.32912727692306, 19.924335292307667 ], [ -99.329117569230789, 19.924263015384604 ], [ -99.329107830769175, 19.924172661538488 ], [ -99.329107630769172, 19.924082292307723 ], [ -99.329107446153799, 19.923991938461487 ], [ -99.329097707692299, 19.9239015846154 ], [ -99.329097523076854, 19.923811215384635 ], [ -99.329097338461466, 19.923720846153806 ], [ -99.329078030769168, 19.92363052307687 ], [ -99.329068292307696, 19.92354016923078 ], [ -99.329039446153772, 19.923449861538497 ], [ -99.329001092307678, 19.923386676923116 ], [ -99.3289436, 19.92330544615379 ], [ -99.328886153846184, 19.923251338461537 ], [ -99.328809584615385, 19.923188215384616 ], [ -99.328723507692274, 19.923152230769201 ], [ -99.328618307692253, 19.923107246153805 ], [ -99.328541830769183, 19.923089307692322 ], [ -99.328455753846185, 19.923044292307715 ], [ -99.32836966153846, 19.922999261538486 ], [ -99.328302753846074, 19.922990353846185 ], [ -99.328197538461453, 19.922936323076915 ], [ -99.328111476923056, 19.922900338461492 ], [ -99.328034923076856, 19.922846261538517 ], [ -99.327824523076885, 19.922756276923142 ], [ -99.327834030769154, 19.922729153846177 ], [ -99.327920030769178, 19.922738030769217 ], [ -99.327967815384554, 19.922737938461527 ], [ -99.328053846153779, 19.922755861538491 ], [ -99.328168553846169, 19.922782753846228 ], [ -99.328254615384552, 19.922809707692263 ], [ -99.328331169230751, 19.922863784615377 ], [ -99.328417215384576, 19.922890738461493 ], [ -99.328464984615323, 19.922890646153814 ], [ -99.32851273846147, 19.922881523076889 ], [ -99.328608323076864, 19.922899415384595 ], [ -99.328703923076873, 19.922917323076902 ], [ -99.328799507692267, 19.922935215384602 ], [ -99.32889515384619, 19.922980215384619 ], [ -99.328981246153802, 19.923034276923122 ], [ -99.329048169230788, 19.923052230769212 ], [ -99.32915323076918, 19.923024923076913 ], [ -99.329248753846215, 19.923015707692308 ], [ -99.329344261538466, 19.922997461538522 ], [ -99.329411092307694, 19.92297023076917 ], [ -99.329506538461473, 19.922915830769181 ], [ -99.329573353846143, 19.922888599999986 ], [ -99.32960184615375, 19.922798184615399 ], [ -99.329620753846186, 19.922707769230808 ], [ -99.32965881538459, 19.92262636923083 ], [ -99.329687307692254, 19.922545 ], [ -99.329706292307662, 19.922481707692285 ], [ -99.329753907692265, 19.922409323076899 ], [ -99.329801523076853, 19.922327907692296 ], [ -99.329858692307681, 19.922255507692334 ], [ -99.329925446153879, 19.922192123076879 ], [ -99.329982630769166, 19.922119723076911 ], [ -99.330020676923112, 19.92203832307688 ], [ -99.330049153846076, 19.921947907692289 ], [ -99.330068076923069, 19.921857507692348 ], [ -99.330096569230761, 19.921776123076913 ], [ -99.330125046153867, 19.921685692307705 ], [ -99.330134415384563, 19.921595307692286 ], [ -99.330162923076855, 19.921513938461512 ], [ -99.330200969230773, 19.921432538461513 ], [ -99.330229446153851, 19.92134210769229 ], [ -99.330286615384566, 19.921269707692293 ], [ -99.3303151230769, 19.921188323076944 ], [ -99.330381846153784, 19.921115907692283 ], [ -99.330486876923075, 19.921079569230798 ], [ -99.330553676923074, 19.921034261538505 ], [ -99.330563030769156, 19.920943876923115 ], [ -99.330572415384552, 19.920862538461439 ], [ -99.3306008769231, 19.920763076923116 ], [ -99.330648461538459, 19.920672615384586 ], [ -99.330724846153785, 19.920645369230812 ], [ -99.330839492307689, 19.920636123076903 ], [ -99.330925507692257, 19.920645 ], [ -99.331021061538493, 19.920653861538518 ], [ -99.331107092307676, 19.920671769230815 ], [ -99.33120267692307, 19.920689661538507 ], [ -99.331298246153779, 19.920698523076943 ], [ -99.331393861538473, 19.92072544615376 ], [ -99.331489446153867, 19.920743353846177 ], [ -99.331584953846047, 19.920725092307695 ], [ -99.331680523076869, 19.920733953846177 ], [ -99.331776030769191, 19.920715707692278 ], [ -99.331861984615358, 19.920697476923095 ], [ -99.331938353846155, 19.920661184615405 ], [ -99.331976553846062, 19.920652076923105 ], [ -99.332033876923106, 19.920651969230804 ], [ -99.332110261538475, 19.920624707692316 ], [ -99.332177107692246, 19.920606523076941 ], [ -99.332272553846181, 19.920561153846183 ], [ -99.332348876923092, 19.920506784615441 ], [ -99.332434784615401, 19.920461446153784 ], [ -99.332511107692241, 19.920407092307688 ], [ -99.332558769230772, 19.920352769230799 ], [ -99.332663799999978, 19.920316430769212 ], [ -99.332749738461459, 19.920289169230781 ], [ -99.332845276923081, 19.920288984615386 ], [ -99.332931261538477, 19.920279784615389 ], [ -99.333036338461483, 19.920270553846166 ], [ -99.33311272307688, 19.920243292307678 ], [ -99.333208184615373, 19.920206969230833 ], [ -99.333294107692268, 19.920170661538528 ], [ -99.333323338461454, 19.920149843010012 ], [ -99.333323338461454, 19.920141461538513 ], [ -99.3333235672672, 19.920139334624956 ], [ -99.333324243213681, 19.920137305041635 ], [ -99.33332463768167, 19.920136640689503 ], [ -99.333326475726892, 19.920135331610233 ], [ -99.333328202027275, 19.920134344824461 ], [ -99.333330089443365, 19.920133719109199 ], [ -99.333332063349403, 19.92013347920399 ], [ -99.333334045699672, 19.920133634594691 ], [ -99.333335958115143, 19.920134179137079 ], [ -99.333337724981476, 19.920135091300885 ], [ -99.333339276439176, 19.920136335020388 ], [ -99.333340360624476, 19.920137633025227 ], [ -99.333473046153756, 19.92006529230769 ], [ -99.333612076923089, 19.920038369230763 ], [ -99.333743892307695, 19.92007369230766 ], [ -99.333800646153804, 19.920224815384575 ], [ -99.333801030769166, 19.920402753846165 ], [ -99.333801292307683, 19.920527338461483 ], [ -99.333886261538467, 19.920660630769184 ], [ -99.33394318461535, 19.920891800000017 ], [ -99.333906061538443, 19.921141 ], [ -99.333887461538481, 19.92123 ], [ -99.333813384615354, 19.921817338461526 ], [ -99.333842876923057, 19.922404430769223 ], [ -99.333852661538472, 19.922591261538471 ], [ -99.333693230769185, 19.922831769230818 ], [ -99.333599353846182, 19.922929830769188 ], [ -99.333338757062791, 19.923023558800896 ], [ -99.33333875383866, 19.923026196836837 ], [ -99.333338560001792, 19.923028144031917 ], [ -99.333337990673186, 19.92303001619819 ], [ -99.333337067653375, 19.923031741647826 ], [ -99.333335826286159, 19.923033254310717 ], [ -99.333334314105244, 19.923034496265029 ], [ -99.333332589014063, 19.923035419954417 ], [ -99.333332518988072, 19.923035441279101 ], [ -99.333331063005275, 19.923035245366499 ], [ -99.333329250248354, 19.923034633836782 ], [ -99.333327587122398, 19.923033688285127 ], [ -99.333326134498577, 19.923032443318995 ], [ -99.333324945543851, 19.923030944505211 ], [ -99.333324063774754, 19.923029246700931 ], [ -99.333323521464379, 19.923027412046789 ], [ -99.333323404339652, 19.923026193229656 ], [ -99.333309646153864, 19.923026215384574 ], [ -99.333261830769189, 19.923008230769206 ], [ -99.333214, 19.92298121538461 ], [ -99.333128092307689, 19.923017523076933 ], [ -99.333032630769196, 19.923062876923119 ], [ -99.332956292307642, 19.923108215384591 ], [ -99.332879923076845, 19.923144492307731 ], [ -99.332851353846152, 19.923189738461513 ], [ -99.332822738461459, 19.923216907692296 ], [ -99.332736846153765, 19.923262246153854 ], [ -99.332641307692299, 19.923271461538512 ], [ -99.3325458, 19.923289707692319 ], [ -99.332469461538508, 19.923335030769216 ], [ -99.332373969230801, 19.923362323076901 ], [ -99.332326338461471, 19.923434707692294 ], [ -99.332278615384581, 19.923461907692293 ], [ -99.332240476923062, 19.923498123076925 ], [ -99.332211892307669, 19.923534323076943 ], [ -99.332240630769206, 19.923570415384599 ], [ -99.332269307692258, 19.923579399999987 ], [ -99.33232666153846, 19.923588323076899 ], [ -99.332422169230782, 19.923570076923127 ], [ -99.332488938461481, 19.923515738461507 ], [ -99.332565261538491, 19.923461369230797 ], [ -99.332641569230788, 19.923397969230816 ], [ -99.332717907692285, 19.923343615384603 ], [ -99.33280381538458, 19.923307307692319 ], [ -99.332880169230791, 19.923261969230808 ], [ -99.332966061538485, 19.923216630769186 ], [ -99.333051984615381, 19.92318032307686 ], [ -99.333118892307667, 19.923189230769182 ], [ -99.333224, 19.923189046153798 ], [ -99.333323338461469, 19.923163222227405 ], [ -99.333323338461469, 19.923161169230792 ], [ -99.3333235186021, 19.923159279690662 ], [ -99.333324052533882, 19.923157458227195 ], [ -99.333324921020179, 19.923155770464234 ], [ -99.333326092771074, 19.92315427720861 ], [ -99.333327525570581, 19.923153032259609 ], [ -99.333329167797686, 19.923152080470494 ], [ -99.333329914148976, 19.923151820510327 ], [ -99.333330548360465, 19.923151851936606 ], [ -99.333332506600485, 19.923152356281069 ], [ -99.333334323340566, 19.923153244269411 ], [ -99.333335924292996, 19.92315447959092 ], [ -99.333337243993455, 19.92315601173263 ], [ -99.33333822847888, 19.9231577780441 ], [ -99.333338837492789, 19.923159706299685 ], [ -99.333338849281759, 19.923159819949984 ], [ -99.333479492307703, 19.92312538461541 ], [ -99.33367769230766, 19.923055 ], [ -99.333953861538461, 19.92297378461539 ], [ -99.334078553846197, 19.922947369230791 ], [ -99.334345092307657, 19.922838753846182 ], [ -99.334563307692292, 19.922785923076869 ], [ -99.33470178461539, 19.922746338461526 ], [ -99.33484372307683, 19.922674 ], [ -99.334926138461469, 19.922604169230794 ], [ -99.334985476923052, 19.922519784615432 ], [ -99.335004646153777, 19.922454246153826 ], [ -99.335012753846172, 19.922323169230811 ], [ -99.334991784615383, 19.922218384615377 ], [ -99.334963846153784, 19.9221266923077 ], [ -99.334919461538476, 19.922012969230835 ], [ -99.33491126153848, 19.921832492307718 ], [ -99.334898061538482, 19.921742984615395 ], [ -99.334880599999963, 19.9215630615385 ], [ -99.334900076923063, 19.921319738461488 ], [ -99.334916938461461, 19.921116323076898 ], [ -99.334963861538455, 19.920941123076947 ], [ -99.334999292307657, 19.92081652307693 ], [ -99.33501573846145, 19.920674923076877 ], [ -99.335059784615339, 19.920552507692292 ], [ -99.3350116, 19.920433046153807 ], [ -99.334984799999987, 19.92032926153847 ], [ -99.335002630769154, 19.920150738461519 ], [ -99.334984415384568, 19.919970892307688 ], [ -99.335023307692296, 19.919797169230794 ], [ -99.334946446153879, 19.919633569230786 ], [ -99.334961784615373, 19.919506400000014 ], [ -99.334939769230758, 19.919411600000014 ], [ -99.334895553846195, 19.919106553846184 ], [ -99.334851246153761, 19.918793276923108 ], [ -99.33482481538455, 19.9186655076923 ], [ -99.334820076923023, 19.918484107692311 ], [ -99.334911430769154, 19.91839784615382 ], [ -99.33499844615379, 19.918285846153797 ], [ -99.335027584615403, 19.918152553846209 ], [ -99.335054584615378, 19.918025969230797 ], [ -99.335086569230768, 19.917887353846247 ], [ -99.335095430769172, 19.917797384615387 ], [ -99.335094076923042, 19.917707015384632 ], [ -99.335064584615353, 19.917621061538494 ], [ -99.335033092307668, 19.917535753846206 ], [ -99.334963123076875, 19.917474215384591 ], [ -99.334920261538485, 19.917393446153799 ], [ -99.334903553846075, 19.917304476923118 ], [ -99.334882538461471, 19.9172163230769 ], [ -99.334851923076883, 19.917130723076927 ], [ -99.33480936923074, 19.9170498 ], [ -99.334749646153853, 19.916979276923112 ], [ -99.334662492307672, 19.916942261538505 ], [ -99.334572830769162, 19.916911030769192 ], [ -99.334480815384595, 19.916886676923109 ], [ -99.334389599999966, 19.916859784615443 ], [ -99.334300246153774, 19.9168277692308 ], [ -99.334209769230768, 19.916798769230809 ], [ -99.334120815384566, 19.916765753846228 ], [ -99.334032015384608, 19.916732415384587 ], [ -99.333950169230761, 19.916685784615428 ], [ -99.333864446153882, 19.916645892307706 ], [ -99.33377876923079, 19.916605892307693 ], [ -99.333701769230771, 19.916552384615382 ], [ -99.333647815384595, 19.916529030769183 ], [ -99.333563107692243, 19.916478138461443 ], [ -99.333488938461485, 19.916427169230818 ], [ -99.333343802990342, 19.916376399080818 ], [ -99.333343727084269, 19.916377170136904 ], [ -99.333343138832063, 19.916379081991231 ], [ -99.33334218183667, 19.91638083851818 ], [ -99.333340894389366, 19.916382369435308 ], [ -99.333339328004072, 19.916383613486918 ], [ -99.333337545355249, 19.916384520895821 ], [ -99.333337093455242, 19.916384646193514 ], [ -99.33333003653695, 19.916382177597921 ], [ -99.333328178053776, 19.916381304101666 ], [ -99.333326537182558, 19.916380069396332 ], [ -99.33332518311839, 19.916378525548708 ], [ -99.333324172961284, 19.916376737662102 ], [ -99.33332354930927, 19.9163747811311 ], [ -99.333323338461469, 19.916372727614906 ], [ -99.333295692307686, 19.916366230769196 ], [ -99.333209707692262, 19.916366400000047 ], [ -99.333123599999979, 19.916312338461495 ], [ -99.333028015384571, 19.916294446153813 ], [ -99.332941984615346, 19.916276523076881 ], [ -99.33284638461538, 19.9162496 ], [ -99.332760307692254, 19.916213615384592 ], [ -99.332655184615334, 19.916195738461536 ], [ -99.332569153846151, 19.916177815384579 ], [ -99.332492615384552, 19.916132784615463 ], [ -99.332416046153796, 19.916069661538508 ], [ -99.332329984615356, 19.916033676923096 ], [ -99.332234461538476, 19.916042892307694 ], [ -99.332138953846155, 19.916061153846215 ], [ -99.332053, 19.916079384615397 ], [ -99.331957615384596, 19.916160892307744 ], [ -99.331900353846152, 19.91618810769231 ], [ -99.33181432307687, 19.916170199999954 ], [ -99.331718830769177, 19.916197476923113 ], [ -99.33164249230768, 19.916242815384599 ], [ -99.331508815384566, 19.916288246153815 ], [ -99.331461199999964, 19.916360630769198 ], [ -99.331403907692277, 19.916378799999968 ], [ -99.331317969230795, 19.916406076923089 ], [ -99.33122244615376, 19.916415292307718 ], [ -99.331117399999982, 19.9164426 ], [ -99.331021892307675, 19.9164608461538 ], [ -99.330945523076892, 19.916488092307713 ], [ -99.330830892307659, 19.916506384615399 ], [ -99.330735353846151, 19.91650656923084 ], [ -99.330668369230779, 19.916461507692311 ], [ -99.330601369230791, 19.916398369230791 ], [ -99.330563, 19.916326153846185 ], [ -99.330581876923077, 19.916217676923122 ], [ -99.330572169230777, 19.916145400000012 ], [ -99.330524199999957, 19.916046092307667 ], [ -99.330514446153742, 19.915955738461477 ], [ -99.330533399999936, 19.915874369230796 ], [ -99.330561861538456, 19.915783953846194 ], [ -99.330599923076889, 19.915702553846195 ], [ -99.330628399999981, 19.915612138461523 ], [ -99.330676046153854, 19.915557830769199 ], [ -99.330694953846077, 19.915458384615416 ], [ -99.330713861538484, 19.915358953846223 ], [ -99.330723246153767, 19.915277599999978 ], [ -99.330751723076858, 19.915187184615423 ], [ -99.330742092307645, 19.915151046153788 ], [ -99.330732461538489, 19.915114923076885 ], [ -99.330732353846173, 19.915060707692259 ], [ -99.330751338461454, 19.915006446153818 ], [ -99.330760846153865, 19.914979323076921 ], [ -99.330760784615379, 19.914952215384581 ], [ -99.330751076923065, 19.914879938461475 ], [ -99.330760507692261, 19.914816661538481 ], [ -99.330789015384539, 19.914744307692267 ], [ -99.330827030769129, 19.914644846153809 ], [ -99.330855538461492, 19.91457249230772 ], [ -99.330874461538514, 19.914482092307697 ], [ -99.330902938461463, 19.914391676923088 ], [ -99.330931415384555, 19.914301246153805 ], [ -99.330969461538487, 19.914219846153795 ], [ -99.331007507692263, 19.914138446153792 ], [ -99.33103598461534, 19.914048030769198 ], [ -99.331074030769159, 19.913966630769185 ], [ -99.331102523076851, 19.913885246153772 ], [ -99.331178846153776, 19.913830892307722 ], [ -99.331255169230772, 19.913776523076908 ], [ -99.331331492307669, 19.913722169230827 ], [ -99.331426984615362, 19.91369487692312 ], [ -99.331512892307686, 19.913658569230783 ], [ -99.331579646153756, 19.913595184615438 ], [ -99.33161769230766, 19.913513784615404 ], [ -99.331703584615354, 19.913468446153797 ], [ -99.331799107692262, 19.913459230769174 ], [ -99.331856292307677, 19.913386830769237 ], [ -99.331942184615372, 19.913341476923108 ], [ -99.332008969230756, 19.913296169230822 ], [ -99.332085307692282, 19.913250846153819 ], [ -99.33215207692308, 19.913196507692312 ], [ -99.332209246153766, 19.913124107692266 ], [ -99.33225686153844, 19.91304269230768 ], [ -99.332333153846179, 19.912979292307696 ], [ -99.332399923076864, 19.912924938461536 ], [ -99.332447523076851, 19.912843523076901 ], [ -99.332485569230755, 19.912762123076917 ], [ -99.332523615384588, 19.912680723076942 ], [ -99.332552092307679, 19.912590307692309 ], [ -99.332571030769145, 19.912508938461514 ], [ -99.332609061538506, 19.912418492307673 ], [ -99.33260890769229, 19.912346200000027 ], [ -99.332608676923059, 19.912237769230796 ], [ -99.332637184615365, 19.912156384615365 ], [ -99.332684784615338, 19.91207496923084 ], [ -99.332751523076865, 19.912011584615417 ], [ -99.332799123076867, 19.911930169230804 ], [ -99.33281804615379, 19.911839753846177 ], [ -99.332808307692261, 19.911749415384591 ], [ -99.332798599999947, 19.911677138461542 ], [ -99.332712461538492, 19.911605 ], [ -99.332635907692278, 19.911550923076934 ], [ -99.33254035384617, 19.911542076923144 ], [ -99.332463876923086, 19.911524138461491 ], [ -99.332387307692244, 19.911461030769203 ], [ -99.332339384615352, 19.911388815384591 ], [ -99.332272384615393, 19.911325692307688 ], [ -99.332205353846064, 19.911253523076923 ], [ -99.332147876923059, 19.911181338461507 ], [ -99.332080846153758, 19.911109169230802 ], [ -99.332004307692273, 19.911064123076898 ], [ -99.331956384615367, 19.910991923076878 ], [ -99.331908446153818, 19.910910676923098 ], [ -99.331870076923025, 19.9108384615385 ], [ -99.331774353846157, 19.910748276923098 ], [ -99.33162133846146, 19.91067626153848 ], [ -99.331525784615394, 19.910676446153804 ], [ -99.331430307692273, 19.910703738461532 ], [ -99.331334769230793, 19.910703907692284 ], [ -99.331239169230798, 19.910676984615446 ], [ -99.331143584615347, 19.91065907692311 ], [ -99.331105199999953, 19.910577830769189 ], [ -99.331133799999947, 19.910550661538554 ], [ -99.331277061538458, 19.91052329230773 ], [ -99.33137258461538, 19.910514076923107 ], [ -99.331468123076888, 19.910513892307726 ], [ -99.331563630769182, 19.910495646153795 ], [ -99.331659169230761, 19.910495461538524 ], [ -99.331754692307641, 19.910486246153798 ], [ -99.331850230769177, 19.910486076923142 ], [ -99.331926753846105, 19.910522076923066 ], [ -99.331993738461449, 19.910576169230762 ], [ -99.332070492307636, 19.910729646153833 ], [ -99.332127907692282, 19.910774723076916 ], [ -99.332204307692251, 19.910756507692266 ], [ -99.332261707692282, 19.910792553846203 ], [ -99.332290553846065, 19.910882861538511 ], [ -99.332319399999975, 19.910964138461516 ], [ -99.332357784615397, 19.9110454 ], [ -99.332405676923088, 19.911108569230738 ], [ -99.332501246153754, 19.911117415384624 ], [ -99.332587246153778, 19.911126292307664 ], [ -99.332625692307687, 19.911234661538487 ], [ -99.332664184615382, 19.911361107692308 ], [ -99.332731138461497, 19.911397123076881 ], [ -99.332788476923085, 19.911406061538514 ], [ -99.332874553846167, 19.911451076923115 ], [ -99.332941584615369, 19.911523246153809 ], [ -99.332989507692247, 19.9115954461538 ], [ -99.333037415384567, 19.911658615384589 ], [ -99.33303767692307, 19.911785123076889 ], [ -99.333047384615384, 19.9118574 ], [ -99.333018876923063, 19.911929753846188 ], [ -99.332990399999929, 19.912020169230768 ], [ -99.332981030769204, 19.91211055384618 ], [ -99.332990784615376, 19.912200907692288 ], [ -99.333000523076862, 19.912291246153803 ], [ -99.332991153846152, 19.912381630769239 ], [ -99.332972246153773, 19.912472046153834 ], [ -99.332886461538465, 19.912571600000025 ], [ -99.332819599999965, 19.912580769230797 ], [ -99.332762446153865, 19.9126622 ], [ -99.332781723076877, 19.912743492307676 ], [ -99.332743692307702, 19.912833938461517 ], [ -99.332696092307685, 19.91291535384623 ], [ -99.332610230769177, 19.912978769230818 ], [ -99.332591261538454, 19.913042061538537 ], [ -99.332629584615376, 19.913096215384595 ], [ -99.332610646153881, 19.913177569230793 ], [ -99.332524723076858, 19.913204846153796 ], [ -99.332477015384569, 19.9132410769231 ], [ -99.332381553846048, 19.913277400000023 ], [ -99.33232435384619, 19.913340769230796 ], [ -99.332286307692257, 19.913422169230774 ], [ -99.332286492307702, 19.913512538461532 ], [ -99.332238892307672, 19.913593953846203 ], [ -99.332181630769185, 19.913621169230815 ], [ -99.332124323076854, 19.913630323076919 ], [ -99.332095584615388, 19.913594230769196 ], [ -99.332028707692274, 19.913594353846168 ], [ -99.331971415384558, 19.913612523076903 ], [ -99.331981061538485, 19.913657692307673 ], [ -99.331942953846152, 19.913711984615368 ], [ -99.33181883076918, 19.913748369230802 ], [ -99.331742523076855, 19.913811769230794 ], [ -99.33167576923077, 19.913875138461485 ], [ -99.331609015384572, 19.913938523076887 ], [ -99.331542276923059, 19.914001907692274 ], [ -99.331446846153867, 19.914056307692292 ], [ -99.331360953846172, 19.91410164615381 ], [ -99.331294138461459, 19.914137923076925 ], [ -99.331208230769207, 19.914174230769198 ], [ -99.331170184615345, 19.914255630769205 ], [ -99.331141707692282, 19.914346046153835 ], [ -99.331103661538435, 19.914427446153766 ], [ -99.331075153846157, 19.914508830769236 ], [ -99.331056246153764, 19.914599230769184 ], [ -99.33100863076919, 19.91468064615378 ], [ -99.330989646153881, 19.914734907692321 ], [ -99.330999338461481, 19.91480718461538 ], [ -99.331028184615377, 19.914888461538514 ], [ -99.331076123076869, 19.914969692307707 ], [ -99.331076307692257, 19.915060061538497 ], [ -99.331057384615349, 19.915150461538463 ], [ -99.331048015384553, 19.915240846153829 ], [ -99.331038661538472, 19.915331230769194 ], [ -99.331010153846194, 19.915412615384621 ], [ -99.33101039999994, 19.915530092307705 ], [ -99.330972323076878, 19.915593415384613 ], [ -99.330953353846169, 19.915665753846213 ], [ -99.330896169230769, 19.915729107692286 ], [ -99.330829261538454, 19.915720200000013 ], [ -99.330800769230763, 19.915801584615423 ], [ -99.330791461538468, 19.915919076923085 ], [ -99.330762938461447, 19.915991415384624 ], [ -99.330763092307677, 19.916063707692288 ], [ -99.330772830769192, 19.916154061538524 ], [ -99.33083990769228, 19.916244307692299 ], [ -99.330916415384564, 19.916280307692332 ], [ -99.331002369230774, 19.916262076923093 ], [ -99.331097846153867, 19.916225753846188 ], [ -99.331145507692284, 19.916171446153832 ], [ -99.331212292307683, 19.916126138461511 ], [ -99.331298230769178, 19.916098861538501 ], [ -99.331393692307657, 19.9160625384615 ], [ -99.331479615384552, 19.916026230769184 ], [ -99.331565538461462, 19.915998969230802 ], [ -99.331661015384597, 19.915962646153794 ], [ -99.331746969230764, 19.9159444 ], [ -99.33180427692308, 19.915935261538493 ], [ -99.331937984615379, 19.915907907692283 ], [ -99.332033492307673, 19.915889646153797 ], [ -99.332109876923099, 19.915862399999963 ], [ -99.332205384615378, 19.915844138461534 ], [ -99.332300861538457, 19.91581686153847 ], [ -99.332406015384592, 19.915843769230801 ], [ -99.332501599999958, 19.915861661538496 ], [ -99.332559030769175, 19.915906738461487 ], [ -99.332645092307658, 19.915942723076896 ], [ -99.332740676923038, 19.915960615384627 ], [ -99.332826738461449, 19.915996600000017 ], [ -99.332922323076872, 19.916014507692296 ], [ -99.333008369230754, 19.916041446153766 ], [ -99.333103969230763, 19.916068384615379 ], [ -99.33319003076916, 19.91609532307692 ], [ -99.333285569230753, 19.916095153846229 ], [ -99.333323445319763, 19.916109400032806 ], [ -99.333323533467663, 19.916108511701708 ], [ -99.333324110880554, 19.91610662312641 ], [ -99.33332504818037, 19.916104884853837 ], [ -99.333326308811294, 19.916103364678815 ], [ -99.333327843607293, 19.916102121890145 ], [ -99.333329592709205, 19.916101204957759 ], [ -99.333329856772991, 19.916101127583907 ], [ -99.333336905088842, 19.916103778639631 ], [ -99.333338707105568, 19.91610467258311 ], [ -99.333340293753068, 19.916105909089818 ], [ -99.333341600829357, 19.916107438125824 ], [ -99.333342575444775, 19.916109197819999 ], [ -99.333343178162451, 19.916111116968434 ], [ -99.333343384594272, 19.91611311791441 ], [ -99.333343393457653, 19.916117431603215 ], [ -99.333434476923074, 19.916180430769195 ], [ -99.333525323076856, 19.916235753846202 ], [ -99.333616261538481, 19.916298600000022 ], [ -99.333701769230757, 19.916343846153794 ], [ -99.333768553846156, 19.9163866 ], [ -99.33383215384606, 19.916445769230759 ], [ -99.333914, 19.916492400000024 ], [ -99.333991107692256, 19.916545753846197 ], [ -99.334070799999978, 19.916595615384601 ], [ -99.3341496, 19.916646723076894 ], [ -99.334230584615383, 19.916694661538486 ], [ -99.334320446153768, 19.916725384615404 ], [ -99.334413799999936, 19.916744569230808 ], [ -99.33450821538456, 19.916758476923125 ], [ -99.334603753846181, 19.916759092307718 ], [ -99.334695507692288, 19.916784338461504 ], [ -99.334782046153791, 19.916822630769179 ], [ -99.334858015384555, 19.916877430769151 ], [ -99.3349288153846, 19.916938123076903 ], [ -99.334975861538481, 19.917016769230809 ], [ -99.335013861538485, 19.917099676923069 ], [ -99.335038646153777, 19.917186953846208 ], [ -99.335068569230771, 19.917272784615431 ], [ -99.335097584615383, 19.917358876923078 ], [ -99.335124599999986, 19.917445553846179 ], [ -99.335154676923082, 19.917531323076883 ], [ -99.335185030769196, 19.917617015384582 ], [ -99.335209723076858, 19.917704307692283 ], [ -99.335209769230786, 19.917794676923098 ], [ -99.335201692307663, 19.917884723076888 ], [ -99.335198769230757, 19.917975046153753 ], [ -99.335166707692252, 19.91806016923077 ], [ -99.335132323076891, 19.9181444923077 ], [ -99.33509281538457, 19.918226769230817 ], [ -99.335077076923071, 19.918315892307692 ], [ -99.335056169230739, 19.918404076923128 ], [ -99.335027646153748, 19.918490323076899 ], [ -99.335002553846167, 19.918577507692333 ], [ -99.334998015384542, 19.918667769230769 ], [ -99.335002323076907, 19.918758046153787 ], [ -99.335017953846062, 19.918847199999984 ], [ -99.335030599999968, 19.918936769230836 ], [ -99.335046, 19.919025953846184 ], [ -99.335069615384583, 19.919113523076902 ], [ -99.335082246153789, 19.919203092307718 ], [ -99.335085461538497, 19.919293400000043 ], [ -99.335085938461489, 19.919383769230805 ], [ -99.335090876923061, 19.91947401538464 ], [ -99.33508795384617, 19.919564338461544 ], [ -99.335086861538471, 19.91965470769231 ], [ -99.335101923076891, 19.919743938461515 ], [ -99.335124246153754, 19.9198318 ], [ -99.335138830769154, 19.919921107692321 ], [ -99.335149323076877, 19.920010938461505 ], [ -99.335150892307681, 19.920101292307706 ], [ -99.335151230769199, 19.920191646153828 ], [ -99.335156646153749, 19.920281876923074 ], [ -99.335154292307692, 19.920372215384553 ], [ -99.335152307692269, 19.920462553846228 ], [ -99.335140692307689, 19.920552261538514 ], [ -99.335129692307689, 19.920642015384608 ], [ -99.335120738461484, 19.920731984615383 ], [ -99.335103861538457, 19.920820938461485 ], [ -99.335096969230804, 19.920911061538497 ], [ -99.335095199999969, 19.921001415384591 ], [ -99.335092307692292, 19.921091738461442 ], [ -99.335085676923072, 19.921181892307683 ], [ -99.335065815384567, 19.921270276923082 ], [ -99.335042384615392, 19.921357892307686 ], [ -99.335039646153803, 19.921448215384633 ], [ -99.335048215384546, 19.92153821538459 ], [ -99.335049784615379, 19.921628569230784 ], [ -99.335041769230756, 19.921718615384606 ], [ -99.335034738461459, 19.921808738461475 ], [ -99.335023230769167, 19.921898446153811 ], [ -99.3350430923077, 19.921986846153768 ], [ -99.335066415384588, 19.922074476923125 ], [ -99.335105599999977, 19.922156892307722 ], [ -99.335131199999964, 19.922243953846198 ], [ -99.335142923076859, 19.922333646153827 ], [ -99.335153523076855, 19.922423446153836 ], [ -99.335155738461452, 19.922513799999983 ], [ -99.335135276923054, 19.922602061538527 ], [ -99.335069630769155, 19.922667723076895 ], [ -99.334995923076846, 19.922725215384599 ], [ -99.334915169230754, 19.922773538461485 ], [ -99.334831292307697, 19.922816815384593 ], [ -99.334742692307671, 19.922850646153812 ], [ -99.334653461538451, 19.922882953846194 ], [ -99.334563230769177, 19.922912723076934 ], [ -99.334474815384553, 19.922946953846182 ], [ -99.334388938461487, 19.92298658461538 ], [ -99.334300846153781, 19.923021584615419 ], [ -99.334211953846193, 19.923054707692287 ], [ -99.334116861538462, 19.92306352307693 ], [ -99.334022769230785, 19.923079230769201 ], [ -99.333927353846065, 19.923084246153792 ], [ -99.333833169230772, 19.923099446153817 ], [ -99.333744446153759, 19.923133 ], [ -99.33365838461539, 19.923172246153793 ], [ -99.333577199999951, 19.923219892307731 ], [ -99.333489199999974, 19.92325510769232 ], [ -99.333405953846167, 19.923299461538491 ], [ -99.333339374865901, 19.923319689135422 ], [ -99.333339384593657, 19.923324363805811 ], [ -99.333339167333136, 19.923326457881291 ], [ -99.333338516467975, 19.923328460062351 ], [ -99.333337460846678, 19.923330281605097 ], [ -99.333336910308802, 19.92333088922982 ], [ -99.333336245398655, 19.923331091238474 ], [ -99.333334420110873, 19.923331464406512 ], [ -99.333332557279888, 19.923331492517967 ], [ -99.333330721563087, 19.923331174597113 ], [ -99.333328976676981, 19.923330521678807 ], [ -99.333327383185363, 19.923329556425305 ], [ -99.33332599639715, 19.92332831233994 ], [ -99.333324864446979, 19.923326832603884 ], [ -99.333324424563884, 19.923325958938872 ], [ -99.333243446153787, 19.923351661538522 ], [ -99.333138523076869, 19.923442230769204 ], [ -99.333110092307678, 19.923550723076882 ], [ -99.333043276923078, 19.923586984615405 ], [ -99.3329478153846, 19.923623307692282 ], [ -99.332861923076877, 19.923677692307692 ], [ -99.332775984615353, 19.923704969230801 ], [ -99.332709199999954, 19.923750276923077 ], [ -99.332642384615355, 19.923786553846234 ], [ -99.332566046153758, 19.92383187692311 ], [ -99.332499230769173, 19.923868138461504 ], [ -99.332413338461464, 19.923913492307715 ], [ -99.332327415384597, 19.923949799999981 ], [ -99.332251061538457, 19.923995123076921 ], [ -99.33215559999995, 19.924031446153801 ], [ -99.332069630769155, 19.924049676923104 ], [ -99.33197412307689, 19.924067938461523 ], [ -99.331878599999968, 19.924077153846209 ], [ -99.331783061538459, 19.924086369230789 ], [ -99.331687507692266, 19.924086538461545 ], [ -99.331591953846186, 19.924086723076908 ], [ -99.331496353846092, 19.924059784615377 ], [ -99.331410338461467, 19.924050907692305 ], [ -99.331314707692286, 19.924014938461497 ], [ -99.331238169230744, 19.923960861538525 ], [ -99.331152092307633, 19.923924876923095 ], [ -99.331094615384544, 19.923852692307683 ], [ -99.331094415384541, 19.923762323076925 ], [ -99.331113338461449, 19.923671923076927 ], [ -99.331122723076888, 19.923590584615404 ], [ -99.331122538461443, 19.923500215384614 ], [ -99.331160446153788, 19.923346523076873 ], [ -99.331131707692265, 19.923310430769209 ], [ -99.331074415384592, 19.9233286 ], [ -99.331065046153768, 19.92341898461536 ], [ -99.33103656923079, 19.923509415384597 ], [ -99.330893246153778, 19.923509676923107 ], [ -99.330855123076844, 19.923554923076896 ], [ -99.33087432307687, 19.923600076923091 ], [ -99.330941338461486, 19.923663215384614 ], [ -99.330960630769184, 19.923753538461508 ], [ -99.330903461538469, 19.923825938461491 ], [ -99.330807907692261, 19.923826123076868 ], [ -99.330721969230751, 19.923853384615391 ], [ -99.330712584615355, 19.923934738461533 ], [ -99.330789246153756, 19.924043030769187 ], [ -99.330875338461496, 19.924088046153805 ], [ -99.330942307692283, 19.924133107692285 ], [ -99.331018861538453, 19.924187184615416 ], [ -99.331085876923041, 19.924250323076901 ], [ -99.33117196923078, 19.924295338461469 ], [ -99.331219892307672, 19.924367553846217 ], [ -99.331248753846168, 19.924457861538535 ], [ -99.331229830769175, 19.924548261538501 ], [ -99.331249107692273, 19.924629553846223 ], [ -99.331335215384556, 19.924683615384595 ], [ -99.331430769230778, 19.924683430769189 ], [ -99.331516723076874, 19.924665199999986 ], [ -99.331612215384567, 19.924637923076936 ], [ -99.331650276923057, 19.924556507692284 ], [ -99.331717, 19.924484092307708 ], [ -99.331812538461477, 19.924474876923124 ], [ -99.331908092307671, 19.924474707692323 ], [ -99.331994046153852, 19.924456476923105 ], [ -99.33208953846146, 19.924429184615423 ], [ -99.332165861538485, 19.924374815384613 ], [ -99.33226139999995, 19.924365600000023 ], [ -99.332356923076901, 19.92435638461539 ], [ -99.332442892307654, 19.924338153846193 ], [ -99.332538369230761, 19.924301830769181 ], [ -99.332595538461476, 19.924229430769216 ], [ -99.332662292307646, 19.924166046153793 ], [ -99.332738615384571, 19.924111692307683 ], [ -99.332824523076866, 19.924066338461497 ], [ -99.332910415384546, 19.924021 ], [ -99.332996338461484, 19.923984692307684 ], [ -99.333072692307667, 19.923939369230794 ], [ -99.333168215384575, 19.923930153846204 ], [ -99.333263753846154, 19.923920938461489 ], [ -99.333323338461469, 19.923928873027279 ], [ -99.333323338461469, 19.923924738461505 ], [ -99.333323539127377, 19.923922745210326 ], [ -99.33332413307167, 19.923920831954511 ], [ -99.333325096457358, 19.923919075479301 ], [ -99.333325139524362, 19.923919024590695 ], [ -99.333331966148407, 19.923919933655945 ], [ -99.333333960631862, 19.923920411418187 ], [ -99.333335815701076, 19.923921286026388 ], [ -99.333337453327786, 19.923922520692479 ], [ -99.333338804629562, 19.923924063483618 ], [ -99.333339812767889, 19.923925849506727 ], [ -99.333340435338059, 19.923927803637596 ], [ -99.333340646153587, 19.923929843681268 ], [ -99.333340646226972, 19.923930140491091 ], [ -99.334214769230769, 19.924576307692327 ], [ -99.334477630769172, 19.92491212307694 ], [ -99.334899092307651, 19.925582215384576 ], [ -99.335102215384566, 19.92599298461543 ], [ -99.335305584615384, 19.926518461538535 ], [ -99.335681630769173, 19.927406953846216 ], [ -99.335653184615367, 19.928305784615436 ], [ -99.335341261538474, 19.929354738461551 ], [ -99.335061815384577, 19.930037661538488 ], [ -99.33478276923077, 19.930907046153791 ], [ -99.334580584615367, 19.932024246153794 ], [ -99.3343876923077, 19.932779553846203 ], [ -99.334174246153893, 19.933335138461494 ], [ -99.333742446153764, 19.933898415384586 ], [ -99.333461215384574, 19.934106123076937 ], [ -99.333343197733697, 19.934249555982312 ], [ -99.333343199999675, 19.934258720604383 ], [ -99.333342979569352, 19.93426081114362 ], [ -99.333342326985388, 19.934262809412306 ], [ -99.333341271085089, 19.934264627108117 ], [ -99.333339858528092, 19.934266183908175 ], [ -99.333338151734466, 19.934267411018315 ], [ -99.333331342249465, 19.934271292117366 ], [ -99.333329963582074, 19.934270951760009 ], [ -99.33332812291637, 19.934270070641119 ], [ -99.333326499447864, 19.934268834206424 ], [ -99.333325160784767, 19.934267293946125 ], [ -99.333324162674487, 19.934265514003357 ], [ -99.333323722777266, 19.934264124666136 ], [ -99.333285476923066, 19.934285923076899 ], [ -99.333209153846184, 19.934340276923148 ], [ -99.333132815384573, 19.934394646153788 ], [ -99.333085215384557, 19.934476061538511 ], [ -99.333008876923074, 19.934530430769147 ], [ -99.332970830769185, 19.934611830769157 ], [ -99.33296146153846, 19.934702215384604 ], [ -99.332952092307664, 19.934792599999962 ], [ -99.332952276923081, 19.93488296923076 ], [ -99.332952476923097, 19.934973323076921 ], [ -99.332952661538457, 19.935063692307732 ], [ -99.332962399999957, 19.935154046153837 ], [ -99.332981707692269, 19.935244369230801 ], [ -99.333010538461465, 19.935325646153768 ], [ -99.333048938461488, 19.935406907692272 ], [ -99.333115984615361, 19.935479076923116 ], [ -99.333173446153879, 19.935542230769205 ], [ -99.333336138461476, 19.93565939999997 ], [ -99.333337092307673, 19.936111230769185 ], [ -99.333338599999976, 19.936834153846192 ], [ -99.333338661538463, 19.936861261538485 ], [ -99.333281538461463, 19.936960769230804 ], [ -99.333262584615383, 19.937042138461521 ], [ -99.33323410769232, 19.937132553846201 ], [ -99.333224723076853, 19.93721390769231 ], [ -99.333215369230771, 19.937304292307712 ], [ -99.333215553846074, 19.937394661538505 ], [ -99.333215738461504, 19.937485015384592 ], [ -99.333215938461507, 19.93757538461541 ], [ -99.333216123076852, 19.937665753846225 ], [ -99.333225861538466, 19.93775610769228 ], [ -99.333254723076863, 19.937846415384566 ], [ -99.333293292307673, 19.938009 ], [ -99.333255353846141, 19.93814461538464 ], [ -99.333151030769173, 19.938524353846208 ], [ -99.333151707692309, 19.93884967692307 ], [ -99.333238, 19.938985061538538 ], [ -99.333323338461469, 19.938984896659818 ], [ -99.333323338461469, 19.938979446153791 ], [ -99.333323510479389, 19.938977599327789 ], [ -99.333324020614782, 19.938975816039207 ], [ -99.333324482253857, 19.938974894431308 ], [ -99.333333534525707, 19.938974876941796 ], [ -99.333335485614114, 19.938975065283401 ], [ -99.333336955906077, 19.938975508146623 ], [ -99.333357123076837, 19.938953553846247 ], [ -99.333387215384576, 19.938926923076917 ], [ -99.333423246153771, 19.938897230769221 ], [ -99.333448461538481, 19.93885886153851 ], [ -99.333473923076866, 19.938820630769179 ], [ -99.333500569230793, 19.938783123076917 ], [ -99.333528538461465, 19.93874649230769 ], [ -99.333552384615402, 19.938707338461473 ], [ -99.333589723076884, 19.938679138461506 ], [ -99.333617123076891, 19.938642123076896 ], [ -99.333637753846091, 19.938601369230817 ], [ -99.333657784615369, 19.938560353846221 ], [ -99.333684723076857, 19.93852304615384 ], [ -99.333716276923084, 19.938489107692309 ], [ -99.333743599999963, 19.938452030769213 ], [ -99.333775553846195, 19.938418446153765 ], [ -99.333808769230785, 19.938385969230794 ], [ -99.333847830769173, 19.938359953846184 ], [ -99.333884169230785, 19.938330615384576 ], [ -99.333915846153744, 19.938296784615417 ], [ -99.333939061538487, 19.938257292307707 ], [ -99.333959938461476, 19.938216646153805 ], [ -99.333969153846169, 19.938172323076923 ], [ -99.333982153846151, 19.938128846153791 ], [ -99.334004538461443, 19.938088923076883 ], [ -99.334036092307684, 19.938055 ], [ -99.334071753846189, 19.938024923076906 ], [ -99.334107661538482, 19.93799512307692 ], [ -99.334144784615361, 19.937966676923086 ], [ -99.334184061538494, 19.937940953846255 ], [ -99.33422333846147, 19.937915230769207 ], [ -99.334264738461457, 19.937892676923127 ], [ -99.33430047692309, 19.937862676923118 ], [ -99.334333830769154, 19.937830323076909 ], [ -99.334367430769177, 19.937798215384632 ], [ -99.334399584615355, 19.937764784615375 ], [ -99.334432907692261, 19.937732400000034 ], [ -99.334470769230776, 19.937704846153789 ], [ -99.334514046153757, 19.937685707692317 ], [ -99.33455826153849, 19.937668584615373 ], [ -99.334594723076876, 19.937639384615387 ], [ -99.334629861538517, 19.93760876923076 ], [ -99.334666492307647, 19.937579753846183 ], [ -99.33470573846148, 19.937553984615416 ], [ -99.334748892307701, 19.937534584615374 ], [ -99.334796061538484, 19.937541753846187 ], [ -99.334841015384569, 19.937557046153788 ], [ -99.334886261538458, 19.937571569230798 ], [ -99.334928153846079, 19.937593307692303 ], [ -99.334929584615352, 19.937638461538512 ], [ -99.33492547692309, 19.937683476923098 ], [ -99.334911030769163, 19.937726553846208 ], [ -99.334885246153746, 19.9377646 ], [ -99.334851492307692, 19.937796569230834 ], [ -99.33481889230768, 19.937829615384612 ], [ -99.334785676923076, 19.937862076923086 ], [ -99.334752292307627, 19.937894400000037 ], [ -99.334715876923056, 19.937923661538516 ], [ -99.334682753846167, 19.937956215384617 ], [ -99.334646415384555, 19.937985569230829 ], [ -99.334613123076849, 19.938017969230792 ], [ -99.334579815384572, 19.938050369230812 ], [ -99.334552199999962, 19.93808723076922 ], [ -99.334518923076871, 19.938119661538487 ], [ -99.334497199999987, 19.938159907692274 ], [ -99.334470615384546, 19.938197446153801 ], [ -99.334433876923043, 19.938226338461536 ], [ -99.334399107692278, 19.938257323076947 ], [ -99.334363938461479, 19.938287923076913 ], [ -99.334330953846077, 19.9383206 ], [ -99.334294230769174, 19.938349507692301 ], [ -99.334259876923056, 19.938380907692295 ], [ -99.334226107692274, 19.938412876923152 ], [ -99.33419903076917, 19.938450107692312 ], [ -99.334170199999988, 19.938486138461514 ], [ -99.33415196923076, 19.938527892307711 ], [ -99.334127907692292, 19.938566923076927 ], [ -99.334105415384585, 19.93860679999997 ], [ -99.334082923076906, 19.93864666153851 ], [ -99.334061276923094, 19.938686938461501 ], [ -99.33402807692309, 19.938719430769194 ], [ -99.333989492307651, 19.938746092307664 ], [ -99.333950276923076, 19.938771907692292 ], [ -99.333912046153756, 19.938798984615396 ], [ -99.333873830769164, 19.938826123076904 ], [ -99.333835646153801, 19.938853261538519 ], [ -99.333799984615382, 19.938883338461512 ], [ -99.333758846153785, 19.938906323076921 ], [ -99.333717769230788, 19.938929415384621 ], [ -99.333676476923088, 19.938952138461485 ], [ -99.333632553846158, 19.938969907692311 ], [ -99.333588784615372, 19.938988030769213 ], [ -99.333545538461465, 19.939007261538492 ], [ -99.333506446153777, 19.939033230769216 ], [ -99.333467753846165, 19.939059753846188 ], [ -99.333426046153761, 19.939081784615379 ], [ -99.333395799999963, 19.939104230769203 ], [ -99.333355553846161, 19.939129200000018 ], [ -99.333343868399666, 19.939136038090176 ], [ -99.333343892286067, 19.93914751765384 ], [ -99.33334388174039, 19.939147616636198 ], [ -99.333338389059136, 19.939150830843708 ], [ -99.333336659372378, 19.939151632473198 ], [ -99.333334808989576, 19.939152091286427 ], [ -99.333332905161456, 19.939152190608102 ], [ -99.333331017081335, 19.939151926828625 ], [ -99.333329403179349, 19.939151374494148 ], [ -99.333238507692272, 19.93922904615378 ], [ -99.333210123076867, 19.939364646153837 ], [ -99.333258215384546, 19.939509153846203 ], [ -99.333330503970856, 19.939653673072005 ], [ -99.333330684804551, 19.939653604675481 ], [ -99.333332513871355, 19.939653280209324 ], [ -99.333341132018262, 19.939652567137017 ], [ -99.333343928169967, 19.939658157198917 ], [ -99.333344714603882, 19.939660322669742 ], [ -99.333344946251671, 19.9396622857161 ], [ -99.33338093846146, 19.939659307692327 ], [ -99.33342853846149, 19.939655384615424 ], [ -99.333474784615348, 19.939644030769198 ], [ -99.33352095384609, 19.939632415384587 ], [ -99.333567369230778, 19.939621707692286 ], [ -99.333614384615387, 19.939613676923106 ], [ -99.333660292307684, 19.939601138461491 ], [ -99.333702030769174, 19.939579138461514 ], [ -99.333744646153804, 19.939558723076864 ], [ -99.333792430769165, 19.939558630769174 ], [ -99.333840030769167, 19.93955469230773 ], [ -99.333885215384583, 19.939540030769219 ], [ -99.333929092307699, 19.939522107692319 ], [ -99.333967492307679, 19.939495230769229 ], [ -99.334012815384568, 19.939480923076907 ], [ -99.334060430769171, 19.939477215384645 ], [ -99.33410087692306, 19.939453169230788 ], [ -99.33413906153848, 19.939426 ], [ -99.334185415384582, 19.939415015384622 ], [ -99.334228153846212, 19.939435215384584 ], [ -99.334274492307657, 19.93944623076921 ], [ -99.334322276923075, 19.939446246153786 ], [ -99.334361646153738, 19.939420661538502 ], [ -99.33440126153846, 19.939395384615395 ], [ -99.334447692307677, 19.939384769230806 ], [ -99.334494876923074, 19.939377600000029 ], [ -99.334540415384595, 19.939363938461494 ], [ -99.334583538461473, 19.939344476923086 ], [ -99.334628615384574, 19.939329507692324 ], [ -99.334675061538476, 19.939318892307661 ], [ -99.334721984615356, 19.939310415384629 ], [ -99.334769076923067, 19.939302753846206 ], [ -99.334816169230777, 19.93929509230772 ], [ -99.334861846153757, 19.939281846153833 ], [ -99.334905784615387, 19.939264107692285 ], [ -99.334951707692269, 19.939251615384634 ], [ -99.334997492307707, 19.939238676923129 ], [ -99.335043415384575, 19.939226215384583 ], [ -99.335090092307638, 19.939216569230798 ], [ -99.335136769230786, 19.939206907692292 ], [ -99.335183384615377, 19.939197030769233 ], [ -99.335230784615391, 19.939191307692305 ], [ -99.335278215384577, 19.939185846153798 ], [ -99.335325646153777, 19.939180369230833 ], [ -99.335373246153779, 19.939176523076874 ], [ -99.335420861538452, 19.9391726769231 ], [ -99.335468353846153, 19.939167769230746 ], [ -99.335515892307654, 19.939163323076894 ], [ -99.335563553846143, 19.939160015384587 ], [ -99.335611323076876, 19.939159430769195 ], [ -99.335659107692265, 19.939159199999988 ], [ -99.335706846153784, 19.939160938461498 ], [ -99.335753569230789, 19.939170415384552 ], [ -99.335800276923067, 19.939179892307664 ], [ -99.335841015384574, 19.939203523076902 ], [ -99.335796399999964, 19.939219707692288 ], [ -99.335748692307675, 19.939222215384618 ], [ -99.335701184615402, 19.939227015384603 ], [ -99.335653707692259, 19.939232 ], [ -99.335606107692243, 19.939235984615436 ], [ -99.335558599999985, 19.939240723076914 ], [ -99.335511076923069, 19.939245476923112 ], [ -99.335463846153758, 19.939252292307682 ], [ -99.335417061538479, 19.939261446153825 ], [ -99.335370261538472, 19.9392706 ], [ -99.335324092307673, 19.939282215384612 ], [ -99.335276907692275, 19.939289369230803 ], [ -99.335230338461514, 19.939299476923097 ], [ -99.335185246153785, 19.9393144 ], [ -99.33513883076921, 19.93932512307693 ], [ -99.335092723076855, 19.939336984615398 ], [ -99.335048738461452, 19.939354615384598 ], [ -99.335001969230774, 19.939363815384613 ], [ -99.334954861538463, 19.939371430769214 ], [ -99.334907938461456, 19.939379953846188 ], [ -99.334861446153752, 19.939390338461479 ], [ -99.334818323076888, 19.939409800000011 ], [ -99.334776938461488, 19.939432384615426 ], [ -99.334733246153775, 19.939450676923105 ], [ -99.334687446153865, 19.939463553846206 ], [ -99.334640738461502, 19.939473015384628 ], [ -99.334593753846065, 19.939481230769225 ], [ -99.334546476923066, 19.939487784615402 ], [ -99.334499246153896, 19.939494630769232 ], [ -99.334452015384571, 19.939501476923084 ], [ -99.334406753846167, 19.939515938461494 ], [ -99.33436441538457, 19.939536892307704 ], [ -99.334320046153792, 19.939553661538536 ], [ -99.334272769230765, 19.939560215384599 ], [ -99.334225092307662, 19.939562953846185 ], [ -99.334179153846179, 19.939575415384578 ], [ -99.334139307692269, 19.93960033846146 ], [ -99.334097876923082, 19.939622861538531 ], [ -99.334051076923075, 19.939631923076906 ], [ -99.334004261538482, 19.93964098461543 ], [ -99.333956538461493, 19.939643230769239 ], [ -99.333908769230774, 19.939644261538472 ], [ -99.333861046153757, 19.939646430769191 ], [ -99.333814092307676, 19.939654815384614 ], [ -99.33376890769226, 19.939669476923111 ], [ -99.333723215384566, 19.93968270769232 ], [ -99.333677153846168, 19.939694692307675 ], [ -99.333630953846168, 19.939706199999975 ], [ -99.33358546153849, 19.939720015384612 ], [ -99.333539553846165, 19.939732569230806 ], [ -99.333493446153852, 19.939744430769224 ], [ -99.33344584615385, 19.939748323076895 ], [ -99.333398430769179, 19.939753846153813 ], [ -99.33335139999997, 19.939761846153822 ], [ -99.33334509700677, 19.939762914548808 ], [ -99.333344994685362, 19.939763970492528 ], [ -99.333344424433889, 19.939765855132432 ], [ -99.333343495949578, 19.939767591499717 ], [ -99.333342245230398, 19.939769112274377 ], [ -99.333340720767367, 19.939770358495288 ], [ -99.333333978397064, 19.939774840725608 ], [ -99.333333085692203, 19.939774904497206 ], [ -99.33333117110665, 19.939774669996034 ], [ -99.333329337160492, 19.939774072275792 ], [ -99.333327652087775, 19.939773133575503 ], [ -99.33332617858396, 19.939771888820715 ], [ -99.333324971472493, 19.939770384324007 ], [ -99.333324363321694, 19.939769224608874 ], [ -99.333239769230801, 19.939825461538497 ], [ -99.333154123076852, 19.939997323076881 ], [ -99.333125907692292, 19.940214246153793 ], [ -99.333164446153773, 19.940367800000015 ], [ -99.333174384615361, 19.940548523076895 ], [ -99.333174692307651, 19.940693107692301 ], [ -99.33319398461542, 19.940783430769184 ], [ -99.333270661538492, 19.940891723076938 ], [ -99.333324854325127, 19.940928179363567 ], [ -99.33332492814084, 19.940928036301116 ], [ -99.333326104890148, 19.940926541413099 ], [ -99.33332754345335, 19.940925296437225 ], [ -99.333329191762886, 19.940924346434624 ], [ -99.333330990159098, 19.940923725789908 ], [ -99.33333478641417, 19.940922808668279 ], [ -99.333343227849255, 19.94092848734622 ], [ -99.333344789066274, 19.940929786129718 ], [ -99.333345386932294, 19.940930535413777 ], [ -99.333387276923091, 19.940920415384603 ], [ -99.333467523076877, 19.940871353846227 ], [ -99.333563092307671, 19.940872046153782 ], [ -99.333653538461434, 19.940901169230848 ], [ -99.333739953846191, 19.94093975384618 ], [ -99.333834799999977, 19.940950830769218 ], [ -99.333928661538494, 19.94096775384622 ], [ -99.334020984615364, 19.940991092307737 ], [ -99.334103630769164, 19.941036461538499 ], [ -99.334117661538485, 19.94112584615382 ], [ -99.334079446153879, 19.9412086615385 ], [ -99.334057123076846, 19.94129653846149 ], [ -99.334046569230779, 19.941386353846198 ], [ -99.334042046153868, 19.941476615384602 ], [ -99.334055569230742, 19.941566076923095 ], [ -99.334092476923075, 19.941649415384571 ], [ -99.33411927692309, 19.941736153846179 ], [ -99.334144753846076, 19.941823261538485 ], [ -99.334204815384552, 19.941893538461528 ], [ -99.334300107692272, 19.941900461538516 ], [ -99.334394569230767, 19.941886892307668 ], [ -99.334489076923063, 19.941873446153839 ], [ -99.334584615384571, 19.941871738461515 ], [ -99.334680184615351, 19.9418712 ], [ -99.334768784615363, 19.941837353846182 ], [ -99.334858692307662, 19.941806723076947 ], [ -99.334949507692286, 19.941778600000042 ], [ -99.33503875384605, 19.941746323076917 ], [ -99.335123630769161, 19.9417048 ], [ -99.33521918461534, 19.941703938461522 ], [ -99.335301646153866, 19.941749615384602 ], [ -99.335379599999982, 19.94180187692309 ], [ -99.335460769230792, 19.941849584615401 ], [ -99.335548707692297, 19.941884938461531 ], [ -99.335633153846061, 19.941927230769192 ], [ -99.335725784615363, 19.94194941538456 ], [ -99.335817553846155, 19.941974646153781 ], [ -99.335912338461455, 19.941986153846187 ], [ -99.336007599999945, 19.941993184615381 ], [ -99.336091030769182, 19.942037261538488 ], [ -99.336179430769178, 19.942071569230787 ], [ -99.336274353846164, 19.942082 ], [ -99.336369523076883, 19.942090169230788 ], [ -99.33636950769224, 19.942134784615394 ], [ -99.336369492307668, 19.942180538461464 ], [ -99.33627393846146, 19.942181430769207 ], [ -99.336187538461502, 19.942142830769143 ], [ -99.336093769230771, 19.942125415384584 ], [ -99.335998769230798, 19.9421156 ], [ -99.335903907692284, 19.942104707692305 ], [ -99.335808753846194, 19.942096338461525 ], [ -99.335713246153773, 19.942099107692339 ], [ -99.335617676923079, 19.942099707692311 ], [ -99.335522707692277, 19.942089646153811 ], [ -99.335454984615367, 19.942025892307704 ], [ -99.335378153846136, 19.941972169230805 ], [ -99.335292584615374, 19.941931923076918 ], [ -99.335200246153775, 19.941908661538523 ], [ -99.335105769230751, 19.94189509230775 ], [ -99.335010615384604, 19.9418868 ], [ -99.334925892307666, 19.941928600000022 ], [ -99.33485170769228, 19.941985584615377 ], [ -99.334779615384591, 19.942044892307678 ], [ -99.334696738461474, 19.942089876923109 ], [ -99.334602584615368, 19.942105338461481 ], [ -99.334507523076866, 19.942096076923097 ], [ -99.334412692307652, 19.94208493846147 ], [ -99.334317676923078, 19.942075307692299 ], [ -99.334222630769162, 19.942065923076868 ], [ -99.334127815384591, 19.942054676923103 ], [ -99.334038723076873, 19.942021984615401 ], [ -99.33396864615375, 19.941960538461533 ], [ -99.333902153846196, 19.941895646153828 ], [ -99.333829046153852, 19.941837446153805 ], [ -99.333794830769151, 19.941753061538524 ], [ -99.333788184615386, 19.94166292307694 ], [ -99.333792907692271, 19.941572661538498 ], [ -99.333777661538505, 19.941483461538532 ], [ -99.333754661538492, 19.94139573846153 ], [ -99.333746230769165, 19.941305738461516 ], [ -99.333657092307703, 19.941273138461515 ], [ -99.333561538461495, 19.941272630769177 ], [ -99.333480799999975, 19.94122430769232 ], [ -99.333391492307655, 19.941192123076849 ], [ -99.333338461532051, 19.941173015162519 ], [ -99.333338334776698, 19.941173975186885 ], [ -99.333337757976054, 19.941175734983428 ], [ -99.33333686656745, 19.941177358243628 ], [ -99.333335691122372, 19.941178789296291 ], [ -99.333334271953888, 19.941179979062422 ], [ -99.333332657733266, 19.941180886737879 ], [ -99.333331704489368, 19.94118120982202 ], [ -99.333329948622975, 19.941180577152743 ], [ -99.33332811161867, 19.941179694493997 ], [ -99.3333264917203, 19.941178457724032 ], [ -99.333325156212865, 19.941176918213909 ], [ -99.333324160569262, 19.941175139910001 ], [ -99.333323546145067, 19.941173196677116 ], [ -99.333323521991304, 19.941172960883417 ], [ -99.333252184615418, 19.941189969230795 ], [ -99.333214138461457, 19.941280415384618 ], [ -99.333204876923105, 19.941415969230832 ], [ -99.333195753846155, 19.941623830769171 ], [ -99.333205646153786, 19.941786476923131 ], [ -99.333263430769151, 19.941994215384579 ], [ -99.333292307692304, 19.942093553846192 ], [ -99.333283092307667, 19.942256230769207 ], [ -99.333206784615413, 19.942328676923108 ], [ -99.333073046153757, 19.942347 ], [ -99.333006230769186, 19.942383261538495 ], [ -99.33293955384616, 19.942491830769253 ], [ -99.332891907692257, 19.942555184615408 ], [ -99.332844292307684, 19.9426366 ], [ -99.332815738461491, 19.942690876923116 ], [ -99.33274898461535, 19.942754246153786 ], [ -99.332691784615349, 19.94281761538462 ], [ -99.332625046153879, 19.942890030769234 ], [ -99.332558276923095, 19.942953415384608 ], [ -99.332481938461441, 19.943007784615354 ], [ -99.332396030769175, 19.943053123076911 ], [ -99.33231012307688, 19.943098461538483 ], [ -99.332233769230754, 19.943143784615376 ], [ -99.332147861538488, 19.94318913846152 ], [ -99.332061923076907, 19.943225446153804 ], [ -99.331976, 19.94326175384619 ], [ -99.331890061538488, 19.943298061538513 ], [ -99.331813723076849, 19.943352415384592 ], [ -99.331737399999966, 19.943406784615423 ], [ -99.3316515076923, 19.943461153846187 ], [ -99.331565553846175, 19.943488430769165 ], [ -99.331479615384552, 19.943524738461537 ], [ -99.331384092307673, 19.94354298461537 ], [ -99.331298169230763, 19.94357929230771 ], [ -99.331221830769181, 19.94363366153846 ], [ -99.331164646153766, 19.943706061538538 ], [ -99.331145723076858, 19.943796461538476 ], [ -99.331088507692286, 19.943859815384627 ], [ -99.331002584615405, 19.943896123076936 ], [ -99.330907015384568, 19.943896307692274 ], [ -99.330811461538474, 19.94389649230769 ], [ -99.33071592307688, 19.943905692307734 ], [ -99.330620369230758, 19.943914907692324 ], [ -99.330524846153807, 19.943933169230821 ], [ -99.330429338461457, 19.94396044615381 ], [ -99.330333784615377, 19.943960630769194 ], [ -99.330247799999967, 19.943969830769205 ], [ -99.330152246153759, 19.943979046153807 ], [ -99.330056738461494, 19.944006323076906 ], [ -99.329961199999971, 19.944015538461532 ], [ -99.329865661538477, 19.944024753846204 ], [ -99.329770046153783, 19.943997830769195 ], [ -99.329684092307659, 19.944025092307673 ], [ -99.329617292307674, 19.944070400000047 ], [ -99.329502630769156, 19.944079646153796 ], [ -99.329407076923047, 19.944079830769219 ], [ -99.329311507692253, 19.94408 ], [ -99.329235046153869, 19.944071107692302 ], [ -99.329139476923046, 19.94407129230769 ], [ -99.329053430769179, 19.944053369230804 ], [ -99.328957876923042, 19.944053553846199 ], [ -99.328862307692305, 19.944053723076898 ], [ -99.328766784615382, 19.94407198461537 ], [ -99.328671230769174, 19.9440721538462 ], [ -99.328575661538451, 19.944072338461538 ], [ -99.328480092307686, 19.944072507692301 ], [ -99.328384523076849, 19.944063646153815 ], [ -99.328288938461483, 19.944054784615375 ], [ -99.328193338461475, 19.944036892307683 ], [ -99.328097753846151, 19.944028030769193 ], [ -99.328002169230786, 19.94401916923082 ], [ -99.327906615384563, 19.944019353846237 ], [ -99.327811046153798, 19.944019523076886 ], [ -99.327715492307675, 19.944019707692288 ], [ -99.327619969230739, 19.944037953846209 ], [ -99.327534, 19.944056184615427 ], [ -99.327438476923064, 19.944074430769156 ], [ -99.327342907692255, 19.9440746 ], [ -99.327247338461447, 19.944074784615349 ], [ -99.327151784615367, 19.944074953846169 ], [ -99.327056215384545, 19.944075138461496 ], [ -99.326960676923065, 19.944084353846158 ], [ -99.326865138461471, 19.944093553846173 ], [ -99.326769569230763, 19.944093738461497 ], [ -99.326673953846182, 19.944066800000023 ], [ -99.326597399999955, 19.94401272307686 ], [ -99.326511307692272, 19.943976738461462 ], [ -99.326415738461478, 19.943967876923093 ], [ -99.326329676923052, 19.943940923076937 ], [ -99.326243615384584, 19.943913969230803 ], [ -99.326128892307679, 19.943896107692325 ], [ -99.326023738461501, 19.943878230769226 ], [ -99.325947353846061, 19.943905476923103 ], [ -99.325851799999953, 19.943914692307697 ], [ -99.325746661538474, 19.943905846153758 ], [ -99.325660630769192, 19.943887923076922 ], [ -99.325574584615367, 19.943870015384629 ], [ -99.325498030769154, 19.9438249692308 ], [ -99.325411938461471, 19.943779953846235 ], [ -99.32532586153846, 19.943743953846198 ], [ -99.325239784615391, 19.943707969230822 ], [ -99.325201661538472, 19.943762261538531 ], [ -99.32515409230767, 19.9438617538462 ], [ -99.325087338461458, 19.943934169230811 ], [ -99.325020584615359, 19.943997538461492 ], [ -99.324972969230785, 19.944078953846248 ], [ -99.324925323076883, 19.944151338461491 ], [ -99.324877707692266, 19.944232753846215 ], [ -99.324820507692266, 19.944296123076892 ], [ -99.324753753846153, 19.944368538461489 ], [ -99.324696569230767, 19.944440923076872 ], [ -99.324639384615367, 19.944513323076904 ], [ -99.324553446153786, 19.944549630769188 ], [ -99.324467523076862, 19.944585938461497 ], [ -99.324400769230749, 19.944658353846204 ], [ -99.324334, 19.944721723076924 ], [ -99.324286384615405, 19.944803138461463 ], [ -99.324229199999976, 19.944875538461478 ], [ -99.324143246153881, 19.94490281538463 ], [ -99.324047707692259, 19.944912015384631 ], [ -99.323952138461479, 19.9449122 ], [ -99.323866215384584, 19.944948492307656 ], [ -99.323809015384555, 19.945020892307671 ], [ -99.323761399999981, 19.945102307692306 ], [ -99.323694646153882, 19.9451656923077 ], [ -99.323637446153768, 19.945238092307694 ], [ -99.323599384615363, 19.945319492307714 ], [ -99.323561323076888, 19.945400876923134 ], [ -99.323551953846078, 19.945491261538468 ], [ -99.323542584615339, 19.94558164615383 ], [ -99.323542769230741, 19.945672015384627 ], [ -99.32353339999996, 19.945762399999985 ], [ -99.32353358461539, 19.945852769230761 ], [ -99.323533769230764, 19.945943138461477 ], [ -99.323495723076874, 19.946033569230785 ], [ -99.323467215384596, 19.946114953846216 ], [ -99.323467399999984, 19.946205323076882 ], [ -99.323477138461485, 19.946295661538521 ], [ -99.323477323076872, 19.946386030769201 ], [ -99.323496553846212, 19.946440215384612 ], [ -99.323506184615383, 19.946476338461537 ], [ -99.323544569230791, 19.946557600000027 ], [ -99.32359250769224, 19.946629815384579 ], [ -99.323640446153775, 19.946711046153808 ], [ -99.323678846153854, 19.946792307692306 ], [ -99.323736323076901, 19.946864492307693 ], [ -99.323774723076852, 19.94694575384619 ], [ -99.32380356923079, 19.947036076923077 ], [ -99.323851507692254, 19.947108276923135 ], [ -99.323928138461469, 19.947198507692331 ], [ -99.323995092307669, 19.947225492307716 ], [ -99.324081138461494, 19.947243415384612 ], [ -99.324176769230746, 19.947279384615388 ], [ -99.324262876923058, 19.94732440000001 ], [ -99.324339415384571, 19.947369446153775 ], [ -99.324435046153795, 19.947405415384608 ], [ -99.324530630769146, 19.947414292307673 ], [ -99.324597661538476, 19.947477415384608 ], [ -99.324683799999974, 19.947540523076931 ], [ -99.324779353846168, 19.947540338461511 ], [ -99.324865430769165, 19.947567292307724 ], [ -99.32496103076916, 19.947585200000027 ], [ -99.325047138461471, 19.947639261538477 ], [ -99.32513320000001, 19.947666215384647 ], [ -99.325228784615348, 19.94767507692308 ], [ -99.325324384615357, 19.94769296923079 ], [ -99.325400923076856, 19.947728969230813 ], [ -99.325467861538485, 19.947755969230776 ], [ -99.325534815384572, 19.947782953846158 ], [ -99.325620923076869, 19.947827969230818 ], [ -99.325716523076878, 19.947845876923093 ], [ -99.325812030769171, 19.947818584615412 ], [ -99.325898092307696, 19.947845538461529 ], [ -99.325984030769177, 19.947809230769238 ], [ -99.326079553846185, 19.947790984615423 ], [ -99.326127184615359, 19.94771860000003 ], [ -99.326222723076867, 19.947700353846205 ], [ -99.32630881538455, 19.947745384615416 ], [ -99.326385384615378, 19.947799461538484 ], [ -99.326471446153789, 19.947826415384586 ], [ -99.32656707692307, 19.947862384615405 ], [ -99.326653123076852, 19.947880292307751 ], [ -99.326748707692275, 19.947889153846202 ], [ -99.326844307692284, 19.947907061538519 ], [ -99.326892230769161, 19.947970230769201 ], [ -99.326987769230755, 19.94796101538461 ], [ -99.327054599999968, 19.947924738461506 ], [ -99.32709278461536, 19.947906599999989 ], [ -99.32712149230764, 19.947924615384586 ], [ -99.327092892307689, 19.947960815384626 ], [ -99.327064353846183, 19.948024123076912 ], [ -99.327140861538481, 19.94805109230774 ], [ -99.327179215384575, 19.948114276923139 ], [ -99.327284538461456, 19.94821349230768 ], [ -99.327275076923087, 19.948258692307689 ], [ -99.32717950769225, 19.948258861538488 ], [ -99.32708395384617, 19.948259046153844 ], [ -99.326997892307674, 19.948232092307737 ], [ -99.326940461538499, 19.948187015384583 ], [ -99.326854384615359, 19.948160061538495 ], [ -99.326797092307643, 19.948178246153816 ], [ -99.3267782, 19.948286723076876 ], [ -99.32673041538456, 19.94828680000003 ], [ -99.32671107692309, 19.9481784 ], [ -99.326653599999986, 19.948106215384605 ], [ -99.326567507692261, 19.948070230769197 ], [ -99.326490953846175, 19.948016138461501 ], [ -99.326414399999962, 19.947971107692258 ], [ -99.326318784615353, 19.947944169230794 ], [ -99.326223230769187, 19.947953384615406 ], [ -99.326127707692265, 19.947971630769182 ], [ -99.326070523076865, 19.948044030769189 ], [ -99.326022815384576, 19.948080261538479 ], [ -99.326080246153865, 19.948125338461484 ], [ -99.326099492307662, 19.948188553846204 ], [ -99.326137846153784, 19.948251753846183 ], [ -99.326070923076855, 19.948242830769196 ], [ -99.326013538461453, 19.948215830769158 ], [ -99.325956046153777, 19.948143646153785 ], [ -99.325946676923067, 19.948234030769189 ], [ -99.325889476923081, 19.948306415384604 ], [ -99.325793876923058, 19.94828852307689 ], [ -99.325745953846166, 19.948216323076913 ], [ -99.325688461538491, 19.94814413846154 ], [ -99.325640646153786, 19.948126153846228 ], [ -99.325602492307638, 19.948162369230804 ], [ -99.325669476923082, 19.948207430769195 ], [ -99.32570787692309, 19.94828867692312 ], [ -99.325755846153768, 19.948378953846237 ], [ -99.325727246153789, 19.948415153846181 ], [ -99.325669938461473, 19.948433338461534 ], [ -99.32559338461536, 19.94837926153852 ], [ -99.325507461538479, 19.948424600000038 ], [ -99.325517199999979, 19.94851495384621 ], [ -99.325440861538482, 19.948569307692278 ], [ -99.325345338461474, 19.94858755384622 ], [ -99.325278569230818, 19.948650938461526 ], [ -99.325221384615375, 19.948723338461495 ], [ -99.325135461538466, 19.948768676923088 ], [ -99.325039923076858, 19.948777876923103 ], [ -99.324953969230748, 19.948805153846248 ], [ -99.324858430769183, 19.9488234 ], [ -99.324762907692289, 19.948841646153795 ], [ -99.324676984615351, 19.948886984615392 ], [ -99.324591015384556, 19.948905215384606 ], [ -99.324495507692291, 19.948932507692319 ], [ -99.324399938461468, 19.948932676923132 ], [ -99.324304399999974, 19.948941892307733 ], [ -99.32420881538458, 19.948933030769236 ], [ -99.324113246153757, 19.948933199999967 ], [ -99.324017692307677, 19.948933369230829 ], [ -99.323922076923054, 19.94891547692308 ], [ -99.323826523076875, 19.948915646153807 ], [ -99.323730953846152, 19.94891583076922 ], [ -99.323635353846143, 19.948897923076888 ], [ -99.323539769230791, 19.948889061538484 ], [ -99.323444199999955, 19.948889230769197 ], [ -99.323348599999974, 19.948871338461483 ], [ -99.32323390769227, 19.94886250769229 ], [ -99.323157476923086, 19.94887169230768 ], [ -99.323023738461472, 19.948899046153795 ], [ -99.322928184615364, 19.94890824615382 ], [ -99.322823123076859, 19.948935553846177 ], [ -99.322727584615365, 19.9489538 ], [ -99.322651199999967, 19.948981046153811 ], [ -99.322565215384572, 19.948999276923065 ], [ -99.322469707692292, 19.949026553846181 ], [ -99.32237419999997, 19.949053846153827 ], [ -99.322269138461479, 19.94908113846148 ], [ -99.322211907692292, 19.949135461538528 ], [ -99.322154738461464, 19.949216892307682 ], [ -99.322126230769172, 19.949298276923148 ], [ -99.322088169230753, 19.949379676923069 ], [ -99.322059738461476, 19.9494972 ], [ -99.322021615384571, 19.949551492307666 ], [ -99.321935753846205, 19.949623938461485 ], [ -99.321916815384583, 19.949705307692291 ], [ -99.321878753846093, 19.949786707692336 ], [ -99.321831123076862, 19.94986812307695 ], [ -99.321783476923088, 19.949931461538498 ], [ -99.321754938461453, 19.94999476923083 ], [ -99.321678646153771, 19.950076246153785 ], [ -99.321564030769167, 19.950112600000018 ], [ -99.321478061538471, 19.950130830769201 ], [ -99.321382492307706, 19.950131 ], [ -99.321286938461455, 19.950131169230815 ], [ -99.321191369230789, 19.950131338461517 ], [ -99.321086323076855, 19.950167676923133 ], [ -99.321009846153771, 19.950158784615383 ], [ -99.320923769230774, 19.950122784615402 ], [ -99.320828138461479, 19.950095861538493 ], [ -99.320742076923068, 19.950068892307659 ], [ -99.320646476923088, 19.950051 ], [ -99.320550953846194, 19.950069246153809 ], [ -99.320465030769199, 19.950114584615445 ], [ -99.320398261538486, 19.950177953846215 ], [ -99.320360199999953, 19.950259353846217 ], [ -99.320331707692276, 19.950349769230804 ], [ -99.320293646153772, 19.950431169230811 ], [ -99.320274723076864, 19.950521569230819 ], [ -99.320265338461482, 19.950611953846206 ], [ -99.320265523076856, 19.950702323076889 ], [ -99.320265707692286, 19.950792692307729 ], [ -99.32028498461537, 19.95087398461542 ], [ -99.320313861538438, 19.950973338461484 ], [ -99.320333123076864, 19.9510456 ], [ -99.320342784615349, 19.951099799999977 ], [ -99.320342861538478, 19.951135938461501 ], [ -99.3203526, 19.95122629230773 ], [ -99.320362338461479, 19.951316646153785 ], [ -99.320381630769162, 19.95140696923082 ], [ -99.320439107692252, 19.951479153846211 ], [ -99.320487169230759, 19.951614630769214 ], [ -99.320554199999961, 19.951677753846202 ], [ -99.320640338461473, 19.951740861538468 ], [ -99.320592646153784, 19.951786123076904 ], [ -99.320497107692262, 19.951804369230828 ], [ -99.320449307692272, 19.951795430769206 ], [ -99.32041112307688, 19.951813569230826 ], [ -99.320411184615381, 19.951849707692258 ], [ -99.320525984615387, 19.951903723076907 ], [ -99.320526092307674, 19.951957938461515 ], [ -99.320392353846174, 19.951985292307715 ], [ -99.320354230769155, 19.952039584615427 ], [ -99.320297046153868, 19.952111984615367 ], [ -99.320287661538472, 19.952202369230797 ], [ -99.320230476923072, 19.952274753846215 ], [ -99.320144538461477, 19.952311061538484 ], [ -99.320049015384598, 19.952338338461551 ], [ -99.319972661538458, 19.952383661538516 ], [ -99.319877169230764, 19.952419984615378 ], [ -99.319781630769171, 19.952438230769225 ], [ -99.319695676923075, 19.952465492307716 ], [ -99.319600123076867, 19.952474707692321 ], [ -99.319504615384616, 19.952501984615413 ], [ -99.319418646153792, 19.952520215384606 ], [ -99.319332738461483, 19.952574584615373 ], [ -99.319246799999988, 19.952610892307725 ], [ -99.319180015384575, 19.952665230769195 ], [ -99.31911326153849, 19.952737646153818 ], [ -99.319036923076879, 19.952792 ], [ -99.318979723076865, 19.952864400000021 ], [ -99.318951215384558, 19.952945769230777 ], [ -99.318903630769171, 19.953045261538509 ], [ -99.318855953846167, 19.953099569230794 ], [ -99.318789215384555, 19.953181015384605 ], [ -99.318722446153728, 19.953244399999988 ], [ -99.318684384615366, 19.953325784615444 ], [ -99.318655892307703, 19.953416215384582 ], [ -99.318646523076879, 19.953506584615383 ], [ -99.318618015384558, 19.953587969230743 ], [ -99.318608646153763, 19.9536783538462 ], [ -99.318599261538481, 19.953768738461495 ], [ -99.318580338461445, 19.953859138461453 ], [ -99.318570953846077, 19.953949523076879 ], [ -99.318571138461479, 19.95403989230773 ], [ -99.318580876923079, 19.954130230769213 ], [ -99.318600169230763, 19.954220569230813 ], [ -99.318600353846193, 19.954310938461518 ], [ -99.318638753846159, 19.954401230769207 ], [ -99.318648476923059, 19.954482538461491 ], [ -99.31867733846147, 19.954572861538509 ], [ -99.318687076923055, 19.954663200000017 ], [ -99.31871595384618, 19.954771599999983 ], [ -99.318725646153865, 19.95483483076919 ], [ -99.318725830769168, 19.9549252 ], [ -99.318668630769167, 19.95499760000002 ], [ -99.318573092307673, 19.955015846153799 ], [ -99.31847749230765, 19.954997938461524 ], [ -99.31840093846148, 19.954952892307677 ], [ -99.318305323076871, 19.954925953846217 ], [ -99.318209738461476, 19.954917092307689 ], [ -99.318114153846153, 19.95490823076922 ], [ -99.318018553846144, 19.954899353846201 ], [ -99.317922984615393, 19.954899523076882 ], [ -99.317827461538471, 19.954917769230821 ], [ -99.317741507692276, 19.95494503076921 ], [ -99.317645953846167, 19.954954246153807 ], [ -99.317550430769174, 19.954981523076889 ], [ -99.317454907692252, 19.954999769230785 ], [ -99.317368938461485, 19.955027030769248 ], [ -99.317273430769177, 19.955054307692333 ], [ -99.317187492307653, 19.955090615384609 ], [ -99.317101569230744, 19.955135953846206 ], [ -99.31701563076922, 19.955172246153808 ], [ -99.316929692307653, 19.955208553846202 ], [ -99.316843753846186, 19.955244846153821 ], [ -99.316776969230787, 19.955308230769191 ], [ -99.316700676923077, 19.955389692307676 ], [ -99.316691292307667, 19.955471030769207 ], [ -99.316739230769187, 19.9555522769231 ], [ -99.316796723076862, 19.955624476923116 ], [ -99.316816, 19.955705769230782 ], [ -99.316816184615391, 19.955796138461498 ], [ -99.316825923076891, 19.955886476923112 ], [ -99.316806984615383, 19.955976876923131 ], [ -99.316807169230785, 19.956067246153804 ], [ -99.31677867692305, 19.956157661538523 ], [ -99.316759723076842, 19.956239030769165 ], [ -99.316740784615405, 19.956329430769198 ], [ -99.316740969230779, 19.95641979999996 ], [ -99.316769861538461, 19.95652818461539 ], [ -99.31677, 19.956600476923107 ], [ -99.316798830769173, 19.956681753846176 ], [ -99.316846784615393, 19.956763 ], [ -99.316885169230758, 19.956844261538535 ], [ -99.316942661538477, 19.95691644615383 ], [ -99.316942830769179, 19.957006815384645 ], [ -99.31690476923076, 19.957088215384616 ], [ -99.316943153846182, 19.957169476923106 ], [ -99.317019738461482, 19.95723260000003 ], [ -99.317077215384586, 19.957295753846211 ], [ -99.317144230769159, 19.957358876923109 ], [ -99.317211246153775, 19.95741298461536 ], [ -99.317278230769176, 19.957458046153818 ], [ -99.31733573846148, 19.957539276923136 ], [ -99.317364569230762, 19.957620553846223 ], [ -99.317460323076887, 19.957710753846246 ], [ -99.317489061538495, 19.957746846153821 ], [ -99.317622861538453, 19.9577466 ], [ -99.317613492307672, 19.95783698461539 ], [ -99.317594615384593, 19.957954492307671 ], [ -99.317556492307645, 19.958008784615416 ], [ -99.317594876923096, 19.958090046153803 ], [ -99.317633292307676, 19.95818033846151 ], [ -99.31769078461538, 19.958252538461508 ], [ -99.317776846153791, 19.958279492307721 ], [ -99.3178532, 19.958225138461497 ], [ -99.317900830769204, 19.958152753846175 ], [ -99.317919769230755, 19.958062353846241 ], [ -99.317890923076902, 19.957972046153806 ], [ -99.317795230769192, 19.957917984615378 ], [ -99.317795061538476, 19.957827630769184 ], [ -99.317804430769144, 19.957737246153791 ], [ -99.317766046153778, 19.957655984615382 ], [ -99.31782321538455, 19.957574553846211 ], [ -99.317861307692255, 19.957502184615411 ], [ -99.317880261538448, 19.957420830769205 ], [ -99.317927876923079, 19.957339415384627 ], [ -99.317985061538465, 19.957257984615392 ], [ -99.318042369230767, 19.9572398 ], [ -99.318147492307702, 19.957239615384587 ], [ -99.318233307692282, 19.957140061538528 ], [ -99.318319246153791, 19.957103753846191 ], [ -99.318414753846142, 19.957076476923117 ], [ -99.318500707692266, 19.957040169230766 ], [ -99.318577046153777, 19.956985815384588 ], [ -99.318662984615386, 19.956949523076915 ], [ -99.318758599999938, 19.956967415384625 ], [ -99.318815953846155, 19.95697635384623 ], [ -99.318873338461472, 19.956994323076895 ], [ -99.318930661538488, 19.956985184615377 ], [ -99.318997507692288, 19.956957953846207 ], [ -99.319092907692266, 19.956876446153764 ], [ -99.319198076923058, 19.956894338461517 ], [ -99.319255538461476, 19.956957492307659 ], [ -99.319217492307672, 19.957047923076903 ], [ -99.319141123076847, 19.957093246153814 ], [ -99.319141215384562, 19.957138430769216 ], [ -99.319198569230792, 19.957138323076929 ], [ -99.319294123076887, 19.957129107692339 ], [ -99.319361138461488, 19.957192246153774 ], [ -99.31936124615379, 19.957246476923089 ], [ -99.319313507692272, 19.957264630769135 ], [ -99.319246661538472, 19.957291861538483 ], [ -99.319256323076885, 19.957346061538523 ], [ -99.319323353846144, 19.95740920000004 ], [ -99.319380830769205, 19.957481384615395 ], [ -99.319476430769186, 19.957490246153803 ], [ -99.319553015384571, 19.95755336923083 ], [ -99.319553169230787, 19.957634692307689 ], [ -99.319534153846078, 19.957679923076896 ], [ -99.319448169230782, 19.957698138461463 ], [ -99.319371815384571, 19.957743461538492 ], [ -99.319304876923056, 19.95772550769232 ], [ -99.319218892307717, 19.957743738461531 ], [ -99.319142553846078, 19.957798092307709 ], [ -99.319075723076864, 19.957834369230795 ], [ -99.319018584615392, 19.957933876923093 ], [ -99.318980446153759, 19.957979123076864 ], [ -99.318951938461439, 19.958060507692295 ], [ -99.318923446153775, 19.958150923076918 ], [ -99.318923630769177, 19.958241292307697 ], [ -99.318942923076875, 19.958331615384605 ], [ -99.318981307692269, 19.958412876923095 ], [ -99.318981492307657, 19.958503246153764 ], [ -99.319000738461469, 19.958566461538496 ], [ -99.318953184615353, 19.958684030769195 ], [ -99.318981984615363, 19.958747230769198 ], [ -99.319010769230758, 19.9588014 ], [ -99.3190204461538, 19.958864646153827 ], [ -99.319030123076899, 19.958918846153786 ], [ -99.319011107692276, 19.958973092307673 ], [ -99.318925153846166, 19.959000353846225 ], [ -99.318877461538492, 19.959045630769218 ], [ -99.318820184615376, 19.959081876923115 ], [ -99.318753153846146, 19.959018738461513 ], [ -99.318695784615358, 19.959000769230776 ], [ -99.318657569230737, 19.959009876923108 ], [ -99.318686384615361, 19.9590821230769 ], [ -99.318762907692289, 19.959118123076877 ], [ -99.318858507692255, 19.959126984615381 ], [ -99.318944538461466, 19.959135876923078 ], [ -99.319001969230769, 19.959180953846221 ], [ -99.319002169230771, 19.959280353846232 ], [ -99.319050123076863, 19.959361599999983 ], [ -99.319098046153755, 19.959433799999974 ], [ -99.319136353846076, 19.959469876923094 ], [ -99.31918413846148, 19.959469800000015 ], [ -99.319222323076886, 19.959451661538498 ], [ -99.319270030769161, 19.959406384615413 ], [ -99.319356061538457, 19.959415276923089 ], [ -99.31941347692306, 19.959451307692305 ], [ -99.319432692307686, 19.959505492307709 ], [ -99.319404153846179, 19.959568800000024 ], [ -99.319461584615354, 19.959613892307683 ], [ -99.319538169230782, 19.959677 ], [ -99.319614738461453, 19.959731092307759 ], [ -99.319672230769172, 19.959803276923104 ], [ -99.31972972307689, 19.959875461538481 ], [ -99.319796738461491, 19.9599386 ], [ -99.319854215384552, 19.960001753846164 ], [ -99.319921261538468, 19.960073923076923 ], [ -99.319978753846158, 19.960146107692289 ], [ -99.320026692307692, 19.9602273538462 ], [ -99.320046, 19.960317692307701 ], [ -99.32009392307684, 19.960389892307706 ], [ -99.320132276923047, 19.960453076923127 ], [ -99.320228015384586, 19.960534246153795 ], [ -99.320295030769188, 19.960588338461527 ], [ -99.320352523076863, 19.960660523076921 ], [ -99.320409984615367, 19.960723676923109 ], [ -99.320457907692273, 19.960786846153766 ], [ -99.32047712307687, 19.960841030769195 ], [ -99.320505892307665, 19.960886169230825 ], [ -99.320553846153771, 19.960967415384644 ], [ -99.320601769230748, 19.96103961538461 ], [ -99.320630723076874, 19.961175107692288 ], [ -99.320678553846179, 19.961202138461548 ], [ -99.32077418461536, 19.961229076923043 ], [ -99.320879430769153, 19.961283107692285 ], [ -99.320927384615359, 19.9613643384615 ], [ -99.320937107692259, 19.961445661538495 ], [ -99.320937276923047, 19.961536015384645 ], [ -99.320937461538492, 19.961626384615393 ], [ -99.320928092307653, 19.961716769230769 ], [ -99.320956923076864, 19.961798046153806 ], [ -99.321052538461473, 19.961815953846195 ], [ -99.321148061538423, 19.961788661538481 ], [ -99.321234138461492, 19.961824661538543 ], [ -99.321329661538456, 19.961797369230773 ], [ -99.321415646153753, 19.961779138461527 ], [ -99.321511199999975, 19.961769938461448 ], [ -99.321606769230769, 19.961769769230774 ], [ -99.321702338461463, 19.961769584615382 ], [ -99.321778907692249, 19.961823676923078 ], [ -99.321817261538456, 19.961886861538517 ], [ -99.32187470769226, 19.961931938461497 ], [ -99.322008538461461, 19.961949769230827 ], [ -99.322104092307683, 19.961940553846237 ], [ -99.322190046153764, 19.96190426153851 ], [ -99.322256815384591, 19.961840876923095 ], [ -99.322333184615388, 19.961795553846244 ], [ -99.322438323076895, 19.961804399999956 ], [ -99.322505276923067, 19.961831384615419 ], [ -99.322600953846077, 19.961876400000012 ], [ -99.322677461538461, 19.961903369230804 ], [ -99.32277307692307, 19.961921261538482 ], [ -99.322840046153772, 19.961957292307687 ], [ -99.322840153846158, 19.962011507692281 ], [ -99.32287847692308, 19.96205663076918 ], [ -99.322869030769169, 19.962110861538516 ], [ -99.322811692307667, 19.962110969230782 ], [ -99.322744661538465, 19.962047830769226 ], [ -99.322677630769192, 19.961984692307663 ], [ -99.322582076923084, 19.961993907692321 ], [ -99.322496123076874, 19.962030215384637 ], [ -99.322419723076877, 19.962057461538517 ], [ -99.322372138461475, 19.962156953846179 ], [ -99.322334092307685, 19.96224738461542 ], [ -99.322238584615363, 19.962274661538483 ], [ -99.322152584615353, 19.962283861538506 ], [ -99.322066723076873, 19.962365338461481 ], [ -99.321990369230775, 19.962410661538506 ], [ -99.321914015384607, 19.962465030769206 ], [ -99.321828, 19.962465184615411 ], [ -99.321751415384554, 19.962402061538505 ], [ -99.321655815384602, 19.9623932 ], [ -99.321598523076872, 19.96242041538461 ], [ -99.321503, 19.962438661538524 ], [ -99.321522369230806, 19.962565138461478 ], [ -99.321503430769155, 19.96265553846148 ], [ -99.321465215384563, 19.962664646153762 ], [ -99.321407815384575, 19.962637646153773 ], [ -99.321369430769167, 19.962556384615404 ], [ -99.321321476923075, 19.962475138461521 ], [ -99.321235553846165, 19.962520476923114 ], [ -99.321139923076913, 19.962493538461501 ], [ -99.321063369230799, 19.962448492307711 ], [ -99.320977261538459, 19.962403461538514 ], [ -99.320881676923065, 19.962394599999982 ], [ -99.32079570769227, 19.962421861538505 ], [ -99.320719384615373, 19.96248526153855 ], [ -99.320633338461462, 19.962467338461494 ], [ -99.320575861538458, 19.962404184615441 ], [ -99.320508799999971, 19.96232298461539 ], [ -99.32042278461536, 19.962323138461464 ], [ -99.320384676923084, 19.962386461538472 ], [ -99.320327476923055, 19.962458861538511 ], [ -99.320231953846189, 19.962486138461543 ], [ -99.320136399999953, 19.962495353846226 ], [ -99.320136584615355, 19.962585723076881 ], [ -99.320174984615363, 19.962666984615403 ], [ -99.320251584615377, 19.962739138461473 ], [ -99.320309030769181, 19.962793246153822 ], [ -99.320404676923047, 19.962829215384609 ], [ -99.320490769230744, 19.962865215384571 ], [ -99.320510076923085, 19.962955538461532 ], [ -99.320481569230765, 19.96303692307686 ], [ -99.320472184615369, 19.963127307692279 ], [ -99.320424569230781, 19.963208723076892 ], [ -99.320424753846154, 19.963299092307679 ], [ -99.320367553846168, 19.963371492307719 ], [ -99.320348692307675, 19.963498030769234 ], [ -99.320406092307692, 19.963525046153826 ], [ -99.320463599999954, 19.963606261538498 ], [ -99.320406476923054, 19.9637148 ], [ -99.320339584615354, 19.963723969230795 ], [ -99.320244015384574, 19.963724138461458 ], [ -99.320167446153789, 19.963670061538501 ], [ -99.320119553846169, 19.963615923076919 ], [ -99.320042923076883, 19.96353472307695 ], [ -99.320004538461504, 19.963453476923103 ], [ -99.319994799999961, 19.963363123076913 ], [ -99.320032861538451, 19.963281723076914 ], [ -99.320013569230753, 19.963191384615431 ], [ -99.319946538461451, 19.963128261538476 ], [ -99.319850938461471, 19.963119384615389 ], [ -99.319755323076848, 19.9631014923077 ], [ -99.319736030769192, 19.963011153846193 ], [ -99.319726292307664, 19.962920815384617 ], [ -99.319640338461468, 19.962948076923119 ], [ -99.319573553846183, 19.963011446153786 ], [ -99.319497092307685, 19.963011584615401 ], [ -99.319458815384593, 19.962984553846219 ], [ -99.319439523076866, 19.962894215384566 ], [ -99.319382030769162, 19.962822030769246 ], [ -99.319334076923099, 19.962740784615434 ], [ -99.319381584615357, 19.962605153846166 ], [ -99.319324153846182, 19.962560076923108 ], [ -99.319228569230816, 19.962551200000021 ], [ -99.319132984615365, 19.962551384615406 ], [ -99.319047030769156, 19.962578646153787 ], [ -99.318951492307676, 19.962596892307701 ], [ -99.318855953846153, 19.962615138461526 ], [ -99.31877, 19.962642399999982 ], [ -99.318674492307636, 19.962678707692337 ], [ -99.318598138461468, 19.96273307692314 ], [ -99.318550507692265, 19.962805446153773 ], [ -99.318560246153851, 19.962895800000034 ], [ -99.318627292307696, 19.962967969230743 ], [ -99.318675230769173, 19.963049215384611 ], [ -99.31867541538459, 19.963139584615401 ], [ -99.318685153846161, 19.963229923076923 ], [ -99.318627953846104, 19.963302323076935 ], [ -99.31857075384616, 19.963374723076889 ], [ -99.318532692307684, 19.963456123076906 ], [ -99.318456338461488, 19.963510476923094 ], [ -99.318370399999964, 19.963546769230792 ], [ -99.318284430769168, 19.963574046153781 ], [ -99.318188861538474, 19.963574215384632 ], [ -99.318102769230805, 19.963538215384599 ], [ -99.318026184615377, 19.963475092307679 ], [ -99.317911569230802, 19.963511446153785 ], [ -99.317825676923064, 19.963574861538515 ], [ -99.317816246153868, 19.963638138461501 ], [ -99.317806815384557, 19.963701400000037 ], [ -99.317759046153753, 19.963710523076898 ], [ -99.317672984615385, 19.963683569230767 ], [ -99.317605938461483, 19.9636114 ], [ -99.317567538461461, 19.9635301384615 ], [ -99.317538707692279, 19.963448861538478 ], [ -99.317500292307685, 19.963358569230788 ], [ -99.317461907692277, 19.963277307692319 ], [ -99.31742350769224, 19.963196046153804 ], [ -99.317375738461479, 19.963205169230839 ], [ -99.317347153846171, 19.9632504 ], [ -99.317328230769149, 19.963340800000022 ], [ -99.317318846153881, 19.963431184615413 ], [ -99.317271230769165, 19.963512600000037 ], [ -99.317261846153855, 19.963602984615427 ], [ -99.317242907692275, 19.963693384615418 ], [ -99.317214384615369, 19.963765723076889 ], [ -99.317214584615357, 19.963865123076946 ], [ -99.317195646153806, 19.96395552307688 ], [ -99.317167138461485, 19.964036907692314 ], [ -99.3171482, 19.964127307692294 ], [ -99.317157969230792, 19.964226692307694 ], [ -99.317177246153776, 19.964307984615441 ], [ -99.317253784615374, 19.964353030769193 ], [ -99.317320815384605, 19.964416169230823 ], [ -99.317416507692272, 19.964470215384623 ], [ -99.317502553846154, 19.964488138461505 ], [ -99.317569507692284, 19.964515123076914 ], [ -99.317636538461471, 19.96457826153847 ], [ -99.317674938461451, 19.964659523076861 ], [ -99.31765589230767, 19.96469570769229 ], [ -99.317617661538449, 19.964695769230811 ], [ -99.317522030769155, 19.964668830769202 ], [ -99.317397846153881, 19.96469616923082 ], [ -99.317302276923058, 19.964705369230764 ], [ -99.317206692307693, 19.964696507692338 ], [ -99.317139861538465, 19.964732769230814 ], [ -99.317111338461487, 19.964805123076879 ], [ -99.317082784615351, 19.96486843076919 ], [ -99.317082907692253, 19.964931676923101 ], [ -99.317178538461491, 19.964958615384557 ], [ -99.317178646153764, 19.965012846153808 ], [ -99.317150046153785, 19.965049030769212 ], [ -99.317092830769127, 19.9651124 ], [ -99.317016553846187, 19.965202892307691 ], [ -99.317016692307647, 19.965275184615443 ], [ -99.317007323076879, 19.965365569230777 ], [ -99.31700749230771, 19.965455938461506 ], [ -99.317007676923097, 19.965546307692318 ], [ -99.317065169230787, 19.965618492307687 ], [ -99.317141753846158, 19.965681615384575 ], [ -99.317218307692286, 19.965726661538501 ], [ -99.317285338461488, 19.9657898 ], [ -99.317361907692288, 19.965843876923081 ], [ -99.317438492307673, 19.965907 ], [ -99.317495984615391, 19.965979184615406 ], [ -99.317486476923079, 19.966006323076879 ], [ -99.317429153846078, 19.966015461538497 ], [ -99.317314369230772, 19.965970476923093 ], [ -99.317218784615378, 19.965961615384575 ], [ -99.317123199999969, 19.965961784615395 ], [ -99.317037261538474, 19.965998092307725 ], [ -99.316999184615398, 19.966079476923074 ], [ -99.317018476923081, 19.9661698153846 ], [ -99.317018661538469, 19.966260184615404 ], [ -99.31699972307689, 19.966350584615412 ], [ -99.316971215384598, 19.96643195384619 ], [ -99.316933046153764, 19.966459138461524 ], [ -99.316885199999959, 19.966432107692327 ], [ -99.316885123076858, 19.966395969230813 ], [ -99.316884953846156, 19.9663056 ], [ -99.316875215384542, 19.966215246153819 ], [ -99.316827276923107, 19.966143046153803 ], [ -99.316779323076886, 19.96606180000002 ], [ -99.31674093846145, 19.965980538461544 ], [ -99.316702538461485, 19.965899276923075 ], [ -99.316635507692268, 19.965836138461533 ], [ -99.316578, 19.965754923076943 ], [ -99.316577830769177, 19.965664553846221 ], [ -99.31657764615376, 19.965574184615438 ], [ -99.316567907692246, 19.965483830769173 ], [ -99.31651996923074, 19.965411630769207 ], [ -99.316519799999952, 19.965321261538492 ], [ -99.316519615384593, 19.96523089230773 ], [ -99.316471599999986, 19.965113507692291 ], [ -99.316414199999954, 19.965086492307666 ], [ -99.316385338461458, 19.96499618461538 ], [ -99.31640427692308, 19.964905784615397 ], [ -99.316432784615372, 19.964824399999952 ], [ -99.316403938461477, 19.964734092307733 ], [ -99.316356, 19.964661876923113 ], [ -99.316269892307687, 19.96461684615376 ], [ -99.316231507692237, 19.964535584615412 ], [ -99.31626, 19.964445169230814 ], [ -99.316298092307676, 19.964381846153778 ], [ -99.316307523076844, 19.964318569230777 ], [ -99.316316938461483, 19.96424626153852 ], [ -99.316307276923055, 19.964192061538494 ], [ -99.316259399999979, 19.964146969230836 ], [ -99.316202061538462, 19.964147061538501 ], [ -99.316125538461463, 19.964120092307699 ], [ -99.316077646153744, 19.96406595384622 ], [ -99.316106030769177, 19.963921323076857 ], [ -99.316134553846169, 19.963848984615414 ], [ -99.316096153846161, 19.963758676923096 ], [ -99.316115092307641, 19.963668276923077 ], [ -99.316105399999969, 19.963605046153827 ], [ -99.316028784615355, 19.963523846153755 ], [ -99.315933092307688, 19.963469800000031 ], [ -99.315866076923044, 19.963406661538482 ], [ -99.315770446153792, 19.963379723076898 ], [ -99.315674830769169, 19.963361815384584 ], [ -99.315588784615372, 19.963343907692344 ], [ -99.315493184615391, 19.96333503076923 ], [ -99.315397538461468, 19.963299061538489 ], [ -99.315320969230754, 19.963244969230811 ], [ -99.315244476923084, 19.963227030769186 ], [ -99.315158430769188, 19.96320912307689 ], [ -99.3150916, 19.963245384615401 ], [ -99.315063107692254, 19.9633358 ], [ -99.315044076923073, 19.963381015384602 ], [ -99.314977184615358, 19.9633811384615 ], [ -99.314977, 19.963290769230792 ], [ -99.314986384615381, 19.963200384615401 ], [ -99.314976646153795, 19.963110030769201 ], [ -99.314919138461462, 19.963028815384622 ], [ -99.314833061538465, 19.96300184615383 ], [ -99.314737476923057, 19.962992984615425 ], [ -99.314660907692286, 19.962938907692312 ], [ -99.314584353846186, 19.962893846153786 ], [ -99.314488723076877, 19.962866907692277 ], [ -99.314412169230764, 19.962812830769259 ], [ -99.314345153846062, 19.962758723076856 ], [ -99.314278123076875, 19.9626955846154 ], [ -99.314211076923073, 19.962623415384616 ], [ -99.314163153846152, 19.962551199999982 ], [ -99.314086569230739, 19.96248809230767 ], [ -99.314019538461437, 19.962424953846227 ], [ -99.313952523076878, 19.962361815384579 ], [ -99.313914107692256, 19.962271507692304 ], [ -99.313856646153852, 19.962208353846201 ], [ -99.313780076923038, 19.96215427692308 ], [ -99.313694, 19.962127323076892 ], [ -99.313598384615375, 19.962100369230807 ], [ -99.313512276923078, 19.962055338461493 ], [ -99.313426199999967, 19.962028384615444 ], [ -99.313321030769188, 19.962010492307712 ], [ -99.313225476923094, 19.962019707692335 ], [ -99.313139507692256, 19.962037923076931 ], [ -99.313043969230762, 19.962056169230792 ], [ -99.312948353846181, 19.962038261538545 ], [ -99.3128526923077, 19.961993246153789 ], [ -99.312747523076851, 19.961975369230824 ], [ -99.312661507692269, 19.961975507692301 ], [ -99.312565953846175, 19.961984723076924 ], [ -99.312470415384581, 19.962002953846188 ], [ -99.31246095384617, 19.962048153846208 ], [ -99.312527861538484, 19.962057076923088 ], [ -99.312547030769124, 19.962084153846163 ], [ -99.312518476923088, 19.962138430769212 ], [ -99.312461276923088, 19.962210815384612 ], [ -99.312404061538473, 19.962283215384605 ], [ -99.312299030769168, 19.962328584615427 ], [ -99.312222630769199, 19.962364861538479 ], [ -99.312165415384598, 19.962428215384637 ], [ -99.312117723076867, 19.962473492307705 ], [ -99.312069969230762, 19.962491646153758 ], [ -99.31201253846146, 19.962446553846195 ], [ -99.311945600000016, 19.9624286 ], [ -99.311888230769199, 19.962419676923094 ], [ -99.311878784615345, 19.962473907692313 ], [ -99.311926676923065, 19.962528046153771 ], [ -99.311965, 19.962573153846161 ], [ -99.311945969230763, 19.962618369230793 ], [ -99.311812323076865, 19.962699938461476 ], [ -99.31168829230765, 19.9628086 ], [ -99.311717569230751, 19.963115784615404 ], [ -99.311287369230769, 19.963053292307741 ], [ -99.310082830769161, 19.962901769230758 ], [ -99.309958553846158, 19.962883923076937 ], [ -99.309891630769144, 19.962875 ], [ -99.309509184615351, 19.962794338461553 ], [ -99.309298815384551, 19.962740476923148 ], [ -99.309461092307671, 19.96264080000001 ], [ -99.309547092307653, 19.962631615384595 ], [ -99.309556538461464, 19.962577369230839 ], [ -99.30956592307686, 19.962486984615378 ], [ -99.309556215384603, 19.96240567692313 ], [ -99.309575138461454, 19.962306246153801 ], [ -99.309603676923075, 19.962242938461518 ], [ -99.309622630769169, 19.962161569230805 ], [ -99.309679799999969, 19.962071107692278 ], [ -99.309737, 19.961998723076938 ], [ -99.309794215384585, 19.961926323076927 ], [ -99.309822723076863, 19.961844938461525 ], [ -99.309860769230752, 19.961754507692266 ], [ -99.309908415384569, 19.96168213846148 ], [ -99.30996559999997, 19.96160070769227 ], [ -99.309975061538481, 19.961546461538504 ], [ -99.309984507692278, 19.96149223076922 ], [ -99.309965307692266, 19.961447076923058 ], [ -99.309946107692284, 19.961401938461464 ], [ -99.309907692307689, 19.961311630769195 ], [ -99.309897969230775, 19.961221292307709 ], [ -99.309907338461443, 19.961130907692318 ], [ -99.309926276923079, 19.961040507692324 ], [ -99.309945230769188, 19.960959138461511 ], [ -99.309964169230796, 19.960868738461528 ], [ -99.309983107692304, 19.960778338461527 ], [ -99.310002046153755, 19.960687938461486 ], [ -99.310049692307686, 19.960615569230796 ], [ -99.310106923076887, 19.960552215384631 ], [ -99.310164107692287, 19.960470784615406 ], [ -99.3102308769231, 19.9604074 ], [ -99.31027850769226, 19.960326 ], [ -99.310316569230807, 19.960244600000053 ], [ -99.310316399999948, 19.960154230769188 ], [ -99.31031621538456, 19.960063861538501 ], [ -99.3103256, 19.959973476923064 ], [ -99.310354107692291, 19.959892107692326 ], [ -99.310382646153769, 19.959819753846222 ], [ -99.310439815384569, 19.959729292307696 ], [ -99.310477876923073, 19.959647892307686 ], [ -99.310515938461478, 19.959557461538505 ], [ -99.310554, 19.959476076923121 ], [ -99.310611199999954, 19.959403676923092 ], [ -99.310668415384569, 19.959340323076859 ], [ -99.310735199999954, 19.959276953846178 ], [ -99.310792399999983, 19.959204553846217 ], [ -99.31084958461534, 19.9591231230769 ], [ -99.310868630769178, 19.959086938461532 ], [ -99.310897199999943, 19.959032676923083 ], [ -99.310897061538455, 19.958969415384633 ], [ -99.310887399999984, 19.958915215384607 ], [ -99.310887230769168, 19.958824846153757 ], [ -99.310887046153866, 19.95873447692313 ], [ -99.31090598461536, 19.958644076923111 ], [ -99.310924923076854, 19.958553676923113 ], [ -99.310953415384589, 19.958463261538508 ], [ -99.310981938461467, 19.958381892307671 ], [ -99.31102, 19.958300492307703 ], [ -99.311058076923075, 19.958219092307697 ], [ -99.311115215384575, 19.958119600000035 ], [ -99.311115061538459, 19.958038261538515 ], [ -99.311095769230789, 19.957947923076873 ], [ -99.311095584615387, 19.957857569230825 ] ] ] ] } },
{ "type": "Feature", "properties": { "IDBD": 173244, "FC": 6291, "CONDICION": "CUERPO DE AGUA INTERMITENTE" }, "geometry": { "type": "MultiPolygon", "coordinates": [ [ [ [ -99.264060230769203, 19.943493169230745 ], [ -99.264031446153837, 19.943420923076932 ], [ -99.264040861538433, 19.943330538461481 ], [ -99.264078953846123, 19.943258184615367 ], [ -99.26415532307692, 19.943203846153878 ], [ -99.264212569230708, 19.943149553846158 ], [ -99.264250723076884, 19.94310430769233 ], [ -99.264327123076924, 19.943077076923071 ], [ -99.264393984615367, 19.943058907692325 ], [ -99.264441753846157, 19.9430498 ], [ -99.26448, 19.94306781538463 ], [ -99.264508723076901, 19.943094892307691 ], [ -99.264480138461536, 19.943149153846154 ], [ -99.264451615384601, 19.943230523076917 ], [ -99.264423, 19.943266707692253 ], [ -99.26434664615384, 19.943321046153823 ], [ -99.264260692307644, 19.943357323076935 ], [ -99.264165199999965, 19.943402646153825 ], [ -99.264117492307648, 19.943438861538439 ], [ -99.264079323076913, 19.943475061538471 ], [ -99.264060230769203, 19.943493169230745 ] ] ] ] } },
{ "type": "Feature", "properties": { "IDBD": 173383, "FC": 6291, "CONDICION": "CUERPO DE AGUA INTERMITENTE" }, "geometry": { "type": "MultiPolygon", "coordinates": [ [ [ [ -99.283821015384603, 19.937263538461536 ], [ -99.283782861538455, 19.937299753846155 ], [ -99.283687338461519, 19.9373270153846 ], [ -99.283515292307683, 19.937300184615399 ], [ -99.283266753846107, 19.937255384615433 ], [ -99.283209476923034, 19.937282584615396 ], [ -99.283142569230705, 19.937273661538427 ], [ -99.283046953846124, 19.937246707692271 ], [ -99.283008630769231, 19.937192538461584 ], [ -99.283046753846122, 19.937129230769223 ], [ -99.283046661538449, 19.937084046153846 ], [ -99.282998861538445, 19.937066046153831 ], [ -99.282941461538456, 19.937029984615414 ], [ -99.282950938461511, 19.936984800000012 ], [ -99.283027399999938, 19.936993707692324 ], [ -99.283008184615355, 19.936939523076937 ], [ -99.282931646153784, 19.936885415384619 ], [ -99.282941092307652, 19.936822153846165 ], [ -99.282988707692269, 19.936731707692314 ], [ -99.283065076923037, 19.936686400000013 ], [ -99.283112938461528, 19.936731507692322 ], [ -99.283198907692295, 19.936713292307711 ], [ -99.28326572307688, 19.936677046153868 ], [ -99.283275169230748, 19.936613769230817 ], [ -99.283332430769207, 19.936568492307678 ], [ -99.283389723076908, 19.936550338461501 ], [ -99.283456599999965, 19.936541184615393 ], [ -99.283523446153836, 19.936513969230798 ], [ -99.28359027692305, 19.936477723076916 ], [ -99.283666630769204, 19.936432415384616 ], [ -99.283762153846155, 19.936405153846142 ], [ -99.283857692307649, 19.936395969230787 ], [ -99.28391515384611, 19.936468169230768 ], [ -99.283915307692297, 19.936558538461554 ], [ -99.283896369230732, 19.936648923076884 ], [ -99.283839215384603, 19.936757461538452 ], [ -99.28383932307689, 19.936811676923064 ], [ -99.28382992307688, 19.936902061538433 ], [ -99.283868246153816, 19.936956215384608 ], [ -99.283858799999976, 19.937019492307737 ], [ -99.283811138461516, 19.937082830769253 ], [ -99.28379216923075, 19.93716418461538 ], [ -99.283811384615348, 19.937218369230767 ], [ -99.283821015384603, 19.937263538461536 ] ] ] ] } },
{ "type": "Feature", "properties": { "IDBD": 173456, "FC": 6291, "CONDICION": "CUERPO DE AGUA INTERMITENTE" }, "geometry": { "type": "MultiPolygon", "coordinates": [ [ [ [ -99.278596061538423, 19.933015538461493 ], [ -99.278347276923071, 19.932826153846147 ], [ -99.278088753846106, 19.93252835384617 ], [ -99.277839799999967, 19.932239569230763 ], [ -99.27765787692303, 19.932022969230758 ], [ -99.277552430769234, 19.931833369230784 ], [ -99.277504461538456, 19.931725 ], [ -99.277456569230736, 19.931661815384636 ], [ -99.277236569230723, 19.931535646153858 ], [ -99.277140384615365, 19.931174338461521 ], [ -99.277044430769195, 19.93093952307688 ], [ -99.27698666153843, 19.930695630769197 ], [ -99.276948246153836, 19.930578215384557 ], [ -99.276957707692262, 19.930523984615373 ], [ -99.277196399999951, 19.930415169230791 ], [ -99.277521123076909, 19.930324292307692 ], [ -99.277798199999964, 19.930305784615395 ], [ -99.277989292307652, 19.930296446153832 ], [ -99.278333353846122, 19.930332061538447 ], [ -99.278457569230724, 19.930331861538441 ], [ -99.278457661538383, 19.930377046153858 ], [ -99.278429430769222, 19.930630123076956 ], [ -99.278372584615354, 19.930910338461551 ], [ -99.278353923076892, 19.931163399999981 ], [ -99.278325769230747, 19.931461661538496 ], [ -99.278307184615343, 19.93175989230771 ], [ -99.278393676923045, 19.932039892307682 ], [ -99.27848990769229, 19.932428323076891 ], [ -99.278547784615327, 19.932735476923074 ], [ -99.278596061538423, 19.933015538461493 ] ] ] ] } },
{ "type": "Feature", "properties": { "IDBD": 173485, "FC": 6291, "CONDICION": "CUERPO DE AGUA INTERMITENTE" }, "geometry": { "type": "MultiPolygon", "coordinates": [ [ [ [ -99.276873338461513, 19.931463923076933 ], [ -99.276835107692293, 19.931454953846121 ], [ -99.276825415384579, 19.931382661538461 ], [ -99.276758446153821, 19.931337584615381 ], [ -99.276624615384577, 19.931301646153791 ], [ -99.276538569230709, 19.931274676923056 ], [ -99.276443, 19.931265784615384 ], [ -99.276347446153821, 19.931265938461522 ], [ -99.276261369230753, 19.931220892307675 ], [ -99.276137107692279, 19.931203 ], [ -99.276089384615375, 19.931230184615384 ], [ -99.276041630769171, 19.931248338461547 ], [ -99.276012892307676, 19.931203200000017 ], [ -99.276060584615365, 19.931157938461514 ], [ -99.276003138461476, 19.931094769230771 ], [ -99.275926630769206, 19.931058738461559 ], [ -99.275831076923055, 19.931058892307675 ], [ -99.27573547692306, 19.931031938461555 ], [ -99.275735323076887, 19.930941569230754 ], [ -99.275792538461488, 19.9308691846154 ], [ -99.275859323076901, 19.93081486153849 ], [ -99.275878384615353, 19.930787723076975 ], [ -99.275878323076881, 19.930751569230782 ], [ -99.275840092307661, 19.930742599999988 ], [ -99.275744569230753, 19.930760815384609 ], [ -99.275658569230728, 19.930760953846168 ], [ -99.275543907692295, 19.93076112307692 ], [ -99.275467399999968, 19.930725107692311 ], [ -99.275390876923069, 19.930680030769203 ], [ -99.275333415384594, 19.930607830769254 ], [ -99.27526639999995, 19.930535646153825 ], [ -99.275218492307687, 19.930463415384615 ], [ -99.275170584615367, 19.930382169230779 ], [ -99.275122676923061, 19.930309953846159 ], [ -99.275084323076854, 19.930228676923086 ], [ -99.275055492307672, 19.930138353846161 ], [ -99.275064892307668, 19.930047969230785 ], [ -99.27510296923073, 19.929966584615396 ], [ -99.275179307692312, 19.929903215384581 ], [ -99.275274861538463, 19.92990306153845 ], [ -99.275370415384572, 19.92990290769232 ], [ -99.275465953846123, 19.929893723076937 ], [ -99.275561476923073, 19.929875507692323 ], [ -99.27565703076921, 19.929875353846185 ], [ -99.275743, 19.929857153846136 ], [ -99.275838553846128, 19.929857 ], [ -99.275934107692279, 19.929856861538507 ], [ -99.276029661538431, 19.929856707692281 ], [ -99.276125169230752, 19.929829446153839 ], [ -99.276220707692261, 19.92982026153846 ], [ -99.276258984615367, 19.929856353846183 ], [ -99.276287738461505, 19.929901492307661 ], [ -99.2763644, 19.930027876923123 ], [ -99.276412584615358, 19.930262769230733 ], [ -99.276460569230764, 19.930380169230759 ], [ -99.276527646153852, 19.930488507692335 ], [ -99.276575599999987, 19.930587830769255 ], [ -99.276613907692251, 19.930641984615381 ], [ -99.276700199999965, 19.930813553846168 ], [ -99.276757753846141, 19.93093996923076 ], [ -99.27680581538462, 19.931102553846166 ], [ -99.276815646153807, 19.931256169230746 ], [ -99.276863646153842, 19.931382615384621 ], [ -99.276873338461513, 19.931463923076933 ] ] ] ] } },
{ "type": "Feature", "properties": { "IDBD": 173545, "FC": 6291, "CONDICION": "CUERPO DE AGUA INTERMITENTE" }, "geometry": { "type": "MultiPolygon", "coordinates": [ [ [ [ -99.232299953846137, 19.927154015384605 ], [ -99.232194861538431, 19.927163184615374 ], [ -99.232127907692245, 19.92711809230774 ], [ -99.232061015384588, 19.927118169230777 ], [ -99.231984646153819, 19.927163461538449 ], [ -99.231984723076891, 19.927217676923068 ], [ -99.231994415384605, 19.927308030769218 ], [ -99.232042246153782, 19.927344123076939 ], [ -99.23211864615385, 19.927316907692347 ], [ -99.232271446153831, 19.927262492307669 ], [ -99.232281076923044, 19.927307661538478 ], [ -99.232252461538451, 19.927343846153839 ], [ -99.232166507692256, 19.927380107692315 ], [ -99.232137861538419, 19.927389169230786 ], [ -99.232128369230722, 19.927434369230745 ], [ -99.232128446153823, 19.9274885846154 ], [ -99.232090230769188, 19.927488646153829 ], [ -99.232071076923049, 19.927461553846129 ], [ -99.232042353846126, 19.92741641538462 ], [ -99.231956307692272, 19.927389415384631 ], [ -99.231908538461511, 19.927389476923089 ], [ -99.231908569230725, 19.927416584615344 ], [ -99.231908630769198, 19.927461769230735 ], [ -99.231908723076884, 19.92752503076921 ], [ -99.231927923076881, 19.927579215384661 ], [ -99.231937538461537, 19.927624384615392 ], [ -99.23189936923076, 19.927660584615392 ], [ -99.23183249230766, 19.927669707692292 ], [ -99.231746461538449, 19.927642707692314 ], [ -99.231717723076898, 19.927597569230791 ], [ -99.231679430769219, 19.927543400000054 ], [ -99.231679338461475, 19.927480138461561 ], [ -99.23161238461536, 19.927435046153853 ], [ -99.231526461538422, 19.927489384615381 ], [ -99.231497861538443, 19.927534600000019 ], [ -99.23143106153843, 19.927588907692268 ], [ -99.231383307692283, 19.927607046153835 ], [ -99.2313069076923, 19.92763424615379 ], [ -99.231220938461519, 19.927661476923053 ], [ -99.231154153846092, 19.9277248153846 ], [ -99.231096799999989, 19.927715861538442 ], [ -99.231068076923066, 19.927670707692322 ], [ -99.23102976923073, 19.927616538461564 ], [ -99.230991507692295, 19.927589476923057 ], [ -99.230972384615384, 19.92758046153844 ], [ -99.230924646153824, 19.9275986 ], [ -99.230886476923075, 19.927634799999989 ], [ -99.230829184615345, 19.92766198461543 ], [ -99.230800476923079, 19.927634907692347 ], [ -99.230819461538417, 19.927553553846128 ], [ -99.230819384615359, 19.927499338461537 ], [ -99.230761969230755, 19.92743615384617 ], [ -99.230752307692271, 19.927372907692344 ], [ -99.230752230769198, 19.927318692307697 ], [ -99.230742569230756, 19.927246399999987 ], [ -99.23075204615381, 19.927192169230793 ], [ -99.230780646153818, 19.927146953846133 ], [ -99.230790123076915, 19.927092723076917 ], [ -99.230790076923043, 19.927056569230764 ], [ -99.23081864615385, 19.926993276923124 ], [ -99.2308472307692, 19.926929984615349 ], [ -99.230866261538438, 19.92687573846154 ], [ -99.230904369230743, 19.92680340000004 ], [ -99.230952076923046, 19.926749107692338 ], [ -99.23100932307689, 19.926694815384579 ], [ -99.231028384615342, 19.926658646153882 ], [ -99.231104769230711, 19.9266224 ], [ -99.2311812, 19.926613261538467 ], [ -99.231257661538464, 19.92663124615385 ], [ -99.231315046153796, 19.926667307692281 ], [ -99.231372430769198, 19.92669435384618 ], [ -99.231468046153836, 19.926739399999988 ], [ -99.231467969230735, 19.926685184615408 ], [ -99.231420153846102, 19.926658138461566 ], [ -99.23141050769226, 19.926603938461589 ], [ -99.23142959999997, 19.926585830769234 ], [ -99.231486876923043, 19.926549615384594 ], [ -99.23154416923073, 19.926522430769229 ], [ -99.231591892307634, 19.926486215384603 ], [ -99.231620507692313, 19.926450030769235 ], [ -99.231668199999959, 19.926395753846197 ], [ -99.231687276923054, 19.926368615384604 ], [ -99.231696769230766, 19.926332461538458 ], [ -99.232299953846137, 19.927154015384605 ] ] ] ] } },
{ "type": "Feature", "properties": { "IDBD": 173607, "FC": 6291, "CONDICION": "CUERPO DE AGUA INTERMITENTE" }, "geometry": { "type": "MultiPolygon", "coordinates": [ [ [ [ -99.241526, 19.924268046153838 ], [ -99.241506907692269, 19.924286138461547 ], [ -99.241440015384569, 19.9242772 ], [ -99.241344430769203, 19.924259246153856 ], [ -99.241248907692281, 19.924277461538505 ], [ -99.2411629384615, 19.924295646153823 ], [ -99.241067384615334, 19.924295769230763 ], [ -99.240971799999983, 19.9242688 ], [ -99.240876261538446, 19.92427795384614 ], [ -99.240780723076895, 19.924287123076915 ], [ -99.240742461538417, 19.924260061538426 ], [ -99.240723307692278, 19.924232984615344 ], [ -99.240713692307679, 19.924187815384581 ], [ -99.240742307692273, 19.924160661538437 ], [ -99.240809153846129, 19.924133461538474 ], [ -99.240885492307669, 19.924070107692277 ], [ -99.240961830769194, 19.923997707692319 ], [ -99.241009523076883, 19.923943415384617 ], [ -99.241076307692282, 19.923880076923119 ], [ -99.241143076923038, 19.923798646153816 ], [ -99.241200292307639, 19.923726276923073 ], [ -99.241238476923044, 19.923699123076922 ], [ -99.241267061538451, 19.923644861538428 ], [ -99.241314784615355, 19.923608646153848 ], [ -99.241362492307672, 19.9235634 ], [ -99.241381646153798, 19.923599523076923 ], [ -99.24143935384609, 19.923843430769196 ], [ -99.241468199999957, 19.923960876923076 ], [ -99.241526, 19.924268046153838 ] ] ] ] } },
{ "type": "Feature", "properties": { "IDBD": 173644, "FC": 6291, "CONDICION": "CUERPO DE AGUA INTERMITENTE" }, "geometry": { "type": "MultiPolygon", "coordinates": [ [ [ [ -99.296599307692262, 19.923018953846171 ], [ -99.296570615384553, 19.923000938461577 ], [ -99.296551446153771, 19.922973861538445 ], [ -99.296522738461491, 19.9229468 ], [ -99.296465292307659, 19.922883630769256 ], [ -99.296417430769182, 19.922838523076912 ], [ -99.296369553846148, 19.922784384615387 ], [ -99.296350307692265, 19.922712123076913 ], [ -99.296331061538453, 19.922639861538489 ], [ -99.296330907692308, 19.922558538461541 ], [ -99.296340276923033, 19.922459123076887 ], [ -99.29636884615384, 19.922404846153857 ], [ -99.296435599999981, 19.922332446153842 ], [ -99.29652150769229, 19.922287123076899 ], [ -99.296674261538456, 19.922223600000013 ], [ -99.29679846153843, 19.922214369230783 ], [ -99.296979984615305, 19.922205015384659 ], [ -99.297037384615365, 19.922241076923061 ], [ -99.297027953846126, 19.922304353846158 ], [ -99.296989876923035, 19.922385738461514 ], [ -99.296970923076884, 19.922467107692299 ], [ -99.296913753846141, 19.922548523076923 ], [ -99.296866123076896, 19.92262993846154 ], [ -99.296828046153806, 19.922702292307683 ], [ -99.296761292307679, 19.922774692307666 ], [ -99.296704107692278, 19.922856123076933 ], [ -99.296656446153804, 19.922919461538431 ], [ -99.296608830769202, 19.923000876923041 ], [ -99.296599307692262, 19.923018953846171 ] ] ] ] } },
{ "type": "Feature", "properties": { "IDBD": 173657, "FC": 6291, "CONDICION": "CUERPO DE AGUA INTERMITENTE" }, "geometry": { "type": "MultiPolygon", "coordinates": [ [ [ [ -99.229214399999961, 19.921085353846117 ], [ -99.229166569230742, 19.921049261538464 ], [ -99.229128292307678, 19.921004123076941 ], [ -99.229061307692277, 19.920940953846163 ], [ -99.228994338461533, 19.920877784615413 ], [ -99.228927369230718, 19.920814615384579 ], [ -99.228917676923047, 19.920724261538425 ], [ -99.228917630769203, 19.920688107692261 ], [ -99.228869830769213, 19.920670107692295 ], [ -99.228802953846142, 19.920679230769235 ], [ -99.228745584615382, 19.920652184615381 ], [ -99.228697723076905, 19.920589 ], [ -99.228592553846127, 19.920543938461549 ], [ -99.228496969230747, 19.920516953846175 ], [ -99.228458723076898, 19.92049893846152 ], [ -99.22843, 19.920462815384642 ], [ -99.228391661538467, 19.920381538461498 ], [ -99.228334230769192, 19.920309323076935 ], [ -99.228295907692271, 19.92023707692309 ], [ -99.228286230769214, 19.920146723076922 ], [ -99.228381723076907, 19.920110446153846 ], [ -99.228477292307659, 19.920128399999975 ], [ -99.228553799999958, 19.920173492307711 ], [ -99.228649384615366, 19.920200476923103 ], [ -99.228744938461503, 19.920200353846198 ], [ -99.228840446153811, 19.920173123076943 ], [ -99.22892641538462, 19.92015493846154 ], [ -99.229021923076886, 19.920127707692338 ], [ -99.229107861538466, 19.920091446153851 ], [ -99.229193815384619, 19.920064230769199 ], [ -99.229260676923047, 19.920046061538503 ], [ -99.229327569230747, 19.920055015384609 ], [ -99.229356292307671, 19.920091123076926 ], [ -99.229375446153824, 19.9201272461538 ], [ -99.22933772307691, 19.920470692307706 ], [ -99.229223861538472, 19.921022076923062 ], [ -99.229214399999961, 19.921085353846117 ] ] ] ] } },
{ "type": "Feature", "properties": { "IDBD": 173720, "FC": 6291, "CONDICION": "CUERPO DE AGUA INTERMITENTE" }, "geometry": { "type": "MultiPolygon", "coordinates": [ [ [ [ -99.373216861538438, 19.919911338461496 ], [ -99.37333586153845, 19.919859907692292 ], [ -99.373449323076883, 19.91975476923075 ], [ -99.373484323076894, 19.919667692307716 ], [ -99.373513815384584, 19.919549938461511 ], [ -99.373600261538442, 19.919465323076935 ], [ -99.373632123076916, 19.919498984615394 ], [ -99.373660430769192, 19.919535369230776 ], [ -99.373666630769208, 19.919580184615402 ], [ -99.373659276923036, 19.91962481538464 ], [ -99.373694492307663, 19.919655338461581 ], [ -99.373730830769219, 19.919684676923112 ], [ -99.373741092307696, 19.9197288 ], [ -99.373742507692256, 19.919773969230739 ], [ -99.373747584615344, 19.919818892307688 ], [ -99.373768076923085, 19.919859707692325 ], [ -99.373796415384618, 19.919896076923081 ], [ -99.373788938461502, 19.919940707692277 ], [ -99.373746307692272, 19.919961123076884 ], [ -99.373705107692288, 19.919983984615357 ], [ -99.373662353846115, 19.920004153846147 ], [ -99.373636338461509, 19.920042046153867 ], [ -99.373609492307693, 19.920079415384627 ], [ -99.373563492307667, 19.920091646153857 ], [ -99.373515969230738, 19.920096246153825 ], [ -99.373471630769217, 19.920079430769242 ], [ -99.37342921538459, 19.920058646153873 ], [ -99.373381461538415, 19.920057138461512 ], [ -99.373337969230704, 19.920075815384614 ], [ -99.373323415384604, 19.920032784615405 ], [ -99.373312261538402, 19.919988846153853 ], [ -99.37327587692306, 19.919959569230748 ], [ -99.373239738461507, 19.919930030769269 ], [ -99.373216861538438, 19.919911338461496 ] ] ] ] } },
{ "type": "Feature", "properties": { "IDBD": 173829, "FC": 6291, "CONDICION": "CUERPO DE AGUA INTERMITENTE" }, "geometry": { "type": "MultiPolygon", "coordinates": [ [ [ [ -99.273868646153815, 19.912346953846153 ], [ -99.273706184615378, 19.912329123076926 ], [ -99.273467153846099, 19.91223009230773 ], [ -99.273256692307669, 19.912076784615344 ], [ -99.272988692307663, 19.911797061538461 ], [ -99.272749261538422, 19.911463076923049 ], [ -99.272433353846139, 19.911102092307686 ], [ -99.272212861538392, 19.910668661538423 ], [ -99.271944907692244, 19.910416046153788 ], [ -99.271820261538437, 19.910154169230818 ], [ -99.271533199999965, 19.909901584615337 ], [ -99.271465984615361, 19.909702876923102 ], [ -99.271398861538401, 19.909558384615384 ], [ -99.271398569230726, 19.909395738461527 ], [ -99.271493907692246, 19.909269076923085 ], [ -99.27161790769226, 19.909151399999971 ], [ -99.271770630769197, 19.909069846153866 ], [ -99.271923399999963, 19.909006353846138 ], [ -99.271999784615346, 19.908979123076929 ], [ -99.272018984615372, 19.909033323076915 ], [ -99.272038230769184, 19.909114615384603 ], [ -99.272057492307653, 19.909204953846139 ], [ -99.272076784615351, 19.909313369230773 ], [ -99.272115215384588, 19.909439815384616 ], [ -99.272201430769201, 19.909575246153871 ], [ -99.272258953846134, 19.909683584615426 ], [ -99.2722974615384, 19.909855230769228 ], [ -99.272402830769224, 19.910017723076923 ], [ -99.27250813846149, 19.910135046153826 ], [ -99.272565615384607, 19.910225323076919 ], [ -99.272632707692296, 19.910351738461497 ], [ -99.272699846153813, 19.910505261538503 ], [ -99.272747830769219, 19.910622661538497 ], [ -99.272824369230747, 19.91068579999996 ], [ -99.272986953846143, 19.910784953846161 ], [ -99.273044476923047, 19.910893307692316 ], [ -99.273159430769198, 19.911073861538444 ], [ -99.273217138461533, 19.911290661538459 ], [ -99.273389461538386, 19.911498230769244 ], [ -99.27354281538463, 19.911778138461528 ], [ -99.273734261538422, 19.911985692307667 ], [ -99.273868646153815, 19.912346953846153 ] ] ] ] } },
{ "type": "Feature", "properties": { "IDBD": 173881, "FC": 6291, "CONDICION": "CUERPO DE AGUA INTERMITENTE" }, "geometry": { "type": "MultiPolygon", "coordinates": [ [ [ [ -99.306129107692271, 19.909917707692301 ], [ -99.306071707692283, 19.909881646153835 ], [ -99.306052584615358, 19.909872646153882 ], [ -99.305976092307702, 19.909836630769199 ], [ -99.305870938461482, 19.909809707692311 ], [ -99.305794492307669, 19.909800800000042 ], [ -99.305718015384585, 19.909782861538464 ], [ -99.305717953846099, 19.909746707692261 ], [ -99.305736969230765, 19.909701492307708 ], [ -99.305784661538453, 19.909656230769215 ], [ -99.305832338461485, 19.909610969230766 ], [ -99.305851384615337, 19.909574784615366 ], [ -99.305879861538415, 19.909484369230789 ], [ -99.305956215384583, 19.909439061538453 ], [ -99.306042138461478, 19.90940275384613 ], [ -99.306118553846119, 19.909393584615415 ], [ -99.306223661538453, 19.909402446153866 ], [ -99.306309692307636, 19.909429415384626 ], [ -99.306357523076912, 19.909456430769254 ], [ -99.306300446153841, 19.90958304615388 ], [ -99.306129107692271, 19.909917707692301 ] ] ] ] } },
{ "type": "Feature", "properties": { "IDBD": 173910, "FC": 6291, "CONDICION": "CUERPO DE AGUA INTERMITENTE" }, "geometry": { "type": "MultiPolygon", "coordinates": [ [ [ [ -99.235537584615372, 19.906699661538518 ], [ -99.235499415384609, 19.906735861538454 ], [ -99.235442076923036, 19.906726907692306 ], [ -99.235394261538431, 19.906690815384646 ], [ -99.235336861538443, 19.906645707692299 ], [ -99.23527946153844, 19.906591569230784 ], [ -99.235222092307652, 19.906564538461556 ], [ -99.23520296923077, 19.906546476923108 ], [ -99.235212446153824, 19.906501292307681 ], [ -99.235250599999972, 19.906456061538496 ], [ -99.235260046153826, 19.906383753846175 ], [ -99.235259907692281, 19.906293384615399 ], [ -99.235269307692278, 19.906184923076946 ], [ -99.235317061538424, 19.906175830769222 ], [ -99.235383969230739, 19.906193815384611 ], [ -99.235450876923068, 19.9062118 ], [ -99.235489123076874, 19.906238861538476 ], [ -99.235527338461509, 19.906229769230723 ], [ -99.23558455384611, 19.906157399999962 ], [ -99.235660969230736, 19.906148261538483 ], [ -99.235737430769177, 19.90616623076922 ], [ -99.235823476923045, 19.906211307692317 ], [ -99.235651938461515, 19.906500707692278 ], [ -99.235537584615372, 19.906699661538518 ] ] ] ] } },
{ "type": "Feature", "properties": { "IDBD": 173913, "FC": 6291, "CONDICION": "CUERPO DE AGUA INTERMITENTE" }, "geometry": { "type": "MultiPolygon", "coordinates": [ [ [ [ -99.300018461538428, 19.907000230769263 ], [ -99.299989861538421, 19.907036415384628 ], [ -99.299932692307635, 19.907117846153906 ], [ -99.299885046153832, 19.907181184615418 ], [ -99.299827861538446, 19.907253569230761 ], [ -99.299732399999954, 19.907298923076915 ], [ -99.299646492307645, 19.907344246153848 ], [ -99.299541446153839, 19.907362492307733 ], [ -99.299455461538429, 19.907371676923098 ], [ -99.299426784615321, 19.907362692307697 ], [ -99.299398107692284, 19.907353707692305 ], [ -99.299350276923022, 19.907317630769231 ], [ -99.299331092307682, 19.90728152307695 ], [ -99.299321492307641, 19.907254430769239 ], [ -99.299311876923056, 19.907218292307707 ], [ -99.29934049230765, 19.907200169230741 ], [ -99.299407323076863, 19.907172953846153 ], [ -99.29945504615381, 19.907145769230766 ], [ -99.299512338461483, 19.9071276 ], [ -99.299617399999946, 19.90710933846151 ], [ -99.299703323076898, 19.907082092307693 ], [ -99.299779676923066, 19.907036769230789 ], [ -99.299827461538442, 19.907045738461584 ], [ -99.299884799999973, 19.907054676923082 ], [ -99.29991343076918, 19.907036553846133 ], [ -99.299932446153818, 19.906982292307731 ], [ -99.299999323076889, 19.906982184615376 ], [ -99.300018461538428, 19.907000230769263 ] ] ] ] } },
{ "type": "Feature", "properties": { "IDBD": 174073, "FC": 6291, "CONDICION": "CUERPO DE AGUA INTERMITENTE" }, "geometry": { "type": "MultiPolygon", "coordinates": [ [ [ [ -99.279608399999972, 19.894644153846169 ], [ -99.279512753846106, 19.894581046153853 ], [ -99.279503030769192, 19.894481661538507 ], [ -99.279560184615363, 19.8943912 ], [ -99.279646107692258, 19.894354923076939 ], [ -99.279741646153823, 19.8943638 ], [ -99.279827692307677, 19.894399815384585 ], [ -99.279894676923064, 19.894462969230801 ], [ -99.279913938461505, 19.894553307692306 ], [ -99.279856753846119, 19.894625692307681 ], [ -99.279732599999988, 19.894653 ], [ -99.279608399999972, 19.894644153846169 ] ] ] ] } },
{ "type": "Feature", "properties": { "IDBD": 174076, "FC": 6291, "CONDICION": "CUERPO DE AGUA INTERMITENTE" }, "geometry": { "type": "MultiPolygon", "coordinates": [ [ [ [ -99.232174646153808, 19.893664076923056 ], [ -99.232059984615375, 19.893646153846177 ], [ -99.231964446153825, 19.89364627692305 ], [ -99.231868907692288, 19.893637369230731 ], [ -99.231811476923056, 19.893565153846133 ], [ -99.231820892307667, 19.893474769230821 ], [ -99.231744399999982, 19.893420646153864 ], [ -99.231715615384601, 19.893339353846113 ], [ -99.231705938461502, 19.893249 ], [ -99.231705799999972, 19.893158630769232 ], [ -99.231705661538413, 19.893068261538478 ], [ -99.231715092307667, 19.892977892307652 ], [ -99.231734061538432, 19.892887492307715 ], [ -99.231791276923062, 19.892815123076947 ], [ -99.231829353846081, 19.892724707692302 ], [ -99.231857907692259, 19.892643338461511 ], [ -99.231915123076902, 19.892570969230761 ], [ -99.232001030769197, 19.892525676923075 ], [ -99.232086953846107, 19.892489415384592 ], [ -99.232182476923072, 19.892480261538484 ], [ -99.232306723076888, 19.892516246153836 ], [ -99.23248853846151, 19.89272384615381 ], [ -99.232555476923068, 19.892777984615389 ], [ -99.232593799999975, 19.892850230769241 ], [ -99.232651276923036, 19.892958600000011 ], [ -99.232670738461508, 19.893202553846123 ], [ -99.232651892307672, 19.893374276923108 ], [ -99.232537492307671, 19.893537092307703 ], [ -99.232403861538444, 19.893618600000018 ], [ -99.232241523076908, 19.893664 ], [ -99.232174646153808, 19.893664076923056 ] ] ] ] } },
{ "type": "Feature", "properties": { "IDBD": 174077, "FC": 6291, "CONDICION": "CUERPO DE AGUA INTERMITENTE" }, "geometry": { "type": "MultiPolygon", "coordinates": [ [ [ [ -99.23522183076922, 19.893452230769277 ], [ -99.235164523076875, 19.893461353846185 ], [ -99.235059415384583, 19.893443415384613 ], [ -99.235087984615362, 19.893380123076923 ], [ -99.235059246153796, 19.893325938461487 ], [ -99.235001923076879, 19.89332601538467 ], [ -99.234954184615347, 19.893344153846169 ], [ -99.234925476923024, 19.893308046153866 ], [ -99.234858507692266, 19.893244876923067 ], [ -99.234782015384567, 19.893199784615387 ], [ -99.234686507692246, 19.893217984615379 ], [ -99.234590938461523, 19.893191 ], [ -99.234609907692288, 19.893100615384615 ], [ -99.23467667692303, 19.893028230769211 ], [ -99.234705199999965, 19.892937830769238 ], [ -99.234705076923063, 19.892856492307711 ], [ -99.234657199999958, 19.892784261538424 ], [ -99.23467623076921, 19.892730015384654 ], [ -99.234733507692269, 19.892702830769259 ], [ -99.234809907692252, 19.892684661538468 ], [ -99.234914953846129, 19.892657415384619 ], [ -99.2350296, 19.892657261538446 ], [ -99.235144230769194, 19.892657107692319 ], [ -99.2351824153846, 19.892638984615385 ], [ -99.235249138461512, 19.892539492307719 ], [ -99.235325569230753, 19.892539384615418 ], [ -99.235354199999961, 19.892521276923123 ], [ -99.235296815384615, 19.892476169230747 ], [ -99.235315876923067, 19.89244 ], [ -99.235401907692292, 19.892476030769224 ], [ -99.235487876923045, 19.892475923076937 ], [ -99.235507076923042, 19.89253915384618 ], [ -99.23547856923075, 19.892638584615398 ], [ -99.235450046153844, 19.892729 ], [ -99.235478769230724, 19.892774138461544 ], [ -99.2354502, 19.89283743076922 ], [ -99.235402615384587, 19.892954969230768 ], [ -99.235383538461519, 19.892982107692308 ], [ -99.235326276923047, 19.893018338461506 ], [ -99.235316830769207, 19.893090646153887 ], [ -99.235355107692257, 19.893135769230735 ], [ -99.23544113846151, 19.893162769230788 ], [ -99.235460307692293, 19.893207923076936 ], [ -99.235460384615351, 19.893262153846162 ], [ -99.235403092307678, 19.893280292307686 ], [ -99.235345738461504, 19.893262307692329 ], [ -99.235317138461497, 19.893298492307725 ], [ -99.235307646153814, 19.893334646153868 ], [ -99.235298169230774, 19.893388876923115 ], [ -99.235279107692307, 19.89342504615383 ], [ -99.23522183076922, 19.893452230769277 ] ] ] ] } },
{ "type": "Feature", "properties": { "IDBD": 174078, "FC": 6292, "CONDICION": "CUERPO DE AGUA PERENNE" }, "geometry": { "type": "MultiPolygon", "coordinates": [ [ [ [ -99.28083055384613, 19.894262692307681 ], [ -99.280735030769222, 19.894271876923082 ], [ -99.280639399999941, 19.894217800000028 ], [ -99.280534292307664, 19.8941998923077 ], [ -99.280457769230736, 19.894145799999965 ], [ -99.280352507692271, 19.89404655384617 ], [ -99.280247276923063, 19.893965399999988 ], [ -99.280170692307664, 19.893875153846153 ], [ -99.280113153846116, 19.893748723076925 ], [ -99.280122538461498, 19.893658338461545 ], [ -99.280141492307663, 19.893567938461548 ], [ -99.280160461538429, 19.893486584615374 ], [ -99.2802654, 19.893405092307688 ], [ -99.280332153846146, 19.893341723076922 ], [ -99.280456230769204, 19.893278276923063 ], [ -99.280503984615351, 19.893269169230791 ], [ -99.28055176923074, 19.893278123076904 ], [ -99.280580446153834, 19.893287107692313 ], [ -99.28063781538458, 19.893314138461491 ], [ -99.280685630769185, 19.893341169230769 ], [ -99.280723923076891, 19.893386292307682 ], [ -99.280762184615384, 19.893413338461556 ], [ -99.280781369230709, 19.893458492307708 ], [ -99.280810092307661, 19.8934946 ], [ -99.280800692307665, 19.893584984615401 ], [ -99.280800861538438, 19.893675338461573 ], [ -99.280781938461487, 19.893783815384605 ], [ -99.280791646153816, 19.893874169230731 ], [ -99.280810892307656, 19.893946430769226 ], [ -99.280830138461511, 19.894027738461546 ], [ -99.280858923076892, 19.894099984615352 ], [ -99.280878123076917, 19.89415416923076 ], [ -99.280878230769204, 19.894217430769238 ], [ -99.28083055384613, 19.894262692307681 ] ] ] ] } },
{ "type": "Feature", "properties": { "IDBD": 174096, "FC": 6291, "CONDICION": "CUERPO DE AGUA INTERMITENTE" }, "geometry": { "type": "MultiPolygon", "coordinates": [ [ [ [ -99.239988169230756, 19.892957892307738 ], [ -99.239902261538447, 19.893003184615399 ], [ -99.239806753846125, 19.893021384615373 ], [ -99.239711184615373, 19.892994415384614 ], [ -99.239625153846148, 19.892958384615397 ], [ -99.23954866153845, 19.892913292307668 ], [ -99.239453107692285, 19.892904384615399 ], [ -99.239357599999948, 19.892913553846107 ], [ -99.239262061538426, 19.892913676923058 ], [ -99.239185569230727, 19.892868600000011 ], [ -99.239166323076901, 19.892778261538474 ], [ -99.23917579999997, 19.892724030769227 ], [ -99.239194892307665, 19.892714969230788 ], [ -99.239223523076916, 19.892696861538482 ], [ -99.239299907692285, 19.892669646153863 ], [ -99.239395369230735, 19.892624323076937 ], [ -99.239462215384606, 19.892606169230802 ], [ -99.239538646153832, 19.892606061538455 ], [ -99.239615076923059, 19.892615 ], [ -99.239729784615349, 19.892660030769264 ], [ -99.23979669230765, 19.8926780153846 ], [ -99.239882753846132, 19.89273210769235 ], [ -99.23994972307689, 19.892795276923113 ], [ -99.239968892307672, 19.892840446153883 ], [ -99.239988076923026, 19.892894630769263 ], [ -99.239988169230756, 19.892957892307738 ] ] ] ] } },
{ "type": "Feature", "properties": { "IDBD": 174109, "FC": 6291, "CONDICION": "CUERPO DE AGUA INTERMITENTE" }, "geometry": { "type": "MultiPolygon", "coordinates": [ [ [ [ -99.2402922615384, 19.891891138461535 ], [ -99.240254169230752, 19.891963492307703 ], [ -99.240177830769198, 19.892026846153843 ], [ -99.240120630769226, 19.892099215384615 ], [ -99.240053846153799, 19.892162569230777 ], [ -99.240015753846137, 19.892243953846155 ], [ -99.239939415384583, 19.892298276923075 ], [ -99.239968215384607, 19.8923886 ], [ -99.239977830769206, 19.892433769230802 ], [ -99.239958769230739, 19.892460907692296 ], [ -99.239920584615348, 19.892479030769252 ], [ -99.239882276923041, 19.892415830769213 ], [ -99.239843984615348, 19.892370692307676 ], [ -99.23985349230766, 19.89233453846153 ], [ -99.239882046153795, 19.892262199999983 ], [ -99.239939338461511, 19.892244046153788 ], [ -99.2399584, 19.89221692307693 ], [ -99.239977338461514, 19.892108446153852 ], [ -99.239996307692294, 19.892018061538462 ], [ -99.240034399999956, 19.891936676923105 ], [ -99.240053369230722, 19.891846276923047 ], [ -99.240053230769192, 19.891755923076939 ], [ -99.240053123076876, 19.891683615384636 ], [ -99.240043523076906, 19.891647492307737 ], [ -99.240062599999959, 19.891629384615396 ], [ -99.240110353846134, 19.891620292307678 ], [ -99.240139015384585, 19.891629292307698 ], [ -99.24017721538462, 19.8916202 ], [ -99.240205876923056, 19.891620153846173 ], [ -99.240225015384596, 19.891638200000017 ], [ -99.240244169230749, 19.89166529230771 ], [ -99.240263353846146, 19.89171949230769 ], [ -99.240272984615359, 19.891773692307705 ], [ -99.240292199999971, 19.891845953846129 ], [ -99.2402922615384, 19.891891138461535 ] ] ] ] } },
{ "type": "Feature", "properties": { "IDBD": 174113, "FC": 6291, "CONDICION": "CUERPO DE AGUA INTERMITENTE" }, "geometry": { "type": "MultiPolygon", "coordinates": [ [ [ [ -99.232181769230777, 19.891992276923066 ], [ -99.232153138461527, 19.892019415384624 ], [ -99.23211498461535, 19.892055615384642 ], [ -99.232076769230744, 19.892055676923071 ], [ -99.232019461538442, 19.89206478461541 ], [ -99.231971692307667, 19.892055800000026 ], [ -99.231933415384603, 19.892019707692324 ], [ -99.231904707692308, 19.8919836 ], [ -99.231904615384579, 19.89192033846156 ], [ -99.23190456923075, 19.8918842 ], [ -99.231923615384545, 19.89184803076925 ], [ -99.23196176923075, 19.8918027846154 ], [ -99.231990415384573, 19.891793723076905 ], [ -99.232047723076903, 19.891784600000033 ], [ -99.23209549230765, 19.891793584615389 ], [ -99.232143292307697, 19.891820630769249 ], [ -99.232172030769192, 19.891865769230773 ], [ -99.232191215384574, 19.891919969230816 ], [ -99.232181769230777, 19.891992276923066 ] ] ] ] } },
{ "type": "Feature", "properties": { "IDBD": 174121, "FC": 6291, "CONDICION": "CUERPO DE AGUA INTERMITENTE" }, "geometry": { "type": "MultiPolygon", "coordinates": [ [ [ [ -99.241074876923065, 19.891393061538462 ], [ -99.240998553846126, 19.891456430769164 ], [ -99.240922199999929, 19.891510753846152 ], [ -99.240855415384601, 19.891565061538504 ], [ -99.240807692307669, 19.891592230769238 ], [ -99.240759907692293, 19.89158326153845 ], [ -99.24074076923074, 19.891565215384631 ], [ -99.240712030769188, 19.891511030769241 ], [ -99.240740553846123, 19.891420630769233 ], [ -99.240750030769206, 19.891366400000017 ], [ -99.240759538461475, 19.891339276923066 ], [ -99.240816769230747, 19.891275938461522 ], [ -99.240893107692287, 19.891221615384648 ], [ -99.240931307692264, 19.891212523076902 ], [ -99.240959969230744, 19.891212492307719 ], [ -99.240998184615378, 19.891221476923086 ], [ -99.241026876923073, 19.89123950769234 ], [ -99.241055584615353, 19.891266584615398 ], [ -99.241084276923047, 19.891293646153866 ], [ -99.241103461538458, 19.891347846153845 ], [ -99.241093953846132, 19.89137496923076 ], [ -99.241074876923065, 19.891393061538462 ] ] ] ] } },
{ "type": "Feature", "properties": { "IDBD": 174122, "FC": 6291, "CONDICION": "CUERPO DE AGUA INTERMITENTE" }, "geometry": { "type": "MultiPolygon", "coordinates": [ [ [ [ -99.312878676923035, 19.892654923076922 ], [ -99.312888199999989, 19.892636830769238 ], [ -99.312935815384577, 19.89256446153847 ], [ -99.313012123076874, 19.89250106153845 ], [ -99.313088461538428, 19.892455753846168 ], [ -99.313183969230735, 19.892446538461577 ], [ -99.313279476923029, 19.892437338461551 ], [ -99.313327292307648, 19.892455323076948 ], [ -99.313356, 19.89248238461543 ], [ -99.313375153846138, 19.892509461538442 ], [ -99.313375246153811, 19.892554646153837 ], [ -99.31333724615385, 19.892663153846144 ], [ -99.313280046153821, 19.892726507692327 ], [ -99.31320372307691, 19.892771830769263 ], [ -99.313136876923053, 19.892790030769234 ], [ -99.31306047692307, 19.892799199999967 ], [ -99.312984030769201, 19.892790292307701 ], [ -99.312945769230708, 19.892763246153837 ], [ -99.312907492307644, 19.892736200000012 ], [ -99.312888323076876, 19.892700092307713 ], [ -99.312878738461507, 19.892682030769237 ], [ -99.312878676923035, 19.892654923076922 ] ] ] ] } },
{ "type": "Feature", "properties": { "IDBD": 174137, "FC": 6291, "CONDICION": "CUERPO DE AGUA INTERMITENTE" }, "geometry": { "type": "MultiPolygon", "coordinates": [ [ [ [ -99.273650199999963, 19.890876061538421 ], [ -99.273621538461512, 19.890876107692328 ], [ -99.27363092307688, 19.890776692307742 ], [ -99.273659384615385, 19.890659169230791 ], [ -99.273678292307679, 19.890541661538464 ], [ -99.27367801538459, 19.890388030769234 ], [ -99.273696692307695, 19.890134984615372 ], [ -99.273677415384611, 19.8900356 ], [ -99.273734876923044, 19.890116846153834 ], [ -99.273820907692297, 19.890152861538464 ], [ -99.273897415384582, 19.890197923076908 ], [ -99.27398347692305, 19.890242984615412 ], [ -99.274050446153822, 19.890306138461572 ], [ -99.274126984615336, 19.890369276923089 ], [ -99.274184430769196, 19.890441476923083 ], [ -99.27423232307693, 19.890513692307682 ], [ -99.274289753846105, 19.890585907692248 ], [ -99.274328076923041, 19.890649107692308 ], [ -99.274394984615341, 19.89066707692308 ], [ -99.27443313846149, 19.890630861538455 ], [ -99.274413953846107, 19.890585707692292 ], [ -99.274490323076876, 19.890558492307679 ], [ -99.27456679999996, 19.890585476923039 ], [ -99.274614661538422, 19.89063963076924 ], [ -99.274662492307698, 19.890675692307699 ], [ -99.274672107692311, 19.890711830769249 ], [ -99.27468173846151, 19.890757 ], [ -99.274662707692258, 19.890802215384621 ], [ -99.27462435384615, 19.890720938461541 ], [ -99.2745288, 19.890712046153865 ], [ -99.274442892307647, 19.890748323076931 ], [ -99.274347384615382, 19.890766553846156 ], [ -99.274251830769202, 19.890748630769256 ], [ -99.274184846153801, 19.890685476923096 ], [ -99.274089353846122, 19.890703692307664 ], [ -99.274003446153799, 19.890749 ], [ -99.273917538461546, 19.890785292307701 ], [ -99.273822046153796, 19.890812538461564 ], [ -99.2737360307692, 19.890785569230776 ], [ -99.273678815384585, 19.890848907692277 ], [ -99.273650199999963, 19.890876061538421 ] ] ] ] } },
{ "type": "Feature", "properties": { "IDBD": 174363, "FC": 6291, "CONDICION": "CUERPO DE AGUA INTERMITENTE" }, "geometry": { "type": "MultiPolygon", "coordinates": [ [ [ [ -99.222222307692306, 19.874681523076923 ], [ -99.222164938461503, 19.874645446153863 ], [ -99.222078907692307, 19.874600369230748 ], [ -99.222002415384608, 19.874546246153873 ], [ -99.221945, 19.874474030769196 ], [ -99.221897123076914, 19.874392753846184 ], [ -99.221839707692283, 19.874320538461589 ], [ -99.221772769230725, 19.874266400000018 ], [ -99.221696276923026, 19.874212276923089 ], [ -99.221610230769187, 19.874158153846107 ], [ -99.221533753846131, 19.874113076923059 ], [ -99.221438184615337, 19.874077046153865 ], [ -99.221361707692253, 19.874031953846178 ], [ -99.221275692307671, 19.87399590769234 ], [ -99.221180107692277, 19.873959876923049 ], [ -99.221113169230748, 19.873905753846156 ], [ -99.221055753846144, 19.873833523076939 ], [ -99.221065230769213, 19.873779292307674 ], [ -99.22111293846153, 19.873734046153878 ], [ -99.221256199999928, 19.8737158 ], [ -99.221523492307668, 19.873597984615387 ], [ -99.222163092307682, 19.8733260923077 ], [ -99.2222204, 19.873316984615421 ], [ -99.222392246153831, 19.873253507692326 ], [ -99.222621446153838, 19.873217076923083 ], [ -99.222802923076898, 19.873207815384607 ], [ -99.222917553846131, 19.873207661538419 ], [ -99.22308, 19.87325264615383 ], [ -99.223223353846123, 19.873306692307722 ], [ -99.2234050153846, 19.873432969230773 ], [ -99.223672676923044, 19.873577230769232 ], [ -99.223854338461493, 19.873694476923035 ], [ -99.224016923076888, 19.873838861538466 ], [ -99.224275138461536, 19.874055415384596 ], [ -99.2241988, 19.874109738461531 ], [ -99.224122446153814, 19.874164046153847 ], [ -99.224055676923058, 19.874227399999977 ], [ -99.22397933846149, 19.874281707692326 ], [ -99.223912553846148, 19.87434504615387 ], [ -99.223836215384594, 19.87439936923079 ], [ -99.223759876923069, 19.874453692307682 ], [ -99.223683523076886, 19.874498969230743 ], [ -99.223597630769206, 19.874553292307741 ], [ -99.223521276923023, 19.874598569230766 ], [ -99.223435369230714, 19.874643861538495 ], [ -99.223349461538447, 19.874689153846195 ], [ -99.223263553846124, 19.874725415384621 ], [ -99.2231776153846, 19.874752630769262 ], [ -99.223091707692262, 19.874797923076937 ], [ -99.223005799999953, 19.874843215384615 ], [ -99.222919892307644, 19.874879461538466 ], [ -99.222833969230777, 19.874915723076917 ], [ -99.222738476923041, 19.874942953846148 ], [ -99.222652553846103, 19.874970169230775 ], [ -99.222576138461505, 19.874970261538479 ], [ -99.222518815384618, 19.874970338461566 ], [ -99.222423276923038, 19.87495238461538 ], [ -99.22234678461534, 19.874898261538437 ], [ -99.222289369230722, 19.874826030769249 ], [ -99.222251046153815, 19.874744753846127 ], [ -99.222222307692306, 19.874681523076923 ] ] ] ] } },
{ "type": "Feature", "properties": { "IDBD": 174389, "FC": 6291, "CONDICION": "CUERPO DE AGUA INTERMITENTE" }, "geometry": { "type": "MultiPolygon", "coordinates": [ [ [ [ -99.269189199999971, 19.874083584615395 ], [ -99.269141430769196, 19.874083661538506 ], [ -99.269103215384604, 19.874074676923101 ], [ -99.269055323076898, 19.873993415384643 ], [ -99.269026523076903, 19.873912123076916 ], [ -99.269016861538447, 19.87384889230767 ], [ -99.269026369230744, 19.873821769230801 ], [ -99.269054984615337, 19.873794615384618 ], [ -99.269093153846143, 19.873776476923087 ], [ -99.26916, 19.873767338461555 ], [ -99.26918866153845, 19.873767292307683 ], [ -99.269236430769212, 19.873767230769243 ], [ -99.269265092307677, 19.873776215384623 ], [ -99.269274692307661, 19.873803307692285 ], [ -99.269265230769236, 19.873857553846165 ], [ -99.269265384615352, 19.87394792307693 ], [ -99.269236861538431, 19.8740292923077 ], [ -99.269217815384607, 19.874056430769215 ], [ -99.269189199999971, 19.874083584615395 ] ] ] ] } },
{ "type": "Feature", "properties": { "IDBD": 174442, "FC": 6291, "CONDICION": "CUERPO DE AGUA INTERMITENTE" }, "geometry": { "type": "MultiPolygon", "coordinates": [ [ [ [ -99.312960415384623, 19.871038984615396 ], [ -99.312893676923068, 19.871102353846148 ], [ -99.312826953846141, 19.871174769230755 ], [ -99.312750646153802, 19.871229123076922 ], [ -99.312664769230736, 19.871274461538484 ], [ -99.312569230769199, 19.871265584615401 ], [ -99.312492723076886, 19.871211507692337 ], [ -99.312416199999959, 19.871157415384644 ], [ -99.312358738461526, 19.871085230769257 ], [ -99.312320369230761, 19.871003969230745 ], [ -99.312310646153833, 19.870913615384598 ], [ -99.312339123076896, 19.870823200000036 ], [ -99.312386738461527, 19.870750815384614 ], [ -99.31247264615385, 19.870714523076959 ], [ -99.312568169230715, 19.870723384615374 ], [ -99.312635092307659, 19.870750384615395 ], [ -99.312960415384623, 19.871038984615396 ] ] ] ] } },
{ "type": "Feature", "properties": { "IDBD": 174459, "FC": 6291, "CONDICION": "CUERPO DE AGUA INTERMITENTE" }, "geometry": { "type": "MultiPolygon", "coordinates": [ [ [ [ -99.254652338461526, 19.869008230769207 ], [ -99.254614184615363, 19.869035400000037 ], [ -99.254518692307684, 19.86905359999998 ], [ -99.254413615384593, 19.869044723076918 ], [ -99.254270338461552, 19.869053953846102 ], [ -99.254194, 19.869099246153819 ], [ -99.254174876923045, 19.8690812 ], [ -99.254146, 19.868945692307694 ], [ -99.254117199999982, 19.868855369230772 ], [ -99.254107523076897, 19.868774046153817 ], [ -99.254078723076901, 19.868683723076916 ], [ -99.254059492307661, 19.868602415384583 ], [ -99.254030723076895, 19.868530169230766 ], [ -99.254135707692313, 19.868484830769226 ], [ -99.25423119999995, 19.868466630769245 ], [ -99.254240646153818, 19.868403353846144 ], [ -99.254345676923037, 19.868376092307688 ], [ -99.254479369230737, 19.868357830769192 ], [ -99.254508199999975, 19.868466230769229 ], [ -99.25454663076917, 19.868601723076907 ], [ -99.254565876923067, 19.868692061538475 ], [ -99.254575538461509, 19.868764338461553 ], [ -99.254623461538458, 19.868863676923084 ], [ -99.2546331230769, 19.868935953846162 ], [ -99.254652338461526, 19.869008230769207 ] ] ] ] } },
{ "type": "Feature", "properties": { "IDBD": 174493, "FC": 6291, "CONDICION": "CUERPO DE AGUA INTERMITENTE" }, "geometry": { "type": "MultiPolygon", "coordinates": [ [ [ [ -99.295050353846122, 19.865728846153896 ], [ -99.295050430769223, 19.865774015384609 ], [ -99.295031415384599, 19.865819230769251 ], [ -99.295012461538434, 19.8659006 ], [ -99.294964861538446, 19.865982015384649 ], [ -99.294926799999956, 19.866063399999963 ], [ -99.294879215384597, 19.866153846153836 ], [ -99.294822030769197, 19.866226230769229 ], [ -99.294774384615366, 19.866289569230783 ], [ -99.294707692307654, 19.8663800461539 ], [ -99.294650476923081, 19.866425323076935 ], [ -99.294574107692299, 19.866452569230777 ], [ -99.294497784615373, 19.866497876923024 ], [ -99.294421476923034, 19.866561261538468 ], [ -99.294325969230727, 19.866561415384624 ], [ -99.294268569230738, 19.866516323076937 ], [ -99.294268384615336, 19.866416923076915 ], [ -99.294296892307685, 19.866335538461534 ], [ -99.294296723076883, 19.866245184615426 ], [ -99.294306107692265, 19.866154800000015 ], [ -99.294315492307689, 19.866064415384614 ], [ -99.294334430769212, 19.86597401538463 ], [ -99.294362938461489, 19.865892630769228 ], [ -99.294420107692261, 19.865820246153834 ], [ -99.294458169230722, 19.865738861538503 ], [ -99.294496215384584, 19.865648430769237 ], [ -99.294534261538459, 19.865567030769277 ], [ -99.294562861538424, 19.865530830769252 ], [ -99.294906984615352, 19.86567486153848 ], [ -99.295050353846122, 19.865728846153896 ] ] ] ] } },
{ "type": "Feature", "properties": { "IDBD": 174498, "FC": 6291, "CONDICION": "CUERPO DE AGUA INTERMITENTE" }, "geometry": { "type": "MultiPolygon", "coordinates": [ [ [ [ -99.288096399999958, 19.86550526153848 ], [ -99.288077430769192, 19.865586615384583 ], [ -99.288029784615361, 19.865640923076974 ], [ -99.287943892307652, 19.865686246153828 ], [ -99.287857953846171, 19.865695415384639 ], [ -99.287781507692259, 19.865677461538446 ], [ -99.287676399999924, 19.86565956923079 ], [ -99.287628569230762, 19.865614461538428 ], [ -99.287618907692263, 19.865560246153859 ], [ -99.287628353846088, 19.86549698461539 ], [ -99.287647369230754, 19.865451769230763 ], [ -99.287675969230762, 19.865415569230766 ], [ -99.287809630769232, 19.865388246153806 ], [ -99.287914723076909, 19.865397107692335 ], [ -99.288029415384585, 19.865442107692328 ], [ -99.288096399999958, 19.86550526153848 ] ] ] ] } },
{ "type": "Feature", "properties": { "IDBD": 174575, "FC": 6291, "CONDICION": "CUERPO DE AGUA INTERMITENTE" }, "geometry": { "type": "MultiPolygon", "coordinates": [ [ [ [ -99.4819326, 19.861384399999977 ], [ -99.482020446153811, 19.861350907692316 ], [ -99.482097753846148, 19.861320753846147 ], [ -99.48218558461538, 19.861283938461519 ], [ -99.482280446153823, 19.861240430769236 ], [ -99.482348430769235, 19.861278138461547 ], [ -99.482394015384585, 19.861357538461561 ], [ -99.482443630769211, 19.861434753846169 ], [ -99.482506461538392, 19.861502830769215 ], [ -99.482549246153795, 19.861583615384614 ], [ -99.482575246153829, 19.861670569230775 ], [ -99.48263326153841, 19.861742353846171 ], [ -99.482687307692274, 19.861816861538461 ], [ -99.482709584615364, 19.861904738461515 ], [ -99.482722492307673, 19.861994276923102 ], [ -99.482645923076902, 19.86204829230768 ], [ -99.482550630769197, 19.862054353846119 ], [ -99.482467353846118, 19.862010092307731 ], [ -99.48239881538457, 19.861947169230803 ], [ -99.482328415384558, 19.861886092307703 ], [ -99.482259307692289, 19.861823707692299 ], [ -99.482192969230724, 19.861758692307696 ], [ -99.48214806153841, 19.861678938461559 ], [ -99.482088430769224, 19.861608353846108 ], [ -99.482031046153821, 19.861536123076942 ], [ -99.481967799999964, 19.861468400000049 ], [ -99.4819326, 19.861384399999977 ] ] ] ] } },
{ "type": "Feature", "properties": { "IDBD": 174605, "FC": 6291, "CONDICION": "CUERPO DE AGUA INTERMITENTE" }, "geometry": { "type": "MultiPolygon", "coordinates": [ [ [ [ -99.330715030769184, 19.856087307692349 ], [ -99.330696061538447, 19.856150600000017 ], [ -99.330667538461526, 19.856213907692307 ], [ -99.330619892307695, 19.856268215384627 ], [ -99.330562599999951, 19.856277353846163 ], [ -99.330476738461513, 19.856322707692343 ], [ -99.330400461538446, 19.85638610769232 ], [ -99.330314584615351, 19.8564224153846 ], [ -99.330228692307657, 19.85645870769234 ], [ -99.330142784615376, 19.856485984615354 ], [ -99.330047261538439, 19.856477123076914 ], [ -99.329999338461505, 19.856395876923067 ], [ -99.330008707692286, 19.856305492307705 ], [ -99.330075430769213, 19.856242123076953 ], [ -99.33017087692302, 19.856214830769215 ], [ -99.330275923076911, 19.856205599999971 ], [ -99.330323569230742, 19.8561512923077 ], [ -99.330399907692268, 19.856115 ], [ -99.330447630769186, 19.856105876923035 ], [ -99.330485769230705, 19.856069661538495 ], [ -99.330571615384599, 19.85601527692306 ], [ -99.330485553846145, 19.855970261538456 ], [ -99.330447276923024, 19.855934184615368 ], [ -99.330437692307669, 19.855916123076916 ], [ -99.330456753846121, 19.855898015384593 ], [ -99.330504507692268, 19.85589792307697 ], [ -99.330523630769207, 19.855906923076926 ], [ -99.330542784615389, 19.855934 ], [ -99.330571507692298, 19.855961061538476 ], [ -99.330609723076918, 19.855970030769203 ], [ -99.330647984615354, 19.855997061538456 ], [ -99.330686276923046, 19.85604216923079 ], [ -99.330715030769184, 19.856087307692349 ] ] ] ] } },
{ "type": "Feature", "properties": { "IDBD": 174633, "FC": 6291, "CONDICION": "CUERPO DE AGUA INTERMITENTE" }, "geometry": { "type": "MultiPolygon", "coordinates": [ [ [ [ -99.419737492307661, 19.855558169230754 ], [ -99.419631230769212, 19.855268830769251 ], [ -99.419677938461518, 19.854911553846112 ], [ -99.419925507692312, 19.85457953846154 ], [ -99.420289246153786, 19.854424230769236 ], [ -99.420551415384608, 19.854468661538466 ], [ -99.420762923076879, 19.854658015384629 ], [ -99.42079576923075, 19.854742861538487 ], [ -99.420814953846119, 19.854831384615405 ], [ -99.420827907692285, 19.854920923076893 ], [ -99.420840230769201, 19.85501053846157 ], [ -99.42085778461535, 19.855099353846182 ], [ -99.420871753846114, 19.855188753846186 ], [ -99.420888523076897, 19.855277723076934 ], [ -99.420906030769203, 19.855366553846174 ], [ -99.420914461538445, 19.855456569230824 ], [ -99.420917907692271, 19.855546876923029 ], [ -99.420915353846127, 19.8556372 ], [ -99.420918553846121, 19.855727523076901 ], [ -99.420939769230742, 19.855815630769232 ], [ -99.420956507692281, 19.855904599999988 ], [ -99.420861307692292, 19.855897430769183 ], [ -99.420769830769189, 19.855871461538452 ], [ -99.420674953846131, 19.855860984615362 ], [ -99.420597553846108, 19.855808046153875 ], [ -99.420518199999975, 19.855757753846142 ], [ -99.420427369230708, 19.855729815384599 ], [ -99.420332492307679, 19.855719415384605 ], [ -99.420237430769177, 19.855710707692303 ], [ -99.420141938461512, 19.85570901538464 ], [ -99.420049338461524, 19.855686892307705 ], [ -99.419954784615342, 19.855674153846184 ], [ -99.419866830769223, 19.855638953846181 ], [ -99.419747261538433, 19.855564276923097 ], [ -99.419737492307661, 19.855558169230754 ] ] ] ] } },
{ "type": "Feature", "properties": { "IDBD": 174660, "FC": 6291, "CONDICION": "CUERPO DE AGUA INTERMITENTE" }, "geometry": { "type": "MultiPolygon", "coordinates": [ [ [ [ -99.412899769230748, 19.851064030769237 ], [ -99.413359753846109, 19.851002723076952 ], [ -99.41336130769227, 19.851007400000015 ], [ -99.413404307692275, 19.851136707692326 ], [ -99.413426430769192, 19.851224615384641 ], [ -99.413452953846146, 19.851311415384618 ], [ -99.41348436923073, 19.851396753846124 ], [ -99.413499476923036, 19.851485984615429 ], [ -99.413509861538444, 19.851575815384585 ], [ -99.413509953846173, 19.851666184615389 ], [ -99.413509692307684, 19.851756553846165 ], [ -99.413496384615371, 19.851846030769234 ], [ -99.413474769230731, 19.851934061538472 ], [ -99.413443923076926, 19.852019584615366 ], [ -99.413416753846121, 19.85210621538462 ], [ -99.413405384615359, 19.852195938461595 ], [ -99.413408676923041, 19.852286246153835 ], [ -99.413431815384556, 19.852373923076911 ], [ -99.413464261538437, 19.852458923076927 ], [ -99.4134988153846, 19.852543153846156 ], [ -99.413535046153825, 19.852626769230788 ], [ -99.413541138461497, 19.852716953846112 ], [ -99.413538076923018, 19.852807276923045 ], [ -99.413512353846158, 19.852894307692324 ], [ -99.413493153846176, 19.852982830769253 ], [ -99.413452861538431, 19.853064753846166 ], [ -99.413395169230725, 19.853136769230801 ], [ -99.413330753846111, 19.85320349230771 ], [ -99.413261369230753, 19.853265584615436 ], [ -99.413166076923048, 19.853271615384589 ], [ -99.41307895384611, 19.853234615384633 ], [ -99.4130124307692, 19.853169769230792 ], [ -99.413048092307662, 19.853085938461522 ], [ -99.413070523076883, 19.852998092307708 ], [ -99.413021399999963, 19.852920600000029 ], [ -99.412958923076914, 19.852852246153859 ], [ -99.412925723076896, 19.85276752307691 ], [ -99.412934076923065, 19.852677492307681 ], [ -99.412946353846138, 19.852587876923081 ], [ -99.412953030769202, 19.852497738461498 ], [ -99.412952615384583, 19.852407369230729 ], [ -99.412952, 19.852317 ], [ -99.41294896923074, 19.852226676923063 ], [ -99.412945030769237, 19.852136399999974 ], [ -99.412944876923021, 19.852046030769195 ], [ -99.412949153846142, 19.851955753846116 ], [ -99.41295961538458, 19.851865938461554 ], [ -99.412966461538446, 19.851775800000024 ], [ -99.412971984615368, 19.851685584615424 ], [ -99.412969384615337, 19.851595246153863 ], [ -99.412964630769238, 19.851505 ], [ -99.412964384615378, 19.851414630769266 ], [ -99.412964107692261, 19.851324261538483 ], [ -99.412956292307683, 19.8512342 ], [ -99.412942723076895, 19.851144753846118 ], [ -99.412899769230748, 19.851064030769237 ] ] ] ] } },
{ "type": "Feature", "properties": { "IDBD": 174695, "FC": 6291, "CONDICION": "CUERPO DE AGUA INTERMITENTE" }, "geometry": { "type": "MultiPolygon", "coordinates": [ [ [ [ -99.419055338461476, 19.850560569230758 ], [ -99.419054646153825, 19.850292123076944 ], [ -99.41932829230764, 19.849814246153855 ], [ -99.419909015384576, 19.849574276923107 ], [ -99.42026543076922, 19.849722569230789 ], [ -99.420305876923067, 19.849804430769229 ], [ -99.420329769230719, 19.8498919230769 ], [ -99.420329230769198, 19.849982276923104 ], [ -99.420329446153815, 19.850072646153865 ], [ -99.420340307692257, 19.850162430769213 ], [ -99.420345815384579, 19.850252646153844 ], [ -99.420324199999939, 19.850340676923061 ], [ -99.420272199999985, 19.850416461538444 ], [ -99.420191446153837, 19.850464723076918 ], [ -99.42013430769228, 19.850537123076919 ], [ -99.420040030769187, 19.8505516 ], [ -99.419947599999986, 19.85057432307692 ], [ -99.419861507692275, 19.850613461538479 ], [ -99.419771230769186, 19.850642938461569 ], [ -99.419675738461521, 19.850644 ], [ -99.419581061538423, 19.850632123076949 ], [ -99.419485799999961, 19.85062555384614 ], [ -99.419390307692282, 19.850624292307685 ], [ -99.419295492307668, 19.850613384615407 ], [ -99.419202030769199, 19.850594800000017 ], [ -99.419055338461476, 19.850560569230758 ] ] ] ] } },
{ "type": "Feature", "properties": { "IDBD": 174697, "FC": 6291, "CONDICION": "CUERPO DE AGUA INTERMITENTE" }, "geometry": { "type": "MultiPolygon", "coordinates": [ [ [ [ -99.473057661538462, 19.851214153846154 ], [ -99.472991384615327, 19.8512792 ], [ -99.472914753846098, 19.851333138461545 ], [ -99.472838876923035, 19.851388030769236 ], [ -99.472755723076872, 19.851432461538494 ], [ -99.472667523076893, 19.851467138461558 ], [ -99.472575938461517, 19.851492753846141 ], [ -99.472480523076896, 19.851488984615379 ], [ -99.472419584615338, 19.851419400000054 ], [ -99.472353830769208, 19.851353861538467 ], [ -99.472315415384585, 19.851271138461556 ], [ -99.472283307692265, 19.85118603076922 ], [ -99.472251753846123, 19.851100738461536 ], [ -99.472207030769226, 19.850990876923067 ], [ -99.472763753846138, 19.850662230769231 ], [ -99.472868415384582, 19.850839830769271 ], [ -99.473057661538462, 19.851214153846154 ] ] ] ] } },
{ "type": "Feature", "properties": { "IDBD": 174700, "FC": 6291, "CONDICION": "CUERPO DE AGUA INTERMITENTE" }, "geometry": { "type": "MultiPolygon", "coordinates": [ [ [ [ -99.308322292307665, 19.848437169230774 ], [ -99.308303246153784, 19.848464323076954 ], [ -99.308207769230748, 19.84848255384615 ], [ -99.30814095384612, 19.848500753846157 ], [ -99.308112292307683, 19.848500800000032 ], [ -99.30809316923073, 19.848482753846156 ], [ -99.308102630769199, 19.848437553846107 ], [ -99.308112123076896, 19.848410430769199 ], [ -99.308092892307656, 19.8483381692308 ], [ -99.308092799999955, 19.848292984615387 ], [ -99.308121430769177, 19.848283892307695 ], [ -99.308150076923042, 19.848283846153858 ], [ -99.308197907692261, 19.848319907692328 ], [ -99.308264876923033, 19.848383061538438 ], [ -99.308322292307665, 19.848437169230774 ] ] ] ] } },
{ "type": "Feature", "properties": { "IDBD": 174704, "FC": 6291, "CONDICION": "CUERPO DE AGUA INTERMITENTE" }, "geometry": { "type": "MultiPolygon", "coordinates": [ [ [ [ -99.308417738461529, 19.848409907692293 ], [ -99.30838909230765, 19.848409953846151 ], [ -99.308322107692263, 19.848346815384623 ], [ -99.308255138461547, 19.848283661538474 ], [ -99.308207261538456, 19.8482204923077 ], [ -99.308207215384584, 19.848193384615406 ], [ -99.308226261538451, 19.848166246153806 ], [ -99.308283492307638, 19.84813 ], [ -99.308359830769206, 19.848093707692303 ], [ -99.308445676923071, 19.848039338461565 ], [ -99.308502923076901, 19.848012138461584 ], [ -99.308521953846139, 19.84797595384617 ], [ -99.308464661538451, 19.847976061538461 ], [ -99.308426492307674, 19.8479942 ], [ -99.30833101538461, 19.848012430769231 ], [ -99.308321415384583, 19.847985338461548 ], [ -99.308340492307664, 19.847976276923067 ], [ -99.308388215384582, 19.8479581076923 ], [ -99.308474107692291, 19.847921815384645 ], [ -99.308531384615321, 19.847912676923073 ], [ -99.308569630769227, 19.847930692307735 ], [ -99.308579230769212, 19.84795778461541 ], [ -99.308588861538439, 19.848002953846162 ], [ -99.308569907692259, 19.848075276923055 ], [ -99.308560415384619, 19.848111446153844 ], [ -99.308541415384582, 19.848156661538479 ], [ -99.308531907692284, 19.848183784615397 ], [ -99.308503430769207, 19.8482742 ], [ -99.308465353846103, 19.848337523076953 ], [ -99.308446338461493, 19.848382738461556 ], [ -99.308417738461529, 19.848409907692293 ] ] ] ] } },
{ "type": "Feature", "properties": { "IDBD": 174709, "FC": 6291, "CONDICION": "CUERPO DE AGUA INTERMITENTE" }, "geometry": { "type": "MultiPolygon", "coordinates": [ [ [ [ -99.416703676923021, 19.849665523076919 ], [ -99.416693953846107, 19.849584584615382 ], [ -99.416684292307664, 19.849530646153816 ], [ -99.416669923076896, 19.8494902 ], [ -99.416660261538397, 19.849431753846144 ], [ -99.416664846153807, 19.849368784615351 ], [ -99.416679015384602, 19.84932826153846 ], [ -99.416702723076924, 19.849296738461533 ], [ -99.416731199999987, 19.849274169230782 ], [ -99.416788261538443, 19.849269538461495 ], [ -99.416888153846116, 19.8492693076923 ], [ -99.416964261538425, 19.84926913846153 ], [ -99.417140261538449, 19.849268723076914 ], [ -99.417240153846109, 19.849272984615393 ], [ -99.417349630769195, 19.849299707692335 ], [ -99.417425923076877, 19.849371492307714 ], [ -99.417445030769215, 19.849398430769238 ], [ -99.41743590769228, 19.84955136923076 ], [ -99.417374492307644, 19.849713430769235 ], [ -99.417260599999963, 19.849812630769232 ], [ -99.417208492307651, 19.84989370769231 ], [ -99.417175338461504, 19.849952261538416 ], [ -99.417123092307676, 19.849979369230798 ], [ -99.417047015384568, 19.849993030769244 ], [ -99.417023215384575, 19.849984092307704 ], [ -99.417008784615334, 19.849925661538464 ], [ -99.416999123076906, 19.849867215384663 ], [ -99.416979938461523, 19.849808800000019 ], [ -99.416917984615353, 19.849763969230764 ], [ -99.41683229230766, 19.849732676923061 ], [ -99.416775184615361, 19.849723815384593 ], [ -99.416703753846136, 19.849697 ], [ -99.416703676923021, 19.849665523076919 ] ] ] ] } },
{ "type": "Feature", "properties": { "IDBD": 174710, "FC": 6291, "CONDICION": "CUERPO DE AGUA INTERMITENTE" }, "geometry": { "type": "MultiPolygon", "coordinates": [ [ [ [ -99.412117769230733, 19.849907030769241 ], [ -99.412062184615365, 19.849854738461584 ], [ -99.411975738461493, 19.849785030769237 ], [ -99.411895507692293, 19.849732784615405 ], [ -99.411815169230749, 19.849639753846152 ], [ -99.411790430769173, 19.849599030769252 ], [ -99.411790215384585, 19.849517476923083 ], [ -99.411796169230769, 19.849435907692296 ], [ -99.411832938461487, 19.849360092307645 ], [ -99.411869630769189, 19.849255153846183 ], [ -99.41190647692305, 19.849208461538453 ], [ -99.412041938461527, 19.849173199999985 ], [ -99.412208215384581, 19.84914369230771 ], [ -99.412405276923053, 19.849102446153857 ], [ -99.412663938461506, 19.84906107692311 ], [ -99.412729538461505, 19.849126738461585 ], [ -99.412767107692275, 19.849209830769208 ], [ -99.412800492307667, 19.849294492307678 ], [ -99.412810553846143, 19.849384353846148 ], [ -99.412808215384572, 19.849474692307687 ], [ -99.412751030769186, 19.849547076923081 ], [ -99.412683907692283, 19.849611369230782 ], [ -99.412617830769221, 19.849676599999977 ], [ -99.412536784615369, 19.849724415384603 ], [ -99.412448723076935, 19.849759400000011 ], [ -99.412362261538448, 19.849797769230776 ], [ -99.412276830769216, 19.849838184615386 ], [ -99.412198030769204, 19.849889215384614 ], [ -99.412117769230733, 19.849907030769241 ] ] ] ] } },
{ "type": "Feature", "properties": { "IDBD": 174736, "FC": 6291, "CONDICION": "CUERPO DE AGUA INTERMITENTE" }, "geometry": { "type": "MultiPolygon", "coordinates": [ [ [ [ -99.471545030769207, 19.847788584615401 ], [ -99.47170519999996, 19.848343584615375 ], [ -99.471327938461528, 19.848476830769243 ], [ -99.470992892307649, 19.848689307692275 ], [ -99.470773923076919, 19.848742784615389 ], [ -99.470618430769221, 19.848187769230773 ], [ -99.471385261538416, 19.847857415384585 ], [ -99.471545030769207, 19.847788584615401 ] ] ] ] } },
{ "type": "Feature", "properties": { "IDBD": 174739, "FC": 6291, "CONDICION": "CUERPO DE AGUA INTERMITENTE" }, "geometry": { "type": "MultiPolygon", "coordinates": [ [ [ [ -99.47170519999996, 19.848343584615375 ], [ -99.471545030769207, 19.847788584615401 ], [ -99.472061876923036, 19.84756238461539 ], [ -99.472259092307638, 19.848037953846141 ], [ -99.47170519999996, 19.848343584615375 ] ] ] ] } },
{ "type": "Feature", "properties": { "IDBD": 174747, "FC": 6291, "CONDICION": "CUERPO DE AGUA INTERMITENTE" }, "geometry": { "type": "MultiPolygon", "coordinates": [ [ [ [ -99.433402676923038, 19.84656858461544 ], [ -99.433374107692259, 19.84660480000003 ], [ -99.433344769230743, 19.846640446153842 ], [ -99.433316, 19.846676507692333 ], [ -99.43328723076921, 19.846712569230782 ], [ -99.433253753846117, 19.846744784615399 ], [ -99.433220276923038, 19.846777 ], [ -99.433184246153829, 19.846806676923098 ], [ -99.433148538461523, 19.846836676923125 ], [ -99.433112830769176, 19.846866676923064 ], [ -99.433082353846103, 19.846901446153851 ], [ -99.433051876923045, 19.846936230769199 ], [ -99.433031707692265, 19.84697718461539 ], [ -99.433008815384582, 19.847016846153828 ], [ -99.432984184615364, 19.847055553846165 ], [ -99.432936661538449, 19.847059953846127 ], [ -99.432894969230773, 19.847037923076918 ], [ -99.432853292307669, 19.84701589230767 ], [ -99.432817215384588, 19.846986292307726 ], [ -99.432781138461507, 19.846956676923089 ], [ -99.432757661538432, 19.846917338461516 ], [ -99.432733584615377, 19.846878307692329 ], [ -99.432717769230763, 19.846835676923074 ], [ -99.432701969230735, 19.846793046153849 ], [ -99.432699599999978, 19.846747923076933 ], [ -99.432698553846109, 19.84670273846157 ], [ -99.432697507692282, 19.846657569230782 ], [ -99.432704276923062, 19.846612846153864 ], [ -99.432711030769212, 19.846568123076896 ], [ -99.432723507692273, 19.846524507692308 ], [ -99.43274, 19.846482107692275 ], [ -99.432763215384583, 19.846442615384586 ], [ -99.432797307692269, 19.846410984615364 ], [ -99.432833230769219, 19.846381215384643 ], [ -99.432868123076901, 19.846350369230784 ], [ -99.432893476923041, 19.846312076923088 ], [ -99.43290855384609, 19.846269199999984 ], [ -99.432918461538435, 19.846225 ], [ -99.432926199999969, 19.846190492307684 ], [ -99.433119599999969, 19.846281323076937 ], [ -99.433223723076907, 19.846330230769244 ], [ -99.433335492307648, 19.8464493538462 ], [ -99.433402676923038, 19.84656858461544 ] ] ] ] } },
{ "type": "Feature", "properties": { "IDBD": 174801, "FC": 6292, "CONDICION": "CUERPO DE AGUA PERENNE" }, "geometry": { "type": "MultiPolygon", "coordinates": [ [ [ [ -99.387838599999981, 19.835954584615411 ], [ -99.387810215384604, 19.836040876923093 ], [ -99.387726769230724, 19.836084830769252 ], [ -99.387679630769199, 19.83616341538459 ], [ -99.387718876923017, 19.8362458 ], [ -99.38774746153841, 19.836332030769253 ], [ -99.387762399999957, 19.836421276923083 ], [ -99.387762399999957, 19.836511646153841 ], [ -99.387762215384598, 19.836602015384635 ], [ -99.387758953846131, 19.836692323076907 ], [ -99.387726369230734, 19.836777276923119 ], [ -99.387641399999964, 19.83673603076927 ], [ -99.387578307692266, 19.836668200000023 ], [ -99.387512384615363, 19.836602815384619 ], [ -99.387477769230742, 19.836518599999984 ], [ -99.387400107692272, 19.836466015384637 ], [ -99.387316215384573, 19.836422830769212 ], [ -99.387235799999985, 19.836374076923089 ], [ -99.387144723076872, 19.836346923076885 ], [ -99.387057784615351, 19.836309523076959 ], [ -99.386973738461506, 19.836266615384627 ], [ -99.386881046153832, 19.836244861538482 ], [ -99.386788553846102, 19.836222399999976 ], [ -99.386693461538428, 19.836214076923117 ], [ -99.386598169230766, 19.836207984615395 ], [ -99.38650269230763, 19.836209569230761 ], [ -99.386408799999984, 19.836226061538508 ], [ -99.386332769230734, 19.836280753846111 ], [ -99.38623739999997, 19.836285338461572 ], [ -99.386171415384595, 19.836220015384633 ], [ -99.38608538461537, 19.836180784615401 ], [ -99.3859954461538, 19.836150384615422 ], [ -99.385904, 19.836124384615353 ], [ -99.3858131230769, 19.836096615384601 ], [ -99.385726030769234, 19.83605952307693 ], [ -99.385638538461507, 19.836023307692283 ], [ -99.385547030769189, 19.835997461538444 ], [ -99.385453846153794, 19.835977738461573 ], [ -99.385365938461518, 19.835942430769236 ], [ -99.385280123076924, 19.835902784615403 ], [ -99.385185446153827, 19.835890907692303 ], [ -99.385094707692275, 19.835919076923091 ], [ -99.385120492307649, 19.835749723076898 ], [ -99.385152461538468, 19.835583892307646 ], [ -99.38517539999998, 19.835376153846155 ], [ -99.385041061538416, 19.835170369230728 ], [ -99.3848846, 19.834998538461491 ], [ -99.384701969230747, 19.834765292307672 ], [ -99.384441599999974, 19.834655169230725 ], [ -99.384233261538441, 19.834544938461516 ], [ -99.384025030769237, 19.834483907692306 ], [ -99.384115507692258, 19.834250061538473 ], [ -99.38407235384615, 19.834133800000018 ], [ -99.384072169230762, 19.834043446153828 ], [ -99.384072199999949, 19.833953076923052 ], [ -99.384073461538463, 19.833862707692298 ], [ -99.384078846153812, 19.833772492307681 ], [ -99.384081030769224, 19.833682153846173 ], [ -99.384085799999966, 19.833591892307712 ], [ -99.384094799999986, 19.833501923076916 ], [ -99.384100569230739, 19.833411723076953 ], [ -99.384107353846161, 19.833321584615376 ], [ -99.384112399999964, 19.833231353846166 ], [ -99.384112553846109, 19.833140984615415 ], [ -99.384119, 19.833050815384617 ], [ -99.384120123076897, 19.832960461538441 ], [ -99.384121461538442, 19.832870107692315 ], [ -99.38413229230764, 19.832780323076893 ], [ -99.384131907692293, 19.832689953846138 ], [ -99.384131276923071, 19.832599584615394 ], [ -99.384124123076887, 19.83250947692304 ], [ -99.384114723076863, 19.832419553846151 ], [ -99.384099153846122, 19.832330384615343 ], [ -99.384073907692297, 19.832243230769208 ], [ -99.384070476923057, 19.832152923076968 ], [ -99.384095661538439, 19.832065769230741 ], [ -99.384099292307667, 19.831975461538452 ], [ -99.384123353846135, 19.831888015384639 ], [ -99.38413, 19.831797861538469 ], [ -99.384129784615382, 19.831707492307672 ], [ -99.384129538461508, 19.831617123076931 ], [ -99.384122323076866, 19.831527015384626 ], [ -99.384122184615379, 19.831436661538419 ], [ -99.384127076923079, 19.831346400000012 ], [ -99.384151307692278, 19.831259 ], [ -99.384204907692293, 19.831184199999974 ], [ -99.384298615384594, 19.831166815384623 ], [ -99.384389599999963, 19.831139353846133 ], [ -99.384404492307695, 19.831050092307713 ], [ -99.384410246153834, 19.830959892307693 ], [ -99.384431538461499, 19.8308718 ], [ -99.384453738461517, 19.830783907692311 ], [ -99.3845155384615, 19.830715015384609 ], [ -99.38459130769229, 19.830660030769238 ], [ -99.384651446153825, 19.830589830769224 ], [ -99.384707830769202, 19.830516892307696 ], [ -99.384770661538411, 19.83044884615385 ], [ -99.384818292307685, 19.830370507692315 ], [ -99.384860230769178, 19.830289323076929 ], [ -99.384915630769186, 19.830215723076908 ], [ -99.384994230769223, 19.830164415384662 ], [ -99.385049615384574, 19.8300908 ], [ -99.385091569230752, 19.830009615384625 ], [ -99.385121107692285, 19.829923676923109 ], [ -99.385147153846162, 19.829836738461552 ], [ -99.385173461538415, 19.829749876923085 ], [ -99.385219353846097, 19.829670630769186 ], [ -99.385278046153843, 19.829599338461556 ], [ -99.385330123076912, 19.8295236 ], [ -99.385368846153824, 19.829441 ], [ -99.385425815384593, 19.829368476923083 ], [ -99.385433738461543, 19.829278415384657 ], [ -99.385458153846145, 19.829191046153863 ], [ -99.38552163076919, 19.829123538461488 ], [ -99.385581938461513, 19.829053476923054 ], [ -99.38564189230766, 19.828983138461528 ], [ -99.385706, 19.828916153846173 ], [ -99.385775123076897, 19.828853815384615 ], [ -99.385826046153838, 19.828777369230792 ], [ -99.385875938461524, 19.828700323076909 ], [ -99.385925876923039, 19.8286232923077 ], [ -99.385960723076906, 19.82853915384613 ], [ -99.38600898461533, 19.828461184615414 ], [ -99.386066507692234, 19.828389061538449 ], [ -99.386155492307651, 19.828356261538481 ], [ -99.386236892307664, 19.828309015384654 ], [ -99.386329984615344, 19.828288830769221 ], [ -99.386421523076891, 19.828263092307683 ], [ -99.386491599999943, 19.828201707692301 ], [ -99.386539046153814, 19.828123292307705 ], [ -99.386610692307684, 19.828063553846185 ], [ -99.386683723076914, 19.828005323076898 ], [ -99.3867542615384, 19.827944415384643 ], [ -99.38682510769226, 19.82788383076927 ], [ -99.386895969230721, 19.827823246153816 ], [ -99.386966599999951, 19.827762415384601 ], [ -99.387031061538437, 19.827695769230818 ], [ -99.387108692307649, 19.827643123076893 ], [ -99.387195153846136, 19.827604769230788 ], [ -99.387279292307667, 19.82756204615383 ], [ -99.387365661538468, 19.827523492307648 ], [ -99.387434307692246, 19.827460676923042 ], [ -99.387515092307638, 19.82741249230769 ], [ -99.387563276923061, 19.827334476923102 ], [ -99.387616199999954, 19.827259246153893 ], [ -99.387658738461525, 19.827178338461543 ], [ -99.387701707692273, 19.827097646153835 ], [ -99.387713753846143, 19.827008 ], [ -99.387707292307667, 19.826917846153869 ], [ -99.38770747692304, 19.826827476923068 ], [ -99.387710584615348, 19.826737153846182 ], [ -99.387789415384574, 19.826686153846197 ], [ -99.387884907692296, 19.826684661538437 ], [ -99.387979276923033, 19.826670892307718 ], [ -99.388073846153802, 19.82665833846152 ], [ -99.388161215384599, 19.826621861538488 ], [ -99.388243584615381, 19.826576153846148 ], [ -99.388310830769171, 19.826511984615376 ], [ -99.38837749230764, 19.826447276923098 ], [ -99.388430246153803, 19.826371953846159 ], [ -99.388472846153803, 19.826291076923042 ], [ -99.388518723076885, 19.826211830769211 ], [ -99.388567584615373, 19.826134184615348 ], [ -99.388628369230744, 19.826064492307687 ], [ -99.388676569230768, 19.825986476923045 ], [ -99.388696015384554, 19.825898015384606 ], [ -99.388695707692278, 19.82580764615378 ], [ -99.388694799999982, 19.825717276923044 ], [ -99.388671938461542, 19.82562953846152 ], [ -99.388628938461537, 19.825548861538479 ], [ -99.38858472307686, 19.825468753846149 ], [ -99.388619199999951, 19.825384476923098 ], [ -99.388700584615364, 19.82533723076925 ], [ -99.388794276923079, 19.825319784615413 ], [ -99.388871784615333, 19.825267 ], [ -99.388953369230734, 19.825220030769241 ], [ -99.389020676923053, 19.825155923076892 ], [ -99.389084584615347, 19.825088784615406 ], [ -99.389152153846126, 19.825024938461528 ], [ -99.3892058, 19.824950169230803 ], [ -99.389252861538424, 19.824871538461608 ], [ -99.389287861538435, 19.824787461538421 ], [ -99.389310599999988, 19.824699707692279 ], [ -99.389343246153842, 19.82461478461537 ], [ -99.389390892307674, 19.824536461538443 ], [ -99.389427046153813, 19.824452815384607 ], [ -99.389442369230736, 19.824363630769167 ], [ -99.389510015384587, 19.8244042 ], [ -99.389517615384577, 19.824494276923076 ], [ -99.389581184615338, 19.824561707692332 ], [ -99.389617692307652, 19.8246452 ], [ -99.389651984615369, 19.824729538461551 ], [ -99.389679630769194, 19.824816030769242 ], [ -99.389686661538434, 19.824906153846115 ], [ -99.389687153846097, 19.824996523076937 ], [ -99.38969338461537, 19.825086692307657 ], [ -99.389642476923044, 19.825163138461534 ], [ -99.389594830769184, 19.825241461538464 ], [ -99.389556907692267, 19.825324399999989 ], [ -99.389510630769209, 19.825403446153864 ], [ -99.389484815384606, 19.825490446153886 ], [ -99.389489476923032, 19.825580707692335 ], [ -99.389502246153825, 19.825670261538448 ], [ -99.389527030769202, 19.825757523076927 ], [ -99.389513015384566, 19.825846923076899 ], [ -99.389507569230744, 19.825937138461551 ], [ -99.389523030769197, 19.826026307692302 ], [ -99.3895804307692, 19.826098538461576 ], [ -99.389658769230735, 19.826150200000029 ], [ -99.389749953846078, 19.826177061538441 ], [ -99.389845292307697, 19.826181938461577 ], [ -99.389937261538421, 19.826157584615391 ], [ -99.390020815384602, 19.826113830769213 ], [ -99.390109630769217, 19.826080646153841 ], [ -99.390204892307636, 19.826074399999989 ], [ -99.390300123076912, 19.826067830769222 ], [ -99.390395584615391, 19.826065261538453 ], [ -99.39049086153841, 19.826059369230752 ], [ -99.390583261538424, 19.826036523076937 ], [ -99.390676646153864, 19.826017661538494 ], [ -99.390770353846108, 19.826000261538443 ], [ -99.390863523076888, 19.825980476923103 ], [ -99.390958707692263, 19.825973323076955 ], [ -99.391053846153824, 19.825965553846139 ], [ -99.391148, 19.825950446153843 ], [ -99.391239830769209, 19.825925692307695 ], [ -99.391335030769213, 19.825918630769255 ], [ -99.391430276923046, 19.825912015384599 ], [ -99.391524353846123, 19.825896538461553 ], [ -99.391617953846094, 19.825878661538475 ], [ -99.391711815384596, 19.825862030769223 ], [ -99.39180295384611, 19.825835076923056 ], [ -99.39189356923076, 19.825806553846178 ], [ -99.391950338461513, 19.825733892307696 ], [ -99.392044538461505, 19.825719076923086 ], [ -99.392136569230715, 19.825694969230764 ], [ -99.39223159999996, 19.825686061538466 ], [ -99.392326246153843, 19.825674153846155 ], [ -99.392420876923055, 19.825661984615405 ], [ -99.392515230769206, 19.825648092307684 ], [ -99.392609738461545, 19.825635200000026 ], [ -99.392704892307634, 19.825627630769237 ], [ -99.392799076923055, 19.825612753846158 ], [ -99.39289076923076, 19.825587476923076 ], [ -99.392975446153827, 19.825545707692314 ], [ -99.393067246153834, 19.8255208153846 ], [ -99.393160492307658, 19.825501369230782 ], [ -99.393252892307657, 19.825478553846171 ], [ -99.39333844615382, 19.8254384 ], [ -99.39342476923072, 19.825399769230764 ], [ -99.393501769230724, 19.825346338461557 ], [ -99.393572430769197, 19.825285553846161 ], [ -99.393636553846136, 19.825218584615396 ], [ -99.393709553846136, 19.825160338461551 ], [ -99.393766769230751, 19.825087984615422 ], [ -99.393809476923067, 19.825007153846126 ], [ -99.393873061538443, 19.824939738461516 ], [ -99.393927953846131, 19.8248658 ], [ -99.393985015384601, 19.824793338461514 ], [ -99.394036969230754, 19.824717523076966 ], [ -99.394101846153831, 19.824651215384652 ], [ -99.39418086153843, 19.82460046153847 ], [ -99.394212830769206, 19.824515323076909 ], [ -99.394265784615342, 19.824440107692329 ], [ -99.394325169230726, 19.824369353846162 ], [ -99.394398092307668, 19.824311015384609 ], [ -99.394429784615397, 19.824225769230793 ], [ -99.394457353846136, 19.824139246153841 ], [ -99.394509492307634, 19.824063538461544 ], [ -99.394566415384588, 19.823990984615364 ], [ -99.394620846153799, 19.823916738461552 ], [ -99.394642907692301, 19.823828815384612 ], [ -99.394634723076891, 19.823738784615387 ], [ -99.394614953846116, 19.823650384615423 ], [ -99.3946002615384, 19.823561092307678 ], [ -99.394585984615375, 19.823471738461546 ], [ -99.394565446153806, 19.823383492307681 ], [ -99.394536599999952, 19.823297338461522 ], [ -99.39449393846148, 19.823216492307711 ], [ -99.394456507692297, 19.823133353846131 ], [ -99.394432123076868, 19.823045984615383 ], [ -99.394431892307679, 19.822955630769233 ], [ -99.394431646153834, 19.822865261538443 ], [ -99.39443136923073, 19.822774892307688 ], [ -99.394416353846097, 19.822685646153875 ], [ -99.394395061538432, 19.822597553846105 ], [ -99.394359199999968, 19.822513815384653 ], [ -99.394346107692286, 19.822424292307691 ], [ -99.394343923076889, 19.82233395384613 ], [ -99.394332169230751, 19.822244276923094 ], [ -99.394334015384615, 19.822153923076918 ], [ -99.394355692307698, 19.822065907692341 ], [ -99.39440618461532, 19.821989215384619 ], [ -99.394451092307634, 19.821909461538446 ], [ -99.394485430769208, 19.821825153846156 ], [ -99.394521369230745, 19.821741415384619 ], [ -99.394548769230724, 19.821654861538494 ], [ -99.394563323076923, 19.821565538461535 ], [ -99.394569, 19.821475338461585 ], [ -99.394572892307664, 19.821385046153846 ], [ -99.394579815384603, 19.821294923076874 ], [ -99.39460467692308, 19.821207661538455 ], [ -99.394611030769184, 19.821117507692303 ], [ -99.394610799999967, 19.821027138461538 ], [ -99.394611615384591, 19.82093676923078 ], [ -99.394619646153785, 19.820846723076901 ], [ -99.394643507692294, 19.820759215384637 ], [ -99.394688430769193, 19.820679476923097 ], [ -99.394727015384561, 19.820596815384643 ], [ -99.394789153846119, 19.820528200000012 ], [ -99.394845676923055, 19.820455369230782 ], [ -99.394894323076883, 19.820377615384611 ], [ -99.394953076923031, 19.820306369230781 ], [ -99.394939353846155, 19.820216938461531 ], [ -99.394884876923058, 19.820142723076902 ], [ -99.394831553846117, 19.820067753846132 ], [ -99.39477361538458, 19.819995923076938 ], [ -99.394722830769211, 19.819919400000035 ], [ -99.394656046153827, 19.819854800000019 ], [ -99.39470907692305, 19.8198114 ], [ -99.394785615384606, 19.819865430769248 ], [ -99.394861938461489, 19.819919738461554 ], [ -99.394937692307678, 19.819974738461539 ], [ -99.395030523076912, 19.819995938461556 ], [ -99.395092907692288, 19.81992753846157 ], [ -99.395090384615386, 19.819837199999988 ], [ -99.395078523076933, 19.819747538461549 ], [ -99.395051199999969, 19.819660953846185 ], [ -99.395076323076893, 19.819573769230775 ], [ -99.395095276923058, 19.8194852 ], [ -99.395077492307678, 19.819396415384613 ], [ -99.395062430769215, 19.81930718461539 ], [ -99.395136830769204, 19.819224338461531 ], [ -99.395157092307656, 19.81913603076924 ], [ -99.395171707692271, 19.819046723076926 ], [ -99.395196169230729, 19.818959369230772 ], [ -99.395195692307652, 19.818869015384617 ], [ -99.395193046153821, 19.818778676923081 ], [ -99.395286446153833, 19.818759876923046 ], [ -99.395348369230732, 19.818828661538504 ], [ -99.395293892307663, 19.818902876923111 ], [ -99.395280876923067, 19.818992415384614 ], [ -99.395337092307656, 19.81906546153845 ], [ -99.395337923076909, 19.819155815384612 ], [ -99.395351553846126, 19.81924526153848 ], [ -99.395351661538413, 19.819335630769203 ], [ -99.395349476923059, 19.81942596923081 ], [ -99.395324092307675, 19.819513092307719 ], [ -99.395324323076892, 19.819603446153796 ], [ -99.395324523076908, 19.819693815384611 ], [ -99.395324415384579, 19.819784184615401 ], [ -99.395297492307662, 19.819870892307673 ], [ -99.395296799999983, 19.819961246153849 ], [ -99.395286769230722, 19.820051123076933 ], [ -99.395267107692277, 19.820139553846172 ], [ -99.395248323076899, 19.820228153846166 ], [ -99.3952204461538, 19.820314584615414 ], [ -99.395192646153845, 19.820401030769258 ], [ -99.395185569230719, 19.820491153846174 ], [ -99.395171369230724, 19.820580507692291 ], [ -99.395158184615354, 19.820670015384607 ], [ -99.395146676923048, 19.820759723076939 ], [ -99.395116876923041, 19.820845584615427 ], [ -99.39510104615384, 19.820934692307684 ], [ -99.395089538461548, 19.821024399999988 ], [ -99.395093892307656, 19.821114676923077 ], [ -99.395125276923025, 19.821200015384633 ], [ -99.395130169230754, 19.821290261538461 ], [ -99.395105523076907, 19.821377569230808 ], [ -99.395153830769203, 19.821455523076924 ], [ -99.395144030769202, 19.821545400000023 ], [ -99.395118553846103, 19.821632492307685 ], [ -99.395106461538433, 19.821722138461542 ], [ -99.395121138461505, 19.821811430769273 ], [ -99.395158430769214, 19.821894615384615 ], [ -99.395199307692266, 19.821976276923067 ], [ -99.395219292307686, 19.822064646153837 ], [ -99.395233399999981, 19.822154030769223 ], [ -99.395288461538414, 19.822227861538462 ], [ -99.395344153846125, 19.822301261538477 ], [ -99.395375, 19.822386784615396 ], [ -99.395435553846127, 19.822456661538485 ], [ -99.395487199999977, 19.822532676923057 ], [ -99.39551436923071, 19.822619307692289 ], [ -99.395539953846097, 19.822706369230744 ], [ -99.39557164615384, 19.82279161538461 ], [ -99.395618461538433, 19.822870369230785 ], [ -99.395670446153787, 19.822946169230732 ], [ -99.39572484615384, 19.823020430769219 ], [ -99.395773276923066, 19.823098323076959 ], [ -99.395833015384568, 19.82316881538463 ], [ -99.395891107692293, 19.823240538461544 ], [ -99.395970753846157, 19.82329039999998 ], [ -99.396056138461503, 19.823330846153858 ], [ -99.396134076923047, 19.82338306153849 ], [ -99.396228707692259, 19.82339512307691 ], [ -99.396323046153825, 19.823381138461556 ], [ -99.396417292307675, 19.823366599999989 ], [ -99.396499630769199, 19.823320846153866 ], [ -99.396580215384574, 19.823272369230764 ], [ -99.396672630769189, 19.823249615384611 ], [ -99.396766692307665, 19.823234015384603 ], [ -99.396851661538463, 19.823192784615433 ], [ -99.396926323076869, 19.823136446153836 ], [ -99.397003061538427, 19.823082676923089 ], [ -99.397075861538454, 19.823024184615406 ], [ -99.397139876923063, 19.822957138461561 ], [ -99.397196599999987, 19.822884446153839 ], [ -99.397263984615378, 19.822820415384626 ], [ -99.397331307692298, 19.822756323076945 ], [ -99.397397953846109, 19.822691615384649 ], [ -99.397446092307646, 19.822613569230779 ], [ -99.397502107692262, 19.822540384615365 ], [ -99.397558384615351, 19.822467384615376 ], [ -99.397625230769179, 19.822402846153853 ], [ -99.397685953846121, 19.822333107692327 ], [ -99.397756246153818, 19.822271938461533 ], [ -99.397815, 19.822200707692282 ], [ -99.397893584615346, 19.822149369230818 ], [ -99.397963261538422, 19.822087569230774 ], [ -99.398021723076894, 19.82201612307696 ], [ -99.398098615384555, 19.821962538461531 ], [ -99.398173476923048, 19.821906430769211 ], [ -99.398261, 19.821870323076908 ], [ -99.398350215384568, 19.82183810769229 ], [ -99.39843307692307, 19.821793184615377 ], [ -99.398521907692313, 19.821760046153827 ], [ -99.398605, 19.821715523076936 ], [ -99.3987002, 19.821722707692306 ], [ -99.398795430769198, 19.82172926153843 ], [ -99.39889083076919, 19.821733246153869 ], [ -99.398984338461503, 19.821714953846126 ], [ -99.399016215384563, 19.821629769230764 ], [ -99.399002446153816, 19.82154033846156 ], [ -99.398986938461491, 19.821451184615366 ], [ -99.398974553846145, 19.821361569230803 ], [ -99.39903046153843, 19.821288323076914 ], [ -99.399072876923071, 19.82120735384618 ], [ -99.399109646153789, 19.821123953846161 ], [ -99.399149738461503, 19.821041938461573 ], [ -99.399213353846108, 19.820974553846149 ], [ -99.399271138461515, 19.820902615384611 ], [ -99.399347861538416, 19.820848815384625 ], [ -99.399403584615357, 19.820775430769263 ], [ -99.399445661538465, 19.820694307692325 ], [ -99.39947475384615, 19.820608230769238 ], [ -99.399495799999968, 19.820520092307696 ], [ -99.399540353846149, 19.820440169230793 ], [ -99.399577799999989, 19.820357030769248 ], [ -99.399615769230721, 19.820274123076928 ], [ -99.399675969230742, 19.820203969230757 ], [ -99.399725169230763, 19.820126523076897 ], [ -99.399738523076891, 19.820037046153839 ], [ -99.399755492307648, 19.819948123076927 ], [ -99.399783215384602, 19.819861646153861 ], [ -99.399809615384584, 19.819774800000033 ], [ -99.399843553846139, 19.819690338461506 ], [ -99.399871446153838, 19.819603907692329 ], [ -99.399899969230759, 19.819517661538459 ], [ -99.39995144615385, 19.819441553846158 ], [ -99.399998215384585, 19.819362769230736 ], [ -99.400033046153823, 19.81927863076924 ], [ -99.400099861538422, 19.819214076923096 ], [ -99.400194507692277, 19.819226046153851 ], [ -99.400284892307653, 19.819196892307676 ], [ -99.400298815384588, 19.819107492307655 ], [ -99.400319215384599, 19.819019215384618 ], [ -99.400319738461491, 19.818928846153828 ], [ -99.400334507692278, 19.818839569230747 ], [ -99.400354507692285, 19.818751200000023 ], [ -99.400380415384589, 19.818664230769247 ], [ -99.400410569230758, 19.818578476923079 ], [ -99.400445907692259, 19.818494538461572 ], [ -99.400465738461492, 19.818406138461548 ], [ -99.400486707692295, 19.81831796923079 ], [ -99.400501, 19.81822863076923 ], [ -99.400514969230755, 19.818139230769209 ], [ -99.400548923076869, 19.818054769230805 ], [ -99.400569199999978, 19.817966461538468 ], [ -99.400556492307658, 19.817876907692295 ], [ -99.400574184615323, 19.817788107692309 ], [ -99.40057293846148, 19.817692630769226 ], [ -99.400580723076914, 19.817605630769236 ], [ -99.400575769230755, 19.817512584615361 ], [ -99.40057553846151, 19.817422215384628 ], [ -99.400575261538449, 19.817331846153859 ], [ -99.400574123076879, 19.817241492307701 ], [ -99.400567, 19.817151369230782 ], [ -99.400551784615374, 19.817062153846155 ], [ -99.400533353846143, 19.816973492307707 ], [ -99.400526876923038, 19.816883338461558 ], [ -99.400531215384561, 19.816793061538512 ], [ -99.400566399999988, 19.816709046153864 ], [ -99.400608861538444, 19.816628107692267 ], [ -99.400650969230753, 19.816547 ], [ -99.400687276923065, 19.816463430769268 ], [ -99.400722199999962, 19.816379323076927 ], [ -99.400762, 19.816297184615387 ], [ -99.400828584615354, 19.8162324 ], [ -99.400884784615357, 19.816159338461556 ], [ -99.400942507692278, 19.816087353846179 ], [ -99.401011907692265, 19.816025292307675 ], [ -99.401065, 19.815950184615357 ], [ -99.401122138461531, 19.815877784615395 ], [ -99.401183184615348, 19.815808292307679 ], [ -99.401230292307673, 19.815729692307698 ], [ -99.401251661538424, 19.815641615384628 ], [ -99.401274615384594, 19.815553907692319 ], [ -99.401312, 19.815470753846149 ], [ -99.401347507692279, 19.815386861538446 ], [ -99.401373523076913, 19.815299923076942 ], [ -99.401399384615345, 19.815212923076896 ], [ -99.4014194, 19.815124569230772 ], [ -99.401454046153816, 19.81504036923074 ], [ -99.401509876923072, 19.814967046153864 ], [ -99.401562676923049, 19.814891753846158 ], [ -99.401615353846154, 19.814816384615387 ], [ -99.401649661538414, 19.814732061538429 ], [ -99.401696492307664, 19.814653307692293 ], [ -99.401761061538437, 19.814586723076918 ], [ -99.401841092307677, 19.814537430769263 ], [ -99.401917015384612, 19.814482630769259 ], [ -99.401981169230751, 19.814415707692277 ], [ -99.402050261538434, 19.814353323076919 ], [ -99.40213716923077, 19.814315907692336 ], [ -99.402215661538477, 19.814264461538468 ], [ -99.40229759999994, 19.81421804615384 ], [ -99.402367892307652, 19.814156876923079 ], [ -99.40243186153846, 19.8140898 ], [ -99.40249216923074, 19.814019738461564 ], [ -99.402552046153787, 19.813949353846112 ], [ -99.402615030769212, 19.813881415384621 ], [ -99.402653984615355, 19.813798923076888 ], [ -99.402659261538417, 19.813708692307699 ], [ -99.402652953846129, 19.813618523076943 ], [ -99.402653230769218, 19.813528153846132 ], [ -99.402655738461519, 19.813437815384635 ], [ -99.402680738461513, 19.813350615384575 ], [ -99.402729476923056, 19.813272892307705 ], [ -99.402796630769217, 19.813208661538432 ], [ -99.402856507692263, 19.813138261538448 ], [ -99.402896353846131, 19.813056153846148 ], [ -99.402940415384592, 19.812975984615427 ], [ -99.402972753846129, 19.812890953846161 ], [ -99.402991184615374, 19.812802276923122 ], [ -99.403007215384619, 19.8127132 ], [ -99.403037984615324, 19.812627646153864 ], [ -99.403044569230744, 19.812537507692301 ], [ -99.403101507692298, 19.812464953846128 ], [ -99.403150661538433, 19.812387492307707 ], [ -99.40322492307692, 19.812330692307679 ], [ -99.403298046153836, 19.81227258461541 ], [ -99.403365246153825, 19.812208384615417 ], [ -99.403419246153788, 19.812133861538452 ], [ -99.403497676923067, 19.812082323076918 ], [ -99.403560615384578, 19.812014369230784 ], [ -99.403546769230744, 19.811924953846141 ], [ -99.4035268, 19.811836584615413 ], [ -99.40353067692304, 19.811746292307735 ], [ -99.40358055384614, 19.811669230769247 ], [ -99.403631230769221, 19.811592646153837 ], [ -99.40367658461534, 19.811513123076939 ], [ -99.403732076923035, 19.811439584615403 ], [ -99.403778953846157, 19.811360861538482 ], [ -99.403810723076916, 19.811275646153867 ], [ -99.403832399999985, 19.811187646153886 ], [ -99.403859769230735, 19.811101061538434 ], [ -99.403882230769227, 19.811013230769266 ], [ -99.40391196923072, 19.810927369230782 ], [ -99.403931692307665, 19.810838938461501 ], [ -99.403944938461521, 19.810749446153832 ], [ -99.40395144615384, 19.810659292307715 ], [ -99.403947784615369, 19.810569 ], [ -99.403909553846148, 19.810486184615392 ], [ -99.403895876923045, 19.810396753846174 ], [ -99.403847246153816, 19.810318984615396 ], [ -99.403790753846124, 19.810246138461522 ], [ -99.403760307692295, 19.810160492307723 ], [ -99.403726646153814, 19.810075923076965 ], [ -99.403689261538418, 19.809992769230764 ], [ -99.403670692307628, 19.809904123076929 ], [ -99.403657846153791, 19.809814584615406 ], [ -99.403646492307658, 19.809724861538495 ], [ -99.403700553846136, 19.809650369230788 ], [ -99.403751507692292, 19.809573938461568 ], [ -99.403801276923062, 19.809496830769234 ], [ -99.403848046153826, 19.809418046153816 ], [ -99.403856353846123, 19.809328015384587 ], [ -99.403861907692274, 19.809237799999977 ], [ -99.403894, 19.80915269230767 ], [ -99.403937784615337, 19.809072384615352 ], [ -99.404008630769198, 19.80901181538464 ], [ -99.404077723076895, 19.80894944615385 ], [ -99.404151938461538, 19.80889256923081 ], [ -99.40423544615382, 19.808848769230757 ], [ -99.404309092307656, 19.808791246153852 ], [ -99.404320615384606, 19.80870153846152 ], [ -99.404285753846153, 19.80861741538461 ], [ -99.404260707692302, 19.8085302153846 ], [ -99.404219523076918, 19.808448676923092 ], [ -99.404202323076944, 19.80835979999998 ], [ -99.404198138461496, 19.808269523076969 ], [ -99.404229753846124, 19.808184246153861 ], [ -99.404306507692297, 19.808130507692304 ], [ -99.404389738461518, 19.808174784615371 ], [ -99.40442261538459, 19.808259615384564 ], [ -99.4044828, 19.808329784615392 ], [ -99.404484923076893, 19.808420123076921 ], [ -99.404497184615352, 19.808509738461488 ], [ -99.404526292307651, 19.808595799999988 ], [ -99.404571323076908, 19.808675492307689 ], [ -99.404610938461502, 19.808757707692305 ], [ -99.404578953846126, 19.808842861538476 ], [ -99.404530569230758, 19.808920769230799 ], [ -99.404460076923058, 19.808981707692336 ], [ -99.404404584615349, 19.809055261538511 ], [ -99.404325107692245, 19.80910533846156 ], [ -99.404266076923079, 19.809176369230734 ], [ -99.404218676923051, 19.8092548 ], [ -99.404170307692254, 19.809332723076899 ], [ -99.404115923076901, 19.809406984615343 ], [ -99.404133, 19.809495892307698 ], [ -99.404172323076878, 19.809578246153894 ], [ -99.404172553846109, 19.809668615384595 ], [ -99.404172784615355, 19.809758984615385 ], [ -99.404173246153832, 19.80984935384615 ], [ -99.404231769230748, 19.80992075384615 ], [ -99.404294353846097, 19.809989 ], [ -99.404368615384584, 19.810045800000026 ], [ -99.404400092307696, 19.810131107692282 ], [ -99.404426138461503, 19.810218046153892 ], [ -99.404462123076897, 19.810301753846112 ], [ -99.40450227692304, 19.810383738461592 ], [ -99.40453633846154, 19.810468169230766 ], [ -99.404545984615382, 19.81055806153848 ], [ -99.40455221538457, 19.810648246153871 ], [ -99.4045560461538, 19.810738538461514 ], [ -99.404528138461501, 19.810824953846147 ], [ -99.404506784615378, 19.810913030769253 ], [ -99.404507230769184, 19.8110034 ], [ -99.40451179999998, 19.811093661538411 ], [ -99.404501030769225, 19.811183461538448 ], [ -99.40446769230762, 19.811268138461561 ], [ -99.40447398461535, 19.811375953846145 ], [ -99.404440938461519, 19.811460738461527 ], [ -99.404410523076891, 19.811546400000044 ], [ -99.404413446153825, 19.811636723076933 ], [ -99.404483061538414, 19.811698569230767 ], [ -99.40444915384613, 19.81178304615386 ], [ -99.404399830769165, 19.811860430769233 ], [ -99.404400538461516, 19.811950784615377 ], [ -99.404415369230762, 19.812040061538447 ], [ -99.404387015384586, 19.812126353846185 ], [ -99.404360492307646, 19.812213153846148 ], [ -99.404337553846091, 19.812300876923075 ], [ -99.404314769230723, 19.812388630769256 ], [ -99.404296230769219, 19.812477276923055 ], [ -99.40428669230765, 19.812567200000011 ], [ -99.404270076923027, 19.812656184615403 ], [ -99.404234584615381, 19.812740076923042 ], [ -99.404194661538426, 19.812822169230778 ], [ -99.404159523076899, 19.812906184615386 ], [ -99.404187399999955, 19.812992615384626 ], [ -99.404252307692261, 19.813058892307694 ], [ -99.404157199999986, 19.813050953846179 ], [ -99.404065061538432, 19.813074661538504 ], [ -99.403988646153806, 19.813128861538456 ], [ -99.403921692307662, 19.813193292307723 ], [ -99.403894738461474, 19.813279969230763 ], [ -99.403876338461501, 19.813368646153883 ], [ -99.403843476923043, 19.813453492307723 ], [ -99.403821815384575, 19.813541507692314 ], [ -99.403822, 19.813631876923051 ], [ -99.403822092307678, 19.81372223076924 ], [ -99.403816169230751, 19.813812430769254 ], [ -99.403768476923034, 19.813890723076931 ], [ -99.403712184615344, 19.813963707692309 ], [ -99.403698892307631, 19.814053199999968 ], [ -99.403708092307696, 19.814143138461525 ], [ -99.403713876923049, 19.814233338461538 ], [ -99.403714061538437, 19.814323707692296 ], [ -99.403713523076902, 19.814414076923079 ], [ -99.403693969230773, 19.814502523076914 ], [ -99.403646353846142, 19.814580861538445 ], [ -99.403612138461511, 19.814665230769251 ], [ -99.403603584615354, 19.814755230769208 ], [ -99.4036188, 19.814844446153863 ], [ -99.403624230769196, 19.814934661538476 ], [ -99.403604584615351, 19.815023092307705 ], [ -99.403583199999957, 19.815111169230754 ], [ -99.403568338461525, 19.815200430769227 ], [ -99.403593876923068, 19.815287507692307 ], [ -99.403667646153806, 19.815344876923049 ], [ -99.403743646153799, 19.815399584615403 ], [ -99.403669984615377, 19.8154570923077 ], [ -99.403587107692275, 19.815412215384615 ], [ -99.40351441538462, 19.815353615384602 ], [ -99.403440769230727, 19.815296092307698 ], [ -99.403346461538405, 19.815281907692277 ], [ -99.403255984615356, 19.815310753846145 ], [ -99.403173815384605, 19.815356784615417 ], [ -99.403096969230745, 19.815410430769255 ], [ -99.403047907692297, 19.815487953846173 ], [ -99.402993861538434, 19.815562461538477 ], [ -99.402941615384592, 19.815638092307683 ], [ -99.402880615384589, 19.815707615384582 ], [ -99.402819538461529, 19.815777076923045 ], [ -99.402780123076909, 19.815859399999962 ], [ -99.402753507692296, 19.815946169230749 ], [ -99.402753723076884, 19.816036538461535 ], [ -99.402753784615385, 19.816126907692304 ], [ -99.402748492307708, 19.816217138461521 ], [ -99.402748738461497, 19.816307507692297 ], [ -99.402768984615378, 19.816395815384613 ], [ -99.402808169230752, 19.816478215384613 ], [ -99.40285183076918, 19.8165585846154 ], [ -99.402885230769229, 19.816643246153873 ], [ -99.402822753846095, 19.816711584615383 ], [ -99.402771784615368, 19.816788 ], [ -99.402746046153808, 19.816875030769282 ], [ -99.402707676923043, 19.816957784615386 ], [ -99.402663630769183, 19.817037953846175 ], [ -99.402640261538423, 19.817125569230761 ], [ -99.40261986153844, 19.817213861538441 ], [ -99.402583492307656, 19.817297415384605 ], [ -99.402541938461539, 19.817378769230757 ], [ -99.402477830769215, 19.817445738461586 ], [ -99.402488446153839, 19.817535553846145 ], [ -99.402534599999967, 19.817614661538499 ], [ -99.402531646153818, 19.817704984615339 ], [ -99.402488307692266, 19.817785507692275 ], [ -99.402415446153796, 19.817843907692275 ], [ -99.402341353846154, 19.817900923076884 ], [ -99.402344046153786, 19.817991246153834 ], [ -99.402393415384566, 19.818068600000025 ], [ -99.402450692307667, 19.818140907692303 ], [ -99.402452846153835, 19.818231246153864 ], [ -99.402431138461509, 19.818319246153823 ], [ -99.402387, 19.818399384615397 ], [ -99.402358338461525, 19.818485584615367 ], [ -99.402320953846129, 19.818568738461547 ], [ -99.402295953846135, 19.818655938461514 ], [ -99.402264215384619, 19.81874116923079 ], [ -99.402210261538414, 19.818815738461524 ], [ -99.402159969230752, 19.818892553846162 ], [ -99.402120907692279, 19.818975015384588 ], [ -99.402062369230762, 19.8190464 ], [ -99.402030169230741, 19.819131476923101 ], [ -99.402020676923016, 19.819221399999986 ], [ -99.402027169230735, 19.819311553846156 ], [ -99.402050199999948, 19.819399246153861 ], [ -99.402066661538441, 19.819488261538453 ], [ -99.402066784615329, 19.819578630769243 ], [ -99.402055446153824, 19.819668353846147 ], [ -99.402050292307663, 19.8197586 ], [ -99.402053507692273, 19.819848907692329 ], [ -99.402092676923033, 19.819931323076943 ], [ -99.402149876923076, 19.820003676923108 ], [ -99.402229138461507, 19.820054076923057 ], [ -99.4023046, 19.820109446153843 ], [ -99.402360569230765, 19.820182676923071 ], [ -99.402432430769196, 19.82024216923076 ], [ -99.402510969230761, 19.820293553846138 ], [ -99.402596276923049, 19.82033416923079 ], [ -99.402671138461528, 19.820390276923082 ], [ -99.402750169230728, 19.820440969230759 ], [ -99.402834507692305, 19.820483369230782 ], [ -99.402908661538433, 19.820540292307708 ], [ -99.402999923076919, 19.820566907692317 ], [ -99.403082061538456, 19.820612984615423 ], [ -99.403169061538449, 19.820650215384592 ], [ -99.403263138461512, 19.820665753846175 ], [ -99.403354692307644, 19.820691415384587 ], [ -99.403447123076901, 19.820714107692311 ], [ -99.403540815384602, 19.820731538461519 ], [ -99.40363461538459, 19.820748430769246 ], [ -99.403722030769217, 19.820784784615363 ], [ -99.40381167692307, 19.820815938461507 ], [ -99.403889784615387, 19.820867907692307 ], [ -99.403984199999968, 19.820881461538473 ], [ -99.404053661538427, 19.82094346153848 ], [ -99.404137307692309, 19.820987076923128 ], [ -99.404199969230731, 19.820918876923102 ], [ -99.404211261538464, 19.820829153846205 ], [ -99.404241261538431, 19.82074336923079 ], [ -99.404327384615328, 19.820704323076896 ], [ -99.404402892307658, 19.820649015384593 ], [ -99.404477538461506, 19.820592661538445 ], [ -99.404539138461487, 19.820523599999969 ], [ -99.404601815384581, 19.820455430769226 ], [ -99.404644276923023, 19.820374492307678 ], [ -99.40470626153845, 19.820305753846117 ], [ -99.404768046153833, 19.820236861538486 ], [ -99.404837384615377, 19.820174723076889 ], [ -99.404898799999984, 19.820105523076947 ], [ -99.404981553846127, 19.820060446153878 ], [ -99.405048938461519, 19.819996415384647 ], [ -99.405116338461525, 19.8199324 ], [ -99.405187030769184, 19.81987166153846 ], [ -99.405259061538416, 19.819812338461542 ], [ -99.40533250769225, 19.819754584615385 ], [ -99.405408430769214, 19.819699784615441 ], [ -99.405482015384592, 19.81964218461539 ], [ -99.405533246153851, 19.819565938461544 ], [ -99.405581723076892, 19.819488076923118 ], [ -99.405617199999966, 19.819404184615379 ], [ -99.4056553384615, 19.819321323076938 ], [ -99.405694861538436, 19.819239061538422 ], [ -99.405718461538456, 19.819151507692272 ], [ -99.405735599999986, 19.819062599999981 ], [ -99.405761953846138, 19.81897575384615 ], [ -99.405817769230723, 19.81890243076926 ], [ -99.405879476923062, 19.818833461538446 ], [ -99.40594401538462, 19.81876687692311 ], [ -99.405990599999967, 19.818687984615341 ], [ -99.406047292307676, 19.818615261538447 ], [ -99.40613018461535, 19.818570415384606 ], [ -99.406204784615355, 19.818514 ], [ -99.406244661538423, 19.818431892307697 ], [ -99.406306646153809, 19.818363169230782 ], [ -99.4063448307692, 19.818280338461545 ], [ -99.406384399999951, 19.818198092307693 ], [ -99.40641598461535, 19.81811281538458 ], [ -99.406450353846111, 19.81802850769229 ], [ -99.406502384615365, 19.817952738461535 ], [ -99.406551799999974, 19.817875415384581 ], [ -99.40660352307691, 19.817799446153835 ], [ -99.406662030769198, 19.817728030769239 ], [ -99.406739169230761, 19.817674769230791 ], [ -99.406821969230762, 19.817629769230773 ], [ -99.406889799999988, 19.81756616923078 ], [ -99.406979138461523, 19.817534261538459 ], [ -99.407044907692281, 19.817468753846157 ], [ -99.407123492307633, 19.817417415384611 ], [ -99.407202092307671, 19.817366107692333 ], [ -99.407288676923031, 19.817328 ], [ -99.407369307692264, 19.817279584615367 ], [ -99.40744716923075, 19.817227292307706 ], [ -99.407528769230751, 19.817180338461561 ], [ -99.407597861538463, 19.81711798461539 ], [ -99.407658476923061, 19.817048153846134 ], [ -99.407743830769192, 19.817007661538469 ], [ -99.407830953846158, 19.816970676923077 ], [ -99.407913969230762, 19.81692603076921 ], [ -99.407998138461494, 19.816883338461519 ], [ -99.408075446153802, 19.816830307692332 ], [ -99.408138507692271, 19.816762446153835 ], [ -99.408172738461502, 19.816678092307722 ], [ -99.408189876923046, 19.81658918461536 ], [ -99.408200846153818, 19.816499415384595 ], [ -99.40821366153844, 19.816409876923078 ], [ -99.40824684615383, 19.816325138461536 ], [ -99.408275584615353, 19.816238953846124 ], [ -99.408291076923021, 19.816149784615366 ], [ -99.408308646153799, 19.816060969230776 ], [ -99.408316338461518, 19.815970892307686 ], [ -99.408354969230743, 19.815888246153815 ], [ -99.408410307692264, 19.815814615384618 ], [ -99.408467307692291, 19.815742107692301 ], [ -99.408523092307703, 19.815668769230772 ], [ -99.408587661538434, 19.815602199999947 ], [ -99.408651615384599, 19.815535107692288 ], [ -99.408700784615363, 19.815457630769231 ], [ -99.408778030769199, 19.815404507692296 ], [ -99.408834661538464, 19.815331753846149 ], [ -99.408888584615354, 19.815257184615387 ], [ -99.408942523076888, 19.81518261538465 ], [ -99.408992769230721, 19.815105769230765 ], [ -99.409045230769223, 19.815030261538478 ], [ -99.409092523076879, 19.814951753846142 ], [ -99.409116523076918, 19.814864292307721 ], [ -99.409138030769213, 19.814776246153851 ], [ -99.409132092307672, 19.814686061538481 ], [ -99.409126815384539, 19.814595830769257 ], [ -99.409121153846129, 19.814505615384594 ], [ -99.409120938461498, 19.814415246153807 ], [ -99.409120861538426, 19.81432489230771 ], [ -99.409121384615361, 19.814234523076927 ], [ -99.409126892307683, 19.814144307692331 ], [ -99.409131415384593, 19.814054046153888 ], [ -99.409132769230752, 19.813963676923073 ], [ -99.409161384615388, 19.813877461538457 ], [ -99.409195953846137, 19.813793230769196 ], [ -99.409222815384609, 19.813706507692316 ], [ -99.409253907692289, 19.813621076923074 ], [ -99.409296584615362, 19.81354023076921 ], [ -99.409348215384554, 19.813464215384649 ], [ -99.409406476923067, 19.813392630769229 ], [ -99.409434753846156, 19.81330630769229 ], [ -99.409447338461533, 19.813216738461556 ], [ -99.409477923076878, 19.813131123076957 ], [ -99.409550076923026, 19.81307193846153 ], [ -99.409644876923039, 19.813082738461546 ], [ -99.409740323076889, 19.813085353846159 ], [ -99.409831646153833, 19.813059015384635 ], [ -99.409909846153852, 19.813007153846183 ], [ -99.410002138461522, 19.81298395384616 ], [ -99.410091307692326, 19.812951646153863 ], [ -99.4101866, 19.812957338461562 ], [ -99.410275538461519, 19.8129902 ], [ -99.410331815384566, 19.813063200000055 ], [ -99.410396507692269, 19.813129661538504 ], [ -99.410426076923031, 19.813215584615406 ], [ -99.41051395384612, 19.813250938461547 ], [ -99.410601923076911, 19.813286076923077 ], [ -99.410675753846135, 19.813228769230747 ], [ -99.410670246153799, 19.813138553846152 ], [ -99.410670615384618, 19.813048184615397 ], [ -99.410682615384587, 19.812958538461544 ], [ -99.410730353846134, 19.812880276923106 ], [ -99.410785753846127, 19.812806676923085 ], [ -99.410842646153796, 19.812734107692311 ], [ -99.410921661538438, 19.812683353846179 ], [ -99.411014430769185, 19.812661984615382 ], [ -99.41110653846151, 19.8126382 ], [ -99.411187599999948, 19.812685953846152 ], [ -99.411276661538423, 19.812718538461532 ], [ -99.41137187692307, 19.812711784615413 ], [ -99.411444630769225, 19.812653261538482 ], [ -99.411536030769213, 19.812627107692308 ], [ -99.411625061538444, 19.81265976923077 ], [ -99.411718184615339, 19.812679753846197 ], [ -99.411809553846126, 19.812653553846168 ], [ -99.411904523076899, 19.812662984615397 ], [ -99.411999507692272, 19.812653830769275 ], [ -99.412084907692247, 19.812613415384643 ], [ -99.412173153846126, 19.812578892307705 ], [ -99.412168784615375, 19.812488630769241 ], [ -99.412154399999977, 19.812399292307731 ], [ -99.412145046153825, 19.812309353846125 ], [ -99.412149815384595, 19.812219107692329 ], [ -99.412153384615337, 19.812128800000025 ], [ -99.412184615384561, 19.812043415384611 ], [ -99.412207569230759, 19.811955692307706 ], [ -99.412230446153814, 19.811867953846175 ], [ -99.412253153846137, 19.811780184615387 ], [ -99.41230578461537, 19.811704784615369 ], [ -99.41238266153843, 19.811651184615382 ], [ -99.412474261538478, 19.811625692307704 ], [ -99.412569492307654, 19.811632169230776 ], [ -99.412660738461511, 19.811658800000014 ], [ -99.412752538461532, 19.811683676923039 ], [ -99.412843907692292, 19.811709892307707 ], [ -99.412937599999964, 19.811727292307655 ], [ -99.41303247692305, 19.811737523076925 ], [ -99.413123030769199, 19.811766169230772 ], [ -99.413210661538415, 19.811802076923037 ], [ -99.413301476923039, 19.811829953846136 ], [ -99.413394892307636, 19.811848661538459 ], [ -99.413463138461552, 19.811785461538463 ], [ -99.413489769230722, 19.811698676923061 ], [ -99.413465707692296, 19.811611230769213 ], [ -99.413408092307634, 19.811539169230773 ], [ -99.413372399999972, 19.81145535384616 ], [ -99.413336938461526, 19.811371446153881 ], [ -99.4132982307692, 19.811288846153825 ], [ -99.413265184615355, 19.811204061538451 ], [ -99.413248769230734, 19.811115046153844 ], [ -99.413260692307645, 19.81102538461538 ], [ -99.413278323076867, 19.810936569230748 ], [ -99.413298876923051, 19.810848323076907 ], [ -99.413345907692303, 19.810769676923066 ], [ -99.413413799999958, 19.810706123076869 ], [ -99.413501169230713, 19.810669676923073 ], [ -99.413576707692258, 19.810724953846169 ], [ -99.41361301538457, 19.810808523076961 ], [ -99.413601399999976, 19.81089821538459 ], [ -99.413550676923037, 19.810974784615389 ], [ -99.413479246153827, 19.811034738461508 ], [ -99.413432046153844, 19.811113292307688 ], [ -99.413458646153828, 19.811200092307693 ], [ -99.413529707692291, 19.811260430769256 ], [ -99.413603615384602, 19.81131764615381 ], [ -99.413627184615336, 19.811405230769207 ], [ -99.413654799999961, 19.811491723076919 ], [ -99.413654446153814, 19.81158209230772 ], [ -99.413631892307649, 19.811669907692355 ], [ -99.413626615384615, 19.811760138461509 ], [ -99.413612276923047, 19.811849476923065 ], [ -99.413560630769183, 19.811925476923054 ], [ -99.413478646153834, 19.8119718 ], [ -99.413393723076908, 19.812013107692316 ], [ -99.413299646153789, 19.8120286 ], [ -99.413204169230738, 19.812028615384637 ], [ -99.413110584615367, 19.812010676923112 ], [ -99.413018030769194, 19.811988507692288 ], [ -99.412939661538431, 19.811936861538463 ], [ -99.412846153846132, 19.811918599999974 ], [ -99.412754815384574, 19.811892261538457 ], [ -99.412665661538398, 19.811859907692309 ], [ -99.412572199999957, 19.811841415384649 ], [ -99.412476723076892, 19.81184215384615 ], [ -99.412434415384553, 19.811923169230745 ], [ -99.412435323076892, 19.812013538461578 ], [ -99.41244173846151, 19.812103692307691 ], [ -99.412475307692262, 19.812188292307738 ], [ -99.412493969230738, 19.812276923076904 ], [ -99.412509815384595, 19.812366030769223 ], [ -99.412515753846165, 19.81245623076925 ], [ -99.41251649230766, 19.812546584615344 ], [ -99.412522538461488, 19.812636769230778 ], [ -99.412527569230747, 19.81272701538466 ], [ -99.412525861538413, 19.812817369230753 ], [ -99.412484123076908, 19.81289864615384 ], [ -99.412411430769183, 19.812957230769239 ], [ -99.412339384615379, 19.813016523076932 ], [ -99.4122658, 19.813074123076948 ], [ -99.412192353846137, 19.81313186153848 ], [ -99.412117292307698, 19.813187723076904 ], [ -99.412040553846126, 19.813241507692297 ], [ -99.411954246153812, 19.813280153846183 ], [ -99.411867923076898, 19.813318769230793 ], [ -99.41178263076921, 19.8133594 ], [ -99.411697476923052, 19.813400261538447 ], [ -99.411606876923031, 19.8134288 ], [ -99.411534907692285, 19.813488184615398 ], [ -99.411487938461519, 19.813566861538479 ], [ -99.411446615384563, 19.813648338461583 ], [ -99.411398553846141, 19.813726415384611 ], [ -99.411381799999944, 19.81381538461541 ], [ -99.411299815384595, 19.813861723076897 ], [ -99.411210492307688, 19.813893646153829 ], [ -99.41112327692305, 19.813930446153883 ], [ -99.41103283076923, 19.813959369230748 ], [ -99.410950984615326, 19.814005938461523 ], [ -99.41086418461532, 19.81404356923078 ], [ -99.410782061538441, 19.814089676923079 ], [ -99.410707676923053, 19.814146323076901 ], [ -99.410622046153804, 19.814186323076907 ], [ -99.41052656923074, 19.814185892307716 ], [ -99.4104319384615, 19.814173815384606 ], [ -99.41033763076922, 19.814159630769204 ], [ -99.41027050769226, 19.814095369230788 ], [ -99.41017503076921, 19.814094 ], [ -99.410116799999969, 19.814165600000013 ], [ -99.410119799999975, 19.814255923076949 ], [ -99.410143830769201, 19.814343384615395 ], [ -99.410184861538397, 19.814424984615382 ], [ -99.410253046153798, 19.814488246153861 ], [ -99.410327984615364, 19.814544230769211 ], [ -99.41036061538459, 19.814629169230823 ], [ -99.410389261538427, 19.814715369230811 ], [ -99.410401907692261, 19.814804938461556 ], [ -99.410412707692302, 19.814894723076911 ], [ -99.410423953846148, 19.814984461538469 ], [ -99.41042249230766, 19.815074815384627 ], [ -99.410404323076889, 19.815163538461505 ], [ -99.41036173846156, 19.815244415384647 ], [ -99.4103072, 19.8153186 ], [ -99.410259061538426, 19.815396630769204 ], [ -99.410218030769187, 19.815478230769237 ], [ -99.410150015384559, 19.815541646153815 ], [ -99.410076138461491, 19.815598907692291 ], [ -99.410014184615335, 19.815667676923074 ], [ -99.409980323076894, 19.815752169230731 ], [ -99.409955046153797, 19.815839307692297 ], [ -99.409911646153802, 19.815919800000025 ], [ -99.409862461538438, 19.815997246153838 ], [ -99.409810584615343, 19.816073123076904 ], [ -99.409754784615345, 19.816146446153812 ], [ -99.409718615384605, 19.81623007692308 ], [ -99.409682646153811, 19.816313784615378 ], [ -99.409666553846137, 19.816402861538485 ], [ -99.409652523076886, 19.816492246153842 ], [ -99.409611892307694, 19.81657403076926 ], [ -99.409593953846127, 19.816662784615424 ], [ -99.409559230769176, 19.816746969230767 ], [ -99.409532507692262, 19.816833723076932 ], [ -99.409509046153815, 19.816921323076937 ], [ -99.409464399999976, 19.817001200000046 ], [ -99.409436138461501, 19.817087523076946 ], [ -99.40941084615379, 19.817174661538481 ], [ -99.409375184615357, 19.817258492307694 ], [ -99.409334753846124, 19.81734035384617 ], [ -99.409323307692318, 19.81743006153847 ], [ -99.409316492307624, 19.817520200000011 ], [ -99.409254938461515, 19.817589292307655 ], [ -99.409187815384612, 19.817653553846167 ], [ -99.409123984615348, 19.817720769230775 ], [ -99.409065399999974, 19.817792123076956 ], [ -99.409013246153833, 19.817867815384613 ], [ -99.40898183076925, 19.817953153846169 ], [ -99.408957415384592, 19.818040507692338 ], [ -99.40890049230768, 19.818113076923112 ], [ -99.408862723076879, 19.818196061538444 ], [ -99.408841492307673, 19.818284169230772 ], [ -99.408864907692276, 19.81837178461538 ], [ -99.408888507692296, 19.818459353846155 ], [ -99.40893913846152, 19.818535953846119 ], [ -99.408979923076899, 19.818617661538475 ], [ -99.409025738461509, 19.818696953846111 ], [ -99.409080969230729, 19.818770676923084 ], [ -99.409122399999973, 19.818852092307676 ], [ -99.409134261538426, 19.818941753846126 ], [ -99.409158815384572, 19.819029076923101 ], [ -99.409204246153806, 19.819108553846181 ], [ -99.409256984615382, 19.819183892307727 ], [ -99.409327892307658, 19.81924441538461 ], [ -99.409403261538429, 19.819299892307697 ], [ -99.409492030769215, 19.8193332 ], [ -99.409581061538461, 19.819365861538454 ], [ -99.40967604615382, 19.819375138461577 ], [ -99.409771415384569, 19.819379769230789 ], [ -99.409866892307704, 19.819379553846126 ], [ -99.409962384615312, 19.819379292307683 ], [ -99.410057861538405, 19.819378384615352 ], [ -99.410151876923067, 19.81936253846154 ], [ -99.410247323076931, 19.819360061538458 ], [ -99.410339307692283, 19.819384292307689 ], [ -99.410430707692271, 19.819358123076942 ], [ -99.410441415384582, 19.819268323076905 ], [ -99.410441492307683, 19.81917795384615 ], [ -99.410487969230729, 19.819099015384644 ], [ -99.410517630769178, 19.819013123076928 ], [ -99.410544169230732, 19.818926323076912 ], [ -99.410581892307633, 19.818843292307669 ], [ -99.410640215384561, 19.818771753846157 ], [ -99.410701261538435, 19.818702261538498 ], [ -99.410755876923034, 19.818628138461516 ], [ -99.410841815384615, 19.818667507692279 ], [ -99.410807599999941, 19.818751861538487 ], [ -99.41076184615379, 19.818831184615377 ], [ -99.410798584615335, 19.818914584615374 ], [ -99.410888430769191, 19.818945199999973 ], [ -99.410983738461553, 19.81893983076921 ], [ -99.411079215384618, 19.818941138461561 ], [ -99.411169569230751, 19.818970353846147 ], [ -99.4112345384615, 19.819036584615375 ], [ -99.411299307692261, 19.819103 ], [ -99.411365399999923, 19.819168215384622 ], [ -99.41144969230767, 19.819210661538477 ], [ -99.411532076923066, 19.819256353846121 ], [ -99.411605753846118, 19.819313830769232 ], [ -99.411687969230741, 19.819359784615386 ], [ -99.411778276923059, 19.819389138461528 ], [ -99.411867153846131, 19.819422215384627 ], [ -99.41193941538458, 19.819481276923085 ], [ -99.412025923076911, 19.819519538461503 ], [ -99.412117399999985, 19.819545415384653 ], [ -99.412206938461523, 19.819576830769257 ], [ -99.412296830769193, 19.819607307692333 ], [ -99.412390907692284, 19.819622784615401 ], [ -99.412484984615361, 19.819638230769247 ], [ -99.412579738461531, 19.819649400000014 ], [ -99.412673861538451, 19.819664692307732 ], [ -99.412769338461487, 19.819664446153858 ], [ -99.412864830769209, 19.819664030769264 ], [ -99.4129601384615, 19.819658507692274 ], [ -99.413055446153805, 19.819652969230763 ], [ -99.413150399999978, 19.819643399999972 ], [ -99.41324243076923, 19.819619353846146 ], [ -99.413336307692319, 19.819602800000034 ], [ -99.413417230769213, 19.819554815384596 ], [ -99.413495507692289, 19.819503061538477 ], [ -99.4135815384615, 19.819463861538463 ], [ -99.413665230769183, 19.819420353846112 ], [ -99.413753215384574, 19.819385246153878 ], [ -99.413830938461516, 19.819332753846126 ], [ -99.413888907692268, 19.819260938461586 ], [ -99.413953707692286, 19.819194569230802 ], [ -99.414026323076897, 19.819135876923077 ], [ -99.41409390769229, 19.819072046153817 ], [ -99.414163338461492, 19.819010015384599 ], [ -99.414226338461489, 19.81894210769233 ], [ -99.414301199999954, 19.818886015384638 ], [ -99.414374123076897, 19.818827676923057 ], [ -99.414451676923065, 19.81877495384618 ], [ -99.414522092307678, 19.818713923076913 ], [ -99.41459716923076, 19.818658076923082 ], [ -99.41466221538461, 19.818591938461562 ], [ -99.414735, 19.818533430769225 ], [ -99.414808015384594, 19.818475199999959 ], [ -99.414886276923056, 19.818423446153872 ], [ -99.414963430769234, 19.818370184615379 ], [ -99.415033738461503, 19.818309030769228 ], [ -99.415119892307686, 19.818270092307714 ], [ -99.415204292307649, 19.818227815384624 ], [ -99.41528744615384, 19.818183400000038 ], [ -99.415376830769205, 19.818151615384604 ], [ -99.415468, 19.818124723076913 ], [ -99.415555123076899, 19.818087769230765 ], [ -99.415645815384579, 19.818059476923064 ], [ -99.41573381538457, 19.818024384615384 ], [ -99.415817892307686, 19.817981553846167 ], [ -99.415900461538428, 19.817936169230776 ], [ -99.415983738461492, 19.817891969230789 ], [ -99.416068338461542, 19.817850076923076 ], [ -99.416136030769223, 19.817786338461556 ], [ -99.416205938461516, 19.817724769230793 ], [ -99.416274307692277, 19.81766169230773 ], [ -99.416325507692292, 19.817585415384652 ], [ -99.4163747538461, 19.817508 ], [ -99.416427630769206, 19.817432753846163 ], [ -99.416497676923058, 19.817371323076927 ], [ -99.416579584615391, 19.817324892307706 ], [ -99.416644784615357, 19.81725887692307 ], [ -99.416713799999954, 19.817196415384675 ], [ -99.416750753846145, 19.817113092307689 ], [ -99.416734753846143, 19.817024 ], [ -99.416741938461499, 19.81693389230772 ], [ -99.416811153846112, 19.816871630769217 ], [ -99.416860184615331, 19.816794092307681 ], [ -99.416915538461524, 19.816720461538484 ], [ -99.416985569230732, 19.816659030769262 ], [ -99.417055769230757, 19.816597769230796 ], [ -99.417124523076879, 19.816535076923106 ], [ -99.417219676923068, 19.816527538461546 ], [ -99.417314723076913, 19.816518830769191 ], [ -99.41741015384612, 19.816521661538452 ], [ -99.417503292307643, 19.816541599999962 ], [ -99.417597107692245, 19.816558461538499 ], [ -99.417690723076902, 19.81657623076925 ], [ -99.41778569230766, 19.8165668 ], [ -99.417880215384599, 19.816553984615371 ], [ -99.417971369230756, 19.816527123076952 ], [ -99.418065523076905, 19.816512061538479 ], [ -99.418158415384568, 19.816533015384579 ], [ -99.418247723076888, 19.816564984615418 ], [ -99.418343030769165, 19.81655944615386 ], [ -99.418437969230752, 19.81654983076924 ], [ -99.418533369230758, 19.816553753846129 ], [ -99.4186286, 19.816560384615372 ], [ -99.418723123076887, 19.816573169230733 ], [ -99.41881855384608, 19.816570169230776 ], [ -99.418908861538426, 19.816540800000023 ], [ -99.418962369230755, 19.816465969230777 ], [ -99.419006599999975, 19.816385876923047 ], [ -99.419040892307663, 19.816301538461524 ], [ -99.419075984615361, 19.816217492307707 ], [ -99.41911044615378, 19.816133215384593 ], [ -99.41917887692307, 19.816070184615359 ], [ -99.419251369230722, 19.816011384615347 ], [ -99.419341615384582, 19.815981861538454 ], [ -99.419436215384607, 19.815969661538475 ], [ -99.419528353846118, 19.815993415384636 ], [ -99.419606153846118, 19.8160458 ], [ -99.419682615384616, 19.816099923076933 ], [ -99.419768030769191, 19.81614030769234 ], [ -99.419863507692313, 19.8161388 ], [ -99.419937723076927, 19.816081953846155 ], [ -99.419996446153789, 19.816010692307689 ], [ -99.420024646153834, 19.815924353846128 ], [ -99.420052507692247, 19.815837907692316 ], [ -99.420089707692298, 19.815754692307706 ], [ -99.420162215384579, 19.815695876923051 ], [ -99.420208353846121, 19.815616769230765 ], [ -99.420280246153808, 19.815674184615364 ], [ -99.420269661538427, 19.815764 ], [ -99.420249123076914, 19.815852261538435 ], [ -99.420185276923036, 19.815919446153831 ], [ -99.42012703076918, 19.815991046153872 ], [ -99.420090876923013, 19.816074692307698 ], [ -99.420042230769198, 19.816152446153833 ], [ -99.420008923076878, 19.816237138461538 ], [ -99.419994338461507, 19.816326446153806 ], [ -99.419904184615319, 19.816356215384602 ], [ -99.419808953846143, 19.816362830769211 ], [ -99.419731369230732, 19.816310138461553 ], [ -99.419659523076888, 19.816250615384615 ], [ -99.419574846153807, 19.816208876923085 ], [ -99.41948595384612, 19.816175861538486 ], [ -99.419391584615369, 19.816162107692289 ], [ -99.419296938461514, 19.816150107692302 ], [ -99.419224215384574, 19.816208661538418 ], [ -99.419206523076895, 19.816297461538447 ], [ -99.419177199999965, 19.816383461538457 ], [ -99.419138953846115, 19.816466261538498 ], [ -99.419116246153834, 19.816554046153858 ], [ -99.419081, 19.816638030769244 ], [ -99.419019169230708, 19.816706892307717 ], [ -99.418951446153812, 19.816770584615377 ], [ -99.418881123076858, 19.816831723076891 ], [ -99.418806246153835, 19.8168878 ], [ -99.418831230769214, 19.8169750153846 ], [ -99.418926553846134, 19.816980215384596 ], [ -99.418955276923043, 19.817066399999984 ], [ -99.419023153846126, 19.817122507692307 ], [ -99.419131030769222, 19.817211676923094 ], [ -99.419035553846129, 19.817211 ], [ -99.418941492307681, 19.817195476923096 ], [ -99.418847846153838, 19.81717778461535 ], [ -99.418754538461513, 19.817158569230799 ], [ -99.418659199999965, 19.817153584615401 ], [ -99.418563723076886, 19.817154892307727 ], [ -99.418473692307671, 19.81718498461542 ], [ -99.418380507692277, 19.817204707692351 ], [ -99.418285523076889, 19.817213861538459 ], [ -99.418190230769227, 19.817219600000044 ], [ -99.418094769230763, 19.817221876923078 ], [ -99.417999492307658, 19.817227753846193 ], [ -99.417908461538403, 19.817255076923072 ], [ -99.41781396923075, 19.817268076923096 ], [ -99.417726169230747, 19.817303584615356 ], [ -99.417656569230758, 19.81736544615384 ], [ -99.417597907692311, 19.817436753846142 ], [ -99.417557076923046, 19.817518430769223 ], [ -99.417484861538441, 19.81757755384616 ], [ -99.417425861538419, 19.817648600000044 ], [ -99.417410307692251, 19.817737769230813 ], [ -99.417415446153811, 19.817828 ], [ -99.417392599999985, 19.817915738461526 ], [ -99.417320630769211, 19.817975123076923 ], [ -99.417253353846107, 19.818039246153866 ], [ -99.417190830769229, 19.818107553846204 ], [ -99.417113415384577, 19.818160461538465 ], [ -99.417037507692243, 19.818215261538434 ], [ -99.416975107692295, 19.818283676923066 ], [ -99.416903492307682, 19.818343446153886 ], [ -99.416848784615382, 19.818417507692338 ], [ -99.416798769230752, 19.818494492307707 ], [ -99.416752646153796, 19.818573615384604 ], [ -99.416722215384624, 19.818659276923075 ], [ -99.41672250769227, 19.818749630769236 ], [ -99.416727230769183, 19.818839892307725 ], [ -99.416755476923043, 19.818926215384625 ], [ -99.416798861538453, 19.819006707692321 ], [ -99.416847661538426, 19.819084384615373 ], [ -99.416901184615369, 19.81915921538458 ], [ -99.416962307692287, 19.819228661538471 ], [ -99.417000876923083, 19.819311323076892 ], [ -99.416933215384574, 19.819375092307684 ], [ -99.416840569230743, 19.819353215384648 ], [ -99.4167746, 19.819287876923102 ], [ -99.416717569230741, 19.8192154 ], [ -99.416653799999978, 19.819148153846115 ], [ -99.416597569230746, 19.819075107692299 ], [ -99.416545923076896, 19.818999107692267 ], [ -99.416477184615346, 19.818936369230798 ], [ -99.416400353846129, 19.818882723076932 ], [ -99.416317676923072, 19.81883750769234 ], [ -99.416224923076868, 19.81885896923076 ], [ -99.416144184615334, 19.818907230769224 ], [ -99.416066769230724, 19.818960123076923 ], [ -99.415990630769173, 19.819014661538468 ], [ -99.415918061538449, 19.819073384615368 ], [ -99.415841553846107, 19.819127461538443 ], [ -99.415773815384611, 19.819191153846131 ], [ -99.415700138461503, 19.819248646153863 ], [ -99.415624846153804, 19.81930421538458 ], [ -99.415557184615366, 19.819367969230772 ], [ -99.415485984615344, 19.819428199999987 ], [ -99.415428538461526, 19.819500384615392 ], [ -99.415355769230771, 19.819558892307708 ], [ -99.415271384615338, 19.819601169230776 ], [ -99.415203353846152, 19.819664584615381 ], [ -99.41513175384614, 19.819724369230759 ], [ -99.41506987692307, 19.8197932 ], [ -99.415013384615335, 19.81986606153847 ], [ -99.414946799999967, 19.819930815384584 ], [ -99.41488412307686, 19.819998984615431 ], [ -99.414822738461524, 19.820068215384577 ], [ -99.414773538461489, 19.820145661538461 ], [ -99.41471543076922, 19.820217369230818 ], [ -99.414648692307622, 19.820282 ], [ -99.414584861538401, 19.820349200000049 ], [ -99.414503307692286, 19.820396215384626 ], [ -99.414410892307671, 19.820418984615422 ], [ -99.414316923076882, 19.820435046153865 ], [ -99.414221538461476, 19.820438953846175 ], [ -99.414127199999939, 19.820452984615407 ], [ -99.414039261538448, 19.820488200000042 ], [ -99.413962953846109, 19.820542523076924 ], [ -99.413881184615363, 19.820589200000022 ], [ -99.413792784615353, 19.820623338461544 ], [ -99.413701461538452, 19.820649769230744 ], [ -99.413621799999987, 19.82069960000003 ], [ -99.413533615384608, 19.82073423076924 ], [ -99.413456923076907, 19.820788076923044 ], [ -99.413376892307681, 19.82083738461538 ], [ -99.413319184615347, 19.820909369230744 ], [ -99.413329153846107, 19.820999246153843 ], [ -99.413400276923099, 19.821059538461554 ], [ -99.413419123076892, 19.821148123076952 ], [ -99.413367630769187, 19.821224215384618 ], [ -99.413278307692295, 19.821256169230757 ], [ -99.413184353846148, 19.82127232307694 ], [ -99.413095938461524, 19.821238200000028 ], [ -99.413023261538427, 19.821179584615411 ], [ -99.412950584615345, 19.821120984615398 ], [ -99.412863046153802, 19.821084876923059 ], [ -99.412771661538429, 19.821058661538451 ], [ -99.412676584615355, 19.821050323076964 ], [ -99.41258112307689, 19.821052261538494 ], [ -99.412488769230748, 19.821075246153871 ], [ -99.41241241538458, 19.821129507692287 ], [ -99.412331461538443, 19.82117744615384 ], [ -99.412238953846128, 19.821199815384617 ], [ -99.412143923076897, 19.821208646153838 ], [ -99.412048892307666, 19.821217461538442 ], [ -99.411954030769223, 19.821227800000042 ], [ -99.41185936923074, 19.821239738461522 ], [ -99.411764415384553, 19.821249215384618 ], [ -99.411669599999982, 19.821259953846159 ], [ -99.41157664615379, 19.821280615384619 ], [ -99.41148286153846, 19.821297584615404 ], [ -99.411388446153836, 19.821311169230771 ], [ -99.411295399999958, 19.821331461538456 ], [ -99.411202615384553, 19.821352799999975 ], [ -99.411108646153835, 19.821368815384655 ], [ -99.411024030769198, 19.821410707692291 ], [ -99.411000184615375, 19.821498215384612 ], [ -99.410988061538447, 19.821587846153893 ], [ -99.41095110769227, 19.821671169230733 ], [ -99.410883892307666, 19.821735353846204 ], [ -99.410832830769195, 19.821811723076927 ], [ -99.410774230769221, 19.821640538461541 ], [ -99.410733046153837, 19.821559015384626 ], [ -99.410676338461499, 19.821486307692275 ], [ -99.410604430769212, 19.821426861538463 ], [ -99.410529599999975, 19.821370723076893 ], [ -99.41045358461534, 19.821316030769218 ], [ -99.410372169230754, 19.821268815384624 ], [ -99.410281861538451, 19.821239461538429 ], [ -99.410191830769207, 19.821269569230786 ], [ -99.410103, 19.821302723076947 ], [ -99.41008118461535, 19.821214738461592 ], [ -99.409985692307657, 19.821215338461524 ], [ -99.409897384615363, 19.821249723076935 ], [ -99.409805553846098, 19.821224984615409 ], [ -99.409723123076915, 19.821179353846148 ], [ -99.409647446153869, 19.821234446153809 ], [ -99.409572784615378, 19.821290784615385 ], [ -99.409488923076893, 19.821247553846117 ], [ -99.40940307692307, 19.821208 ], [ -99.409307692307664, 19.821203676923098 ], [ -99.4092147230769, 19.821183030769248 ], [ -99.409123738461517, 19.821155630769248 ], [ -99.409028261538452, 19.821153692307693 ], [ -99.408933276923037, 19.821162907692294 ], [ -99.408841030769196, 19.821186261538454 ], [ -99.408763307692269, 19.821238753846153 ], [ -99.408703799999969, 19.821309430769197 ], [ -99.408660415384603, 19.821389923076921 ], [ -99.408606369230753, 19.821464415384618 ], [ -99.408536646153848, 19.821526169230783 ], [ -99.408446107692285, 19.821554892307699 ], [ -99.408362246153843, 19.821598092307724 ], [ -99.408278323076871, 19.821641200000013 ], [ -99.408207799999985, 19.821702138461557 ], [ -99.408125738461479, 19.821748338461585 ], [ -99.408048061538437, 19.821800892307699 ], [ -99.407952892307648, 19.821808261538468 ], [ -99.407861553846104, 19.821834600000017 ], [ -99.407783276923013, 19.821886353846118 ], [ -99.407744738461489, 19.82196904615385 ], [ -99.407707538461494, 19.822052276923078 ], [ -99.407688338461497, 19.822140784615407 ], [ -99.407628615384624, 19.822211307692317 ], [ -99.407541276923055, 19.822174769230809 ], [ -99.407460953846126, 19.822125907692339 ], [ -99.407377892307679, 19.82208133846153 ], [ -99.407289661538442, 19.822046769230752 ], [ -99.407195123076889, 19.822059399999951 ], [ -99.407192123076911, 19.822149723076937 ], [ -99.407191923076894, 19.822240092307691 ], [ -99.407174030769198, 19.822328861538434 ], [ -99.407099846153827, 19.822385753846177 ], [ -99.407056676923062, 19.822466353846156 ], [ -99.40710667692305, 19.822543338461564 ], [ -99.407011199999971, 19.822543015384582 ], [ -99.406916169230726, 19.822534123076959 ], [ -99.406849261538412, 19.822598600000035 ], [ -99.406870107692257, 19.822686784615417 ], [ -99.40684303076921, 19.822773446153843 ], [ -99.406763492307675, 19.822723461538494 ], [ -99.406669246153839, 19.822708892307663 ], [ -99.406573907692277, 19.822713923076915 ], [ -99.406562492307671, 19.822803646153861 ], [ -99.406567030769224, 19.822893907692297 ], [ -99.406474446153823, 19.822871830769245 ], [ -99.40638056923072, 19.822855276923089 ], [ -99.406294415384579, 19.822894261538448 ], [ -99.406217246153801, 19.822947492307684 ], [ -99.406153846153785, 19.823015061538459 ], [ -99.406128661538446, 19.823102215384633 ], [ -99.406115507692277, 19.823191723076953 ], [ -99.406106153846153, 19.823281661538473 ], [ -99.406079230769194, 19.823368369230778 ], [ -99.405984507692253, 19.823356969230765 ], [ -99.405896661538421, 19.823321553846174 ], [ -99.405804307692321, 19.82329853846155 ], [ -99.405709092307688, 19.823291876923054 ], [ -99.405645307692282, 19.82322463076925 ], [ -99.405553015384612, 19.823247800000011 ], [ -99.405468184615358, 19.823289307692324 ], [ -99.405392692307643, 19.823344646153878 ], [ -99.405303415384608, 19.823376707692308 ], [ -99.405223784615359, 19.823426584615394 ], [ -99.40514304615381, 19.823474815384628 ], [ -99.4050691538461, 19.823532076923065 ], [ -99.404984953846139, 19.823574676923073 ], [ -99.404907169230768, 19.823627092307675 ], [ -99.404833738461505, 19.823684861538418 ], [ -99.404756, 19.823737353846134 ], [ -99.40467687692302, 19.823787923076924 ], [ -99.404599338461523, 19.823840676923108 ], [ -99.404518861538449, 19.823889307692294 ], [ -99.404446538461514, 19.823948307692277 ], [ -99.404374861538429, 19.824008030769225 ], [ -99.404309015384584, 19.824073476923079 ], [ -99.404233030769177, 19.824128200000018 ], [ -99.404176553846099, 19.824201076923082 ], [ -99.404123107692271, 19.824275953846122 ], [ -99.404076953846143, 19.82435506153848 ], [ -99.404034, 19.824435769230799 ], [ -99.403987369230748, 19.824514630769244 ], [ -99.403917261538425, 19.824575984615393 ], [ -99.403851276923064, 19.824641307692332 ], [ -99.403780199999986, 19.824701661538462 ], [ -99.403704969230773, 19.824757307692305 ], [ -99.403619276923024, 19.824797184615413 ], [ -99.403553661538439, 19.824862830769231 ], [ -99.40347296923072, 19.824911169230791 ], [ -99.403378338461508, 19.824923184615418 ], [ -99.403282846153843, 19.824922923076912 ], [ -99.40318736923075, 19.824921323076918 ], [ -99.403199492307664, 19.825010953846121 ], [ -99.403196507692272, 19.825101276923064 ], [ -99.403193138461489, 19.825191584615425 ], [ -99.403184784615362, 19.8252816 ], [ -99.403127538461518, 19.825209276923108 ], [ -99.403110938461495, 19.825120276923087 ], [ -99.403091246153792, 19.825031861538459 ], [ -99.403034092307678, 19.824959461538512 ], [ -99.402973384615379, 19.824889707692332 ], [ -99.402893246153823, 19.824840569230812 ], [ -99.402819769230732, 19.824782846153795 ], [ -99.402724753846158, 19.8247918 ], [ -99.402647384615406, 19.824844769230772 ], [ -99.402572830769188, 19.8249012307692 ], [ -99.402481399999985, 19.824927338461546 ], [ -99.402393569230725, 19.824962769230762 ], [ -99.402306215384584, 19.824999276923059 ], [ -99.402219569230738, 19.825037246153855 ], [ -99.402153584615348, 19.825102584615372 ], [ -99.402084384615364, 19.825164861538489 ], [ -99.402039615384581, 19.825244676923099 ], [ -99.401968846153792, 19.825305338461565 ], [ -99.40189426153843, 19.825361769230781 ], [ -99.401831630769209, 19.825429984615397 ], [ -99.401761015384608, 19.825490799999976 ], [ -99.401683707692314, 19.825543846153849 ], [ -99.401600123076904, 19.825587569230784 ], [ -99.401510184615347, 19.825617892307697 ], [ -99.401415646153808, 19.825630676923108 ], [ -99.401320199999986, 19.825633476923116 ], [ -99.401224830769195, 19.825628923076945 ], [ -99.401146876923036, 19.825681107692301 ], [ -99.401113246153798, 19.825765692307705 ], [ -99.401035969230747, 19.825818784615386 ], [ -99.400979769230744, 19.825891830769244 ], [ -99.400892707692293, 19.825928969230805 ], [ -99.400812830769226, 19.825978492307687 ], [ -99.400809723076875, 19.826068799999973 ], [ -99.4008045230769, 19.826159046153879 ], [ -99.40073896923073, 19.826224738461548 ], [ -99.400643476923037, 19.826225907692326 ], [ -99.400552215384579, 19.826252492307699 ], [ -99.400457384615336, 19.826241876923088 ], [ -99.400365938461476, 19.826215846153861 ], [ -99.400271015384618, 19.826225707692277 ], [ -99.40018498461535, 19.826264892307744 ], [ -99.400090969230746, 19.826280784615356 ], [ -99.399999507692272, 19.826306753846136 ], [ -99.399904769230744, 19.826318061538448 ], [ -99.39981792307691, 19.826355630769228 ], [ -99.399815215384592, 19.826440138461553 ], [ -99.399778138461528, 19.826523415384596 ], [ -99.399740369230756, 19.826606415384585 ], [ -99.399693846153809, 19.82668532307693 ], [ -99.399646692307698, 19.826763907692342 ], [ -99.399611753846159, 19.826848015384638 ], [ -99.399549661538444, 19.826916661538466 ], [ -99.399500446153823, 19.826994107692339 ], [ -99.39947807692306, 19.827081953846193 ], [ -99.399469553846131, 19.827171969230754 ], [ -99.399428861538439, 19.827253707692304 ], [ -99.399359, 19.827315338461538 ], [ -99.399305584615362, 19.827390230769268 ], [ -99.399257276923066, 19.827468184615341 ], [ -99.399235276923022, 19.827556123076917 ], [ -99.399236046153803, 19.827646492307721 ], [ -99.399247, 19.827736261538504 ], [ -99.399273676923059, 19.82782303076921 ], [ -99.399303476923066, 19.827908876923072 ], [ -99.399339307692287, 19.827992646153845 ], [ -99.399381138461507, 19.828073876923106 ], [ -99.399443507692297, 19.82814230769235 ], [ -99.399488938461516, 19.828221784615401 ], [ -99.399553292307715, 19.828288553846161 ], [ -99.399615846153836, 19.828356830769209 ], [ -99.399677046153812, 19.828426200000013 ], [ -99.399744830769194, 19.828489846153847 ], [ -99.399821276923049, 19.828544 ], [ -99.399880692307676, 19.828614738461535 ], [ -99.399949323076896, 19.828677569230777 ], [ -99.400001184615348, 19.828753446153868 ], [ -99.40005809230766, 19.828826015384625 ], [ -99.400114092307646, 19.828899215384588 ], [ -99.40015907692306, 19.828978923076914 ], [ -99.4002202, 19.829048353846137 ], [ -99.400286199999968, 19.829113661538432 ], [ -99.4003506, 19.82918038461537 ], [ -99.400413369230705, 19.829248492307688 ], [ -99.400483107692281, 19.829310215384602 ], [ -99.400560538461519, 19.829363123076927 ], [ -99.400631861538443, 19.8294232 ], [ -99.400703199999953, 19.829483276923046 ], [ -99.400784907692255, 19.829530030769238 ], [ -99.400873, 19.829564953846145 ], [ -99.400967599999987, 19.829577230769225 ], [ -99.401061184615358, 19.82959523076925 ], [ -99.401155830769213, 19.829607215384584 ], [ -99.401251276923048, 19.829609984615367 ], [ -99.401346707692298, 19.829606738461528 ], [ -99.401442199999948, 19.829606461538454 ], [ -99.401536430769184, 19.8295918 ], [ -99.401639692307683, 19.829584061538462 ], [ -99.40174492307689, 19.829572553846162 ], [ -99.401840230769182, 19.829561061538477 ], [ -99.401929584615331, 19.829551476923076 ], [ -99.402015, 19.82955692307694 ], [ -99.402106399999965, 19.829566107692308 ], [ -99.402201753846114, 19.829577153846159 ], [ -99.40231703076924, 19.829606953846138 ], [ -99.402406261538445, 19.829621107692279 ], [ -99.402500169230734, 19.82963755384618 ], [ -99.402595615384584, 19.8296401692308 ], [ -99.402691, 19.829635953846186 ], [ -99.402786230769223, 19.829629230769225 ], [ -99.402874446153831, 19.82959461538465 ], [ -99.402961553846097, 19.829557600000051 ], [ -99.403045092307636, 19.829513830769237 ], [ -99.403122184615356, 19.829460492307682 ], [ -99.403181430769209, 19.829426661538442 ], [ -99.403283046153817, 19.829366061538497 ], [ -99.403364753846134, 19.829319276923041 ], [ -99.403450661538443, 19.829279815384634 ], [ -99.403542046153845, 19.82925360000003 ], [ -99.403629907692277, 19.829218215384621 ], [ -99.403724769230735, 19.829207846153828 ], [ -99.403819984615353, 19.829200800000013 ], [ -99.403913353846136, 19.829181892307695 ], [ -99.404007569230728, 19.829167169230782 ], [ -99.404101446153845, 19.829150553846123 ], [ -99.404196353846118, 19.829140599999974 ], [ -99.404289553846127, 19.829120923076911 ], [ -99.404376246153831, 19.829083046153876 ], [ -99.404462292307684, 19.829043861538469 ], [ -99.404550076923044, 19.829008276923062 ], [ -99.404631784615376, 19.82896149230768 ], [ -99.40470701538456, 19.828905846153834 ], [ -99.404794953846164, 19.828870615384648 ], [ -99.404880953846103, 19.828831323076873 ], [ -99.404964799999988, 19.8287880923077 ], [ -99.4050583076923, 19.828769753846153 ], [ -99.40515155384611, 19.828750292307692 ], [ -99.405227784615377, 19.82869584615381 ], [ -99.405311092307699, 19.828651676923116 ], [ -99.405402199999983, 19.828624646153862 ], [ -99.405485476923062, 19.828580415384621 ], [ -99.405579523076895, 19.828564692307655 ], [ -99.405674784615329, 19.828570938461532 ], [ -99.405763476923042, 19.82853746153846 ], [ -99.405807307692257, 19.82845718461542 ], [ -99.405844769230754, 19.828374061538426 ], [ -99.405917169230747, 19.828315138461559 ], [ -99.406010753846104, 19.828297138461526 ], [ -99.406090061538464, 19.828246815384656 ], [ -99.406168584615372, 19.828195384615395 ], [ -99.406261, 19.828172646153867 ], [ -99.406354676923016, 19.828155153846158 ], [ -99.406420599999961, 19.828089769230761 ], [ -99.406498230769216, 19.828037169230726 ], [ -99.406577292307688, 19.827986476923062 ], [ -99.406651107692298, 19.827929138461563 ], [ -99.406739307692291, 19.827894492307696 ], [ -99.406833507692269, 19.827879692307665 ], [ -99.406915169230743, 19.827857430769242 ], [ -99.407006969230721, 19.827832569230804 ], [ -99.407101676923062, 19.827820969230785 ], [ -99.407190738461495, 19.82778841538461 ], [ -99.407276061538411, 19.827747815384587 ], [ -99.407361323076884, 19.827707138461552 ], [ -99.407449615384579, 19.827672707692294 ], [ -99.40754119999994, 19.827647123076957 ], [ -99.407635861538452, 19.827635246153861 ], [ -99.407730769230767, 19.827625169230764 ], [ -99.407825246153806, 19.827612030769231 ], [ -99.407920692307641, 19.827609415384597 ], [ -99.408015646153785, 19.82761904615387 ], [ -99.408107384615363, 19.827644107692326 ], [ -99.408199215384556, 19.82766890769231 ], [ -99.408291923076888, 19.827690553846161 ], [ -99.408382323076879, 19.827719676923081 ], [ -99.408469630769233, 19.827756276923104 ], [ -99.408559153846099, 19.827787738461542 ], [ -99.40865024615384, 19.827814846153831 ], [ -99.408739307692287, 19.827847446153847 ], [ -99.408830261538469, 19.827874938461552 ], [ -99.408923061538431, 19.827896246153824 ], [ -99.409018015384589, 19.827905876923047 ], [ -99.409113476923054, 19.827903261538477 ], [ -99.409207861538448, 19.82791695384612 ], [ -99.4093, 19.827940676923067 ], [ -99.409391646153821, 19.827966061538479 ], [ -99.409484923076903, 19.827985446153836 ], [ -99.409577799999951, 19.828006415384596 ], [ -99.409668415384573, 19.828034938461538 ], [ -99.409756584615351, 19.828069646153825 ], [ -99.4098494615384, 19.828090646153832 ], [ -99.409942769230767, 19.828071415384617 ], [ -99.410020230769192, 19.828018584615396 ], [ -99.410072353846132, 19.827942861538492 ], [ -99.410101538461504, 19.827856815384585 ], [ -99.410176107692308, 19.82780036923074 ], [ -99.410247569230748, 19.827740415384653 ], [ -99.41033210769227, 19.827698415384603 ], [ -99.410416107692257, 19.827655430769195 ], [ -99.410503446153839, 19.827618892307697 ], [ -99.410592, 19.827585061538443 ], [ -99.410682646153802, 19.82755666153848 ], [ -99.410778030769208, 19.827561092307672 ], [ -99.410870199999962, 19.827584723076967 ], [ -99.410964199999938, 19.8276006 ], [ -99.411059630769202, 19.827597107692274 ], [ -99.411133923076903, 19.827540338461585 ], [ -99.411193369230773, 19.827469630769226 ], [ -99.41123759999995, 19.82738953846156 ], [ -99.411306123076898, 19.8273266 ], [ -99.411385107692283, 19.827275815384588 ], [ -99.411473199999975, 19.827240923076918 ], [ -99.411555061538422, 19.827194399999989 ], [ -99.411650230769197, 19.827187 ], [ -99.411745430769173, 19.827179938461533 ], [ -99.411840769230736, 19.827174892307664 ], [ -99.41193516923073, 19.827161215384621 ], [ -99.412028753846101, 19.827143230769252 ], [ -99.412123076923066, 19.82715727692306 ], [ -99.41221421538458, 19.827184246153863 ], [ -99.412300138461532, 19.827223692307676 ], [ -99.412379830769211, 19.827273461538525 ], [ -99.412463323076878, 19.827317338461551 ], [ -99.412547415384537, 19.827360138461536 ], [ -99.412633384615347, 19.827399492307737 ], [ -99.412711630769209, 19.827451276923099 ], [ -99.412796861538453, 19.827492046153829 ], [ -99.412892323076875, 19.82749395384614 ], [ -99.412985276923067, 19.827473246153851 ], [ -99.413058907692303, 19.827415707692296 ], [ -99.413127907692285, 19.827353246153876 ], [ -99.413208953846166, 19.827305446153854 ], [ -99.413303984615368, 19.82729650769231 ], [ -99.41337989230766, 19.827241676923109 ], [ -99.413447738461514, 19.827178092307662 ], [ -99.413530030769209, 19.827132246153866 ], [ -99.413617953846142, 19.827096984615377 ], [ -99.413709553846132, 19.827071461538484 ], [ -99.413804876923066, 19.827066200000043 ], [ -99.41390036923076, 19.827065892307708 ], [ -99.413995830769196, 19.827063184615369 ], [ -99.414091, 19.827055769230775 ], [ -99.414186199999975, 19.827048738461542 ], [ -99.414281615384596, 19.827045323076916 ], [ -99.41437644615381, 19.827034630769237 ], [ -99.414471861538431, 19.827031199999986 ], [ -99.414566876923061, 19.827022246153867 ], [ -99.414662369230712, 19.8270208 ], [ -99.414755369230761, 19.827000323076895 ], [ -99.414841369230771, 19.826961061538483 ], [ -99.414908692307662, 19.82689695384612 ], [ -99.414975615384606, 19.826832492307712 ], [ -99.415022369230741, 19.826893507692315 ], [ -99.414947984615367, 19.826950169230741 ], [ -99.414877415384581, 19.827011046153835 ], [ -99.414805, 19.827069953846159 ], [ -99.414715184615375, 19.827100630769241 ], [ -99.414619892307655, 19.827106446153845 ], [ -99.4145244, 19.827106753846184 ], [ -99.414428953846155, 19.827109707692305 ], [ -99.414333753846108, 19.827116723076937 ], [ -99.414239046153824, 19.827128292307723 ], [ -99.414143553846117, 19.827128676923049 ], [ -99.414048076923081, 19.827129938461542 ], [ -99.413952784615347, 19.827135784615397 ], [ -99.413857476923042, 19.82714152307695 ], [ -99.413768153846135, 19.827173446153893 ], [ -99.413681876923064, 19.82721219999997 ], [ -99.413609369230741, 19.827271 ], [ -99.413539553846093, 19.827332646153803 ], [ -99.413507076923025, 19.827417630769226 ], [ -99.413438153846116, 19.827480169230789 ], [ -99.413345199999952, 19.827500892307711 ], [ -99.413251092307632, 19.827516246153841 ], [ -99.413171092307664, 19.827565584615364 ], [ -99.413103307692268, 19.827629230769212 ], [ -99.413021307692262, 19.827675538461524 ], [ -99.412926030769199, 19.827681507692244 ], [ -99.412831123076884, 19.827671538461509 ], [ -99.412739569230737, 19.827645815384599 ], [ -99.412647876923018, 19.827620584615364 ], [ -99.412555676923049, 19.827597076923091 ], [ -99.41246389230767, 19.827622015384605 ], [ -99.412371769230731, 19.82764576923082 ], [ -99.412287615384557, 19.827688492307718 ], [ -99.412217476923033, 19.8277498153846 ], [ -99.412138338461517, 19.827800384615401 ], [ -99.412057199999964, 19.827848046153886 ], [ -99.412016169230739, 19.827929630769248 ], [ -99.411990799999955, 19.828016753846207 ], [ -99.41194827692307, 19.828097676923051 ], [ -99.411922723076927, 19.828184738461513 ], [ -99.411923953846127, 19.82827509230772 ], [ -99.411925692307662, 19.828365446153857 ], [ -99.411964815384565, 19.828447892307679 ], [ -99.412033784615346, 19.828510384615345 ], [ -99.412037030769213, 19.828600707692313 ], [ -99.411947138461514, 19.828570230769252 ], [ -99.41185847692303, 19.828536661538493 ], [ -99.41176829230767, 19.82850695384618 ], [ -99.4116728, 19.828508138461544 ], [ -99.411577492307671, 19.828513723076938 ], [ -99.411493261538453, 19.828471169230731 ], [ -99.411462538461492, 19.8283856 ], [ -99.411367076923057, 19.828387353846193 ], [ -99.411273815384604, 19.8284067846154 ], [ -99.411181153846144, 19.828428615384635 ], [ -99.41109012307686, 19.82845592307693 ], [ -99.410999876923057, 19.828485461538492 ], [ -99.410908676923071, 19.828512261538481 ], [ -99.410819, 19.828543307692264 ], [ -99.410734076923035, 19.828584630769221 ], [ -99.410664738461506, 19.828646769230751 ], [ -99.410607323076903, 19.828718969230756 ], [ -99.410587938461504, 19.828807461538464 ], [ -99.410575723076875, 19.828897076923091 ], [ -99.410569092307654, 19.828987230769201 ], [ -99.410536707692273, 19.829072246153856 ], [ -99.41047743076922, 19.829143092307685 ], [ -99.410436861538415, 19.829224892307682 ], [ -99.41038866153842, 19.829302907692266 ], [ -99.41029810769227, 19.829274215384622 ], [ -99.410273569230768, 19.82918687692311 ], [ -99.410178753846139, 19.829176046153844 ], [ -99.410083353846105, 19.8291799230769 ], [ -99.409988692307664, 19.829167984615381 ], [ -99.409895184615351, 19.829149707692313 ], [ -99.409802307692289, 19.829128707692334 ], [ -99.40970986153846, 19.829106030769267 ], [ -99.409615784615369, 19.829090507692353 ], [ -99.409520338461533, 19.829087723076906 ], [ -99.40942529230766, 19.829096384615379 ], [ -99.409330738461506, 19.829109046153828 ], [ -99.409239123076873, 19.829134553846171 ], [ -99.409153815384585, 19.829175138461547 ], [ -99.409069830769198, 19.829218153846131 ], [ -99.408985846153826, 19.829261169230755 ], [ -99.408902507692289, 19.829305292307719 ], [ -99.408819246153811, 19.829349538461532 ], [ -99.408733907692266, 19.829390076923097 ], [ -99.408646799999957, 19.82942712307694 ], [ -99.408553969230724, 19.82944826153842 ], [ -99.408464738461504, 19.829480461538477 ], [ -99.408376430769223, 19.829514861538488 ], [ -99.408295661538432, 19.829563061538497 ], [ -99.408230953846143, 19.829629523076939 ], [ -99.408148969230709, 19.829675861538458 ], [ -99.408072199999978, 19.829729615384604 ], [ -99.4079974307692, 19.829785815384604 ], [ -99.407934061538469, 19.829853415384626 ], [ -99.407850153846141, 19.829896569230808 ], [ -99.407831784615368, 19.829985246153825 ], [ -99.407881061538447, 19.830062646153838 ], [ -99.407915138461505, 19.830147061538455 ], [ -99.407896199999954, 19.830235630769245 ], [ -99.407828599999945, 19.830299461538495 ], [ -99.407758446153821, 19.830360784615422 ], [ -99.407693707692289, 19.830427215384603 ], [ -99.407620415384585, 19.830485138461537 ], [ -99.40754276923073, 19.830537738461555 ], [ -99.407467199999985, 19.830593 ], [ -99.407391815384599, 19.830648461538516 ], [ -99.407330846153812, 19.830718015384615 ], [ -99.407271092307667, 19.830788492307693 ], [ -99.407221323076911, 19.830865615384624 ], [ -99.407175600000016, 19.830944953846188 ], [ -99.407110923076885, 19.831011430769252 ], [ -99.407027507692263, 19.831055430769233 ], [ -99.406968492307684, 19.831126476923068 ], [ -99.40692801538458, 19.831208323076961 ], [ -99.406881738461522, 19.83128736923079 ], [ -99.406838138461481, 19.831367769230752 ], [ -99.406775876923049, 19.831436292307707 ], [ -99.406697307692298, 19.831487646153871 ], [ -99.406625169230736, 19.831546861538463 ], [ -99.406571061538401, 19.831621323076938 ], [ -99.406530292307664, 19.831703030769255 ], [ -99.406505784615362, 19.831790369230788 ], [ -99.40649389230768, 19.831880046153863 ], [ -99.406473307692281, 19.831968276923096 ], [ -99.406441292307647, 19.832053415384582 ], [ -99.406430738461523, 19.832143230769191 ], [ -99.40643127692303, 19.8322336 ], [ -99.406444199999981, 19.832323123076907 ], [ -99.406472907692276, 19.832409323076934 ], [ -99.406505661538446, 19.832494200000035 ], [ -99.406543276923045, 19.832577261538432 ], [ -99.40657616923076, 19.832662092307711 ], [ -99.4066362, 19.832732384615415 ], [ -99.40669275384613, 19.832805199999978 ], [ -99.406743553846113, 19.832881707692323 ], [ -99.406768446153833, 19.832968953846194 ], [ -99.406811369230724, 19.833049676923089 ], [ -99.406854184615341, 19.833130446153831 ], [ -99.406914553846121, 19.833200461538485 ], [ -99.406961, 19.833279430769245 ], [ -99.407018353846112, 19.833351676923041 ], [ -99.407096292307642, 19.833403907692343 ], [ -99.407188707692256, 19.833426630769235 ], [ -99.407283769230744, 19.833435261538444 ], [ -99.407363969230758, 19.833415861538491 ], [ -99.407460830769196, 19.833429553846173 ], [ -99.407539892307682, 19.83348024615384 ], [ -99.407610215384594, 19.833541384615412 ], [ -99.407690215384591, 19.833590723076917 ], [ -99.407774076923047, 19.833633938461517 ], [ -99.407855907692294, 19.833680523076943 ], [ -99.407942615384599, 19.833718399999984 ], [ -99.408030553846132, 19.833753630769202 ], [ -99.408110707692288, 19.83380275384615 ], [ -99.408189953846104, 19.833853169230821 ], [ -99.408275507692281, 19.833893338461547 ], [ -99.408363338461527, 19.833928784615409 ], [ -99.408448784615388, 19.833969138461548 ], [ -99.408528784615328, 19.834018492307703 ], [ -99.408614523076892, 19.834058276923084 ], [ -99.408693523076906, 19.834109061538438 ], [ -99.408710846153824, 19.834175907692298 ], [ -99.408797430769184, 19.834246384615387 ], [ -99.408875215384569, 19.834298799999974 ], [ -99.408932861538432, 19.834370846153838 ], [ -99.408975399999989, 19.834451753846157 ], [ -99.409014553846148, 19.834534169230825 ], [ -99.409064461538421, 19.834611215384626 ], [ -99.409110199999972, 19.834690538461519 ], [ -99.409139292307671, 19.834776615384666 ], [ -99.409184523076874, 19.8348562 ], [ -99.4092198, 19.834940184615412 ], [ -99.409262984615367, 19.835020769230759 ], [ -99.409296169230771, 19.83510550769229 ], [ -99.4093217076923, 19.835192584615417 ], [ -99.409343276923053, 19.835280615384612 ], [ -99.409391830769209, 19.835358430769244 ], [ -99.409478861538446, 19.83539561538462 ], [ -99.409529107692265, 19.835472476923094 ], [ -99.409591876923074, 19.835540584615416 ], [ -99.40966503076919, 19.835598661538448 ], [ -99.409741815384606, 19.8356523846154 ], [ -99.409831876923036, 19.835682461538429 ], [ -99.40992504615383, 19.835702261538479 ], [ -99.410008938461502, 19.835745430769276 ], [ -99.410092569230727, 19.835789076923088 ], [ -99.410180123076898, 19.835825153846141 ], [ -99.41026553846153, 19.835865553846151 ], [ -99.410342076923072, 19.835919599999983 ], [ -99.410416846153822, 19.835975815384607 ], [ -99.410478861538436, 19.8360445230769 ], [ -99.41053679999996, 19.836116369230741 ], [ -99.410580353846157, 19.836196784615353 ], [ -99.4106604, 19.836246076923114 ], [ -99.410741353846106, 19.836294 ], [ -99.410716815384617, 19.836381338461543 ], [ -99.410646138461502, 19.83644209230772 ], [ -99.410558261538412, 19.836477461538461 ], [ -99.410465230769219, 19.836497861538493 ], [ -99.410372446153815, 19.836519261538456 ], [ -99.410278138461479, 19.836533461538451 ], [ -99.41018309230769, 19.836542230769215 ], [ -99.410087630769183, 19.836544753846173 ], [ -99.409992907692256, 19.836556230769247 ], [ -99.409904246153786, 19.836589815384606 ], [ -99.409815107692282, 19.836622230769194 ], [ -99.40972047692307, 19.836634384615376 ], [ -99.409624984615348, 19.836634600000014 ], [ -99.409529492307627, 19.836634876923075 ], [ -99.409434338461509, 19.836642569230779 ], [ -99.409486584615337, 19.836718215384643 ], [ -99.40949935384613, 19.83680776923077 ], [ -99.40951104615381, 19.836897446153802 ], [ -99.40957538461538, 19.836964230769269 ], [ -99.409670876923059, 19.836964153846157 ], [ -99.409766369230724, 19.836964815384619 ], [ -99.409861261538438, 19.836974938461541 ], [ -99.40995549230766, 19.836989599999988 ], [ -99.410044307692274, 19.83702283076925 ], [ -99.410133246153791, 19.837055738461547 ], [ -99.410228630769197, 19.837059969230744 ], [ -99.410303353846146, 19.837003692307697 ], [ -99.410394923076893, 19.836978015384613 ], [ -99.410484323076915, 19.836946276923104 ], [ -99.410577599999982, 19.836926861538469 ], [ -99.410638215384566, 19.836996692307729 ], [ -99.410615507692285, 19.837084461538463 ], [ -99.410552184615355, 19.837152107692297 ], [ -99.410567061538416, 19.837241369230778 ], [ -99.410662215384619, 19.837233646153802 ], [ -99.410755861538419, 19.837215953846137 ], [ -99.410841984615359, 19.837176892307692 ], [ -99.410923169230728, 19.837129323076915 ], [ -99.410976599999984, 19.837054430769218 ], [ -99.411055, 19.837002830769237 ], [ -99.411145, 19.836972600000021 ], [ -99.411237184615345, 19.836949030769265 ], [ -99.411320938461515, 19.836905615384662 ], [ -99.411400199999974, 19.8368552 ], [ -99.411459107692295, 19.83678407692306 ], [ -99.411552507692264, 19.836802923076871 ], [ -99.41156666153843, 19.836892292307642 ], [ -99.411543184615354, 19.836979876923088 ], [ -99.411496353846118, 19.837058646153878 ], [ -99.41140875384616, 19.837094599999979 ], [ -99.411324, 19.837136261538472 ], [ -99.411257523076912, 19.837169876923095 ], [ -99.411182169230727, 19.837225384615394 ], [ -99.411102046153829, 19.837274553846104 ], [ -99.411025923076863, 19.837329123076945 ], [ -99.410961415384577, 19.83739575384617 ], [ -99.410871584615379, 19.837426446153849 ], [ -99.410787584615363, 19.837469415384611 ], [ -99.41070178461537, 19.837509092307677 ], [ -99.410621, 19.837557292307697 ], [ -99.41053276923077, 19.837591861538492 ], [ -99.410451630769217, 19.83763953846152 ], [ -99.410368307692281, 19.837683676923064 ], [ -99.410273738461512, 19.837696261538451 ], [ -99.410178461538408, 19.837702261538496 ], [ -99.410082953846128, 19.837702615384607 ], [ -99.409987461538435, 19.837703138461574 ], [ -99.409892030769186, 19.837706384615387 ], [ -99.409796630769208, 19.837702307692318 ], [ -99.409702384615343, 19.837687707692297 ], [ -99.409613615384586, 19.837654415384655 ], [ -99.409523599999957, 19.837624215384619 ], [ -99.409434723076913, 19.837591138461555 ], [ -99.409343384615326, 19.837564784615374 ], [ -99.40925535384612, 19.837529753846159 ], [ -99.409162338461499, 19.837509246153836 ], [ -99.409078123076881, 19.837466646153857 ], [ -99.408992138461514, 19.837427338461531 ], [ -99.408927630769227, 19.837360707692302 ], [ -99.408869800000019, 19.837288799999975 ], [ -99.40879978461534, 19.837227338461545 ], [ -99.408719384615367, 19.837178569230794 ], [ -99.408635276923036, 19.837135784615395 ], [ -99.408558892307639, 19.837081538461536 ], [ -99.408480261538443, 19.837030261538473 ], [ -99.408401799999979, 19.836978738461553 ], [ -99.408311892307637, 19.836948292307707 ], [ -99.408218061538435, 19.836931492307688 ], [ -99.408122569230741, 19.836930123076908 ], [ -99.408027307692294, 19.836936569230755 ], [ -99.407940723076919, 19.836974676923095 ], [ -99.407860615384578, 19.836925492307667 ], [ -99.407821646153806, 19.836842984615391 ], [ -99.40777456923071, 19.836764369230796 ], [ -99.407716, 19.836692984615368 ], [ -99.40765387692305, 19.836624353846158 ], [ -99.407576030769206, 19.836572015384593 ], [ -99.407488353846148, 19.8365362 ], [ -99.407395046153823, 19.836516984615361 ], [ -99.407301307692251, 19.836499723076912 ], [ -99.407285369230735, 19.836410630769272 ], [ -99.407260984615348, 19.836323261538457 ], [ -99.407174415384603, 19.836285107692326 ], [ -99.407080415384598, 19.8362691846154 ], [ -99.406985892307674, 19.836256292307688 ], [ -99.406892461538433, 19.836237584615382 ], [ -99.406798830769219, 19.836219830769213 ], [ -99.406704015384591, 19.836209 ], [ -99.406608692307643, 19.836203523076904 ], [ -99.406514292307662, 19.836217184615386 ], [ -99.406431353846102, 19.83617240000002 ], [ -99.40635473846153, 19.836118461538423 ], [ -99.40626715384613, 19.836082415384624 ], [ -99.406171676923066, 19.836084461538469 ], [ -99.406096799999958, 19.836140538461503 ], [ -99.406088092307655, 19.836230523076892 ], [ -99.40600456923076, 19.836274323076932 ], [ -99.405952984615368, 19.836198276923064 ], [ -99.405900923076928, 19.836122523076948 ], [ -99.405843984615373, 19.836049969230775 ], [ -99.405806599999963, 19.835966815384609 ], [ -99.405711476923045, 19.835958876923119 ], [ -99.405629907692287, 19.835911861538406 ], [ -99.405535076923073, 19.835901323076897 ], [ -99.405439892307655, 19.835908784615409 ], [ -99.405349923076926, 19.835939046153875 ], [ -99.405257861538445, 19.835963061538482 ], [ -99.405165830769221, 19.8359872 ], [ -99.405070553846159, 19.835993369230785 ], [ -99.404980830769219, 19.835962415384611 ], [ -99.404885492307656, 19.8359572 ], [ -99.40479, 19.835956846153866 ], [ -99.404696307692305, 19.835939353846147 ], [ -99.404601892307682, 19.835925846153863 ], [ -99.404506784615364, 19.83591756923078 ], [ -99.404414507692266, 19.835940815384628 ], [ -99.404335615384568, 19.835991753846134 ], [ -99.4042848307692, 19.836068276923111 ], [ -99.404237953846135, 19.836147 ], [ -99.404191061538427, 19.836225723076922 ], [ -99.404143892307673, 19.836304292307645 ], [ -99.404069569230742, 19.8363610461539 ], [ -99.404039707692249, 19.836446892307723 ], [ -99.404017446153787, 19.836534769230788 ], [ -99.403987784615367, 19.83662066153849 ], [ -99.40398532307691, 19.836711 ], [ -99.403949661538462, 19.836794830769232 ], [ -99.403904323076887, 19.836874353846156 ], [ -99.40387103076921, 19.836959061538479 ], [ -99.403838692307673, 19.837044076923078 ], [ -99.403820615384589, 19.837132815384638 ], [ -99.403807799999953, 19.837222369230766 ], [ -99.403788692307657, 19.83731090769232 ], [ -99.403776323076883, 19.837400507692319 ], [ -99.403764569230745, 19.837490184615405 ], [ -99.403764799999948, 19.837580553846152 ], [ -99.403765015384593, 19.837670923076963 ], [ -99.403765153846109, 19.837761292307693 ], [ -99.403759153846124, 19.837851476923099 ], [ -99.403760338461538, 19.837941830769243 ], [ -99.403760892307673, 19.838032200000036 ], [ -99.40376867692305, 19.83812226153843 ], [ -99.403787430769199, 19.838210876923089 ], [ -99.403824092307673, 19.838294323076941 ], [ -99.403856953846159, 19.838379153846184 ], [ -99.403889830769188, 19.838464 ], [ -99.403922692307674, 19.838548861538449 ], [ -99.40395258461534, 19.8386346769231 ], [ -99.403976599999979, 19.838722138461538 ], [ -99.40398469230766, 19.838812184615357 ], [ -99.403984907692262, 19.838902553846179 ], [ -99.403985184615365, 19.838992923076869 ], [ -99.403986338461493, 19.839083276923098 ], [ -99.403990646153829, 19.839173553846162 ], [ -99.404005353846117, 19.839262846153858 ], [ -99.404034353846114, 19.839348938461494 ], [ -99.404057938461492, 19.839436507692316 ], [ -99.404083430769219, 19.839523584615399 ], [ -99.404098523076925, 19.839612815384648 ], [ -99.404130030769196, 19.839698123076886 ], [ -99.40419509230766, 19.839764276923102 ], [ -99.404225784615349, 19.839849846153864 ], [ -99.404249215384596, 19.839937446153833 ], [ -99.404282123076925, 19.840022292307683 ], [ -99.404303538461505, 19.840110353846185 ], [ -99.4042958307692, 19.840200415384597 ], [ -99.404287123076898, 19.84029041538459 ], [ -99.404258907692267, 19.840376738461533 ], [ -99.404219569230762, 19.840459092307672 ], [ -99.404177123076906, 19.840540046153812 ], [ -99.404178107692275, 19.840630400000013 ], [ -99.404272184615337, 19.840645892307716 ], [ -99.404328938461532, 19.840718569230766 ], [ -99.404388846153836, 19.840788953846168 ], [ -99.404358784615354, 19.840874738461515 ], [ -99.404276199999956, 19.840920092307684 ], [ -99.40418163076923, 19.840932753846161 ], [ -99.404087538461525, 19.84094816923076 ], [ -99.403996430769197, 19.840921061538442 ], [ -99.403900969230719, 19.84092370769233 ], [ -99.403818599999937, 19.840969430769213 ], [ -99.403739753846082, 19.841020430769234 ], [ -99.403646061538453, 19.841002938461571 ], [ -99.403591753846101, 19.840928615384602 ], [ -99.403496784615371, 19.840919092307725 ], [ -99.403416323076883, 19.840967769230772 ], [ -99.403397753846107, 19.841056415384614 ], [ -99.4033789230769, 19.841145 ], [ -99.403286415384585, 19.841167446153872 ], [ -99.403262553846147, 19.841079953846158 ], [ -99.403220799999986, 19.840998676923068 ], [ -99.403213815384589, 19.840908553846155 ], [ -99.403238230769219, 19.8408211846154 ], [ -99.403249984615371, 19.840731507692293 ], [ -99.403183092307657, 19.840667015384607 ], [ -99.403124338461524, 19.840738246153833 ], [ -99.403056830769202, 19.840802169230788 ], [ -99.402983799999973, 19.840860399999983 ], [ -99.402937907692291, 19.840939646153821 ], [ -99.402869076923039, 19.841002292307699 ], [ -99.40279336923075, 19.840947199999977 ], [ -99.402701799999988, 19.840972846153871 ], [ -99.402637646153835, 19.840905892307724 ], [ -99.402555030769221, 19.840860584615399 ], [ -99.402482476923041, 19.840801815384658 ], [ -99.402443230769208, 19.840719430769216 ], [ -99.402416599999981, 19.840632646153871 ], [ -99.402336769230743, 19.840583046153899 ], [ -99.402251492307684, 19.840542369230775 ], [ -99.402174476923051, 19.840488938461551 ], [ -99.402094646153799, 19.840439338461511 ], [ -99.402013599999975, 19.840391538461521 ], [ -99.401941307692269, 19.84033249230772 ], [ -99.401856984615321, 19.840290076923079 ], [ -99.401770138461529, 19.84025249230768 ], [ -99.401695276923036, 19.840196384615382 ], [ -99.401616384615352, 19.840145461538501 ], [ -99.401549123076904, 19.840081307692305 ], [ -99.401525338461511, 19.839993799999963 ], [ -99.401488476923049, 19.839910430769208 ], [ -99.40143549230767, 19.839835246153879 ], [ -99.401375092307646, 19.839765246153863 ], [ -99.401307723076869, 19.83970120000005 ], [ -99.401241907692281, 19.83963572307692 ], [ -99.4012164, 19.839548630769229 ], [ -99.401187830769175, 19.839462415384599 ], [ -99.401113276923041, 19.839405938461521 ], [ -99.401019030769191, 19.8393913846154 ], [ -99.400924076923033, 19.839381676923065 ], [ -99.400849199999953, 19.8393256 ], [ -99.400822, 19.839238969230781 ], [ -99.400799984615389, 19.839151046153873 ], [ -99.400760399999982, 19.839068799999989 ], [ -99.400726015384592, 19.838984492307674 ], [ -99.40071001538459, 19.8388954 ], [ -99.400712184615344, 19.838805061538494 ], [ -99.400739399999964, 19.838718446153841 ], [ -99.400766384615366, 19.83863175384613 ], [ -99.40074627692303, 19.838543415384621 ], [ -99.400706107692272, 19.838461430769264 ], [ -99.400657907692278, 19.838383430769245 ], [ -99.400620584615353, 19.838300246153835 ], [ -99.400575353846094, 19.838220661538468 ], [ -99.400540092307665, 19.838136676923074 ], [ -99.400507292307694, 19.838051815384627 ], [ -99.40047506153843, 19.837966738461549 ], [ -99.400451876923029, 19.837879076923063 ], [ -99.400458030769229, 19.83778890769231 ], [ -99.400450446153826, 19.837698815384613 ], [ -99.400449876923034, 19.837608461538455 ], [ -99.400425123076914, 19.837521184615376 ], [ -99.4004332, 19.83743113846154 ], [ -99.400475430769205, 19.837350092307688 ], [ -99.400491846153827, 19.83726106153842 ], [ -99.400471430769215, 19.837172784615397 ], [ -99.400438399999985, 19.837088 ], [ -99.400396953846155, 19.837006584615406 ], [ -99.400388030769193, 19.836916615384617 ], [ -99.400378538461482, 19.836826692307692 ], [ -99.400370353846128, 19.836736661538446 ], [ -99.400361846153814, 19.836646661538435 ], [ -99.400334892307697, 19.836559969230748 ], [ -99.400315815384559, 19.836471415384654 ], [ -99.400296123076913, 19.836383 ], [ -99.400273923076895, 19.836295107692308 ], [ -99.400265123076892, 19.836205123076926 ], [ -99.400252199999954, 19.836115584615378 ], [ -99.400218446153829, 19.836031046153845 ], [ -99.4001783076923, 19.835949046153829 ], [ -99.400134461538414, 19.835868784615357 ], [ -99.400074046153804, 19.835798784615399 ], [ -99.399987046153825, 19.835761523076908 ], [ -99.399923230769218, 19.835694307692297 ], [ -99.399875923076891, 19.8356158 ], [ -99.399822276923061, 19.835541046153871 ], [ -99.399765369230764, 19.83546847692309 ], [ -99.399675569230737, 19.835437738461543 ], [ -99.399604846153792, 19.835377015384609 ], [ -99.399561892307631, 19.835296307692321 ], [ -99.399518507692278, 19.835215800000025 ], [ -99.399467276923076, 19.835139538461551 ], [ -99.399452261538443, 19.835074353846153 ], [ -99.399380692307645, 19.835014538461571 ], [ -99.399306199999941, 19.834957984615354 ], [ -99.399225815384611, 19.8349092 ], [ -99.399167553846112, 19.8348376 ], [ -99.399101569230737, 19.834772276923086 ], [ -99.399026661538457, 19.834716230769221 ], [ -99.398932784615354, 19.834699630769194 ], [ -99.398844, 19.834666369230764 ], [ -99.398754784615377, 19.834634123076945 ], [ -99.398701076923061, 19.834559399999957 ], [ -99.398640015384601, 19.834489923076926 ], [ -99.398549046153789, 19.834462430769246 ], [ -99.398471553846122, 19.834409615384573 ], [ -99.398389969230749, 19.834362661538471 ], [ -99.398306307692266, 19.834319061538519 ], [ -99.398214015384596, 19.834295861538425 ], [ -99.398121015384604, 19.834275369230763 ], [ -99.398025892307643, 19.834283415384636 ], [ -99.397932169230714, 19.834300723076897 ], [ -99.397847307692288, 19.834342169230769 ], [ -99.397777584615383, 19.83440392307693 ], [ -99.397683123076902, 19.834390692307704 ], [ -99.397596799999974, 19.834352030769256 ], [ -99.397504784615364, 19.834376215384605 ], [ -99.39743778461532, 19.834440615384608 ], [ -99.397381076923082, 19.834513323076941 ], [ -99.397327061538419, 19.834587830769262 ], [ -99.39728506153844, 19.834669 ], [ -99.39725283076919, 19.834754061538476 ], [ -99.397252076923039, 19.834844415384648 ], [ -99.397214599999955, 19.834927538461546 ], [ -99.397149292307674, 19.83499347692311 ], [ -99.397124030769206, 19.83508061538463 ], [ -99.397091446153837, 19.835165569230728 ], [ -99.397048199999986, 19.835246138461535 ], [ -99.39697615384614, 19.835305446153836 ], [ -99.396881215384582, 19.8353152 ], [ -99.39680747692303, 19.835257784615379 ], [ -99.396774061538451, 19.835295676923096 ], [ -99.396746276923068, 19.835327169230755 ], [ -99.396653123076902, 19.8353073076923 ], [ -99.396603953846139, 19.835229830769237 ], [ -99.396566030769236, 19.835146892307701 ], [ -99.396535123076902, 19.835061400000022 ], [ -99.396452984615365, 19.835015307692302 ], [ -99.396366169230774, 19.834977630769252 ], [ -99.396276261538404, 19.8349472 ], [ -99.396181015384599, 19.834940569230749 ], [ -99.396087492307643, 19.834922276923056 ], [ -99.395994876923041, 19.834900276923044 ], [ -99.39591061538458, 19.834857753846187 ], [ -99.39588646153841, 19.834770323076935 ], [ -99.395918523076887, 19.834685199999978 ], [ -99.395902061538436, 19.834596184615375 ], [ -99.395826261538417, 19.834541215384597 ], [ -99.395747892307654, 19.8344896 ], [ -99.395669723076892, 19.834437676923066 ], [ -99.395610046153806, 19.834367123076927 ], [ -99.395559415384596, 19.834290507692277 ], [ -99.395488676923023, 19.8342298 ], [ -99.395393446153804, 19.834223076923067 ], [ -99.395298307692272, 19.834215261538464 ], [ -99.395202815384607, 19.834215523076924 ], [ -99.3951073230769, 19.834216076923106 ], [ -99.395012200000011, 19.834224076923068 ], [ -99.394916707692275, 19.83422498461535 ], [ -99.394821369230726, 19.834229984615394 ], [ -99.394731030769222, 19.834259307692282 ], [ -99.394645199999985, 19.834298907692318 ], [ -99.394567246153812, 19.834351107692335 ], [ -99.394491476923065, 19.834406123076938 ], [ -99.394409092307669, 19.8344518 ], [ -99.39431398461538, 19.83445995384616 ], [ -99.394218492307658, 19.834460430769251 ], [ -99.394123, 19.834461769230806 ], [ -99.394029892307614, 19.834481815384613 ], [ -99.393958630769177, 19.834541984615395 ], [ -99.393887199999952, 19.834601969230793 ], [ -99.393796430769186, 19.83463 ], [ -99.393703030769203, 19.834648846153875 ], [ -99.393609753846135, 19.834668261538418 ], [ -99.393529307692248, 19.834716953846179 ], [ -99.393479815384595, 19.834794230769276 ], [ -99.393406969230725, 19.834852661538466 ], [ -99.393332169230774, 19.834908846153869 ], [ -99.393250446153814, 19.834955599999965 ], [ -99.393178984615361, 19.835015538461583 ], [ -99.393112230769219, 19.835080153846114 ], [ -99.393021938461516, 19.835109584615413 ], [ -99.392931892307701, 19.835139676923077 ], [ -99.392847938461543, 19.835182738461533 ], [ -99.392755430769213, 19.835205215384612 ], [ -99.392666692307699, 19.835238584615418 ], [ -99.39258598461538, 19.835286892307685 ], [ -99.392499215384603, 19.835324630769243 ], [ -99.392413307692266, 19.835364107692314 ], [ -99.392322861538418, 19.835393107692305 ], [ -99.392264307692258, 19.835464492307693 ], [ -99.392204815384574, 19.835535184615395 ], [ -99.392131892307646, 19.835593523076874 ], [ -99.392050507692275, 19.8356408 ], [ -99.391975153846118, 19.835696307692341 ], [ -99.391898184615357, 19.835749815384574 ], [ -99.391802753846136, 19.835746707692316 ], [ -99.391710076923033, 19.835724861538484 ], [ -99.391618292307697, 19.835699938461527 ], [ -99.391535492307653, 19.835744969230792 ], [ -99.391541846153814, 19.835835138461572 ], [ -99.391493092307655, 19.835912846153857 ], [ -99.391511415384585, 19.836001523076956 ], [ -99.391604953846112, 19.83601969230768 ], [ -99.391684738461493, 19.835970030769211 ], [ -99.391778784615326, 19.835985707692291 ], [ -99.391874230769204, 19.835988507692324 ], [ -99.391953938461484, 19.836038292307659 ], [ -99.392034538461516, 19.836086753846164 ], [ -99.392082830769198, 19.836164707692312 ], [ -99.392080584615343, 19.836255046153862 ], [ -99.392061846153823, 19.836343661538457 ], [ -99.392029507692314, 19.83642867692307 ], [ -99.391998430769192, 19.836514138461549 ], [ -99.392001538461514, 19.836604446153835 ], [ -99.392045615384617, 19.83668461538463 ], [ -99.391984615384587, 19.836754138461504 ], [ -99.391922923076891, 19.836685153846155 ], [ -99.391889584615342, 19.836600476923103 ], [ -99.391825923076922, 19.836533123076926 ], [ -99.391761123076904, 19.836466738461528 ], [ -99.391732938461487, 19.8363804 ], [ -99.391721707692284, 19.836290661538467 ], [ -99.391645138461527, 19.836236646153854 ], [ -99.391553092307689, 19.836260723076951 ], [ -99.39147953846151, 19.836318353846156 ], [ -99.391400907692315, 19.836369646153823 ], [ -99.391308246153812, 19.836391476923065 ], [ -99.391220230769193, 19.83642655384617 ], [ -99.391087276923045, 19.836401692307685 ], [ -99.391046430769194, 19.836309538461506 ], [ -99.391101353846111, 19.836213323076926 ], [ -99.391193707692281, 19.836236323076939 ], [ -99.391288676923054, 19.836226769230763 ], [ -99.39130367692303, 19.836137523076896 ], [ -99.391296046153812, 19.836047446153852 ], [ -99.391286338461484, 19.83595753846156 ], [ -99.391260984615357, 19.835870415384619 ], [ -99.391235984615363, 19.8357832 ], [ -99.391236046153821, 19.835692830769243 ], [ -99.391238415384592, 19.835602492307693 ], [ -99.391258953846091, 19.83551424615387 ], [ -99.391303692307659, 19.8354344 ], [ -99.391311415384578, 19.835344338461521 ], [ -99.391301769230722, 19.835254430769222 ], [ -99.391278, 19.835166907692287 ], [ -99.391281553846113, 19.8350766 ], [ -99.391311923076927, 19.834990923076944 ], [ -99.391361892307671, 19.834913923076929 ], [ -99.39135976923076, 19.834823584615393 ], [ -99.391353707692275, 19.834733400000019 ], [ -99.391290446153789, 19.834665692307709 ], [ -99.391236123076908, 19.834591384615418 ], [ -99.391169107692264, 19.834527 ], [ -99.391112923076861, 19.834453923076921 ], [ -99.391063599999981, 19.834376538461534 ], [ -99.391014569230748, 19.834299 ], [ -99.390969215384601, 19.83421947692305 ], [ -99.39090076923074, 19.834156446153852 ], [ -99.390824292307641, 19.834102338461545 ], [ -99.390736, 19.834067907692337 ], [ -99.390652692307654, 19.834023723076943 ], [ -99.390557507692307, 19.834016415384625 ], [ -99.390466292307664, 19.833989661538439 ], [ -99.390379215384584, 19.83395256923076 ], [ -99.390287292307647, 19.833928107692323 ], [ -99.390192169230758, 19.833920153846176 ], [ -99.390096753846123, 19.833916430769229 ], [ -99.390007584615347, 19.8339488 ], [ -99.38993030769231, 19.834001861538454 ], [ -99.389843169230758, 19.834038861538492 ], [ -99.389761876923075, 19.834086276923074 ], [ -99.389666938461488, 19.834096015384631 ], [ -99.389572153846132, 19.834107 ], [ -99.389476769230725, 19.834102661538473 ], [ -99.389381630769222, 19.834094815384624 ], [ -99.389287046153825, 19.834082338461535 ], [ -99.38919173846152, 19.834076615384596 ], [ -99.389111876923067, 19.834126153846174 ], [ -99.38902515384612, 19.834164 ], [ -99.388939384615327, 19.834203723076964 ], [ -99.388846861538454, 19.83422610769232 ], [ -99.388752707692305, 19.83424123076923 ], [ -99.388668230769184, 19.834283369230764 ], [ -99.388605538461519, 19.83435152307694 ], [ -99.388570046153831, 19.834435430769229 ], [ -99.388575630769182, 19.834525630769257 ], [ -99.388602430769211, 19.834612369230726 ], [ -99.388636230769208, 19.834696892307704 ], [ -99.3886556, 19.834785384615355 ], [ -99.388655538461521, 19.834875753846159 ], [ -99.388647907692274, 19.834965830769224 ], [ -99.388604753846124, 19.835046446153878 ], [ -99.388531599999979, 19.835104523076918 ], [ -99.388436138461529, 19.835106907692325 ], [ -99.388340799999952, 19.835111938461548 ], [ -99.388246892307677, 19.835128369230777 ], [ -99.388153907692271, 19.83514893846155 ], [ -99.388068799999971, 19.835189938461525 ], [ -99.387984523076923, 19.835232430769224 ], [ -99.387892369230755, 19.835256138461549 ], [ -99.387835661538418, 19.835328846153853 ], [ -99.387813261538454, 19.835416692307696 ], [ -99.387804830769198, 19.835506707692289 ], [ -99.387797307692267, 19.8355968 ], [ -99.387814199999966, 19.835685738461557 ], [ -99.38782849230769, 19.835775092307681 ], [ -99.387843446153823, 19.835864338461519 ], [ -99.387838599999981, 19.835954584615411 ] ] ] ] } },
{ "type": "Feature", "properties": { "IDBD": 174929, "FC": 6291, "CONDICION": "CUERPO DE AGUA INTERMITENTE" }, "geometry": { "type": "MultiPolygon", "coordinates": [ [ [ [ -99.308209799999986, 19.824779153846144 ], [ -99.308209938461516, 19.824851446153868 ], [ -99.308229138461527, 19.824905630769219 ], [ -99.308238707692311, 19.824914646153822 ], [ -99.308257846153808, 19.824941723076911 ], [ -99.308257907692251, 19.824968846153805 ], [ -99.308257938461495, 19.824986907692278 ], [ -99.308210276923049, 19.825032184615406 ], [ -99.308153, 19.82504130769232 ], [ -99.308095676923031, 19.825023338461548 ], [ -99.308067046153781, 19.825032430769227 ], [ -99.308067076923052, 19.825050507692289 ], [ -99.308057569230755, 19.825068584615376 ], [ -99.308009784615351, 19.8250506 ], [ -99.307981107692257, 19.825032569230785 ], [ -99.307971507692272, 19.825005476923121 ], [ -99.307952384615348, 19.824996476923072 ], [ -99.307933292307666, 19.824996507692326 ], [ -99.30791416923077, 19.824987507692299 ], [ -99.30782819999996, 19.824969584615395 ], [ -99.307770769230743, 19.824897384615401 ], [ -99.307713338461483, 19.824834230769259 ], [ -99.307674969230746, 19.82474392307692 ], [ -99.307703446153809, 19.824653507692297 ], [ -99.307693799999939, 19.82459930769231 ], [ -99.307655369230744, 19.82448189230772 ], [ -99.307664784615341, 19.824409584615388 ], [ -99.307702876923045, 19.824355292307693 ], [ -99.307750599999963, 19.824346184615383 ], [ -99.307827, 19.824346046153803 ], [ -99.307903415384587, 19.824363984615378 ], [ -99.307932153846124, 19.82440912307688 ], [ -99.307970492307703, 19.824481353846146 ], [ -99.308008738461496, 19.824508399999974 ], [ -99.308047030769188, 19.824553507692354 ], [ -99.308075799999955, 19.82461672307695 ], [ -99.308114123076891, 19.824688953846181 ], [ -99.308171523076894, 19.824743076923077 ], [ -99.308209799999986, 19.824779153846144 ] ] ] ] } },
{ "type": "Feature", "properties": { "IDBD": 174938, "FC": 6291, "CONDICION": "CUERPO DE AGUA INTERMITENTE" }, "geometry": { "type": "MultiPolygon", "coordinates": [ [ [ [ -99.302422061538437, 19.824273953846177 ], [ -99.302355184615365, 19.824256 ], [ -99.30228826153845, 19.824210923076947 ], [ -99.30223083076919, 19.824138723076906 ], [ -99.30220203076918, 19.824057446153827 ], [ -99.302211415384591, 19.823967061538475 ], [ -99.302268569230733, 19.823894676923107 ], [ -99.302354476923057, 19.82387644615385 ], [ -99.302449984615336, 19.823885323076908 ], [ -99.30251686153845, 19.823903292307708 ], [ -99.30254555384613, 19.823930353846183 ], [ -99.302583815384608, 19.823966430769229 ], [ -99.302603, 19.824011584615402 ], [ -99.302603123076906, 19.824074830769245 ], [ -99.302603230769193, 19.824129061538432 ], [ -99.30257467692303, 19.824183323076905 ], [ -99.302507938461488, 19.824237661538486 ], [ -99.302422061538437, 19.824273953846177 ] ] ] ] } },
{ "type": "Feature", "properties": { "IDBD": 175019, "FC": 6291, "CONDICION": "CUERPO DE AGUA INTERMITENTE" }, "geometry": { "type": "MultiPolygon", "coordinates": [ [ [ [ -99.474280030769179, 19.817530615384623 ], [ -99.474304415384566, 19.817578984615427 ], [ -99.474261415384575, 19.817659661538464 ], [ -99.474246630769215, 19.817748938461499 ], [ -99.474246907692276, 19.817839307692317 ], [ -99.474247230769208, 19.817929676923075 ], [ -99.474253399999952, 19.818019846153881 ], [ -99.474239738461534, 19.8181092923077 ], [ -99.47421867692303, 19.818197430769224 ], [ -99.474194907692251, 19.818284953846138 ], [ -99.474196523076927, 19.818375307692314 ], [ -99.474168138461522, 19.81846158461542 ], [ -99.474085415384593, 19.818506723076926 ], [ -99.474061415384568, 19.818419261538484 ], [ -99.473990230769203, 19.81835903076923 ], [ -99.473944261538435, 19.818279830769228 ], [ -99.473895015384571, 19.8182024 ], [ -99.473889507692277, 19.818112184615394 ], [ -99.473878892307667, 19.818022384615386 ], [ -99.473867523076876, 19.817932661538439 ], [ -99.473865092307676, 19.817842323076917 ], [ -99.473864907692274, 19.817751953846205 ], [ -99.473879153846141, 19.8176626 ], [ -99.473890323076887, 19.817572861538459 ], [ -99.473903292307639, 19.817483323076939 ], [ -99.473998661538431, 19.817487723076955 ], [ -99.47409413846151, 19.81748927692308 ], [ -99.47418732307689, 19.817508953846161 ], [ -99.474280030769179, 19.817530615384623 ] ] ] ] } },
{ "type": "Feature", "properties": { "IDBD": 175021, "FC": 6292, "CONDICION": "CUERPO DE AGUA PERENNE" }, "geometry": { "type": "MultiPolygon", "coordinates": [ [ [ [ -99.315782569230734, 19.815268276923128 ], [ -99.31538158461538, 19.815296092307698 ], [ -99.315133338461479, 19.815305569230791 ], [ -99.314837538461489, 19.815414538461585 ], [ -99.314732476923055, 19.815396646153861 ], [ -99.314617646153849, 19.815270338461509 ], [ -99.314598184615377, 19.815089630769222 ], [ -99.314531, 19.8149090153846 ], [ -99.314502123076878, 19.814791584615403 ], [ -99.314501538461499, 19.81449336923076 ], [ -99.314453538461521, 19.814366938461529 ], [ -99.314424523076909, 19.814177230769268 ], [ -99.314338338461496, 19.814050861538458 ], [ -99.314319015384569, 19.813933415384625 ], [ -99.314242338461483, 19.813788969230757 ], [ -99.314079769230744, 19.813662738461531 ], [ -99.313869461538403, 19.813536584615413 ], [ -99.313677969230724, 19.813274861538467 ], [ -99.313620538461507, 19.813202661538419 ], [ -99.313391046153797, 19.81303136923081 ], [ -99.313075753846121, 19.812932523076892 ], [ -99.31292283076921, 19.812860492307706 ], [ -99.312645815384585, 19.812797723076955 ], [ -99.312454723076925, 19.812734800000023 ], [ -99.312301907692273, 19.812716984615317 ], [ -99.312197, 19.812780430769219 ], [ -99.312035030769181, 19.812961446153817 ], [ -99.311815784615362, 19.813151600000012 ], [ -99.311491507692281, 19.81334193846153 ], [ -99.311243476923039, 19.813459846153844 ], [ -99.311081553846137, 19.813658938461529 ], [ -99.311005353846113, 19.813758476923102 ], [ -99.310957738461525, 19.813821815384618 ], [ -99.310785938461535, 19.813858261538467 ], [ -99.310652246153822, 19.813858507692327 ], [ -99.310613876923043, 19.813768200000023 ], [ -99.310575599999964, 19.813723076923047 ], [ -99.310432430769197, 19.813750446153854 ], [ -99.310279538461515, 19.813687446153843 ], [ -99.310193353846145, 19.81356109230768 ], [ -99.310136061538429, 19.813561184615374 ], [ -99.310126646153819, 19.813633492307719 ], [ -99.310136384615376, 19.813732876923069 ], [ -99.310127015384595, 19.813823261538438 ], [ -99.310098369230758, 19.813823323076903 ], [ -99.310079061538431, 19.81371490769234 ], [ -99.31008847692307, 19.813642600000016 ], [ -99.310078815384585, 19.813588400000032 ], [ -99.309992892307662, 19.813588538461584 ], [ -99.309849707692308, 19.813615907692327 ], [ -99.309687399999987, 19.813625215384601 ], [ -99.309582430769211, 19.813652507692325 ], [ -99.309477538461479, 19.813724984615405 ], [ -99.309420292307664, 19.813752199999985 ], [ -99.309362969230747, 19.813734230769249 ], [ -99.309334138461509, 19.813634861538482 ], [ -99.30928619999996, 19.813535553846176 ], [ -99.309276076923041, 19.813237353846183 ], [ -99.309237861538435, 19.813228384615389 ], [ -99.309161615384582, 19.8133008 ], [ -99.30908521538457, 19.813291907692321 ], [ -99.309037261538421, 19.81318353846158 ], [ -99.309294615384573, 19.812948138461532 ], [ -99.30934223076919, 19.812884800000017 ], [ -99.309303753846137, 19.812740276923041 ], [ -99.30915089230767, 19.812695369230767 ], [ -99.309084215384573, 19.812776815384623 ], [ -99.309036461538426, 19.812767861538472 ], [ -99.308988630769193, 19.81272275384616 ], [ -99.30892176923075, 19.812713830769237 ], [ -99.308673553846106, 19.812732338461522 ], [ -99.308377384615326, 19.812651507692319 ], [ -99.308100369230743, 19.812588738461564 ], [ -99.307871169230765, 19.812571061538481 ], [ -99.307718523076886, 19.812634584615402 ], [ -99.307604230769186, 19.8127884 ], [ -99.307403923076905, 19.812897184615416 ], [ -99.307327523076864, 19.812888276923076 ], [ -99.307346569230759, 19.812861138461553 ], [ -99.307489630769211, 19.812779553846145 ], [ -99.307575399999962, 19.812689046153817 ], [ -99.307622969230749, 19.812598600000044 ], [ -99.30776604615383, 19.812526061538449 ], [ -99.307966430769227, 19.812453415384621 ], [ -99.308166923076925, 19.812444030769239 ], [ -99.308415199999956, 19.812452646153886 ], [ -99.308529892307661, 19.812506661538446 ], [ -99.308606307692273, 19.81252460000001 ], [ -99.308682692307642, 19.812524476923077 ], [ -99.308806676923041, 19.812451969230779 ], [ -99.308902015384575, 19.812370461538464 ], [ -99.308939907692292, 19.812216784615345 ], [ -99.309130676923061, 19.812117046153851 ], [ -99.309254646153818, 19.812035492307725 ], [ -99.30931176923076, 19.811945030769252 ], [ -99.30933061538461, 19.811818476923104 ], [ -99.309416076923043, 19.811574338461561 ], [ -99.309578261538434, 19.81150176923077 ], [ -99.309654369230756, 19.811357046153837 ], [ -99.309721123076883, 19.811311753846159 ], [ -99.309730523076922, 19.811239430769238 ], [ -99.309701692307684, 19.811140076923071 ], [ -99.309701399999952, 19.810986461538484 ], [ -99.309749, 19.810914076923098 ], [ -99.30978707692303, 19.8108598 ], [ -99.309796415384582, 19.810751338461511 ], [ -99.309901138461527, 19.810588492307705 ], [ -99.310025184615355, 19.810543092307721 ], [ -99.3101871076923, 19.810344 ], [ -99.310225169230748, 19.810271646153868 ], [ -99.310253646153825, 19.810190261538491 ], [ -99.310310830769197, 19.810135938461571 ], [ -99.310415723076872, 19.810063461538494 ], [ -99.310511061538406, 19.809991 ], [ -99.310606292307654, 19.809855292307706 ], [ -99.310844769230727, 19.809737400000021 ], [ -99.310959169230756, 19.809646830769239 ], [ -99.311149815384567, 19.809483830769214 ], [ -99.311359738461476, 19.809411169230795 ], [ -99.311483830769234, 19.809392892307699 ], [ -99.311646030769197, 19.809338384615405 ], [ -99.311750938461529, 19.809274938461531 ], [ -99.311788953846104, 19.809184507692301 ], [ -99.311721846153844, 19.809040030769232 ], [ -99.311721430769225, 19.808832184615383 ], [ -99.311587369230722, 19.808633615384615 ], [ -99.311491676923069, 19.808525338461568 ], [ -99.311453276923018, 19.808416969230755 ], [ -99.311328830769199, 19.808254523076918 ], [ -99.311195076923042, 19.808209569230801 ], [ -99.310927569230742, 19.808128707692322 ], [ -99.310803430769198, 19.808119876923069 ], [ -99.310746092307653, 19.808092876923073 ], [ -99.310755584615364, 19.808065753846154 ], [ -99.310965676923061, 19.808083461538441 ], [ -99.311051646153828, 19.80810138461538 ], [ -99.311127923076896, 19.808047030769234 ], [ -99.311175446153825, 19.807938507692342 ], [ -99.311213538461544, 19.8078842153846 ], [ -99.311251399999975, 19.80771244615384 ], [ -99.311251030769185, 19.807522676923085 ], [ -99.311374784615367, 19.807332692307678 ], [ -99.311460446153816, 19.807196984615388 ], [ -99.311574830769217, 19.807097384615382 ], [ -99.311670076923036, 19.806970707692358 ], [ -99.31169850769227, 19.806862215384626 ], [ -99.311755815384586, 19.806871153846163 ], [ -99.311765584615344, 19.806988615384629 ], [ -99.311813353846148, 19.807006600000026 ], [ -99.311918230769194, 19.806925092307665 ], [ -99.311994523076919, 19.806879769230765 ], [ -99.311965707692281, 19.806789446153807 ], [ -99.311984584615345, 19.806680984615372 ], [ -99.312022584615391, 19.806581507692322 ], [ -99.312051169230756, 19.806545307692343 ], [ -99.312031769230728, 19.806391723076899 ], [ -99.312040907692278, 19.806183861538468 ], [ -99.31209807692305, 19.806120492307706 ], [ -99.312222, 19.806020876923089 ], [ -99.312336399999978, 19.805930307692307 ], [ -99.312498369230724, 19.805749292307716 ], [ -99.312412723076918, 19.805894030769224 ], [ -99.312298599999963, 19.806129184615411 ], [ -99.31220343076923, 19.806292015384578 ], [ -99.312222692307671, 19.806373307692276 ], [ -99.312270430769232, 19.806373230769221 ], [ -99.312384692307646, 19.806210369230786 ], [ -99.312461246153831, 19.806300600000018 ], [ -99.312480569230715, 19.806418046153844 ], [ -99.312395030769224, 19.806617 ], [ -99.312423876923063, 19.806716353846163 ], [ -99.312519507692272, 19.806797523076899 ], [ -99.31267232307691, 19.80682436923075 ], [ -99.313064323076915, 19.807094784615391 ], [ -99.313226799999967, 19.807175830769243 ], [ -99.313389323076905, 19.807274938461525 ], [ -99.313618753846114, 19.807419138461515 ], [ -99.313733876923067, 19.807699076923079 ], [ -99.313858184615384, 19.807789215384599 ], [ -99.313906246153806, 19.807951799999984 ], [ -99.313982753846133, 19.808014923076922 ], [ -99.314164092307678, 19.807978461538482 ], [ -99.31429775384612, 19.807969184615374 ], [ -99.314412292307665, 19.807950907692305 ], [ -99.314478953846134, 19.807860415384596 ], [ -99.314488153846114, 19.807688707692314 ], [ -99.3145166, 19.807589246153842 ], [ -99.314545246153799, 19.807589199999988 ], [ -99.314573892307678, 19.807589153846134 ], [ -99.314516861538408, 19.80771576923074 ], [ -99.314517353846099, 19.807968799999959 ], [ -99.314450661538416, 19.8080412 ], [ -99.314460523076903, 19.808203846153816 ], [ -99.314498876923082, 19.808285123076907 ], [ -99.314556292307671, 19.80834827692307 ], [ -99.314661476923035, 19.808429415384612 ], [ -99.314709830769189, 19.808736584615392 ], [ -99.314834292307637, 19.808908061538503 ], [ -99.314949276923045, 19.809115707692353 ], [ -99.315054753846113, 19.809341446153837 ], [ -99.315294107692282, 19.809675384615403 ], [ -99.315323107692279, 19.80985606153849 ], [ -99.315371030769199, 19.80994633846154 ], [ -99.315400584615361, 19.810407169230775 ], [ -99.315544307692264, 19.810659938461562 ], [ -99.315582907692274, 19.810867723076946 ], [ -99.315688569230787, 19.811183815384663 ], [ -99.315794276923029, 19.811527030769241 ], [ -99.31594807692305, 19.81205089230772 ], [ -99.316025107692269, 19.812376076923069 ], [ -99.316111723076887, 19.812719323076958 ], [ -99.316141061538445, 19.813071707692302 ], [ -99.316151092307692, 19.813315676923033 ], [ -99.316199261538443, 19.8135324769231 ], [ -99.316199523076918, 19.813659 ], [ -99.316343553846139, 19.814065399999951 ], [ -99.315782569230734, 19.815268276923128 ] ] ] ] } },
{ "type": "Feature", "properties": { "IDBD": 175080, "FC": 6291, "CONDICION": "CUERPO DE AGUA INTERMITENTE" }, "geometry": { "type": "MultiPolygon", "coordinates": [ [ [ [ -99.485518476923062, 19.812508200000014 ], [ -99.485448, 19.812467015384584 ], [ -99.48536535384612, 19.812421784615367 ], [ -99.485287723076922, 19.812369169230788 ], [ -99.485201046153804, 19.812331246153853 ], [ -99.485117907692299, 19.812286815384578 ], [ -99.4850434, 19.812230292307706 ], [ -99.48498066153843, 19.812162184615367 ], [ -99.484920676923068, 19.812091876923084 ], [ -99.484857015384577, 19.812024538461543 ], [ -99.484938753846137, 19.811977846153859 ], [ -99.485022476923021, 19.811934384615416 ], [ -99.48509827692304, 19.811879430769235 ], [ -99.485190969230729, 19.811857769230762 ], [ -99.485286076923074, 19.811849676923078 ], [ -99.485380846153802, 19.81183875384615 ], [ -99.485476338461538, 19.811838169230761 ], [ -99.485571815384588, 19.811837707692288 ], [ -99.485667292307667, 19.811837399999963 ], [ -99.485759676923024, 19.811814553846176 ], [ -99.485853430769183, 19.811797430769278 ], [ -99.485948661538472, 19.811790892307723 ], [ -99.486044138461523, 19.811790169230765 ], [ -99.486139615384559, 19.811789876923111 ], [ -99.486135907692244, 19.811880169230761 ], [ -99.486047538461506, 19.811914384615367 ], [ -99.486001384615349, 19.811993492307707 ], [ -99.485957969230739, 19.812073969230823 ], [ -99.485897923076877, 19.812144246153842 ], [ -99.485843676923025, 19.812218599999984 ], [ -99.485762692307674, 19.812266476923092 ], [ -99.485681830769238, 19.812314538461525 ], [ -99.485626923076865, 19.812388461538461 ], [ -99.485533707692241, 19.812491369230784 ], [ -99.485518476923062, 19.812508200000014 ] ] ] ] } },
{ "type": "Feature", "properties": { "IDBD": 175088, "FC": 6291, "CONDICION": "CUERPO DE AGUA INTERMITENTE" }, "geometry": { "type": "MultiPolygon", "coordinates": [ [ [ [ -99.486444953846146, 19.81171190769231 ], [ -99.48648095384614, 19.811628215384626 ], [ -99.486503230769216, 19.811540338461541 ], [ -99.486565476923047, 19.811471815384593 ], [ -99.486624276923038, 19.81140061538462 ], [ -99.486657338461512, 19.81131584615386 ], [ -99.486709307692294, 19.811240030769202 ], [ -99.486735569230731, 19.811153153846192 ], [ -99.486708384615369, 19.81106652307691 ], [ -99.48668447692306, 19.810979030769232 ], [ -99.486655399999933, 19.810892969230803 ], [ -99.48666575384614, 19.81080312307688 ], [ -99.486708846153832, 19.810722492307729 ], [ -99.486756415384576, 19.810644138461541 ], [ -99.486793784615344, 19.8105609846154 ], [ -99.486861323076894, 19.810497107692314 ], [ -99.486931692307664, 19.810436030769221 ], [ -99.486945953846117, 19.810346676923075 ], [ -99.487017153846125, 19.8102864769231 ], [ -99.487072169230743, 19.810212615384604 ], [ -99.487123461538445, 19.810136399999987 ], [ -99.487188199999949, 19.810069984615399 ], [ -99.487228030769188, 19.809987846153856 ], [ -99.487310907692304, 19.809942969230764 ], [ -99.487390092307621, 19.80989247692305 ], [ -99.48745427692306, 19.809825569230782 ], [ -99.48752478461536, 19.809764646153862 ], [ -99.487603415384598, 19.809713384615424 ], [ -99.487670846153804, 19.809649415384662 ], [ -99.487699753846087, 19.809563276923068 ], [ -99.487747692307636, 19.809485138461564 ], [ -99.487843123076914, 19.809482046153867 ], [ -99.487933723076907, 19.809510569230749 ], [ -99.488023584615348, 19.809541092307697 ], [ -99.487951123076911, 19.809599938461552 ], [ -99.487859261538418, 19.809624600000056 ], [ -99.487792, 19.809688738461499 ], [ -99.487777261538454, 19.809778015384634 ], [ -99.487807215384578, 19.809863815384645 ], [ -99.487826492307647, 19.809952323076949 ], [ -99.487865246153831, 19.810034907692277 ], [ -99.487871415384618, 19.8101250923077 ], [ -99.487873907692304, 19.810215430769269 ], [ -99.487881569230709, 19.810305492307666 ], [ -99.487875153846147, 19.810395661538479 ], [ -99.48787526153842, 19.810486030769248 ], [ -99.487875523076895, 19.810576384615423 ], [ -99.48788146153845, 19.810666584615369 ], [ -99.487883538461517, 19.810756923076919 ], [ -99.487884369230741, 19.810847292307677 ], [ -99.487884753846132, 19.810937661538446 ], [ -99.487848215384588, 19.811021138461548 ], [ -99.487756215384607, 19.811045323076922 ], [ -99.487715723076903, 19.811079800000012 ], [ -99.487581323076881, 19.811116369230806 ], [ -99.487488692307664, 19.811138307692321 ], [ -99.487396630769169, 19.811162261538477 ], [ -99.487304892307677, 19.811187307692315 ], [ -99.487214092307653, 19.811215261538436 ], [ -99.487136261538424, 19.811267599999972 ], [ -99.487059799999983, 19.811321723076947 ], [ -99.486979507692254, 19.811370615384622 ], [ -99.486893399999971, 19.811409676923102 ], [ -99.486803799999976, 19.811440892307694 ], [ -99.486721353846121, 19.811486476923079 ], [ -99.486640184615382, 19.811534076923046 ], [ -99.486576876923039, 19.811601707692311 ], [ -99.486469492307691, 19.811691415384615 ], [ -99.486444953846146, 19.81171190769231 ] ] ] ] } },
{ "type": "Feature", "properties": { "IDBD": 175181, "FC": 6291, "CONDICION": "CUERPO DE AGUA INTERMITENTE" }, "geometry": { "type": "MultiPolygon", "coordinates": [ [ [ [ -99.294123876923038, 19.798288984615379 ], [ -99.294200523076881, 19.79843344615384 ], [ -99.29421050769227, 19.798677415384606 ], [ -99.294134630769207, 19.798948646153814 ], [ -99.293944369230758, 19.799319476923039 ], [ -99.293715676923028, 19.799572876923101 ], [ -99.293534446153814, 19.799663538461541 ], [ -99.293343553846157, 19.7997 ], [ -99.293047538461508, 19.799673384615371 ], [ -99.29261767692303, 19.7995566 ], [ -99.292455323076879, 19.79952975384613 ], [ -99.292426646153842, 19.79951173846155 ], [ -99.292388338461507, 19.799448538461519 ], [ -99.292388199999976, 19.799376246153845 ], [ -99.292445353846134, 19.799303861538512 ], [ -99.292454738461515, 19.799213476923125 ], [ -99.292492784615376, 19.79913207692309 ], [ -99.292559492307674, 19.799068707692328 ], [ -99.292654953846124, 19.799059523076902 ], [ -99.292750415384575, 19.799050323076926 ], [ -99.29284587692301, 19.799041138461501 ], [ -99.29290303076921, 19.798968738461546 ], [ -99.292931507692288, 19.798878338461559 ], [ -99.29296, 19.798796953846125 ], [ -99.293017153846122, 19.798724569230803 ], [ -99.29309343076919, 19.798670215384629 ], [ -99.293179276923013, 19.798624892307711 ], [ -99.293265138461521, 19.798588600000016 ], [ -99.293351, 19.798552323076901 ], [ -99.293446430769166, 19.798525046153863 ], [ -99.293532307692288, 19.7984978 ], [ -99.293618169230768, 19.798461507692299 ], [ -99.293704015384606, 19.798416184615398 ], [ -99.293780292307645, 19.798361846153849 ], [ -99.29386613846151, 19.798316507692316 ], [ -99.293952, 19.798280230769233 ], [ -99.294037892307657, 19.79826201538464 ], [ -99.294123876923038, 19.798288984615379 ] ] ] ] } },
{ "type": "Feature", "properties": { "IDBD": 175223, "FC": 6291, "CONDICION": "CUERPO DE AGUA INTERMITENTE" }, "geometry": { "type": "MultiPolygon", "coordinates": [ [ [ [ -99.462190353846111, 19.795622061538477 ], [ -99.462205953846137, 19.795532907692305 ], [ -99.46223707692306, 19.795447476923098 ], [ -99.462305415384577, 19.795384384615382 ], [ -99.462324061538411, 19.79529575384614 ], [ -99.462350646153837, 19.795208969230771 ], [ -99.462375276923012, 19.795121661538449 ], [ -99.462385923076894, 19.795031861538451 ], [ -99.462400969230728, 19.794942615384631 ], [ -99.462403723076875, 19.794852292307713 ], [ -99.462437307692298, 19.794767707692269 ], [ -99.462477969230733, 19.794685938461519 ], [ -99.462563261538449, 19.79464532307691 ], [ -99.462650923076907, 19.794609538461557 ], [ -99.462737846153829, 19.794572169230783 ], [ -99.462830692307676, 19.794551107692275 ], [ -99.462926153846112, 19.794550476923085 ], [ -99.463021184615371, 19.794559215384616 ], [ -99.463116584615321, 19.794562753846137 ], [ -99.463198476923068, 19.7946092 ], [ -99.463265184615352, 19.794673861538453 ], [ -99.463332169230753, 19.794738246153855 ], [ -99.463417692307658, 19.794778400000034 ], [ -99.463500261538428, 19.794823784615378 ], [ -99.463524399999983, 19.794911199999984 ], [ -99.46352781538458, 19.795001523076955 ], [ -99.463529784615346, 19.795091861538463 ], [ -99.463530661538414, 19.795182230769253 ], [ -99.46353712307689, 19.795272384615412 ], [ -99.46351256923073, 19.795359707692313 ], [ -99.463445138461495, 19.795423692307704 ], [ -99.463374584615366, 19.795484553846148 ], [ -99.463314107692284, 19.795554492307691 ], [ -99.463227061538447, 19.795591600000023 ], [ -99.463142799999986, 19.795634107692294 ], [ -99.463061353846129, 19.795681246153858 ], [ -99.462974215384577, 19.795718153846163 ], [ -99.462884446153808, 19.795748953846157 ], [ -99.462794799999969, 19.79578 ], [ -99.46269932307689, 19.7957806 ], [ -99.462605153846127, 19.795765784615398 ], [ -99.462510446153829, 19.795754353846167 ], [ -99.46241852307692, 19.79572990769233 ], [ -99.462324, 19.79571723076921 ], [ -99.462229, 19.795708292307697 ], [ -99.462190353846111, 19.795622061538477 ] ] ] ] } },
{ "type": "Feature", "properties": { "IDBD": 175256, "FC": 6291, "CONDICION": "CUERPO DE AGUA INTERMITENTE" }, "geometry": { "type": "MultiPolygon", "coordinates": [ [ [ [ -99.307577784615376, 19.789084953846217 ], [ -99.307482292307697, 19.789076076923074 ], [ -99.307444076923062, 19.789058061538466 ], [ -99.30743443076922, 19.78900386153845 ], [ -99.307424753846092, 19.788940615384629 ], [ -99.307424692307677, 19.788904476923069 ], [ -99.307405523076895, 19.788868353846194 ], [ -99.307357723076876, 19.788832292307671 ], [ -99.30732903076921, 19.788805230769228 ], [ -99.307290769230733, 19.788769153846172 ], [ -99.307290661538417, 19.788714938461528 ], [ -99.307281030769218, 19.788669769230804 ], [ -99.307290507692258, 19.7886336 ], [ -99.307261815384592, 19.78860653846154 ], [ -99.307242676923039, 19.788579461538504 ], [ -99.307204446153847, 19.788561461538475 ], [ -99.307194846153806, 19.788534353846121 ], [ -99.307213907692258, 19.788516261538469 ], [ -99.307261646153833, 19.788516169230782 ], [ -99.307299846153796, 19.788525138461548 ], [ -99.30736672307691, 19.788552138461597 ], [ -99.307424076923041, 19.78858818461536 ], [ -99.307481430769201, 19.788624230769219 ], [ -99.307519646153864, 19.788642246153884 ], [ -99.307567507692298, 19.788705415384634 ], [ -99.307634538461528, 19.788813738461524 ], [ -99.307653784615368, 19.788886 ], [ -99.307663446153811, 19.788949246153816 ], [ -99.307654015384571, 19.789012523076916 ], [ -99.307635, 19.78904870769232 ], [ -99.307577784615376, 19.789084953846217 ] ] ] ] } },
{ "type": "Feature", "properties": { "IDBD": 175269, "FC": 6291, "CONDICION": "CUERPO DE AGUA INTERMITENTE" }, "geometry": { "type": "MultiPolygon", "coordinates": [ [ [ [ -99.308881369230747, 19.786823492307729 ], [ -99.308986492307668, 19.786886569230759 ], [ -99.309043907692285, 19.786949738461537 ], [ -99.309091738461532, 19.787003876923073 ], [ -99.309110938461529, 19.787058061538445 ], [ -99.30909192307692, 19.787094246153817 ], [ -99.309044215384603, 19.787112400000041 ], [ -99.309006030769197, 19.787112461538435 ], [ -99.308948707692295, 19.787094492307673 ], [ -99.308891369230736, 19.787058446153875 ], [ -99.308795846153814, 19.787031492307662 ], [ -99.308719446153845, 19.787022584615364 ], [ -99.308643092307676, 19.787031753846179 ], [ -99.308538123076858, 19.787059046153821 ], [ -99.308499969230738, 19.787077184615413 ], [ -99.308433230769197, 19.787122492307713 ], [ -99.308433307692269, 19.787158630769266 ], [ -99.308423907692301, 19.787239984615383 ], [ -99.308395384615338, 19.787294246153849 ], [ -99.308347707692292, 19.787330476923103 ], [ -99.308261907692284, 19.787393892307723 ], [ -99.308176046153818, 19.787421138461536 ], [ -99.308023276923052, 19.78741236923074 ], [ -99.307927753846158, 19.787385430769252 ], [ -99.307879861538439, 19.787304169230797 ], [ -99.307822353846149, 19.787186800000018 ], [ -99.307803046153808, 19.787069353846146 ], [ -99.307802830769205, 19.78696090769235 ], [ -99.307812246153802, 19.7868886 ], [ -99.307812076923085, 19.786807276923092 ], [ -99.307811953846112, 19.786744015384635 ], [ -99.307792692307643, 19.786653676923066 ], [ -99.307716215384573, 19.786599584615363 ], [ -99.307639799999976, 19.786581646153881 ], [ -99.307544399999955, 19.786617953846147 ], [ -99.307449061538421, 19.786681384615378 ], [ -99.30741093846153, 19.786717584615385 ], [ -99.307391953846121, 19.78677184615383 ], [ -99.30734432307689, 19.786826153846114 ], [ -99.307287076923046, 19.786844323076906 ], [ -99.307201184615309, 19.786862538461541 ], [ -99.307067538461524, 19.78686276923079 ], [ -99.306981553846143, 19.7868358 ], [ -99.306914584615384, 19.786754584615366 ], [ -99.306723384615353, 19.786619369230767 ], [ -99.306580123076884, 19.786592507692305 ], [ -99.306446430769213, 19.786574661538467 ], [ -99.306322246153826, 19.786529692307663 ], [ -99.306026123076904, 19.786439830769229 ], [ -99.305835061538431, 19.786376892307661 ], [ -99.3057108307692, 19.786313846153842 ], [ -99.305624753846132, 19.78623266153847 ], [ -99.30557687692307, 19.786160446153851 ], [ -99.305538523076876, 19.786070153846172 ], [ -99.305500169230712, 19.785979846153865 ], [ -99.305490492307655, 19.785916600000032 ], [ -99.305461753846117, 19.785862430769242 ], [ -99.305509476923035, 19.785853323076914 ], [ -99.305557246153839, 19.785871307692311 ], [ -99.30562418461534, 19.785934446153863 ], [ -99.305710307692266, 19.78604275384615 ], [ -99.305872815384603, 19.786150907692292 ], [ -99.305997030769205, 19.786204923076898 ], [ -99.306092569230771, 19.786240907692324 ], [ -99.306245415384595, 19.786294861538455 ], [ -99.306436430769196, 19.786330676923058 ], [ -99.306598799999975, 19.786375584615413 ], [ -99.306684784615356, 19.786402553846131 ], [ -99.306780323076879, 19.786438538461525 ], [ -99.306875784615357, 19.78643836923079 ], [ -99.306990338461517, 19.786438169230763 ], [ -99.307104907692292, 19.7864379692308 ], [ -99.307181276923018, 19.786437846153888 ], [ -99.30731486153843, 19.786401461538457 ], [ -99.307410276923065, 19.786374199999976 ], [ -99.307496215384589, 19.786383076923055 ], [ -99.307601215384608, 19.786373861538472 ], [ -99.307715815384569, 19.786391738461546 ], [ -99.307820907692289, 19.786427707692322 ], [ -99.307887830769175, 19.786481815384619 ], [ -99.307887907692276, 19.786517953846129 ], [ -99.3079262, 19.786572123076933 ], [ -99.307974015384573, 19.786617215384609 ], [ -99.308002769230754, 19.786680430769252 ], [ -99.308021953846136, 19.786725569230768 ], [ -99.308050753846146, 19.786806861538405 ], [ -99.308089076923039, 19.786879092307711 ], [ -99.308127399999975, 19.786951307692341 ], [ -99.308203892307674, 19.7870054 ], [ -99.308299399999981, 19.787032353846129 ], [ -99.308413892307627, 19.786996 ], [ -99.308499676923034, 19.786923569230808 ], [ -99.308547292307651, 19.786860215384593 ], [ -99.308556661538418, 19.786769846153831 ], [ -99.308499261538415, 19.78670667692306 ], [ -99.308394199999967, 19.786679753846187 ], [ -99.308336815384592, 19.786625630769255 ], [ -99.308231599999971, 19.786526399999985 ], [ -99.308078553846087, 19.786373046153855 ], [ -99.307963738461495, 19.786237692307679 ], [ -99.307849030769191, 19.7861656 ], [ -99.307801169230743, 19.786093384615409 ], [ -99.307772369230747, 19.786012092307718 ], [ -99.307800830769196, 19.785921676923088 ], [ -99.307810184615363, 19.785822261538449 ], [ -99.307819553846144, 19.785722846153821 ], [ -99.307809738461486, 19.785587307692339 ], [ -99.307847707692304, 19.785469753846165 ], [ -99.307866584615354, 19.785361292307684 ], [ -99.307847276923042, 19.785252876923089 ], [ -99.307799292307678, 19.785117415384619 ], [ -99.307732169230732, 19.784963892307733 ], [ -99.307693769230738, 19.78485552307691 ], [ -99.307645923076876, 19.784792353846203 ], [ -99.307598, 19.78469303076924 ], [ -99.307512030769203, 19.78467509230768 ], [ -99.307388, 19.784711461538464 ], [ -99.307321169230761, 19.78471156923074 ], [ -99.307311492307662, 19.784639292307663 ], [ -99.307340046153854, 19.784594061538517 ], [ -99.307378123076887, 19.784539784615404 ], [ -99.307502138461516, 19.784494384615375 ], [ -99.307607138461506, 19.78448516923082 ], [ -99.307721723076881, 19.784494 ], [ -99.307788630769195, 19.784539076923092 ], [ -99.307836507692272, 19.784611276923091 ], [ -99.307855784615342, 19.784710661538515 ], [ -99.307855876923043, 19.784755846153814 ], [ -99.307894246153808, 19.784855184615381 ], [ -99.307942261538429, 19.784999676923089 ], [ -99.30798069230768, 19.785126138461496 ], [ -99.308019107692274, 19.785243538461579 ], [ -99.308095692307646, 19.785351861538523 ], [ -99.308095938461477, 19.785478369230763 ], [ -99.308058076923061, 19.785650138461552 ], [ -99.308048723076865, 19.785749553846188 ], [ -99.308058523076895, 19.785885092307733 ], [ -99.308106492307658, 19.786002492307656 ], [ -99.308144784615322, 19.786056646153813 ], [ -99.308202199999954, 19.786128830769229 ], [ -99.308288338461523, 19.786246169230736 ], [ -99.308403123076857, 19.786354415384654 ], [ -99.308498861538439, 19.786498830769229 ], [ -99.308594523076891, 19.786598076923081 ], [ -99.308747569230746, 19.786751430769208 ], [ -99.308881369230747, 19.786823492307729 ] ] ] ] } },
{ "type": "Feature", "properties": { "IDBD": 175274, "FC": 6291, "CONDICION": "CUERPO DE AGUA INTERMITENTE" }, "geometry": { "type": "MultiPolygon", "coordinates": [ [ [ [ -99.318695892307673, 19.787005092307716 ], [ -99.31863873846153, 19.78706844615386 ], [ -99.318552892307665, 19.787104738461512 ], [ -99.318476584615354, 19.787141030769252 ], [ -99.318400292307658, 19.787186353846128 ], [ -99.318324030769233, 19.78724070769232 ], [ -99.318247784615309, 19.787304092307693 ], [ -99.318161953846129, 19.787349430769268 ], [ -99.318076076923049, 19.787376692307689 ], [ -99.317980646153842, 19.787394938461549 ], [ -99.317885184615392, 19.787395107692294 ], [ -99.317808723076908, 19.787350061538429 ], [ -99.317760815384588, 19.787268815384639 ], [ -99.317779738461525, 19.787178415384609 ], [ -99.317836892307653, 19.787115061538447 ], [ -99.317913153846106, 19.787060692307673 ], [ -99.317998984615372, 19.787015369230744 ], [ -99.318056123076872, 19.786942969230786 ], [ -99.318132399999982, 19.786888615384598 ], [ -99.31821823076919, 19.78684327692309 ], [ -99.318265892307664, 19.786807046153822 ], [ -99.318351707692301, 19.786752661538458 ], [ -99.318418461538442, 19.786716400000014 ], [ -99.318466169230746, 19.786707276923053 ], [ -99.31853307692306, 19.786743307692326 ], [ -99.318590430769206, 19.786779353846168 ], [ -99.318657399999978, 19.786851523076933 ], [ -99.318714846153796, 19.786932753846155 ], [ -99.318695892307673, 19.787005092307716 ] ] ] ] } },
{ "type": "Feature", "properties": { "IDBD": 175291, "FC": 6291, "CONDICION": "CUERPO DE AGUA INTERMITENTE" }, "geometry": { "type": "MultiPolygon", "coordinates": [ [ [ [ -99.296095030769223, 19.78515524615386 ], [ -99.296056861538418, 19.785164353846145 ], [ -99.296009076923056, 19.785137307692295 ], [ -99.295961307692266, 19.785119323076909 ], [ -99.295942138461527, 19.785074169230747 ], [ -99.295951630769181, 19.785047046153817 ], [ -99.29597061538459, 19.784992784615373 ], [ -99.295960984615391, 19.784947615384617 ], [ -99.295941815384609, 19.784902461538479 ], [ -99.295922661538427, 19.784866353846137 ], [ -99.295893953846118, 19.784830246153859 ], [ -99.295865246153824, 19.784794153846153 ], [ -99.295836538461486, 19.78475806153849 ], [ -99.2958364461538, 19.784712876923084 ], [ -99.295884153846117, 19.784694723076914 ], [ -99.295931892307678, 19.784694646153856 ], [ -99.295970030769226, 19.784676507692311 ], [ -99.296017753846129, 19.7846673846154 ], [ -99.296046461538424, 19.784703492307695 ], [ -99.296027461538415, 19.784757738461529 ], [ -99.296037061538414, 19.784784830769226 ], [ -99.29605621538461, 19.78481190769228 ], [ -99.296065784615337, 19.784829969230785 ], [ -99.296056307692297, 19.78486613846156 ], [ -99.296008646153822, 19.784902353846139 ], [ -99.296008723076909, 19.784947538461527 ], [ -99.296008815384582, 19.784992723076915 ], [ -99.296047046153802, 19.785019769230789 ], [ -99.296094784615363, 19.785019692307689 ], [ -99.29614255384611, 19.785037692307707 ], [ -99.296142630769197, 19.785082876923081 ], [ -99.296133169230757, 19.785128076923066 ], [ -99.296095030769223, 19.78515524615386 ] ] ] ] } },
{ "type": "Feature", "properties": { "IDBD": 175299, "FC": 6291, "CONDICION": "CUERPO DE AGUA INTERMITENTE" }, "geometry": { "type": "MultiPolygon", "coordinates": [ [ [ [ -99.315473861538422, 19.784597969230745 ], [ -99.315473953846123, 19.784643153846165 ], [ -99.315426276923063, 19.784679384615387 ], [ -99.315397707692298, 19.784715584615395 ], [ -99.315350015384567, 19.784733738461561 ], [ -99.315311861538433, 19.784751876923103 ], [ -99.315264138461515, 19.784751969230758 ], [ -99.31522589230768, 19.784724923076933 ], [ -99.315206723076898, 19.784688815384644 ], [ -99.315197092307656, 19.784643646153821 ], [ -99.315197, 19.784598461538486 ], [ -99.315196907692254, 19.784553276923077 ], [ -99.315196830769182, 19.784508092307671 ], [ -99.315196738461495, 19.784462907692294 ], [ -99.315177553846112, 19.784417753846125 ], [ -99.3151298, 19.7844088 ], [ -99.315091646153832, 19.784426953846161 ], [ -99.315053476923055, 19.784436046153839 ], [ -99.315015276923077, 19.784427076923059 ], [ -99.315005676923036, 19.784399984615341 ], [ -99.315034230769186, 19.784354753846173 ], [ -99.315043707692269, 19.784318584615381 ], [ -99.315005476923048, 19.784300584615405 ], [ -99.314957707692301, 19.784282600000022 ], [ -99.314938538461519, 19.784237446153842 ], [ -99.314928892307663, 19.784192276923083 ], [ -99.314928815384604, 19.784147092307691 ], [ -99.314966938461481, 19.784119923076936 ], [ -99.315024215384611, 19.784119815384596 ], [ -99.315071969230758, 19.784128769230769 ], [ -99.315110138461492, 19.784119661538462 ], [ -99.315148215384596, 19.784065369230763 ], [ -99.315176815384589, 19.784038215384602 ], [ -99.315214969230738, 19.784029107692309 ], [ -99.315262676923055, 19.784010953846135 ], [ -99.315300830769218, 19.783992815384604 ], [ -99.31537727692303, 19.784028830769259 ], [ -99.315425092307635, 19.784073923076974 ], [ -99.315520861538417, 19.784227384615406 ], [ -99.3155401384615, 19.784317723076938 ], [ -99.315549799999943, 19.784380953846146 ], [ -99.315511784615381, 19.784462353846152 ], [ -99.315483292307647, 19.784543738461554 ], [ -99.315473861538422, 19.784597969230745 ] ] ] ] } },
{ "type": "Feature", "properties": { "IDBD": 175314, "FC": 6291, "CONDICION": "CUERPO DE AGUA INTERMITENTE" }, "geometry": { "type": "MultiPolygon", "coordinates": [ [ [ [ -99.297847646153841, 19.783010615384612 ], [ -99.297790384615368, 19.783019738461533 ], [ -99.297694907692275, 19.783010861538465 ], [ -99.297608953846108, 19.782992938461529 ], [ -99.297599215384579, 19.782893538461515 ], [ -99.297599046153806, 19.782803184615421 ], [ -99.297608461538431, 19.782730861538464 ], [ -99.29761790769227, 19.782676630769259 ], [ -99.2977420307692, 19.782685461538424 ], [ -99.297847076923048, 19.782703353846152 ], [ -99.297856861538421, 19.782829861538502 ], [ -99.297857030769194, 19.782920230769278 ], [ -99.297847646153841, 19.783010615384612 ] ] ] ] } },
{ "type": "Feature", "properties": { "IDBD": 175336, "FC": 6291, "CONDICION": "CUERPO DE AGUA INTERMITENTE" }, "geometry": { "type": "MultiPolygon", "coordinates": [ [ [ [ -99.390428676923037, 19.783243661538471 ], [ -99.390330707692272, 19.783246861538441 ], [ -99.390251676923057, 19.783244046153815 ], [ -99.390185323076906, 19.783247184615384 ], [ -99.390106276923078, 19.7832354 ], [ -99.3900777538461, 19.78320855384613 ], [ -99.39007450769229, 19.783169692307695 ], [ -99.390077569230741, 19.783127830769246 ], [ -99.390073046153844, 19.783089246153828 ], [ -99.390084061538403, 19.783025815384605 ], [ -99.390089461538437, 19.782984184615426 ], [ -99.390118107692288, 19.782906507692289 ], [ -99.390140107692275, 19.782852646153845 ], [ -99.390218984615345, 19.782795676923115 ], [ -99.390253646153781, 19.782753738461512 ], [ -99.390332523076864, 19.782696769230764 ], [ -99.390398738461514, 19.7826308461539 ], [ -99.390417584615363, 19.78258296923072 ], [ -99.390505984615373, 19.782540923076958 ], [ -99.39058816923071, 19.782546723076951 ], [ -99.390705215384614, 19.782588323076933 ], [ -99.390809723076885, 19.7826748 ], [ -99.390930061538441, 19.7827702 ], [ -99.390936569230746, 19.782844938461569 ], [ -99.390920923076891, 19.78291073846151 ], [ -99.390898938461476, 19.7829646 ], [ -99.390861138461531, 19.783015507692305 ], [ -99.390829599999989, 19.783045476923078 ], [ -99.390794969230726, 19.783099369230779 ], [ -99.390722461538431, 19.783177246153837 ], [ -99.390637199999972, 19.783207338461498 ], [ -99.390583492307655, 19.783222399999964 ], [ -99.390536107692284, 19.783231476923067 ], [ -99.390428676923037, 19.783243661538471 ] ] ] ] } },
{ "type": "Feature", "properties": { "IDBD": 175352, "FC": 6291, "CONDICION": "CUERPO DE AGUA INTERMITENTE" }, "geometry": { "type": "MultiPolygon", "coordinates": [ [ [ [ -99.405043538461499, 19.78218476923076 ], [ -99.404863184615365, 19.782177769230795 ], [ -99.404682784615389, 19.782152215384603 ], [ -99.404702061538387, 19.782022384615395 ], [ -99.404701830769199, 19.781933384615357 ], [ -99.404709430769216, 19.78183695384616 ], [ -99.404728784615344, 19.7817368 ], [ -99.404748123076857, 19.781636630769263 ], [ -99.40480643076917, 19.781439969230739 ], [ -99.404849353846103, 19.781358292307722 ], [ -99.404943199999977, 19.781265369230777 ], [ -99.405021399999953, 19.781183615384631 ], [ -99.405131184615385, 19.781187076923093 ], [ -99.405174523076923, 19.781275969230808 ], [ -99.405198276923059, 19.781364907692303 ], [ -99.405112276923049, 19.781461523076945 ], [ -99.405112538461509, 19.781569061538512 ], [ -99.405112692307682, 19.781628384615416 ], [ -99.405120661538405, 19.781676584615358 ], [ -99.405136538461491, 19.781754415384647 ], [ -99.405128846153829, 19.781813769230794 ], [ -99.405117338461523, 19.781913907692335 ], [ -99.405113615384579, 19.781995492307669 ], [ -99.405094184615379, 19.782058584615353 ], [ -99.405055123076878, 19.782118 ], [ -99.405043538461499, 19.78218476923076 ] ] ] ] } },
{ "type": "Feature", "properties": { "IDBD": 175360, "FC": 6291, "CONDICION": "CUERPO DE AGUA INTERMITENTE" }, "geometry": { "type": "MultiPolygon", "coordinates": [ [ [ [ -99.47466058461535, 19.782321815384616 ], [ -99.474220938461528, 19.782222446153874 ], [ -99.47424838461535, 19.782152169230773 ], [ -99.474281476923068, 19.782067415384642 ], [ -99.474327276923077, 19.78198812307695 ], [ -99.474400476923037, 19.781930107692336 ], [ -99.474487507692288, 19.781892984615361 ], [ -99.474582753846121, 19.781886707692308 ], [ -99.47467544615381, 19.781908323076959 ], [ -99.474738323076863, 19.781976307692332 ], [ -99.47474301538459, 19.782066569230778 ], [ -99.474737030769219, 19.782156753846163 ], [ -99.474705292307675, 19.782241984615418 ], [ -99.47466058461535, 19.782321815384616 ] ] ] ] } },
{ "type": "Feature", "properties": { "IDBD": 175372, "FC": 6291, "CONDICION": "CUERPO DE AGUA INTERMITENTE" }, "geometry": { "type": "MultiPolygon", "coordinates": [ [ [ [ -99.396234492307656, 19.779960092307686 ], [ -99.396219030769203, 19.779892584615382 ], [ -99.396208769230725, 19.779868492307706 ], [ -99.396188369230728, 19.779868538461542 ], [ -99.396081276923042, 19.779863953846181 ], [ -99.396030292307643, 19.779868892307682 ], [ -99.396015092307678, 19.779907507692318 ], [ -99.395959046153848, 19.77993175384616 ], [ -99.395882523076878, 19.779917461538446 ], [ -99.395846892307631, 19.779941646153887 ], [ -99.39581644615383, 19.780004430769281 ], [ -99.395714446153832, 19.780004646153841 ], [ -99.395688953846104, 19.780004707692292 ], [ -99.395178261538433, 19.779706769230728 ], [ -99.395147461538471, 19.779624830769244 ], [ -99.395162676923036, 19.779591030769254 ], [ -99.395172861538413, 19.779581353846147 ], [ -99.395188138461492, 19.779571676923116 ], [ -99.39519827692304, 19.779552353846139 ], [ -99.395162307692289, 19.779436676923062 ], [ -99.395161923076913, 19.779282307692334 ], [ -99.395192369230728, 19.779224353846143 ], [ -99.395197353846115, 19.779176107692312 ], [ -99.395248153846111, 19.779098815384575 ], [ -99.395253138461499, 19.779050569230776 ], [ -99.395253076923026, 19.779021630769194 ], [ -99.395293738461504, 19.778968476923108 ], [ -99.395359984615368, 19.778949030769212 ], [ -99.395410861538437, 19.778900676923087 ], [ -99.395441399999953, 19.778876492307731 ], [ -99.395558692307659, 19.778881061538502 ], [ -99.3955944, 19.7788858 ], [ -99.395655584615326, 19.778880846153879 ], [ -99.395726907692278, 19.77885175384618 ], [ -99.395777907692292, 19.77885646153846 ], [ -99.395788092307683, 19.778846784615421 ], [ -99.395839061538439, 19.77883703076925 ], [ -99.395890076923067, 19.778846569230822 ], [ -99.395925846153787, 19.778875430769212 ], [ -99.395946307692299, 19.778904323076954 ], [ -99.395997476923085, 19.778971738461561 ], [ -99.396012923076881, 19.779034415384583 ], [ -99.39611, 19.779106553846187 ], [ -99.396191646153838, 19.779130492307704 ], [ -99.396354892307642, 19.779154246153862 ], [ -99.396426430769182, 19.779211984615394 ], [ -99.396513292307674, 19.779279323076949 ], [ -99.396518476923049, 19.779317892307656 ], [ -99.396533861538444, 19.779351630769227 ], [ -99.396564523076918, 19.779375676923088 ], [ -99.396529384615377, 19.77960247692307 ], [ -99.396493846153845, 19.779665261538458 ], [ -99.396412553846091, 19.779786030769216 ], [ -99.396310769230723, 19.779873092307731 ], [ -99.396234492307656, 19.779960092307686 ] ] ] ] } },
{ "type": "Feature", "properties": { "IDBD": 175374, "FC": 6291, "CONDICION": "CUERPO DE AGUA INTERMITENTE" }, "geometry": { "type": "MultiPolygon", "coordinates": [ [ [ [ -99.46943313846154, 19.781173861538445 ], [ -99.469190753846121, 19.781180507692344 ], [ -99.468919369230747, 19.781174061538465 ], [ -99.468835876923052, 19.781130230769222 ], [ -99.468853430769201, 19.78101156923077 ], [ -99.468859199999969, 19.780938123076918 ], [ -99.46887681538459, 19.780836415384627 ], [ -99.468912276923035, 19.780712046153866 ], [ -99.468929830769184, 19.780587738461588 ], [ -99.46902509230766, 19.780491476923093 ], [ -99.469060815384566, 19.780457492307729 ], [ -99.469180169230754, 19.780434584615378 ], [ -99.469371323076885, 19.780456676923077 ], [ -99.46947315384611, 19.780563723076909 ], [ -99.469473569230715, 19.780704938461543 ], [ -99.469456292307669, 19.780925261538471 ], [ -99.4694565384615, 19.781009984615366 ], [ -99.46943313846154, 19.781173861538445 ] ] ] ] } },
{ "type": "Feature", "properties": { "IDBD": 175430, "FC": 6291, "CONDICION": "CUERPO DE AGUA INTERMITENTE" }, "geometry": { "type": "MultiPolygon", "coordinates": [ [ [ [ -99.362630399999986, 19.771888938461522 ], [ -99.362529723076889, 19.771945046153874 ], [ -99.36242201538461, 19.771971569230768 ], [ -99.362314261538472, 19.771968507692318 ], [ -99.362227307692251, 19.771945661538489 ], [ -99.362157753846134, 19.771929353846151 ], [ -99.362098615384568, 19.771909753846156 ], [ -99.361976876923038, 19.771880400000043 ], [ -99.36199415384614, 19.771834338461549 ], [ -99.362014984615357, 19.771821138461579 ], [ -99.362042738461525, 19.771798061538494 ], [ -99.362091338461525, 19.771768369230767 ], [ -99.362150338461518, 19.7717288 ], [ -99.362188461538466, 19.771679400000039 ], [ -99.362348292307701, 19.771649476923091 ], [ -99.362487384615349, 19.771672215384601 ], [ -99.362518723076889, 19.771695169230767 ], [ -99.362574476923029, 19.771754246153829 ], [ -99.362595430769204, 19.771800230769237 ], [ -99.362630399999986, 19.771888938461522 ] ] ] ] } },
{ "type": "Feature", "properties": { "IDBD": 175454, "FC": 6291, "CONDICION": "CUERPO DE AGUA INTERMITENTE" }, "geometry": { "type": "MultiPolygon", "coordinates": [ [ [ [ -99.409390076923074, 19.770179892307645 ], [ -99.409228723076893, 19.770136676923077 ], [ -99.409044199999983, 19.770039046153858 ], [ -99.408836646153816, 19.769946907692283 ], [ -99.408721092307673, 19.769800076923065 ], [ -99.408715138461517, 19.769723830769227 ], [ -99.408703430769179, 19.769647584615399 ], [ -99.40872621538459, 19.769549476923054 ], [ -99.408806523076876, 19.769424 ], [ -99.408858123076911, 19.769336723076925 ], [ -99.408973123076876, 19.769271076923111 ], [ -99.409111076923054, 19.769167261538488 ], [ -99.409220323076894, 19.769101646153825 ], [ -99.409484938461475, 19.768992076923073 ], [ -99.409599923076868, 19.76891555384611 ], [ -99.409806846153813, 19.768762538461541 ], [ -99.409875892307682, 19.768740584615408 ], [ -99.410037030769232, 19.768696646153835 ], [ -99.410152092307669, 19.768652799999956 ], [ -99.410318969230772, 19.768603384615421 ], [ -99.410497569230756, 19.768635661538443 ], [ -99.410515061538433, 19.768717338461503 ], [ -99.410497938461504, 19.768777292307728 ], [ -99.410469353846125, 19.768859076923068 ], [ -99.410452184615338, 19.768902707692341 ], [ -99.41034881538458, 19.769017338461545 ], [ -99.41011893846148, 19.769203092307691 ], [ -99.409935230769193, 19.769426861538474 ], [ -99.409774538461534, 19.769639692307685 ], [ -99.409648261538436, 19.769803415384587 ], [ -99.409573830769219, 19.769972461538472 ], [ -99.409487830769223, 19.770125184615392 ], [ -99.409390076923074, 19.770179892307645 ] ] ] ] } },
{ "type": "Feature", "properties": { "IDBD": 175470, "FC": 6291, "CONDICION": "CUERPO DE AGUA INTERMITENTE" }, "geometry": { "type": "MultiPolygon", "coordinates": [ [ [ [ -99.355172646153818, 19.767417923076909 ], [ -99.355108584615337, 19.767474430769209 ], [ -99.355012292307649, 19.767478969230726 ], [ -99.354906753846137, 19.767444461538481 ], [ -99.354837969230758, 19.767440261538461 ], [ -99.354773738461517, 19.767427384615399 ], [ -99.354741615384611, 19.767418769230776 ], [ -99.354645261538465, 19.767388599999972 ], [ -99.354608523076919, 19.767366984615361 ], [ -99.354617476923025, 19.767267199999988 ], [ -99.354667615384585, 19.767128292307685 ], [ -99.354685846153814, 19.767080538461588 ], [ -99.354717692307673, 19.766963353846126 ], [ -99.354731399999977, 19.766945969230765 ], [ -99.354786338461508, 19.766902476923097 ], [ -99.354891846153848, 19.76692396923076 ], [ -99.354928569230751, 19.76694124615382 ], [ -99.354992861538463, 19.766988830769275 ], [ -99.355052615384551, 19.767049446153873 ], [ -99.355158184615377, 19.767101292307657 ], [ -99.355190323076911, 19.767118569230778 ], [ -99.355227076923072, 19.767148861538445 ], [ -99.355254676923082, 19.767187846153867 ], [ -99.355273076923083, 19.767213846153862 ], [ -99.355286938461518, 19.767261523076936 ], [ -99.355232061538416, 19.767326707692298 ], [ -99.355213799999973, 19.767361446153867 ], [ -99.355172646153818, 19.767417923076909 ] ] ] ] } },
{ "type": "Feature", "properties": { "IDBD": 175471, "FC": 6291, "CONDICION": "CUERPO DE AGUA INTERMITENTE" }, "geometry": { "type": "MultiPolygon", "coordinates": [ [ [ [ -99.358833230769193, 19.76745573846155 ], [ -99.358587661538451, 19.767433461538435 ], [ -99.358443076923024, 19.7673563230769 ], [ -99.358361076923032, 19.767288184615378 ], [ -99.358322446153807, 19.767233615384637 ], [ -99.35822104615383, 19.767097184615398 ], [ -99.358191676923056, 19.766878661538463 ], [ -99.358225276923051, 19.766833046153856 ], [ -99.358268569230759, 19.766819307692305 ], [ -99.358287815384585, 19.76681470769233 ], [ -99.358388907692245, 19.766814507692271 ], [ -99.358461123076864, 19.766818907692294 ], [ -99.358533353846127, 19.766827876923077 ], [ -99.358586323076892, 19.766832323076937 ], [ -99.358832046153807, 19.766927461538465 ], [ -99.358976723076879, 19.76704103076921 ], [ -99.358996061538448, 19.767077415384612 ], [ -99.358996276923065, 19.767177615384593 ], [ -99.358948261538458, 19.767232353846161 ], [ -99.358885861538425, 19.767314446153897 ], [ -99.358871553846114, 19.767373676923075 ], [ -99.358833230769193, 19.76745573846155 ] ] ] ] } },
{ "type": "Feature", "properties": { "IDBD": 175476, "FC": 6291, "CONDICION": "CUERPO DE AGUA INTERMITENTE" }, "geometry": { "type": "MultiPolygon", "coordinates": [ [ [ [ -99.36059870769229, 19.766901153846138 ], [ -99.360574430769177, 19.766805553846151 ], [ -99.360579215384575, 19.766791892307722 ], [ -99.360583969230746, 19.766764553846183 ], [ -99.360583892307673, 19.766732676923052 ], [ -99.360578953846144, 19.766673492307696 ], [ -99.360583692307671, 19.766641600000014 ], [ -99.360593261538455, 19.766618815384632 ], [ -99.36065098461539, 19.766595923076906 ], [ -99.360684646153828, 19.766582184615384 ], [ -99.360699015384583, 19.766545738461549 ], [ -99.360771092307644, 19.766490938461512 ], [ -99.360862523076875, 19.766477092307696 ], [ -99.360958861538435, 19.766499661538472 ], [ -99.361055399999941, 19.766613323076914 ], [ -99.361069923076926, 19.766649723076945 ], [ -99.361079584615368, 19.766663369230791 ], [ -99.361094184615368, 19.766736200000018 ], [ -99.361022138461507, 19.766809215384626 ], [ -99.360911492307665, 19.76684586153846 ], [ -99.360796092307666, 19.76690075384619 ], [ -99.360699799999949, 19.766900938461543 ], [ -99.36059870769229, 19.766901153846138 ] ] ] ] } },
{ "type": "Feature", "properties": { "IDBD": 175514, "FC": 6291, "CONDICION": "CUERPO DE AGUA INTERMITENTE" }, "geometry": { "type": "MultiPolygon", "coordinates": [ [ [ [ -99.344751461538436, 19.761147584615372 ], [ -99.344730461538433, 19.76094536923074 ], [ -99.344808384615348, 19.760851876923095 ], [ -99.34496109230767, 19.760763430769256 ], [ -99.345071199999978, 19.760699676923039 ], [ -99.345198646153833, 19.760695538461547 ], [ -99.345313876923015, 19.760749769230799 ], [ -99.345470230769195, 19.760803923076978 ], [ -99.345717015384608, 19.760850123076906 ], [ -99.345783030769198, 19.760958892307738 ], [ -99.345939384615363, 19.761009153846171 ], [ -99.345984815384611, 19.761106307692312 ], [ -99.345985030769185, 19.76120355384613 ], [ -99.346055046153836, 19.761261753846124 ], [ -99.346121092307641, 19.761386107692335 ], [ -99.346091523076893, 19.761490892307691 ], [ -99.345985984615353, 19.761650861538445 ], [ -99.345871046153832, 19.761732753846143 ], [ -99.345686123076931, 19.761779784615367 ], [ -99.345513507692289, 19.761811246153794 ], [ -99.345439446153819, 19.761780261538437 ], [ -99.345394138461515, 19.761745353846198 ], [ -99.345262369230724, 19.761652246153833 ], [ -99.34519647692305, 19.761601815384608 ], [ -99.344974261538397, 19.761508892307695 ], [ -99.34492895384615, 19.761470076923118 ], [ -99.344858907692313, 19.7614002 ], [ -99.344834138461522, 19.761353584615399 ], [ -99.344809261538416, 19.761260276923068 ], [ -99.344751461538436, 19.761147584615372 ] ] ] ] } },
{ "type": "Feature", "properties": { "IDBD": 175515, "FC": 6291, "CONDICION": "CUERPO DE AGUA INTERMITENTE" }, "geometry": { "type": "MultiPolygon", "coordinates": [ [ [ [ -99.46468707692307, 19.763525461538478 ], [ -99.464697569230765, 19.763570984615399 ], [ -99.464697353846148, 19.763616169230772 ], [ -99.464690846153829, 19.763660938461499 ], [ -99.46466695384612, 19.763700046153861 ], [ -99.464650076923078, 19.763742307692294 ], [ -99.464607692307652, 19.763763092307681 ], [ -99.464560076923021, 19.763766276923089 ], [ -99.464512353846118, 19.76376636923078 ], [ -99.464465307692265, 19.763758753846158 ], [ -99.46441975384613, 19.763745307692293 ], [ -99.46437418461538, 19.763731861538467 ], [ -99.464332384615361, 19.76371006153845 ], [ -99.464290569230727, 19.763688261538427 ], [ -99.464250846153803, 19.763663230769236 ], [ -99.464211123076893, 19.763638184615381 ], [ -99.464173353846149, 19.763610553846135 ], [ -99.464170353846143, 19.763565461538441 ], [ -99.464173830769184, 19.7635204 ], [ -99.464186353846131, 19.763476800000021 ], [ -99.464224015384573, 19.763449046153852 ], [ -99.464257369230722, 19.763416723076912 ], [ -99.464282846153807, 19.763378523076891 ], [ -99.464318876923031, 19.763348876923121 ], [ -99.464345446153786, 19.763311353846188 ], [ -99.464370753846111, 19.763273046153813 ], [ -99.464408323076881, 19.763245184615389 ], [ -99.464449599999966, 19.763222492307676 ], [ -99.464469769230732, 19.763181538461524 ], [ -99.464510753846099, 19.7631584 ], [ -99.464551753846138, 19.763135246153823 ], [ -99.464591661538435, 19.763110476923089 ], [ -99.464630553846121, 19.763084292307671 ], [ -99.464678184615337, 19.763087153846168 ], [ -99.464707230769221, 19.763123015384661 ], [ -99.464712569230755, 19.76316790769231 ], [ -99.464717323076883, 19.763212876923067 ], [ -99.464718107692292, 19.763258046153837 ], [ -99.464722292307655, 19.763303061538483 ], [ -99.464721307692272, 19.763348230769207 ], [ -99.464717753846116, 19.763393292307665 ], [ -99.464710953846122, 19.763438015384626 ], [ -99.464697676923038, 19.763481415384582 ], [ -99.46468707692307, 19.763525461538478 ] ] ] ] } },
{ "type": "Feature", "properties": { "IDBD": 175533, "FC": 6291, "CONDICION": "CUERPO DE AGUA INTERMITENTE" }, "geometry": { "type": "MultiPolygon", "coordinates": [ [ [ [ -99.385914230769203, 19.759795615384633 ], [ -99.386344153846125, 19.759153276923115 ], [ -99.386546569230731, 19.759111184615371 ], [ -99.386740246153792, 19.759094107692317 ], [ -99.386925092307678, 19.759068723076918 ], [ -99.38711886153844, 19.759093292307703 ], [ -99.387259784615367, 19.759109646153849 ], [ -99.387330307692267, 19.759142815384592 ], [ -99.387453738461502, 19.759209184615383 ], [ -99.387700446153801, 19.75927529230767 ], [ -99.387806138461528, 19.759291723076949 ], [ -99.388000046153834, 19.759366276923089 ], [ -99.388141107692306, 19.759440938461506 ], [ -99.388291061538425, 19.759548907692299 ], [ -99.388353015384567, 19.759682061538463 ], [ -99.38836204615383, 19.759773661538471 ], [ -99.388353461538443, 19.759865323076951 ], [ -99.388300907692283, 19.759982046153809 ], [ -99.388125061538432, 19.760090723076953 ], [ -99.38786143076922, 19.760307876923065 ], [ -99.387799892307655, 19.760349661538473 ], [ -99.387553507692274, 19.760416830769231 ], [ -99.387500723076911, 19.760433615384603 ], [ -99.387254230769216, 19.760459138461549 ], [ -99.387104553846115, 19.760459461538499 ], [ -99.386743415384572, 19.760410261538446 ], [ -99.386540646153804, 19.76031073846158 ], [ -99.386487692307682, 19.760260876923077 ], [ -99.386240892307669, 19.760153107692314 ], [ -99.386090984615365, 19.760061799999981 ], [ -99.386046753846117, 19.759978599999986 ], [ -99.385993692307665, 19.759878753846166 ], [ -99.3859760307692, 19.759862123076932 ], [ -99.385914230769203, 19.759795615384633 ] ] ] ] } },
{ "type": "Feature", "properties": { "IDBD": 175549, "FC": 6291, "CONDICION": "CUERPO DE AGUA INTERMITENTE" }, "geometry": { "type": "MultiPolygon", "coordinates": [ [ [ [ -99.359769015384572, 19.758495292307678 ], [ -99.35970438461537, 19.758638815384661 ], [ -99.35962873846151, 19.758700415384659 ], [ -99.359412292307667, 19.758731569230779 ], [ -99.359109092307676, 19.758701461538458 ], [ -99.359033199999971, 19.758650400000025 ], [ -99.359021861538423, 19.758425107692343 ], [ -99.359296799999967, 19.755505630769214 ], [ -99.359393507692275, 19.755177707692297 ], [ -99.359740030769188, 19.75522821538463 ], [ -99.359891892307658, 19.755361046153844 ], [ -99.359903353846093, 19.75564780000003 ], [ -99.35976426153843, 19.756375246153837 ], [ -99.359743953846134, 19.756979553846158 ], [ -99.359734123076905, 19.757419969230785 ], [ -99.359734692307669, 19.757676015384643 ], [ -99.359746230769161, 19.757993492307701 ], [ -99.359769015384572, 19.758495292307678 ] ] ] ] } },
{ "type": "Feature", "properties": { "IDBD": 175550, "FC": 6291, "CONDICION": "CUERPO DE AGUA INTERMITENTE" }, "geometry": { "type": "MultiPolygon", "coordinates": [ [ [ [ -99.490283569230741, 19.760716061538449 ], [ -99.489802815384579, 19.760081030769204 ], [ -99.489887138461498, 19.760054123076955 ], [ -99.48997758461536, 19.760025261538487 ], [ -99.490061630769219, 19.759982430769263 ], [ -99.490150430769219, 19.759949292307695 ], [ -99.490238492307668, 19.759914430769232 ], [ -99.490322461538412, 19.759871446153856 ], [ -99.490406599999972, 19.759828799999973 ], [ -99.490484876923077, 19.759777076923115 ], [ -99.490562338461473, 19.759724261538455 ], [ -99.490632492307668, 19.759663 ], [ -99.490702476923047, 19.75960155384616 ], [ -99.490774076923046, 19.759541784615369 ], [ -99.490849199999943, 19.759486046153835 ], [ -99.490930138461508, 19.759438138461537 ], [ -99.491016984615356, 19.75940064615386 ], [ -99.49110396923075, 19.759363446153856 ], [ -99.491196153846118, 19.759339969230805 ], [ -99.491284830769217, 19.759373369230783 ], [ -99.491248630769206, 19.759456984615422 ], [ -99.491209492307661, 19.759539415384616 ], [ -99.491163, 19.759618338461546 ], [ -99.491109015384581, 19.759692846153861 ], [ -99.491056107692273, 19.759768061538495 ], [ -99.491002676923046, 19.759842953846199 ], [ -99.490953584615369, 19.759920446153846 ], [ -99.490902323076881, 19.759996676923073 ], [ -99.49085253846151, 19.760073784615415 ], [ -99.490790830769171, 19.760142723076918 ], [ -99.490724107692259, 19.760207338461505 ], [ -99.49066910769227, 19.7602812 ], [ -99.490620092307694, 19.760358738461566 ], [ -99.490563984615349, 19.76043184615385 ], [ -99.490507261538397, 19.760504523076918 ], [ -99.490446169230736, 19.760573953846137 ], [ -99.490382584615361, 19.760641353846122 ], [ -99.490283569230741, 19.760716061538449 ] ] ] ] } },
{ "type": "Feature", "properties": { "IDBD": 175552, "FC": 6292, "CONDICION": "CUERPO DE AGUA PERENNE" }, "geometry": { "type": "MultiPolygon", "coordinates": [ [ [ [ -99.489004046153823, 19.7604856307692 ], [ -99.488985630769179, 19.760420892307703 ], [ -99.488974907692281, 19.76038576923078 ], [ -99.488958784615349, 19.760320523076892 ], [ -99.488958661538419, 19.760280338461548 ], [ -99.488974769230708, 19.7602342 ], [ -99.489025015384584, 19.760243400000011 ], [ -99.489062523076896, 19.760282015384647 ], [ -99.48909679999997, 19.760315123076889 ], [ -99.489112815384573, 19.760345215384636 ], [ -99.4891448, 19.760385307692285 ], [ -99.489171476923062, 19.760430430769244 ], [ -99.489085784615355, 19.760474646153849 ], [ -99.489004046153823, 19.7604856307692 ] ] ] ] } },
{ "type": "Feature", "properties": { "IDBD": 175574, "FC": 6291, "CONDICION": "CUERPO DE AGUA INTERMITENTE" }, "geometry": { "type": "MultiPolygon", "coordinates": [ [ [ [ -99.467482015384604, 19.756707 ], [ -99.467376030769202, 19.756686123076889 ], [ -99.467294492307659, 19.756639138461534 ], [ -99.467268230769193, 19.756552246153877 ], [ -99.467243723076905, 19.756464907692322 ], [ -99.46722953846151, 19.75637555384613 ], [ -99.467229707692283, 19.7562851846154 ], [ -99.467259907692281, 19.756199461538472 ], [ -99.46734492307688, 19.756158384615429 ], [ -99.46744006153844, 19.756165599999967 ], [ -99.467513584615347, 19.756223230769265 ], [ -99.467537, 19.756310830769216 ], [ -99.467538815384572, 19.756401184615356 ], [ -99.467535184615386, 19.756491492307681 ], [ -99.467519030769182, 19.75658055384611 ], [ -99.467482015384604, 19.756707 ] ] ] ] } },
{ "type": "Feature", "properties": { "IDBD": 175584, "FC": 6291, "CONDICION": "CUERPO DE AGUA INTERMITENTE" }, "geometry": { "type": "MultiPolygon", "coordinates": [ [ [ [ -99.376957415384609, 19.752027200000025 ], [ -99.376671769230725, 19.7522886 ], [ -99.376322307692263, 19.752469892307683 ], [ -99.376078661538415, 19.752560676923075 ], [ -99.375781707692269, 19.7525211846154 ], [ -99.375548169230754, 19.752401307692338 ], [ -99.375388876923054, 19.752291292307682 ], [ -99.375409738461499, 19.752140784615385 ], [ -99.375589076923063, 19.751759246153838 ], [ -99.375652338461492, 19.75160864615388 ], [ -99.375811, 19.751447815384598 ], [ -99.376234415384559, 19.751156046153845 ], [ -99.3763484, 19.751075553846182 ], [ -99.376486092307672, 19.751015076923039 ], [ -99.376570876923026, 19.751004876923108 ], [ -99.376655769230723, 19.751034784615378 ], [ -99.3769532, 19.751274892307674 ], [ -99.377144323076905, 19.751394861538468 ], [ -99.377197553846131, 19.751485030769238 ], [ -99.377229692307665, 19.751625399999988 ], [ -99.377219292307672, 19.751715692307691 ], [ -99.377081799999942, 19.751856415384626 ], [ -99.376957415384609, 19.752027200000025 ] ] ] ] } },
{ "type": "Feature", "properties": { "IDBD": 175590, "FC": 6291, "CONDICION": "CUERPO DE AGUA INTERMITENTE" }, "geometry": { "type": "MultiPolygon", "coordinates": [ [ [ [ -99.382161984615394, 19.751513107692308 ], [ -99.382182938461483, 19.751404246153836 ], [ -99.382204046153831, 19.751364076923064 ], [ -99.382256769230736, 19.751243599999974 ], [ -99.3823096307692, 19.751183292307683 ], [ -99.382436523076919, 19.7510426 ], [ -99.382775538461502, 19.750931523076925 ], [ -99.382966399999972, 19.750941153846139 ], [ -99.383114907692246, 19.750970923076913 ], [ -99.383157369230744, 19.750990892307694 ], [ -99.383178646153851, 19.751020938461537 ], [ -99.383231815384576, 19.751091046153867 ], [ -99.38326372307688, 19.751131107692295 ], [ -99.383317015384591, 19.751251353846136 ], [ -99.383338353846113, 19.751301461538468 ], [ -99.383433984615351, 19.751391538461572 ], [ -99.383444769230735, 19.751470230769261 ], [ -99.383286199999958, 19.751661169230758 ], [ -99.383116799999982, 19.751761830769244 ], [ -99.382968476923054, 19.751812307692319 ], [ -99.382692799999973, 19.75180286153849 ], [ -99.382385184615345, 19.751743338461562 ], [ -99.382161984615394, 19.751513107692308 ] ] ] ] } },
{ "type": "Feature", "properties": { "IDBD": 175609, "FC": 6291, "CONDICION": "CUERPO DE AGUA INTERMITENTE" }, "geometry": { "type": "MultiPolygon", "coordinates": [ [ [ [ -99.379372461538424, 19.749365969230787 ], [ -99.3790956153846, 19.749339446153876 ], [ -99.378780276923038, 19.749186492307686 ], [ -99.378541292307673, 19.749024338461531 ], [ -99.378312107692281, 19.748979630769224 ], [ -99.378168938461513, 19.748979938461535 ], [ -99.378054138461508, 19.748862707692311 ], [ -99.378092061538425, 19.748754184615347 ], [ -99.378225384615334, 19.748627384615403 ], [ -99.378387276923036, 19.74847341538462 ], [ -99.378549523076899, 19.748473076923101 ], [ -99.378664323076876, 19.748581276923115 ], [ -99.378731430769193, 19.748707646153843 ], [ -99.379170815384569, 19.748851307692295 ], [ -99.379457707692268, 19.749085646153873 ], [ -99.379524707692312, 19.74916684615383 ], [ -99.379486876923067, 19.749311507692301 ], [ -99.379372461538424, 19.749365969230787 ] ] ] ] } },
{ "type": "Feature", "properties": { "IDBD": 175613, "FC": 6291, "CONDICION": "CUERPO DE AGUA INTERMITENTE" }, "geometry": { "type": "MultiPolygon", "coordinates": [ [ [ [ -99.430360092307637, 19.749603138461524 ], [ -99.430236230769196, 19.749684769230772 ], [ -99.429720492307681, 19.749559492307643 ], [ -99.429472015384604, 19.7494426 ], [ -99.429166169230726, 19.749280676923064 ], [ -99.429060738461544, 19.749118276923056 ], [ -99.429041415384617, 19.749027953846145 ], [ -99.429117569230741, 19.748955476923072 ], [ -99.429279507692314, 19.7488376 ], [ -99.429441476923031, 19.748728784615412 ], [ -99.429594061538438, 19.748683230769238 ], [ -99.429794553846122, 19.74870081538463 ], [ -99.429966492307699, 19.748754630769223 ], [ -99.430138507692291, 19.74883553846152 ], [ -99.430272307692277, 19.748898476923049 ], [ -99.430416046153852, 19.749115015384579 ], [ -99.430445046153793, 19.749250492307684 ], [ -99.430445584615342, 19.749449307692288 ], [ -99.430417246153837, 19.749557815384602 ], [ -99.430360092307637, 19.749603138461524 ] ] ] ] } },
{ "type": "Feature", "properties": { "IDBD": 175629, "FC": 6291, "CONDICION": "CUERPO DE AGUA INTERMITENTE" }, "geometry": { "type": "MultiPolygon", "coordinates": [ [ [ [ -99.379177138461515, 19.747486738461575 ], [ -99.379034030769191, 19.747514153846176 ], [ -99.378785553846143, 19.747379123076939 ], [ -99.378575199999972, 19.747216907692319 ], [ -99.378459815384588, 19.746855676923044 ], [ -99.378468876923051, 19.746647815384641 ], [ -99.378611907692246, 19.746593292307708 ], [ -99.378793615384566, 19.746746523076943 ], [ -99.378870984615375, 19.747180138461502 ], [ -99.379177138461515, 19.747486738461575 ] ] ] ] } },
{ "type": "Feature", "properties": { "IDBD": 175630, "FC": 6291, "CONDICION": "CUERPO DE AGUA INTERMITENTE" }, "geometry": { "type": "MultiPolygon", "coordinates": [ [ [ [ -99.430642399999954, 19.748102353846168 ], [ -99.430547061538434, 19.748138738461538 ], [ -99.430451538461497, 19.748111846153854 ], [ -99.43032715384615, 19.747994676923103 ], [ -99.430097692307669, 19.747850630769193 ], [ -99.429963907692269, 19.747787707692265 ], [ -99.429849184615335, 19.747715676923082 ], [ -99.429848861538446, 19.747598200000024 ], [ -99.430067615384573, 19.747308507692299 ], [ -99.43018195384613, 19.747235938461557 ], [ -99.430305923076915, 19.747199492307704 ], [ -99.43042050769229, 19.747217292307717 ], [ -99.430525615384596, 19.747262215384637 ], [ -99.430650030769186, 19.74738843076922 ], [ -99.430698, 19.747478692307684 ], [ -99.430755646153798, 19.74762313846152 ], [ -99.430736830769206, 19.747722584615396 ], [ -99.430670430769183, 19.747876369230813 ], [ -99.430642399999954, 19.748102353846168 ] ] ] ] } },
{ "type": "Feature", "properties": { "IDBD": 175632, "FC": 6291, "CONDICION": "CUERPO DE AGUA INTERMITENTE" }, "geometry": { "type": "MultiPolygon", "coordinates": [ [ [ [ -99.380740215384577, 19.746552630769276 ], [ -99.380435584615384, 19.746887630769233 ], [ -99.380340107692248, 19.746869769230809 ], [ -99.380292276923043, 19.746824676923083 ], [ -99.380167953846154, 19.74672553846154 ], [ -99.380129446153816, 19.746581030769228 ], [ -99.38015775384612, 19.746445430769196 ], [ -99.380367661538429, 19.746417861538468 ], [ -99.38060633846149, 19.746444476923099 ], [ -99.380740215384577, 19.746552630769276 ] ] ] ] } },
{ "type": "Feature", "properties": { "IDBD": 175633, "FC": 6291, "CONDICION": "CUERPO DE AGUA INTERMITENTE" }, "geometry": { "type": "MultiPolygon", "coordinates": [ [ [ [ -99.379384661538452, 19.74644706153844 ], [ -99.379232199999976, 19.746555830769257 ], [ -99.379079492307667, 19.746556153846154 ], [ -99.37901253846151, 19.746493030769223 ], [ -99.379088507692259, 19.746330215384635 ], [ -99.379402769230737, 19.746031338461513 ], [ -99.379736046153823, 19.745705307692312 ], [ -99.379994538461517, 19.746039107692283 ], [ -99.379661061538442, 19.74628381538464 ], [ -99.379384661538452, 19.74644706153844 ] ] ] ] } },
{ "type": "Feature", "properties": { "IDBD": 175635, "FC": 6291, "CONDICION": "CUERPO DE AGUA INTERMITENTE" }, "geometry": { "type": "MultiPolygon", "coordinates": [ [ [ [ -99.380882907692254, 19.746353523076948 ], [ -99.38012766153841, 19.745830984615402 ], [ -99.380079553846144, 19.745668430769225 ], [ -99.380184307692289, 19.74556880000004 ], [ -99.380270107692297, 19.745523430769243 ], [ -99.380413353846109, 19.745559276923096 ], [ -99.381120938461493, 19.746109015384629 ], [ -99.380882907692254, 19.746353523076948 ] ] ] ] } },
{ "type": "Feature", "properties": { "IDBD": 175643, "FC": 6291, "CONDICION": "CUERPO DE AGUA INTERMITENTE" }, "geometry": { "type": "MultiPolygon", "coordinates": [ [ [ [ -99.386884815384619, 19.745726153846157 ], [ -99.386703492307632, 19.745735584615414 ], [ -99.386503061538434, 19.745736015384615 ], [ -99.386417123076868, 19.745718123076902 ], [ -99.386359753846108, 19.745673061538465 ], [ -99.386359646153849, 19.745627876923109 ], [ -99.386416676923034, 19.74552835384619 ], [ -99.386597676923074, 19.745392415384643 ], [ -99.386816553846117, 19.745120830769221 ], [ -99.386902384615354, 19.745093538461493 ], [ -99.38704556923075, 19.745102261538495 ], [ -99.387169738461495, 19.745138138461492 ], [ -99.387198553846119, 19.745219415384597 ], [ -99.387180215384561, 19.74552670769226 ], [ -99.387056261538433, 19.745581184615393 ], [ -99.386951538461531, 19.745689861538462 ], [ -99.386884815384619, 19.745726153846157 ] ] ] ] } },
{ "type": "Feature", "properties": { "IDBD": 175645, "FC": 6291, "CONDICION": "CUERPO DE AGUA INTERMITENTE" }, "geometry": { "type": "MultiPolygon", "coordinates": [ [ [ [ -99.402394092307674, 19.745610646153853 ], [ -99.402393846153828, 19.745511246153836 ], [ -99.402450692307667, 19.74534846153847 ], [ -99.402536338461545, 19.745248861538446 ], [ -99.40262226153844, 19.745257707692307 ], [ -99.402794430769177, 19.74540190769233 ], [ -99.403004892307663, 19.745600230769227 ], [ -99.403024323076892, 19.745735738461523 ], [ -99.402890753846123, 19.745754123076932 ], [ -99.4026998, 19.745727446153836 ], [ -99.40251832307689, 19.745673630769279 ], [ -99.402394092307674, 19.745610646153853 ] ] ] ] } },
{ "type": "Feature", "properties": { "IDBD": 175652, "FC": 6291, "CONDICION": "CUERPO DE AGUA INTERMITENTE" }, "geometry": { "type": "MultiPolygon", "coordinates": [ [ [ [ -99.382825646153805, 19.744542015384646 ], [ -99.38275886153842, 19.744551200000039 ], [ -99.382663353846112, 19.744524292307695 ], [ -99.382481830769223, 19.744452384615343 ], [ -99.382443553846116, 19.744407276923074 ], [ -99.382424307692304, 19.74434406153847 ], [ -99.382471907692235, 19.744289738461539 ], [ -99.382757630769234, 19.74403610769231 ], [ -99.382871984615335, 19.743963569230718 ], [ -99.38298652307688, 19.743963323076912 ], [ -99.383072538461533, 19.744017353846118 ], [ -99.383120415384553, 19.744080507692313 ], [ -99.383120584615355, 19.7441528 ], [ -99.382825646153805, 19.744542015384646 ] ] ] ] } },
{ "type": "Feature", "properties": { "IDBD": 175653, "FC": 6291, "CONDICION": "CUERPO DE AGUA INTERMITENTE" }, "geometry": { "type": "MultiPolygon", "coordinates": [ [ [ [ -99.399795676923034, 19.744667599999989 ], [ -99.399747215384565, 19.744369492307705 ], [ -99.399831353846096, 19.743664446153858 ], [ -99.400165446153835, 19.743681769230804 ], [ -99.401159, 19.74405909230774 ], [ -99.401102184615382, 19.744239953846137 ], [ -99.400969107692305, 19.744457138461566 ], [ -99.400558969230744, 19.74456649230769 ], [ -99.40000573846153, 19.744703276923047 ], [ -99.399795676923034, 19.744667599999989 ] ] ] ] } },
{ "type": "Feature", "properties": { "IDBD": 175654, "FC": 6291, "CONDICION": "CUERPO DE AGUA INTERMITENTE" }, "geometry": { "type": "MultiPolygon", "coordinates": [ [ [ [ -99.38636575384615, 19.744200046153875 ], [ -99.38629913846151, 19.744281523076936 ], [ -99.386175199999968, 19.744336015384629 ], [ -99.386012984615348, 19.744354446153864 ], [ -99.38591752307687, 19.744345615384606 ], [ -99.385869692307679, 19.744300523076912 ], [ -99.385812246153819, 19.744228353846161 ], [ -99.385773830769224, 19.744129030769219 ], [ -99.385783015384604, 19.743975384615421 ], [ -99.385868476923022, 19.743794476923089 ], [ -99.385953815384553, 19.743559323076926 ], [ -99.386001384615341, 19.743495969230782 ], [ -99.386068123076882, 19.743468723076958 ], [ -99.386144523076894, 19.743486630769223 ], [ -99.386249615384585, 19.74353158461539 ], [ -99.386316569230743, 19.743594692307688 ], [ -99.386364646153837, 19.743739184615386 ], [ -99.386422292307671, 19.743901723076945 ], [ -99.386394061538425, 19.74406444615386 ], [ -99.38636575384615, 19.744200046153875 ] ] ] ] } },
{ "type": "Feature", "properties": { "IDBD": 175660, "FC": 6292, "CONDICION": "CUERPO DE AGUA PERENNE" }, "geometry": { "type": "MultiPolygon", "coordinates": [ [ [ [ -99.393904661538443, 19.743767938461509 ], [ -99.393856646153836, 19.743650569230784 ], [ -99.393904169230737, 19.743569138461559 ], [ -99.39401852307688, 19.743496584615379 ], [ -99.394209446153766, 19.743514246153893 ], [ -99.394276415384581, 19.743577353846135 ], [ -99.3943242, 19.743604353846127 ], [ -99.394372092307677, 19.743676538461528 ], [ -99.394353215384584, 19.743757923076888 ], [ -99.394229230769227, 19.743794338461512 ], [ -99.394114738461496, 19.743812661538499 ], [ -99.394019246153803, 19.743794800000035 ], [ -99.393904661538443, 19.743767938461509 ] ] ] ] } },
{ "type": "Feature", "properties": { "IDBD": 175666, "FC": 6291, "CONDICION": "CUERPO DE AGUA INTERMITENTE" }, "geometry": { "type": "MultiPolygon", "coordinates": [ [ [ [ -99.390648507692276, 19.743124430769271 ], [ -99.390610046153824, 19.743007030769235 ], [ -99.390571523076872, 19.742862523076884 ], [ -99.390580646153822, 19.7426908 ], [ -99.390685384615352, 19.742591169230764 ], [ -99.390876030769206, 19.742491353846109 ], [ -99.391114492307665, 19.742436615384602 ], [ -99.391324599999962, 19.742490369230769 ], [ -99.391477553846116, 19.742589446153858 ], [ -99.391506461538427, 19.742706861538455 ], [ -99.391220630769169, 19.74290629230768 ], [ -99.390801307692271, 19.74316023076927 ], [ -99.390648507692276, 19.743124430769271 ] ] ] ] } },
{ "type": "Feature", "properties": { "IDBD": 175667, "FC": 6291, "CONDICION": "CUERPO DE AGUA INTERMITENTE" }, "geometry": { "type": "MultiPolygon", "coordinates": [ [ [ [ -99.387212107692264, 19.742924046153814 ], [ -99.387078676923053, 19.742996615384616 ], [ -99.386897369230752, 19.743015092307683 ], [ -99.386735030769216, 19.742979292307677 ], [ -99.386496061538423, 19.742826184615414 ], [ -99.386409646153822, 19.742609476923072 ], [ -99.386380815384598, 19.742528215384628 ], [ -99.386389615384573, 19.742220938461539 ], [ -99.386408215384563, 19.742013061538501 ], [ -99.386465338461548, 19.741958707692312 ], [ -99.38656079999997, 19.741967538461537 ], [ -99.386618184615344, 19.742012599999988 ], [ -99.386723861538414, 19.742301553846158 ], [ -99.386886615384597, 19.742509046153884 ], [ -99.387230707692311, 19.742716153846153 ], [ -99.387259569230736, 19.742815492307738 ], [ -99.387212107692264, 19.742924046153814 ] ] ] ] } },
{ "type": "Feature", "properties": { "IDBD": 175675, "FC": 6292, "CONDICION": "CUERPO DE AGUA PERENNE" }, "geometry": { "type": "MultiPolygon", "coordinates": [ [ [ [ -99.380766569230772, 19.741564261538446 ], [ -99.380308753846109, 19.741691753846187 ], [ -99.380078492307675, 19.741186184615348 ], [ -99.380536246153781, 19.741031584615399 ], [ -99.380766569230772, 19.741564261538446 ] ] ] ] } },
{ "type": "Feature", "properties": { "IDBD": 175677, "FC": 6291, "CONDICION": "CUERPO DE AGUA INTERMITENTE" }, "geometry": { "type": "MultiPolygon", "coordinates": [ [ [ [ -99.404666030769192, 19.741981784615373 ], [ -99.404551230769201, 19.741873599999984 ], [ -99.404455523076876, 19.741765369230784 ], [ -99.404578861538397, 19.741475923076909 ], [ -99.404778569230771, 19.741186292307699 ], [ -99.404949799999969, 19.740969030769222 ], [ -99.405073830769169, 19.740950676923028 ], [ -99.405236769230754, 19.74122140000005 ], [ -99.405208892307627, 19.741519676923101 ], [ -99.405037599999943, 19.741718876923102 ], [ -99.404761184615339, 19.741864092307683 ], [ -99.404666030769192, 19.741981784615373 ] ] ] ] } },
{ "type": "Feature", "properties": { "IDBD": 175680, "FC": 6291, "CONDICION": "CUERPO DE AGUA INTERMITENTE" }, "geometry": { "type": "MultiPolygon", "coordinates": [ [ [ [ -99.389813738461527, 19.741300815384616 ], [ -99.390442569230714, 19.740856646153865 ], [ -99.390183692307673, 19.740369215384646 ], [ -99.390642046153786, 19.740467615384652 ], [ -99.390880799999948, 19.740530353846154 ], [ -99.391005030769222, 19.740593353846148 ], [ -99.391081615384593, 19.740692584615367 ], [ -99.39116786153842, 19.740836984615385 ], [ -99.39116827692304, 19.741008676923084 ], [ -99.391082846153836, 19.74119864615383 ], [ -99.39097801538459, 19.741262123076915 ], [ -99.389813738461527, 19.741300815384616 ] ] ] ] } },
{ "type": "Feature", "properties": { "IDBD": 175681, "FC": 6291, "CONDICION": "CUERPO DE AGUA INTERMITENTE" }, "geometry": { "type": "MultiPolygon", "coordinates": [ [ [ [ -99.363917969230769, 19.740135323076924 ], [ -99.36392733846148, 19.740063 ], [ -99.364260769230711, 19.739791230769221 ], [ -99.364346492307646, 19.739718753846166 ], [ -99.364461, 19.739709476923064 ], [ -99.364508969230755, 19.739817830769258 ], [ -99.364795861538397, 19.740070276923095 ], [ -99.364929876923028, 19.740241707692313 ], [ -99.364958953846156, 19.740440446153858 ], [ -99.364921184615355, 19.74062126153844 ], [ -99.36483566153845, 19.740784107692338 ], [ -99.364749907692286, 19.740847538461541 ], [ -99.364606784615376, 19.740865892307692 ], [ -99.364454092307668, 19.740866215384614 ], [ -99.364320230769209, 19.740758046153832 ], [ -99.364185953846132, 19.740469138461542 ], [ -99.36408061538458, 19.740315723076939 ], [ -99.3639850153846, 19.740243630769228 ], [ -99.363917969230769, 19.740135323076924 ] ] ] ] } },
{ "type": "Feature", "properties": { "IDBD": 175682, "FC": 6292, "CONDICION": "CUERPO DE AGUA PERENNE" }, "geometry": { "type": "MultiPolygon", "coordinates": [ [ [ [ -99.397124661538456, 19.741366092307679 ], [ -99.396551246153805, 19.741051061538489 ], [ -99.396655507692273, 19.740761661538432 ], [ -99.397324153846128, 19.74098609230769 ], [ -99.397191138461523, 19.741230384615413 ], [ -99.397124661538456, 19.741366092307679 ] ] ] ] } },
{ "type": "Feature", "properties": { "IDBD": 175683, "FC": 6291, "CONDICION": "CUERPO DE AGUA INTERMITENTE" }, "geometry": { "type": "MultiPolygon", "coordinates": [ [ [ [ -99.391349384615353, 19.740908876923058 ], [ -99.391291476923058, 19.740646938461534 ], [ -99.391415369230756, 19.740574369230753 ], [ -99.391596553846142, 19.740510723076945 ], [ -99.391835, 19.740446938461531 ], [ -99.391920876923024, 19.740437723076926 ], [ -99.392054553846108, 19.740464538461527 ], [ -99.392121538461495, 19.740536692307685 ], [ -99.392198261538425, 19.740690138461535 ], [ -99.392246246153803, 19.740798476923075 ], [ -99.392198953846105, 19.740970276923086 ], [ -99.392008415384609, 19.741115292307679 ], [ -99.391684076923056, 19.741179261538452 ], [ -99.391397738461478, 19.741170846153818 ], [ -99.391330799999949, 19.741116769230786 ], [ -99.391349384615353, 19.740908876923058 ] ] ] ] } },
{ "type": "Feature", "properties": { "IDBD": 175685, "FC": 6291, "CONDICION": "CUERPO DE AGUA INTERMITENTE" }, "geometry": { "type": "MultiPolygon", "coordinates": [ [ [ [ -99.380839784615375, 19.740244738461517 ], [ -99.380601676923035, 19.740453092307717 ], [ -99.3805156, 19.740371938461525 ], [ -99.380505876923053, 19.740299661538483 ], [ -99.380582030769219, 19.740218169230754 ], [ -99.380667907692256, 19.740208953846132 ], [ -99.380782415384587, 19.740199676923037 ], [ -99.380839784615375, 19.740244738461517 ] ] ] ] } },
{ "type": "Feature", "properties": { "IDBD": 175689, "FC": 6291, "CONDICION": "CUERPO DE AGUA INTERMITENTE" }, "geometry": { "type": "MultiPolygon", "coordinates": [ [ [ [ -99.378194615384601, 19.739617769230744 ], [ -99.378156092307648, 19.73947326153846 ], [ -99.378155753846116, 19.73932866153849 ], [ -99.378241461538437, 19.739247153846129 ], [ -99.378422707692309, 19.739210630769218 ], [ -99.378565938461506, 19.739237430769247 ], [ -99.378728569230759, 19.739399753846165 ], [ -99.379006261538436, 19.739787753846123 ], [ -99.379015969230736, 19.739860015384654 ], [ -99.379016123076909, 19.739923276923058 ], [ -99.378911415384593, 19.740040984615415 ], [ -99.378825584615356, 19.740068276923072 ], [ -99.378682323076902, 19.740023384615398 ], [ -99.378194615384601, 19.739617769230744 ] ] ] ] } },
{ "type": "Feature", "properties": { "IDBD": 175692, "FC": 6291, "CONDICION": "CUERPO DE AGUA INTERMITENTE" }, "geometry": { "type": "MultiPolygon", "coordinates": [ [ [ [ -99.373889599999984, 19.7393285846154 ], [ -99.373908261538432, 19.739147815384619 ], [ -99.374013, 19.73903915384615 ], [ -99.374156107692272, 19.739020769230777 ], [ -99.374308815384552, 19.739020461538448 ], [ -99.374442492307665, 19.739047292307689 ], [ -99.374480799999986, 19.739101430769203 ], [ -99.374471569230693, 19.739237 ], [ -99.37442418461535, 19.73938169230771 ], [ -99.374214384615343, 19.739454415384611 ], [ -99.373975723076896, 19.739427815384623 ], [ -99.373889599999984, 19.7393285846154 ] ] ] ] } },
{ "type": "Feature", "properties": { "IDBD": 175693, "FC": 6292, "CONDICION": "CUERPO DE AGUA PERENNE" }, "geometry": { "type": "MultiPolygon", "coordinates": [ [ [ [ -99.393789415384589, 19.739584169230746 ], [ -99.393750923076851, 19.739457738461567 ], [ -99.393721953846097, 19.739322246153822 ], [ -99.39371215384611, 19.739213830769231 ], [ -99.393683215384584, 19.739087369230802 ], [ -99.393711661538447, 19.739015015384616 ], [ -99.393816399999949, 19.738915384615435 ], [ -99.394102430769209, 19.73879727692308 ], [ -99.394264415384598, 19.738688476923073 ], [ -99.394369215384572, 19.738615953846153 ], [ -99.394455446153813, 19.738751307692283 ], [ -99.394522984615335, 19.739049384615431 ], [ -99.394686523076928, 19.739573153846155 ], [ -99.394658153846109, 19.739681661538466 ], [ -99.394572338461529, 19.739718 ], [ -99.394410246153839, 19.739781615384622 ], [ -99.394104738461508, 19.739737092307724 ], [ -99.393932784615345, 19.739674215384611 ], [ -99.393789415384589, 19.739584169230746 ] ] ] ] } },
{ "type": "Feature", "properties": { "IDBD": 175694, "FC": 6291, "CONDICION": "CUERPO DE AGUA INTERMITENTE" }, "geometry": { "type": "MultiPolygon", "coordinates": [ [ [ [ -99.376417892307671, 19.738961815384631 ], [ -99.376427107692322, 19.7388172153846 ], [ -99.376503169230745, 19.738699569230786 ], [ -99.376674738461489, 19.738599799999967 ], [ -99.37682732307691, 19.73855430769234 ], [ -99.377027753846136, 19.738553876923099 ], [ -99.377190215384601, 19.738643907692275 ], [ -99.377400599999987, 19.738824200000014 ], [ -99.37742938461534, 19.738887400000021 ], [ -99.377372353846098, 19.738986923076965 ], [ -99.377267661538411, 19.739113661538475 ], [ -99.377220215384583, 19.739231230769217 ], [ -99.377182338461509, 19.739357830769237 ], [ -99.377001199999938, 19.739439538461557 ], [ -99.376877153846138, 19.739448846153884 ], [ -99.376542369230734, 19.739133261538484 ], [ -99.376417892307671, 19.738961815384631 ] ] ] ] } },
{ "type": "Feature", "properties": { "IDBD": 175695, "FC": 6291, "CONDICION": "CUERPO DE AGUA INTERMITENTE" }, "geometry": { "type": "MultiPolygon", "coordinates": [ [ [ [ -99.385189984615351, 19.739458276923088 ], [ -99.385142, 19.739349938461533 ], [ -99.385122630769203, 19.739232492307703 ], [ -99.385141476923067, 19.739133046153878 ], [ -99.385217615384562, 19.739042523076943 ], [ -99.385293861538429, 19.738997169230778 ], [ -99.385417861538414, 19.7389698 ], [ -99.385580169230721, 19.738996553846171 ], [ -99.385675784615387, 19.739068646153857 ], [ -99.385704615384554, 19.739149907692326 ], [ -99.3856951538461, 19.739186076923133 ], [ -99.385647569230755, 19.739240400000011 ], [ -99.385580938461487, 19.739312846153862 ], [ -99.385504707692277, 19.739367230769254 ], [ -99.38543801538458, 19.739412553846169 ], [ -99.385371353846125, 19.739475953846146 ], [ -99.385256876923066, 19.739494276923033 ], [ -99.385189984615351, 19.739458276923088 ] ] ] ] } },
{ "type": "Feature", "properties": { "IDBD": 175697, "FC": 6291, "CONDICION": "CUERPO DE AGUA INTERMITENTE" }, "geometry": { "type": "MultiPolygon", "coordinates": [ [ [ [ -99.383471969230726, 19.739416769230754 ], [ -99.38341466153841, 19.739398815384632 ], [ -99.383385923076887, 19.739353692307656 ], [ -99.383395307692297, 19.739290415384637 ], [ -99.383395138461495, 19.739218123076959 ], [ -99.383413907692258, 19.739082538461528 ], [ -99.383442461538451, 19.73905536923078 ], [ -99.383528369230746, 19.739055184615356 ], [ -99.383643, 19.739100123076916 ], [ -99.383719538461492, 19.739181292307663 ], [ -99.383738830769232, 19.739262569230767 ], [ -99.383681753846133, 19.739344030769242 ], [ -99.383605492307652, 19.739380338461579 ], [ -99.383471969230726, 19.739416769230754 ] ] ] ] } },
{ "type": "Feature", "properties": { "IDBD": 175709, "FC": 6291, "CONDICION": "CUERPO DE AGUA INTERMITENTE" }, "geometry": { "type": "MultiPolygon", "coordinates": [ [ [ [ -99.39718086153843, 19.737073492307712 ], [ -99.397123953846119, 19.7372182 ], [ -99.396933076923034, 19.737218630769259 ], [ -99.396713461538468, 19.737173923076945 ], [ -99.39659861538459, 19.737047661538487 ], [ -99.396635676923026, 19.736595753846199 ], [ -99.396710246153816, 19.735872630769229 ], [ -99.39672872307689, 19.735628600000023 ], [ -99.396776307692249, 19.73557427692306 ], [ -99.396871723076913, 19.735565030769266 ], [ -99.397005538461528, 19.735646061538446 ], [ -99.397073399999954, 19.736070646153859 ], [ -99.397160630769207, 19.736612661538462 ], [ -99.39718086153843, 19.737073492307712 ] ] ] ] } },
{ "type": "Feature", "properties": { "IDBD": 175715, "FC": 6291, "CONDICION": "CUERPO DE AGUA INTERMITENTE" }, "geometry": { "type": "MultiPolygon", "coordinates": [ [ [ [ -99.404537076923077, 19.736252753846166 ], [ -99.404517830769194, 19.736189538461574 ], [ -99.404536723076887, 19.736108169230747 ], [ -99.404689215384593, 19.73602649230769 ], [ -99.404851446153785, 19.73602612307694 ], [ -99.40499476923074, 19.736089061538497 ], [ -99.40509046153845, 19.73618824615383 ], [ -99.40507152307687, 19.73625155384611 ], [ -99.404976184615322, 19.736287907692361 ], [ -99.404794892307649, 19.736306399999982 ], [ -99.404642246153827, 19.736324815384595 ], [ -99.404537076923077, 19.736252753846166 ] ] ] ] } },
{ "type": "Feature", "properties": { "IDBD": 175723, "FC": 6291, "CONDICION": "CUERPO DE AGUA INTERMITENTE" }, "geometry": { "type": "MultiPolygon", "coordinates": [ [ [ [ -99.395792830769224, 19.735377646153836 ], [ -99.395735738461511, 19.735450061538462 ], [ -99.395564061538437, 19.735495630769261 ], [ -99.395487723076897, 19.7354958 ], [ -99.395382553846133, 19.735423738461563 ], [ -99.395229676923023, 19.735351769230807 ], [ -99.395229507692264, 19.735279476923079 ], [ -99.395257892307711, 19.735180015384614 ], [ -99.395372153846139, 19.735071323076934 ], [ -99.395562969230753, 19.735052830769249 ], [ -99.395706292307693, 19.73511576923077 ], [ -99.395792492307677, 19.735242092307683 ], [ -99.395792830769224, 19.735377646153836 ] ] ] ] } },
{ "type": "Feature", "properties": { "IDBD": 175728, "FC": 6291, "CONDICION": "CUERPO DE AGUA INTERMITENTE" }, "geometry": { "type": "MultiPolygon", "coordinates": [ [ [ [ -99.391171476923049, 19.734484107692303 ], [ -99.39106615384614, 19.734339753846136 ], [ -99.391104046153828, 19.734222199999977 ], [ -99.391084476923041, 19.734023430769216 ], [ -99.391151123076895, 19.733960015384589 ], [ -99.391265707692298, 19.733986876923105 ], [ -99.391437830769192, 19.734122061538439 ], [ -99.391495569230756, 19.734320738461559 ], [ -99.391438753846131, 19.734501600000016 ], [ -99.391305199999962, 19.734529 ], [ -99.391171476923049, 19.734484107692303 ] ] ] ] } },
{ "type": "Feature", "properties": { "IDBD": 175744, "FC": 6291, "CONDICION": "CUERPO DE AGUA INTERMITENTE" }, "geometry": { "type": "MultiPolygon", "coordinates": [ [ [ [ -99.4090634, 19.733513369230781 ], [ -99.409091584615339, 19.733341615384617 ], [ -99.409119892307672, 19.73321503076928 ], [ -99.409243692307655, 19.733106307692307 ], [ -99.409425076923043, 19.733133 ], [ -99.409559153846118, 19.733313430769236 ], [ -99.40954993846151, 19.733439969230794 ], [ -99.409492784615367, 19.733485276923087 ], [ -99.409397415384603, 19.733512615384598 ], [ -99.409311599999981, 19.733539923076933 ], [ -99.4090634, 19.733513369230781 ] ] ] ] } },
{ "type": "Feature", "properties": { "IDBD": 175751, "FC": 6291, "CONDICION": "CUERPO DE AGUA INTERMITENTE" }, "geometry": { "type": "MultiPolygon", "coordinates": [ [ [ [ -99.392090446153802, 19.731707815384603 ], [ -99.392004553846135, 19.731708 ], [ -99.391956661538458, 19.7316358 ], [ -99.391937246153802, 19.731500292307732 ], [ -99.391994353846087, 19.731436907692302 ], [ -99.392099169230747, 19.731373430769228 ], [ -99.392194615384582, 19.731373215384586 ], [ -99.392232876923032, 19.731409276923042 ], [ -99.392261769230771, 19.731517661538472 ], [ -99.392223969230756, 19.731671369230771 ], [ -99.392090446153802, 19.731707815384603 ] ] ] ] } },
{ "type": "Feature", "properties": { "IDBD": 175752, "FC": 6291, "CONDICION": "CUERPO DE AGUA INTERMITENTE" }, "geometry": { "type": "MultiPolygon", "coordinates": [ [ [ [ -99.409544753846134, 19.731406707692255 ], [ -99.409506738461502, 19.731470046153845 ], [ -99.409430507692278, 19.73151541538461 ], [ -99.409344676923055, 19.731542707692306 ], [ -99.409163261538438, 19.73150698461539 ], [ -99.409077215384599, 19.731443923076942 ], [ -99.40901004615381, 19.731299492307709 ], [ -99.409028692307643, 19.73112773846152 ], [ -99.409123738461531, 19.73097390769232 ], [ -99.409190199999955, 19.7308382 ], [ -99.40925669230765, 19.730720569230783 ], [ -99.409380507692291, 19.730620876923087 ], [ -99.409418846153798, 19.730684046153844 ], [ -99.409428646153813, 19.730783430769229 ], [ -99.409438323076913, 19.730837630769198 ], [ -99.409467230769167, 19.730946 ], [ -99.409505661538461, 19.731045323076959 ], [ -99.409515353846132, 19.731108553846152 ], [ -99.409544199999957, 19.731189830769235 ], [ -99.409563553846112, 19.73129821538463 ], [ -99.409544753846134, 19.731406707692255 ] ] ] ] } },
{ "type": "Feature", "properties": { "IDBD": 175755, "FC": 6291, "CONDICION": "CUERPO DE AGUA INTERMITENTE" }, "geometry": { "type": "MultiPolygon", "coordinates": [ [ [ [ -99.406289984615356, 19.731233384615397 ], [ -99.405735215384553, 19.73073761538463 ], [ -99.405486599999946, 19.730548400000032 ], [ -99.405429076923056, 19.730440092307685 ], [ -99.405724923076889, 19.730439415384648 ], [ -99.405953815384549, 19.730384676923091 ], [ -99.406211307692303, 19.730311799999988 ], [ -99.406268476923032, 19.730275523076976 ], [ -99.406344861538415, 19.730293430769233 ], [ -99.406421353846113, 19.730347476923075 ], [ -99.406469569230723, 19.730546169230774 ], [ -99.4065082, 19.730726830769246 ], [ -99.406441953846112, 19.73094386153846 ], [ -99.406366153846093, 19.731160907692303 ], [ -99.406289984615356, 19.731233384615397 ] ] ] ] } },
{ "type": "Feature", "properties": { "IDBD": 175757, "FC": 6291, "CONDICION": "CUERPO DE AGUA INTERMITENTE" }, "geometry": { "type": "MultiPolygon", "coordinates": [ [ [ [ -99.39551338461537, 19.730417061538489 ], [ -99.395141369230743, 19.730490184615395 ], [ -99.394979030769207, 19.730445353846147 ], [ -99.394768830769195, 19.730346415384631 ], [ -99.394653646153813, 19.730075553846202 ], [ -99.394500246153839, 19.729786723076884 ], [ -99.394509199999987, 19.729551738461531 ], [ -99.394632753846153, 19.729343630769229 ], [ -99.394785276923045, 19.729271 ], [ -99.395166984615344, 19.729261123076927 ], [ -99.395539446153805, 19.729368738461581 ], [ -99.395845492307657, 19.729639169230754 ], [ -99.395960815384598, 19.729964230769237 ], [ -99.395980261538455, 19.730108784615418 ], [ -99.395818399999953, 19.730262769230801 ], [ -99.39551338461537, 19.730417061538489 ] ] ] ] } },
{ "type": "Feature", "properties": { "IDBD": 175758, "FC": 6291, "CONDICION": "CUERPO DE AGUA INTERMITENTE" }, "geometry": { "type": "MultiPolygon", "coordinates": [ [ [ [ -99.3937284, 19.730267369230756 ], [ -99.393670938461483, 19.73018616923083 ], [ -99.393594369230726, 19.730095969230739 ], [ -99.393613246153819, 19.730005553846119 ], [ -99.393698969230712, 19.729942107692302 ], [ -99.39386121538459, 19.729941753846177 ], [ -99.393937799999961, 19.730040984615396 ], [ -99.39394763076919, 19.730158446153826 ], [ -99.393862030769213, 19.730276107692294 ], [ -99.3937284, 19.730267369230756 ] ] ] ] } },
{ "type": "Feature", "properties": { "IDBD": 175760, "FC": 6291, "CONDICION": "CUERPO DE AGUA INTERMITENTE" }, "geometry": { "type": "MultiPolygon", "coordinates": [ [ [ [ -99.40579139999997, 19.730312753846164 ], [ -99.405552753846138, 19.730286184615419 ], [ -99.405256676923017, 19.730196492307677 ], [ -99.405084599999981, 19.730079400000054 ], [ -99.404912338461514, 19.729890015384608 ], [ -99.404854753846095, 19.729763630769249 ], [ -99.404835292307652, 19.729610046153866 ], [ -99.404863753846115, 19.729546723076961 ], [ -99.404939815384566, 19.729429076923104 ], [ -99.40510190769227, 19.729374492307713 ], [ -99.405340384615357, 19.729328769230793 ], [ -99.405598076923042, 19.729337215384586 ], [ -99.405855876923056, 19.729390861538462 ], [ -99.405970538461503, 19.729444815384586 ], [ -99.406009076923041, 19.729589323076915 ], [ -99.40603847692303, 19.729896507692338 ], [ -99.406010461538443, 19.730140553846159 ], [ -99.405943846153818, 19.730213 ], [ -99.405867676923052, 19.730285476923068 ], [ -99.40579139999997, 19.730312753846164 ] ] ] ] } },
{ "type": "Feature", "properties": { "IDBD": 175777, "FC": 6291, "CONDICION": "CUERPO DE AGUA INTERMITENTE" }, "geometry": { "type": "MultiPolygon", "coordinates": [ [ [ [ -99.403038984615364, 19.72875559999995 ], [ -99.402972169230765, 19.728746707692338 ], [ -99.402914815384605, 19.728710692307686 ], [ -99.40276164615382, 19.728521261538447 ], [ -99.402560461538428, 19.728214476923032 ], [ -99.402617569230756, 19.728151076923105 ], [ -99.402722369230759, 19.728078553846174 ], [ -99.402817723076879, 19.728051230769207 ], [ -99.402932230769181, 19.728041938461548 ], [ -99.403027661538431, 19.728041723076906 ], [ -99.403132630769193, 19.728041492307721 ], [ -99.403189953846123, 19.728068461538445 ], [ -99.403237692307698, 19.7280774 ], [ -99.403304630769199, 19.728131461538418 ], [ -99.403333446153852, 19.728203692307723 ], [ -99.403343153846123, 19.728266938461552 ], [ -99.403343338461497, 19.728339230769226 ], [ -99.403305276923078, 19.72838449230769 ], [ -99.403238584615323, 19.728429830769219 ], [ -99.403200523076904, 19.728475092307693 ], [ -99.403152969230746, 19.728538461538424 ], [ -99.403115061538443, 19.728646984615391 ], [ -99.403077123076883, 19.728737446153847 ], [ -99.403038984615364, 19.72875559999995 ] ] ] ] } },
{ "type": "Feature", "properties": { "IDBD": 175779, "FC": 6291, "CONDICION": "CUERPO DE AGUA INTERMITENTE" }, "geometry": { "type": "MultiPolygon", "coordinates": [ [ [ [ -99.49779670769226, 19.729556707692325 ], [ -99.497692153846131, 19.729692538461542 ], [ -99.497568199999975, 19.729729030769267 ], [ -99.497520492307672, 19.729729169230794 ], [ -99.497367630769219, 19.729675369230787 ], [ -99.497300661538418, 19.72962133846152 ], [ -99.497262153846123, 19.729513 ], [ -99.497252446153823, 19.7294588153846 ], [ -99.497242538461521, 19.72934136923077 ], [ -99.497242230769203, 19.729241953846145 ], [ -99.497270523076892, 19.729133446153838 ], [ -99.497327507692276, 19.729042923076896 ], [ -99.497384646153819, 19.729006615384627 ], [ -99.497508815384577, 19.729042415384601 ], [ -99.49764267692305, 19.72912336923077 ], [ -99.49777664615381, 19.729240476923092 ], [ -99.497805723076894, 19.729384984615429 ], [ -99.49779670769226, 19.729556707692325 ] ] ] ] } },
{ "type": "Feature", "properties": { "IDBD": 175789, "FC": 6291, "CONDICION": "CUERPO DE AGUA INTERMITENTE" }, "geometry": { "type": "MultiPolygon", "coordinates": [ [ [ [ -99.393788338461491, 19.727465830769255 ], [ -99.393740476923071, 19.727402676923049 ], [ -99.393711507692274, 19.727267184615414 ], [ -99.393682123076886, 19.72696 ], [ -99.393710553846134, 19.726878600000017 ], [ -99.393767707692277, 19.726833292307703 ], [ -99.39383452307689, 19.726842184615382 ], [ -99.393872769230754, 19.726869215384607 ], [ -99.393901646153822, 19.726968553846124 ], [ -99.393930353846116, 19.727004646153851 ], [ -99.39394989230766, 19.727185338461513 ], [ -99.393940630769194, 19.727302830769236 ], [ -99.393921769230758, 19.727393246153795 ], [ -99.393893230769208, 19.727429446153877 ], [ -99.393874184615356, 19.727447569230776 ], [ -99.393836061538437, 19.727465723076914 ], [ -99.393788338461491, 19.727465830769255 ] ] ] ] } },
{ "type": "Feature", "properties": { "IDBD": 175795, "FC": 6291, "CONDICION": "CUERPO DE AGUA INTERMITENTE" }, "geometry": { "type": "MultiPolygon", "coordinates": [ [ [ [ -99.407376230769202, 19.726793846153775 ], [ -99.407271353846113, 19.726830230769245 ], [ -99.407233076923049, 19.726794169230804 ], [ -99.407232630769215, 19.726613446153866 ], [ -99.407193907692303, 19.726396646153876 ], [ -99.407135984615351, 19.726134707692296 ], [ -99.407164215384597, 19.725981015384637 ], [ -99.407230938461524, 19.725944723076953 ], [ -99.40743138461535, 19.725962338461539 ], [ -99.407632199999952, 19.726124553846184 ], [ -99.40771850769228, 19.726287015384589 ], [ -99.40769966153843, 19.726386461538503 ], [ -99.407585646153819, 19.726585523076935 ], [ -99.407376230769202, 19.726793846153775 ] ] ] ] } },
{ "type": "Feature", "properties": { "IDBD": 175805, "FC": 6291, "CONDICION": "CUERPO DE AGUA INTERMITENTE" }, "geometry": { "type": "MultiPolygon", "coordinates": [ [ [ [ -99.399976076923025, 19.725120630769258 ], [ -99.399794723076894, 19.725102969230811 ], [ -99.399660953846123, 19.72504 ], [ -99.39954616923076, 19.724931815384625 ], [ -99.399536246153787, 19.724778215384596 ], [ -99.399555046153807, 19.724660692307694 ], [ -99.399640907692287, 19.724651461538471 ], [ -99.399793661538411, 19.724678246153847 ], [ -99.399956276923078, 19.724831507692315 ], [ -99.40002358461534, 19.725039200000026 ], [ -99.399976076923025, 19.725120630769258 ] ] ] ] } },
{ "type": "Feature", "properties": { "IDBD": 175821, "FC": 6291, "CONDICION": "CUERPO DE AGUA INTERMITENTE" }, "geometry": { "type": "MultiPolygon", "coordinates": [ [ [ [ -99.397650523076877, 19.722459953846144 ], [ -99.397669230769182, 19.722306292307707 ], [ -99.397764230769184, 19.722134369230776 ], [ -99.397907061538447, 19.722007538461519 ], [ -99.398107169230741, 19.721889615384601 ], [ -99.39832658461539, 19.721862015384605 ], [ -99.39859398461536, 19.721942753846147 ], [ -99.398727815384561, 19.722032830769233 ], [ -99.398727969230762, 19.722096092307677 ], [ -99.398728215384608, 19.722195492307701 ], [ -99.398671138461509, 19.722267907692302 ], [ -99.398566323076906, 19.7223314 ], [ -99.398337584615334, 19.722449384615381 ], [ -99.398232969230747, 19.722594215384625 ], [ -99.398061476923019, 19.722703030769207 ], [ -99.397899199999955, 19.722685323076913 ], [ -99.397727107692248, 19.72255918461537 ], [ -99.397650523076877, 19.722459953846144 ] ] ] ] } },
{ "type": "Feature", "properties": { "IDBD": 175823, "FC": 6291, "CONDICION": "CUERPO DE AGUA INTERMITENTE" }, "geometry": { "type": "MultiPolygon", "coordinates": [ [ [ [ -99.400913630769196, 19.72222676923078 ], [ -99.400885, 19.722226830769202 ], [ -99.400617107692312, 19.7219472923077 ], [ -99.400549938461538, 19.721802846153839 ], [ -99.400606338461529, 19.721459323076893 ], [ -99.400682369230751, 19.721332646153819 ], [ -99.400758584615346, 19.721278246153851 ], [ -99.400949338461515, 19.721241676923071 ], [ -99.401149815384613, 19.721268338461531 ], [ -99.401321815384591, 19.721358323076899 ], [ -99.401474523076914, 19.721367015384594 ], [ -99.401579415384589, 19.721339676923066 ], [ -99.401655738461514, 19.7213304615385 ], [ -99.401760876923035, 19.721393476923083 ], [ -99.401751646153826, 19.72152001538463 ], [ -99.401695015384604, 19.721773169230758 ], [ -99.401561784615367, 19.721918061538474 ], [ -99.401342492307677, 19.721999892307693 ], [ -99.401247323076902, 19.722099507692342 ], [ -99.40120930769227, 19.722162846153839 ], [ -99.401085338461513, 19.722199276923078 ], [ -99.400913630769196, 19.72222676923078 ] ] ] ] } },
{ "type": "Feature", "properties": { "IDBD": 175838, "FC": 6291, "CONDICION": "CUERPO DE AGUA INTERMITENTE" }, "geometry": { "type": "MultiPolygon", "coordinates": [ [ [ [ -99.400829969230728, 19.71929 ], [ -99.400485938461514, 19.719091953846139 ], [ -99.401496076923067, 19.718538446153815 ], [ -99.401544523076893, 19.718827523076914 ], [ -99.400829969230728, 19.71929 ] ] ] ] } },
{ "type": "Feature", "properties": { "IDBD": 175850, "FC": 6291, "CONDICION": "CUERPO DE AGUA INTERMITENTE" }, "geometry": { "type": "MultiPolygon", "coordinates": [ [ [ [ -99.410577969230729, 19.717451538461546 ], [ -99.410492046153834, 19.717433661538461 ], [ -99.410444215384572, 19.717388584615357 ], [ -99.410424876923031, 19.717289230769257 ], [ -99.410434138461497, 19.717180769230755 ], [ -99.41045303076919, 19.717099400000016 ], [ -99.410491061538451, 19.717045092307679 ], [ -99.410605476923067, 19.717008676923101 ], [ -99.410720030769184, 19.717026492307699 ], [ -99.410748753846136, 19.717062569230766 ], [ -99.410767969230747, 19.717116738461566 ], [ -99.410777769230748, 19.71721612307692 ], [ -99.410758938461512, 19.717315569230806 ], [ -99.41073047692305, 19.717378892307686 ], [ -99.410673338461507, 19.717424215384643 ], [ -99.410577969230729, 19.717451538461546 ] ] ] ] } },
{ "type": "Feature", "properties": { "IDBD": 175854, "FC": 6291, "CONDICION": "CUERPO DE AGUA INTERMITENTE" }, "geometry": { "type": "MultiPolygon", "coordinates": [ [ [ [ -99.379569046153819, 19.715414276923084 ], [ -99.379464876923066, 19.715748861538469 ], [ -99.379293584615354, 19.715948030769255 ], [ -99.379198261538434, 19.715993415384652 ], [ -99.379102830769199, 19.715993615384615 ], [ -99.37901681538456, 19.715939584615391 ], [ -99.378997369230746, 19.715786 ], [ -99.379006723076884, 19.715704646153839 ], [ -99.379396907692268, 19.715251984615353 ], [ -99.379454030769224, 19.71519763076925 ], [ -99.379530430769179, 19.715224584615385 ], [ -99.379568799999973, 19.715305830769267 ], [ -99.379569046153819, 19.715414276923084 ] ] ] ] } },
{ "type": "Feature", "properties": { "IDBD": 175863, "FC": 6291, "CONDICION": "CUERPO DE AGUA INTERMITENTE" }, "geometry": { "type": "MultiPolygon", "coordinates": [ [ [ [ -99.379022923076846, 19.7144756 ], [ -99.378363876923061, 19.714214923076906 ], [ -99.378287384615362, 19.714151830769215 ], [ -99.37826807692305, 19.714061507692328 ], [ -99.3782869538461, 19.713971092307649 ], [ -99.378363230769182, 19.713943830769225 ], [ -99.378487276923053, 19.713943569230764 ], [ -99.379222046153828, 19.713942015384607 ], [ -99.379393830769189, 19.713950676923055 ], [ -99.379517861538403, 19.713941384615428 ], [ -99.379575184615391, 19.713968369230759 ], [ -99.379584815384604, 19.714004507692298 ], [ -99.379565938461553, 19.71409490769231 ], [ -99.379365907692261, 19.714248953846155 ], [ -99.379146953846131, 19.714466307692284 ], [ -99.379022923076846, 19.7144756 ] ] ] ] } },
{ "type": "Feature", "properties": { "IDBD": 175869, "FC": 6291, "CONDICION": "CUERPO DE AGUA INTERMITENTE" }, "geometry": { "type": "MultiPolygon", "coordinates": [ [ [ [ -99.378153061538399, 19.713844861538451 ], [ -99.378029030769184, 19.713854153846142 ], [ -99.377933523076905, 19.713818215384617 ], [ -99.377895123076897, 19.71371889230771 ], [ -99.377933061538442, 19.713619400000031 ], [ -99.378018769230735, 19.713546923076951 ], [ -99.378247569230737, 19.713456076923052 ], [ -99.378352538461513, 19.713455861538456 ], [ -99.378486323076913, 19.713536907692298 ], [ -99.378534384615378, 19.7136814 ], [ -99.378400938461525, 19.713744938461566 ], [ -99.378248446153833, 19.713826584615386 ], [ -99.378153061538399, 19.713844861538451 ] ] ] ] } },
{ "type": "Feature", "properties": { "IDBD": 175896, "FC": 6291, "CONDICION": "CUERPO DE AGUA INTERMITENTE" }, "geometry": { "type": "MultiPolygon", "coordinates": [ [ [ [ -99.380577184615362, 19.709953892307684 ], [ -99.380491046153807, 19.709845646153806 ], [ -99.380500230769215, 19.709692 ], [ -99.380547646153829, 19.709565384615345 ], [ -99.380623661538436, 19.709429661538483 ], [ -99.380738076923052, 19.709393276923112 ], [ -99.380871707692251, 19.709411061538471 ], [ -99.381043661538442, 19.709492030769226 ], [ -99.381206246153795, 19.709645307692355 ], [ -99.381340107692282, 19.709762507692318 ], [ -99.381445230769188, 19.709825538461544 ], [ -99.381569384615375, 19.709870461538451 ], [ -99.381703292307691, 19.710005723076968 ], [ -99.381760861538424, 19.710141153846177 ], [ -99.38178038461534, 19.710321846153853 ], [ -99.381751861538433, 19.71036709230766 ], [ -99.381704169230758, 19.710376230769224 ], [ -99.38159913846151, 19.710349353846144 ], [ -99.38135064615382, 19.710178184615391 ], [ -99.381235830769199, 19.710051907692325 ], [ -99.381168892307642, 19.709988784615387 ], [ -99.381063753846149, 19.709916723076933 ], [ -99.380949184615332, 19.709889846153892 ], [ -99.380853784615368, 19.709899092307698 ], [ -99.380825261538433, 19.709944338461547 ], [ -99.380825415384606, 19.7100076 ], [ -99.380758707692266, 19.710043876923066 ], [ -99.380682307692311, 19.710016938461564 ], [ -99.380577184615362, 19.709953892307684 ] ] ] ] } },
{ "type": "Feature", "properties": { "IDBD": 175898, "FC": 6291, "CONDICION": "CUERPO DE AGUA INTERMITENTE" }, "geometry": { "type": "MultiPolygon", "coordinates": [ [ [ [ -99.403432584615345, 19.710663046153858 ], [ -99.403365584615329, 19.710581861538454 ], [ -99.403308092307668, 19.710482584615395 ], [ -99.403317384615335, 19.71038316923077 ], [ -99.403383769230729, 19.710220353846154 ], [ -99.403450476923013, 19.710184061538456 ], [ -99.403517307692312, 19.710201984615392 ], [ -99.403546184615365, 19.710301323076926 ], [ -99.403556276923055, 19.710518184615395 ], [ -99.403518399999967, 19.710635738461541 ], [ -99.403489846153832, 19.710662923076946 ], [ -99.403432584615345, 19.710663046153858 ] ] ] ] } },
{ "type": "Feature", "properties": { "IDBD": 175899, "FC": 6291, "CONDICION": "CUERPO DE AGUA INTERMITENTE" }, "geometry": { "type": "MultiPolygon", "coordinates": [ [ [ [ -99.400187923076913, 19.710543799999972 ], [ -99.400006599999955, 19.710535169230813 ], [ -99.399958861538437, 19.710526230769254 ], [ -99.399920615384616, 19.710490169230773 ], [ -99.399863246153814, 19.710445123076912 ], [ -99.399843892307672, 19.710336723076939 ], [ -99.399834092307685, 19.7102373384615 ], [ -99.399938953846103, 19.710191923076938 ], [ -99.40009167692304, 19.710209646153846 ], [ -99.400301846153781, 19.710308584615387 ], [ -99.400340307692261, 19.710425984615384 ], [ -99.400302323076858, 19.71049835384613 ], [ -99.400187923076913, 19.710543799999972 ] ] ] ] } },
{ "type": "Feature", "properties": { "IDBD": 175901, "FC": 6291, "CONDICION": "CUERPO DE AGUA INTERMITENTE" }, "geometry": { "type": "MultiPolygon", "coordinates": [ [ [ [ -99.379317276923018, 19.709811984615381 ], [ -99.379250338461475, 19.709748861538493 ], [ -99.379240615384589, 19.709676584615391 ], [ -99.379211784615364, 19.709586276923091 ], [ -99.379240276923056, 19.709532 ], [ -99.379316446153808, 19.709459538461548 ], [ -99.379421415384599, 19.70945932307696 ], [ -99.379574107692278, 19.709468030769244 ], [ -99.379679276923056, 19.709558184615414 ], [ -99.37969855384614, 19.70963947692308 ], [ -99.379612984615392, 19.709766169230797 ], [ -99.379527184615341, 19.709802492307713 ], [ -99.379441353846133, 19.709820753846177 ], [ -99.379317276923018, 19.709811984615381 ] ] ] ] } },
{ "type": "Feature", "properties": { "IDBD": 175906, "FC": 6291, "CONDICION": "CUERPO DE AGUA INTERMITENTE" }, "geometry": { "type": "MultiPolygon", "coordinates": [ [ [ [ -99.392818492307669, 19.709394338461532 ], [ -99.392751784615356, 19.709430630769219 ], [ -99.392360384615358, 19.709359200000019 ], [ -99.392131215384595, 19.70929643076925 ], [ -99.39193064615381, 19.709215538461503 ], [ -99.391882846153806, 19.709179507692316 ], [ -99.391892276923059, 19.709134292307681 ], [ -99.391997184615335, 19.709116 ], [ -99.392092523076897, 19.709079646153874 ], [ -99.392206769230754, 19.708970953846169 ], [ -99.392406446153799, 19.70868133846156 ], [ -99.392520246153808, 19.708391907692299 ], [ -99.39268176923072, 19.7081114153846 ], [ -99.39280544615383, 19.707957507692303 ], [ -99.392948353846123, 19.707866830769245 ], [ -99.393101030769188, 19.707866492307723 ], [ -99.393292, 19.707920307692287 ], [ -99.393387661538455, 19.708019492307688 ], [ -99.393426276923037, 19.708200153846196 ], [ -99.393407815384577, 19.708453215384605 ], [ -99.393303292307664, 19.708634184615359 ], [ -99.39313186153845, 19.708770107692285 ], [ -99.392807615384598, 19.708843123076932 ], [ -99.392693353846099, 19.708942769230767 ], [ -99.39266513846151, 19.709114538461563 ], [ -99.392741692307666, 19.709204738461551 ], [ -99.392818276923038, 19.709303969230778 ], [ -99.392818492307669, 19.709394338461532 ] ] ] ] } },
{ "type": "Feature", "properties": { "IDBD": 175907, "FC": 6291, "CONDICION": "CUERPO DE AGUA INTERMITENTE" }, "geometry": { "type": "MultiPolygon", "coordinates": [ [ [ [ -99.402332384615377, 19.709526876923078 ], [ -99.402332230769218, 19.70946361538466 ], [ -99.402389276923046, 19.709382169230786 ], [ -99.402560384615327, 19.709119707692313 ], [ -99.402684523076871, 19.709155584615395 ], [ -99.402742015384604, 19.709254861538508 ], [ -99.402742338461508, 19.709381369230798 ], [ -99.402713953846131, 19.709480846153863 ], [ -99.402656938461504, 19.709571338461569 ], [ -99.402580646153808, 19.709589584615397 ], [ -99.402447046153796, 19.709589876923079 ], [ -99.402332384615377, 19.709526876923078 ] ] ] ] } },
{ "type": "Feature", "properties": { "IDBD": 175911, "FC": 6291, "CONDICION": "CUERPO DE AGUA INTERMITENTE" }, "geometry": { "type": "MultiPolygon", "coordinates": [ [ [ [ -99.411339923076909, 19.70941607692308 ], [ -99.411196630769183, 19.709353153846187 ], [ -99.41105312307694, 19.709208892307675 ], [ -99.410995538461506, 19.709073476923077 ], [ -99.41099507692303, 19.708892738461561 ], [ -99.411042430769228, 19.708757076923089 ], [ -99.411118584615366, 19.70868461538462 ], [ -99.41117573846148, 19.708648338461586 ], [ -99.411328446153803, 19.708657015384642 ], [ -99.411490907692254, 19.708756046153866 ], [ -99.411615538461518, 19.708981676923113 ], [ -99.411692492307679, 19.709225507692281 ], [ -99.411597353846119, 19.709334153846157 ], [ -99.4115021230769, 19.709406676923066 ], [ -99.411416261538449, 19.709415907692293 ], [ -99.411339923076909, 19.70941607692308 ] ] ] ] } },
{ "type": "Feature", "properties": { "IDBD": 175915, "FC": 6291, "CONDICION": "CUERPO DE AGUA INTERMITENTE" }, "geometry": { "type": "MultiPolygon", "coordinates": [ [ [ [ -99.398226523076886, 19.708424507692328 ], [ -99.398235569230721, 19.708225676923071 ], [ -99.3984064461538, 19.70787286153848 ], [ -99.398482138461517, 19.707610630769235 ], [ -99.398872538461532, 19.7072754 ], [ -99.399197046153816, 19.707310830769185 ], [ -99.399569661538436, 19.707499769230758 ], [ -99.399674907692258, 19.707617015384606 ], [ -99.39968492307689, 19.707806769230789 ], [ -99.399637492307647, 19.707915307692307 ], [ -99.399437369230725, 19.708024199999986 ], [ -99.399180030769216, 19.708142246153859 ], [ -99.399066092307663, 19.70836843076923 ], [ -99.399037769230759, 19.708495 ], [ -99.398914015384605, 19.708612753846154 ], [ -99.398665923076877, 19.708613307692321 ], [ -99.398484553846117, 19.708586600000032 ], [ -99.398331769230708, 19.708541753846141 ], [ -99.398226523076886, 19.708424507692328 ] ] ] ] } },
{ "type": "Feature", "properties": { "IDBD": 175919, "FC": 6291, "CONDICION": "CUERPO DE AGUA INTERMITENTE" }, "geometry": { "type": "MultiPolygon", "coordinates": [ [ [ [ -99.387842138461522, 19.707371876923062 ], [ -99.3879182, 19.707254246153841 ], [ -99.387975292307658, 19.707190861538471 ], [ -99.388032507692273, 19.707172661538461 ], [ -99.388194830769223, 19.70721749230767 ], [ -99.3883, 19.707307630769204 ], [ -99.388319292307685, 19.707388923076913 ], [ -99.388290907692266, 19.70748838461542 ], [ -99.388233799999981, 19.70755176923074 ], [ -99.388138461538446, 19.707588123076956 ], [ -99.387995323076893, 19.7075794 ], [ -99.387899738461527, 19.707516353846156 ], [ -99.387870923076875, 19.707435076923066 ], [ -99.387842138461522, 19.707371876923062 ] ] ] ] } },
{ "type": "Feature", "properties": { "IDBD": 175933, "FC": 6291, "CONDICION": "CUERPO DE AGUA INTERMITENTE" }, "geometry": { "type": "MultiPolygon", "coordinates": [ [ [ [ -99.409373184615347, 19.705254615384636 ], [ -99.409344169230735, 19.705101061538461 ], [ -99.409429938461514, 19.705055676923077 ], [ -99.409525261538434, 19.705019307692307 ], [ -99.409754123076908, 19.704964569230786 ], [ -99.410040061538425, 19.7048374 ], [ -99.410221292307696, 19.704809876923058 ], [ -99.410297692307637, 19.704836815384624 ], [ -99.410336230769204, 19.704981307692314 ], [ -99.410384461538442, 19.705189046153837 ], [ -99.410384876923047, 19.705351707692316 ], [ -99.41033818461537, 19.705749430769217 ], [ -99.410310338461528, 19.706056753846195 ], [ -99.410215184615367, 19.706156369230776 ], [ -99.410005353846117, 19.706193 ], [ -99.409900153846124, 19.706102876923083 ], [ -99.409871138461511, 19.705949307692325 ], [ -99.409803892307664, 19.705768723076925 ], [ -99.409727138461491, 19.705606246153838 ], [ -99.409545399999985, 19.705434953846122 ], [ -99.409373184615347, 19.705254615384636 ] ] ] ] } },
{ "type": "Feature", "properties": { "IDBD": 175938, "FC": 6291, "CONDICION": "CUERPO DE AGUA INTERMITENTE" }, "geometry": { "type": "MultiPolygon", "coordinates": [ [ [ [ -99.402026969230747, 19.705677876923087 ], [ -99.401988323076907, 19.705488200000026 ], [ -99.402102353846118, 19.705298169230783 ], [ -99.40221646153843, 19.70514429230769 ], [ -99.402350015384584, 19.705125907692356 ], [ -99.402436246153826, 19.705270307692327 ], [ -99.402389123076901, 19.705505369230774 ], [ -99.402217707692301, 19.705641307692325 ], [ -99.402160476923029, 19.705650476923076 ], [ -99.402026969230747, 19.705677876923087 ] ] ] ] } },
{ "type": "Feature", "properties": { "IDBD": 175942, "FC": 6291, "CONDICION": "CUERPO DE AGUA INTERMITENTE" }, "geometry": { "type": "MultiPolygon", "coordinates": [ [ [ [ -99.384935769230779, 19.7050376 ], [ -99.384926092307666, 19.7049834 ], [ -99.3849356, 19.704965307692277 ], [ -99.384983215384594, 19.704929061538451 ], [ -99.385078446153813, 19.704847523076943 ], [ -99.385145046153795, 19.704766046153892 ], [ -99.385278492307677, 19.704711538461563 ], [ -99.38530710769227, 19.704702446153835 ], [ -99.385364446153815, 19.704738461538479 ], [ -99.385412230769205, 19.704774507692321 ], [ -99.385441076923016, 19.704864815384639 ], [ -99.385460246153798, 19.704900923076938 ], [ -99.385450753846158, 19.704919015384601 ], [ -99.385412692307668, 19.704964292307675 ], [ -99.385365061538408, 19.705000538461544 ], [ -99.385326923076875, 19.70500964615384 ], [ -99.385288815384584, 19.705036846153888 ], [ -99.38526978461536, 19.705054953846172 ], [ -99.385241215384568, 19.705082138461552 ], [ -99.3852222, 19.705109276923061 ], [ -99.385193630769237, 19.705136461538483 ], [ -99.385155492307661, 19.705145569230762 ], [ -99.385107799999957, 19.70515470769228 ], [ -99.385088769230748, 19.705172830769236 ], [ -99.385069723076896, 19.705190938461538 ], [ -99.385002923076868, 19.705191092307714 ], [ -99.384964630769218, 19.705136953846154 ], [ -99.384935769230779, 19.7050376 ] ] ] ] } },
{ "type": "Feature", "properties": { "IDBD": 175949, "FC": 6291, "CONDICION": "CUERPO DE AGUA INTERMITENTE" }, "geometry": { "type": "MultiPolygon", "coordinates": [ [ [ [ -99.404379492307683, 19.703955600000032 ], [ -99.404360138461513, 19.7038472 ], [ -99.404378953846106, 19.703738723076942 ], [ -99.404445569230759, 19.703666276923069 ], [ -99.404502753846145, 19.703639030769271 ], [ -99.404588646153812, 19.703647876923075 ], [ -99.404712707692283, 19.703656630769267 ], [ -99.404789476923028, 19.703828153846104 ], [ -99.404789584615358, 19.703873338461527 ], [ -99.404742061538457, 19.703945753846167 ], [ -99.404704030769224, 19.70400004615384 ], [ -99.40465643076918, 19.704045338461544 ], [ -99.404494230769217, 19.704045707692334 ], [ -99.404417830769219, 19.704018769230757 ], [ -99.404379492307683, 19.703955600000032 ] ] ] ] } },
{ "type": "Feature", "properties": { "IDBD": 175957, "FC": 6291, "CONDICION": "CUERPO DE AGUA INTERMITENTE" }, "geometry": { "type": "MultiPolygon", "coordinates": [ [ [ [ -99.404041384615354, 19.702302630769221 ], [ -99.403812307692263, 19.702276030769227 ], [ -99.403754861538403, 19.702194830769223 ], [ -99.40378301538459, 19.702005 ], [ -99.403868538461523, 19.701869246153802 ], [ -99.404059123076905, 19.701769415384632 ], [ -99.404259553846146, 19.70178703076926 ], [ -99.404450523076875, 19.701840830769278 ], [ -99.404517738461507, 19.702012369230751 ], [ -99.404451292307641, 19.702148076923102 ], [ -99.404279876923042, 19.702284015384638 ], [ -99.404041384615354, 19.702302630769221 ] ] ] ] } },
{ "type": "Feature", "properties": { "IDBD": 175960, "FC": 6291, "CONDICION": "CUERPO DE AGUA INTERMITENTE" }, "geometry": { "type": "MultiPolygon", "coordinates": [ [ [ [ -99.405720384615364, 19.702163292307727 ], [ -99.405634430769197, 19.702136369230821 ], [ -99.405605399999942, 19.701973769230783 ], [ -99.405576323076914, 19.701793107692318 ], [ -99.405585199999948, 19.70153101538461 ], [ -99.405671015384584, 19.7015037076923 ], [ -99.405871384615381, 19.701503261538502 ], [ -99.406176784615383, 19.701529676923112 ], [ -99.406472692307659, 19.701574184615417 ], [ -99.406492, 19.701664507692318 ], [ -99.406454092307655, 19.701764 ], [ -99.406311215384605, 19.701863738461551 ], [ -99.406063492307652, 19.702008876923127 ], [ -99.405892046153852, 19.702126753846176 ], [ -99.405720384615364, 19.702163292307727 ] ] ] ] } },
{ "type": "Feature", "properties": { "IDBD": 175971, "FC": 6291, "CONDICION": "CUERPO DE AGUA INTERMITENTE" }, "geometry": { "type": "MultiPolygon", "coordinates": [ [ [ [ -99.416475738461514, 19.69917456923082 ], [ -99.416446876923018, 19.699084276923049 ], [ -99.416408153846106, 19.698867476923066 ], [ -99.416417569230759, 19.698822276923089 ], [ -99.416436615384555, 19.698804153846151 ], [ -99.416484276923043, 19.698785969230791 ], [ -99.416531938461489, 19.698767784615342 ], [ -99.416608261538428, 19.698767615384671 ], [ -99.416684569230739, 19.6987584 ], [ -99.416751369230766, 19.698758246153833 ], [ -99.416799169230757, 19.698794276923113 ], [ -99.416856553846102, 19.698848369230788 ], [ -99.416875876923029, 19.698938692307674 ], [ -99.416876061538403, 19.699010984615395 ], [ -99.416866584615335, 19.699038107692306 ], [ -99.416857107692294, 19.699065246153857 ], [ -99.41687646153845, 19.699164600000035 ], [ -99.416876569230737, 19.699209784615398 ], [ -99.416867076923026, 19.699227892307672 ], [ -99.416828984615364, 19.699255076923087 ], [ -99.416771738461492, 19.69925521538466 ], [ -99.416695399999981, 19.699255400000037 ], [ -99.416628584615367, 19.699246507692337 ], [ -99.416609507692257, 19.699246553846148 ], [ -99.41655223076917, 19.699237646153847 ], [ -99.416504476923052, 19.699219692307743 ], [ -99.416475738461514, 19.69917456923082 ] ] ] ] } },
{ "type": "Feature", "properties": { "IDBD": 176010, "FC": 6292, "CONDICION": "CUERPO DE AGUA PERENNE" }, "geometry": { "type": "MultiPolygon", "coordinates": [ [ [ [ -99.427171246153819, 19.691766369230759 ], [ -99.426693092307659, 19.691351815384582 ], [ -99.426482738461516, 19.691180615384663 ], [ -99.426834892307653, 19.69085444615386 ], [ -99.426977338461484, 19.690601076923127 ], [ -99.427023092307664, 19.689868984615348 ], [ -99.42672516923075, 19.689056384615416 ], [ -99.426656384615356, 19.688297461538482 ], [ -99.426837369230739, 19.6881885846154 ], [ -99.427018446153824, 19.688115861538428 ], [ -99.427237984615388, 19.688151492307707 ], [ -99.42738147692306, 19.688295738461544 ], [ -99.427544630769205, 19.688656815384608 ], [ -99.427794061538449, 19.689171323076934 ], [ -99.428024676923059, 19.689785276923104 ], [ -99.428111553846108, 19.690164615384628 ], [ -99.428159892307647, 19.69039946153843 ], [ -99.42816046153844, 19.690616338461549 ], [ -99.427970707692282, 19.69101441538465 ], [ -99.427171246153819, 19.691766369230759 ] ] ] ] } },
{ "type": "Feature", "properties": { "IDBD": 176062, "FC": 6291, "CONDICION": "CUERPO DE AGUA INTERMITENTE" }, "geometry": { "type": "MultiPolygon", "coordinates": [ [ [ [ -99.480198015384616, 19.684502353846138 ], [ -99.480178892307649, 19.684484338461527 ], [ -99.48017878461539, 19.684448184615388 ], [ -99.480216646153821, 19.684348676923108 ], [ -99.480245246153828, 19.684339569230751 ], [ -99.480264292307695, 19.684330476923087 ], [ -99.480312, 19.684330353846139 ], [ -99.480426584615344, 19.684366200000014 ], [ -99.480626938461469, 19.684365661538482 ], [ -99.480827323076909, 19.684374153846139 ], [ -99.480951430769181, 19.684400938461525 ], [ -99.481018399999954, 19.684464015384634 ], [ -99.481047184615392, 19.684518153846145 ], [ -99.481047261538436, 19.684545276923089 ], [ -99.481009292307689, 19.684608630769176 ], [ -99.480942692307678, 19.684672061538457 ], [ -99.480856938461514, 19.684708446153834 ], [ -99.480627892307666, 19.684681938461573 ], [ -99.480264892307645, 19.684529292307698 ], [ -99.480198015384616, 19.684502353846138 ] ] ] ] } },
{ "type": "Feature", "properties": { "IDBD": 176063, "FC": 6291, "CONDICION": "CUERPO DE AGUA INTERMITENTE" }, "geometry": { "type": "MultiPolygon", "coordinates": [ [ [ [ -99.416854861538411, 19.683449630769232 ], [ -99.416797799999969, 19.683522061538437 ], [ -99.416759692307636, 19.683540230769225 ], [ -99.416711984615389, 19.683540338461498 ], [ -99.416406353846142, 19.683414523076877 ], [ -99.416310830769191, 19.683369569230784 ], [ -99.416272553846127, 19.683324476923104 ], [ -99.416272399999954, 19.683261215384597 ], [ -99.416319907692284, 19.683188815384632 ], [ -99.416386507692295, 19.683116353846188 ], [ -99.41664366153843, 19.682944061538439 ], [ -99.416691261538446, 19.682907800000049 ], [ -99.416757984615373, 19.682880538461525 ], [ -99.416862923076906, 19.682880292307686 ], [ -99.416939338461532, 19.682916261538413 ], [ -99.416996723076878, 19.682970353846184 ], [ -99.41702555384613, 19.683051615384645 ], [ -99.417025769230733, 19.68313295384614 ], [ -99.416978353846119, 19.683241507692294 ], [ -99.416949861538427, 19.683295784615385 ], [ -99.416854861538411, 19.683449630769232 ] ] ] ] } },
{ "type": "Feature", "properties": { "IDBD": 176130, "FC": 6291, "CONDICION": "CUERPO DE AGUA INTERMITENTE" }, "geometry": { "type": "MultiPolygon", "coordinates": [ [ [ [ -99.539271246153817, 19.675316046153817 ], [ -99.538726907692308, 19.675145984615401 ], [ -99.538640953846141, 19.67511913846154 ], [ -99.53862178461533, 19.675092076923107 ], [ -99.538612123076916, 19.675055969230758 ], [ -99.538611969230772, 19.675010784615385 ], [ -99.538611584615353, 19.674893307692304 ], [ -99.538716184615367, 19.674793584615376 ], [ -99.538830415384581, 19.67472095384618 ], [ -99.538935307692284, 19.674702569230714 ], [ -99.539049753846129, 19.67469318461535 ], [ -99.539192876923067, 19.674701784615412 ], [ -99.539355199999974, 19.674746492307701 ], [ -99.539527107692294, 19.674800184615371 ], [ -99.539613199999977, 19.67487223076926 ], [ -99.539632492307661, 19.674935430769228 ], [ -99.539642399999963, 19.675043830769255 ], [ -99.539623446153811, 19.675080046153841 ], [ -99.539556815384586, 19.675125415384631 ], [ -99.539461476923023, 19.675143784615404 ], [ -99.539413923076907, 19.675189107692294 ], [ -99.539347323076925, 19.67524352307694 ], [ -99.539271246153817, 19.675316046153817 ] ] ] ] } },
{ "type": "Feature", "properties": { "IDBD": 176131, "FC": 6292, "CONDICION": "CUERPO DE AGUA PERENNE" }, "geometry": { "type": "MultiPolygon", "coordinates": [ [ [ [ -99.436148, 19.673616953846164 ], [ -99.435545015384619, 19.672886430769221 ], [ -99.435344015384587, 19.672642923076932 ], [ -99.435257399999955, 19.672363 ], [ -99.435362107692285, 19.672281415384603 ], [ -99.435818984615366, 19.671891723076921 ], [ -99.436104615384565, 19.671683184615418 ], [ -99.436495199999982, 19.6714834153846 ], [ -99.437219184615358, 19.671093076923089 ], [ -99.437362153846124, 19.671047538461476 ], [ -99.437495830769222, 19.671092400000013 ], [ -99.437591507692289, 19.671191569230782 ], [ -99.437629876923026, 19.67127281538458 ], [ -99.437697123076887, 19.671444353846173 ], [ -99.437745338461497, 19.671634 ], [ -99.437765030769171, 19.671859876923072 ], [ -99.43776569230765, 19.672103861538456 ], [ -99.437766, 19.672212307692302 ], [ -99.437737538461477, 19.672275630769253 ], [ -99.437642215384585, 19.672302984615413 ], [ -99.437489753846123, 19.672366615384615 ], [ -99.437337384615361, 19.672466384615419 ], [ -99.43720401538458, 19.672539 ], [ -99.437118461538418, 19.672647646153845 ], [ -99.436966384615374, 19.672855876923091 ], [ -99.436785738461523, 19.673082230769243 ], [ -99.436652415384586, 19.673172923076905 ], [ -99.436499953846123, 19.673236553846159 ], [ -99.436385769230725, 19.673345261538454 ], [ -99.43634779999995, 19.673417661538465 ], [ -99.436281261538412, 19.673508184615365 ], [ -99.436224169230769, 19.673562538461539 ], [ -99.436148, 19.673616953846164 ] ] ] ] } },
{ "type": "Feature", "properties": { "IDBD": 176183, "FC": 6291, "CONDICION": "CUERPO DE AGUA INTERMITENTE" }, "geometry": { "type": "MultiPolygon", "coordinates": [ [ [ [ -99.440351461538427, 19.668772 ], [ -99.440227523076913, 19.668799415384569 ], [ -99.440065415384581, 19.668826923076935 ], [ -99.43983641538459, 19.66880941538458 ], [ -99.439788615384614, 19.66877338461541 ], [ -99.439759907692277, 19.668737307692336 ], [ -99.43976927692303, 19.668674015384617 ], [ -99.439816692307645, 19.66857450769232 ], [ -99.440064061538436, 19.668329907692279 ], [ -99.440225861538451, 19.668193953846181 ], [ -99.440302030769246, 19.66813953846157 ], [ -99.440492723076886, 19.668102938461509 ], [ -99.440740615384613, 19.668048107692275 ], [ -99.440826323076877, 19.667993676923103 ], [ -99.44087387692305, 19.667939338461551 ], [ -99.440950169230746, 19.667930107692325 ], [ -99.441179538461554, 19.668083169230762 ], [ -99.441208230769206, 19.66811021538464 ], [ -99.441275399999952, 19.668254630769269 ], [ -99.441247107692277, 19.6683721846154 ], [ -99.441161584615358, 19.668498907692346 ], [ -99.441076107692254, 19.668634676923073 ], [ -99.440895169230743, 19.668752600000023 ], [ -99.440799923076867, 19.668807046153852 ], [ -99.440694969230748, 19.668798276923088 ], [ -99.440485015384567, 19.668771676923061 ], [ -99.440351461538427, 19.668772 ] ] ] ] } },
{ "type": "Feature", "properties": { "IDBD": 176196, "FC": 6291, "CONDICION": "CUERPO DE AGUA INTERMITENTE" }, "geometry": { "type": "MultiPolygon", "coordinates": [ [ [ [ -99.494134861538456, 19.668288753846138 ], [ -99.493971799999954, 19.668000030769239 ], [ -99.49394295384613, 19.667927815384616 ], [ -99.493961876923038, 19.667873538461514 ], [ -99.494047507692258, 19.667801015384605 ], [ -99.494247507692279, 19.667692030769274 ], [ -99.494514476923044, 19.667646107692274 ], [ -99.494648061538413, 19.66765476923079 ], [ -99.494838907692298, 19.667672323076925 ], [ -99.494896215384557, 19.667699276923077 ], [ -99.494953569230745, 19.66773526153845 ], [ -99.494991815384594, 19.667762276923099 ], [ -99.495001523076908, 19.667816461538443 ], [ -99.494954046153822, 19.667888892307658 ], [ -99.494535138461515, 19.668161138461546 ], [ -99.494211153846123, 19.668279507692322 ], [ -99.494134861538456, 19.668288753846138 ] ] ] ] } },
{ "type": "Feature", "properties": { "IDBD": 176269, "FC": 6292, "CONDICION": "CUERPO DE AGUA PERENNE" }, "geometry": { "type": "MultiPolygon", "coordinates": [ [ [ [ -99.508243184615395, 19.658950599999976 ], [ -99.507479215384592, 19.65868164615387 ], [ -99.506963830769195, 19.658592738461508 ], [ -99.506772846153837, 19.658530015384596 ], [ -99.506743769230752, 19.658385507692316 ], [ -99.50674318461536, 19.658195738461536 ], [ -99.506817507692261, 19.657562953846156 ], [ -99.506892876923033, 19.657264538461543 ], [ -99.507035415384607, 19.657092430769254 ], [ -99.507283199999989, 19.657019446153868 ], [ -99.507502230769205, 19.656901338461534 ], [ -99.507606953846121, 19.656837784615369 ], [ -99.507635123076867, 19.65669312307692 ], [ -99.50763452307686, 19.656503353846173 ], [ -99.507633984615353, 19.65633166153847 ], [ -99.507632938461512, 19.655997292307681 ], [ -99.507698969230759, 19.655762153846158 ], [ -99.507812969230713, 19.655617246153859 ], [ -99.507965199999958, 19.655490307692293 ], [ -99.508127184615347, 19.655435615384597 ], [ -99.508251184615347, 19.655435276923118 ], [ -99.508327846153819, 19.655543492307707 ], [ -99.508318676923039, 19.655661 ], [ -99.508223707692281, 19.655796815384615 ], [ -99.508109784615343, 19.655968846153819 ], [ -99.508072307692288, 19.65618583076925 ], [ -99.508111184615345, 19.656411630769224 ], [ -99.508226076923066, 19.656546861538487 ], [ -99.508388661538447, 19.656681953846167 ], [ -99.50844675384613, 19.656952892307697 ], [ -99.508428523076901, 19.657224046153857 ], [ -99.508362261538409, 19.65738689230767 ], [ -99.508238538461498, 19.657477615384604 ], [ -99.507895507692297, 19.657596061538424 ], [ -99.507781215384597, 19.657650600000011 ], [ -99.507581276923048, 19.657768646153855 ], [ -99.507514692307652, 19.657832092307697 ], [ -99.507486569230736, 19.657985799999967 ], [ -99.507792015384595, 19.658048200000017 ], [ -99.508115969230772, 19.6579298 ], [ -99.508620153846152, 19.657494615384632 ], [ -99.508810507692274, 19.657358523076901 ], [ -99.508924953846119, 19.657349153846155 ], [ -99.508973046153827, 19.657475538461476 ], [ -99.508935461538456, 19.657656384615425 ], [ -99.508812138461536, 19.657873615384627 ], [ -99.508746076923032, 19.658099723076923 ], [ -99.508556153846129, 19.658371353846146 ], [ -99.508243184615395, 19.658950599999976 ] ] ] ] } },
{ "type": "Feature", "properties": { "IDBD": 176567, "FC": 6291, "CONDICION": "CUERPO DE AGUA INTERMITENTE" }, "geometry": { "type": "MultiPolygon", "coordinates": [ [ [ [ -99.466739430769181, 19.619653569230778 ], [ -99.466834384615339, 19.619508738461573 ], [ -99.46699587692305, 19.619291430769241 ], [ -99.467034261538402, 19.619372661538428 ], [ -99.467063107692269, 19.619453923076946 ], [ -99.467101507692291, 19.619544184615421 ], [ -99.467149399999968, 19.619616353846176 ], [ -99.467225876923067, 19.619679415384628 ], [ -99.467302307692236, 19.619724399999985 ], [ -99.467388261538446, 19.619769369230756 ], [ -99.467464692307672, 19.61981435384617 ], [ -99.467541169230728, 19.619877415384593 ], [ -99.467608107692257, 19.61994049230767 ], [ -99.467675030769215, 19.619994538461551 ], [ -99.467770523076865, 19.620039476923054 ], [ -99.467799369230733, 19.620120738461537 ], [ -99.467780523076883, 19.620202123076933 ], [ -99.467694830769176, 19.620247523076937 ], [ -99.46760907692304, 19.620274861538419 ], [ -99.467513676923048, 19.620266061538494 ], [ -99.467418215384612, 19.620230169230776 ], [ -99.467332276923045, 19.620194246153908 ], [ -99.467246338461507, 19.620158323076907 ], [ -99.467179399999964, 19.62009523076922 ], [ -99.467112430769205, 19.620023107692329 ], [ -99.467045492307662, 19.619960030769231 ], [ -99.466997599999971, 19.619887861538455 ], [ -99.466930661538427, 19.619824769230732 ], [ -99.466873199999981, 19.619743599999985 ], [ -99.466815769230763, 19.619671446153866 ], [ -99.466739430769181, 19.619653569230778 ] ] ] ] } }
]
}
