{
"type": "FeatureCollection",
"name": "dn",
"crs": { "type": "name", "properties": { "name": "urn:ogc:def:crs:OGC:1.3:CRS84" } },
"features": [
{ "type": "Feature", "properties": { "IDBD": 176197, "FC": 6292, "CONDICION": "CUERPO DE AGUA PERENNE" }, "geometry": { "type": "MultiPolygon", "coordinates": [ [ [ [ -99.230723538461504, 19.663746753846159 ], [ -99.230644461538418, 19.663718630769232 ], [ -99.230572569230716, 19.663659230769248 ], [ -99.23051813846152, 19.663585015384633 ], [ -99.230463384615348, 19.663511 ], [ -99.230422646153798, 19.663429292307658 ], [ -99.230399030769235, 19.663341738461543 ], [ -99.230358815384605, 19.663259784615423 ], [ -99.230323107692257, 19.663175984615407 ], [ -99.230294476923063, 19.663089784615416 ], [ -99.230254184615333, 19.663007876923064 ], [ -99.230223692307632, 19.662922246153844 ], [ -99.230198015384573, 19.662835215384622 ], [ -99.230169692307641, 19.662748907692293 ], [ -99.230134938461489, 19.662664753846176 ], [ -99.230114353846119, 19.662576507692272 ], [ -99.230079276923078, 19.66249247692307 ], [ -99.230045599999983, 19.662407923076927 ], [ -99.230015092307639, 19.662322292307731 ], [ -99.229974692307664, 19.662240430769227 ], [ -99.229985369230747, 19.662150630769215 ], [ -99.229995492307651, 19.662060769230813 ], [ -99.230008399999988, 19.661971230769247 ], [ -99.230036707692264, 19.661884938461537 ], [ -99.230057446153822, 19.6617967230769 ], [ -99.23007155384613, 19.6617073538462 ], [ -99.230088338461485, 19.661618384615398 ], [ -99.230138599999947, 19.661541584615396 ], [ -99.23016007692307, 19.661453538461576 ], [ -99.230180707692284, 19.661365307692282 ], [ -99.230207353846126, 19.661278523076898 ], [ -99.230226815384611, 19.661190061538477 ], [ -99.230244353846174, 19.66110123076918 ], [ -99.230282123076904, 19.661018246153819 ], [ -99.230302307692256, 19.660929923076921 ], [ -99.230325323076897, 19.660842215384594 ], [ -99.230336446153814, 19.660752461538461 ], [ -99.23035364615383, 19.66066358461541 ], [ -99.230377, 19.660575953846148 ], [ -99.230399123076921, 19.660488061538487 ], [ -99.230436692307677, 19.660404984615361 ], [ -99.230470123076898, 19.660320353846171 ], [ -99.230482707692275, 19.660230769230743 ], [ -99.230500107692279, 19.660141923076917 ], [ -99.230528446153812, 19.660055630769239 ], [ -99.230551599999956, 19.659967953846166 ], [ -99.230569184615348, 19.659879138461537 ], [ -99.230613830769201, 19.659799276923092 ], [ -99.230641307692323, 19.659712738461536 ], [ -99.230659815384556, 19.659624076923063 ], [ -99.230678415384588, 19.659535446153864 ], [ -99.23070438461535, 19.65944849230771 ], [ -99.230730461538414, 19.659361569230803 ], [ -99.230762907692281, 19.659276569230816 ], [ -99.230800015384617, 19.659193323076881 ], [ -99.230831692307632, 19.659108092307694 ], [ -99.230861923076901, 19.659022369230744 ], [ -99.230895184615335, 19.658937676923092 ], [ -99.23096419999996, 19.658875276923084 ], [ -99.231035646153799, 19.658815415384641 ], [ -99.231129892307692, 19.658829461538478 ], [ -99.231208569230759, 19.658880553846185 ], [ -99.23127719999998, 19.658943307692315 ], [ -99.2313362, 19.659014323076903 ], [ -99.231411369230756, 19.659069969230789 ], [ -99.231494046153813, 19.659115046153875 ], [ -99.231567138461486, 19.6591731076923 ], [ -99.231637492307669, 19.659234138461549 ], [ -99.231708169230771, 19.659294830769202 ], [ -99.231775830769195, 19.659358523076943 ], [ -99.231848184615345, 19.659417430769214 ], [ -99.23193084615383, 19.659462538461547 ], [ -99.232014799999973, 19.659505446153862 ], [ -99.232093876923031, 19.659556 ], [ -99.2321676, 19.659613338461533 ], [ -99.232254107692256, 19.659651430769227 ], [ -99.232347246153836, 19.659671 ], [ -99.232442307692295, 19.65967855384617 ], [ -99.232537538461528, 19.659673307692351 ], [ -99.232630415384563, 19.659652676923091 ], [ -99.23272496923073, 19.659640723076919 ], [ -99.232815723076911, 19.659612876923077 ], [ -99.232902184615341, 19.6595746923077 ], [ -99.23298858461537, 19.659536415384654 ], [ -99.233082246153813, 19.659519230769245 ], [ -99.233177492307661, 19.659514292307684 ], [ -99.233272676923079, 19.659508338461528 ], [ -99.23336638461538, 19.659491415384601 ], [ -99.233461784615372, 19.659491215384605 ], [ -99.233557030769219, 19.65949621538461 ], [ -99.233651753846132, 19.659506861538464 ], [ -99.233746430769216, 19.65951792307688 ], [ -99.233840246153846, 19.659534261538475 ], [ -99.233935646153796, 19.65953443076922 ], [ -99.234029630769214, 19.659549892307716 ], [ -99.234124338461513, 19.659560738461529 ], [ -99.234219169230769, 19.659551030769247 ], [ -99.234311861538401, 19.659529646153857 ], [ -99.234395338461553, 19.659485923076936 ], [ -99.234479461538442, 19.659443292307717 ], [ -99.234562338461529, 19.659398538461549 ], [ -99.23463046153843, 19.659335292307688 ], [ -99.234689276923078, 19.659264138461566 ], [ -99.234743830769233, 19.65919 ], [ -99.234792984615325, 19.659112553846157 ], [ -99.234829476923039, 19.659029061538472 ], [ -99.234864907692284, 19.658945153846176 ], [ -99.234893569230735, 19.658858969230792 ], [ -99.234923569230759, 19.658773184615349 ], [ -99.234968138461525, 19.658693276923092 ], [ -99.234985969230777, 19.658604492307706 ], [ -99.235009184615365, 19.658516846153866 ], [ -99.235026846153801, 19.658428030769219 ], [ -99.235061846153855, 19.658343969230788 ], [ -99.23512073846149, 19.658272876923071 ], [ -99.235172153846122, 19.658196753846177 ], [ -99.235223584615369, 19.658120646153858 ], [ -99.235275953846113, 19.65804510769231 ], [ -99.235338784615351, 19.65797712307695 ], [ -99.235408784615373, 19.657915723076925 ], [ -99.235473646153821, 19.657849461538461 ], [ -99.235548046153838, 19.657792907692311 ], [ -99.23562193846152, 19.657735738461497 ], [ -99.235703615384594, 19.657689046153855 ], [ -99.235784523076859, 19.657641184615411 ], [ -99.235867907692253, 19.657597276923088 ], [ -99.235945061538445, 19.657544138461517 ], [ -99.236033046153821, 19.657509215384664 ], [ -99.236122615384602, 19.657478138461546 ], [ -99.236213584615342, 19.657450938461523 ], [ -99.236307676923062, 19.657436092307659 ], [ -99.236401876923054, 19.657421892307688 ], [ -99.236496538461523, 19.657410738461543 ], [ -99.236591799999957, 19.6574156153846 ], [ -99.236687030769218, 19.657420769230797 ], [ -99.236779953846124, 19.657441230769255 ], [ -99.236875076923027, 19.657447969230766 ], [ -99.23696978461534, 19.657458799999972 ], [ -99.237064984615373, 19.657464507692332 ], [ -99.237156076923043, 19.657491353846165 ], [ -99.237245615384609, 19.657522507692292 ], [ -99.23732124615384, 19.657577584615424 ], [ -99.237399953846108, 19.657628630769231 ], [ -99.237478523076902, 19.657679892307687 ], [ -99.237503292307679, 19.657777123076951 ], [ -99.237578461538462, 19.657856984615435 ], [ -99.237609815384573, 19.657895415384633 ], [ -99.237638138461506, 19.657969384615388 ], [ -99.237653876923048, 19.65803009230763 ], [ -99.237672738461541, 19.658115153846147 ], [ -99.237669784615321, 19.658203076923076 ], [ -99.237676123076881, 19.658318738461553 ], [ -99.237707523076892, 19.658382923076942 ], [ -99.237732769230746, 19.658463738461553 ], [ -99.237736015384598, 19.658582169230794 ], [ -99.237720492307673, 19.658665092307714 ], [ -99.237723553846138, 19.658722338461502 ], [ -99.237733092307693, 19.658834215384609 ], [ -99.237736415384603, 19.658924492307744 ], [ -99.237755276923068, 19.659014446153883 ], [ -99.237768, 19.659119046153837 ], [ -99.237786892307682, 19.659225584615392 ], [ -99.237819907692284, 19.659285015384643 ], [ -99.237833492307701, 19.659374476923084 ], [ -99.237839353846141, 19.659464661538454 ], [ -99.237839723076888, 19.659555030769233 ], [ -99.237834676923043, 19.65964527692309 ], [ -99.237823630769171, 19.659735046153852 ], [ -99.237822876923076, 19.659825415384582 ], [ -99.237817292307653, 19.659915630769227 ], [ -99.237812384615367, 19.660005876923087 ], [ -99.23781166153843, 19.660096246153891 ], [ -99.237800892307675, 19.660186030769214 ], [ -99.237787030769184, 19.660275446153854 ], [ -99.237773676923069, 19.660364923076934 ], [ -99.237760307692284, 19.660454400000035 ], [ -99.237760123076882, 19.660544769230764 ], [ -99.237749030769209, 19.660634523076972 ], [ -99.237726369230757, 19.660722307692332 ], [ -99.237714276923043, 19.660811953846185 ], [ -99.237703246153814, 19.660901707692325 ], [ -99.237697507692261, 19.660991923076928 ], [ -99.237686246153814, 19.661081661538482 ], [ -99.237675215384584, 19.661171415384583 ], [ -99.23765730769226, 19.661260184615397 ], [ -99.237622369230735, 19.661344276923106 ], [ -99.237599230769206, 19.661431938461519 ], [ -99.237594092307674, 19.661451400000011 ], [ -99.237580723076874, 19.661540876923077 ], [ -99.2375396, 19.66162243076926 ], [ -99.237488984615368, 19.661699030769263 ], [ -99.237418692307671, 19.661760123076952 ], [ -99.237331153846142, 19.661796046153857 ], [ -99.237237938461519, 19.661815246153829 ], [ -99.237143599999953, 19.661828584615407 ], [ -99.237048615384595, 19.66183698461538 ], [ -99.236953215384574, 19.661837446153864 ], [ -99.236858861538437, 19.661824107692318 ], [ -99.236764415384584, 19.661811476923098 ], [ -99.236674892307676, 19.6617802461538 ], [ -99.23658769230768, 19.661743615384612 ], [ -99.236496476923051, 19.661717123076926 ], [ -99.236408646153805, 19.661681876923073 ], [ -99.236313569230745, 19.661689230769227 ], [ -99.236247261538423, 19.661754200000033 ], [ -99.236195338461513, 19.661830015384638 ], [ -99.236139369230727, 19.6619032 ], [ -99.236047030769214, 19.661925861538446 ], [ -99.235951630769222, 19.661926646153791 ], [ -99.235866169230746, 19.661886492307687 ], [ -99.23578884615381, 19.66183358461539 ], [ -99.235706461538427, 19.661788015384655 ], [ -99.235612507692267, 19.661772384615389 ], [ -99.235517307692248, 19.66176650769231 ], [ -99.235422061538415, 19.661771553846194 ], [ -99.235333215384571, 19.661804461538477 ], [ -99.235255553846116, 19.66185693846154 ], [ -99.235194846153846, 19.661926646153823 ], [ -99.235151984615371, 19.662007384615354 ], [ -99.235100307692278, 19.662083353846164 ], [ -99.23505296923075, 19.662161800000018 ], [ -99.235001938461494, 19.662238153846157 ], [ -99.234916815384608, 19.662278969230798 ], [ -99.23482784615382, 19.662311569230788 ], [ -99.234744492307641, 19.662355507692304 ], [ -99.234669953846108, 19.662411907692295 ], [ -99.234618769230764, 19.662488169230802 ], [ -99.23457269230768, 19.662567292307681 ], [ -99.234546138461511, 19.662654092307669 ], [ -99.234483830769221, 19.66272252307694 ], [ -99.234432092307671, 19.66279844615385 ], [ -99.234365015384583, 19.662862707692305 ], [ -99.234285492307677, 19.662912615384617 ], [ -99.234195492307691, 19.662942569230761 ], [ -99.234100246153844, 19.66294753846157 ], [ -99.234004969230725, 19.662952246153861 ], [ -99.233909830769193, 19.662958769230784 ], [ -99.233814569230773, 19.66296366153848 ], [ -99.23371939999997, 19.662969938461558 ], [ -99.233625430769209, 19.662985507692305 ], [ -99.233530830769197, 19.662997123076888 ], [ -99.233437892307663, 19.663017461538477 ], [ -99.233344430769193, 19.663035569230793 ], [ -99.233251553846131, 19.663056246153882 ], [ -99.233161384615357, 19.663085723076907 ], [ -99.233068861538428, 19.663107769230752 ], [ -99.232976338461498, 19.663129784615379 ], [ -99.232886384615369, 19.663159861538485 ], [ -99.232794430769189, 19.663183907692297 ], [ -99.232703369230705, 19.663210815384641 ], [ -99.232609753846148, 19.663228184615345 ], [ -99.232521030769192, 19.663261415384625 ], [ -99.232434138461514, 19.663298692307745 ], [ -99.232344107692271, 19.663328584615417 ], [ -99.232254276923044, 19.663358984615389 ], [ -99.232173830769199, 19.663407553846174 ], [ -99.232098092307652, 19.663462523076905 ], [ -99.232018, 19.66351158461536 ], [ -99.231937384615321, 19.663559907692331 ], [ -99.231855061538425, 19.663605584615414 ], [ -99.23177479999994, 19.663654430769256 ], [ -99.231682584615385, 19.66367758461536 ], [ -99.231590030769183, 19.663699430769178 ], [ -99.231494861538422, 19.663705753846134 ], [ -99.231399599999975, 19.6637104 ], [ -99.231304446153828, 19.663716907692361 ], [ -99.231209707692258, 19.663727507692357 ], [ -99.23111498461536, 19.663738169230786 ], [ -99.231019784615356, 19.663744046153855 ], [ -99.230924384615349, 19.663744876923097 ], [ -99.230829, 19.663745030769238 ], [ -99.230723538461504, 19.663746753846159 ] ] ] ] } },
{ "type": "Feature", "properties": { "IDBD": 176262, "FC": 6291, "CONDICION": "CUERPO DE AGUA INTERMITENTE" }, "geometry": { "type": "MultiPolygon", "coordinates": [ [ [ [ -99.223057230769186, 19.651049199999989 ], [ -99.223056369230747, 19.65112332307697 ], [ -99.222759661538433, 19.651939353846142 ], [ -99.222222215384591, 19.653369015384648 ], [ -99.222218892307666, 19.653378446153841 ], [ -99.222156399999989, 19.653464169230766 ], [ -99.222131630769184, 19.653518492307693 ], [ -99.222106938461522, 19.65361587692308 ], [ -99.222082246153818, 19.653720430769212 ], [ -99.22205798461539, 19.653803569230803 ], [ -99.222019292307678, 19.653886169230745 ], [ -99.221978907692247, 19.65396803076926 ], [ -99.221937215384585, 19.654049323076951 ], [ -99.221926707692262, 19.6541398 ], [ -99.2218978, 19.654208738461545 ], [ -99.221858876923093, 19.654279276923095 ], [ -99.221834153846117, 19.654363246153856 ], [ -99.221812984615354, 19.654450553846146 ], [ -99.221752799999962, 19.654544615384584 ], [ -99.221692907692287, 19.654637153846156 ], [ -99.221649092307672, 19.654724276923091 ], [ -99.221652307692281, 19.6548132 ], [ -99.221615215384574, 19.654898338461543 ], [ -99.221432446153827, 19.655030599999961 ], [ -99.221284415384574, 19.655151892307686 ], [ -99.220453553846127, 19.654722246153867 ], [ -99.218661276923029, 19.653734646153861 ], [ -99.217840492307673, 19.653249246153855 ], [ -99.21773613846149, 19.653136323076961 ], [ -99.217690230769207, 19.653026784615403 ], [ -99.217673476923068, 19.652971338461548 ], [ -99.217673353846124, 19.652871692307709 ], [ -99.217796969230761, 19.65285576923073 ], [ -99.217878907692281, 19.652845153846169 ], [ -99.217991399999988, 19.652817415384639 ], [ -99.218183246153842, 19.652788861538447 ], [ -99.218293938461514, 19.652730476923061 ], [ -99.218373846153824, 19.652666307692282 ], [ -99.218447569230719, 19.65257301538464 ], [ -99.218576569230763, 19.652403938461561 ], [ -99.21870107692304, 19.652188246153834 ], [ -99.218856923076885, 19.65202720000001 ], [ -99.219108738461529, 19.65186843076923 ], [ -99.219512969230777, 19.651616923076915 ], [ -99.219768569230723, 19.651440261538461 ], [ -99.2200786, 19.651216476923029 ], [ -99.220194538461499, 19.651114353846122 ], [ -99.220335769230758, 19.650986230769192 ], [ -99.220441815384575, 19.650928061538451 ], [ -99.220622415384554, 19.650839969230777 ], [ -99.220861523076863, 19.65070092307694 ], [ -99.221126553846105, 19.650509184615387 ], [ -99.221320338461524, 19.650364615384579 ], [ -99.221411953846115, 19.650320107692288 ], [ -99.221642584615338, 19.650442199999979 ], [ -99.221955015384609, 19.650634923076911 ], [ -99.222222215384605, 19.650751461538462 ], [ -99.22238658461535, 19.65079918461543 ], [ -99.223057230769186, 19.651049199999989 ] ] ] ] } },
{ "type": "Feature", "properties": { "IDBD": 176386, "FC": 6292, "CONDICION": "CUERPO DE AGUA PERENNE" }, "geometry": { "type": "MultiPolygon", "coordinates": [ [ [ [ -99.252593799999971, 19.637884815384609 ], [ -99.252540476923073, 19.637809892307665 ], [ -99.252527646153837, 19.637720338461524 ], [ -99.252527307692276, 19.637629969230787 ], [ -99.252532569230723, 19.63753973846153 ], [ -99.252542738461543, 19.637449876923068 ], [ -99.252548538461497, 19.637359676923065 ], [ -99.252538107692288, 19.637269846153824 ], [ -99.252537584615368, 19.63717947692307 ], [ -99.252537446153809, 19.637089107692322 ], [ -99.252526692307669, 19.6369993230769 ], [ -99.252500138461514, 19.636912523076941 ], [ -99.252483769230736, 19.636823492307677 ], [ -99.252465707692295, 19.636734753846198 ], [ -99.252454599999979, 19.636645 ], [ -99.252443292307689, 19.636555276923087 ], [ -99.252432399999961, 19.636465492307725 ], [ -99.252422061538439, 19.636375661538413 ], [ -99.252393784615336, 19.636289353846138 ], [ -99.252361923076904, 19.636204169230773 ], [ -99.252338153846139, 19.636116646153841 ], [ -99.252311076923036, 19.63603 ], [ -99.25228398461536, 19.63594335384618 ], [ -99.252263907692281, 19.635855 ], [ -99.252244861538443, 19.635766461538491 ], [ -99.252211723076911, 19.635681707692346 ], [ -99.252189476923036, 19.63559384615386 ], [ -99.252149846153827, 19.635511646153859 ], [ -99.252113015384609, 19.635428276923069 ], [ -99.252095553846146, 19.635339430769239 ], [ -99.252076307692278, 19.635250923076914 ], [ -99.252058030769192, 19.635162230769222 ], [ -99.252009015384616, 19.635084707692275 ], [ -99.251963769230741, 19.635005153846127 ], [ -99.25192706153841, 19.634921738461554 ], [ -99.251903907692267, 19.634834076923081 ], [ -99.251864784615378, 19.634751661538445 ], [ -99.251830923076909, 19.634667169230759 ], [ -99.251781984615334, 19.634589615384648 ], [ -99.251726553846126, 19.634516061538456 ], [ -99.251677184615389, 19.634438738461547 ], [ -99.251632015384615, 19.634359153846166 ], [ -99.251582784615351, 19.634281753846164 ], [ -99.251555553846117, 19.634195138461539 ], [ -99.251529676923056, 19.634108153846121 ], [ -99.25154295384614, 19.634018661538494 ], [ -99.251574092307692, 19.633933246153862 ], [ -99.251607353846154, 19.633848553846192 ], [ -99.251640753846118, 19.633763907692302 ], [ -99.251678738461521, 19.633681015384632 ], [ -99.251703646153814, 19.633593784615368 ], [ -99.251720861538402, 19.633533538461496 ], [ -99.251737738461486, 19.633491276923117 ], [ -99.251775538461544, 19.633408307692267 ], [ -99.25182, 19.633328353846178 ], [ -99.251850630769184, 19.633242769230772 ], [ -99.251857, 19.6331526 ], [ -99.251856892307657, 19.633062230769266 ], [ -99.251869107692258, 19.632972615384617 ], [ -99.251880738461523, 19.632882907692331 ], [ -99.251881861538408, 19.632792553846162 ], [ -99.251881738461506, 19.632702184615379 ], [ -99.251886507692305, 19.632611923076905 ], [ -99.251896215384591, 19.632522030769223 ], [ -99.251891523076878, 19.632431769230795 ], [ -99.251871815384575, 19.632343338461549 ], [ -99.251841861538466, 19.632257538461548 ], [ -99.251810030769221, 19.632172353846162 ], [ -99.251786661538446, 19.632084738461554 ], [ -99.251774107692256, 19.631995153846141 ], [ -99.251754369230724, 19.63190673846152 ], [ -99.251733569230751, 19.631818553846127 ], [ -99.251712692307677, 19.631730369230759 ], [ -99.251689123076872, 19.631642799999987 ], [ -99.251666646153822, 19.631554984615356 ], [ -99.251620030769203, 19.631476138461558 ], [ -99.251563784615342, 19.631403153846172 ], [ -99.251526738461536, 19.631319876923058 ], [ -99.251502246153834, 19.631232538461511 ], [ -99.251470661538448, 19.631147276923084 ], [ -99.251425938461509, 19.631067461538436 ], [ -99.251364153846112, 19.6309986 ], [ -99.251285569230717, 19.630947384615382 ], [ -99.251215153846104, 19.63088644615387 ], [ -99.251163199999965, 19.630810661538465 ], [ -99.251119784615398, 19.630730199999984 ], [ -99.251063353846106, 19.63065733846156 ], [ -99.250984692307668, 19.630606246153871 ], [ -99.250907584615391, 19.63055306153846 ], [ -99.250852569230759, 19.630479230769271 ], [ -99.250799784615339, 19.630403969230766 ], [ -99.250790507692287, 19.630314030769252 ], [ -99.250780384615325, 19.630224169230754 ], [ -99.25076, 19.630135876923102 ], [ -99.250744830769221, 19.630046661538479 ], [ -99.250725215384577, 19.629958230769187 ], [ -99.250688276923086, 19.629874907692294 ], [ -99.250637661538434, 19.629798323076916 ], [ -99.250570246153785, 19.629734400000036 ], [ -99.250498292307697, 19.629675076923078 ], [ -99.250425446153812, 19.629616738461497 ], [ -99.250337507692294, 19.629581753846143 ], [ -99.250246123076892, 19.629555892307707 ], [ -99.250155, 19.629529215384604 ], [ -99.250069523076917, 19.629489138461555 ], [ -99.250002646153817, 19.629424707692305 ], [ -99.249922123076914, 19.629376261538482 ], [ -99.249840292307681, 19.629329846153869 ], [ -99.24976453846152, 19.62927493846151 ], [ -99.249704184615339, 19.629204969230791 ], [ -99.249636799999976, 19.629141 ], [ -99.249564553846113, 19.629082015384615 ], [ -99.249499061538458, 19.629016323076947 ], [ -99.249436630769168, 19.628948 ], [ -99.249376661538449, 19.628877723076926 ], [ -99.249326199999956, 19.62880104615386 ], [ -99.249324061538431, 19.628710692307706 ], [ -99.249366861538405, 19.628629923076907 ], [ -99.249354892307636, 19.628540276923069 ], [ -99.249334569230768, 19.628451969230753 ], [ -99.249313723076895, 19.628363784615392 ], [ -99.249366523076887, 19.628288523076929 ], [ -99.249435692307642, 19.628226307692334 ], [ -99.249472399999974, 19.6281429076923 ], [ -99.24947529230765, 19.628052569230736 ], [ -99.249470630769181, 19.627962307692318 ], [ -99.249470030769217, 19.627871938461542 ], [ -99.249459938461513, 19.627782076923054 ], [ -99.249434538461529, 19.627694969230753 ], [ -99.249384123076894, 19.62761826153848 ], [ -99.249327646153816, 19.627545446153821 ], [ -99.249279046153802, 19.627467692307654 ], [ -99.249223907692325, 19.627393953846131 ], [ -99.249170907692275, 19.627318815384626 ], [ -99.249139153846116, 19.627233599999986 ], [ -99.249189415384578, 19.62715679999998 ], [ -99.249271092307694, 19.627110153846171 ], [ -99.249364815384595, 19.627093369230796 ], [ -99.24945973846151, 19.627102046153841 ], [ -99.249554969230743, 19.627107076923078 ], [ -99.249642138461525, 19.627070415384576 ], [ -99.249671123076894, 19.626984307692325 ], [ -99.249655492307681, 19.626895169230764 ], [ -99.24964718461537, 19.626805138461524 ], [ -99.249715923076891, 19.626742507692324 ], [ -99.2497969076923, 19.626694769230788 ], [ -99.249878907692278, 19.626648630769225 ], [ -99.249959076923062, 19.626599676923107 ], [ -99.250053784615332, 19.626588969230756 ], [ -99.250148384615386, 19.626600400000022 ], [ -99.250243692307663, 19.626596830769273 ], [ -99.250281969230755, 19.626514061538451 ], [ -99.250262876923074, 19.626425523076957 ], [ -99.250226723076892, 19.626341892307689 ], [ -99.250160523076872, 19.626276830769232 ], [ -99.250127738461515, 19.626191969230746 ], [ -99.250096399999961, 19.62610663076924 ], [ -99.250063015384569, 19.626021969230781 ], [ -99.250022507692293, 19.625940153846141 ], [ -99.2499817230769, 19.625858476923089 ], [ -99.249916569230763, 19.625792476923124 ], [ -99.249869630769211, 19.625713800000032 ], [ -99.249853569230737, 19.625624723076932 ], [ -99.249832953846109, 19.625536492307674 ], [ -99.249797769230753, 19.625452492307694 ], [ -99.249754569230745, 19.625371923076916 ], [ -99.249713307692261, 19.625290446153837 ], [ -99.249674661538421, 19.625207830769206 ], [ -99.249644230769221, 19.62512218461541 ], [ -99.249582553846125, 19.625053261538461 ], [ -99.249534984615337, 19.625000076923079 ], [ -99.249484153846112, 19.624970876923051 ], [ -99.249433938461507, 19.624900692307705 ], [ -99.249395846153831, 19.624817846153888 ], [ -99.249345738461514, 19.624740953846178 ], [ -99.249300030769234, 19.624661646153832 ], [ -99.24924215384614, 19.62458981538461 ], [ -99.249165799999986, 19.624535661538456 ], [ -99.249092692307698, 19.624477630769242 ], [ -99.24903166153841, 19.624408184615383 ], [ -99.248977169230727, 19.624334015384626 ], [ -99.24890496923075, 19.624274969230747 ], [ -99.24882707692305, 19.624222830769234 ], [ -99.248741707692261, 19.624182538461518 ], [ -99.24865647692306, 19.624141969230774 ], [ -99.248573584615372, 19.624097276923074 ], [ -99.248494030769194, 19.62404743076927 ], [ -99.248412353846106, 19.624000769230818 ], [ -99.248325676923031, 19.623963092307683 ], [ -99.24823621538458, 19.623931753846165 ], [ -99.248154, 19.623885969230781 ], [ -99.248073492307697, 19.623837507692286 ], [ -99.247988015384607, 19.623797430769226 ], [ -99.24789686153845, 19.623770830769235 ], [ -99.247804907692313, 19.623746846153821 ], [ -99.247721569230777, 19.62370290769233 ], [ -99.247653692307637, 19.623639430769259 ], [ -99.247572353846124, 19.623592230769216 ], [ -99.247481092307652, 19.623566015384618 ], [ -99.247389246153801, 19.623541676923089 ], [ -99.247296630769199, 19.623520061538422 ], [ -99.247202092307688, 19.623508230769268 ], [ -99.247108784615364, 19.623489507692309 ], [ -99.24701519999995, 19.623472092307704 ], [ -99.246920615384596, 19.623460461538471 ], [ -99.246825246153819, 19.623460692307685 ], [ -99.246730307692289, 19.623469307692304 ], [ -99.246635846153822, 19.623481769230771 ], [ -99.246543292307692, 19.623503538461566 ], [ -99.246448784615325, 19.623515723076906 ], [ -99.246355553846115, 19.623534738461579 ], [ -99.246262261538448, 19.623553553846154 ], [ -99.24617843076922, 19.623596646153835 ], [ -99.246096553846144, 19.62364298461539 ], [ -99.246002138461506, 19.623655738461558 ], [ -99.245920569230748, 19.623608907692297 ], [ -99.245911692307658, 19.623518938461512 ], [ -99.245902261538433, 19.623429 ], [ -99.245854, 19.623351061538457 ], [ -99.245766215384563, 19.62331573846151 ], [ -99.245677246153846, 19.623283169230763 ], [ -99.245589292307685, 19.623248246153853 ], [ -99.245499061538425, 19.623218984615406 ], [ -99.245405876923058, 19.623199707692336 ], [ -99.245313523076931, 19.6231772 ], [ -99.245229246153812, 19.623134892307686 ], [ -99.245141507692267, 19.623099446153855 ], [ -99.245053784615379, 19.623063984615378 ], [ -99.244966692307642, 19.623027169230795 ], [ -99.244874415384572, 19.623004323076934 ], [ -99.244779861538404, 19.622992523076913 ], [ -99.244685307692308, 19.622980692307699 ], [ -99.244592, 19.622962046153823 ], [ -99.244498123076909, 19.622946061538471 ], [ -99.24441501538459, 19.622901723076918 ], [ -99.244325861538428, 19.622869646153852 ], [ -99.244264661538395, 19.622938969230777 ], [ -99.244189138461493, 19.622883784615407 ], [ -99.244243553846132, 19.622809553846125 ], [ -99.244321338461489, 19.622757276923096 ], [ -99.244266076923068, 19.622683615384634 ], [ -99.244180169230731, 19.622644369230819 ], [ -99.244103015384567, 19.622591230769235 ], [ -99.2440450307692, 19.622519492307703 ], [ -99.243994661538451, 19.622442753846165 ], [ -99.243936830769186, 19.622370892307682 ], [ -99.243865338461518, 19.62231107692309 ], [ -99.243777507692272, 19.622275861538469 ], [ -99.243685646153807, 19.622251599999963 ], [ -99.243591707692275, 19.62223593846155 ], [ -99.243506907692279, 19.622194584615396 ], [ -99.243433923076907, 19.622136415384627 ], [ -99.243383830769204, 19.622059523076913 ], [ -99.243354138461513, 19.62197364615383 ], [ -99.24342735384613, 19.621915738461539 ], [ -99.243521723076867, 19.621928876923075 ], [ -99.243607107692299, 19.621969123076916 ], [ -99.243691553846134, 19.622011107692291 ], [ -99.243786923076868, 19.62201086153847 ], [ -99.243881969230728, 19.622003353846189 ], [ -99.243931907692271, 19.62192636923076 ], [ -99.244022138461503, 19.621955630769229 ], [ -99.244095630769223, 19.621898046153845 ], [ -99.244164815384579, 19.621835830769239 ], [ -99.244259907692282, 19.621842584615408 ], [ -99.244349076923044, 19.621874676923088 ], [ -99.24441233846153, 19.621942292307654 ], [ -99.244454938461502, 19.622023153846147 ], [ -99.244475676923045, 19.622111353846172 ], [ -99.244506384615377, 19.622196907692331 ], [ -99.244512892307668, 19.622287076923062 ], [ -99.244583692307643, 19.622226523076954 ], [ -99.244670738461537, 19.622189584615338 ], [ -99.244763861538431, 19.622170092307705 ], [ -99.24483619999998, 19.622111199999985 ], [ -99.244916923076914, 19.62206306153848 ], [ -99.245010061538437, 19.622043661538463 ], [ -99.245102061538432, 19.622019815384597 ], [ -99.245189723076905, 19.621984261538483 ], [ -99.245279507692274, 19.621953738461521 ], [ -99.245368784615366, 19.621921969230794 ], [ -99.2454605230769, 19.621897261538489 ], [ -99.245552753846098, 19.621874276923062 ], [ -99.245646107692295, 19.621855769230766 ], [ -99.245736553846143, 19.621827092307697 ], [ -99.245826753846117, 19.62179776923076 ], [ -99.245905507692257, 19.621746784615421 ], [ -99.245982276923058, 19.621693169230785 ], [ -99.246072046153813, 19.621662692307702 ], [ -99.246161769230724, 19.621632030769192 ], [ -99.24624787692305, 19.621593184615428 ], [ -99.246326292307685, 19.621541753846113 ], [ -99.246409338461518, 19.621497307692312 ], [ -99.246499015384586, 19.621466569230765 ], [ -99.24658752307694, 19.621432907692309 ], [ -99.246675138461526, 19.621397215384643 ], [ -99.2467641230769, 19.621364692307683 ], [ -99.246851892307689, 19.621329353846139 ], [ -99.246940538461516, 19.621296 ], [ -99.247029184615357, 19.621262661538466 ], [ -99.247117661538454, 19.621228923076927 ], [ -99.247200769230773, 19.621184584615342 ], [ -99.247275953846113, 19.621129 ], [ -99.247332169230717, 19.621055984615371 ], [ -99.247344353846145, 19.620966353846139 ], [ -99.247337676923038, 19.620876215384609 ], [ -99.247317246153813, 19.620787938461525 ], [ -99.247292230769219, 19.620700738461544 ], [ -99.247254615384605, 19.62061769230764 ], [ -99.247239738461516, 19.620528430769241 ], [ -99.247206753846129, 19.620443630769216 ], [ -99.247163753846138, 19.620362969230811 ], [ -99.247113584615363, 19.620286123076944 ], [ -99.247061046153789, 19.620210692307651 ], [ -99.247020661538443, 19.620128830769254 ], [ -99.246977569230737, 19.620048215384632 ], [ -99.246928538461475, 19.619970707692342 ], [ -99.246877861538451, 19.619894138461547 ], [ -99.246830338461493, 19.61981578461539 ], [ -99.246797784615367, 19.619730846153814 ], [ -99.246751969230729, 19.6196516 ], [ -99.246695215384619, 19.619578953846169 ], [ -99.246657476923048, 19.619495969230798 ], [ -99.246619723076904, 19.619412984615366 ], [ -99.24657933846153, 19.619331107692297 ], [ -99.246533984615326, 19.619251615384634 ], [ -99.246489092307655, 19.619171892307691 ], [ -99.246450646153818, 19.619089184615369 ], [ -99.246400953846106, 19.619012046153856 ], [ -99.246362907692273, 19.618929184615343 ], [ -99.246312861538442, 19.618852261538489 ], [ -99.246280861538423, 19.618767123076964 ], [ -99.246266446153797, 19.618677799999986 ], [ -99.246241830769222, 19.618590492307728 ], [ -99.246220907692233, 19.618502323076921 ], [ -99.246190830769194, 19.618416553846174 ], [ -99.2461718615384, 19.618328 ], [ -99.246126030769204, 19.618248753846153 ], [ -99.246058430769224, 19.618185 ], [ -99.245990584615342, 19.618121492307722 ], [ -99.245915476923074, 19.618065799999972 ], [ -99.245885876923026, 19.617979892307737 ], [ -99.245906707692271, 19.617891707692312 ], [ -99.245928907692274, 19.61780381538464 ], [ -99.245908738461509, 19.617715492307688 ], [ -99.245888107692252, 19.617627261538431 ], [ -99.245862584615352, 19.617540184615365 ], [ -99.245843830769203, 19.617451584615381 ], [ -99.245826061538452, 19.61736280000002 ], [ -99.245805984615373, 19.617274446153854 ], [ -99.245787123076909, 19.617185861538456 ], [ -99.245768107692257, 19.617097307692347 ], [ -99.245741246153813, 19.617010600000025 ], [ -99.245737246153837, 19.616934615384586 ], [ -99.245709953846145, 19.616802784615423 ], [ -99.245694369230719, 19.616733199999985 ], [ -99.245705692307652, 19.616539046153807 ], [ -99.24576267692305, 19.616524861538483 ], [ -99.24577155384614, 19.616595738461573 ], [ -99.245802246153801, 19.616675215384586 ], [ -99.245845230769206, 19.616755892307676 ], [ -99.245903107692286, 19.616827723076931 ], [ -99.245992584615351, 19.616858984615416 ], [ -99.246060369230761, 19.616865230769253 ], [ -99.246091384615383, 19.616905476923062 ], [ -99.24606824615384, 19.6169604615385 ], [ -99.246058646153855, 19.617009923076932 ], [ -99.246093523076908, 19.617046507692315 ], [ -99.246099415384577, 19.617099600000053 ], [ -99.246078199999985, 19.617145415384623 ], [ -99.246080184615337, 19.617180215384632 ], [ -99.246091830769203, 19.617202184615337 ], [ -99.246136353846126, 19.617213107692272 ], [ -99.24619323076918, 19.617209553846138 ], [ -99.246287969230735, 19.617199199999973 ], [ -99.246372630769216, 19.617240815384594 ], [ -99.246423723076887, 19.617317123076933 ], [ -99.246393861538451, 19.61740293846152 ], [ -99.246437384615362, 19.617483353846129 ], [ -99.246399692307648, 19.617566353846165 ], [ -99.246344430769184, 19.61764 ], [ -99.246394692307632, 19.617716800000039 ], [ -99.246458953846101, 19.617783569230795 ], [ -99.246520492307639, 19.617852615384606 ], [ -99.246613876923035, 19.617834261538444 ], [ -99.246701707692282, 19.617869476923083 ], [ -99.246740861538441, 19.61795187692303 ], [ -99.246828630769201, 19.617987246153863 ], [ -99.246920261538463, 19.6180122923077 ], [ -99.247007846153849, 19.618048046153831 ], [ -99.247084076923045, 19.618102353846172 ], [ -99.247145984615344, 19.618171092307669 ], [ -99.247224523076881, 19.618222353846178 ], [ -99.247303723076868, 19.618272707692281 ], [ -99.247377123076859, 19.618330399999955 ], [ -99.247453584615357, 19.618384430769265 ], [ -99.247537692307631, 19.618427030769269 ], [ -99.247624276923062, 19.618464892307735 ], [ -99.247709646153794, 19.618505199999973 ], [ -99.2477928461538, 19.618549353846166 ], [ -99.247837307692294, 19.618629292307656 ], [ -99.247862153846157, 19.618716553846198 ], [ -99.247895107692258, 19.618801353846173 ], [ -99.247956861538384, 19.618870215384618 ], [ -99.248032384615357, 19.618925399999984 ], [ -99.248110784615363, 19.618976861538457 ], [ -99.248192138461491, 19.619024 ], [ -99.24827613846152, 19.619066799999967 ], [ -99.248357492307662, 19.619113984615392 ], [ -99.248441523076906, 19.619156692307655 ], [ -99.248524615384582, 19.619201061538469 ], [ -99.248613092307679, 19.6192348 ], [ -99.248683446153819, 19.619295799999986 ], [ -99.248748369230725, 19.619362 ], [ -99.248824738461494, 19.619416138461581 ], [ -99.248899138461525, 19.619472676923088 ], [ -99.248978769230746, 19.619522384615387 ], [ -99.249059861538441, 19.619569969230728 ], [ -99.249138153846133, 19.619621569230745 ], [ -99.249209446153813, 19.619681600000014 ], [ -99.249282415384585, 19.619739784615398 ], [ -99.249366476923043, 19.619782476923078 ], [ -99.249450369230729, 19.619825446153822 ], [ -99.249527984615341, 19.619877953846146 ], [ -99.249608292307641, 19.619926707692319 ], [ -99.249685046153829, 19.619980338461577 ], [ -99.249764923076881, 19.620029723076939 ], [ -99.249843615384606, 19.620080769230768 ], [ -99.249922276923058, 19.620131861538439 ], [ -99.250006353846118, 19.620174538461495 ], [ -99.250090615384565, 19.62021686153847 ], [ -99.250178353846124, 19.620252276923043 ], [ -99.2502663384615, 19.620287138461567 ], [ -99.250361707692278, 19.620286569230775 ], [ -99.250456892307668, 19.620280846153893 ], [ -99.250552246153816, 19.620280153846188 ], [ -99.250647276923075, 19.620272476923116 ], [ -99.250737661538423, 19.620243646153803 ], [ -99.250823799999964, 19.62020486153849 ], [ -99.250902123076926, 19.620153307692309 ], [ -99.250966030769206, 19.620086215384632 ], [ -99.251011046153849, 19.62000653846157 ], [ -99.251051107692305, 19.619924538461522 ], [ -99.251093753846149, 19.619843707692262 ], [ -99.251138676923048, 19.619763984615357 ], [ -99.251178169230741, 19.619681738461537 ], [ -99.251197984615345, 19.619593338461542 ], [ -99.251219, 19.619505184615381 ], [ -99.251249215384604, 19.619419476923071 ], [ -99.251294338461491, 19.619339861538446 ], [ -99.251338769230756, 19.619259892307721 ], [ -99.251364384615357, 19.619172846153862 ], [ -99.251383230769193, 19.619084261538443 ], [ -99.251407430769206, 19.618996846153838 ], [ -99.251407307692247, 19.618906476923076 ], [ -99.251407215384589, 19.618816107692307 ], [ -99.251413523076891, 19.618725938461548 ], [ -99.251433938461489, 19.618637661538454 ], [ -99.251464276923045, 19.618551984615394 ], [ -99.251509030769199, 19.618472184615374 ], [ -99.251548815384567, 19.618390046153873 ], [ -99.251586584615353, 19.618307061538459 ], [ -99.251631738461512, 19.618227461538467 ], [ -99.251677169230732, 19.618148015384644 ], [ -99.2517267384615, 19.618070815384602 ], [ -99.251769030769211, 19.6179898 ], [ -99.251737, 19.617904692307697 ], [ -99.251722599999937, 19.617815353846154 ], [ -99.251778723076882, 19.617742292307746 ], [ -99.251872323076867, 19.617724923076935 ], [ -99.251966830769206, 19.617736969230776 ], [ -99.252043169230788, 19.617791138461548 ], [ -99.252095615384576, 19.61786663076925 ], [ -99.252132707692297, 19.617949876923095 ], [ -99.252143153846148, 19.618039707692287 ], [ -99.252070630769197, 19.6180984 ], [ -99.252014538461495, 19.618171476923091 ], [ -99.251972138461483, 19.618252430769214 ], [ -99.251934646153799, 19.618335523076947 ], [ -99.251897215384616, 19.61841864615382 ], [ -99.25187115384611, 19.618505569230759 ], [ -99.251846230769189, 19.6185928 ], [ -99.251840384615335, 19.618683 ], [ -99.25184059999998, 19.618773369230809 ], [ -99.251842292307614, 19.618863723076906 ], [ -99.251869861538424, 19.618950230769222 ], [ -99.251959630769221, 19.618980753846163 ], [ -99.25204687692306, 19.619017230769209 ], [ -99.252110938461499, 19.619084184615371 ], [ -99.252168292307644, 19.619156384615444 ], [ -99.252224599999963, 19.619229307692315 ], [ -99.252281323076872, 19.619301969230754 ], [ -99.252340830769185, 19.619372584615384 ], [ -99.2524136, 19.619431 ], [ -99.252508969230732, 19.619430553846165 ], [ -99.252604076923035, 19.619423723076938 ], [ -99.252699246153853, 19.619418 ], [ -99.252794446153828, 19.619412584615429 ], [ -99.252889599999975, 19.619418600000021 ], [ -99.252984261538401, 19.619429615384615 ], [ -99.253079338461504, 19.619422507692303 ], [ -99.253174061538402, 19.619411969230779 ], [ -99.253264430769207, 19.619440846153847 ], [ -99.253290338461525, 19.619527815384657 ], [ -99.253360184615346, 19.619589338461523 ], [ -99.253449153846134, 19.619621892307677 ], [ -99.253529353846133, 19.619572984615438 ], [ -99.253621599999974, 19.619550030769197 ], [ -99.25371672307692, 19.619556415384587 ], [ -99.253777184615373, 19.619571476923074 ], [ -99.253796430769199, 19.619693276923073 ], [ -99.253757307692268, 19.619775692307691 ], [ -99.253686169230747, 19.619835876923119 ], [ -99.253604784615362, 19.619883 ], [ -99.253518323076889, 19.619921123076903 ], [ -99.253432907692257, 19.619961307692314 ], [ -99.253343199999946, 19.619992015384639 ], [ -99.253255692307633, 19.620027938461568 ], [ -99.253174553846165, 19.620075430769258 ], [ -99.253110523076899, 19.62014239999997 ], [ -99.253053353846113, 19.620214738461549 ], [ -99.25299621538457, 19.620287092307695 ], [ -99.252943184615333, 19.6203622 ], [ -99.252886030769233, 19.62043453846152 ], [ -99.252828892307662, 19.620506892307674 ], [ -99.252772430769198, 19.620579723076911 ], [ -99.252734938461501, 19.620662830769241 ], [ -99.252697538461504, 19.620745953846118 ], [ -99.252671215384623, 19.620832815384613 ], [ -99.252639015384602, 19.620917876923084 ], [ -99.252602, 19.62100116923078 ], [ -99.252583630769209, 19.621089846153829 ], [ -99.25258546153843, 19.621180200000026 ], [ -99.252587399999967, 19.621270538461562 ], [ -99.25260656923075, 19.621359076923106 ], [ -99.252604738461528, 19.62144943076926 ], [ -99.25258676923076, 19.621538184615396 ], [ -99.252549353846092, 19.621621307692287 ], [ -99.252518276923055, 19.621706738461548 ], [ -99.252533092307644, 19.621796015384639 ], [ -99.252561676923023, 19.621882230769245 ], [ -99.252524, 19.621965246153845 ], [ -99.252473184615383, 19.622041707692333 ], [ -99.252461307692258, 19.622131384615379 ], [ -99.252462569230744, 19.622221738461509 ], [ -99.252487030769174, 19.622309092307674 ], [ -99.252486784615357, 19.622399461538457 ], [ -99.252454599999979, 19.622484523076892 ], [ -99.25239123076922, 19.622552061538471 ], [ -99.252372938461505, 19.622640753846156 ], [ -99.252385723076912, 19.622730307692333 ], [ -99.252420784615353, 19.622814353846159 ], [ -99.252443876923067, 19.622902030769193 ], [ -99.252462661538431, 19.622990630769205 ], [ -99.252469369230738, 19.623080784615432 ], [ -99.252508569230756, 19.623163169230761 ], [ -99.25252946153843, 19.623251338461561 ], [ -99.252562092307684, 19.623349723076899 ], [ -99.252581430769169, 19.623394446153892 ], [ -99.252586246153825, 19.623434169230766 ], [ -99.252648569230743, 19.623539200000032 ], [ -99.252674938461482, 19.623626046153863 ], [ -99.252701261538434, 19.623712907692301 ], [ -99.252726861538449, 19.623799953846145 ], [ -99.252744476923056, 19.623888769230796 ], [ -99.252746076923046, 19.623979123076921 ], [ -99.252765723076863, 19.62406755384615 ], [ -99.252799384615358, 19.624152107692321 ], [ -99.252853399999978, 19.624226584615407 ], [ -99.252918369230741, 19.624292738461541 ], [ -99.252992415384597, 19.624349707692325 ], [ -99.253067661538452, 19.624405230769195 ], [ -99.253122107692278, 19.624479430769235 ], [ -99.253175015384585, 19.624554615384628 ], [ -99.253224661538425, 19.624631784615399 ], [ -99.253255984615365, 19.624717138461563 ], [ -99.253263415384595, 19.624807230769207 ], [ -99.253295338461498, 19.624892384615396 ], [ -99.253319969230745, 19.624979692307743 ], [ -99.253324861538445, 19.625000076923079 ], [ -99.253328676923061, 19.625049492307706 ], [ -99.253341938461546, 19.625138984615383 ], [ -99.253354707692282, 19.625228538461556 ], [ -99.253368323076884, 19.625317984615393 ], [ -99.253381107692277, 19.625407538461548 ], [ -99.253401, 19.625495923076926 ], [ -99.253419876923061, 19.625584507692349 ], [ -99.253449738461526, 19.625670338461589 ], [ -99.253472353846149, 19.625758123076924 ], [ -99.253517169230733, 19.625837892307672 ], [ -99.253577784615374, 19.625907661538481 ], [ -99.253635507692266, 19.6259796 ], [ -99.253677599999989, 19.626060692307714 ], [ -99.253710646153806, 19.626145476923085 ], [ -99.25373761538458, 19.626232153846157 ], [ -99.25376947692304, 19.626317323076925 ], [ -99.25379804615379, 19.62640355384616 ], [ -99.253835661538403, 19.626486600000014 ], [ -99.253875692307687, 19.626568615384624 ], [ -99.253920969230762, 19.626648153846173 ], [ -99.253951707692309, 19.626733707692321 ], [ -99.253985769230752, 19.626818107692312 ], [ -99.254025661538407, 19.6269002 ], [ -99.254070953846124, 19.626979723076914 ], [ -99.254118415384596, 19.627058107692289 ], [ -99.254161799999963, 19.627138584615409 ], [ -99.254211784615379, 19.627215553846149 ], [ -99.254252569230758, 19.627297246153859 ], [ -99.254291323076913, 19.627379815384614 ], [ -99.254319769230761, 19.627466076923117 ], [ -99.254332630769184, 19.627555615384601 ], [ -99.254339338461534, 19.627645769230785 ], [ -99.254345846153825, 19.627735923076962 ], [ -99.254352769230721, 19.627826061538489 ], [ -99.254359276923083, 19.627916215384605 ], [ -99.254365769230759, 19.628006369230796 ], [ -99.254372692307697, 19.628096507692344 ], [ -99.254385323076903, 19.628186076923051 ], [ -99.254398923076877, 19.62827552307693 ], [ -99.254405507692297, 19.628365676923078 ], [ -99.254417338461479, 19.628455353846164 ], [ -99.254431646153847, 19.628544692307688 ], [ -99.254450430769197, 19.62863329230769 ], [ -99.254487153846128, 19.628716707692302 ], [ -99.254496876923042, 19.628806600000026 ], [ -99.254491323076877, 19.628896815384625 ], [ -99.254484446153796, 19.62898695384612 ], [ -99.254478384615354, 19.629077138461579 ], [ -99.254471384615371, 19.629167261538527 ], [ -99.254458430769219, 19.6292568 ], [ -99.254464430769232, 19.629346984615406 ], [ -99.254483938461519, 19.629435446153845 ], [ -99.254496846153813, 19.629524984615372 ], [ -99.254516661538403, 19.629613384615375 ], [ -99.254546830769229, 19.629699107692289 ], [ -99.254580876923029, 19.629783523076924 ], [ -99.254620799999941, 19.6298656 ], [ -99.254653153846135, 19.629950615384637 ], [ -99.2546908, 19.63003364615383 ], [ -99.254725415384598, 19.630117846153833 ], [ -99.254757692307635, 19.630202892307725 ], [ -99.254788061538406, 19.630288553846153 ], [ -99.254827430769211, 19.630370861538481 ], [ -99.254867538461497, 19.630452861538483 ], [ -99.254910769230776, 19.630533415384626 ], [ -99.254958969230714, 19.630611384615367 ], [ -99.255023, 19.630678369230747 ], [ -99.25511647692305, 19.630696353846126 ], [ -99.255198615384586, 19.63065041538464 ], [ -99.255244599999955, 19.630571246153881 ], [ -99.255251584615337, 19.630481123076898 ], [ -99.255270969230736, 19.630392630769258 ], [ -99.255315861538435, 19.630312907692268 ], [ -99.255353461538448, 19.630229846153885 ], [ -99.255390969230746, 19.63014675384618 ], [ -99.2554254, 19.630062492307701 ], [ -99.25545176923076, 19.62997563076922 ], [ -99.255477876923052, 19.629888723076931 ], [ -99.25550236923074, 19.629801384615376 ], [ -99.255522538461506, 19.629713061538457 ], [ -99.255535276923027, 19.629623492307708 ], [ -99.255542323076909, 19.629533369230778 ], [ -99.255536046153836, 19.6294432 ], [ -99.255518661538432, 19.629354338461528 ], [ -99.255497615384584, 19.6292662 ], [ -99.255465861538426, 19.629180984615406 ], [ -99.255445030769252, 19.629092799999981 ], [ -99.255431892307641, 19.629003292307694 ], [ -99.25541952307691, 19.628913676923066 ], [ -99.255412, 19.628823600000054 ], [ -99.255417738461503, 19.628733384615408 ], [ -99.255417707692246, 19.628643015384618 ], [ -99.255411446153829, 19.628552846153788 ], [ -99.255399030769198, 19.628463246153864 ], [ -99.255379492307668, 19.628374784615392 ], [ -99.255359369230774, 19.628286461538462 ], [ -99.255346384615365, 19.628196923076903 ], [ -99.255326630769204, 19.628108523076968 ], [ -99.255306476923039, 19.628020184615384 ], [ -99.25529992307689, 19.627930030769235 ], [ -99.255287307692271, 19.627840446153836 ], [ -99.255273707692254, 19.627751 ], [ -99.255247492307689, 19.627664123076954 ], [ -99.255204692307686, 19.62758335384617 ], [ -99.255181276923082, 19.62749575384618 ], [ -99.2551592, 19.62740783076924 ], [ -99.255149738461512, 19.627317907692326 ], [ -99.255149369230722, 19.627227538461518 ], [ -99.255149230769234, 19.627137169230799 ], [ -99.255116769230753, 19.627052200000012 ], [ -99.255110169230718, 19.626962046153874 ], [ -99.255115384615365, 19.626871815384643 ], [ -99.255122230769217, 19.626781676923102 ], [ -99.255122523076878, 19.626691307692315 ], [ -99.25511, 19.626601723076941 ], [ -99.255071, 19.626519246153862 ], [ -99.255033215384586, 19.626436276923098 ], [ -99.255031261538434, 19.626345923076919 ], [ -99.255043661538409, 19.626256323076891 ], [ -99.255067846153807, 19.626168907692321 ], [ -99.255075892307687, 19.626078861538446 ], [ -99.255072753846122, 19.625988538461538 ], [ -99.255069784615372, 19.625898215384638 ], [ -99.255069246153823, 19.625807846153837 ], [ -99.255069092307693, 19.6257174769231 ], [ -99.25506895384612, 19.625627092307717 ], [ -99.255075199999951, 19.625536923076933 ], [ -99.255087599999953, 19.625447323076919 ], [ -99.255107153846112, 19.625358876923094 ], [ -99.255107323076857, 19.625268507692343 ], [ -99.255113338461541, 19.625178307692309 ], [ -99.255126307692265, 19.625088784615343 ], [ -99.255137907692301, 19.625000076923051 ], [ -99.255122138461516, 19.62491164615383 ], [ -99.255109353846123, 19.624822092307692 ], [ -99.255096123076882, 19.62473259999997 ], [ -99.255069538461541, 19.624645800000014 ], [ -99.255039646153804, 19.624559984615402 ], [ -99.255064769230742, 19.624472815384632 ], [ -99.255064646153812, 19.624382446153863 ], [ -99.255065199999962, 19.62429207692308 ], [ -99.255084, 19.624203476923046 ], [ -99.25511566153844, 19.624118230769223 ], [ -99.255134169230715, 19.624029584615393 ], [ -99.2551304, 19.623939276923064 ], [ -99.255112569230732, 19.623850507692296 ], [ -99.255099907692298, 19.62376093846154 ], [ -99.255087046153832, 19.623671400000017 ], [ -99.255054861538397, 19.623586323076925 ], [ -99.255028246153799, 19.623499538461495 ], [ -99.254996046153806, 19.623414476923102 ], [ -99.254964861538426, 19.62332907692306 ], [ -99.254952692307668, 19.62323944615385 ], [ -99.25495318461536, 19.623149076923085 ], [ -99.25496684615382, 19.623059646153852 ], [ -99.255009615384566, 19.62297887692306 ], [ -99.255079830769191, 19.622917723076892 ], [ -99.255139446153819, 19.622847184615409 ], [ -99.255185723076892, 19.62276815384616 ], [ -99.25524678461538, 19.622698753846137 ], [ -99.255310615384602, 19.62263160000002 ], [ -99.255366092307654, 19.622558076923088 ], [ -99.255417507692272, 19.622481969230755 ], [ -99.255462646153816, 19.622402369230763 ], [ -99.255508015384592, 19.62232287692304 ], [ -99.255558107692281, 19.622245984615375 ], [ -99.255615276923066, 19.622173646153861 ], [ -99.25567244615381, 19.622101307692336 ], [ -99.255730323076918, 19.622029476923071 ], [ -99.25580130769228, 19.621969138461502 ], [ -99.255869584615354, 19.621906046153846 ], [ -99.255914784615342, 19.621826461538493 ], [ -99.255960799999926, 19.621747307692321 ], [ -99.256018446153803, 19.621675323076925 ], [ -99.256082799999959, 19.621608615384631 ], [ -99.256150307692252, 19.621544784615381 ], [ -99.256221107692269, 19.621484246153859 ], [ -99.256297584615368, 19.621430246153867 ], [ -99.256378846153822, 19.621382923076911 ], [ -99.256463015384583, 19.621340446153869 ], [ -99.256552630769207, 19.621309538461485 ], [ -99.256646369230751, 19.621292861538507 ], [ -99.256740876923033, 19.62128072307689 ], [ -99.256833938461497, 19.621260969230804 ], [ -99.256923015384587, 19.621228692307717 ], [ -99.256996061538459, 19.621170584615395 ], [ -99.257059646153806, 19.621103246153854 ], [ -99.257103938461512, 19.62102320000001 ], [ -99.257128369230742, 19.620935846153859 ], [ -99.257148169230732, 19.620847446153839 ], [ -99.2571666, 19.62075878461539 ], [ -99.257179846153818, 19.62066929230771 ], [ -99.25719178461533, 19.620579630769249 ], [ -99.257223876923064, 19.620494523076953 ], [ -99.257261369230719, 19.620411430769241 ], [ -99.257301138461528, 19.620329292307691 ], [ -99.257338646153798, 19.620246215384615 ], [ -99.257377276923052, 19.620163584615405 ], [ -99.257426323076928, 19.620086076923062 ], [ -99.257473599999969, 19.6200076 ], [ -99.257531307692275, 19.619935646153806 ], [ -99.2576014, 19.61987438461539 ], [ -99.257662399999987, 19.619804907692284 ], [ -99.25772381538458, 19.619735769230754 ], [ -99.25780081538457, 19.619682461538446 ], [ -99.257888738461503, 19.619647430769259 ], [ -99.257982199999987, 19.619629461538452 ], [ -99.258073769230748, 19.619604184615373 ], [ -99.258162599999963, 19.619571292307729 ], [ -99.258250184615363, 19.61953553846153 ], [ -99.258337369230745, 19.619498923076947 ], [ -99.258428292307613, 19.619471661538451 ], [ -99.258514784615329, 19.619433584615418 ], [ -99.258600323076877, 19.61939361538462 ], [ -99.258694923076916, 19.619382138461567 ], [ -99.258778723076873, 19.61942527692306 ], [ -99.258850384615343, 19.619484907692254 ], [ -99.25892627692302, 19.619539630769232 ], [ -99.25900776923072, 19.619586584615373 ], [ -99.259099230769195, 19.619612215384617 ], [ -99.259192507692262, 19.619630984615387 ], [ -99.259281138461503, 19.619664353846144 ], [ -99.259372738461522, 19.619689523076953 ], [ -99.259467092307673, 19.619702676923058 ], [ -99.259560876923032, 19.619719061538472 ], [ -99.259654969230752, 19.61973378461542 ], [ -99.259749061538429, 19.619748584615415 ], [ -99.259842369230739, 19.619767276923099 ], [ -99.25993592307691, 19.619784846153834 ], [ -99.260030938461512, 19.619792523076903 ], [ -99.260123046153822, 19.619815984615379 ], [ -99.260217076923084, 19.619831076923063 ], [ -99.260311523076894, 19.619818523076919 ], [ -99.260403692307648, 19.619795323076914 ], [ -99.260499061538425, 19.619795200000045 ], [ -99.260594430769189, 19.619796430769242 ], [ -99.260687646153841, 19.619815538461562 ], [ -99.260768707692307, 19.619863138461529 ], [ -99.260840938461527, 19.619922153846172 ], [ -99.260934630769214, 19.619938984615402 ], [ -99.261029153846138, 19.619926923076942 ], [ -99.261123661538448, 19.6199148 ], [ -99.261215107692294, 19.619889138461588 ], [ -99.261296307692291, 19.619841753846135 ], [ -99.261380076923032, 19.619798538461549 ], [ -99.261449599999949, 19.619736676923097 ], [ -99.261522, 19.619677861538484 ], [ -99.261605830769184, 19.619634753846178 ], [ -99.261681661538418, 19.61957996923077 ], [ -99.261721692307674, 19.619497938461556 ], [ -99.261764138461487, 19.619417015384634 ], [ -99.261797046153802, 19.6193322 ], [ -99.261864338461521, 19.619268153846122 ], [ -99.2619506, 19.619229615384668 ], [ -99.262031630769187, 19.619181969230759 ], [ -99.262095615384567, 19.619114953846179 ], [ -99.262152707692266, 19.619042553846189 ], [ -99.262205369230742, 19.618967215384622 ], [ -99.26225487692308, 19.618889984615386 ], [ -99.262292184615347, 19.618806815384634 ], [ -99.262318769230731, 19.618720015384611 ], [ -99.262355615384593, 19.618636676923106 ], [ -99.262368046153796, 19.618726261538448 ], [ -99.262367861538436, 19.618816646153888 ], [ -99.262355107692287, 19.6189062 ], [ -99.262325353846109, 19.618992061538478 ], [ -99.262281169230732, 19.619072153846172 ], [ -99.262239353846127, 19.619153369230762 ], [ -99.26220196923073, 19.619236507692289 ], [ -99.262175430769233, 19.619323307692309 ], [ -99.262137707692276, 19.619406307692334 ], [ -99.262087784615346, 19.619483307692292 ], [ -99.262028, 19.619553707692305 ], [ -99.261978476923062, 19.619630938461523 ], [ -99.261941169230766, 19.619714107692324 ], [ -99.261914523076911, 19.619800876923076 ], [ -99.261876492307678, 19.619883753846182 ], [ -99.26182059999995, 19.619956969230778 ], [ -99.261811323076941, 19.620046923076945 ], [ -99.26173541538455, 19.620101630769213 ], [ -99.261668138461516, 19.620165676923108 ], [ -99.261634692307666, 19.620250307692313 ], [ -99.261542938461474, 19.620274938461531 ], [ -99.261449584615363, 19.620293415384612 ], [ -99.261365769230736, 19.62033653846153 ], [ -99.261284830769199, 19.620384338461527 ], [ -99.261218707692279, 19.620449461538488 ], [ -99.26116967692306, 19.620526969230752 ], [ -99.261136399999955, 19.62061166153843 ], [ -99.261085276923055, 19.620687953846105 ], [ -99.261016123076899, 19.620750184615389 ], [ -99.260944138461511, 19.620809476923082 ], [ -99.260855046153821, 19.6208417076923 ], [ -99.260764523076872, 19.62087015384618 ], [ -99.26067, 19.620882184615418 ], [ -99.260574630769185, 19.62088230769232 ], [ -99.260479384615323, 19.620877646153815 ], [ -99.260386123076913, 19.620896538461558 ], [ -99.260301784615393, 19.620938738461543 ], [ -99.260211707692292, 19.620968399999974 ], [ -99.260118061538464, 19.620985507692286 ], [ -99.260022676923072, 19.620985584615376 ], [ -99.259927323076909, 19.620984384615355 ], [ -99.259832138461491, 19.620978707692295 ], [ -99.25973750769225, 19.62096749230771 ], [ -99.259644046153809, 19.620949476923069 ], [ -99.259549, 19.620942061538472 ], [ -99.259454246153808, 19.620931861538441 ], [ -99.259359076923019, 19.620926 ], [ -99.259263892307672, 19.62092040000001 ], [ -99.25916850769228, 19.620920584615391 ], [ -99.259073138461517, 19.620921153846162 ], [ -99.258978646153835, 19.620933384615359 ], [ -99.258885199999952, 19.620951430769221 ], [ -99.258806092307665, 19.621001907692296 ], [ -99.258736369230732, 19.621063569230806 ], [ -99.258679030769201, 19.621135769230765 ], [ -99.258618138461514, 19.621205323076904 ], [ -99.2585731076923, 19.62128498461535 ], [ -99.258533846153853, 19.62136735384615 ], [ -99.258503830769214, 19.621453123076943 ], [ -99.258477799999966, 19.621540061538447 ], [ -99.258453323076907, 19.621627400000047 ], [ -99.258425630769196, 19.621713876923099 ], [ -99.258410738461507, 19.621803138461541 ], [ -99.258394938461493, 19.621892261538491 ], [ -99.258370599999964, 19.621979646153878 ], [ -99.258351892307672, 19.622068261538509 ], [ -99.258306892307701, 19.622147938461524 ], [ -99.258269430769218, 19.622231030769203 ], [ -99.2582374461538, 19.622316169230796 ], [ -99.258205353846151, 19.622401276923078 ], [ -99.258167892307654, 19.622484384615401 ], [ -99.258142015384607, 19.622571353846137 ], [ -99.25812347692306, 19.622660015384636 ], [ -99.258110953846113, 19.622749600000041 ], [ -99.25811064615381, 19.622839969230771 ], [ -99.258103323076909, 19.622930061538494 ], [ -99.258078338461502, 19.623017276923129 ], [ -99.258034, 19.623097292307737 ], [ -99.258009569230737, 19.623184646153838 ], [ -99.257989461538457, 19.623272984615383 ], [ -99.257964923076884, 19.623360307692312 ], [ -99.25793527692305, 19.623446200000043 ], [ -99.257907753846141, 19.623532723076959 ], [ -99.257878630769227, 19.623618784615392 ], [ -99.257857153846118, 19.62370683076923 ], [ -99.257845092307647, 19.623796476923097 ], [ -99.257852123076916, 19.623886599999977 ], [ -99.257884753846113, 19.6239715076923 ], [ -99.257930538461522, 19.6240508 ], [ -99.257984876923075, 19.624125061538486 ], [ -99.258053046153805, 19.624188261538478 ], [ -99.2581336, 19.62423664615384 ], [ -99.258224123076886, 19.624265076923049 ], [ -99.258314153846129, 19.624294907692292 ], [ -99.258407692307685, 19.624312507692341 ], [ -99.258500553846105, 19.624333153846152 ], [ -99.258594476923065, 19.62434880000005 ], [ -99.258687692307674, 19.624367969230775 ], [ -99.258779599999968, 19.624392107692351 ], [ -99.258872815384606, 19.624411184615418 ], [ -99.25896553846151, 19.624432338461553 ], [ -99.259060753846128, 19.624437523076921 ], [ -99.25915524615381, 19.624425307692331 ], [ -99.259248738461537, 19.624407446153828 ], [ -99.259341399999983, 19.624386061538484 ], [ -99.259431815384573, 19.62435727692306 ], [ -99.259525923076907, 19.624342646153885 ], [ -99.259619646153809, 19.624359384615378 ], [ -99.259709569230751, 19.624389492307689 ], [ -99.259801138461526, 19.624414784615407 ], [ -99.259894876923056, 19.624431446153856 ], [ -99.259930153846113, 19.624515415384618 ], [ -99.25986173846151, 19.624578384615369 ], [ -99.259779692307703, 19.624624446153824 ], [ -99.259685123076864, 19.62463613846155 ], [ -99.259589753846157, 19.624636707692311 ], [ -99.259495569230737, 19.624650953846146 ], [ -99.25944529230766, 19.624727753846109 ], [ -99.259371584615351, 19.624785092307654 ], [ -99.259298661538452, 19.624843338461563 ], [ -99.25924163076921, 19.624915769230807 ], [ -99.259205584615358, 19.624954384615403 ], [ -99.259167, 19.625000076923079 ], [ -99.259123892307642, 19.625050584615376 ], [ -99.259091799999965, 19.625135676923072 ], [ -99.259073030769201, 19.625224292307667 ], [ -99.259053215384554, 19.625312676923055 ], [ -99.259059107692266, 19.625402876923079 ], [ -99.259127876923031, 19.625465492307697 ], [ -99.259208799999968, 19.62551332307693 ], [ -99.259295092307653, 19.625551815384647 ], [ -99.259376692307683, 19.625598569230775 ], [ -99.259454384615353, 19.625651 ], [ -99.259525230769214, 19.625711507692351 ], [ -99.259453584615372, 19.625771153846138 ], [ -99.259358769230744, 19.625780892307716 ], [ -99.259263399999966, 19.625781061538451 ], [ -99.259168215384591, 19.625775323076905 ], [ -99.259073046153816, 19.625769476923018 ], [ -99.258977661538466, 19.625769230769212 ], [ -99.258885830769188, 19.625793599999959 ], [ -99.258797261538419, 19.625827138461549 ], [ -99.25870241538459, 19.625836538461513 ], [ -99.258607030769184, 19.625837246153857 ], [ -99.258525507692298, 19.625884123076954 ], [ -99.258446076923079, 19.625934153846135 ], [ -99.258356523076927, 19.625965230769278 ], [ -99.25826881538454, 19.626000723076938 ], [ -99.258182153846136, 19.626038476923039 ], [ -99.258095584615333, 19.6260764 ], [ -99.258016061538427, 19.626126276923088 ], [ -99.257937676923063, 19.626177753846168 ], [ -99.257869323076903, 19.626240784615366 ], [ -99.25780189230764, 19.626304692307702 ], [ -99.257731369230768, 19.626365523076942 ], [ -99.257670215384593, 19.626434876923074 ], [ -99.257624876923032, 19.62651438461543 ], [ -99.257582107692258, 19.626595153846171 ], [ -99.257592415384565, 19.626685 ], [ -99.257611199999957, 19.626773600000014 ], [ -99.257642815384571, 19.626858846153802 ], [ -99.257682492307666, 19.626941030769249 ], [ -99.257709323076881, 19.627027753846175 ], [ -99.257716261538434, 19.627117892307695 ], [ -99.257755107692276, 19.627200415384621 ], [ -99.257822538461511, 19.62726433846154 ], [ -99.257892938461524, 19.627325292307688 ], [ -99.257978676923059, 19.627364892307718 ], [ -99.25807135384612, 19.627386230769226 ], [ -99.258161830769197, 19.6274148 ], [ -99.258253553846146, 19.627439584615363 ], [ -99.258345307692309, 19.62746423076922 ], [ -99.258435230769194, 19.627494369230774 ], [ -99.258523030769183, 19.627529661538443 ], [ -99.258578723076894, 19.627603015384651 ], [ -99.258586815384589, 19.627693061538437 ], [ -99.25855656923072, 19.627778769230744 ], [ -99.258504830769184, 19.627854692307729 ], [ -99.258445861538448, 19.627925723076949 ], [ -99.258389630769187, 19.62799870769231 ], [ -99.258344815384575, 19.628078476923115 ], [ -99.258309784615335, 19.628162538461556 ], [ -99.258283569230727, 19.628249415384623 ], [ -99.258257338461519, 19.628336307692308 ], [ -99.258234292307677, 19.628424 ], [ -99.258238, 19.62851430769231 ], [ -99.258275615384576, 19.628597353846132 ], [ -99.258308092307658, 19.628682323076937 ], [ -99.258334769230729, 19.628769076923088 ], [ -99.258361169230724, 19.628855923076966 ], [ -99.258381507692278, 19.628944215384653 ], [ -99.258431676923038, 19.629021061538481 ], [ -99.258484661538446, 19.629096199999989 ], [ -99.25853021538461, 19.629175600000025 ], [ -99.258624553846104, 19.629188846153838 ], [ -99.25871992307691, 19.62918923076921 ], [ -99.258809753846137, 19.629219630769253 ], [ -99.258903107692248, 19.62923813846156 ], [ -99.258997169230724, 19.629253046153856 ], [ -99.259091261538444, 19.629267784615426 ], [ -99.259186646153822, 19.629268353846165 ], [ -99.259281276923033, 19.6292570923077 ], [ -99.259375692307671, 19.629244353846168 ], [ -99.259470938461504, 19.629249153846175 ], [ -99.25956630769231, 19.629249415384599 ], [ -99.259597369230718, 19.62924749230767 ], [ -99.259661476923029, 19.629243507692294 ], [ -99.259756799999948, 19.629240399999983 ], [ -99.259852123076882, 19.629237461538448 ], [ -99.259947215384599, 19.629230507692309 ], [ -99.260039738461543, 19.629208569230787 ], [ -99.260127153846128, 19.629172415384573 ], [ -99.260212646153818, 19.629132369230735 ], [ -99.260306323076918, 19.629115338461556 ], [ -99.260401292307662, 19.629107092307695 ], [ -99.260496661538426, 19.6291069076923 ], [ -99.260590076923023, 19.629125184615379 ], [ -99.260677830769197, 19.629160584615423 ], [ -99.260772384615336, 19.629172446153845 ], [ -99.260867738461513, 19.629173861538447 ], [ -99.260963123076891, 19.629173753846171 ], [ -99.261058292307638, 19.629167830769216 ], [ -99.261153446153827, 19.629161707692319 ], [ -99.261248030769195, 19.629150092307693 ], [ -99.261342446153833, 19.629137323076961 ], [ -99.261432676923064, 19.629108046153888 ], [ -99.261523738461534, 19.629081153846133 ], [ -99.261617215384589, 19.629063230769237 ], [ -99.26170723076919, 19.629033353846182 ], [ -99.261794015384609, 19.628995892307678 ], [ -99.261872723076891, 19.628944846153864 ], [ -99.261947030769235, 19.6288882 ], [ -99.262009461538426, 19.628819876923089 ], [ -99.262072584615353, 19.628752138461568 ], [ -99.262142769230735, 19.628690938461499 ], [ -99.262210338461514, 19.628627169230782 ], [ -99.26226356923074, 19.628552184615387 ], [ -99.262308753846128, 19.628472599999967 ], [ -99.262331938461514, 19.628384938461547 ], [ -99.262346461538414, 19.628295630769259 ], [ -99.262353323076894, 19.6282054923077 ], [ -99.262347769230757, 19.628115276923054 ], [ -99.262360030769216, 19.62802566153848 ], [ -99.262366369230705, 19.62793547692311 ], [ -99.262366461538463, 19.627845107692309 ], [ -99.262366338461504, 19.62775473846154 ], [ -99.26235369230767, 19.627665169230763 ], [ -99.262436707692274, 19.627620692307715 ], [ -99.262526969230748, 19.627649907692327 ], [ -99.262614892307653, 19.627684892307681 ], [ -99.262691738461513, 19.627738430769227 ], [ -99.262749323076875, 19.627810461538484 ], [ -99.262825338461539, 19.627865046153886 ], [ -99.262899399999981, 19.627921984615377 ], [ -99.262980661538421, 19.627969292307682 ], [ -99.263064615384607, 19.628012169230768 ], [ -99.263158784615342, 19.62802649230769 ], [ -99.263253969230746, 19.628020630769196 ], [ -99.263337415384541, 19.627976892307686 ], [ -99.263425630769206, 19.628011246153871 ], [ -99.263508630769195, 19.628055769230766 ], [ -99.263603738461498, 19.628062569230767 ], [ -99.263697446153813, 19.628045738461541 ], [ -99.263790707692309, 19.628026892307666 ], [ -99.263885399999964, 19.628037707692307 ], [ -99.263959369230733, 19.628094753846131 ], [ -99.264042830769156, 19.628138492307684 ], [ -99.264129292307658, 19.628176646153879 ], [ -99.264213492307661, 19.628219076923077 ], [ -99.264300046153849, 19.62825704615388 ], [ -99.264389846153819, 19.62828749230772 ], [ -99.264483030769213, 19.628306769230804 ], [ -99.264578399999948, 19.62830695384617 ], [ -99.264673769230725, 19.628306830769205 ], [ -99.264768923076915, 19.628300646153814 ], [ -99.26486346153844, 19.628288661538491 ], [ -99.264951492307688, 19.628253907692304 ], [ -99.265035769230735, 19.628211584615389 ], [ -99.265107492307678, 19.628152015384607 ], [ -99.26515778461534, 19.628075230769237 ], [ -99.265190338461494, 19.627990292307739 ], [ -99.265227646153804, 19.627907123076945 ], [ -99.265267353846127, 19.627824953846147 ], [ -99.265307246153782, 19.62774287692308 ], [ -99.265339399999959, 19.627657799999984 ], [ -99.265384184615371, 19.627578 ], [ -99.265433953846156, 19.627500923076912 ], [ -99.265493615384599, 19.627430415384616 ], [ -99.265553938461537, 19.627360415384636 ], [ -99.265578492307668, 19.627273092307732 ], [ -99.265614969230739, 19.627189584615394 ], [ -99.265649199999984, 19.627105246153874 ], [ -99.26565646153847, 19.627015138461569 ], [ -99.265663153846162, 19.626924984615375 ], [ -99.265675569230766, 19.62683538461539 ], [ -99.265682, 19.626745230769227 ], [ -99.265694969230736, 19.626655692307676 ], [ -99.265701307692254, 19.626565523076899 ], [ -99.265701415384555, 19.626475153846162 ], [ -99.265701292307668, 19.626384784615389 ], [ -99.265732923076911, 19.626299523076923 ], [ -99.265770307692279, 19.626216384615425 ], [ -99.265856769230737, 19.626254538461527 ], [ -99.2659022153846, 19.626333984615368 ], [ -99.265952384615346, 19.626410830769235 ], [ -99.266005369230726, 19.626485984615385 ], [ -99.266062692307671, 19.626558215384609 ], [ -99.266115953846111, 19.626633169230718 ], [ -99.266186369230724, 19.626694123076906 ], [ -99.26627010769225, 19.626737369230778 ], [ -99.266365184615339, 19.626744492307697 ], [ -99.266455630769201, 19.626715815384646 ], [ -99.266534830769189, 19.626665461538458 ], [ -99.266616799999966, 19.626619261538448 ], [ -99.266694307692276, 19.6265666 ], [ -99.266767553846122, 19.626508723076935 ], [ -99.266853446153846, 19.626469430769234 ], [ -99.266943753846107, 19.626440399999961 ], [ -99.267039076923069, 19.626437153846172 ], [ -99.267133646153823, 19.626448830769213 ], [ -99.267224030769199, 19.62647766153847 ], [ -99.267314815384623, 19.62650538461541 ], [ -99.267402861538415, 19.626540123076943 ], [ -99.2674830615384, 19.626589030769246 ], [ -99.267562584615348, 19.626638923076925 ], [ -99.267641169230728, 19.626690123076909 ], [ -99.267725907692267, 19.6267316 ], [ -99.267807338461523, 19.626778646153859 ], [ -99.267893276923076, 19.626817830769234 ], [ -99.267980384615342, 19.626854615384616 ], [ -99.268072107692291, 19.626879384615407 ], [ -99.268165615384589, 19.626861569230766 ], [ -99.268231369230762, 19.626796107692282 ], [ -99.268246153846093, 19.626706830769209 ], [ -99.268228076923023, 19.626618107692295 ], [ -99.268215138461528, 19.626528569230764 ], [ -99.268201523076897, 19.626439123076928 ], [ -99.268169615384593, 19.626353953846181 ], [ -99.2681373538461, 19.626268923076928 ], [ -99.268110723076887, 19.626182138461527 ], [ -99.268090369230762, 19.626093861538433 ], [ -99.268065615384586, 19.626006584615414 ], [ -99.268051338461504, 19.625917230769232 ], [ -99.268050953846142, 19.625826861538439 ], [ -99.268056938461498, 19.625736676923104 ], [ -99.268076061538423, 19.625648138461578 ], [ -99.268025307692298, 19.625571615384601 ], [ -99.267970307692281, 19.625497784615384 ], [ -99.267924184615353, 19.625418692307679 ], [ -99.267888799999966, 19.625334769230751 ], [ -99.267856446153843, 19.625249753846177 ], [ -99.267824169230764, 19.625164723076935 ], [ -99.26782872307686, 19.625074461538432 ], [ -99.267877446153818, 19.625000076923051 ], [ -99.267831615384608, 19.624945353846133 ], [ -99.267774646153782, 19.624901030769255 ], [ -99.26779069230767, 19.624811953846184 ], [ -99.267836199999977, 19.624732538461537 ], [ -99.267889599999961, 19.624657646153835 ], [ -99.267948984615373, 19.624586938461562 ], [ -99.268004199999964, 19.624513261538478 ], [ -99.268057861538452, 19.624438553846179 ], [ -99.268093907692304, 19.624354876923121 ], [ -99.268109415384586, 19.62426570769232 ], [ -99.268114399999959, 19.624175461538481 ], [ -99.268108107692285, 19.624085292307687 ], [ -99.26806853846152, 19.624003076923074 ], [ -99.268022907692284, 19.623923723076967 ], [ -99.267975538461542, 19.623845276923081 ], [ -99.267918907692305, 19.623772569230766 ], [ -99.267856276923055, 19.6237044 ], [ -99.267783615384587, 19.623645876923071 ], [ -99.267708953846139, 19.623589646153818 ], [ -99.267617246153804, 19.623564815384643 ], [ -99.267576046153792, 19.623483323076947 ], [ -99.267655692307684, 19.623433630769192 ], [ -99.267736199999945, 19.623385169230747 ], [ -99.267826830769195, 19.62335703076927 ], [ -99.267913707692287, 19.623319769230783 ], [ -99.267985799999948, 19.623260584615405 ], [ -99.268016661538425, 19.623175076923054 ], [ -99.268005323076878, 19.623085353846204 ], [ -99.267968646153818, 19.623001938461535 ], [ -99.26791932307691, 19.622924584615397 ], [ -99.267868707692301, 19.62284798461538 ], [ -99.26782653846152, 19.622766938461517 ], [ -99.267806430769213, 19.6226786 ], [ -99.267828723076903, 19.622590723076907 ], [ -99.267923969230722, 19.622585984615359 ], [ -99.268018738461492, 19.622596107692338 ], [ -99.268111830769186, 19.622615692307704 ], [ -99.268201753846114, 19.622645815384654 ], [ -99.268287599999965, 19.622685184615392 ], [ -99.268381492307626, 19.62270109230769 ], [ -99.268469815384591, 19.622667015384611 ], [ -99.268558153846129, 19.622632938461528 ], [ -99.268617923076917, 19.622562523076915 ], [ -99.2686956, 19.622510092307706 ], [ -99.268790938461493, 19.622512230769196 ], [ -99.268866584615324, 19.622567261538485 ], [ -99.268866738461526, 19.62265763076924 ], [ -99.26886689230767, 19.622748 ], [ -99.268867076923044, 19.622838369230784 ], [ -99.268872523076894, 19.622928584615355 ], [ -99.268878030769187, 19.62301881538464 ], [ -99.268885476923074, 19.623108907692298 ], [ -99.268910399999982, 19.623196138461541 ], [ -99.268976230769226, 19.623261523076931 ], [ -99.269061569230757, 19.623301861538494 ], [ -99.269145953846134, 19.623343984615438 ], [ -99.26923130769228, 19.623384292307705 ], [ -99.269313015384569, 19.623430892307699 ], [ -99.2693911076923, 19.623482784615369 ], [ -99.269472338461526, 19.623530138461511 ], [ -99.269555661538462, 19.62357412307691 ], [ -99.269647353846153, 19.623598938461519 ], [ -99.269722153846089, 19.623655 ], [ -99.26966656923075, 19.623728430769233 ], [ -99.269576292307647, 19.623757584615394 ], [ -99.269502276923063, 19.623814569230799 ], [ -99.269457, 19.623894107692294 ], [ -99.269458538461478, 19.62398447692307 ], [ -99.269489030769179, 19.62407010769228 ], [ -99.269551753846116, 19.624138169230775 ], [ -99.269626476923065, 19.624194338461507 ], [ -99.269709707692272, 19.624238461538486 ], [ -99.269794076923063, 19.624280599999981 ], [ -99.269880107692259, 19.624319600000014 ], [ -99.269972184615327, 19.624343169230812 ], [ -99.270066261538432, 19.624357953846197 ], [ -99.270159969230789, 19.624374784615362 ], [ -99.270234153846104, 19.624431584615358 ], [ -99.270293799999934, 19.624502092307715 ], [ -99.270346969230715, 19.624577123076964 ], [ -99.270403553846123, 19.624649861538394 ], [ -99.270468430769199, 19.624716107692322 ], [ -99.270534, 19.624781723076925 ], [ -99.270611046153817, 19.624835 ], [ -99.270688076923065, 19.62488827692307 ], [ -99.27076512307687, 19.624941553846146 ], [ -99.270835, 19.625000076923079 ], [ -99.27088624615385, 19.625037169230762 ], [ -99.270948323076894, 19.625105784615389 ], [ -99.271015569230741, 19.625169861538467 ], [ -99.271083169230721, 19.625233615384612 ], [ -99.271144892307646, 19.625302507692318 ], [ -99.271199661538404, 19.625376492307705 ], [ -99.271251476923041, 19.625452353846185 ], [ -99.271309569230723, 19.625524030769252 ], [ -99.271361646153835, 19.625599738461528 ], [ -99.271411984615341, 19.625676492307704 ], [ -99.271482107692293, 19.625737738461552 ], [ -99.271571215384597, 19.625769969230774 ], [ -99.271665538461534, 19.625783323076888 ], [ -99.271760907692283, 19.625783292307709 ], [ -99.27184726153844, 19.625744907692358 ], [ -99.271906, 19.62567372307694 ], [ -99.27196410769227, 19.625602061538462 ], [ -99.272018507692266, 19.625527830769201 ], [ -99.272065861538465, 19.625449384615433 ], [ -99.272117338461513, 19.625373323076946 ], [ -99.272175215384607, 19.625301492307692 ], [ -99.272220630769198, 19.625222015384594 ], [ -99.27224563076922, 19.625134815384602 ], [ -99.272279969230738, 19.625050492307675 ], [ -99.272305907692285, 19.625000076923079 ], [ -99.272326553846113, 19.624996215384609 ], [ -99.272367092307647, 19.624914415384641 ], [ -99.27240983076922, 19.624833630769245 ], [ -99.27245955384609, 19.624756523076961 ], [ -99.272493815384578, 19.624672184615342 ], [ -99.27250795384613, 19.624582815384617 ], [ -99.272507753846099, 19.624492446153877 ], [ -99.272476769230707, 19.624406969230769 ], [ -99.272519969230743, 19.6243264 ], [ -99.272581661538439, 19.624257492307692 ], [ -99.272624015384579, 19.624176523076891 ], [ -99.27266013846149, 19.624092892307697 ], [ -99.272691630769202, 19.624007584615395 ], [ -99.272721415384581, 19.623921738461533 ], [ -99.272747692307675, 19.623834861538466 ], [ -99.27274746153843, 19.623744492307722 ], [ -99.272737707692286, 19.623654599999959 ], [ -99.272723830769195, 19.623565184615373 ], [ -99.272723676923036, 19.623474815384601 ], [ -99.272722892307684, 19.623384461538453 ], [ -99.272713830769192, 19.623294492307704 ], [ -99.272709153846108, 19.623204230769222 ], [ -99.272704461538439, 19.623113969230793 ], [ -99.272708876923033, 19.62302369230769 ], [ -99.272708723076903, 19.622933323076953 ], [ -99.272708892307676, 19.622842953846177 ], [ -99.272717784615352, 19.62275298461536 ], [ -99.272708492307686, 19.622663046153853 ], [ -99.272722169230732, 19.622573615384667 ], [ -99.272722507692279, 19.622483246153834 ], [ -99.272733707692311, 19.622393492307697 ], [ -99.272825123076927, 19.622367769230753 ], [ -99.272891661538438, 19.622432507692267 ], [ -99.272923830769201, 19.622517584615352 ], [ -99.272933646153803, 19.622607476923086 ], [ -99.272990153846138, 19.622680276923091 ], [ -99.273017523076874, 19.622766846153844 ], [ -99.273024061538422, 19.622857 ], [ -99.273046553846129, 19.622944815384656 ], [ -99.273079707692276, 19.623029553846187 ], [ -99.273113, 19.623114230769264 ], [ -99.273150199999961, 19.623197446153881 ], [ -99.273187292307654, 19.623280707692356 ], [ -99.273216353846095, 19.623366784615378 ], [ -99.2732495538461, 19.623451492307698 ], [ -99.273283738461501, 19.623535861538496 ], [ -99.273336384615362, 19.623611215384642 ], [ -99.273399415384603, 19.623679046153843 ], [ -99.273465399999935, 19.623744292307709 ], [ -99.273541169230754, 19.623799169230747 ], [ -99.273617461538421, 19.623853400000058 ], [ -99.273697707692264, 19.623902215384611 ], [ -99.273778907692275, 19.623949630769225 ], [ -99.273850861538449, 19.624008953846115 ], [ -99.273918507692272, 19.624072661538474 ], [ -99.273988323076878, 19.6241342 ], [ -99.274055476923067, 19.624198384615386 ], [ -99.274112415384579, 19.624270876923067 ], [ -99.274162184615349, 19.624347969230737 ], [ -99.2742234, 19.624417276923065 ], [ -99.274303692307669, 19.624466046153827 ], [ -99.274387599999969, 19.624508984615396 ], [ -99.274482846153816, 19.6245042 ], [ -99.274577769230731, 19.624495492307709 ], [ -99.274671646153848, 19.624511415384621 ], [ -99.274753630769212, 19.624557569230792 ], [ -99.274802892307662, 19.624578492307677 ], [ -99.274846876923036, 19.624579261538475 ], [ -99.274907953846125, 19.624564369230782 ], [ -99.275007553846109, 19.624510184615353 ], [ -99.275072230769183, 19.624433615384639 ], [ -99.275132123076915, 19.624278184615392 ], [ -99.275181261538407, 19.624231507692276 ], [ -99.27527407692304, 19.624138169230758 ], [ -99.275295753846123, 19.624024230769209 ], [ -99.275295553846135, 19.623899969230777 ], [ -99.275246123076926, 19.623780953846154 ], [ -99.275191276923039, 19.623687830769246 ], [ -99.2751855230769, 19.623516984615389 ], [ -99.275228384615374, 19.623319184615411 ], [ -99.275359892307691, 19.623143907692338 ], [ -99.275479984615359, 19.623014292307658 ], [ -99.275628984615352, 19.622864430769198 ], [ -99.275708015384595, 19.622751799999964 ], [ -99.275707753846135, 19.622601815384588 ], [ -99.275707507692289, 19.622451815384625 ], [ -99.275667553846134, 19.622255 ], [ -99.275622507692248, 19.622011738461538 ], [ -99.275624061538451, 19.621900830769206 ], [ -99.275671676923025, 19.621812323076917 ], [ -99.275727046153833, 19.621860030769259 ], [ -99.275789507692281, 19.621997769230784 ], [ -99.275866769230717, 19.622104707692309 ], [ -99.275949599999961, 19.62224398461542 ], [ -99.276017938461493, 19.622409338461551 ], [ -99.276055338461518, 19.622571738461559 ], [ -99.276069569230714, 19.622674584615435 ], [ -99.276064399999967, 19.622787969230782 ], [ -99.27604136923074, 19.622906461538481 ], [ -99.276025461538453, 19.62300801538461 ], [ -99.27600773846153, 19.623096046153876 ], [ -99.275981753846125, 19.623169323076926 ], [ -99.275909953846138, 19.623259461538463 ], [ -99.275868569230752, 19.623321353846144 ], [ -99.275811569230768, 19.623436523076943 ], [ -99.275788476923054, 19.62352455384617 ], [ -99.275793984615362, 19.623604076923087 ], [ -99.275844169230737, 19.623685230769233 ], [ -99.275924753846155, 19.623781553846136 ], [ -99.275964276923048, 19.623898261538471 ], [ -99.275970430769206, 19.624099800000042 ], [ -99.275947553846123, 19.62426207692307 ], [ -99.27592016923073, 19.624346430769251 ], [ -99.275911938461505, 19.624466507692322 ], [ -99.275908923076898, 19.624594384615342 ], [ -99.275929938461516, 19.624709138461533 ], [ -99.275953323076905, 19.624797092307702 ], [ -99.276005507692261, 19.624926430769243 ], [ -99.276061169230772, 19.625000076923051 ], [ -99.276085261538455, 19.625020876923109 ], [ -99.27618012307687, 19.625030184615383 ], [ -99.276263784615381, 19.625073584615404 ], [ -99.276348030769213, 19.625115953846155 ], [ -99.27643978461532, 19.625140615384627 ], [ -99.276496138461525, 19.625213523076955 ], [ -99.276524923076863, 19.625299676923117 ], [ -99.276596723076921, 19.625359169230755 ], [ -99.276686292307645, 19.625390169230787 ], [ -99.276775692307694, 19.625421692307732 ], [ -99.276867215384584, 19.625447076923081 ], [ -99.276960092307675, 19.625467630769222 ], [ -99.277054538461513, 19.625480153846159 ], [ -99.277149738461503, 19.625485769230796 ], [ -99.277244969230765, 19.62549063076921 ], [ -99.277338799999967, 19.625474430769199 ], [ -99.277433569230723, 19.625464307692305 ], [ -99.277528738461527, 19.625458384615417 ], [ -99.277623307692281, 19.625446630769225 ], [ -99.277711076923097, 19.625411276923103 ], [ -99.277797784615359, 19.625373646153836 ], [ -99.27788629230767, 19.62533996923078 ], [ -99.277977276923025, 19.625312907692308 ], [ -99.278065907692266, 19.625279492307666 ], [ -99.278136938461515, 19.625219200000018 ], [ -99.278187846153827, 19.625168338461553 ], [ -99.278216615384579, 19.625112861538458 ], [ -99.27824949230768, 19.625055830769238 ], [ -99.278276123076878, 19.625000076923115 ], [ -99.278367384615379, 19.624881569230755 ], [ -99.278429953846128, 19.624784476923065 ], [ -99.278442599999948, 19.624686261538439 ], [ -99.278429615384582, 19.624583230769208 ], [ -99.278378138461491, 19.62446884615386 ], [ -99.278313969230737, 19.624390153846136 ], [ -99.278262723076892, 19.624368399999984 ], [ -99.278211446153861, 19.624332107692343 ], [ -99.278172969230752, 19.62429580000002 ], [ -99.278133107692284, 19.624199476923099 ], [ -99.278103307692277, 19.624134292307684 ], [ -99.278098123076887, 19.624099138461553 ], [ -99.27808009230769, 19.624043399999977 ], [ -99.27808, 19.623982461538443 ], [ -99.278065861538423, 19.623953384615383 ], [ -99.278046584615339, 19.623907338461571 ], [ -99.278034953846088, 19.623849169230756 ], [ -99.278051476923039, 19.623772769230815 ], [ -99.278102630769197, 19.623703153846172 ], [ -99.278123015384594, 19.623642492307713 ], [ -99.27812549230768, 19.623592784615401 ], [ -99.278113907692273, 19.623558861538466 ], [ -99.278115107692287, 19.6234966769231 ], [ -99.27814566153846, 19.623394784615343 ], [ -99.2781828, 19.623320153846141 ], [ -99.278190384615385, 19.623261938461557 ], [ -99.278220876923044, 19.623213769230791 ], [ -99.278241476923057, 19.623187907692294 ], [ -99.278282353846137, 19.623134492307681 ], [ -99.27834787692305, 19.623080215384622 ], [ -99.278415723076876, 19.623023507692295 ], [ -99.278440015384589, 19.623001646153849 ], [ -99.278433569230756, 19.622970138461511 ], [ -99.278438630769202, 19.622936184615376 ], [ -99.278456538461498, 19.622926446153865 ], [ -99.278482138461513, 19.622923984615394 ], [ -99.278501307692281, 19.622900923076966 ], [ -99.278548569230736, 19.622836600000031 ], [ -99.278581030769189, 19.62276830769229 ], [ -99.278603415384566, 19.622718907692317 ], [ -99.27864813846152, 19.622667923076914 ], [ -99.278696092307683, 19.622667492307723 ], [ -99.278739676923038, 19.622696523076932 ], [ -99.278766630769184, 19.622734076923088 ], [ -99.278807646153808, 19.622765523076904 ], [ -99.278852507692278, 19.622792138461573 ], [ -99.278884553846126, 19.622810261538433 ], [ -99.27892296923072, 19.622816276923082 ], [ -99.278975415384608, 19.622787092307689 ], [ -99.2790343230769, 19.622788215384606 ], [ -99.279074030769223, 19.62279906153848 ], [ -99.279112461538446, 19.622811123076897 ], [ -99.279148, 19.622803184615353 ], [ -99.279195630769223, 19.622785538461571 ], [ -99.279236615384605, 19.622786692307699 ], [ -99.279286538461534, 19.6227854 ], [ -99.27931593846148, 19.622750184615381 ], [ -99.279336415384591, 19.622706092307681 ], [ -99.279352246153834, 19.622665215384615 ], [ -99.279361261538455, 19.622622169230745 ], [ -99.279395369230741, 19.622608107692297 ], [ -99.279426076923059, 19.622599584615394 ], [ -99.279472153846143, 19.622593446153846 ], [ -99.279504153846119, 19.622584907692332 ], [ -99.279523307692244, 19.622552138461579 ], [ -99.279549338461493, 19.622546507692288 ], [ -99.279582369230752, 19.622532138461555 ], [ -99.27962915384613, 19.622525553846174 ], [ -99.279658338461502, 19.62254009230772 ], [ -99.279681492307702, 19.62255952307688 ], [ -99.279714892307695, 19.622559476923069 ], [ -99.279755953846134, 19.622525338461557 ], [ -99.279807292307638, 19.622503369230767 ], [ -99.27987924615384, 19.622500830769241 ], [ -99.279935769230761, 19.622503169230761 ], [ -99.279989738461524, 19.622510384615421 ], [ -99.280045430769221, 19.622530630769237 ], [ -99.28009855384613, 19.622558723076882 ], [ -99.280144061538451, 19.622597738461558 ], [ -99.280190415384581, 19.622660923076939 ], [ -99.280223953846146, 19.62273386153846 ], [ -99.280283199999957, 19.622826215384617 ], [ -99.28033990769228, 19.62292344615387 ], [ -99.280388830769198, 19.6229842 ], [ -99.280435123076884, 19.62300601538464 ], [ -99.280458184615355, 19.622974353846171 ], [ -99.280447815384605, 19.622923276923085 ], [ -99.280411753846124, 19.622867384615365 ], [ -99.280378292307645, 19.622835799999983 ], [ -99.280362784615377, 19.622782307692329 ], [ -99.280371676923068, 19.6226966 ], [ -99.280375892307674, 19.622632492307694 ], [ -99.280400846153796, 19.622509738461527 ], [ -99.280410953846143, 19.62241241538462 ], [ -99.280437046153821, 19.622335861538449 ], [ -99.280465184615338, 19.622262815384605 ], [ -99.280513876923052, 19.622189753846094 ], [ -99.280583123076866, 19.622119092307685 ], [ -99.280636984615384, 19.622065476923051 ], [ -99.280670276923075, 19.621997307692293 ], [ -99.280720230769219, 19.621946430769206 ], [ -99.280772907692281, 19.621916861538434 ], [ -99.280793369230722, 19.62186086153848 ], [ -99.280839538461493, 19.621814569230764 ], [ -99.280903661538431, 19.621748769230766 ], [ -99.280936969230751, 19.621695200000019 ], [ -99.280933892307644, 19.621608446153857 ], [ -99.280900323076892, 19.621518476923104 ], [ -99.280810215384591, 19.621411569230787 ], [ -99.280784338461501, 19.621304553846162 ], [ -99.28069158461534, 19.62116358461537 ], [ -99.280614369230733, 19.621080984615396 ], [ -99.280531784615377, 19.620981846153878 ], [ -99.280353599999984, 19.620776369230772 ], [ -99.280293969230726, 19.620576938461564 ], [ -99.280287076923031, 19.620396123076965 ], [ -99.280299846153838, 19.620355523076924 ], [ -99.280312584615388, 19.620292230769241 ], [ -99.280361307692232, 19.620236200000033 ], [ -99.280425461538414, 19.620185015384614 ], [ -99.280515323076912, 19.62015081538463 ], [ -99.28062570769228, 19.620092246153813 ], [ -99.280715599999965, 19.620070200000047 ], [ -99.280777261538418, 19.620070107692289 ], [ -99.280840076923084, 19.620080230769251 ], [ -99.280895076923031, 19.620106399999983 ], [ -99.280985692307652, 19.620134492307681 ], [ -99.281074753846127, 19.620166769230799 ], [ -99.281163599999942, 19.620199615384649 ], [ -99.281254984615344, 19.62021567692312 ], [ -99.281348369230741, 19.620248461538484 ], [ -99.281426969230751, 19.620303599999968 ], [ -99.281514676923038, 19.620339061538449 ], [ -99.281601323076885, 19.620376830769196 ], [ -99.281678923076896, 19.620429369230767 ], [ -99.281764415384586, 19.6204694 ], [ -99.281851138461491, 19.620507030769222 ], [ -99.281944815384563, 19.620523907692355 ], [ -99.28204018461534, 19.620523015384595 ], [ -99.282133199999976, 19.620503030769221 ], [ -99.28220626153842, 19.620444953846164 ], [ -99.282212923076912, 19.620354815384623 ], [ -99.282220738461504, 19.620264738461564 ], [ -99.282281030769184, 19.620194723076949 ], [ -99.282338261538413, 19.620122430769261 ], [ -99.28241847692307, 19.620073553846169 ], [ -99.282510292307677, 19.620097984615381 ], [ -99.282574507692289, 19.62016479999998 ], [ -99.282634676923067, 19.620234907692272 ], [ -99.282668584615337, 19.620319384615399 ], [ -99.282681984615337, 19.62040884615384 ], [ -99.282681830769206, 19.620499215384619 ], [ -99.282668476923035, 19.620588707692281 ], [ -99.282655261538437, 19.6206782 ], [ -99.282655323076867, 19.620768569230769 ], [ -99.282648138461525, 19.620858676923071 ], [ -99.28260779999998, 19.62094056923079 ], [ -99.282536138461481, 19.621000199999987 ], [ -99.282444461538446, 19.621025107692287 ], [ -99.282351538461498, 19.621045430769222 ], [ -99.282258169230772, 19.621063846153863 ], [ -99.282162784615366, 19.62106373846154 ], [ -99.282067676923049, 19.621057215384599 ], [ -99.281973292307654, 19.621044261538518 ], [ -99.281881507692276, 19.621019692307669 ], [ -99.281792861538435, 19.620986369230771 ], [ -99.28170333846154, 19.620955184615418 ], [ -99.28161203076921, 19.620929107692316 ], [ -99.281518523076912, 19.620911353846139 ], [ -99.28142353846151, 19.620919492307664 ], [ -99.281370892307677, 19.620994846153845 ], [ -99.281371323076883, 19.6210852153846 ], [ -99.28140619999995, 19.62116932307692 ], [ -99.281465707692263, 19.62123995384615 ], [ -99.281522953846135, 19.62131223076921 ], [ -99.281575692307655, 19.621387523076908 ], [ -99.281591661538414, 19.621476615384612 ], [ -99.281623338461529, 19.62156184615386 ], [ -99.281619199999952, 19.621652138461513 ], [ -99.28160106153841, 19.621740861538466 ], [ -99.281581830769198, 19.621829369230802 ], [ -99.281561415384587, 19.621917646153843 ], [ -99.281527, 19.622001923076933 ], [ -99.281486769230739, 19.622083861538467 ], [ -99.281433923076861, 19.622159076923115 ], [ -99.281365292307697, 19.622221846153849 ], [ -99.281286184615325, 19.622272307692334 ], [ -99.281209938461529, 19.622326599999969 ], [ -99.281154584615351, 19.622400184615401 ], [ -99.281120769230739, 19.622484692307726 ], [ -99.2810948, 19.622571646153848 ], [ -99.281094953846093, 19.622662015384623 ], [ -99.281095123076923, 19.622752384615374 ], [ -99.281095384615355, 19.622842753846133 ], [ -99.28110244615381, 19.622932876923052 ], [ -99.281116107692299, 19.62302230769232 ], [ -99.281130199999964, 19.62311169230766 ], [ -99.281136753846098, 19.623201846153858 ], [ -99.281157215384567, 19.62329010769232 ], [ -99.281156907692264, 19.623380476923106 ], [ -99.281148769230754, 19.6234705230769 ], [ -99.281116661538462, 19.623555615384632 ], [ -99.281049953846136, 19.62362021538463 ], [ -99.280989815384601, 19.623690353846147 ], [ -99.280926553846129, 19.623757969230773 ], [ -99.280862276923045, 19.623824723076901 ], [ -99.280787984615358, 19.62388140000002 ], [ -99.280701199999982, 19.623918876923099 ], [ -99.280603538461492, 19.623936661538448 ], [ -99.280500861538442, 19.623950030769272 ], [ -99.280491030769184, 19.624000984615389 ], [ -99.280561692307685, 19.624100846153826 ], [ -99.280642723076895, 19.624162846153848 ], [ -99.280670092307659, 19.62419295384613 ], [ -99.280696538461498, 19.624258384615366 ], [ -99.280782553846109, 19.624482707692273 ], [ -99.28081887692305, 19.624532538461573 ], [ -99.280855123076904, 19.624548076923077 ], [ -99.280999923076934, 19.624491723076929 ], [ -99.281118430769197, 19.624457246153817 ], [ -99.281269861538433, 19.624428953846166 ], [ -99.28137192307689, 19.624410092307659 ], [ -99.281500369230756, 19.624416123076919 ], [ -99.281566292307659, 19.624444076923069 ], [ -99.281681507692284, 19.624418953846188 ], [ -99.281777030769192, 19.624431276923097 ], [ -99.281810061538422, 19.624484230769237 ], [ -99.281793692307645, 19.624540369230768 ], [ -99.281764246153855, 19.624655769230792 ], [ -99.281800476923038, 19.624655707692341 ], [ -99.281813692307679, 19.624680630769237 ], [ -99.281859923076894, 19.624752261538458 ], [ -99.281919353846135, 19.624839461538475 ], [ -99.281945784615345, 19.624886184615359 ], [ -99.281968646153828, 19.625000076923051 ], [ -99.281986492307638, 19.625065030769271 ], [ -99.282000969230708, 19.625160369230741 ], [ -99.282028215384571, 19.625238799999977 ], [ -99.282084399999974, 19.625307907692331 ], [ -99.282140338461531, 19.625353492307692 ], [ -99.282219246153829, 19.625358169230754 ], [ -99.28229759999995, 19.625316092307695 ], [ -99.282382353846117, 19.625274646153887 ], [ -99.282462784615362, 19.62522607692307 ], [ -99.282536615384586, 19.62516887692308 ], [ -99.282626584615372, 19.625138876923096 ], [ -99.282715123076926, 19.625105292307687 ], [ -99.282897953846117, 19.625045707692276 ], [ -99.283076984615349, 19.625000076923051 ], [ -99.283129630769167, 19.624989323076921 ], [ -99.283222446153815, 19.624968523076937 ], [ -99.283313538461499, 19.624941738461537 ], [ -99.283389969230754, 19.624887692307698 ], [ -99.283480246153829, 19.62485856923081 ], [ -99.28357530769226, 19.624851215384595 ], [ -99.283668661538428, 19.624832707692342 ], [ -99.283746369230741, 19.624780307692319 ], [ -99.28380841538457, 19.624711692307695 ], [ -99.283864046153823, 19.624638276923076 ], [ -99.283905276923079, 19.62455678461539 ], [ -99.283952215384573, 19.624478123076948 ], [ -99.283957907692269, 19.624387923076917 ], [ -99.283946876923039, 19.624298153846173 ], [ -99.283929353846162, 19.624209323076926 ], [ -99.283907323076917, 19.624121399999989 ], [ -99.283896215384615, 19.624031646153835 ], [ -99.283889184615347, 19.623941523076894 ], [ -99.283867276923047, 19.623853569230757 ], [ -99.283898461538428, 19.623768169230743 ], [ -99.283955246153837, 19.623695569230748 ], [ -99.28398927692308, 19.623611138461566 ], [ -99.283995861538401, 19.623520984615414 ], [ -99.284001707692298, 19.62343078461538 ], [ -99.284029938461515, 19.623344461538458 ], [ -99.284107138461536, 19.623291399999957 ], [ -99.284186169230736, 19.623240830769262 ], [ -99.284269369230714, 19.623285015384624 ], [ -99.284355723076914, 19.623323369230746 ], [ -99.284436307692289, 19.623371692307682 ], [ -99.284438738461546, 19.623462030769229 ], [ -99.28442275384613, 19.623551123076915 ], [ -99.28438838461534, 19.623635415384637 ], [ -99.284335723076879, 19.623710769230723 ], [ -99.284288061538433, 19.623789046153863 ], [ -99.284286369230742, 19.6238794 ], [ -99.284381738461519, 19.623878 ], [ -99.284454892307664, 19.623820030769227 ], [ -99.284534799999975, 19.62377069230773 ], [ -99.284629599999974, 19.623780646153843 ], [ -99.284690092307684, 19.6238504923077 ], [ -99.2847667846154, 19.62390423076922 ], [ -99.28485363076922, 19.623941553846191 ], [ -99.284944707692304, 19.623968369230745 ], [ -99.28503881538461, 19.623983061538478 ], [ -99.285133430769193, 19.623994415384587 ], [ -99.285222461538424, 19.624026830769235 ], [ -99.285267846153801, 19.62410630769233 ], [ -99.285293830769191, 19.62419326153849 ], [ -99.285318738461527, 19.624280492307712 ], [ -99.285373138461495, 19.624354723076916 ], [ -99.285410030769171, 19.624438061538434 ], [ -99.285400215384584, 19.62452795384613 ], [ -99.285307, 19.624547076923083 ], [ -99.285211630769183, 19.624547938461546 ], [ -99.285127399999965, 19.624505538461538 ], [ -99.285045676923076, 19.624458953846144 ], [ -99.285003123076876, 19.624378076923058 ], [ -99.284923307692296, 19.624328615384638 ], [ -99.284827938461532, 19.624328400000021 ], [ -99.284732569230712, 19.624328538461572 ], [ -99.284637276923064, 19.624332092307728 ], [ -99.284542199999962, 19.624339184615383 ], [ -99.284447, 19.624344723076945 ], [ -99.284353138461512, 19.624360753846151 ], [ -99.284381876923035, 19.62444692307697 ], [ -99.284471369230772, 19.62447818461543 ], [ -99.284562353846113, 19.62450527692307 ], [ -99.284653338461482, 19.624532384615435 ], [ -99.284738061538405, 19.624573861538501 ], [ -99.284809199999955, 19.624634061538472 ], [ -99.284898969230724, 19.624664569230749 ], [ -99.284989123076869, 19.624694076923028 ], [ -99.285078815384594, 19.6247248 ], [ -99.285169861538435, 19.624751707692287 ], [ -99.285261399999968, 19.624777076923106 ], [ -99.285347415384564, 19.624816107692329 ], [ -99.285427846153837, 19.624864661538453 ], [ -99.285507338461514, 19.624914600000029 ], [ -99.285583353846121, 19.624969184615399 ], [ -99.285615523076913, 19.625000076923101 ], [ -99.285683384615339, 19.625079261538428 ], [ -99.285725369230732, 19.625099107692318 ], [ -99.285768399999981, 19.625102384615399 ], [ -99.285800676923031, 19.625093169230784 ], [ -99.285831323076891, 19.625069661538472 ], [ -99.285850292307671, 19.625039215384614 ], [ -99.285868753846117, 19.625000076923101 ], [ -99.285927553846122, 19.624876215384596 ], [ -99.285979384615359, 19.6247414 ], [ -99.28610770769231, 19.624675461538441 ], [ -99.286094123076893, 19.62484636923077 ], [ -99.286025353846128, 19.625000076923115 ], [ -99.286007692307663, 19.6250404 ], [ -99.285990430769232, 19.625096292307688 ], [ -99.285903953846145, 19.625267307692354 ], [ -99.285817276923041, 19.625336461538485 ], [ -99.285737461538446, 19.625343153846163 ], [ -99.285671446153827, 19.625316969230749 ], [ -99.285615799999974, 19.625251338461478 ], [ -99.285566984615357, 19.62513310769225 ], [ -99.285424553846141, 19.625070892307647 ], [ -99.28535852307688, 19.625028276923096 ], [ -99.28526476923075, 19.625018569230761 ], [ -99.285185, 19.625058123076897 ], [ -99.285054061538446, 19.625143569230801 ], [ -99.284998261538448, 19.62514893846156 ], [ -99.284955430769216, 19.625119076923113 ], [ -99.28493303076921, 19.6250662923077 ], [ -99.28491355384611, 19.625000076923079 ], [ -99.284847984615354, 19.624920123076944 ], [ -99.284769738461492, 19.62484629230768 ], [ -99.28472, 19.624824861538478 ], [ -99.28466369230766, 19.624839430769214 ], [ -99.284609184615377, 19.624862461538463 ], [ -99.284558184615364, 19.624930861538456 ], [ -99.284476846153822, 19.625000076923079 ], [ -99.284430799999981, 19.625051246153838 ], [ -99.2843825384615, 19.625105892307673 ], [ -99.284338015384577, 19.625169353846136 ], [ -99.284306461538449, 19.625209907692323 ], [ -99.284269353846128, 19.625259261538481 ], [ -99.284228538461491, 19.625317430769265 ], [ -99.284180138461537, 19.625365353846131 ], [ -99.284106799999947, 19.625423153846139 ], [ -99.284024292307663, 19.625468476923086 ], [ -99.283944046153835, 19.625517307692284 ], [ -99.283863861538421, 19.625566230769238 ], [ -99.283778953846138, 19.625607400000032 ], [ -99.283693707692294, 19.625647907692322 ], [ -99.283606384615339, 19.625684261538453 ], [ -99.283522, 19.625726369230787 ], [ -99.283440384615332, 19.625773123076922 ], [ -99.283371723076911, 19.62583584615383 ], [ -99.283310399999962, 19.625905061538454 ], [ -99.283261369230729, 19.625982569230768 ], [ -99.283240261538424, 19.626070692307703 ], [ -99.283245846153818, 19.626160907692299 ], [ -99.283268738461516, 19.626248630769251 ], [ -99.283290584615358, 19.62633660000002 ], [ -99.283302584615342, 19.626426261538466 ], [ -99.283314599999983, 19.626515907692351 ], [ -99.283320861538442, 19.626606076923075 ], [ -99.283321092307688, 19.626696446153861 ], [ -99.283366199999989, 19.626776076923054 ], [ -99.283413599999989, 19.6268544923077 ], [ -99.283415723076899, 19.626944846153851 ], [ -99.283334399999958, 19.626897630769225 ], [ -99.283252507692296, 19.626851307692288 ], [ -99.283186292307661, 19.626786261538456 ], [ -99.283145553846111, 19.626704553846167 ], [ -99.283094061538407, 19.62662849230767 ], [ -99.283021615384584, 19.626569707692322 ], [ -99.282933169230745, 19.626535923076919 ], [ -99.282855276923044, 19.626483784615342 ], [ -99.282774153846148, 19.626436246153865 ], [ -99.282687707692276, 19.626398076923088 ], [ -99.282598415384598, 19.626366307692315 ], [ -99.282505138461531, 19.626347476923073 ], [ -99.282409892307683, 19.62635213846152 ], [ -99.282314738461494, 19.62635816923077 ], [ -99.282219553846119, 19.626363938461484 ], [ -99.28212564615383, 19.626379723076951 ], [ -99.282033384615346, 19.6264026 ], [ -99.281940892307631, 19.626424646153854 ], [ -99.281847276923017, 19.626441969230804 ], [ -99.281754599999957, 19.626463276923083 ], [ -99.28166115384613, 19.626481384615371 ], [ -99.281568630769186, 19.626503307692303 ], [ -99.281482984615366, 19.626543061538499 ], [ -99.281396599999965, 19.626581353846191 ], [ -99.28130624615379, 19.626610323076886 ], [ -99.281213446153771, 19.626631169230784 ], [ -99.281123369230741, 19.626660861538461 ], [ -99.281039246153796, 19.626703430769215 ], [ -99.280947030769198, 19.626726461538485 ], [ -99.280852692307633, 19.626713169230801 ], [ -99.280788799999982, 19.626646061538473 ], [ -99.280736784615343, 19.626570323076923 ], [ -99.280682415384589, 19.626496076923047 ], [ -99.280617984615404, 19.62642944615385 ], [ -99.280553353846145, 19.626362984615429 ], [ -99.280491492307675, 19.626294215384618 ], [ -99.28043370769231, 19.62622230769232 ], [ -99.280371923076899, 19.626153461538436 ], [ -99.2803046, 19.626089461538488 ], [ -99.280216184615341, 19.626055553846168 ], [ -99.280124661538423, 19.626030153846163 ], [ -99.280031061538423, 19.626012830769248 ], [ -99.279936584615328, 19.62600046153845 ], [ -99.279842769230726, 19.625984153846176 ], [ -99.279752030769203, 19.625956338461581 ], [ -99.279667584615382, 19.62591433846152 ], [ -99.279598569230743, 19.625851969230787 ], [ -99.279515984615372, 19.625806753846152 ], [ -99.279420615384581, 19.625805769230759 ], [ -99.279325384615333, 19.62581061538463 ], [ -99.279230015384556, 19.625811584615356 ], [ -99.279144984615343, 19.625852507692322 ], [ -99.279060953846113, 19.625895246153831 ], [ -99.278979199999966, 19.625941784615414 ], [ -99.278891984615342, 19.625978384615394 ], [ -99.27880921538457, 19.626023261538474 ], [ -99.278728984615341, 19.626072123076895 ], [ -99.278655430769192, 19.626129661538471 ], [ -99.278593799999982, 19.626198630769224 ], [ -99.278532769230736, 19.626268061538461 ], [ -99.278474615384582, 19.626339692307685 ], [ -99.278416523076913, 19.626411353846176 ], [ -99.278349492307655, 19.626475661538443 ], [ -99.278282107692291, 19.6265396 ], [ -99.278206907692251, 19.626595184615379 ], [ -99.278131369230735, 19.626650353846188 ], [ -99.27805581538459, 19.6267055076923 ], [ -99.277975061538413, 19.626753599999972 ], [ -99.277884815384596, 19.626782815384651 ], [ -99.27779335384615, 19.626808415384652 ], [ -99.277699799999979, 19.626825969230772 ], [ -99.277606292307681, 19.626843784615424 ], [ -99.277511630769212, 19.626854769230761 ], [ -99.27741953846153, 19.626878276923048 ], [ -99.277328538461518, 19.626905323076926 ], [ -99.277254984615368, 19.626962861538445 ], [ -99.277231507692264, 19.627050446153852 ], [ -99.277213984615315, 19.627139276923103 ], [ -99.2772139384615, 19.627229646153836 ], [ -99.277212030769164, 19.62732 ], [ -99.277214153846131, 19.627410353846184 ], [ -99.277231892307668, 19.627499138461577 ], [ -99.277244215384556, 19.627588753846144 ], [ -99.277256246153812, 19.627678400000011 ], [ -99.277256953846162, 19.627768769230762 ], [ -99.277268584615328, 19.627858461538512 ], [ -99.277269046153819, 19.627948830769238 ], [ -99.277192707692265, 19.627894676923056 ], [ -99.277154107692269, 19.627812030769274 ], [ -99.277128261538437, 19.627725046153877 ], [ -99.277064753846133, 19.627657630769257 ], [ -99.276979923076908, 19.6276163076923 ], [ -99.276921569230723, 19.627544830769242 ], [ -99.276857015384593, 19.627478307692314 ], [ -99.276798569230763, 19.627406892307711 ], [ -99.276743984615365, 19.627332784615376 ], [ -99.276692199999957, 19.627256907692288 ], [ -99.276661184615364, 19.627171446153895 ], [ -99.276620676923045, 19.627089630769227 ], [ -99.276556538461492, 19.627022738461548 ], [ -99.27649192307689, 19.626956276923078 ], [ -99.276439753846105, 19.626880630769246 ], [ -99.276372938461506, 19.626816138461532 ], [ -99.276317123076893, 19.626742861538485 ], [ -99.276242584615389, 19.62668649230768 ], [ -99.276151246153816, 19.626660492307657 ], [ -99.276057538461515, 19.626643661538445 ], [ -99.275962169230738, 19.62664318461535 ], [ -99.275866923076862, 19.626638384615365 ], [ -99.275772323076879, 19.626626861538444 ], [ -99.275676984615345, 19.626624338461546 ], [ -99.275581646153825, 19.626621953846179 ], [ -99.275486476923021, 19.626616123076911 ], [ -99.275391107692286, 19.626616123076893 ], [ -99.275295723076908, 19.626616261538487 ], [ -99.27520052307689, 19.626621692307687 ], [ -99.275107538461498, 19.626641769230805 ], [ -99.275015307692314, 19.626664769230807 ], [ -99.274921507692312, 19.62668113846151 ], [ -99.274828184615373, 19.626699784615386 ], [ -99.274756676923033, 19.626759584615389 ], [ -99.274678538461515, 19.626811415384605 ], [ -99.274583169230766, 19.62681221538466 ], [ -99.2744878, 19.626812446153888 ], [ -99.274393938461486, 19.626828446153823 ], [ -99.274310353846118, 19.626871969230777 ], [ -99.274219753846126, 19.626900215384644 ], [ -99.274129153846118, 19.626928461538483 ], [ -99.274037092307694, 19.626952030769253 ], [ -99.273941723076916, 19.626952523076941 ], [ -99.273849123076886, 19.626930846153872 ], [ -99.273753753846123, 19.626930584615373 ], [ -99.273658384615345, 19.626930692307731 ], [ -99.273563, 19.626930830769236 ], [ -99.27346763076919, 19.626930969230809 ], [ -99.273372261538455, 19.626931123076943 ], [ -99.273277076923037, 19.626936769230795 ], [ -99.273185984615367, 19.626963569230742 ], [ -99.273103753846115, 19.627009353846145 ], [ -99.273034415384558, 19.627071399999984 ], [ -99.27296687692305, 19.627135200000023 ], [ -99.272914692307637, 19.62721084615384 ], [ -99.272883138461495, 19.627296123076896 ], [ -99.272865138461498, 19.627384861538445 ], [ -99.272858830769181, 19.627475046153865 ], [ -99.272869092307687, 19.627564892307706 ], [ -99.272893276923043, 19.627652307692323 ], [ -99.27290012307688, 19.627742446153857 ], [ -99.272900461538427, 19.627832815384583 ], [ -99.272906492307655, 19.627923 ], [ -99.272912261538451, 19.628013199999984 ], [ -99.272919907692284, 19.628103276923088 ], [ -99.272937815384566, 19.62819204615386 ], [ -99.273000492307645, 19.628308584615354 ], [ -99.272892246153845, 19.628246661538466 ], [ -99.272827384615368, 19.628180415384609 ], [ -99.272747153846112, 19.62813155384617 ], [ -99.272654507692266, 19.628110061538447 ], [ -99.272559476923064, 19.628102492307676 ], [ -99.272464092307672, 19.62810236923076 ], [ -99.272369353846102, 19.628112738461532 ], [ -99.272274369230743, 19.628120830769266 ], [ -99.272179092307667, 19.628125030769205 ], [ -99.272083892307663, 19.628130461538415 ], [ -99.271989230769194, 19.628141492307684 ], [ -99.271894046153818, 19.628147184615376 ], [ -99.271798661538426, 19.628147876923098 ], [ -99.271703292307649, 19.628148030769257 ], [ -99.271607923076914, 19.628148184615423 ], [ -99.271512538461508, 19.628148323076889 ], [ -99.271418661538405, 19.628164261538494 ], [ -99.271339030769198, 19.628213984615371 ], [ -99.271256338461498, 19.628259015384614 ], [ -99.271170030769213, 19.62829746153847 ], [ -99.271075569230732, 19.628310015384599 ], [ -99.27098826153842, 19.628273676923076 ], [ -99.270908199999965, 19.628224569230802 ], [ -99.270826630769193, 19.628177738461527 ], [ -99.270731815384565, 19.628167892307708 ], [ -99.270660692307658, 19.628107692307701 ], [ -99.270587092307679, 19.628050215384611 ], [ -99.270506815384564, 19.628001415384634 ], [ -99.270428199999969, 19.627950246153816 ], [ -99.270345338461496, 19.627905492307651 ], [ -99.270250723076927, 19.627894076923088 ], [ -99.270174815384621, 19.627839369230763 ], [ -99.270185107692271, 19.627749523076925 ], [ -99.270109492307654, 19.627694430769214 ], [ -99.270090907692293, 19.627605800000026 ], [ -99.270135030769211, 19.627525692307714 ], [ -99.27018872307687, 19.627450984615358 ], [ -99.270212769230753, 19.627363538461552 ], [ -99.2702024, 19.627273707692307 ], [ -99.270172784615355, 19.627187800000033 ], [ -99.270135076923054, 19.627104800000023 ], [ -99.270094876923039, 19.62702284615386 ], [ -99.270061599999977, 19.626938153846172 ], [ -99.270004230769175, 19.626865969230796 ], [ -99.2699496, 19.626791892307683 ], [ -99.26985961538459, 19.626761953846152 ], [ -99.269784015384573, 19.626817061538482 ], [ -99.269725692307674, 19.626888553846157 ], [ -99.269701815384607, 19.626976046153828 ], [ -99.269678753846151, 19.627063723076944 ], [ -99.269688953846128, 19.627153584615382 ], [ -99.269650615384563, 19.627236323076943 ], [ -99.269630815384588, 19.627324738461571 ], [ -99.269642092307691, 19.627414461538461 ], [ -99.269676476923053, 19.627498769230804 ], [ -99.269683969230741, 19.627588846153852 ], [ -99.26968438461536, 19.627679215384617 ], [ -99.269712446153804, 19.627765584615421 ], [ -99.269754538461541, 19.627846676923092 ], [ -99.269824569230749, 19.62790804615387 ], [ -99.26989050769231, 19.62784275384611 ], [ -99.269977799999964, 19.627806338461514 ], [ -99.270073123076912, 19.627803215384656 ], [ -99.27002844615383, 19.627883061538416 ], [ -99.269938369230744, 19.62791276923075 ], [ -99.269871830769191, 19.627977507692261 ], [ -99.269834399999951, 19.62806063076922 ], [ -99.269792107692254, 19.628141630769282 ], [ -99.269736969230721, 19.628215369230752 ], [ -99.269686615384614, 19.628292123076953 ], [ -99.269644646153836, 19.628373261538449 ], [ -99.269598923076899, 19.628452569230781 ], [ -99.269583199999957, 19.628541707692289 ], [ -99.269560815384565, 19.62862955384616 ], [ -99.269535138461507, 19.628716584615379 ], [ -99.269488138461512, 19.628795230769231 ], [ -99.269454646153818, 19.628879830769236 ], [ -99.269419415384633, 19.628963815384608 ], [ -99.269350676923054, 19.629026461538452 ], [ -99.269280476923029, 19.629087646153838 ], [ -99.26922424615384, 19.629160630769206 ], [ -99.269182307692276, 19.629241800000013 ], [ -99.269148892307655, 19.629326446153851 ], [ -99.269098046153815, 19.629402892307684 ], [ -99.269043215384613, 19.629476830769217 ], [ -99.269012046153819, 19.629562246153863 ], [ -99.269000030769206, 19.629651892307695 ], [ -99.269005630769229, 19.629742107692323 ], [ -99.269034630769184, 19.6298282 ], [ -99.269070046153814, 19.629912107692302 ], [ -99.26911724615384, 19.629990630769257 ], [ -99.269141076923077, 19.63007813846157 ], [ -99.269049138461526, 19.630054092307713 ], [ -99.268989969230731, 19.630124969230806 ], [ -99.269000784615372, 19.630214753846186 ], [ -99.268928323076878, 19.630273507692298 ], [ -99.268850984615341, 19.630326400000044 ], [ -99.268770184615349, 19.630374430769198 ], [ -99.268691676923041, 19.630425738461543 ], [ -99.268616015384609, 19.63048075384615 ], [ -99.268533184615364, 19.630525553846187 ], [ -99.268438846153828, 19.630538830769254 ], [ -99.26834359999998, 19.630533892307671 ], [ -99.268251569230742, 19.630510200000035 ], [ -99.268163846153797, 19.630474738461537 ], [ -99.268079384615334, 19.630432738461526 ], [ -99.267996323076886, 19.630388338461533 ], [ -99.26790398461533, 19.63036573846156 ], [ -99.267809676923051, 19.630352246153809 ], [ -99.267714307692287, 19.630350969230768 ], [ -99.267621615384598, 19.630372292307708 ], [ -99.267538230769176, 19.630416138461541 ], [ -99.267462307692298, 19.630470846153834 ], [ -99.267394415384615, 19.630534323076898 ], [ -99.267318569230738, 19.630589107692337 ], [ -99.267240815384582, 19.630641446153813 ], [ -99.267149630769239, 19.630667938461514 ], [ -99.267054538461522, 19.630674923076953 ], [ -99.266959369230733, 19.630680753846121 ], [ -99.266866707692301, 19.630702169230791 ], [ -99.266780907692308, 19.630741630769265 ], [ -99.266703138461509, 19.630793953846169 ], [ -99.266618384615356, 19.630835415384599 ], [ -99.266528169230725, 19.630864707692268 ], [ -99.266436723076879, 19.630890384615405 ], [ -99.266345061538445, 19.630915384615349 ], [ -99.266262092307656, 19.630959953846158 ], [ -99.266191646153814, 19.631020861538452 ], [ -99.266107692307656, 19.631063769230796 ], [ -99.266014569230776, 19.631083276923057 ], [ -99.265919953846137, 19.63109466153848 ], [ -99.265825892307674, 19.631109630769171 ], [ -99.26573153846148, 19.631122784615393 ], [ -99.265641061538417, 19.631151415384664 ], [ -99.265568753846125, 19.631210323076917 ], [ -99.265506846153798, 19.631279076923107 ], [ -99.265426215384593, 19.631327353846181 ], [ -99.265336246153822, 19.63135732307693 ], [ -99.265243476923075, 19.631378292307701 ], [ -99.265152338461547, 19.631404953846165 ], [ -99.265064307692313, 19.631439738461552 ], [ -99.264978907692296, 19.631479953846156 ], [ -99.264890415384613, 19.631513676923063 ], [ -99.264795661538429, 19.631523969230759 ], [ -99.264707569230723, 19.631558630769202 ], [ -99.264640046153815, 19.631622446153845 ], [ -99.264594723076883, 19.631701969230782 ], [ -99.264547646153829, 19.631780553846149 ], [ -99.26450649230766, 19.63186207692311 ], [ -99.264475676923041, 19.6319476 ], [ -99.264442369230736, 19.63203229230766 ], [ -99.264402692307655, 19.632114461538464 ], [ -99.264358153846118, 19.632194369230817 ], [ -99.264294184615338, 19.632261415384601 ], [ -99.264224092307686, 19.632322692307646 ], [ -99.264169276923013, 19.632396646153861 ], [ -99.264236399999945, 19.632460861538469 ], [ -99.26433136923076, 19.632469169230784 ], [ -99.264426753846138, 19.632469215384617 ], [ -99.264521430769207, 19.632480153846146 ], [ -99.264608984615364, 19.632515969230795 ], [ -99.264702292307675, 19.632497246153861 ], [ -99.264797676923038, 19.632496569230788 ], [ -99.264873984615363, 19.632550784615404 ], [ -99.264965923076886, 19.632526769230758 ], [ -99.265054830769202, 19.632559492307699 ], [ -99.265141599999964, 19.632597030769261 ], [ -99.265234307692268, 19.632618246153843 ], [ -99.265323046153824, 19.632585107692289 ], [ -99.265418261538429, 19.632579815384602 ], [ -99.265513430769204, 19.632573769230778 ], [ -99.265608799999967, 19.632573353846155 ], [ -99.265704184615359, 19.632573215384639 ], [ -99.265799553846136, 19.632573061538455 ], [ -99.265890738461508, 19.63259956923082 ], [ -99.265983261538409, 19.632621507692271 ], [ -99.266078399999955, 19.632628 ], [ -99.266173076923067, 19.632638830769228 ], [ -99.266266076923046, 19.632658938461571 ], [ -99.266356938461527, 19.632686384615404 ], [ -99.266450846153802, 19.6327021538461 ], [ -99.266545199999953, 19.632715430769224 ], [ -99.266638846153853, 19.63273256923075 ], [ -99.266732615384569, 19.632749076923108 ], [ -99.26682750769227, 19.63275821538463 ], [ -99.266921861538421, 19.632771353846163 ], [ -99.267016523076862, 19.632782492307673 ], [ -99.267110399999964, 19.6327984 ], [ -99.267204292307696, 19.632814307692303 ], [ -99.267297892307681, 19.632831692307683 ], [ -99.267391276923036, 19.632850092307695 ], [ -99.26748153846151, 19.632879261538488 ], [ -99.267575984615334, 19.632891907692283 ], [ -99.267670584615388, 19.632903338461539 ], [ -99.267765923076908, 19.632906276923112 ], [ -99.267859723076896, 19.632922661538469 ], [ -99.267949784615368, 19.632952400000054 ], [ -99.268045107692288, 19.63295546153844 ], [ -99.268140276923035, 19.632961230769244 ], [ -99.268234292307667, 19.632976446153812 ], [ -99.268327907692296, 19.632993784615387 ], [ -99.268422, 19.633008569230729 ], [ -99.268517338461493, 19.633010923076899 ], [ -99.26861204615382, 19.6330216769231 ], [ -99.268707415384583, 19.633021830769223 ], [ -99.2688028, 19.633021723076958 ], [ -99.268898169230738, 19.63302158461541 ], [ -99.268990646153838, 19.632999446153857 ], [ -99.269079969230731, 19.632967753846181 ], [ -99.269161799999964, 19.632921338461568 ], [ -99.26923466153842, 19.63286301538464 ], [ -99.269296415384574, 19.632794153846138 ], [ -99.269357984615354, 19.632725138461538 ], [ -99.269395230769206, 19.632641938461568 ], [ -99.269397415384617, 19.632551599999982 ], [ -99.269414215384629, 19.632462630769194 ], [ -99.269443646153803, 19.632376676923055 ], [ -99.269466830769204, 19.632289015384622 ], [ -99.269513215384606, 19.632210046153833 ], [ -99.269572399999987, 19.632139199999969 ], [ -99.269625307692252, 19.632064 ], [ -99.269686707692259, 19.631994846153823 ], [ -99.269732538461483, 19.631915600000013 ], [ -99.269780138461499, 19.631837292307733 ], [ -99.269825615384619, 19.631757846153828 ], [ -99.269872784615387, 19.631679307692313 ], [ -99.269903661538407, 19.631593799999983 ], [ -99.269909984615353, 19.631503630769227 ], [ -99.269920953846139, 19.63141386153843 ], [ -99.26993196923074, 19.631324092307686 ], [ -99.269949723076891, 19.631235307692297 ], [ -99.269973799999974, 19.631147861538466 ], [ -99.270002092307664, 19.631061553846141 ], [ -99.270025369230723, 19.630973923076933 ], [ -99.270058169230737, 19.630889076923086 ], [ -99.270097446153812, 19.630806723076919 ], [ -99.270134784615365, 19.630723553846167 ], [ -99.270198430769199, 19.630656261538469 ], [ -99.270286815384608, 19.630622276923091 ], [ -99.270378261538454, 19.630596630769229 ], [ -99.270462199999969, 19.630553707692275 ], [ -99.270525323076868, 19.630485953846144 ], [ -99.270562123076928, 19.630402584615386 ], [ -99.270643615384586, 19.630355630769216 ], [ -99.270738984615363, 19.630354046153855 ], [ -99.270817184615339, 19.630405784615395 ], [ -99.270856138461525, 19.630488276923099 ], [ -99.270876230769218, 19.630576615384605 ], [ -99.270951969230723, 19.630631538461547 ], [ -99.271046553846134, 19.630643138461512 ], [ -99.271139153846107, 19.630664815384595 ], [ -99.271221369230759, 19.630710615384615 ], [ -99.271300292307686, 19.630761353846161 ], [ -99.271376938461515, 19.630815138461575 ], [ -99.271457276923059, 19.630863846153851 ], [ -99.271545692307654, 19.630897707692306 ], [ -99.271632276923029, 19.630935630769248 ], [ -99.271711276923043, 19.630986261538439 ], [ -99.271776292307663, 19.631052369230758 ], [ -99.271838169230762, 19.631121138461555 ], [ -99.271910430769182, 19.631180138461549 ], [ -99.271984169230734, 19.63123743076925 ], [ -99.272050199999981, 19.631302646153888 ], [ -99.272113369230723, 19.631370353846187 ], [ -99.27218078461533, 19.631434276923081 ], [ -99.272261092307659, 19.631483046153889 ], [ -99.272349507692269, 19.631516923076887 ], [ -99.272406246153807, 19.631589569230819 ], [ -99.272460923076878, 19.6316636153846 ], [ -99.272527815384592, 19.631728030769249 ], [ -99.272600676923048, 19.631786353846124 ], [ -99.272685384615372, 19.631827876923076 ], [ -99.272777784615357, 19.631850292307711 ], [ -99.272873153846092, 19.63185129230768 ], [ -99.272966138461527, 19.63183123076923 ], [ -99.273055230769216, 19.631798969230783 ], [ -99.2731506, 19.631800723076971 ], [ -99.273148138461508, 19.631891061538468 ], [ -99.273104907692272, 19.631971615384593 ], [ -99.273062261538428, 19.632052446153875 ], [ -99.273043384615349, 19.632141030769272 ], [ -99.27306449230764, 19.632229153846136 ], [ -99.273087676923026, 19.632316815384609 ], [ -99.273112307692301, 19.632404123076899 ], [ -99.273137061538449, 19.6324914 ], [ -99.273167415384606, 19.632577061538473 ], [ -99.273193030769221, 19.632664107692293 ], [ -99.273271107692267, 19.632716015384602 ], [ -99.273350830769189, 19.632765646153857 ], [ -99.273391246153849, 19.632847492307679 ], [ -99.273398599999979, 19.632937600000034 ], [ -99.273404507692263, 19.633027784615379 ], [ -99.273440107692281, 19.633111630769257 ], [ -99.273510030769188, 19.633173092307722 ], [ -99.273580276923056, 19.633234215384604 ], [ -99.273650969230758, 19.63329489230766 ], [ -99.273727861538433, 19.633348353846145 ], [ -99.273799646153833, 19.633407846153872 ], [ -99.273875676923055, 19.633462415384621 ], [ -99.273950846153809, 19.633518046153849 ], [ -99.274022107692247, 19.633578107692308 ], [ -99.274092615384589, 19.633638969230731 ], [ -99.274157476923079, 19.633705215384612 ], [ -99.274235507692282, 19.633757184615352 ], [ -99.274321784615339, 19.633795707692293 ], [ -99.27440827692304, 19.63383381538463 ], [ -99.274499246153809, 19.633860969230795 ], [ -99.274594261538397, 19.633868876923085 ], [ -99.274688076923027, 19.633885169230755 ], [ -99.274772692307664, 19.633926846153841 ], [ -99.274849892307657, 19.633979938461543 ], [ -99.274928676923025, 19.634030861538452 ], [ -99.27501138461534, 19.634075861538449 ], [ -99.275094307692299, 19.63412052307697 ], [ -99.275174692307658, 19.634169153846155 ], [ -99.275257523076874, 19.634213953846135 ], [ -99.275350215384591, 19.634235261538432 ], [ -99.275445538461526, 19.634232061538473 ], [ -99.275532461538404, 19.634194846153854 ], [ -99.275603476923038, 19.634134523076902 ], [ -99.275676861538415, 19.634076815384667 ], [ -99.275738676923027, 19.634007984615401 ], [ -99.275815399999971, 19.633954292307646 ], [ -99.275896076923047, 19.633906092307704 ], [ -99.275988415384589, 19.633883507692332 ], [ -99.276070769230728, 19.633929107692303 ], [ -99.276078784615351, 19.634019153846168 ], [ -99.276038599999978, 19.634101107692299 ], [ -99.276003153846091, 19.634185015384606 ], [ -99.275985369230739, 19.634273800000024 ], [ -99.275979661538457, 19.634364 ], [ -99.275991169230736, 19.634453707692305 ], [ -99.276014461538409, 19.634541338461542 ], [ -99.276043015384587, 19.634627569230812 ], [ -99.276085153846125, 19.634708630769204 ], [ -99.276153415384599, 19.63477175384617 ], [ -99.276174507692275, 19.63479124615386 ], [ -99.276254, 19.634841184615407 ], [ -99.276340861538444, 19.634878492307674 ], [ -99.276434338461513, 19.63489646153845 ], [ -99.276527907692312, 19.634914015384616 ], [ -99.276616630769198, 19.634947153846188 ], [ -99.276705276923053, 19.634980507692298 ], [ -99.276787323076903, 19.6350265846154 ], [ -99.276870753846154, 19.635070400000025 ], [ -99.276954230769221, 19.635114092307685 ], [ -99.277033953846143, 19.635163707692282 ], [ -99.277114815384564, 19.63521163076922 ], [ -99.277194353846113, 19.635261507692306 ], [ -99.277279399999983, 19.635302430769251 ], [ -99.277363061538423, 19.635345815384618 ], [ -99.277444569230724, 19.635392753846183 ], [ -99.277525630769205, 19.635440384615396 ], [ -99.277605184615368, 19.635490230769253 ], [ -99.277686046153818, 19.635538153846159 ], [ -99.277771353846163, 19.635578569230777 ], [ -99.277862261538431, 19.635605923076881 ], [ -99.277952861538466, 19.635634184615387 ], [ -99.278036892307668, 19.635676938461543 ], [ -99.27810975384611, 19.63573524615385 ], [ -99.278185846153818, 19.635789738461497 ], [ -99.278262261538416, 19.635843815384593 ], [ -99.278354338461497, 19.63586739999997 ], [ -99.278446784615397, 19.635889615384613 ], [ -99.278529015384606, 19.6359354 ], [ -99.278618138461511, 19.635968092307706 ], [ -99.278657676923046, 19.636021200000027 ], [ -99.27871358461536, 19.636094415384669 ], [ -99.278712184615344, 19.636184784615374 ], [ -99.278642815384572, 19.636246800000023 ], [ -99.278548553846107, 19.636260584615371 ], [ -99.278453969230725, 19.636272246153869 ], [ -99.278359384615356, 19.636283923076903 ], [ -99.278264369230726, 19.636291861538453 ], [ -99.278169369230739, 19.636299784615378 ], [ -99.278080153846147, 19.636331753846147 ], [ -99.278009199999971, 19.636392138461535 ], [ -99.277969923076924, 19.636474492307688 ], [ -99.277978384615338, 19.636564507692295 ], [ -99.277993830769176, 19.636653692307704 ], [ -99.27799330769227, 19.636744061538476 ], [ -99.277919307692287, 19.636801076923089 ], [ -99.277831030769207, 19.636835292307698 ], [ -99.277739246153843, 19.636810676923048 ], [ -99.277656292307654, 19.636766076923067 ], [ -99.277562123076876, 19.63675180000002 ], [ -99.277466738461484, 19.636752046153877 ], [ -99.277369323076869, 19.636764138461583 ], [ -99.277304753846153, 19.636698523076955 ], [ -99.277240630769185, 19.636631630769198 ], [ -99.27716390769227, 19.636577938461532 ], [ -99.277093984615362, 19.63651647692306 ], [ -99.277025723076889, 19.636453369230825 ], [ -99.276969169230725, 19.636380584615402 ], [ -99.276901846153848, 19.636316584615411 ], [ -99.276815476923034, 19.636278230769221 ], [ -99.276725923076881, 19.636247153846188 ], [ -99.27663313846152, 19.636226215384625 ], [ -99.276540723076877, 19.636203815384629 ], [ -99.276448553846123, 19.636180584615392 ], [ -99.276356630769186, 19.636156492307673 ], [ -99.276262907692299, 19.636139707692305 ], [ -99.276170415384598, 19.636117661538439 ], [ -99.276075938461489, 19.636105261538486 ], [ -99.275980599999983, 19.636108153846184 ], [ -99.275886261538403, 19.636121415384611 ], [ -99.275798461538457, 19.636156723076919 ], [ -99.275711276923062, 19.63619338461541 ], [ -99.275619153846122, 19.636216769230803 ], [ -99.275524107692263, 19.636224415384618 ], [ -99.2754386, 19.636184369230758 ], [ -99.275383907692301, 19.636110338461474 ], [ -99.275347492307645, 19.6360268153846 ], [ -99.275325276923013, 19.635938938461571 ], [ -99.275278815384624, 19.635860015384626 ], [ -99.275208107692293, 19.63579935384616 ], [ -99.27514356923075, 19.635732830769193 ], [ -99.275066630769189, 19.635679415384651 ], [ -99.274994215384581, 19.6356206 ], [ -99.274909092307709, 19.635579830769199 ], [ -99.274846015384583, 19.635512046153863 ], [ -99.274750846153808, 19.635517953846175 ], [ -99.274657876923044, 19.635538169230784 ], [ -99.27457035384613, 19.635502261538456 ], [ -99.274516476923054, 19.635427692307694 ], [ -99.274447646153803, 19.635365123076923 ], [ -99.274377446153807, 19.635303953846169 ], [ -99.274302846153802, 19.635247646153818 ], [ -99.274219461538436, 19.635203769230756 ], [ -99.274136461538447, 19.635159246153872 ], [ -99.274050538461495, 19.63512 ], [ -99.273957415384587, 19.635100461538464 ], [ -99.273862046153823, 19.635099876923064 ], [ -99.27377530769229, 19.635062307692319 ], [ -99.273684969230757, 19.635033276923075 ], [ -99.273593476923068, 19.635007769230732 ], [ -99.2735025384615, 19.634980507692326 ], [ -99.273408907692257, 19.63496330769232 ], [ -99.273313584615352, 19.634960153846173 ], [ -99.273218707692251, 19.634969461538493 ], [ -99.273126630769227, 19.634993 ], [ -99.273038692307679, 19.635028 ], [ -99.272951215384566, 19.635064015384618 ], [ -99.272872861538445, 19.635115538461516 ], [ -99.272810215384624, 19.635183692307709 ], [ -99.272750199999962, 19.635253923076885 ], [ -99.272702507692273, 19.635175661538455 ], [ -99.272746200000014, 19.635095338461571 ], [ -99.272772707692283, 19.63500852307692 ], [ -99.272811246153836, 19.634925861538441 ], [ -99.272860215384554, 19.634848323076934 ], [ -99.272889384615368, 19.634762276923059 ], [ -99.27291447692302, 19.634675092307699 ], [ -99.272908784615353, 19.63458487692311 ], [ -99.272875661538436, 19.63450013846154 ], [ -99.272839076923034, 19.634416676923088 ], [ -99.272801753846139, 19.634333523076958 ], [ -99.272753030769195, 19.634255830769259 ], [ -99.272701861538422, 19.634179569230803 ], [ -99.272654492307652, 19.634101138461524 ], [ -99.272614015384605, 19.634019292307734 ], [ -99.272571415384604, 19.633938446153859 ], [ -99.272526276923074, 19.633858846153846 ], [ -99.272479984615345, 19.633779830769228 ], [ -99.272426046153782, 19.633705292307717 ], [ -99.272370153846154, 19.633632061538449 ], [ -99.272315815384587, 19.6335578 ], [ -99.272261876923082, 19.633483276923066 ], [ -99.272196107692309, 19.633417815384586 ], [ -99.272130169230749, 19.633352523076905 ], [ -99.272051338461509, 19.633301646153864 ], [ -99.271970953846107, 19.633253015384632 ], [ -99.271889615384595, 19.633205830769242 ], [ -99.271808815384588, 19.633157799999982 ], [ -99.271718076923051, 19.633129984615422 ], [ -99.271623876923044, 19.6331158 ], [ -99.271530046153813, 19.633099553846151 ], [ -99.271434969230725, 19.633092384615409 ], [ -99.271342815384557, 19.633115676923104 ], [ -99.271256184615353, 19.633153476923102 ], [ -99.271174923076885, 19.633200784615383 ], [ -99.271092938461493, 19.633246969230775 ], [ -99.271016630769225, 19.633301184615387 ], [ -99.27093847692305, 19.633352984615353 ], [ -99.270860369230732, 19.633404846153852 ], [ -99.270785292307636, 19.633460584615385 ], [ -99.270724784615354, 19.633530430769234 ], [ -99.270663938461539, 19.633600030769205 ], [ -99.270600892307684, 19.633667846153841 ], [ -99.270540907692279, 19.633738092307706 ], [ -99.270480953846132, 19.633808384615392 ], [ -99.270427184615357, 19.633883015384605 ], [ -99.270375138461517, 19.633958753846176 ], [ -99.270335184615362, 19.6340408 ], [ -99.270317861538445, 19.634129676923063 ], [ -99.270294169230766, 19.634217215384627 ], [ -99.270269538461491, 19.634304507692331 ], [ -99.270248107692296, 19.634392569230751 ], [ -99.270227399999968, 19.634480784615363 ], [ -99.270226199999968, 19.634571153846103 ], [ -99.27021219999996, 19.634660538461489 ], [ -99.270131107692279, 19.634708123076948 ], [ -99.270035738461502, 19.634708569230757 ], [ -99.269942769230738, 19.634688369230748 ], [ -99.26984927692304, 19.634670446153862 ], [ -99.269753923076905, 19.634668815384593 ], [ -99.269658538461542, 19.634668907692291 ], [ -99.269563169230736, 19.634669046153824 ], [ -99.269470861538451, 19.634691830769242 ], [ -99.269386584615376, 19.634734123076939 ], [ -99.269310399999952, 19.634788507692321 ], [ -99.269262538461504, 19.63486666153841 ], [ -99.269231276923065, 19.634952046153831 ], [ -99.26921912307688, 19.635041676923084 ], [ -99.26920738461537, 19.635131369230802 ], [ -99.269181246153806, 19.635218276923077 ], [ -99.269144507692289, 19.635301661538424 ], [ -99.269099446153859, 19.635381323076889 ], [ -99.269069646153838, 19.635467169230761 ], [ -99.269062692307685, 19.635557292307727 ], [ -99.269076061538442, 19.635662246153856 ], [ -99.269054, 19.635779661538457 ], [ -99.269001923076914, 19.635684430769263 ], [ -99.268930415384574, 19.635626430769229 ], [ -99.268829461538459, 19.635556215384639 ], [ -99.268763184615338, 19.635463907692309 ], [ -99.268719907692272, 19.635287107692353 ], [ -99.268707799999973, 19.635203723076941 ], [ -99.26867326153841, 19.635119492307709 ], [ -99.268667615384544, 19.635029276923067 ], [ -99.268664015384616, 19.63493896923077 ], [ -99.268639430769213, 19.634851661538452 ], [ -99.268571923076891, 19.634787815384605 ], [ -99.268506107692261, 19.634722415384612 ], [ -99.268428323076904, 19.634670107692354 ], [ -99.268341015384578, 19.634633723076952 ], [ -99.26824773846154, 19.634614861538456 ], [ -99.268164138461529, 19.63465835384617 ], [ -99.26806935384613, 19.634668476923071 ], [ -99.267974492307673, 19.63465904615385 ], [ -99.267890476923029, 19.634616276923087 ], [ -99.267819046153846, 19.634556399999987 ], [ -99.267723769230727, 19.634552076923043 ], [ -99.267628661538438, 19.63454529230771 ], [ -99.267533338461504, 19.634542215384613 ], [ -99.267439476923045, 19.634526153846146 ], [ -99.267345199999951, 19.634512430769199 ], [ -99.267249907692275, 19.634508753846159 ], [ -99.267155015384589, 19.634517861538502 ], [ -99.267061430769232, 19.634535292307714 ], [ -99.266966338461515, 19.634542430769201 ], [ -99.266871215384612, 19.634549015384614 ], [ -99.266776492307656, 19.634559553846142 ], [ -99.266681123076893, 19.634560246153818 ], [ -99.266585738461515, 19.634560892307672 ], [ -99.266490415384595, 19.6345578 ], [ -99.266395276923049, 19.634564169230782 ], [ -99.266300446153807, 19.63457386153847 ], [ -99.266212276923056, 19.634608323076943 ], [ -99.266128430769172, 19.634651384615413 ], [ -99.266041676923052, 19.634688953846155 ], [ -99.265948492307686, 19.634708230769231 ], [ -99.265861323076891, 19.634744892307712 ], [ -99.265792923076887, 19.634807876923091 ], [ -99.265727184615386, 19.634873353846157 ], [ -99.265678092307667, 19.634950830769213 ], [ -99.265633599999973, 19.635030769230749 ], [ -99.265597769230752, 19.635114507692315 ], [ -99.265565353846114, 19.635199507692349 ], [ -99.265560815384603, 19.63528976923077 ], [ -99.265560784615374, 19.635380138461525 ], [ -99.265564461538432, 19.635470446153864 ], [ -99.265571415384571, 19.6355868 ], [ -99.265598061538441, 19.635690353846147 ], [ -99.265634061538435, 19.635774030769227 ], [ -99.265649569230717, 19.635863200000014 ], [ -99.265630507692265, 19.635951753846186 ], [ -99.265609953846152, 19.63604 ], [ -99.265600569230728, 19.636129923076901 ], [ -99.265586153846129, 19.636219261538447 ], [ -99.265580169230745, 19.636309446153849 ], [ -99.265590015384603, 19.636399338461533 ], [ -99.265605, 19.636488584615378 ], [ -99.265514969230736, 19.63645873846156 ], [ -99.265499076923035, 19.636369630769241 ], [ -99.265493630769214, 19.636279415384646 ], [ -99.265493276923067, 19.636189046153831 ], [ -99.265483076923033, 19.636099200000011 ], [ -99.265468092307643, 19.636009953846173 ], [ -99.265438246153821, 19.635924123076911 ], [ -99.265394, 19.635844061538467 ], [ -99.26532983076919, 19.635777199999985 ], [ -99.265272907692292, 19.63570469230768 ], [ -99.265223092307679, 19.63562763076925 ], [ -99.265168861538427, 19.635553276923083 ], [ -99.265106876923028, 19.635484600000026 ], [ -99.265045692307652, 19.635415261538466 ], [ -99.264986799999974, 19.63534419999997 ], [ -99.264911323076888, 19.635288938461557 ], [ -99.26483810769227, 19.635231015384651 ], [ -99.264757138461505, 19.635183246153819 ], [ -99.264670799999976, 19.635144861538475 ], [ -99.264579815384621, 19.635117723076888 ], [ -99.264488307692275, 19.635092276923054 ], [ -99.264393061538428, 19.635087369230746 ], [ -99.26429767692305, 19.635087369230767 ], [ -99.264204430769212, 19.635106307692276 ], [ -99.264112184615385, 19.635129323076931 ], [ -99.264020661538424, 19.635154738461498 ], [ -99.263932738461506, 19.635189769230781 ], [ -99.263843599999987, 19.63522193846153 ], [ -99.263754138461493, 19.63525327692312 ], [ -99.263664846153802, 19.635285030769218 ], [ -99.263574399999939, 19.635313723076891 ], [ -99.26348804615381, 19.635352076923052 ], [ -99.263396261538446, 19.635376646153869 ], [ -99.263302969230736, 19.635395446153815 ], [ -99.263214492307668, 19.635429199999987 ], [ -99.263129123076894, 19.635469523076917 ], [ -99.263035723076911, 19.635487784615382 ], [ -99.26294153846149, 19.635502046153849 ], [ -99.262850461538449, 19.635528892307686 ], [ -99.262757538461528, 19.635549261538507 ], [ -99.262664707692281, 19.635570015384598 ], [ -99.262574215384632, 19.635598584615366 ], [ -99.262492015384623, 19.635644415384562 ], [ -99.262412015384584, 19.635693630769218 ], [ -99.262321861538453, 19.635723107692325 ], [ -99.262227199999941, 19.635734169230766 ], [ -99.262139707692285, 19.6356981692308 ], [ -99.262051753846109, 19.635663230769232 ], [ -99.261963215384583, 19.635629615384609 ], [ -99.261872707692277, 19.635601123076917 ], [ -99.261783692307688, 19.635568661538425 ], [ -99.261689753846127, 19.635552953846151 ], [ -99.261597738461504, 19.6355291692308 ], [ -99.261507153846111, 19.635500876923061 ], [ -99.261413861538429, 19.635482107692287 ], [ -99.261323584615369, 19.635452938461544 ], [ -99.261240107692274, 19.635409230769227 ], [ -99.261157784615349, 19.635363600000012 ], [ -99.26106810769231, 19.635332815384608 ], [ -99.260977107692284, 19.635305723076922 ], [ -99.260889338461524, 19.635270353846163 ], [ -99.260796784615366, 19.635248523076953 ], [ -99.2607022, 19.635236953846171 ], [ -99.260606815384577, 19.635236907692335 ], [ -99.260513553846138, 19.635218 ], [ -99.260429046153831, 19.635176076923116 ], [ -99.260354076923065, 19.635120215384589 ], [ -99.260271230769206, 19.635075446153852 ], [ -99.260183107692271, 19.635040876923114 ], [ -99.260094138461483, 19.635008292307685 ], [ -99.260003646153805, 19.634979723076935 ], [ -99.259911769230754, 19.634955492307725 ], [ -99.259816969230769, 19.634945553846205 ], [ -99.259722569230732, 19.634958446153828 ], [ -99.25962807692305, 19.63497075384619 ], [ -99.259532707692273, 19.634972446153878 ], [ -99.259437446153811, 19.634976984615381 ], [ -99.259342246153821, 19.634982323076887 ], [ -99.259248892307653, 19.635000907692302 ], [ -99.259154861538434, 19.635016030769204 ], [ -99.259060030769206, 19.635025707692318 ], [ -99.258965938461529, 19.635040492307706 ], [ -99.258877030769199, 19.635073215384644 ], [ -99.25878663076918, 19.635102 ], [ -99.258698353846128, 19.635136230769266 ], [ -99.25861398461538, 19.635178384615365 ], [ -99.258532969230743, 19.635226076923079 ], [ -99.25845355384611, 19.635276123076935 ], [ -99.258374969230758, 19.635327353846165 ], [ -99.258302292307661, 19.635385861538452 ], [ -99.258234738461482, 19.63544966153848 ], [ -99.258169846153834, 19.635515892307723 ], [ -99.258113292307655, 19.635588661538467 ], [ -99.258064876923044, 19.635666523076949 ], [ -99.258012292307697, 19.635741907692321 ], [ -99.257965907692295, 19.635820876923074 ], [ -99.257926, 19.635902953846166 ], [ -99.257887861538435, 19.635985784615396 ], [ -99.257889276923052, 19.636076153846179 ], [ -99.25789903076921, 19.636166046153868 ], [ -99.257881953846109, 19.636254953846127 ], [ -99.257864538461504, 19.636343800000027 ], [ -99.257859538461517, 19.636434046153852 ], [ -99.257874169230732, 19.63652335384619 ], [ -99.257902507692251, 19.636609630769239 ], [ -99.257929738461527, 19.636696246153861 ], [ -99.257961446153814, 19.636781476923087 ], [ -99.257997046153818, 19.636865307692322 ], [ -99.258026707692295, 19.636951199999984 ], [ -99.258047938461502, 19.637039307692326 ], [ -99.258072323076917, 19.637126676923074 ], [ -99.258108076923065, 19.63721044615383 ], [ -99.25816172307691, 19.637285169230744 ], [ -99.258213138461514, 19.637361276923109 ], [ -99.25825656923071, 19.637441738461543 ], [ -99.258276830769177, 19.637530046153859 ], [ -99.258288, 19.6376198 ], [ -99.258293246153798, 19.637710030769185 ], [ -99.258293507692301, 19.6378004 ], [ -99.258268923076898, 19.637887723076918 ], [ -99.2582404, 19.63797395384616 ], [ -99.258233276923036, 19.638064061538458 ], [ -99.258247446153803, 19.638153430769247 ], [ -99.258286723076878, 19.638235784615343 ], [ -99.25832478461534, 19.638318646153838 ], [ -99.258361184615339, 19.638402169230773 ], [ -99.258411169230726, 19.638479138461534 ], [ -99.258444430769231, 19.638563830769268 ], [ -99.258482446153835, 19.63864672307696 ], [ -99.258523215384571, 19.638728415384612 ], [ -99.258568, 19.638808215384596 ], [ -99.258614876923033, 19.638886907692314 ], [ -99.25864083076921, 19.638973876923103 ], [ -99.258551753846106, 19.638941569230802 ], [ -99.258479015384552, 19.638883107692308 ], [ -99.258418738461515, 19.638813076923064 ], [ -99.258351307692266, 19.638749153846199 ], [ -99.258281276923057, 19.638687800000039 ], [ -99.258202707692291, 19.638636553846176 ], [ -99.258123276923044, 19.638586538461549 ], [ -99.258048569230738, 19.638530353846114 ], [ -99.257975923076899, 19.638471799999987 ], [ -99.257903353846132, 19.638413153846145 ], [ -99.257835723076909, 19.638349415384624 ], [ -99.257787569230771, 19.638271415384587 ], [ -99.257740584615348, 19.638192769230759 ], [ -99.2577016, 19.638110292307729 ], [ -99.257672184615373, 19.638024323076916 ], [ -99.257655492307677, 19.637935353846188 ], [ -99.2576396, 19.637846246153874 ], [ -99.257633430769218, 19.637756061538454 ], [ -99.257608292307665, 19.637668892307659 ], [ -99.257560215384558, 19.637590846153866 ], [ -99.257511030769209, 19.637513415384589 ], [ -99.257451292307664, 19.637442953846143 ], [ -99.257389107692305, 19.637374430769249 ], [ -99.257319399999972, 19.637312753846146 ], [ -99.257251430769202, 19.637249369230709 ], [ -99.257183815384607, 19.63718561538462 ], [ -99.257131, 19.637110369230751 ], [ -99.257079092307677, 19.637034553846146 ], [ -99.256996384615363, 19.636989538461521 ], [ -99.256915846153831, 19.636941123076902 ], [ -99.256852615384574, 19.636873476923107 ], [ -99.256785123076909, 19.636809615384596 ], [ -99.256715092307687, 19.636748261538425 ], [ -99.256660476923045, 19.636674169230769 ], [ -99.256598630769204, 19.636605384615351 ], [ -99.256509061538466, 19.636574338461553 ], [ -99.256416569230737, 19.636552246153855 ], [ -99.256321953846111, 19.636540784615395 ], [ -99.256226584615391, 19.636540907692325 ], [ -99.2561313230769, 19.636536353846182 ], [ -99.256038646153826, 19.636515015384639 ], [ -99.255958507692313, 19.636466 ], [ -99.255906692307647, 19.636390138461532 ], [ -99.25581404615383, 19.636368630769187 ], [ -99.255724461538435, 19.636337630769262 ], [ -99.255634892307683, 19.636306569230765 ], [ -99.25554070769229, 19.636292276923101 ], [ -99.255446476923055, 19.63627832307689 ], [ -99.255351246153822, 19.636273061538471 ], [ -99.255270292307685, 19.636320846153829 ], [ -99.255202784615363, 19.636384692307669 ], [ -99.25516053846151, 19.636465707692313 ], [ -99.25515326153841, 19.636555815384625 ], [ -99.255124846153805, 19.636642076923081 ], [ -99.255100384615346, 19.636729430769254 ], [ -99.25507833846153, 19.636817353846173 ], [ -99.255057692307659, 19.636905584615352 ], [ -99.255043507692307, 19.636994938461527 ], [ -99.255032169230745, 19.637084676923077 ], [ -99.254962738461529, 19.63714663076923 ], [ -99.254900523076913, 19.637215123076924 ], [ -99.254828523076881, 19.63727439999996 ], [ -99.254749599999968, 19.637325153846103 ], [ -99.254660907692312, 19.637358369230743 ], [ -99.254574969230745, 19.637319169230771 ], [ -99.254481215384587, 19.637335800000049 ], [ -99.254386338461515, 19.637345092307683 ], [ -99.254290969230738, 19.637346046153805 ], [ -99.254195646153832, 19.637349246153828 ], [ -99.254100323076869, 19.637352307692289 ], [ -99.25400626153845, 19.63736727692309 ], [ -99.253914015384609, 19.637390276923082 ], [ -99.253822492307677, 19.637415707692305 ], [ -99.253735353846125, 19.637452476923112 ], [ -99.253617061538449, 19.637514476923048 ], [ -99.253582553846144, 19.637562138461547 ], [ -99.25351656923074, 19.637597938461564 ], [ -99.253397076923065, 19.637601076923115 ], [ -99.253278492307658, 19.637610476923076 ], [ -99.253130984615368, 19.637602476923078 ], [ -99.253057246153787, 19.637614892307699 ], [ -99.252974861538434, 19.637639630769225 ], [ -99.252879415384569, 19.637635661538464 ], [ -99.252796969230772, 19.637623461538489 ], [ -99.25274055384611, 19.637611230769231 ], [ -99.252671169230752, 19.637635953846146 ], [ -99.252593799999971, 19.637884815384609 ] ] ] ] } },
{ "type": "Feature", "properties": { "IDBD": 176394, "FC": 6291, "CONDICION": "CUERPO DE AGUA INTERMITENTE" }, "geometry": { "type": "MultiPolygon", "coordinates": [ [ [ [ -99.221789769230725, 19.636736753846154 ], [ -99.221718153846112, 19.636759446153835 ], [ -99.221613138461521, 19.636818338461527 ], [ -99.221503353846103, 19.636881753846165 ], [ -99.221436553846118, 19.636936092307685 ], [ -99.221345876923067, 19.636999476923116 ], [ -99.22131715384613, 19.636958830769228 ], [ -99.221221738461509, 19.637040323076921 ], [ -99.221149676923048, 19.637063076923088 ], [ -99.221102738461525, 19.637009907692306 ], [ -99.221043199999954, 19.636894646153841 ], [ -99.220986861538435, 19.636826707692279 ], [ -99.220974246153801, 19.636738 ], [ -99.220827138461502, 19.636760523076912 ], [ -99.220723892307674, 19.636671923076953 ], [ -99.220673846153844, 19.636636507692284 ], [ -99.220654953846108, 19.636538938461509 ], [ -99.220573630769195, 19.636485815384599 ], [ -99.22053912307689, 19.63638826153846 ], [ -99.220473476923047, 19.636367646153847 ], [ -99.220436307692239, 19.636286061538506 ], [ -99.220409, 19.636230861538465 ], [ -99.220367184615327, 19.636146769230766 ], [ -99.220393138461517, 19.636059800000016 ], [ -99.220427169230732, 19.635975369230732 ], [ -99.220490523076862, 19.63596609230769 ], [ -99.220550092307676, 19.63592464615385 ], [ -99.220627553846128, 19.63588316923078 ], [ -99.220744799999977, 19.63588303076919 ], [ -99.220760584615363, 19.635790846153814 ], [ -99.220855938461526, 19.635764399999942 ], [ -99.220919538461487, 19.63576620000001 ], [ -99.221032876923047, 19.635801800000028 ], [ -99.221092476923033, 19.635790446153884 ], [ -99.221156076923066, 19.635782846153877 ], [ -99.221249430769205, 19.635741353846157 ], [ -99.221326907692273, 19.6357168 ], [ -99.221377538461482, 19.635697553846185 ], [ -99.221482630769202, 19.635697430769213 ], [ -99.221573369230754, 19.635688276923084 ], [ -99.221645092307668, 19.635733400000014 ], [ -99.221688153846088, 19.635786338461557 ], [ -99.22174086153845, 19.635900538461524 ], [ -99.221793492307697, 19.635968276923084 ], [ -99.221889092307649, 19.636016138461553 ], [ -99.221927430769213, 19.636095815384646 ], [ -99.221960969230764, 19.636175815384608 ], [ -99.222018415384582, 19.636259630769239 ], [ -99.222079615384558, 19.636348476923068 ], [ -99.222089753846134, 19.636438338461545 ], [ -99.221999676923048, 19.636528600000016 ], [ -99.221995015384579, 19.63661261538461 ], [ -99.221932969230792, 19.636659723076946 ], [ -99.221861399999952, 19.636718584615373 ], [ -99.221789769230725, 19.636736753846154 ] ] ] ] } },
{ "type": "Feature", "properties": { "IDBD": 176479, "FC": 6292, "CONDICION": "CUERPO DE AGUA PERENNE" }, "geometry": { "type": "MultiPolygon", "coordinates": [ [ [ [ -99.330369092307691, 19.627433015384611 ], [ -99.330256246153837, 19.627522415384654 ], [ -99.330030307692283, 19.627594184615372 ], [ -99.329785923076898, 19.627853292307723 ], [ -99.329738830769216, 19.627853369230742 ], [ -99.329766676923043, 19.627648184615389 ], [ -99.329446184615392, 19.627541738461584 ], [ -99.329398430769203, 19.627318646153892 ], [ -99.329397969230712, 19.627091738461541 ], [ -99.3295226, 19.626643092307685 ], [ -99.329647030769195, 19.626097184615425 ], [ -99.329788938461547, 19.625724153846161 ], [ -99.329925446153808, 19.625499430769203 ], [ -99.330028092307657, 19.625461430769228 ], [ -99.330129538461492, 19.625444476923104 ], [ -99.330487769230743, 19.625586538461555 ], [ -99.330902584615345, 19.625755230769247 ], [ -99.330940446153804, 19.625844353846194 ], [ -99.330968923076924, 19.62595133846153 ], [ -99.33092218461536, 19.626129800000015 ], [ -99.330369092307691, 19.627433015384611 ] ] ] ] } },
{ "type": "Feature", "properties": { "IDBD": 176520, "FC": 6291, "CONDICION": "CUERPO DE AGUA INTERMITENTE" }, "geometry": { "type": "MultiPolygon", "coordinates": [ [ [ [ -99.349566369230743, 19.62261216923077 ], [ -99.349585399999953, 19.622594046153861 ], [ -99.349623476923099, 19.622557830769239 ], [ -99.349671123076874, 19.622539661538511 ], [ -99.349709230769193, 19.622521507692291 ], [ -99.349756892307667, 19.622512384615391 ], [ -99.349804584615356, 19.622512292307686 ], [ -99.349852230769216, 19.622494123076969 ], [ -99.349890338461506, 19.622475984615384 ], [ -99.349919061538429, 19.622530138461528 ], [ -99.349938215384611, 19.622566261538456 ], [ -99.349909692307634, 19.622602461538456 ], [ -99.34992886153843, 19.6226476 ], [ -99.349957538461538, 19.622683692307685 ], [ -99.350005246153799, 19.622692646153844 ], [ -99.350043338461475, 19.622665461538439 ], [ -99.350052876923044, 19.622665430769239 ], [ -99.350052969230731, 19.622710615384623 ], [ -99.350034, 19.622755846153808 ], [ -99.349995907692261, 19.622783030769192 ], [ -99.349948246153801, 19.622792153846145 ], [ -99.349900584615384, 19.622801292307702 ], [ -99.349862492307665, 19.622828476923104 ], [ -99.34987210769232, 19.62286460000001 ], [ -99.34991983076921, 19.622882584615404 ], [ -99.349948523076904, 19.622918676923106 ], [ -99.349929538461481, 19.622963892307713 ], [ -99.349929646153825, 19.623009076923044 ], [ -99.349920184615385, 19.623045246153808 ], [ -99.349872538461511, 19.623063415384618 ], [ -99.349824830769208, 19.623054476923091 ], [ -99.349777123076876, 19.623045523076957 ], [ -99.349729415384601, 19.623036584615356 ], [ -99.349681707692298, 19.623027630769212 ], [ -99.349643553846107, 19.623018676923113 ], [ -99.349595799999989, 19.622991661538496 ], [ -99.349567138461509, 19.6229646 ], [ -99.349547953846141, 19.622919446153858 ], [ -99.349538338461514, 19.622883323076884 ], [ -99.349528707692301, 19.622838153846153 ], [ -99.349528615384585, 19.622792969230819 ], [ -99.349538046153796, 19.622747769230813 ], [ -99.349537953846109, 19.622702584615368 ], [ -99.349547399999977, 19.622657384615401 ], [ -99.349566369230743, 19.62261216923077 ] ] ] ] } },
{ "type": "Feature", "properties": { "IDBD": 176536, "FC": 6291, "CONDICION": "CUERPO DE AGUA INTERMITENTE" }, "geometry": { "type": "MultiPolygon", "coordinates": [ [ [ [ -99.254222430769204, 19.619530599999987 ], [ -99.254115769230751, 19.619461584615387 ], [ -99.254070046153799, 19.619421307692303 ], [ -99.254030938461511, 19.61933403076921 ], [ -99.253929769230751, 19.619265876923066 ], [ -99.25377438461534, 19.619185399999989 ], [ -99.253695092307666, 19.619099061538456 ], [ -99.25374675384613, 19.619038461538427 ], [ -99.253806799999964, 19.618982246153852 ], [ -99.253877446153822, 19.618902830769247 ], [ -99.25393155384613, 19.618846553846183 ], [ -99.254000815384572, 19.618784415384571 ], [ -99.254071769230748, 19.618724030769226 ], [ -99.254139261538455, 19.618660184615365 ], [ -99.254208461538468, 19.618598 ], [ -99.254278723076865, 19.618542030769245 ], [ -99.254317507692292, 19.618577123076939 ], [ -99.254324415384602, 19.618630830769234 ], [ -99.254280230769183, 19.618710923076957 ], [ -99.254205938461496, 19.618717923076943 ], [ -99.254187861538455, 19.618791 ], [ -99.254238323076919, 19.618867676923074 ], [ -99.254285953846107, 19.618945984615415 ], [ -99.254351553846135, 19.619011569230786 ], [ -99.254417169230763, 19.619077153846138 ], [ -99.254464061538442, 19.619121507692292 ], [ -99.254424184615331, 19.61920360000002 ], [ -99.254389553846124, 19.6192878 ], [ -99.254345723076909, 19.619368061538442 ], [ -99.254295907692267, 19.61944510769229 ], [ -99.254222430769204, 19.619530599999987 ] ] ] ] } },
{ "type": "Feature", "properties": { "IDBD": 176540, "FC": 6291, "CONDICION": "CUERPO DE AGUA INTERMITENTE" }, "geometry": { "type": "MultiPolygon", "coordinates": [ [ [ [ -99.215103415384618, 19.618361523076935 ], [ -99.214720692307665, 19.616064630769248 ], [ -99.214925599999958, 19.615945400000033 ], [ -99.21513604615383, 19.615876384615419 ], [ -99.215288092307659, 19.615794800000032 ], [ -99.215393815384587, 19.615707 ], [ -99.215420169230725, 19.615625569230755 ], [ -99.215479507692265, 19.6154877230769 ], [ -99.215479307692277, 19.615331169230775 ], [ -99.215412861538454, 19.61510580000002 ], [ -99.215326615384555, 19.614924292307659 ], [ -99.215121123076912, 19.614605169230789 ], [ -99.215054784615361, 19.614461215384608 ], [ -99.215061261538452, 19.614348492307684 ], [ -99.215113923076899, 19.614154292307699 ], [ -99.215199461538461, 19.613822292307677 ], [ -99.215252138461508, 19.613634353846169 ], [ -99.215331369230725, 19.613527800000028 ], [ -99.215417307692277, 19.613477599999971 ], [ -99.215483369230739, 19.613421169230804 ], [ -99.215562707692271, 19.613389753846121 ], [ -99.216109030769189, 19.613018138461566 ], [ -99.216471830769223, 19.612734584615424 ], [ -99.216749046153822, 19.612370261538409 ], [ -99.216855107692282, 19.611803907692309 ], [ -99.216812138461506, 19.611621953846186 ], [ -99.216747784615364, 19.6114198 ], [ -99.216704830769203, 19.611258076923075 ], [ -99.216682953846131, 19.610873876923105 ], [ -99.216832015384568, 19.61050970769233 ], [ -99.2170024, 19.610125276923071 ], [ -99.217087215384609, 19.609660046153881 ], [ -99.217154399999956, 19.609496538461521 ], [ -99.217197676923064, 19.609304184615407 ], [ -99.217771123076901, 19.609502661538432 ], [ -99.21830092307691, 19.609618784615403 ], [ -99.218796369230716, 19.609779323076914 ], [ -99.218945938461516, 19.609799353846167 ], [ -99.21918107692305, 19.609920415384639 ], [ -99.219330723076908, 19.610001123076906 ], [ -99.219501769230746, 19.610102015384644 ], [ -99.219587430769224, 19.610263692307715 ], [ -99.219630461538458, 19.610486092307688 ], [ -99.219673676923065, 19.610850030769264 ], [ -99.219631338461511, 19.6111332 ], [ -99.21961047692308, 19.611497230769221 ], [ -99.219525399999981, 19.611780446153841 ], [ -99.219397399999977, 19.6119019384616 ], [ -99.219162523076918, 19.6119831076923 ], [ -99.219034338461526, 19.61198326153843 ], [ -99.218820769230732, 19.61202396923078 ], [ -99.218692676923013, 19.6120848 ], [ -99.218586046153831, 19.612226476923077 ], [ -99.218564907692297, 19.61238827692306 ], [ -99.218543676923062, 19.612489415384594 ], [ -99.218479846153826, 19.612671492307683 ], [ -99.218415723076916, 19.612796384615397 ], [ -99.218437707692303, 19.61293047692309 ], [ -99.218503307692274, 19.613074846153864 ], [ -99.218525323076904, 19.613239907692286 ], [ -99.218525584615364, 19.613435938461524 ], [ -99.218482415384585, 19.613745507692247 ], [ -99.218406446153836, 19.613993230769221 ], [ -99.218363061538454, 19.614148046153851 ], [ -99.218472169230722, 19.614230446153865 ], [ -99.218646615384557, 19.614271507692294 ], [ -99.218775615384573, 19.614295553846148 ], [ -99.218909415384587, 19.614205184615408 ], [ -99.218995338461482, 19.614229815384647 ], [ -99.21899723076919, 19.614390369230758 ], [ -99.21895050769227, 19.614640476923078 ], [ -99.219026723076894, 19.614997323076924 ], [ -99.219157369230729, 19.615591184615351 ], [ -99.219158199999953, 19.616205707692316 ], [ -99.219050399999944, 19.616502846153821 ], [ -99.21878923076919, 19.616810415384638 ], [ -99.218162338461525, 19.617292553846184 ], [ -99.217773061538409, 19.617467138461535 ], [ -99.217275538461507, 19.617600876923085 ], [ -99.217059215384552, 19.617652353846189 ], [ -99.216485569230727, 19.617856292307707 ], [ -99.216239707692296, 19.617954753846185 ], [ -99.216161123076873, 19.61795327692306 ], [ -99.216058384615337, 19.618015553846149 ], [ -99.215886476923075, 19.618078369230773 ], [ -99.215656338461528, 19.618120553846165 ], [ -99.215504507692287, 19.61814744615387 ], [ -99.215354938461516, 19.618248261538493 ], [ -99.215296492307644, 19.618351030769201 ], [ -99.215103415384618, 19.618361523076935 ] ] ] ] } },
{ "type": "Feature", "properties": { "IDBD": 176541, "FC": 6291, "CONDICION": "CUERPO DE AGUA INTERMITENTE" }, "geometry": { "type": "MultiPolygon", "coordinates": [ [ [ [ -99.267022153846142, 19.619209646153816 ], [ -99.266947738461496, 19.619204830769224 ], [ -99.266852369230762, 19.619205984615416 ], [ -99.266757092307671, 19.61920203076923 ], [ -99.266661815384623, 19.619198246153868 ], [ -99.266566446153817, 19.619197799999966 ], [ -99.266471169230741, 19.61920198461539 ], [ -99.266376261538412, 19.619210769230762 ], [ -99.266323307692275, 19.619204615384653 ], [ -99.266429953846128, 19.619048 ], [ -99.26649538461534, 19.618982261538456 ], [ -99.266558123076877, 19.618914200000013 ], [ -99.266625415384595, 19.618850153846186 ], [ -99.266694784615368, 19.618788138461582 ], [ -99.266764538461487, 19.618726523076909 ], [ -99.266824723076894, 19.618656415384628 ], [ -99.266854799999976, 19.618570661538428 ], [ -99.266869784615366, 19.618481415384633 ], [ -99.266946476923067, 19.618427707692298 ], [ -99.267038, 19.618402261538435 ], [ -99.267133338461491, 19.618400538461554 ], [ -99.267227123076879, 19.618416953846129 ], [ -99.267274861538411, 19.618495184615362 ], [ -99.267290907692313, 19.618521476923089 ], [ -99.267298984615337, 19.618611523076954 ], [ -99.267291692307694, 19.61870163076923 ], [ -99.267275323076888, 19.618790661538437 ], [ -99.267241707692278, 19.618875230769234 ], [ -99.267204846153803, 19.618958584615395 ], [ -99.267160092307691, 19.619038384615397 ], [ -99.267109046153791, 19.61911470769234 ], [ -99.267022153846142, 19.619209646153816 ] ] ] ] } },
{ "type": "Feature", "properties": { "IDBD": 176555, "FC": 6291, "CONDICION": "CUERPO DE AGUA INTERMITENTE" }, "geometry": { "type": "MultiPolygon", "coordinates": [ [ [ [ -99.294708076923058, 19.6183707692308 ], [ -99.294707599999967, 19.618326015384596 ], [ -99.294676169230726, 19.618185861538453 ], [ -99.294654169230725, 19.618095861538468 ], [ -99.294624384615361, 19.6180058923077 ], [ -99.294624230769188, 19.617923230769225 ], [ -99.294625615384589, 19.617825830769242 ], [ -99.294639492307653, 19.617739323076922 ], [ -99.294637769230775, 19.61765076923076 ], [ -99.294640753846153, 19.617576969230758 ], [ -99.294648384615343, 19.617486938461521 ], [ -99.294629492307678, 19.617386353846175 ], [ -99.294618399999962, 19.617288953846153 ], [ -99.294617107692289, 19.61719755384615 ], [ -99.29467429230769, 19.617154553846159 ], [ -99.294741369230707, 19.617173630769262 ], [ -99.29478981538459, 19.617239969230759 ], [ -99.294857, 19.617316615384599 ], [ -99.294899246153847, 19.617393292307685 ], [ -99.294935215384569, 19.617458169230755 ], [ -99.294969707692275, 19.617559953846207 ], [ -99.294982107692263, 19.617638384615361 ], [ -99.295004307692295, 19.617726661538498 ], [ -99.295034646153837, 19.617811753846194 ], [ -99.295069861538423, 19.617895738461552 ], [ -99.295119215384588, 19.617973061538457 ], [ -99.295151446153824, 19.618041923076905 ], [ -99.295028446153822, 19.618136584615424 ], [ -99.294911646153821, 19.6182135230769 ], [ -99.294797969230743, 19.61828896923075 ], [ -99.294708076923058, 19.6183707692308 ] ] ] ] } },
{ "type": "Feature", "properties": { "IDBD": 176569, "FC": 6291, "CONDICION": "CUERPO DE AGUA INTERMITENTE" }, "geometry": { "type": "MultiPolygon", "coordinates": [ [ [ [ -99.245608307692294, 19.616318569230792 ], [ -99.245544076923068, 19.616181384615402 ], [ -99.245520030769171, 19.616093923076956 ], [ -99.245509861538466, 19.616071399999985 ], [ -99.24546310769226, 19.615992630769266 ], [ -99.245488692307674, 19.615905584615415 ], [ -99.245545723076901, 19.61597801538462 ], [ -99.245632215384603, 19.615939953846134 ], [ -99.245714323076911, 19.615893138461562 ], [ -99.245793246153809, 19.6158432 ], [ -99.245887907692278, 19.615854261538423 ], [ -99.245967384615355, 19.615904184615399 ], [ -99.245982861538423, 19.615993369230786 ], [ -99.245995707692302, 19.616116538461533 ], [ -99.245984199999953, 19.616182507692312 ], [ -99.245919553846122, 19.616264353846169 ], [ -99.245826769230774, 19.616303307692323 ], [ -99.245770676923044, 19.616323815384607 ], [ -99.245664907692287, 19.61633623076921 ], [ -99.245608307692294, 19.616318569230792 ] ] ] ] } },
{ "type": "Feature", "properties": { "IDBD": 176580, "FC": 6291, "CONDICION": "CUERPO DE AGUA INTERMITENTE" }, "geometry": { "type": "MultiPolygon", "coordinates": [ [ [ [ -99.219465553846106, 19.613765830769243 ], [ -99.219826507692261, 19.613052215384585 ], [ -99.220062230769187, 19.612590476923081 ], [ -99.220231969230724, 19.612485400000015 ], [ -99.220327923076908, 19.612436338461542 ], [ -99.220542092307639, 19.612415092307707 ], [ -99.220645446153824, 19.612380015384591 ], [ -99.220660107692296, 19.612303076923101 ], [ -99.220674738461497, 19.612191199999948 ], [ -99.220711507692272, 19.612079276923094 ], [ -99.220785338461511, 19.612051230769218 ], [ -99.220896107692283, 19.612044092307656 ], [ -99.221021707692245, 19.612071907692307 ], [ -99.221066169230753, 19.612169738461564 ], [ -99.221058907692282, 19.612260646153867 ], [ -99.221007292307661, 19.612323630769243 ], [ -99.220896569230746, 19.612372707692344 ], [ -99.220837507692281, 19.612400753846153 ], [ -99.220830230769181, 19.612477676923056 ], [ -99.220793523076907, 19.612638523076924 ], [ -99.220786430769223, 19.612855276923039 ], [ -99.220705399999957, 19.613016184615351 ], [ -99.220616907692246, 19.613121169230759 ], [ -99.220580046153813, 19.613170153846159 ], [ -99.220742846153826, 19.613386707692325 ], [ -99.220839184615372, 19.613624307692302 ], [ -99.220869015384594, 19.613841015384608 ], [ -99.220773138461524, 19.613939015384609 ], [ -99.220492584615329, 19.61402326153847 ], [ -99.220197215384587, 19.614086553846157 ], [ -99.220115953846104, 19.614072661538447 ], [ -99.219946, 19.614016938461553 ], [ -99.21961347692303, 19.613905476923062 ], [ -99.219480446153838, 19.613849707692264 ], [ -99.219465553846106, 19.613765830769243 ] ] ] ] } },
{ "type": "Feature", "properties": { "IDBD": 176611, "FC": 6291, "CONDICION": "CUERPO DE AGUA INTERMITENTE" }, "geometry": { "type": "MultiPolygon", "coordinates": [ [ [ [ -99.217244307692269, 19.60881666153842 ], [ -99.217244199999968, 19.608739076923069 ], [ -99.217268676923041, 19.608661461538453 ], [ -99.217375123076877, 19.608575984615392 ], [ -99.217473446153846, 19.608552584615353 ], [ -99.217629199999976, 19.608560153846128 ], [ -99.217768569230756, 19.608583261538481 ], [ -99.217924353846144, 19.608621861538449 ], [ -99.21803095384611, 19.60865276923078 ], [ -99.21836704615383, 19.608683399999983 ], [ -99.218580138461505, 19.608667630769236 ], [ -99.218801461538433, 19.608682876923044 ], [ -99.218899907692261, 19.608744830769236 ], [ -99.218965584615347, 19.608830107692338 ], [ -99.219031215384589, 19.608868815384596 ], [ -99.21912147692305, 19.608938538461548 ], [ -99.219146230769169, 19.609062661538452 ], [ -99.219203723076902, 19.609147938461536 ], [ -99.219302215384587, 19.609248692307691 ], [ -99.219335184615346, 19.609380553846162 ], [ -99.219269692307662, 19.609442707692292 ], [ -99.2191549384615, 19.609435092307734 ], [ -99.217244307692269, 19.60881666153842 ] ] ] ] } },
{ "type": "Feature", "properties": { "IDBD": 176733, "FC": 6292, "CONDICION": "CUERPO DE AGUA PERENNE" }, "geometry": { "type": "MultiPolygon", "coordinates": [ [ [ [ -99.299250030769201, 19.595479261538458 ], [ -99.298859415384584, 19.595244399999959 ], [ -99.29864952307689, 19.594969830769251 ], [ -99.298336230769181, 19.594989153846132 ], [ -99.297947861538447, 19.5951271846154 ], [ -99.297929399999973, 19.595035184615405 ], [ -99.297924969230721, 19.59490435384614 ], [ -99.297874523076899, 19.59478153846154 ], [ -99.297828292307642, 19.594678538461554 ], [ -99.297874107692294, 19.594559523076946 ], [ -99.297919969230747, 19.594464292307691 ], [ -99.2978989076923, 19.594389 ], [ -99.297974030769211, 19.594273892307676 ], [ -99.298045046153803, 19.594194492307661 ], [ -99.298107676923038, 19.594115092307682 ], [ -99.298208061538446, 19.594079246153878 ], [ -99.298278846153849, 19.594066630769234 ], [ -99.298368353846143, 19.594097800000018 ], [ -99.298462246153818, 19.594113507692335 ], [ -99.298556446153825, 19.594127569230832 ], [ -99.298647753846112, 19.594153584615395 ], [ -99.298696907692275, 19.594231030769208 ], [ -99.298678553846131, 19.594319707692296 ], [ -99.29858429230768, 19.594333353846128 ], [ -99.298488938461517, 19.594333569230731 ], [ -99.298395353846118, 19.594350876923066 ], [ -99.29830675384612, 19.594384292307684 ], [ -99.298302323076911, 19.594474569230815 ], [ -99.298363369230756, 19.594544 ], [ -99.298446661538463, 19.594587969230748 ], [ -99.2985385076923, 19.594612261538444 ], [ -99.298620199999945, 19.594658876923067 ], [ -99.298711415384574, 19.594685215384608 ], [ -99.298758830769202, 19.594763615384654 ], [ -99.298846707692249, 19.594798707692355 ], [ -99.298900969230715, 19.594873015384628 ], [ -99.298983707692287, 19.594917953846149 ], [ -99.299077723076863, 19.594902846153854 ], [ -99.299164492307654, 19.5948653846154 ], [ -99.299251492307661, 19.594828384615358 ], [ -99.29931961538459, 19.594765153846161 ], [ -99.299296276923059, 19.594677538461536 ], [ -99.299253738461516, 19.594596646153814 ], [ -99.299257830769207, 19.59450636923081 ], [ -99.299290707692293, 19.594421538461571 ], [ -99.299372292307666, 19.594374753846182 ], [ -99.299394830769216, 19.594462569230771 ], [ -99.299482707692249, 19.594497646153872 ], [ -99.299578061538412, 19.594497569230782 ], [ -99.299673399999946, 19.594499353846121 ], [ -99.299767661538411, 19.5944856923077 ], [ -99.299860599999988, 19.594465461538437 ], [ -99.299972276923043, 19.594379815384627 ], [ -99.300010784615338, 19.594429769230775 ], [ -99.300044646153808, 19.594570676923073 ], [ -99.300064061538464, 19.59468887692309 ], [ -99.300059446153838, 19.594788923076951 ], [ -99.30003564615383, 19.594893553846155 ], [ -99.299977461538404, 19.594985646153837 ], [ -99.299924769230728, 19.5950494 ], [ -99.299867307692267, 19.595131338461535 ], [ -99.299790599999952, 19.595186046153838 ], [ -99.299723476923035, 19.595231630769259 ], [ -99.299651523076903, 19.595263569230756 ], [ -99.299608353846139, 19.595286384615406 ], [ -99.299550769230763, 19.5952955692308 ], [ -99.299502815384599, 19.595322938461528 ], [ -99.299416461538442, 19.595354907692336 ], [ -99.299354184615353, 19.595427769230767 ], [ -99.299250030769201, 19.595479261538458 ] ] ] ] } },
{ "type": "Feature", "properties": { "IDBD": 176769, "FC": 6291, "CONDICION": "CUERPO DE AGUA INTERMITENTE" }, "geometry": { "type": "MultiPolygon", "coordinates": [ [ [ [ -99.287295538461535, 19.590398830769249 ], [ -99.287324523076876, 19.590188630769202 ], [ -99.287329276923032, 19.590124215384598 ], [ -99.287319461538445, 19.590069015384593 ], [ -99.287256169230744, 19.590004692307701 ], [ -99.287163707692287, 19.589935815384624 ], [ -99.287008046153844, 19.5898486307692 ], [ -99.286905923076873, 19.589807384615387 ], [ -99.286852415384587, 19.589775261538435 ], [ -99.286798876923044, 19.589729323076956 ], [ -99.286769661538415, 19.589692569230735 ], [ -99.286750123076899, 19.589641984615376 ], [ -99.28674518461537, 19.589595969230793 ], [ -99.286711107692298, 19.589559215384604 ], [ -99.286672153846112, 19.589513261538482 ], [ -99.286638061538454, 19.589476507692293 ], [ -99.286593953846136, 19.589411646153838 ], [ -99.286585261538406, 19.589333030769229 ], [ -99.28659121538459, 19.589247446153863 ], [ -99.286622953846106, 19.589172830769236 ], [ -99.286700569230746, 19.589094492307702 ], [ -99.286860753846128, 19.588993 ], [ -99.286962707692268, 19.588937615384655 ], [ -99.287132630769221, 19.588854523076954 ], [ -99.287220061538434, 19.588826769230764 ], [ -99.287283169230719, 19.588789861538466 ], [ -99.287326892307647, 19.588780584615364 ], [ -99.287409476923045, 19.588766646153864 ], [ -99.287458076923045, 19.588771184615403 ], [ -99.287579569230772, 19.588770984615412 ], [ -99.287637876923057, 19.588770892307721 ], [ -99.287730215384599, 19.588775338461534 ], [ -99.287773953846099, 19.588775276923087 ], [ -99.287861461538412, 19.588793538461537 ], [ -99.287929523076926, 19.588811830769217 ], [ -99.287968415384569, 19.588816384615413 ], [ -99.288036492307654, 19.588839276923043 ], [ -99.288109415384554, 19.588862169230762 ], [ -99.288177507692268, 19.588894261538464 ], [ -99.288231, 19.588917184615397 ], [ -99.288274830769197, 19.58896313846153 ], [ -99.288294338461498, 19.589004523076945 ], [ -99.288367476923085, 19.589142446153854 ], [ -99.288377461538417, 19.589289676923034 ], [ -99.288392276923048, 19.589423092307708 ], [ -99.28838504615382, 19.589480553846183 ], [ -99.288353630769208, 19.589552 ], [ -99.288284107692277, 19.589555830769246 ], [ -99.288210430769226, 19.589594015384616 ], [ -99.28814435384615, 19.589630953846171 ], [ -99.28806273846152, 19.589693723076913 ], [ -99.288018107692295, 19.589756415384603 ], [ -99.287952092307648, 19.58983758461541 ], [ -99.287868569230753, 19.589911400000013 ], [ -99.287796723076895, 19.58999256923077 ], [ -99.287697599999973, 19.590051692307696 ], [ -99.287621846153826, 19.590118138461591 ], [ -99.2875558, 19.590182707692314 ], [ -99.287458676923052, 19.590267600000011 ], [ -99.287295538461535, 19.590398830769249 ] ] ] ] } },
{ "type": "Feature", "properties": { "IDBD": 176791, "FC": 6291, "CONDICION": "CUERPO DE AGUA INTERMITENTE" }, "geometry": { "type": "MultiPolygon", "coordinates": [ [ [ [ -99.333776169230731, 19.587190092307722 ], [ -99.333671369230757, 19.587235476923084 ], [ -99.333595015384603, 19.587199476923107 ], [ -99.333604184615396, 19.587018723076881 ], [ -99.333747138461533, 19.586982307692317 ], [ -99.333890384615358, 19.587090476923073 ], [ -99.333776169230731, 19.587190092307722 ] ] ] ] } },
{ "type": "Feature", "properties": { "IDBD": 176799, "FC": 6291, "CONDICION": "CUERPO DE AGUA INTERMITENTE" }, "geometry": { "type": "MultiPolygon", "coordinates": [ [ [ [ -99.333343338461461, 19.586153 ], [ -99.333343134132974, 19.586155011173844 ], [ -99.3333425294975, 19.586156940159601 ], [ -99.333341549263864, 19.586158708127922 ], [ -99.333340233490077, 19.586160242829653 ], [ -99.333339072473507, 19.5861611430694 ], [ -99.333337295391587, 19.586161483227418 ], [ -99.333335353541088, 19.586161661347212 ], [ -99.333333414042272, 19.586161459223288 ], [ -99.333331550644687, 19.586160884541528 ], [ -99.333329834204164, 19.586159959154099 ], [ -99.333328329988603, 19.586158718249017 ], [ -99.333327095195983, 19.58615720901177 ], [ -99.333326176779281, 19.58615548883138 ], [ -99.333325609661486, 19.586153623117784 ], [ -99.333325415407188, 19.586151682815018 ], [ -99.333325398619607, 19.586143792610567 ], [ -99.333307415384553, 19.586122938461489 ], [ -99.333283953846077, 19.586104353846199 ], [ -99.333265492307646, 19.586079892307708 ], [ -99.333234723076856, 19.586050830769231 ], [ -99.333221092307667, 19.5860334 ], [ -99.333202630769179, 19.586015984615376 ], [ -99.333202599999979, 19.585999646153763 ], [ -99.333202553846078, 19.585979876923091 ], [ -99.333213553846178, 19.585950753846181 ], [ -99.333249215384541, 19.585930861538525 ], [ -99.333305169230769, 19.585901646153783 ], [ -99.333324887814371, 19.585894926112186 ], [ -99.333324876943863, 19.585889605044361 ], [ -99.333325060861867, 19.585887675442056 ], [ -99.333325613587874, 19.585885817571079 ], [ -99.333326514355178, 19.585884101235223 ], [ -99.333326840423254, 19.585883695901998 ], [ -99.333330112669543, 19.585882580729127 ], [ -99.333331957606362, 19.58588214195067 ], [ -99.333333852203282, 19.585882059359093 ], [ -99.333335728324258, 19.585882335924381 ], [ -99.333337518498169, 19.585882961700396 ], [ -99.333339158344643, 19.585883914182343 ], [ -99.333340588889683, 19.585885159115922 ], [ -99.33334175868616, 19.585886651729258 ], [ -99.333342625664557, 19.585888338343313 ], [ -99.333343158645562, 19.585890158301993 ], [ -99.333343338461503, 19.585892046153766 ], [ -99.333343338461461, 19.585897576068358 ], [ -99.333353984615357, 19.585907630769203 ], [ -99.333373092307681, 19.585925661538479 ], [ -99.333392215384563, 19.585952738461511 ], [ -99.333392292307707, 19.585988892307654 ], [ -99.333392353846151, 19.586016 ], [ -99.33341149230769, 19.586052107692325 ], [ -99.333421107692288, 19.586088246153807 ], [ -99.333402107692265, 19.586124430769171 ], [ -99.33338307692307, 19.586142538461552 ], [ -99.333343338461489, 19.586150144952075 ], [ -99.333343338461461, 19.586153 ] ] ] ] } },
{ "type": "Feature", "properties": { "IDBD": 176802, "FC": 6291, "CONDICION": "CUERPO DE AGUA INTERMITENTE" }, "geometry": { "type": "MultiPolygon", "coordinates": [ [ [ [ -99.293842846153808, 19.58490853846158 ], [ -99.293712630769207, 19.584706584615372 ], [ -99.293592446153838, 19.584528723076907 ], [ -99.293660707692268, 19.584459553846166 ], [ -99.29369815384608, 19.584376446153872 ], [ -99.293712584615349, 19.584287123076969 ], [ -99.29378318461535, 19.584226369230787 ], [ -99.293878353846139, 19.584231738461554 ], [ -99.293973646153802, 19.584234846153858 ], [ -99.294006123076912, 19.584231615384628 ], [ -99.294002876923031, 19.584321923076924 ], [ -99.293992892307685, 19.584411799999963 ], [ -99.294009584615338, 19.584500784615418 ], [ -99.29401349230767, 19.584591076923068 ], [ -99.293993646153808, 19.584679461538464 ], [ -99.293946169230722, 19.584757830769234 ], [ -99.293886015384601, 19.584827953846183 ], [ -99.293842846153808, 19.58490853846158 ] ] ] ] } },
{ "type": "Feature", "properties": { "IDBD": 176876, "FC": 6291, "CONDICION": "CUERPO DE AGUA INTERMITENTE" }, "geometry": { "type": "MultiPolygon", "coordinates": [ [ [ [ -99.313115184615356, 19.574010430769235 ], [ -99.3130502, 19.573959723076914 ], [ -99.312969938461507, 19.573898061538483 ], [ -99.312767153846139, 19.573741646153838 ], [ -99.312722446153828, 19.573692215384625 ], [ -99.3127006307692, 19.573645184615359 ], [ -99.312687753846106, 19.573561907692294 ], [ -99.312732661538448, 19.573486107692311 ], [ -99.31277470769227, 19.573405 ], [ -99.31277467692307, 19.573314630769268 ], [ -99.312790892307675, 19.573225584615336 ], [ -99.312846015384608, 19.573151846153834 ], [ -99.312916476923036, 19.573090969230776 ], [ -99.313006815384583, 19.57311986153848 ], [ -99.313064415384616, 19.573191876923097 ], [ -99.313150046153808, 19.573231615384614 ], [ -99.313208523076909, 19.573302984615399 ], [ -99.313213246153836, 19.573393246153852 ], [ -99.313198430769233, 19.573482507692301 ], [ -99.31316869230767, 19.573568369230777 ], [ -99.313199538461475, 19.573653892307693 ], [ -99.313294876923052, 19.573653692307683 ], [ -99.31337152307691, 19.573599953846117 ], [ -99.313437707692287, 19.573534892307656 ], [ -99.31347618461534, 19.573452215384599 ], [ -99.313494415384554, 19.573363507692331 ], [ -99.313561676923058, 19.573299461538436 ], [ -99.313602030769204, 19.573217584615414 ], [ -99.31363181538461, 19.573131738461566 ], [ -99.313726292307663, 19.573119615384591 ], [ -99.313811523076879, 19.573160123076899 ], [ -99.313904846153847, 19.573141630769239 ], [ -99.313994676923002, 19.573171923076927 ], [ -99.313972753846144, 19.57325986153845 ], [ -99.313924430769205, 19.573337769230758 ], [ -99.31386206153843, 19.573406123076921 ], [ -99.313787692307685, 19.57346266153845 ], [ -99.313713323076897, 19.573519215384593 ], [ -99.313683369230731, 19.573568200000015 ], [ -99.313635538461511, 19.573646384615394 ], [ -99.313576476923046, 19.573717307692331 ], [ -99.313534676923041, 19.573798538461514 ], [ -99.313501876923041, 19.5738834 ], [ -99.313470446153801, 19.573968707692277 ], [ -99.313441892307623, 19.574054938461565 ], [ -99.313425492307644, 19.57414395384615 ], [ -99.313386830769232, 19.57422656923081 ], [ -99.313317615384634, 19.574288723076929 ], [ -99.313253830769227, 19.574355892307683 ], [ -99.313159138461501, 19.57434544615387 ], [ -99.313109369230716, 19.574268353846193 ], [ -99.313109923076894, 19.574177984615375 ], [ -99.313148184615372, 19.57409521538461 ], [ -99.313115184615356, 19.574010430769235 ] ] ] ] } },
{ "type": "Feature", "properties": { "IDBD": 176899, "FC": 6291, "CONDICION": "CUERPO DE AGUA INTERMITENTE" }, "geometry": { "type": "MultiPolygon", "coordinates": [ [ [ [ -99.510180292307666, 19.574523353846139 ], [ -99.509999, 19.574478676923118 ], [ -99.509817507692276, 19.574370753846136 ], [ -99.509740907692276, 19.574262523076932 ], [ -99.5096928, 19.574127107692355 ], [ -99.509702030769191, 19.574027676923052 ], [ -99.509720815384583, 19.573937261538454 ], [ -99.509749215384574, 19.573873923076945 ], [ -99.509825569230728, 19.573900815384629 ], [ -99.509892584615358, 19.573991 ], [ -99.510026292307657, 19.574062907692294 ], [ -99.510140907692247, 19.574125846153859 ], [ -99.510198384615379, 19.57421604615384 ], [ -99.510246399999986, 19.574324353846137 ], [ -99.51027536923074, 19.574441753846145 ], [ -99.51024693846152, 19.574496061538465 ], [ -99.510180292307666, 19.574523353846139 ] ] ] ] } },
{ "type": "Feature", "properties": { "IDBD": 176929, "FC": 6291, "CONDICION": "CUERPO DE AGUA INTERMITENTE" }, "geometry": { "type": "MultiPolygon", "coordinates": [ [ [ [ -99.43365153846149, 19.56807235384618 ], [ -99.433689984615384, 19.568189738461562 ], [ -99.43366156923075, 19.568262107692274 ], [ -99.433423107692263, 19.568217492307664 ], [ -99.432717292307672, 19.568101707692282 ], [ -99.43252456923075, 19.567334030769207 ], [ -99.432572076923051, 19.56727066153848 ], [ -99.43280083076921, 19.567252030769232 ], [ -99.433211199999974, 19.567404676923104 ], [ -99.43345981538458, 19.567684230769228 ], [ -99.433613061538438, 19.567945923076888 ], [ -99.43365153846149, 19.56807235384618 ] ] ] ] } },
{ "type": "Feature", "properties": { "IDBD": 177191, "FC": 6292, "CONDICION": "CUERPO DE AGUA PERENNE" }, "geometry": { "type": "MultiPolygon", "coordinates": [ [ [ [ -99.465967138461494, 19.530172338461551 ], [ -99.465900261538437, 19.530118292307694 ], [ -99.465842892307691, 19.530055184615399 ], [ -99.465785523076889, 19.529992076923094 ], [ -99.465718615384588, 19.529928984615399 ], [ -99.465651661538459, 19.529847830769253 ], [ -99.465584784615359, 19.529793769230796 ], [ -99.465527384615342, 19.529721630769235 ], [ -99.46546049230767, 19.52965853846155 ], [ -99.465403092307653, 19.5295864 ], [ -99.465469630769192, 19.529522969230765 ], [ -99.465497938461482, 19.529423492307711 ], [ -99.465545338461524, 19.529333 ], [ -99.465583230769198, 19.529251569230798 ], [ -99.4656211230769, 19.52917013846151 ], [ -99.465659, 19.529079661538479 ], [ -99.465696892307662, 19.528998230769254 ], [ -99.465753861538417, 19.528925800000021 ], [ -99.465810846153786, 19.528853353846142 ], [ -99.465858292307658, 19.528780938461519 ], [ -99.465915276923056, 19.528708492307686 ], [ -99.465972261538454, 19.528636046153828 ], [ -99.466038769230721, 19.528563584615366 ], [ -99.466076661538452, 19.528482153846152 ], [ -99.466124107692281, 19.528409738461551 ], [ -99.466161984615354, 19.528319276923078 ], [ -99.466180815384604, 19.528237892307715 ], [ -99.466199615384582, 19.528147476923081 ], [ -99.466218415384574, 19.528057046153851 ], [ -99.466265846153817, 19.5279756 ], [ -99.466303738461505, 19.527894169230755 ], [ -99.466332061538438, 19.527803723076943 ], [ -99.466389046153807, 19.527731276923092 ], [ -99.466446030769205, 19.52765884615388 ], [ -99.466512569230758, 19.527595415384599 ], [ -99.466569538461513, 19.527522969230784 ], [ -99.466588353846106, 19.527432553846168 ], [ -99.46658809230766, 19.527342184615438 ], [ -99.46660692307691, 19.527260799999979 ], [ -99.466644815384583, 19.527179369230762 ], [ -99.466654076923064, 19.527088984615368 ], [ -99.466653815384589, 19.526998615384617 ], [ -99.466653569230729, 19.526908246153855 ], [ -99.466653307692312, 19.526817876923079 ], [ -99.466672107692276, 19.52672744615387 ], [ -99.466681384615327, 19.526637061538441 ], [ -99.466700184615348, 19.526546646153871 ], [ -99.4667094461538, 19.526456246153817 ], [ -99.46671872307688, 19.526365861538455 ], [ -99.466747061538427, 19.526275415384621 ], [ -99.466775415384561, 19.52619401538464 ], [ -99.466775153846129, 19.526103646153853 ], [ -99.466784430769181, 19.526013246153884 ], [ -99.466822323076912, 19.52593181538461 ], [ -99.4668602153846, 19.525850384615396 ], [ -99.466898107692273, 19.525768953846185 ], [ -99.46694552307693, 19.5256875076923 ], [ -99.466983369230775, 19.525588 ], [ -99.467021276923049, 19.525515600000048 ], [ -99.467116569230726, 19.525506323076936 ], [ -99.467211861538445, 19.525497030769241 ], [ -99.467287969230739, 19.525451661538462 ], [ -99.467344953846137, 19.525379215384639 ], [ -99.467392384615337, 19.525297753846132 ], [ -99.467439830769209, 19.525225338461546 ], [ -99.467487246153823, 19.525143892307732 ], [ -99.467515599999984, 19.525062476923072 ], [ -99.467572584615397, 19.524990030769221 ], [ -99.467610446153813, 19.524899569230779 ], [ -99.46765789230767, 19.524827153846157 ], [ -99.467724415384566, 19.524754676923092 ], [ -99.467800523076903, 19.524709307692337 ], [ -99.467876615384597, 19.524654876923091 ], [ -99.467952707692277, 19.524600461538473 ], [ -99.468038338461483, 19.524546015384619 ], [ -99.468114461538448, 19.524500646153843 ], [ -99.468200107692297, 19.524455230769274 ], [ -99.468285969230749, 19.524482123076925 ], [ -99.468381323076912, 19.524499953846146 ], [ -99.468476692307661, 19.524517769230759 ], [ -99.468562523076912, 19.524535630769236 ], [ -99.468657892307647, 19.524553446153835 ], [ -99.468753246153838, 19.524571276923094 ], [ -99.468848584615372, 19.524580076923076 ], [ -99.468943953846136, 19.524597892307707 ], [ -99.469039323076899, 19.524615723076931 ], [ -99.46912515384615, 19.52463356923074 ], [ -99.469220538461499, 19.524660430769245 ], [ -99.469315907692277, 19.524678261538455 ], [ -99.469411184615339, 19.524668984615392 ], [ -99.469506476923044, 19.524659692307694 ], [ -99.469592199999951, 19.524641399999968 ], [ -99.469687430769184, 19.524614046153904 ], [ -99.469773107692291, 19.524577676923062 ], [ -99.469858815384569, 19.524550338461527 ], [ -99.469944461538418, 19.524504923076883 ], [ -99.470030107692281, 19.524459523076921 ], [ -99.470125399999944, 19.524450230769258 ], [ -99.470211230769166, 19.524468092307703 ], [ -99.470287630769249, 19.524522107692302 ], [ -99.470354569230736, 19.52459423076926 ], [ -99.470411953846124, 19.52466638461539 ], [ -99.470488338461536, 19.524711369230758 ], [ -99.470574246153831, 19.524756323076925 ], [ -99.470660107692311, 19.524783215384648 ], [ -99.470755492307674, 19.524810076923089 ], [ -99.470841353846154, 19.524836969230783 ], [ -99.470936753846118, 19.524863830769252 ], [ -99.471022599999969, 19.524890707692304 ], [ -99.471117969230761, 19.524908538461531 ], [ -99.471213353846125, 19.524935399999983 ], [ -99.471299215384605, 19.524962292307713 ], [ -99.471366015384575, 19.524989230769176 ], [ -99.471471015384566, 19.525043169230763 ], [ -99.471547415384578, 19.525097199999976 ], [ -99.471604815384595, 19.525169338461559 ], [ -99.471652707692286, 19.525250553846124 ], [ -99.471719615384572, 19.525313630769265 ], [ -99.471777015384589, 19.525385769230784 ], [ -99.471805861538442, 19.525476076923105 ], [ -99.471748907692273, 19.52555755384617 ], [ -99.47167266153842, 19.525557753846151 ], [ -99.471577399999987, 19.525576076923066 ], [ -99.471482061538424, 19.52556727692312 ], [ -99.471386707692247, 19.525549461538443 ], [ -99.471300876923067, 19.525531615384619 ], [ -99.47120553846149, 19.525522815384605 ], [ -99.471110169230741, 19.525505 ], [ -99.471014861538407, 19.525505246153816 ], [ -99.47091953846153, 19.525505492307712 ], [ -99.470824199999967, 19.525496707692326 ], [ -99.470728892307662, 19.525496953846162 ], [ -99.470633584615342, 19.525497199999954 ], [ -99.470538246153808, 19.52548841538465 ], [ -99.470442938461531, 19.525488661538478 ], [ -99.47034753846151, 19.525461800000016 ], [ -99.4702522, 19.525453 ], [ -99.470156861538442, 19.525444215384599 ], [ -99.470061553846136, 19.525444461538473 ], [ -99.469966215384588, 19.525435676923092 ], [ -99.469870923076911, 19.525444953846119 ], [ -99.469775615384592, 19.5254452153846 ], [ -99.469689907692285, 19.525472538461575 ], [ -99.469604246153821, 19.525508907692306 ], [ -99.469509, 19.525536276923035 ], [ -99.469432907692294, 19.525590692307688 ], [ -99.469356815384572, 19.525645107692352 ], [ -99.469318923076884, 19.525726538461551 ], [ -99.469261953846143, 19.525798984615399 ], [ -99.469214523076886, 19.52588044615387 ], [ -99.469186169230724, 19.525961846153837 ], [ -99.469138753846124, 19.526043307692309 ], [ -99.469110415384606, 19.526133738461528 ], [ -99.469062969230791, 19.52620615384614 ], [ -99.469034630769201, 19.52629660000002 ], [ -99.469006307692283, 19.526387046153843 ], [ -99.468997, 19.526468400000017 ], [ -99.468987738461507, 19.526558799999982 ], [ -99.469016584615346, 19.526649092307725 ], [ -99.469026384615347, 19.52673943076924 ], [ -99.469026646153836, 19.5268298 ], [ -99.468969661538424, 19.526902246153881 ], [ -99.46888398461536, 19.526938615384569 ], [ -99.468798307692268, 19.526974984615403 ], [ -99.468722215384616, 19.527029400000014 ], [ -99.4686748, 19.527110861538457 ], [ -99.4686369076923, 19.527192292307703 ], [ -99.468608569230724, 19.527282738461487 ], [ -99.468589738461489, 19.527364123076953 ], [ -99.468570938461511, 19.527454538461544 ], [ -99.468552138461519, 19.527544953846174 ], [ -99.468523799999971, 19.527635400000015 ], [ -99.46849544615381, 19.527716800000036 ], [ -99.468467107692248, 19.527807246153813 ], [ -99.468467369230737, 19.527897615384617 ], [ -99.468448538461487, 19.527979 ], [ -99.4684488, 19.52806935384617 ], [ -99.46843953846151, 19.528159753846161 ], [ -99.468439799999985, 19.528250123076926 ], [ -99.468440061538445, 19.528340492307692 ], [ -99.468459384615358, 19.528430815384663 ], [ -99.468488230769211, 19.528521107692331 ], [ -99.468517061538421, 19.528602369230754 ], [ -99.468526646153805, 19.528620415384633 ], [ -99.468564953846098, 19.528683569230743 ], [ -99.468631861538412, 19.528746661538467 ], [ -99.468708261538424, 19.528800676923087 ], [ -99.46877516923071, 19.528863769230771 ], [ -99.468851599999965, 19.528926830769233 ], [ -99.468908969230753, 19.52898993846156 ], [ -99.46898539999998, 19.529053 ], [ -99.469004784615379, 19.529161384615396 ], [ -99.468976369230731, 19.529224723076936 ], [ -99.468890661538452, 19.529252046153836 ], [ -99.468795399999948, 19.529270369230776 ], [ -99.468700107692285, 19.529279661538474 ], [ -99.468604830769237, 19.529288938461541 ], [ -99.468509507692289, 19.529289184615354 ], [ -99.468423676923067, 19.529271338461545 ], [ -99.468328307692275, 19.529253507692303 ], [ -99.46824239999998, 19.529208553846136 ], [ -99.468165969230768, 19.529145492307713 ], [ -99.468099092307668, 19.529091446153856 ], [ -99.468013169230744, 19.529046476923099 ], [ -99.467927292307692, 19.529010553846184 ], [ -99.467831938461515, 19.529001769230771 ], [ -99.467736599999981, 19.528992969230753 ], [ -99.467641323076876, 19.529002261538484 ], [ -99.467546061538428, 19.529020569230788 ], [ -99.467450799999952, 19.52903889230765 ], [ -99.467365107692274, 19.529075261538416 ], [ -99.467298553846149, 19.529129661538484 ], [ -99.467241569230737, 19.529202107692274 ], [ -99.467232292307656, 19.529292492307686 ], [ -99.467299230769186, 19.529364615384615 ], [ -99.467347123076891, 19.529445830769237 ], [ -99.467347384615337, 19.5295362 ], [ -99.467357138461537, 19.529617507692279 ], [ -99.467376461538464, 19.529707815384604 ], [ -99.467414830769215, 19.529789061538423 ], [ -99.467415092307647, 19.529879415384624 ], [ -99.467415338461507, 19.529969784615393 ], [ -99.467406076923069, 19.530060184615422 ], [ -99.467368215384582, 19.53015064615386 ], [ -99.467339846153806, 19.530232061538467 ], [ -99.467321046153799, 19.530322476923118 ], [ -99.467283153846139, 19.530403907692314 ], [ -99.467245261538437, 19.530485338461503 ], [ -99.467197830769223, 19.530566784615367 ], [ -99.467121707692286, 19.530612169230771 ], [ -99.467045615384606, 19.530666584615421 ], [ -99.466950307692301, 19.530666830769256 ], [ -99.466854938461509, 19.530649015384601 ], [ -99.4667690307692, 19.530604046153833 ], [ -99.466692615384602, 19.530550015384609 ], [ -99.466625707692273, 19.530486938461529 ], [ -99.466549276923033, 19.530423876923081 ], [ -99.466482399999975, 19.53036983076921 ], [ -99.466415507692261, 19.530306738461537 ], [ -99.466348599999961, 19.530243661538471 ], [ -99.466281676923046, 19.530171538461509 ], [ -99.466205261538434, 19.530117507692339 ], [ -99.466119353846096, 19.530072538461546 ], [ -99.466062092307681, 19.53004558461538 ], [ -99.465967138461494, 19.530172338461551 ] ] ] ] } }
]
}
