{
"type": "FeatureCollection",
"name": "do",
"crs": { "type": "name", "properties": { "name": "urn:ogc:def:crs:OGC:1.3:CRS84" } },
"features": [
{ "type": "Feature", "properties": { "IDBD": 174290, "FC": 6291, "CONDICION": "CUERPO DE AGUA INTERMITENTE" }, "geometry": { "type": "MultiPolygon", "coordinates": [ [ [ [ -99.220735153846107, 19.876843169230778 ], [ -99.220668323076879, 19.876861323076945 ], [ -99.22061104615382, 19.876888507692286 ], [ -99.220563338461517, 19.876933738461553 ], [ -99.220477446153851, 19.876988076923062 ], [ -99.220429769230748, 19.877051384615363 ], [ -99.220363015384564, 19.8771328 ], [ -99.220344030769198, 19.877214153846172 ], [ -99.220286830769211, 19.87729555384615 ], [ -99.220267861538446, 19.877404015384609 ], [ -99.220248892307694, 19.877494415384621 ], [ -99.220277615384603, 19.877548600000011 ], [ -99.220373353846128, 19.877702107692333 ], [ -99.220402153846138, 19.877801476923082 ], [ -99.220411784615322, 19.877864723076943 ], [ -99.220421446153836, 19.877937 ], [ -99.220488430769194, 19.878027292307678 ], [ -99.220526707692272, 19.878072415384636 ], [ -99.220574523076905, 19.878108507692264 ], [ -99.220593707692259, 19.878171738461493 ], [ -99.220574676923022, 19.878225984615391 ], [ -99.22051736923072, 19.878226061538456 ], [ -99.220421876923027, 19.878253292307715 ], [ -99.220374138461537, 19.878271415384624 ], [ -99.220307307692266, 19.878289569230777 ], [ -99.220250061538465, 19.878343861538443 ], [ -99.220202369230748, 19.878389107692321 ], [ -99.220202446153806, 19.878452369230772 ], [ -99.220212076923048, 19.878506569230762 ], [ -99.220250353846126, 19.878551707692317 ], [ -99.220259953846124, 19.878587846153849 ], [ -99.220307738461514, 19.878605861538468 ], [ -99.220365076923031, 19.878623861538479 ], [ -99.220403323076908, 19.878650923076915 ], [ -99.220498938461503, 19.878714061538481 ], [ -99.220518107692257, 19.878759230769191 ], [ -99.220518199999987, 19.878831523076908 ], [ -99.220508707692261, 19.878876707692292 ], [ -99.220451476923017, 19.878931 ], [ -99.220432415384579, 19.878967184615387 ], [ -99.220365661538438, 19.879048584615408 ], [ -99.220337015384573, 19.879057661538472 ], [ -99.220251061538434, 19.8790668 ], [ -99.220250969230733, 19.87900355384614 ], [ -99.220222261538453, 19.878967430769258 ], [ -99.220174569230721, 19.879012676923072 ], [ -99.220126876923032, 19.879066953846142 ], [ -99.220126938461519, 19.879112138461547 ], [ -99.220127, 19.87914829230769 ], [ -99.220193953846106, 19.879220507692263 ], [ -99.220232246153799, 19.879274676923075 ], [ -99.220289646153844, 19.879337861538499 ], [ -99.220289723076874, 19.879392076923089 ], [ -99.220232461538416, 19.879428292307697 ], [ -99.220184769230769, 19.879482584615399 ], [ -99.220165707692274, 19.879518753846146 ], [ -99.22010846153843, 19.879564 ], [ -99.220022430769191, 19.879518923076954 ], [ -99.219974538461514, 19.879428615384612 ], [ -99.21990758461537, 19.879365446153859 ], [ -99.21984053846154, 19.879229969230803 ], [ -99.219735292307661, 19.879112630769242 ], [ -99.219649292307651, 19.879094661538488 ], [ -99.219630030769181, 19.878977200000044 ], [ -99.219658492307673, 19.878832584615381 ], [ -99.219677569230754, 19.878814492307708 ], [ -99.219715723076874, 19.878769261538487 ], [ -99.219725153846142, 19.878687907692289 ], [ -99.219753599999947, 19.878534246153873 ], [ -99.21978215384614, 19.878452892307696 ], [ -99.219810661538432, 19.878353446153845 ], [ -99.219810569230745, 19.878281153846178 ], [ -99.219800907692274, 19.878199830769244 ], [ -99.219800784615344, 19.878118507692307 ], [ -99.219800723076887, 19.878073323076951 ], [ -99.219800661538429, 19.878028138461559 ], [ -99.219800584615328, 19.877964876923084 ], [ -99.219819615384566, 19.877919676923099 ], [ -99.219838646153804, 19.877856384615345 ], [ -99.219848076923043, 19.877775046153872 ], [ -99.219790692307683, 19.877720892307764 ], [ -99.219704661538458, 19.87767581538461 ], [ -99.219637784615358, 19.877666861538493 ], [ -99.219609076923035, 19.877630753846198 ], [ -99.219599430769208, 19.877567507692355 ], [ -99.219599369230735, 19.877522323076931 ], [ -99.219570615384598, 19.877450061538418 ], [ -99.219541892307689, 19.877404923076924 ], [ -99.219570430769224, 19.877314507692287 ], [ -99.219589399999975, 19.877224123076928 ], [ -99.219637076923064, 19.877160800000031 ], [ -99.21968475384611, 19.877097492307694 ], [ -99.219761061538449, 19.877016061538441 ], [ -99.21980869230768, 19.876925646153879 ], [ -99.219827707692303, 19.876853323076897 ], [ -99.219894430769216, 19.876753830769246 ], [ -99.21990389230767, 19.876690569230796 ], [ -99.21990378461534, 19.876609230769212 ], [ -99.219913230769194, 19.876527892307685 ], [ -99.219951338461527, 19.876455553846103 ], [ -99.219999046153831, 19.876419353846146 ], [ -99.220075430769214, 19.876401184615371 ], [ -99.220132707692301, 19.876374 ], [ -99.220218676923068, 19.876373892307672 ], [ -99.220333338461515, 19.876391815384597 ], [ -99.220419353846154, 19.876427861538449 ], [ -99.220495892307667, 19.876509092307646 ], [ -99.220581938461493, 19.876572246153845 ], [ -99.220648892307693, 19.876635430769234 ], [ -99.220725430769207, 19.876716661538488 ], [ -99.220735153846107, 19.876843169230778 ] ] ] ] } },
{ "type": "Feature", "properties": { "IDBD": 174342, "FC": 6291, "CONDICION": "CUERPO DE AGUA INTERMITENTE" }, "geometry": { "type": "MultiPolygon", "coordinates": [ [ [ [ -99.19556349230767, 19.875724907692295 ], [ -99.195477553846146, 19.875752107692325 ], [ -99.195353338461501, 19.875725138461579 ], [ -99.195286446153801, 19.875707138461564 ], [ -99.195200384615376, 19.875634938461573 ], [ -99.195171630769181, 19.875553630769254 ], [ -99.195104723076881, 19.875517569230773 ], [ -99.195037830769181, 19.875490523076863 ], [ -99.194932769230761, 19.875508723076944 ], [ -99.194894538461497, 19.875490676923064 ], [ -99.194865846153846, 19.875454569230737 ], [ -99.194875276923057, 19.87536418461541 ], [ -99.194827430769195, 19.875282907692341 ], [ -99.194779646153819, 19.875273923076914 ], [ -99.194760538461509, 19.875264907692337 ], [ -99.194750938461496, 19.87522876923077 ], [ -99.194779569230732, 19.875201630769251 ], [ -99.19480816923074, 19.875156415384605 ], [ -99.194884523076894, 19.875102107692332 ], [ -99.194960892307662, 19.875074923076916 ], [ -99.195046815384572, 19.875029646153838 ], [ -99.195065892307682, 19.875002507692344 ], [ -99.195132646153823, 19.874921107692334 ], [ -99.19519944615385, 19.874857769230751 ], [ -99.195256723076895, 19.874839646153848 ], [ -99.195333153846121, 19.874839553846193 ], [ -99.195419153846132, 19.874875615384578 ], [ -99.195476569230721, 19.874947846153876 ], [ -99.195524384615368, 19.875002015384613 ], [ -99.195591461538427, 19.875164599999987 ], [ -99.195610676923039, 19.875263984615398 ], [ -99.195620384615353, 19.875381446153856 ], [ -99.195620553846126, 19.875526030769208 ], [ -99.19562067692307, 19.875625446153876 ], [ -99.195601630769218, 19.875670646153832 ], [ -99.19556349230767, 19.875724907692295 ] ] ] ] } },
{ "type": "Feature", "properties": { "IDBD": 174378, "FC": 6291, "CONDICION": "CUERPO DE AGUA INTERMITENTE" }, "geometry": { "type": "MultiPolygon", "coordinates": [ [ [ [ -99.286490523076893, 19.875466323076925 ], [ -99.286452261538415, 19.875439276923064 ], [ -99.286423446153805, 19.875348953846188 ], [ -99.286423276923031, 19.8752586 ], [ -99.286470969230734, 19.875213338461556 ], [ -99.286566461538442, 19.87520413846152 ], [ -99.286652353846108, 19.875158815384623 ], [ -99.286709553846151, 19.87509547692305 ], [ -99.286805030769202, 19.87506820000003 ], [ -99.286852830769192, 19.875095246153869 ], [ -99.286919784615336, 19.875140323076906 ], [ -99.286929399999934, 19.875176446153869 ], [ -99.2868912307692, 19.875194584615375 ], [ -99.286862584615378, 19.875203661538482 ], [ -99.286776661538426, 19.875230907692302 ], [ -99.286690784615345, 19.875285276923048 ], [ -99.286633630769202, 19.87536669230769 ], [ -99.286585984615357, 19.875430030769252 ], [ -99.286490523076893, 19.875466323076925 ] ] ] ] } },
{ "type": "Feature", "properties": { "IDBD": 174453, "FC": 6291, "CONDICION": "CUERPO DE AGUA INTERMITENTE" }, "geometry": { "type": "MultiPolygon", "coordinates": [ [ [ [ -99.284541215384593, 19.869740169230784 ], [ -99.284541369230737, 19.869830538461507 ], [ -99.284522430769229, 19.869920923076947 ], [ -99.284493923076909, 19.870002307692335 ], [ -99.284474876923028, 19.870038476923114 ], [ -99.284446169230748, 19.870002384615361 ], [ -99.284417384615367, 19.869930138461516 ], [ -99.2843886153846, 19.869866923076916 ], [ -99.284369415384575, 19.869812738461501 ], [ -99.2844457384615, 19.869767430769272 ], [ -99.284541215384593, 19.869740169230784 ] ] ] ] } },
{ "type": "Feature", "properties": { "IDBD": 174479, "FC": 6291, "CONDICION": "CUERPO DE AGUA INTERMITENTE" }, "geometry": { "type": "MultiPolygon", "coordinates": [ [ [ [ -99.167698584615366, 19.865677292307655 ], [ -99.16772718461533, 19.865623046153903 ], [ -99.167774923076905, 19.865604938461548 ], [ -99.167774892307648, 19.865568784615398 ], [ -99.167707953846133, 19.865505584615384 ], [ -99.167631492307677, 19.865451446153862 ], [ -99.167574107692303, 19.865388230769248 ], [ -99.167545369230709, 19.865306938461561 ], [ -99.167564415384589, 19.865243661538475 ], [ -99.167593046153812, 19.865225553846162 ], [ -99.167688538461491, 19.865207400000031 ], [ -99.167784061538441, 19.865207307692348 ], [ -99.16787956923072, 19.865207215384647 ], [ -99.167975092307699, 19.865207123076942 ], [ -99.16807058461535, 19.865188953846157 ], [ -99.168156538461517, 19.8651708 ], [ -99.168252061538439, 19.865179753846149 ], [ -99.168347599999976, 19.86520676923077 ], [ -99.168433599999986, 19.865242830769219 ], [ -99.168519630769197, 19.865296984615355 ], [ -99.168605753846123, 19.865450523076916 ], [ -99.168625030769235, 19.865613169230745 ], [ -99.168625246153823, 19.865821015384608 ], [ -99.168549, 19.865974707692327 ], [ -99.168463092307647, 19.866038046153808 ], [ -99.168396261538419, 19.866056184615395 ], [ -99.168272107692303, 19.866074369230738 ], [ -99.167966415384598, 19.866038523076888 ], [ -99.167842153846138, 19.865957307692334 ], [ -99.167765661538439, 19.86588507692305 ], [ -99.1677178, 19.865776676923073 ], [ -99.167698584615366, 19.865677292307655 ] ] ] ] } },
{ "type": "Feature", "properties": { "IDBD": 174482, "FC": 6291, "CONDICION": "CUERPO DE AGUA INTERMITENTE" }, "geometry": { "type": "MultiPolygon", "coordinates": [ [ [ [ -99.226729030769178, 19.866633123076916 ], [ -99.226709876923067, 19.866597 ], [ -99.226690723076871, 19.866560876923085 ], [ -99.226662030769205, 19.866533815384642 ], [ -99.226633338461511, 19.866515769230787 ], [ -99.22657601538458, 19.866506815384625 ], [ -99.226499599999968, 19.866497861538463 ], [ -99.22649, 19.866461738461517 ], [ -99.226509030769222, 19.866416523076946 ], [ -99.226528138461489, 19.866416507692328 ], [ -99.226585461538406, 19.866425461538466 ], [ -99.226585384615376, 19.866371246153797 ], [ -99.2265662, 19.866317046153835 ], [ -99.226613892307654, 19.866271800000021 ], [ -99.226652030769202, 19.866217538461516 ], [ -99.226671030769211, 19.866145215384631 ], [ -99.226690107692278, 19.866127123076922 ], [ -99.226795153846112, 19.866117953846167 ], [ -99.226890692307677, 19.866126861538447 ], [ -99.226967169230733, 19.86617195384617 ], [ -99.227034123076876, 19.866244153846147 ], [ -99.227101076923049, 19.866307338461542 ], [ -99.227148938461497, 19.866379569230805 ], [ -99.227187276923033, 19.866469876923073 ], [ -99.227196953846132, 19.866560246153856 ], [ -99.227139753846146, 19.866632600000013 ], [ -99.227053830769208, 19.866668861538443 ], [ -99.227034907692286, 19.866795400000026 ], [ -99.226977661538427, 19.86683161538463 ], [ -99.22688215384612, 19.866840784615388 ], [ -99.226824815384603, 19.866822784615405 ], [ -99.226757799999973, 19.866714415384624 ], [ -99.226729030769178, 19.866633123076916 ] ] ] ] } },
{ "type": "Feature", "properties": { "IDBD": 174517, "FC": 6291, "CONDICION": "CUERPO DE AGUA INTERMITENTE" }, "geometry": { "type": "MultiPolygon", "coordinates": [ [ [ [ -99.278990492307642, 19.863649138461529 ], [ -99.278952430769223, 19.863730538461553 ], [ -99.27890479999995, 19.863802907692314 ], [ -99.278847615384606, 19.863875292307696 ], [ -99.278771307692296, 19.86392963076927 ], [ -99.278704569230712, 19.864002030769264 ], [ -99.278637815384599, 19.864065384615408 ], [ -99.278561492307688, 19.864110692307708 ], [ -99.278485169230777, 19.864165030769254 ], [ -99.278389676923041, 19.864174215384608 ], [ -99.278294123076904, 19.864156292307676 ], [ -99.278198646153783, 19.864174507692304 ], [ -99.278112646153801, 19.864156569230783 ], [ -99.278055246153826, 19.864102446153854 ], [ -99.278045538461527, 19.864012092307703 ], [ -99.278054938461494, 19.863930738461523 ], [ -99.278083446153829, 19.86384033846155 ], [ -99.278073738461487, 19.863749984615353 ], [ -99.278025830769195, 19.86366872307693 ], [ -99.277987507692274, 19.863596492307675 ], [ -99.27796827692309, 19.863524230769222 ], [ -99.277987276923085, 19.863469969230753 ], [ -99.278025430769176, 19.863433769230824 ], [ -99.278044492307643, 19.863415661538472 ], [ -99.278073138461522, 19.863406584615397 ], [ -99.278111384615357, 19.863433630769212 ], [ -99.278159169230761, 19.863451630769251 ], [ -99.278273784615351, 19.863442415384622 ], [ -99.278426553846117, 19.863415076923104 ], [ -99.278560276923059, 19.863414861538505 ], [ -99.278636723076872, 19.863432815384574 ], [ -99.278636799999958, 19.863478 ], [ -99.2786464307692, 19.863523169230763 ], [ -99.278675123076908, 19.863550230769192 ], [ -99.2787133384615, 19.863550169230759 ], [ -99.278761, 19.863495876923089 ], [ -99.278808753846121, 19.863495800000024 ], [ -99.278856523076911, 19.863504769230772 ], [ -99.278942523076907, 19.863522707692301 ], [ -99.278980830769228, 19.863585907692343 ], [ -99.278990492307642, 19.863649138461529 ] ] ] ] } },
{ "type": "Feature", "properties": { "IDBD": 174522, "FC": 6291, "CONDICION": "CUERPO DE AGUA INTERMITENTE" }, "geometry": { "type": "MultiPolygon", "coordinates": [ [ [ [ -99.15834326153842, 19.861384338461544 ], [ -99.158324092307652, 19.861321092307676 ], [ -99.158276292307647, 19.861266923076926 ], [ -99.1582476, 19.861230800000026 ], [ -99.158161584615343, 19.861185692307711 ], [ -99.158094692307657, 19.861149599999983 ], [ -99.158085061538429, 19.861059246153896 ], [ -99.158113646153822, 19.86099595384616 ], [ -99.158199569230717, 19.860959738461528 ], [ -99.158209030769186, 19.860869353846148 ], [ -99.158170753846107, 19.86078806153844 ], [ -99.158142015384612, 19.860706753846131 ], [ -99.158141923076911, 19.860616384615376 ], [ -99.158208723076868, 19.860553076923082 ], [ -99.158179984615344, 19.860471769230756 ], [ -99.158199, 19.860381384615394 ], [ -99.158275353846108, 19.860318061538493 ], [ -99.158303923076886, 19.860236692307719 ], [ -99.15833247692305, 19.86014630769229 ], [ -99.158380169230739, 19.860073969230751 ], [ -99.158456523076907, 19.860010646153849 ], [ -99.158552015384586, 19.860001523076935 ], [ -99.158628476923056, 19.860046630769219 ], [ -99.158666769230706, 19.860127938461492 ], [ -99.158733676923049, 19.860191138461534 ], [ -99.158781523076883, 19.860272415384596 ], [ -99.158857984615352, 19.860326569230818 ], [ -99.158877184615392, 19.860416923076908 ], [ -99.158934553846123, 19.860489169230725 ], [ -99.159011030769193, 19.860543323076914 ], [ -99.159106538461529, 19.86055227692307 ], [ -99.159192538461497, 19.860579307692284 ], [ -99.15927853846155, 19.860615384615357 ], [ -99.159374061538429, 19.860624323076937 ], [ -99.159469569230737, 19.86062424615389 ], [ -99.15956507692303, 19.860615123076926 ], [ -99.159660584615338, 19.860615030769218 ], [ -99.159756092307646, 19.8606059076923 ], [ -99.159851615384582, 19.860614861538448 ], [ -99.159928061538452, 19.860659984615399 ], [ -99.159966353846116, 19.860741276923118 ], [ -99.159746753846122, 19.860822799999973 ], [ -99.159154784615367, 19.861040215384612 ], [ -99.158667861538419, 19.86123043076924 ], [ -99.158419646153831, 19.861357153846136 ], [ -99.15834326153842, 19.861384338461544 ] ] ] ] } },
{ "type": "Feature", "properties": { "IDBD": 174533, "FC": 6291, "CONDICION": "CUERPO DE AGUA INTERMITENTE" }, "geometry": { "type": "MultiPolygon", "coordinates": [ [ [ [ -99.167941276923059, 19.860309215384596 ], [ -99.167893507692284, 19.860291184615356 ], [ -99.167817061538429, 19.860255107692257 ], [ -99.167769246153796, 19.860209969230819 ], [ -99.167730969230732, 19.860137707692324 ], [ -99.167635384615366, 19.860065507692326 ], [ -99.167549415384599, 19.860065584615416 ], [ -99.167492199999984, 19.86014696923074 ], [ -99.167453984615392, 19.860147 ], [ -99.167415769230757, 19.860128969230754 ], [ -99.167406123076873, 19.8600386153846 ], [ -99.167406015384614, 19.859939199999982 ], [ -99.167472799999956, 19.859866846153849 ], [ -99.167549169230725, 19.859821599999972 ], [ -99.167635092307691, 19.859785369230746 ], [ -99.16773059999997, 19.859785276923112 ], [ -99.167826107692321, 19.859776153846141 ], [ -99.167912030769173, 19.85973992307693 ], [ -99.167969246153788, 19.859658538461535 ], [ -99.168045615384571, 19.859613276923078 ], [ -99.168141123076879, 19.859613184615377 ], [ -99.168236630769215, 19.859613092307658 ], [ -99.168351307692276, 19.859667215384619 ], [ -99.168533015384611, 19.859883923076918 ], [ -99.16861912307688, 19.860028430769216 ], [ -99.168666969230756, 19.860109723076938 ], [ -99.168686107692267, 19.860145846153873 ], [ -99.168676615384598, 19.860200076923114 ], [ -99.168667092307672, 19.860227200000026 ], [ -99.168332876923074, 19.860308846153853 ], [ -99.168075, 19.860318123076933 ], [ -99.167941276923059, 19.860309215384596 ] ] ] ] } },
{ "type": "Feature", "properties": { "IDBD": 174580, "FC": 6291, "CONDICION": "CUERPO DE AGUA INTERMITENTE" }, "geometry": { "type": "MultiPolygon", "coordinates": [ [ [ [ -99.169761307692283, 19.856295153846176 ], [ -99.169703969230738, 19.856259061538452 ], [ -99.169684830769199, 19.856231969230805 ], [ -99.169675261538458, 19.856204861538469 ], [ -99.1697038, 19.8560964 ], [ -99.169761015384566, 19.856024046153877 ], [ -99.169837369230763, 19.855960707692351 ], [ -99.169913707692302, 19.855906415384638 ], [ -99.169999661538412, 19.85588826153846 ], [ -99.170085630769208, 19.85589721538463 ], [ -99.170133430769198, 19.85595140000002 ], [ -99.170152599999952, 19.856014630769216 ], [ -99.17012410769226, 19.85615924615389 ], [ -99.170066892307645, 19.856249676923102 ], [ -99.169990553846119, 19.856313 ], [ -99.169933261538432, 19.856331123076924 ], [ -99.169866415384575, 19.8563312 ], [ -99.169809092307631, 19.856313169230756 ], [ -99.169761307692283, 19.856295153846176 ] ] ] ] } },
{ "type": "Feature", "properties": { "IDBD": 174581, "FC": 6291, "CONDICION": "CUERPO DE AGUA INTERMITENTE" }, "geometry": { "type": "MultiPolygon", "coordinates": [ [ [ [ -99.204505369230716, 19.854153107692323 ], [ -99.204533969230738, 19.854107892307685 ], [ -99.20456256923076, 19.854062676923121 ], [ -99.204610261538463, 19.854017430769265 ], [ -99.20461972307686, 19.853945123076915 ], [ -99.204591015384565, 19.853909015384598 ], [ -99.204524123076936, 19.853881984615406 ], [ -99.204495369230756, 19.853800676923044 ], [ -99.204514399999937, 19.853746446153824 ], [ -99.204581199999964, 19.853692138461575 ], [ -99.204590692307647, 19.853655984615351 ], [ -99.204600138461544, 19.853565600000024 ], [ -99.204600015384585, 19.853475230769245 ], [ -99.204599907692284, 19.853384876923055 ], [ -99.204590230769199, 19.85329450769229 ], [ -99.204571015384602, 19.853204169230789 ], [ -99.2045709076923, 19.853113799999981 ], [ -99.204580338461525, 19.853023415384591 ], [ -99.2045611230769, 19.852933076923097 ], [ -99.204541907692274, 19.852851769230782 ], [ -99.204522707692263, 19.852770461538448 ], [ -99.204532123076888, 19.852662 ], [ -99.204532, 19.852571630769255 ], [ -99.204531892307685, 19.852481276923069 ], [ -99.204569984615361, 19.852399892307702 ], [ -99.20463676923076, 19.852345599999985 ], [ -99.20473224615381, 19.852318384615401 ], [ -99.204827753846146, 19.852318261538475 ], [ -99.204923276923026, 19.852327200000047 ], [ -99.2050188, 19.852336123076899 ], [ -99.205076153846122, 19.852381246153843 ], [ -99.205095369230776, 19.852471584615422 ], [ -99.205085938461522, 19.852561969230724 ], [ -99.20509559999995, 19.852652323076917 ], [ -99.205133892307643, 19.852715538461588 ], [ -99.205143553846142, 19.852805892307707 ], [ -99.205143676923072, 19.852896261538497 ], [ -99.205143784615345, 19.852986630769266 ], [ -99.205134353846105, 19.853077 ], [ -99.20514401538459, 19.853167369230754 ], [ -99.205144138461506, 19.853257723076933 ], [ -99.205134707692295, 19.853348107692344 ], [ -99.205134815384568, 19.853438476923078 ], [ -99.205125384615329, 19.853528861538432 ], [ -99.205096846153808, 19.853619261538476 ], [ -99.205087399999954, 19.8537006 ], [ -99.205077969230729, 19.853790984615344 ], [ -99.205039876923038, 19.853881384615416 ], [ -99.205011338461503, 19.853962753846169 ], [ -99.205001892307678, 19.85405313846152 ], [ -99.204973353846114, 19.854143538461557 ], [ -99.204982984615356, 19.854197738461568 ], [ -99.205021292307677, 19.854279030769227 ], [ -99.205050046153829, 19.854360323076907 ], [ -99.205059707692257, 19.854450676923086 ], [ -99.205069384615356, 19.85454104615388 ], [ -99.205079046153799, 19.854631399999981 ], [ -99.205069615384559, 19.854721769230785 ], [ -99.205031523076897, 19.854812184615376 ], [ -99.204955184615372, 19.854866492307693 ], [ -99.204945753846104, 19.854956876923101 ], [ -99.204955415384575, 19.855047230769216 ], [ -99.204955569230734, 19.855164707692307 ], [ -99.205003399999953, 19.85521887692309 ], [ -99.205070338461496, 19.855291092307656 ], [ -99.205099092307663, 19.855363353846133 ], [ -99.20509919999995, 19.855453723076895 ], [ -99.205089769230725, 19.855544107692317 ], [ -99.205070769230744, 19.855625461538487 ], [ -99.205061338461505, 19.855715830769245 ], [ -99.205061461538449, 19.855806200000011 ], [ -99.205052015384581, 19.855896584615351 ], [ -99.205052138461511, 19.855986953846156 ], [ -99.205042646153814, 19.856032138461547 ], [ -99.205033153846131, 19.856077338461539 ], [ -99.205033261538432, 19.856167707692272 ], [ -99.205014276923023, 19.856258092307666 ], [ -99.204957061538437, 19.856330461538459 ], [ -99.204966738461493, 19.856420815384627 ], [ -99.204995507692288, 19.856511138461578 ], [ -99.204976461538408, 19.856556353846148 ], [ -99.204928753846104, 19.856592553846102 ], [ -99.204852323076864, 19.856583600000011 ], [ -99.204795030769191, 19.856592707692318 ], [ -99.204747461538446, 19.856737353846139 ], [ -99.204709353846141, 19.856809692307706 ], [ -99.204671138461507, 19.856800692307669 ], [ -99.204651953846138, 19.856737461538469 ], [ -99.20467093846149, 19.856647076923039 ], [ -99.204680369230744, 19.856556692307674 ], [ -99.204651646153806, 19.856493461538498 ], [ -99.204641953846121, 19.856385030769221 ], [ -99.204641815384591, 19.856285630769271 ], [ -99.204641723076904, 19.856204307692284 ], [ -99.204612953846095, 19.856123 ], [ -99.204612907692308, 19.856086861538504 ], [ -99.20460321538458, 19.855969384615381 ], [ -99.204584, 19.855879046153834 ], [ -99.204583876923039, 19.855788676923037 ], [ -99.204564676923056, 19.855707369230799 ], [ -99.20458366153845, 19.85561696923078 ], [ -99.204602692307631, 19.855562738461543 ], [ -99.204612153846128, 19.855490430769201 ], [ -99.204573907692293, 19.855454323076934 ], [ -99.204564230769208, 19.855363969230797 ], [ -99.204564123076892, 19.855273600000015 ], [ -99.204554446153821, 19.855183246153839 ], [ -99.20453523076921, 19.855092892307692 ], [ -99.204554246153819, 19.855029615384595 ], [ -99.204601953846094, 19.854984384615399 ], [ -99.204611461538434, 19.854948215384599 ], [ -99.204601815384606, 19.854875938461557 ], [ -99.204592138461493, 19.854785584615403 ], [ -99.204553830769186, 19.854704292307702 ], [ -99.204525107692277, 19.85464107692308 ], [ -99.204525046153819, 19.854595892307714 ], [ -99.204544061538442, 19.854532599999967 ], [ -99.204543969230727, 19.854451276923101 ], [ -99.204524738461487, 19.854351892307694 ], [ -99.204495969230734, 19.8542706 ], [ -99.20450541538456, 19.854180215384602 ], [ -99.204505369230716, 19.854153107692323 ] ] ] ] } },
{ "type": "Feature", "properties": { "IDBD": 174589, "FC": 6291, "CONDICION": "CUERPO DE AGUA INTERMITENTE" }, "geometry": { "type": "MultiPolygon", "coordinates": [ [ [ [ -99.17999009230769, 19.855914600000023 ], [ -99.179932769230732, 19.855905630769257 ], [ -99.179904092307694, 19.855878538461553 ], [ -99.179894507692282, 19.855851446153849 ], [ -99.179904, 19.85580624615385 ], [ -99.179942184615328, 19.855788138461524 ], [ -99.179980369230748, 19.855760984615436 ], [ -99.180028107692266, 19.855751907692301 ], [ -99.180056769230731, 19.855760907692293 ], [ -99.18008546153844, 19.855797030769242 ], [ -99.180085507692269, 19.855833184615424 ], [ -99.180076, 19.855878369230751 ], [ -99.180047369230749, 19.855896476923057 ], [ -99.17999009230769, 19.855914600000023 ] ] ] ] } },
{ "type": "Feature", "properties": { "IDBD": 174616, "FC": 6291, "CONDICION": "CUERPO DE AGUA INTERMITENTE" }, "geometry": { "type": "MultiPolygon", "coordinates": [ [ [ [ -99.279519153846138, 19.854638676923081 ], [ -99.279461815384607, 19.854620692307712 ], [ -99.27938530769228, 19.854566599999984 ], [ -99.279308815384567, 19.854521523076929 ], [ -99.279222784615371, 19.85447647692305 ], [ -99.279146276923044, 19.854422384615383 ], [ -99.27906024615379, 19.854377323076939 ], [ -99.27898373846152, 19.854323230769229 ], [ -99.278916784615348, 19.854260076923065 ], [ -99.278878430769183, 19.854178799999985 ], [ -99.278906923076889, 19.854088399999981 ], [ -99.278964107692289, 19.854016015384648 ], [ -99.279030846153816, 19.853952646153854 ], [ -99.279097599999957, 19.853889292307667 ], [ -99.279173907692282, 19.853834953846164 ], [ -99.279240646153823, 19.853771584615377 ], [ -99.279326553846133, 19.853735307692279 ], [ -99.2794125076923, 19.853735169230809 ], [ -99.27949852307691, 19.8537711846154 ], [ -99.279594092307661, 19.85380718461542 ], [ -99.279680123076886, 19.853843184615421 ], [ -99.279756615384613, 19.853897292307661 ], [ -99.279823553846157, 19.853942369230758 ], [ -99.279919138461551, 19.8539874 ], [ -99.279986107692267, 19.854050553846193 ], [ -99.280034030769173, 19.854140846153843 ], [ -99.280024569230747, 19.854195076923062 ], [ -99.279938738461539, 19.85426750769231 ], [ -99.27987196923074, 19.854321830769276 ], [ -99.279805230769171, 19.8543852 ], [ -99.279738492307686, 19.854448553846161 ], [ -99.279671738461488, 19.85451192307692 ], [ -99.279614569230745, 19.854584307692306 ], [ -99.279566892307628, 19.854629569230731 ], [ -99.279519153846138, 19.854638676923081 ] ] ] ] } },
{ "type": "Feature", "properties": { "IDBD": 174715, "FC": 6291, "CONDICION": "CUERPO DE AGUA INTERMITENTE" }, "geometry": { "type": "MultiPolygon", "coordinates": [ [ [ [ -99.17675969230767, 19.845362846153829 ], [ -99.176692799999969, 19.845326769230791 ], [ -99.17663543076921, 19.845254523076925 ], [ -99.176597153846117, 19.845191307692286 ], [ -99.176568461538452, 19.845155184615397 ], [ -99.176558815384595, 19.845064830769271 ], [ -99.17655870769228, 19.844974461538442 ], [ -99.176549061538466, 19.844884107692284 ], [ -99.176520323076858, 19.8448028 ], [ -99.176501123076889, 19.844712446153853 ], [ -99.176481923076921, 19.844631138461551 ], [ -99.176376815384558, 19.844577030769216 ], [ -99.176290830769176, 19.84455 ], [ -99.176195307692268, 19.844532015384594 ], [ -99.176099830769218, 19.844550184615397 ], [ -99.176013892307665, 19.844568338461528 ], [ -99.175918384615343, 19.844568446153854 ], [ -99.175822876923078, 19.84455949230772 ], [ -99.17572732307687, 19.844523446153858 ], [ -99.175660415384613, 19.844469292307657 ], [ -99.175622123076906, 19.844388 ], [ -99.175612476923078, 19.844297630769208 ], [ -99.175688815384603, 19.8442343076923 ], [ -99.175755599999988, 19.844170984615374 ], [ -99.175851076923067, 19.844152815384643 ], [ -99.17594656923076, 19.844143676923039 ], [ -99.176042076923068, 19.844143584615377 ], [ -99.176137584615361, 19.84415252307689 ], [ -99.17623307692304, 19.844134353846158 ], [ -99.176299876923039, 19.844089107692312 ], [ -99.176328461538461, 19.844034861538486 ], [ -99.176404799999943, 19.84397152307691 ], [ -99.176700769230706, 19.843889907692322 ], [ -99.176929938461527, 19.843853523076934 ], [ -99.177092369230749, 19.843925661538435 ], [ -99.17739818461537, 19.844106092307687 ], [ -99.177589384615345, 19.8442776 ], [ -99.177675599999986, 19.844512476923065 ], [ -99.177723599999965, 19.844738353846193 ], [ -99.177704630769199, 19.844855846153862 ], [ -99.17754252307688, 19.845081923076929 ], [ -99.177284846153825, 19.845244846153868 ], [ -99.177046184615378, 19.845335446153832 ], [ -99.17675969230767, 19.845362846153829 ] ] ] ] } },
{ "type": "Feature", "properties": { "IDBD": 174762, "FC": 6291, "CONDICION": "CUERPO DE AGUA INTERMITENTE" }, "geometry": { "type": "MultiPolygon", "coordinates": [ [ [ [ -99.217926984615389, 19.842018861538467 ], [ -99.218012399999921, 19.841630184615394 ], [ -99.218097753846138, 19.841187276923041 ], [ -99.21809746153842, 19.840979430769231 ], [ -99.218182892307681, 19.84059978461535 ], [ -99.218249538461535, 19.840446076923058 ], [ -99.218278046153813, 19.840346630769233 ], [ -99.218287276923064, 19.840102630769241 ], [ -99.218372738461539, 19.839750092307668 ], [ -99.218429507692278, 19.839361430769245 ], [ -99.21848643076919, 19.839090261538466 ], [ -99.218534107692292, 19.839026938461558 ], [ -99.218581861538453, 19.839035923076931 ], [ -99.218620092307674, 19.839053953846182 ], [ -99.218706107692284, 19.839108061538475 ], [ -99.2187730461538, 19.839171246153821 ], [ -99.218859061538424, 19.839216323076915 ], [ -99.21893552307688, 19.839261415384616 ], [ -99.218992923076883, 19.839333630769225 ], [ -99.219069430769224, 19.839414876923023 ], [ -99.219117276923058, 19.839487107692332 ], [ -99.219155553846093, 19.839541276923072 ], [ -99.219174784615348, 19.839631630769254 ], [ -99.21918446153839, 19.839721984615387 ], [ -99.219213230769199, 19.839812307692338 ], [ -99.219232446153811, 19.839893615384618 ], [ -99.219242123076896, 19.839983984615419 ], [ -99.219280446153803, 19.840074292307722 ], [ -99.2192996461538, 19.84015560000001 ], [ -99.21929976923073, 19.840245969230775 ], [ -99.219299907692275, 19.840336338461544 ], [ -99.219280923076894, 19.840426738461531 ], [ -99.219261953846143, 19.840517123076921 ], [ -99.219262076923044, 19.840607492307651 ], [ -99.219252646153805, 19.840697876923091 ], [ -99.219252769230735, 19.840788246153846 ], [ -99.2192242307692, 19.840869600000051 ], [ -99.219195707692279, 19.840960015384589 ], [ -99.219167169230758, 19.841041369230769 ], [ -99.219129076923082, 19.841122753846147 ], [ -99.219129199999983, 19.841213123076937 ], [ -99.219119769230758, 19.841303507692341 ], [ -99.2191008, 19.841393892307689 ], [ -99.219081815384584, 19.841484276923094 ], [ -99.219072369230744, 19.841556584615397 ], [ -99.219053384615364, 19.84163793846157 ], [ -99.2190344, 19.841728338461579 ], [ -99.218996353846109, 19.841836830769218 ], [ -99.218958261538447, 19.841918199999981 ], [ -99.218939292307681, 19.842008599999971 ], [ -99.218939415384597, 19.84209895384619 ], [ -99.218939492307641, 19.842153184615416 ], [ -99.218872676923041, 19.842189415384613 ], [ -99.218786723076889, 19.842180476923076 ], [ -99.218691199999967, 19.84217155384616 ], [ -99.21859566153843, 19.842144569230758 ], [ -99.218481015384612, 19.842108553846138 ], [ -99.218385507692318, 19.842099646153876 ], [ -99.218280446153813, 19.842099769230757 ], [ -99.2181658, 19.842063753846148 ], [ -99.218108492307636, 19.842063830769213 ], [ -99.218012969230713, 19.842045876923063 ], [ -99.217926984615389, 19.842018861538467 ] ] ] ] } },
{ "type": "Feature", "properties": { "IDBD": 174763, "FC": 6291, "CONDICION": "CUERPO DE AGUA INTERMITENTE" }, "geometry": { "type": "MultiPolygon", "coordinates": [ [ [ [ -99.18769981538459, 19.841393553846117 ], [ -99.187623476923051, 19.841438815384606 ], [ -99.187499369230736, 19.841484123076917 ], [ -99.187394323076902, 19.841493276923078 ], [ -99.187308369230735, 19.841484323076902 ], [ -99.187193707692259, 19.841439261538447 ], [ -99.187107692307691, 19.841385138461582 ], [ -99.187059892307687, 19.84134 ], [ -99.187012061538425, 19.841276784615367 ], [ -99.187002461538441, 19.84122258461538 ], [ -99.18701189230768, 19.841132200000011 ], [ -99.18708823076922, 19.841077907692295 ], [ -99.18716458461536, 19.841032630769281 ], [ -99.187240984615357, 19.841032553846119 ], [ -99.187326953846153, 19.841050538461587 ], [ -99.187393876923053, 19.841104692307677 ], [ -99.187403523076881, 19.841195046153846 ], [ -99.187460923076898, 19.841276323076919 ], [ -99.187508723076874, 19.841321446153827 ], [ -99.187556492307664, 19.841330446153854 ], [ -99.187661538461541, 19.841321292307732 ], [ -99.187699753846118, 19.841339323076948 ], [ -99.18769981538459, 19.841393553846117 ] ] ] ] } },
{ "type": "Feature", "properties": { "IDBD": 174768, "FC": 6291, "CONDICION": "CUERPO DE AGUA INTERMITENTE" }, "geometry": { "type": "MultiPolygon", "coordinates": [ [ [ [ -99.215145692307644, 19.840404661538471 ], [ -99.215145753846159, 19.840449846153899 ], [ -99.215117138461494, 19.840476984615393 ], [ -99.215059861538435, 19.840495123076913 ], [ -99.215012107692303, 19.840486153846157 ], [ -99.21500263076922, 19.840540384615412 ], [ -99.215002676923064, 19.84057652307693 ], [ -99.214964538461501, 19.840621753846197 ], [ -99.214974199999943, 19.840712123076891 ], [ -99.214974323076902, 19.840802476923045 ], [ -99.214907569230746, 19.840874861538474 ], [ -99.214869476923056, 19.840956230769233 ], [ -99.214907799999963, 19.841037523076913 ], [ -99.214926938461502, 19.841064615384656 ], [ -99.214946061538441, 19.841091692307682 ], [ -99.214927015384617, 19.841127861538471 ], [ -99.214869738461516, 19.841146015384655 ], [ -99.214822092307642, 19.8412274 ], [ -99.214831799999942, 19.841335830769239 ], [ -99.214889153846144, 19.841380938461533 ], [ -99.214984707692281, 19.841416969230785 ], [ -99.215032492307685, 19.841444030769221 ], [ -99.215042092307655, 19.841480169230792 ], [ -99.215032615384601, 19.8415344 ], [ -99.214994446153781, 19.841561553846169 ], [ -99.214898969230731, 19.841579738461522 ], [ -99.214803476923095, 19.841579861538442 ], [ -99.214727015384568, 19.841534769230801 ], [ -99.214640984615386, 19.841480646153823 ], [ -99.214555076923062, 19.841507861538457 ], [ -99.214488153846119, 19.841453723076942 ], [ -99.2144402923077, 19.841372446153844 ], [ -99.214440169230741, 19.841282076923093 ], [ -99.214478246153831, 19.841191661538474 ], [ -99.214487676923056, 19.841101276923101 ], [ -99.214487553846112, 19.841010923076929 ], [ -99.214487430769168, 19.840920553846107 ], [ -99.214535076923042, 19.840848200000011 ], [ -99.214573215384576, 19.840793923076948 ], [ -99.214554046153822, 19.840748769230775 ], [ -99.214534861538453, 19.840685538461567 ], [ -99.214553923076878, 19.840658400000045 ], [ -99.214630323076918, 19.840658307692291 ], [ -99.214678061538422, 19.840640184615374 ], [ -99.214697092307645, 19.8405949692308 ], [ -99.214668323076879, 19.840504630769257 ], [ -99.214601384615349, 19.840441461538465 ], [ -99.214563123076914, 19.840396323076927 ], [ -99.214496184615356, 19.840333138461538 ], [ -99.214438799999982, 19.840260923076951 ], [ -99.21439093846152, 19.84017964615385 ], [ -99.214381261538406, 19.840089292307706 ], [ -99.21439070769226, 19.840007953846175 ], [ -99.214447892307689, 19.839926553846151 ], [ -99.214495553846106, 19.839854199999987 ], [ -99.214533646153839, 19.83977281538462 ], [ -99.214514415384571, 19.839682476923095 ], [ -99.214476138461521, 19.839619261538459 ], [ -99.21438059999997, 19.839592261538485 ], [ -99.214285138461506, 19.839619492307694 ], [ -99.214199230769182, 19.839655738461548 ], [ -99.214151538461508, 19.839700984615369 ], [ -99.214113369230745, 19.839719107692282 ], [ -99.214075169230739, 19.839719153846126 ], [ -99.214055984615328, 19.839664953846199 ], [ -99.214065492307682, 19.839628784615421 ], [ -99.214074953846151, 19.839565523076963 ], [ -99.214065353846124, 19.839520353846197 ], [ -99.213969769230772, 19.8394572 ], [ -99.213893292307631, 19.83940307692307 ], [ -99.213826353846116, 19.839339907692271 ], [ -99.213749876923046, 19.839285769230756 ], [ -99.213663984615351, 19.839322015384614 ], [ -99.213683199999977, 19.839412369230793 ], [ -99.213692876923048, 19.839502723076887 ], [ -99.213664261538455, 19.839529861538477 ], [ -99.213606969230725, 19.839538969230752 ], [ -99.213559199999963, 19.839520953846158 ], [ -99.21353049230764, 19.839475799999981 ], [ -99.213511276923072, 19.839394492307665 ], [ -99.213472969230722, 19.839313215384625 ], [ -99.21338696923074, 19.839277169230783 ], [ -99.213291430769189, 19.839250169230805 ], [ -99.213205446153808, 19.839223169230813 ], [ -99.2131099230769, 19.839205200000041 ], [ -99.213023907692246, 19.839160123076887 ], [ -99.212947446153834, 19.839106 ], [ -99.212918676923067, 19.839024692307678 ], [ -99.212889907692272, 19.838934369230763 ], [ -99.212794415384593, 19.838934476923097 ], [ -99.212708415384569, 19.83889843076923 ], [ -99.212622430769215, 19.838871430769238 ], [ -99.212526907692293, 19.83885346153847 ], [ -99.212431399999943, 19.838853584615393 ], [ -99.212335876923035, 19.838835615384621 ], [ -99.212240369230727, 19.838826692307681 ], [ -99.212144876923034, 19.838835846153867 ], [ -99.212068415384564, 19.83879075384618 ], [ -99.2120206, 19.838745630769214 ], [ -99.211934599999978, 19.838700538461552 ], [ -99.211886876923074, 19.838727707692279 ], [ -99.21184867692304, 19.838718723076916 ], [ -99.211848584615353, 19.838655461538462 ], [ -99.211838984615341, 19.838610292307692 ], [ -99.211781661538396, 19.838601323076951 ], [ -99.211762523076885, 19.838574230769257 ], [ -99.211829353846099, 19.838556076923091 ], [ -99.211886630769214, 19.838537938461567 ], [ -99.211905661538395, 19.838483692307726 ], [ -99.211867353846088, 19.838402415384618 ], [ -99.211867230769215, 19.838312046153863 ], [ -99.211876661538483, 19.838221661538441 ], [ -99.211914753846131, 19.838140292307706 ], [ -99.211971938461502, 19.838058892307686 ], [ -99.211990923076883, 19.837968492307681 ], [ -99.211990799999981, 19.837878123076944 ], [ -99.212019353846102, 19.837796769230764 ], [ -99.212086107692286, 19.83773343076923 ], [ -99.2121816, 19.83772427692308 ], [ -99.212277107692259, 19.837724169230761 ], [ -99.212372615384567, 19.837733092307708 ], [ -99.212449076923065, 19.837787215384601 ], [ -99.212496923076898, 19.837859446153836 ], [ -99.212525692307665, 19.837949784615347 ], [ -99.212535369230736, 19.838040138461533 ], [ -99.212583230769184, 19.838121415384666 ], [ -99.212611984615393, 19.838202707692282 ], [ -99.212612107692266, 19.838293076923058 ], [ -99.2125931230769, 19.838383476923109 ], [ -99.212545476923083, 19.83845583076922 ], [ -99.212545553846113, 19.83851907692312 ], [ -99.212574246153793, 19.838546153846146 ], [ -99.212660246153817, 19.838582199999983 ], [ -99.212708015384578, 19.838600215384623 ], [ -99.212803553846143, 19.838627215384587 ], [ -99.212899046153822, 19.838627107692332 ], [ -99.212994538461544, 19.838617953846153 ], [ -99.213090015384594, 19.838599769230779 ], [ -99.213185507692302, 19.838590615384639 ], [ -99.213271492307626, 19.838617615384614 ], [ -99.21333841538457, 19.83868080000002 ], [ -99.213357646153796, 19.838771138461563 ], [ -99.213348230769185, 19.838879600000048 ], [ -99.213310123076894, 19.838942892307678 ], [ -99.213310169230766, 19.838979046153845 ], [ -99.213338861538446, 19.839015153846155 ], [ -99.213434384615368, 19.83902407692311 ], [ -99.213529876923062, 19.839023969230766 ], [ -99.213625384615369, 19.839023846153868 ], [ -99.213720892307663, 19.839032769230784 ], [ -99.213816430769185, 19.839059769230804 ], [ -99.213902415384595, 19.839086784615375 ], [ -99.213988415384577, 19.839122830769227 ], [ -99.214083938461528, 19.83914078461542 ], [ -99.214179446153807, 19.839149707692261 ], [ -99.214265446153803, 19.839185753846131 ], [ -99.214341923076873, 19.839239876923084 ], [ -99.214437430769223, 19.839248800000043 ], [ -99.214532923076888, 19.839239646153867 ], [ -99.214618830769211, 19.839203400000034 ], [ -99.214685584615339, 19.839140061538487 ], [ -99.214742799999939, 19.839067692307729 ], [ -99.2147905230769, 19.839049569230784 ], [ -99.214838307692261, 19.839076615384588 ], [ -99.214857523076901, 19.83916696923076 ], [ -99.214867199999958, 19.839257323076925 ], [ -99.214895953846138, 19.839338615384602 ], [ -99.21495332307687, 19.839383738461557 ], [ -99.215029753846125, 19.839410753846174 ], [ -99.215153938461526, 19.83942867692306 ], [ -99.215211276923071, 19.839464753846116 ], [ -99.215211323076858, 19.839500892307715 ], [ -99.215201799999974, 19.839518984615399 ], [ -99.215125430769163, 19.839537153846123 ], [ -99.215029938461512, 19.839546307692284 ], [ -99.214944030769189, 19.839573507692307 ], [ -99.214896384615344, 19.839654907692264 ], [ -99.214896507692288, 19.839745276923068 ], [ -99.214906184615387, 19.839835630769226 ], [ -99.214887138461506, 19.839880830769197 ], [ -99.214868092307668, 19.839917 ], [ -99.2147917538461, 19.839971323076909 ], [ -99.214705830769176, 19.839989492307673 ], [ -99.214610399999984, 19.840034799999977 ], [ -99.21462007692304, 19.840134184615358 ], [ -99.214629692307668, 19.840179353846196 ], [ -99.21470612307688, 19.840206384615421 ], [ -99.214763430769196, 19.840206307692284 ], [ -99.214811107692285, 19.840161061538488 ], [ -99.214877861538469, 19.840088692307681 ], [ -99.214944738461554, 19.840106692307728 ], [ -99.214954338461524, 19.840142815384631 ], [ -99.214925799999961, 19.840224184615401 ], [ -99.214897215384568, 19.840269400000015 ], [ -99.214935476923031, 19.840314538461552 ], [ -99.215002353846103, 19.840332538461539 ], [ -99.215088353846113, 19.840368584615362 ], [ -99.215145692307644, 19.840404661538471 ] ] ] ] } },
{ "type": "Feature", "properties": { "IDBD": 174791, "FC": 6291, "CONDICION": "CUERPO DE AGUA INTERMITENTE" }, "geometry": { "type": "MultiPolygon", "coordinates": [ [ [ [ -99.250689430769171, 19.839291907692321 ], [ -99.250670476923048, 19.839382307692297 ], [ -99.250603738461479, 19.839454692307683 ], [ -99.250536953846094, 19.839499969230765 ], [ -99.250460615384611, 19.839536230769244 ], [ -99.25035553846152, 19.839518307692295 ], [ -99.250345938461507, 19.839491200000012 ], [ -99.25034586153842, 19.839436984615414 ], [ -99.250355369230718, 19.839409861538485 ], [ -99.25037438461537, 19.83935561538464 ], [ -99.250431615384585, 19.839310353846145 ], [ -99.250517507692294, 19.839274076923054 ], [ -99.250641646153809, 19.839273907692323 ], [ -99.250689430769171, 19.839291907692321 ] ] ] ] } },
{ "type": "Feature", "properties": { "IDBD": 174797, "FC": 6291, "CONDICION": "CUERPO DE AGUA INTERMITENTE" }, "geometry": { "type": "MultiPolygon", "coordinates": [ [ [ [ -99.233355307692278, 19.838737076923085 ], [ -99.233307476923059, 19.838673876923082 ], [ -99.233250107692271, 19.838628769230763 ], [ -99.233202261538437, 19.838565569230799 ], [ -99.233202184615351, 19.838511353846208 ], [ -99.233269, 19.838484153846156 ], [ -99.233268923076864, 19.838438969230779 ], [ -99.233230661538428, 19.838393830769224 ], [ -99.233182846153795, 19.838348707692322 ], [ -99.233087261538415, 19.838294615384616 ], [ -99.233087184615371, 19.83824039999995 ], [ -99.233096692307655, 19.838213276923078 ], [ -99.233134876923032, 19.83819515384614 ], [ -99.233192153846119, 19.83818604615389 ], [ -99.233287661538441, 19.838185923076907 ], [ -99.233383153846148, 19.838185784615362 ], [ -99.233478630769184, 19.838167600000041 ], [ -99.233574107692277, 19.83814940000001 ], [ -99.233669630769228, 19.838167338461513 ], [ -99.233765138461507, 19.838176261538468 ], [ -99.233851123076903, 19.838194215384647 ], [ -99.233946630769196, 19.83820312307693 ], [ -99.234032615384592, 19.838230123076933 ], [ -99.234128153846129, 19.838248076923044 ], [ -99.234223615384607, 19.838229876923069 ], [ -99.23430952307686, 19.838202646153835 ], [ -99.234395415384597, 19.838157353846192 ], [ -99.234490907692276, 19.838157230769227 ], [ -99.234557861538448, 19.838229430769232 ], [ -99.234567523076905, 19.838301723076921 ], [ -99.234519861538402, 19.838356 ], [ -99.23438618461536, 19.83837424615384 ], [ -99.234290707692253, 19.838392446153843 ], [ -99.234204784615358, 19.838410630769268 ], [ -99.234118815384576, 19.838401707692267 ], [ -99.234032876923038, 19.838401815384628 ], [ -99.233927799999975, 19.838383892307661 ], [ -99.233832276923067, 19.838374969230774 ], [ -99.233736830769203, 19.838402215384608 ], [ -99.233641353846096, 19.838420415384622 ], [ -99.233555461538458, 19.838456676923059 ], [ -99.233488692307674, 19.838520015384617 ], [ -99.233431507692273, 19.838592384615389 ], [ -99.233383876923043, 19.838673784615416 ], [ -99.23339349230767, 19.838718953846158 ], [ -99.2333744, 19.838728015384618 ], [ -99.233355307692278, 19.838737076923085 ] ] ] ] } },
{ "type": "Feature", "properties": { "IDBD": 174808, "FC": 6291, "CONDICION": "CUERPO DE AGUA INTERMITENTE" }, "geometry": { "type": "MultiPolygon", "coordinates": [ [ [ [ -99.174543569230735, 19.8362288 ], [ -99.174514923076913, 19.836228830769237 ], [ -99.174428938461546, 19.836201815384637 ], [ -99.174371599999986, 19.836156676923096 ], [ -99.174352446153804, 19.836111507692305 ], [ -99.174342830769206, 19.836057307692322 ], [ -99.174380953846082, 19.835975938461527 ], [ -99.174409523076889, 19.835903615384638 ], [ -99.174438153846125, 19.835885507692307 ], [ -99.174476338461503, 19.835885476923107 ], [ -99.174514553846137, 19.835894476923109 ], [ -99.174562307692298, 19.835894430769265 ], [ -99.174600507692261, 19.835894384615404 ], [ -99.174648246153822, 19.83588530769234 ], [ -99.174705523076909, 19.835867169230813 ], [ -99.174753261538442, 19.835858092307749 ], [ -99.174781938461493, 19.83587613846154 ], [ -99.17479155384612, 19.835939384615376 ], [ -99.174782138461538, 19.836065907692333 ], [ -99.174782215384596, 19.836138199999979 ], [ -99.17474403076919, 19.836156323076874 ], [ -99.174629492307645, 19.836210646153805 ], [ -99.174543569230735, 19.8362288 ] ] ] ] } },
{ "type": "Feature", "properties": { "IDBD": 174810, "FC": 6291, "CONDICION": "CUERPO DE AGUA INTERMITENTE" }, "geometry": { "type": "MultiPolygon", "coordinates": [ [ [ [ -99.236456784615356, 19.837196738461571 ], [ -99.23639944615384, 19.837169692307668 ], [ -99.236351630769192, 19.837124584615374 ], [ -99.236265630769225, 19.837088538461533 ], [ -99.236179630769229, 19.837052507692345 ], [ -99.236103169230717, 19.837016461538497 ], [ -99.236017153846106, 19.83697140000001 ], [ -99.235931123076881, 19.836917292307714 ], [ -99.235854661538426, 19.836872200000037 ], [ -99.235778184615384, 19.836818092307702 ], [ -99.235711246153812, 19.83675492307691 ], [ -99.235653830769195, 19.836682692307711 ], [ -99.235586876923051, 19.836610492307635 ], [ -99.235548553846144, 19.836529215384626 ], [ -99.23552933846149, 19.836447907692261 ], [ -99.235519661538447, 19.836357553846156 ], [ -99.235548169230711, 19.836267138461551 ], [ -99.235576707692275, 19.836185769230781 ], [ -99.235624338461477, 19.836104384615361 ], [ -99.235710199999986, 19.836050046153854 ], [ -99.235767430769201, 19.836004784615376 ], [ -99.235882, 19.835986569230766 ], [ -99.235977507692269, 19.835986430769267 ], [ -99.23607304615382, 19.836022461538459 ], [ -99.236149538461518, 19.836076584615419 ], [ -99.236216476923047, 19.836139753846162 ], [ -99.236254799999983, 19.836221030769291 ], [ -99.236283569230736, 19.836311353846142 ], [ -99.236283707692266, 19.836401723076921 ], [ -99.236312476923061, 19.836483015384609 ], [ -99.236331707692287, 19.836573353846184 ], [ -99.236350938461513, 19.836654661538468 ], [ -99.236389276923049, 19.836754015384592 ], [ -99.236389384615393, 19.836826307692306 ], [ -99.23639907692305, 19.836925707692334 ], [ -99.236408784615335, 19.837025092307695 ], [ -99.236428, 19.837106400000017 ], [ -99.236456784615356, 19.837196738461571 ] ] ] ] } },
{ "type": "Feature", "properties": { "IDBD": 174814, "FC": 6291, "CONDICION": "CUERPO DE AGUA INTERMITENTE" }, "geometry": { "type": "MultiPolygon", "coordinates": [ [ [ [ -99.165861799999973, 19.8353334 ], [ -99.165852323076919, 19.835405707692324 ], [ -99.165823769230741, 19.835496107692286 ], [ -99.165776092307667, 19.835568446153861 ], [ -99.165709323076896, 19.8356408 ], [ -99.165642538461512, 19.835704123076901 ], [ -99.165585246153867, 19.835713215384633 ], [ -99.165547015384604, 19.835686138461533 ], [ -99.165499230769214, 19.835650030769234 ], [ -99.165489646153844, 19.835613892307659 ], [ -99.16548, 19.83552353846154 ], [ -99.165479907692273, 19.835433169230754 ], [ -99.165470261538445, 19.835342800000028 ], [ -99.165479723076913, 19.835252430769177 ], [ -99.165498799999966, 19.835225307692316 ], [ -99.16565161538459, 19.835252276923036 ], [ -99.165861799999973, 19.8353334 ] ] ] ] } },
{ "type": "Feature", "properties": { "IDBD": 174826, "FC": 6291, "CONDICION": "CUERPO DE AGUA INTERMITENTE" }, "geometry": { "type": "MultiPolygon", "coordinates": [ [ [ [ -99.171294738461512, 19.834478815384632 ], [ -99.17127563076923, 19.834469800000029 ], [ -99.171256461538448, 19.834406553846136 ], [ -99.171275492307672, 19.834343276923072 ], [ -99.171265907692288, 19.834316169230771 ], [ -99.171198953846158, 19.8342078 ], [ -99.171151153846111, 19.834162661538464 ], [ -99.171084261538411, 19.834126584615397 ], [ -99.17096966153845, 19.834117646153857 ], [ -99.170921923076875, 19.834135769230759 ], [ -99.170893246153796, 19.834108692307677 ], [ -99.170883646153783, 19.834063507692331 ], [ -99.170912276923033, 19.834036369230784 ], [ -99.170988646153788, 19.834018230769225 ], [ -99.171093692307664, 19.834009092307671 ], [ -99.171198723076884, 19.833999953846128 ], [ -99.171227353846135, 19.833981846153861 ], [ -99.171255969230756, 19.833945676923097 ], [ -99.171313184615343, 19.833873323076944 ], [ -99.171389523076883, 19.833819030769188 ], [ -99.171465876923037, 19.833773769230778 ], [ -99.171532661538407, 19.833710446153848 ], [ -99.171618553846102, 19.833665184615374 ], [ -99.171714030769223, 19.833647015384582 ], [ -99.17174269230766, 19.833665061538447 ], [ -99.171742784615347, 19.833737353846157 ], [ -99.171456815384559, 19.834225630769222 ], [ -99.171294738461512, 19.834478815384632 ] ] ] ] } },
{ "type": "Feature", "properties": { "IDBD": 174834, "FC": 6291, "CONDICION": "CUERPO DE AGUA INTERMITENTE" }, "geometry": { "type": "MultiPolygon", "coordinates": [ [ [ [ -99.280822399999963, 19.835370246153857 ], [ -99.280593, 19.835253138461553 ], [ -99.280468676923022, 19.835153923076955 ], [ -99.280401569230762, 19.835009446153865 ], [ -99.280353569230712, 19.834864923076889 ], [ -99.280305492307676, 19.834675230769218 ], [ -99.28015198461533, 19.834268815384604 ], [ -99.280190061538406, 19.834205507692349 ], [ -99.280247230769206, 19.834133123076917 ], [ -99.280313969230733, 19.834069753846173 ], [ -99.28038070769226, 19.83400640000001 ], [ -99.280447446153829, 19.833943030769269 ], [ -99.280514184615328, 19.833879676923111 ], [ -99.280600046153836, 19.833834353846115 ], [ -99.280685938461502, 19.833798061538449 ], [ -99.280771799999982, 19.833752753846134 ], [ -99.280857692307649, 19.833716461538447 ], [ -99.280943584615343, 19.833689215384613 ], [ -99.281039030769207, 19.833661969230779 ], [ -99.281115353846104, 19.833616661538482 ], [ -99.28116295384612, 19.833535246153826 ], [ -99.281201015384582, 19.833453861538477 ], [ -99.281277292307692, 19.833390476923082 ], [ -99.281363184615358, 19.833354200000045 ], [ -99.281449184615369, 19.8333902153846 ], [ -99.281458892307683, 19.833480569230794 ], [ -99.281459061538442, 19.833570938461559 ], [ -99.281421, 19.833652323076951 ], [ -99.281382969230776, 19.833742753846138 ], [ -99.281411753846157, 19.833824030769211 ], [ -99.281411907692274, 19.833914399999983 ], [ -99.281450276923067, 19.834004707692337 ], [ -99.281526753846109, 19.834049769230781 ], [ -99.281612769230776, 19.834094815384589 ], [ -99.281698738461529, 19.834103723076915 ], [ -99.281765615384558, 19.834121692307711 ], [ -99.281813446153834, 19.83416680000003 ], [ -99.281832676923045, 19.83423906153844 ], [ -99.281765953846104, 19.834311461538462 ], [ -99.281708784615333, 19.834383846153873 ], [ -99.281632476923065, 19.834438184615351 ], [ -99.281537030769172, 19.834465446153846 ], [ -99.281441538461507, 19.83446559999998 ], [ -99.2813460307692, 19.834465753846157 ], [ -99.281250538461506, 19.834465907692326 ], [ -99.281155076923042, 19.834484123076944 ], [ -99.2810979384615, 19.834574584615407 ], [ -99.281059876923038, 19.834655969230749 ], [ -99.281012230769178, 19.834710276923079 ], [ -99.280974184615332, 19.834800692307709 ], [ -99.28095523076918, 19.834882061538504 ], [ -99.280955384615353, 19.834972430769252 ], [ -99.280955553846155, 19.835062800000031 ], [ -99.280936615384576, 19.835153184615343 ], [ -99.280898569230729, 19.83524361538462 ], [ -99.280870061538451, 19.835325 ], [ -99.280822399999963, 19.835370246153857 ] ] ] ] } },
{ "type": "Feature", "properties": { "IDBD": 174848, "FC": 6291, "CONDICION": "CUERPO DE AGUA INTERMITENTE" }, "geometry": { "type": "MultiPolygon", "coordinates": [ [ [ [ -99.254909876923051, 19.832887892307664 ], [ -99.255062430769172, 19.832734046153849 ], [ -99.25525306153844, 19.832516892307666 ], [ -99.255434292307683, 19.832381076923131 ], [ -99.255586984615348, 19.8323176 ], [ -99.25573021538456, 19.832308353846166 ], [ -99.255863923076888, 19.832317200000013 ], [ -99.256007215384557, 19.8323441076923 ], [ -99.256093153846123, 19.832343984615434 ], [ -99.256140938461513, 19.83236198461541 ], [ -99.256150523076883, 19.832389092307722 ], [ -99.256141123076887, 19.832479476923094 ], [ -99.256122169230736, 19.832569861538445 ], [ -99.256074538461533, 19.832642230769238 ], [ -99.256007799999963, 19.832714615384628 ], [ -99.25595063076922, 19.832787 ], [ -99.255922107692271, 19.832868369230784 ], [ -99.2558936, 19.832958769230796 ], [ -99.255836415384593, 19.833031153846179 ], [ -99.255779230769193, 19.833103523076925 ], [ -99.255712492307694, 19.833166876923087 ], [ -99.255626615384571, 19.833212184615409 ], [ -99.25555029230766, 19.833257476923084 ], [ -99.255454846153796, 19.833293769230771 ], [ -99.255368969230759, 19.833330030769257 ], [ -99.255283061538435, 19.833357261538488 ], [ -99.255187584615342, 19.833366446153839 ], [ -99.255092076923034, 19.833366584615398 ], [ -99.254996523076883, 19.833330569230753 ], [ -99.254920046153813, 19.833276461538468 ], [ -99.254853092307641, 19.83321329230774 ], [ -99.254795692307667, 19.833150123076958 ], [ -99.254786, 19.833059769230768 ], [ -99.254824076923057, 19.832978384615391 ], [ -99.25489079999997, 19.83290598461538 ], [ -99.254909876923051, 19.832887892307664 ] ] ] ] } },
{ "type": "Feature", "properties": { "IDBD": 174869, "FC": 6291, "CONDICION": "CUERPO DE AGUA INTERMITENTE" }, "geometry": { "type": "MultiPolygon", "coordinates": [ [ [ [ -99.187247015384585, 19.829881123076934 ], [ -99.187208830769194, 19.829890199999983 ], [ -99.187113353846115, 19.829899323076972 ], [ -99.187027384615376, 19.829881353846172 ], [ -99.186931861538426, 19.829854338461562 ], [ -99.186836353846118, 19.8298454 ], [ -99.186740861538453, 19.829845492307637 ], [ -99.186645369230746, 19.82985463076924 ], [ -99.186549846153824, 19.829836661538486 ], [ -99.186492538461493, 19.829818646153868 ], [ -99.186444723076889, 19.829764476923085 ], [ -99.186425584615392, 19.82972835384615 ], [ -99.186463707692297, 19.82966504615386 ], [ -99.18652096923077, 19.82962884615382 ], [ -99.186654584615383, 19.829574492307675 ], [ -99.186740492307663, 19.829538246153835 ], [ -99.186835953846156, 19.829502 ], [ -99.186902723076884, 19.829447707692285 ], [ -99.186979061538437, 19.829393415384605 ], [ -99.187064953846104, 19.829348138461565 ], [ -99.187150846153784, 19.829302861538437 ], [ -99.187208076923042, 19.829248584615371 ], [ -99.187293938461508, 19.8291762 ], [ -99.187379846153831, 19.829139953846155 ], [ -99.187475276923081, 19.829085630769249 ], [ -99.187589861538456, 19.829076476923085 ], [ -99.187685261538405, 19.829004092307674 ], [ -99.187752076923061, 19.828967861538448 ], [ -99.187780815384599, 19.82904916923076 ], [ -99.187780876923043, 19.829103384615387 ], [ -99.187723661538399, 19.829175738461558 ], [ -99.187695107692278, 19.829257107692339 ], [ -99.18770475384612, 19.829338430769237 ], [ -99.1876666, 19.829374615384598 ], [ -99.187609323076884, 19.829383707692262 ], [ -99.187513815384577, 19.829383815384617 ], [ -99.187418323076898, 19.829383907692307 ], [ -99.187313323076907, 19.829420169230769 ], [ -99.187256107692292, 19.829492523076947 ], [ -99.187265738461491, 19.829555769230769 ], [ -99.187284938461517, 19.829637076923063 ], [ -99.187304153846128, 19.829745507692298 ], [ -99.187304261538443, 19.829835876923106 ], [ -99.187247015384585, 19.829881123076934 ] ] ] ] } },
{ "type": "Feature", "properties": { "IDBD": 174885, "FC": 6291, "CONDICION": "CUERPO DE AGUA INTERMITENTE" }, "geometry": { "type": "MultiPolygon", "coordinates": [ [ [ [ -99.287019246153832, 19.829522646153858 ], [ -99.28701941538462, 19.829622046153833 ], [ -99.286981261538443, 19.829640184615364 ], [ -99.286818923076908, 19.829640446153874 ], [ -99.28652287692303, 19.829640907692305 ], [ -99.286370076923049, 19.829632123076934 ], [ -99.286264984615357, 19.829605184615442 ], [ -99.286217199999982, 19.829587184615384 ], [ -99.286159830769193, 19.829542092307697 ], [ -99.286169261538433, 19.82947881538465 ], [ -99.286245138461481, 19.829189523076927 ], [ -99.286340646153832, 19.82919840000001 ], [ -99.286426692307629, 19.82925249230771 ], [ -99.28651272307691, 19.829297538461532 ], [ -99.28659876923075, 19.829360646153837 ], [ -99.286675215384562, 19.82938764615384 ], [ -99.286780307692283, 19.829414584615389 ], [ -99.286866323076879, 19.829450584615415 ], [ -99.28695227692306, 19.829459492307706 ], [ -99.287019246153832, 19.829522646153858 ] ] ] ] } },
{ "type": "Feature", "properties": { "IDBD": 174902, "FC": 6291, "CONDICION": "CUERPO DE AGUA INTERMITENTE" }, "geometry": { "type": "MultiPolygon", "coordinates": [ [ [ [ -99.24425159999997, 19.826070969230773 ], [ -99.244309030769188, 19.826152230769271 ], [ -99.24427095384614, 19.826233615384623 ], [ -99.244309292307662, 19.826323923076895 ], [ -99.244347615384584, 19.826414246153838 ], [ -99.244309553846122, 19.82649563076922 ], [ -99.24435741538457, 19.826576892307727 ], [ -99.244424307692256, 19.826603907692302 ], [ -99.244491184615384, 19.826621892307667 ], [ -99.244500799999955, 19.826667061538494 ], [ -99.244481738461516, 19.826694200000013 ], [ -99.244395799999964, 19.8266943230769 ], [ -99.244376738461497, 19.826721446153897 ], [ -99.244386338461496, 19.826757584615418 ], [ -99.24445324615381, 19.826793646153856 ], [ -99.24451053846154, 19.826793569230727 ], [ -99.244625123076901, 19.826793400000017 ], [ -99.244692030769201, 19.826829461538434 ], [ -99.244711246153798, 19.82690172307694 ], [ -99.244711292307656, 19.826937876923097 ], [ -99.244673123076893, 19.826956 ], [ -99.244596661538424, 19.82691092307692 ], [ -99.244548830769219, 19.826856769230751 ], [ -99.244453276923082, 19.826820753846196 ], [ -99.244348169230719, 19.826775707692295 ], [ -99.244252507692323, 19.826667400000012 ], [ -99.244176138461526, 19.826676538461584 ], [ -99.244052015384554, 19.826694784615398 ], [ -99.243966138461488, 19.8267310461538 ], [ -99.243899353846146, 19.826776323076913 ], [ -99.243899461538447, 19.826839584615396 ], [ -99.243842276923075, 19.82691195384616 ], [ -99.243794492307657, 19.826893953846174 ], [ -99.243765815384606, 19.82687590769234 ], [ -99.243717984615373, 19.826812723076912 ], [ -99.243727353846126, 19.826704261538456 ], [ -99.243803569230735, 19.826577646153858 ], [ -99.243851153846123, 19.826478184615372 ], [ -99.243936969230745, 19.826396723076886 ], [ -99.2441848307692, 19.826116246153831 ], [ -99.24425159999997, 19.826070969230773 ] ] ] ] } },
{ "type": "Feature", "properties": { "IDBD": 174942, "FC": 6291, "CONDICION": "CUERPO DE AGUA INTERMITENTE" }, "geometry": { "type": "MultiPolygon", "coordinates": [ [ [ [ -99.248849723076887, 19.823109584615409 ], [ -99.24875415384615, 19.823055507692334 ], [ -99.248658615384571, 19.823028523076886 ], [ -99.248572615384589, 19.822992492307716 ], [ -99.248505676923045, 19.822929338461527 ], [ -99.248429199999975, 19.822875215384634 ], [ -99.248343199999965, 19.822830153846173 ], [ -99.248257184615341, 19.822785092307676 ], [ -99.248171199999987, 19.822758092307684 ], [ -99.248085199999949, 19.822722076923121 ], [ -99.247999184615338, 19.822677 ], [ -99.247951384615348, 19.822640923076914 ], [ -99.247903599999958, 19.822613876923093 ], [ -99.244756276923056, 19.818895061538459 ], [ -99.244660615384618, 19.818777707692295 ], [ -99.244698769230766, 19.818750553846112 ], [ -99.244889553846122, 19.818623769230779 ], [ -99.245032661538417, 19.818551276923088 ], [ -99.245233015384585, 19.818433523076919 ], [ -99.245538384615344, 19.81830660000001 ], [ -99.246129938461493, 19.818007569230765 ], [ -99.24716972307688, 19.81733740000001 ], [ -99.247980399999975, 19.816712738461526 ], [ -99.248314246153853, 19.816486353846162 ], [ -99.248419076923057, 19.816359692307657 ], [ -99.248466707692288, 19.816287338461574 ], [ -99.248523892307645, 19.816214953846103 ], [ -99.24857152307689, 19.816142599999974 ], [ -99.2486096, 19.816061215384625 ], [ -99.248619, 19.815970830769221 ], [ -99.248618861538432, 19.815880461538505 ], [ -99.248647369230753, 19.815790061538486 ], [ -99.248694984615355, 19.815708661538451 ], [ -99.2487044, 19.815627323076889 ], [ -99.248723353846117, 19.815536923076941 ], [ -99.248770984615334, 19.815455523076917 ], [ -99.248799538461526, 19.815401261538437 ], [ -99.248866230769224, 19.8153108 ], [ -99.248932969230736, 19.815238415384609 ], [ -99.248999707692263, 19.815175061538465 ], [ -99.24905696923075, 19.815156907692277 ], [ -99.249133307692276, 19.815120661538472 ], [ -99.249219153846127, 19.815066323076952 ], [ -99.249305030769193, 19.815030046153822 ], [ -99.249400430769185, 19.814975692307691 ], [ -99.249467246153799, 19.814957523076924 ], [ -99.249553138461508, 19.814930292307718 ], [ -99.249648584615386, 19.814903061538448 ], [ -99.249734492307695, 19.814884861538452 ], [ -99.249829938461502, 19.814857615384607 ], [ -99.249925384615352, 19.814830369230759 ], [ -99.250020861538431, 19.814830246153839 ], [ -99.250116338461552, 19.814821076923085 ], [ -99.250211830769203, 19.814820938461562 ], [ -99.25030732307691, 19.814829846153845 ], [ -99.250393307692278, 19.814856830769255 ], [ -99.250479292307659, 19.8148928615385 ], [ -99.250555784615358, 19.814956 ], [ -99.250641769230768, 19.814983 ], [ -99.250737230769232, 19.81497383076923 ], [ -99.250832676923039, 19.814946584615388 ], [ -99.250928184615375, 19.814955476923075 ], [ -99.251014169230729, 19.814991507692358 ], [ -99.251100169230725, 19.815027538461543 ], [ -99.251186153846106, 19.815063569230762 ], [ -99.251281676923043, 19.815081507692291 ], [ -99.251358153846112, 19.815135615384616 ], [ -99.251444123076894, 19.815162599999983 ], [ -99.251539661538459, 19.815198615384627 ], [ -99.251625646153826, 19.8152256 ], [ -99.251711646153794, 19.815261630769257 ], [ -99.251788123076878, 19.815324784615413 ], [ -99.25186458461539, 19.815369861538471 ], [ -99.251941061538432, 19.815423969230803 ], [ -99.252027092307671, 19.81547807692305 ], [ -99.252103553846126, 19.815523153846126 ], [ -99.252180030769225, 19.815586292307678 ], [ -99.252237430769213, 19.815649476923078 ], [ -99.252313907692255, 19.815712615384601 ], [ -99.252380846153812, 19.815766753846159 ], [ -99.252457323076925, 19.815829892307672 ], [ -99.252524261538468, 19.815893061538457 ], [ -99.252600738461481, 19.815947169230739 ], [ -99.252677215384594, 19.816001292307693 ], [ -99.252744153846152, 19.816064446153835 ], [ -99.252763369230735, 19.816136723076944 ], [ -99.25274436923074, 19.8162 ], [ -99.252754, 19.816245169230761 ], [ -99.252839984615335, 19.81628119999997 ], [ -99.252916507692277, 19.81636241538461 ], [ -99.252907061538437, 19.816425692307654 ], [ -99.252868969230761, 19.816489 ], [ -99.252802184615334, 19.816525246153798 ], [ -99.252716323076896, 19.8165795846154 ], [ -99.252630353846143, 19.816561630769257 ], [ -99.252553892307645, 19.816507523076957 ], [ -99.252486923076887, 19.816435323076938 ], [ -99.25242952307687, 19.816363107692275 ], [ -99.252372123076881, 19.816290892307695 ], [ -99.252362430769196, 19.816200538461501 ], [ -99.252438738461521, 19.816146215384624 ], [ -99.252524615384573, 19.816109938461544 ], [ -99.252524461538442, 19.816019569230757 ], [ -99.252448, 19.815965461538418 ], [ -99.252371523076889, 19.815911353846161 ], [ -99.252304584615345, 19.815848184615405 ], [ -99.252228092307661, 19.815785030769245 ], [ -99.252161153846117, 19.815721876923067 ], [ -99.252084676923047, 19.81566776923081 ], [ -99.252008199999977, 19.815613646153881 ], [ -99.251931723076893, 19.81555953846156 ], [ -99.251864769230735, 19.815487338461558 ], [ -99.251797892307678, 19.815460323076941 ], [ -99.251702384615371, 19.815451415384647 ], [ -99.25160687692302, 19.815433476923086 ], [ -99.251520876923067, 19.815397446153817 ], [ -99.251425369230759, 19.81537950769231 ], [ -99.251368123076873, 19.815406707692322 ], [ -99.25135863076919, 19.815442861538461 ], [ -99.251396953846125, 19.815524138461534 ], [ -99.251444815384616, 19.815605399999988 ], [ -99.251502230769191, 19.815677615384601 ], [ -99.251559630769222, 19.815749830769231 ], [ -99.251617030769211, 19.815822046153887 ], [ -99.251655353846132, 19.815903323076899 ], [ -99.251722292307662, 19.815966492307723 ], [ -99.251779707692293, 19.816038707692343 ], [ -99.251798938461505, 19.816129046153804 ], [ -99.251799092307678, 19.816219415384616 ], [ -99.251799230769194, 19.81630978461537 ], [ -99.251780276923071, 19.816400169230747 ], [ -99.251770784615331, 19.816436338461543 ], [ -99.251799492307669, 19.816481476923091 ], [ -99.251875969230724, 19.816535584615359 ], [ -99.251923846153815, 19.816616846153856 ], [ -99.251952615384596, 19.816698138461529 ], [ -99.251971861538451, 19.816788492307726 ], [ -99.251972, 19.81687884615388 ], [ -99.251991199999949, 19.816942076923084 ], [ -99.252019953846144, 19.817014338461558 ], [ -99.252086892307688, 19.81706846153849 ], [ -99.252106076923042, 19.817131692307676 ], [ -99.252115723076884, 19.817185907692334 ], [ -99.252144415384578, 19.817222015384576 ], [ -99.2521730615384, 19.817221969230747 ], [ -99.252230230769186, 19.817140553846158 ], [ -99.252287399999986, 19.81706818461538 ], [ -99.252335030769217, 19.816995815384651 ], [ -99.252430507692267, 19.816986646153847 ], [ -99.252506984615351, 19.817040753846175 ], [ -99.252554846153799, 19.81711298461537 ], [ -99.252602707692262, 19.817194246153836 ], [ -99.252669646153819, 19.817257415384621 ], [ -99.25271752307691, 19.817338676923072 ], [ -99.252717661538441, 19.817429046153844 ], [ -99.252679599999951, 19.8175104307692 ], [ -99.25262236923075, 19.817546661538458 ], [ -99.252612876923067, 19.817582815384633 ], [ -99.25262249230768, 19.817627984615402 ], [ -99.252660784615358, 19.8176912 ], [ -99.25272773846153, 19.817754353846151 ], [ -99.252804199999986, 19.817808461538434 ], [ -99.252880676923041, 19.817862584615387 ], [ -99.252938092307673, 19.817934800000032 ], [ -99.25299549230769, 19.818007 ], [ -99.253052907692279, 19.818079215384635 ], [ -99.253110292307653, 19.818142400000013 ], [ -99.253186784615352, 19.818205538461516 ], [ -99.2532728, 19.818250600000024 ], [ -99.253330199999979, 19.818322815384622 ], [ -99.253368523076901, 19.818404092307723 ], [ -99.253425938461504, 19.818476307692301 ], [ -99.253473861538438, 19.818593723076891 ], [ -99.25349307692305, 19.818665984615357 ], [ -99.253540953846141, 19.818747246153855 ], [ -99.253579276923034, 19.818828523076924 ], [ -99.253579415384621, 19.818918892307686 ], [ -99.253560461538427, 19.819009292307683 ], [ -99.253531938461521, 19.819090661538471 ], [ -99.253484323076904, 19.819172061538474 ], [ -99.253455861538455, 19.819280538461584 ], [ -99.253417753846122, 19.819343861538478 ], [ -99.253350969230738, 19.8193800923077 ], [ -99.253284215384596, 19.819434415384578 ], [ -99.253207892307671, 19.81947970769232 ], [ -99.253131569230732, 19.819515953846118 ], [ -99.25303618461534, 19.819579353846169 ], [ -99.252940769230761, 19.819633707692333 ], [ -99.252883584615361, 19.819697046153859 ], [ -99.252807276923065, 19.81975136923073 ], [ -99.252750092307664, 19.819823753846165 ], [ -99.252740692307682, 19.819914138461545 ], [ -99.252740830769213, 19.820004507692257 ], [ -99.252721876923061, 19.820094892307704 ], [ -99.25271247692308, 19.820185276923066 ], [ -99.252703061538412, 19.820275661538449 ], [ -99.252684107692275, 19.820366046153868 ], [ -99.252684261538448, 19.820456415384623 ], [ -99.252684399999964, 19.820546784615392 ], [ -99.252646338461545, 19.820628169230801 ], [ -99.252589153846117, 19.820700553846152 ], [ -99.252541492307657, 19.820754830769225 ], [ -99.252455630769205, 19.820800138461561 ], [ -99.252369753846125, 19.820845446153836 ], [ -99.252283861538459, 19.820872676923074 ], [ -99.252188399999952, 19.82089089230767 ], [ -99.252102523076886, 19.820927153846167 ], [ -99.252026169230774, 19.820954369230794 ], [ -99.251940276923065, 19.820990646153852 ], [ -99.251854399999971, 19.821026907692296 ], [ -99.251758938461506, 19.821045123076903 ], [ -99.251663446153799, 19.821045261538462 ], [ -99.251587123076874, 19.821081507692323 ], [ -99.251549015384569, 19.821144815384613 ], [ -99.251501384615366, 19.821217184615399 ], [ -99.251405938461488, 19.821244430769237 ], [ -99.251310461538424, 19.821253599999984 ], [ -99.251253230769194, 19.821289830769263 ], [ -99.251215169230733, 19.821371215384598 ], [ -99.251119723076883, 19.821398461538479 ], [ -99.251033723076887, 19.821362430769277 ], [ -99.250938215384608, 19.821353523076915 ], [ -99.250871399999951, 19.821371692307704 ], [ -99.25087152307691, 19.821453030769213 ], [ -99.250967076923047, 19.821489046153857 ], [ -99.250995799999941, 19.821543215384608 ], [ -99.250995953846129, 19.821633584615341 ], [ -99.251043815384577, 19.821714846153874 ], [ -99.251139307692299, 19.821714723076944 ], [ -99.25120606153844, 19.821651369230786 ], [ -99.251282353846122, 19.821597030769219 ], [ -99.251358830769206, 19.821642107692316 ], [ -99.25142576923075, 19.821705276923065 ], [ -99.251511753846131, 19.82173226153844 ], [ -99.251607230769181, 19.821732138461531 ], [ -99.251674123076924, 19.821759153846152 ], [ -99.251731446153826, 19.821777138461545 ], [ -99.251760169230764, 19.821822276923076 ], [ -99.25175072307691, 19.821894584615357 ], [ -99.251664861538416, 19.821939892307672 ], [ -99.25158853846149, 19.821985184615386 ], [ -99.251512230769222, 19.822039523076924 ], [ -99.251483723076888, 19.822129923076915 ], [ -99.251483876923061, 19.822220292307687 ], [ -99.251531723076909, 19.822292523076914 ], [ -99.25156052307689, 19.822382846153833 ], [ -99.251570215384589, 19.8224732 ], [ -99.251551246153795, 19.822563600000031 ], [ -99.251474938461541, 19.822617923076916 ], [ -99.251379492307649, 19.822645169230732 ], [ -99.25128401538457, 19.822654338461529 ], [ -99.251188538461506, 19.82265447692307 ], [ -99.251112061538436, 19.822600353846138 ], [ -99.251073800000015, 19.822564261538425 ], [ -99.251083276923069, 19.822519076923101 ], [ -99.251130907692271, 19.822446707692315 ], [ -99.251159415384606, 19.822356307692292 ], [ -99.251111538461501, 19.822275030769255 ], [ -99.251025569230706, 19.822257092307719 ], [ -99.250930123076884, 19.822284323076929 ], [ -99.250834676923034, 19.822311569230752 ], [ -99.250748692307667, 19.82228458461536 ], [ -99.250691292307692, 19.822212369230787 ], [ -99.25069115384612, 19.822122 ], [ -99.250729215384567, 19.822040615384577 ], [ -99.250709984615327, 19.821959307692339 ], [ -99.250728953846092, 19.821868923076938 ], [ -99.25075749230767, 19.821805615384616 ], [ -99.250728799999976, 19.821778553846169 ], [ -99.250661984615363, 19.821796723076904 ], [ -99.250585569230722, 19.821778753846161 ], [ -99.25057590769228, 19.821706476923033 ], [ -99.250566276923053, 19.821652261538485 ], [ -99.250508984615323, 19.821652338461551 ], [ -99.250442230769224, 19.821715692307738 ], [ -99.250385061538438, 19.821788076923099 ], [ -99.250318307692254, 19.821851415384639 ], [ -99.25025156923077, 19.821914769230784 ], [ -99.250175246153816, 19.821960061538487 ], [ -99.250098953846134, 19.822023430769228 ], [ -99.250041769230762, 19.822095800000017 ], [ -99.250022815384597, 19.822186200000054 ], [ -99.249984753846121, 19.822267584615414 ], [ -99.249908446153825, 19.822321907692306 ], [ -99.249832123076885, 19.822367200000024 ], [ -99.249746246153833, 19.822412507692281 ], [ -99.249660369230739, 19.822448769230753 ], [ -99.249574492307701, 19.822494076923086 ], [ -99.249488630769221, 19.822539384615364 ], [ -99.24941230769231, 19.822584676923039 ], [ -99.249316861538418, 19.822611907692295 ], [ -99.249230969230737, 19.822648184615392 ], [ -99.249145107692243, 19.822693492307678 ], [ -99.249049630769221, 19.822702661538454 ], [ -99.248954138461514, 19.822702784615377 ], [ -99.248858646153806, 19.82270292307696 ], [ -99.248763153846127, 19.822703061538455 ], [ -99.248667630769219, 19.822685107692308 ], [ -99.248581630769209, 19.822649092307678 ], [ -99.248495646153827, 19.822613061538462 ], [ -99.248409630769217, 19.822568 ], [ -99.248371399999968, 19.822549969230781 ], [ -99.248314046153794, 19.822504876923094 ], [ -99.248228030769226, 19.8224598 ], [ -99.248142015384559, 19.822414738461536 ], [ -99.248075076923044, 19.822351569230779 ], [ -99.248017676923055, 19.82227936923082 ], [ -99.247941215384586, 19.822234276923108 ], [ -99.247922184615391, 19.822279492307715 ], [ -99.247970046153796, 19.822360753846123 ], [ -99.248027461538456, 19.822432969230771 ], [ -99.248094399999943, 19.822496138461567 ], [ -99.248170876923041, 19.822550246153838 ], [ -99.248256892307666, 19.822595323076957 ], [ -99.248333353846135, 19.82264039999998 ], [ -99.248419353846131, 19.822685461538455 ], [ -99.248495830769201, 19.822739569230741 ], [ -99.248572292307685, 19.822784646153881 ], [ -99.248658292307681, 19.822820676923076 ], [ -99.248744323076906, 19.822874784615397 ], [ -99.24882078461539, 19.822919861538477 ], [ -99.248906799999972, 19.822964923076899 ], [ -99.248992799999982, 19.823000953846147 ], [ -99.249050123076898, 19.823027984615436 ], [ -99.248992984615342, 19.82311843076922 ], [ -99.248916569230744, 19.823109492307658 ], [ -99.248849723076887, 19.823109584615409 ] ] ] ] } },
{ "type": "Feature", "properties": { "IDBD": 174950, "FC": 6291, "CONDICION": "CUERPO DE AGUA INTERMITENTE" }, "geometry": { "type": "MultiPolygon", "coordinates": [ [ [ [ -99.280437461538426, 19.822809738461515 ], [ -99.280418338461502, 19.822791692307735 ], [ -99.280427723076912, 19.822701307692299 ], [ -99.280437076923036, 19.822592861538425 ], [ -99.280456076923059, 19.822529569230802 ], [ -99.280455907692286, 19.822439199999987 ], [ -99.280465323076896, 19.822357846153828 ], [ -99.280513046153828, 19.822348738461525 ], [ -99.280551292307663, 19.82237578461541 ], [ -99.280589523076912, 19.822393800000043 ], [ -99.280656369230726, 19.822402738461555 ], [ -99.280732830769196, 19.822438769230796 ], [ -99.280828399999976, 19.822483800000036 ], [ -99.280904876923074, 19.822528861538444 ], [ -99.280962230769191, 19.822564923076946 ], [ -99.280990969230757, 19.822619092307708 ], [ -99.280991076923016, 19.82268235384614 ], [ -99.280991169230774, 19.8227275384615 ], [ -99.280981692307662, 19.822772738461538 ], [ -99.280972199999965, 19.822808892307688 ], [ -99.280924476923019, 19.822818 ], [ -99.280857646153848, 19.822827153846148 ], [ -99.280829015384583, 19.82283623076923 ], [ -99.280800369230732, 19.822836276923084 ], [ -99.280781261538451, 19.822827276923082 ], [ -99.280790738461548, 19.822791107692296 ], [ -99.280819369230727, 19.822782030769229 ], [ -99.280809784615315, 19.822754923076904 ], [ -99.280733384615374, 19.822755046153855 ], [ -99.280618846153814, 19.822782338461547 ], [ -99.280552046153829, 19.822809553846142 ], [ -99.280466123076906, 19.822818723076939 ], [ -99.280437461538426, 19.822809738461515 ] ] ] ] } },
{ "type": "Feature", "properties": { "IDBD": 174960, "FC": 6291, "CONDICION": "CUERPO DE AGUA INTERMITENTE" }, "geometry": { "type": "MultiPolygon", "coordinates": [ [ [ [ -99.278574261538466, 19.822152969230764 ], [ -99.27854564615383, 19.822171092307709 ], [ -99.27853613846149, 19.822198215384571 ], [ -99.278507523076868, 19.82221632307694 ], [ -99.278478876923046, 19.82221636923078 ], [ -99.278488369230729, 19.822180215384641 ], [ -99.27850743076921, 19.822162107692304 ], [ -99.278526476923062, 19.822134969230788 ], [ -99.278497815384597, 19.822125984615383 ], [ -99.278478738461473, 19.822135046153797 ], [ -99.278450092307665, 19.8221350923077 ], [ -99.278411892307645, 19.822135153846144 ], [ -99.278402276923089, 19.822099015384602 ], [ -99.27840221538456, 19.822062861538488 ], [ -99.278430846153782, 19.822053784615377 ], [ -99.278430799999938, 19.822026676923091 ], [ -99.27844983076919, 19.821981461538495 ], [ -99.27848793846151, 19.821936215384621 ], [ -99.278545184615339, 19.821909015384598 ], [ -99.278612, 19.821890846153885 ], [ -99.278678846153809, 19.821890738461544 ], [ -99.27875526153845, 19.821908692307687 ], [ -99.278822169230722, 19.82194473846155 ], [ -99.2788604769231, 19.822007938461532 ], [ -99.27891787692306, 19.822071107692249 ], [ -99.278937092307658, 19.822134323076895 ], [ -99.278956230769211, 19.822161415384588 ], [ -99.278984907692276, 19.822179430769221 ], [ -99.278994538461504, 19.822224599999984 ], [ -99.278985015384592, 19.8222426923077 ], [ -99.278975538461495, 19.822278861538464 ], [ -99.278946907692273, 19.822287938461514 ], [ -99.278899138461497, 19.822278969230755 ], [ -99.278870476923032, 19.822269984615403 ], [ -99.27883224615384, 19.822242938461542 ], [ -99.278803538461545, 19.822215861538439 ], [ -99.2787844, 19.822188784615378 ], [ -99.278717507692292, 19.822161784615375 ], [ -99.27869844615384, 19.82217989230767 ], [ -99.278679353846144, 19.822188953846148 ], [ -99.278650692307693, 19.822179953846142 ], [ -99.278622046153814, 19.82218 ], [ -99.278574261538466, 19.822152969230764 ] ] ] ] } },
{ "type": "Feature", "properties": { "IDBD": 174993, "FC": 6291, "CONDICION": "CUERPO DE AGUA INTERMITENTE" }, "geometry": { "type": "MultiPolygon", "coordinates": [ [ [ [ -99.27736364615383, 19.817862384615392 ], [ -99.277325584615383, 19.817943769230787 ], [ -99.277287538461493, 19.818025153846165 ], [ -99.27724947692306, 19.818106553846164 ], [ -99.277211430769185, 19.818187938461541 ], [ -99.277173384615367, 19.818278369230768 ], [ -99.27713529230769, 19.818332646153838 ], [ -99.277020630769243, 19.818287646153838 ], [ -99.276953738461515, 19.818260630769267 ], [ -99.276896415384584, 19.81824264615388 ], [ -99.276962984615366, 19.818088923076917 ], [ -99.27701058461534, 19.817998476923091 ], [ -99.277048630769201, 19.817917092307692 ], [ -99.277086707692263, 19.817844738461517 ], [ -99.277124738461524, 19.817754307692329 ], [ -99.277210723076905, 19.817781276923093 ], [ -99.277296723076901, 19.81781729230768 ], [ -99.27736364615383, 19.817862384615392 ] ] ] ] } },
{ "type": "Feature", "properties": { "IDBD": 175004, "FC": 6291, "CONDICION": "CUERPO DE AGUA INTERMITENTE" }, "geometry": { "type": "MultiPolygon", "coordinates": [ [ [ [ -99.277505523076911, 19.817085 ], [ -99.277457815384594, 19.817103138461569 ], [ -99.277419615384602, 19.81710319999997 ], [ -99.277381415384582, 19.817094230769214 ], [ -99.277343261538448, 19.8171214 ], [ -99.277295523076916, 19.817121461538438 ], [ -99.277238215384614, 19.817112523076929 ], [ -99.277066138461493, 19.816995307692334 ], [ -99.276903646153826, 19.816905184615415 ], [ -99.276779338461523, 19.816805984615414 ], [ -99.276741061538416, 19.81675181538461 ], [ -99.27672187692302, 19.816706661538479 ], [ -99.276693184615354, 19.816679600000011 ], [ -99.276626261538439, 19.816634523076925 ], [ -99.276578399999963, 19.816562292307694 ], [ -99.276578276923033, 19.81649 ], [ -99.276597292307656, 19.816444784615342 ], [ -99.276645015384602, 19.816435676923071 ], [ -99.276683246153794, 19.816453692307707 ], [ -99.27675961538462, 19.816444538461546 ], [ -99.276835938461517, 19.816399230769235 ], [ -99.276960015384574, 19.816371938461533 ], [ -99.277036369230757, 19.81635373846154 ], [ -99.277122353846138, 19.816380723076918 ], [ -99.27720833846152, 19.816407692307706 ], [ -99.27729427692303, 19.816407569230776 ], [ -99.277389769230737, 19.816407415384578 ], [ -99.277466184615335, 19.816425369230735 ], [ -99.277494861538429, 19.816443400000047 ], [ -99.277514061538412, 19.816497584615369 ], [ -99.277456830769225, 19.816533830769234 ], [ -99.277351892307678, 19.816588215384591 ], [ -99.277266, 19.816615446153882 ], [ -99.277218369230738, 19.816678784615409 ], [ -99.277208969230728, 19.816769169230778 ], [ -99.277228215384611, 19.816850461538486 ], [ -99.277295169230754, 19.816922661538452 ], [ -99.277381184615379, 19.816967707692339 ], [ -99.277448046153808, 19.816976646153837 ], [ -99.277495907692298, 19.817039830769232 ], [ -99.277505523076911, 19.817085 ] ] ] ] } },
{ "type": "Feature", "properties": { "IDBD": 175040, "FC": 6291, "CONDICION": "CUERPO DE AGUA INTERMITENTE" }, "geometry": { "type": "MultiPolygon", "coordinates": [ [ [ [ -99.219318076923045, 19.811816138461506 ], [ -99.219069615384598, 19.811671846153832 ], [ -99.218935707692296, 19.811509353846198 ], [ -99.218878184615349, 19.811328692307672 ], [ -99.21883956923071, 19.811021476923102 ], [ -99.218839292307663, 19.810822676923063 ], [ -99.218810092307677, 19.810416046153822 ], [ -99.218819292307685, 19.810163 ], [ -99.21882864615381, 19.8100184 ], [ -99.218866753846143, 19.809955107692282 ], [ -99.218943138461498, 19.809955015384595 ], [ -99.218990969230745, 19.810018215384599 ], [ -99.219010184615342, 19.810108553846153 ], [ -99.219000753846146, 19.810198938461522 ], [ -99.218981784615366, 19.81028932307694 ], [ -99.218981907692253, 19.810379692307706 ], [ -99.218982030769183, 19.810470061538425 ], [ -99.218972615384601, 19.81056044615384 ], [ -99.218972738461503, 19.81065081538463 ], [ -99.218982399999973, 19.810741169230781 ], [ -99.219011153846125, 19.810822461538443 ], [ -99.219039923076892, 19.810903753846151 ], [ -99.219097323076909, 19.810985015384631 ], [ -99.219126076923047, 19.811066307692329 ], [ -99.21917392307688, 19.81114758461538 ], [ -99.219212230769187, 19.811228876923053 ], [ -99.219260092307678, 19.811310138461561 ], [ -99.219298384615371, 19.81139143076922 ], [ -99.219336692307678, 19.811472707692317 ], [ -99.219355923076904, 19.811563061538457 ], [ -99.21935604615382, 19.81165343076923 ], [ -99.219356169230778, 19.8117438 ], [ -99.219318076923045, 19.811816138461506 ] ] ] ] } },
{ "type": "Feature", "properties": { "IDBD": 175069, "FC": 6291, "CONDICION": "CUERPO DE AGUA INTERMITENTE" }, "geometry": { "type": "MultiPolygon", "coordinates": [ [ [ [ -99.281264307692268, 19.809723169230757 ], [ -99.281092615384594, 19.809822830769235 ], [ -99.280959046153825, 19.809877261538464 ], [ -99.280844476923036, 19.809886492307733 ], [ -99.280691661538441, 19.809859615384671 ], [ -99.280576892307678, 19.809751353846153 ], [ -99.280519476923047, 19.80967915384613 ], [ -99.280452492307674, 19.809597923076907 ], [ -99.280423769230723, 19.80955278461537 ], [ -99.280404569230726, 19.80948955384617 ], [ -99.280404399999952, 19.809399184615412 ], [ -99.280432892307658, 19.809308784615389 ], [ -99.280490046153815, 19.80923640000001 ], [ -99.280566338461512, 19.809182046153825 ], [ -99.280652199999949, 19.8091367384615 ], [ -99.280747661538456, 19.809127553846118 ], [ -99.280843169230721, 19.809145476923074 ], [ -99.280929153846145, 19.80917244615382 ], [ -99.28102466153841, 19.809181338461546 ], [ -99.281120153846103, 19.809190215384607 ], [ -99.281206153846142, 19.809226230769227 ], [ -99.281263569230774, 19.809298430769257 ], [ -99.281311446153808, 19.809379692307747 ], [ -99.281321153846122, 19.809470046153855 ], [ -99.281321323076895, 19.809560415384627 ], [ -99.281302369230744, 19.809641769230772 ], [ -99.281264307692268, 19.809723169230757 ] ] ] ] } },
{ "type": "Feature", "properties": { "IDBD": 175101, "FC": 6291, "CONDICION": "CUERPO DE AGUA INTERMITENTE" }, "geometry": { "type": "MultiPolygon", "coordinates": [ [ [ [ -99.252691430769218, 19.80686504615382 ], [ -99.25268183076922, 19.806828923076925 ], [ -99.252653153846126, 19.806810876923038 ], [ -99.252586323076926, 19.806810984615421 ], [ -99.252481246153806, 19.806784015384579 ], [ -99.252443015384614, 19.806756953846168 ], [ -99.252414323076891, 19.806729892307658 ], [ -99.252376061538442, 19.806684753846152 ], [ -99.252366461538429, 19.806648630769221 ], [ -99.252366399999985, 19.806612476923039 ], [ -99.252375846153797, 19.806549199999989 ], [ -99.252413923076872, 19.806476861538453 ], [ -99.252499738461495, 19.806404446153863 ], [ -99.252757446153822, 19.806340815384612 ], [ -99.252852876923015, 19.806313569230777 ], [ -99.252929230769197, 19.8062954 ], [ -99.253015215384565, 19.806322384615399 ], [ -99.253082153846151, 19.80638553846153 ], [ -99.253072753846126, 19.80648496923078 ], [ -99.253034661538422, 19.806548276923092 ], [ -99.253034799999966, 19.806638646153839 ], [ -99.25302539999997, 19.806729030769223 ], [ -99.252996892307635, 19.8068104 ], [ -99.252930153846137, 19.80687375384619 ], [ -99.252844292307671, 19.80691906153848 ], [ -99.252729676923067, 19.806901138461583 ], [ -99.252691430769218, 19.80686504615382 ] ] ] ] } },
{ "type": "Feature", "properties": { "IDBD": 175111, "FC": 6291, "CONDICION": "CUERPO DE AGUA INTERMITENTE" }, "geometry": { "type": "MultiPolygon", "coordinates": [ [ [ [ -99.27411656923077, 19.806417769230769 ], [ -99.274126169230755, 19.806453907692305 ], [ -99.274088030769192, 19.806481076923056 ], [ -99.274049876923044, 19.806508230769236 ], [ -99.273992630769229, 19.806526400000035 ], [ -99.273925815384587, 19.806544569230788 ], [ -99.273868523076914, 19.806535630769236 ], [ -99.273792061538444, 19.806490553846142 ], [ -99.273753723076879, 19.806409292307713 ], [ -99.27376312307689, 19.806318907692297 ], [ -99.273791615384567, 19.806237523076941 ], [ -99.273810538461518, 19.806129061538506 ], [ -99.273867723076904, 19.806074753846133 ], [ -99.273991815384591, 19.806056492307651 ], [ -99.274001446153804, 19.806101661538463 ], [ -99.273944230769189, 19.806146923076955 ], [ -99.273925215384608, 19.806192138461572 ], [ -99.273896661538402, 19.806246399999974 ], [ -99.273887276923048, 19.806336784615361 ], [ -99.273915953846128, 19.806354815384633 ], [ -99.27397324615383, 19.806363769230771 ], [ -99.274087907692291, 19.80640876923075 ], [ -99.27411656923077, 19.806417769230769 ] ] ] ] } },
{ "type": "Feature", "properties": { "IDBD": 175113, "FC": 6291, "CONDICION": "CUERPO DE AGUA INTERMITENTE" }, "geometry": { "type": "MultiPolygon", "coordinates": [ [ [ [ -99.281420338461487, 19.806144338461493 ], [ -99.281439507692269, 19.80618949230767 ], [ -99.281430046153773, 19.80623469230769 ], [ -99.281391923076896, 19.806270907692316 ], [ -99.281344230769221, 19.806298092307692 ], [ -99.281287030769221, 19.8063524 ], [ -99.28121073846151, 19.806406738461543 ], [ -99.281124923076902, 19.806470138461535 ], [ -99.281058169230718, 19.806515430769199 ], [ -99.281000923076874, 19.80654263076924 ], [ -99.280953184615356, 19.806542692307691 ], [ -99.280914953846136, 19.806524692307711 ], [ -99.280886261538427, 19.806488584615355 ], [ -99.280876630769185, 19.806443415384599 ], [ -99.280895646153795, 19.8063982 ], [ -99.280943338461512, 19.806371015384553 ], [ -99.281048230769187, 19.806298553846162 ], [ -99.281153123076848, 19.806217061538437 ], [ -99.281238953846113, 19.806162707692298 ], [ -99.281343938461504, 19.806135430769217 ], [ -99.281420338461487, 19.806144338461493 ] ] ] ] } },
{ "type": "Feature", "properties": { "IDBD": 175126, "FC": 6291, "CONDICION": "CUERPO DE AGUA INTERMITENTE" }, "geometry": { "type": "MultiPolygon", "coordinates": [ [ [ [ -99.277588353846127, 19.804288753846194 ], [ -99.277531169230741, 19.804343061538457 ], [ -99.277474, 19.804415446153854 ], [ -99.277416846153812, 19.804487830769244 ], [ -99.277407446153831, 19.80457821538463 ], [ -99.2774744, 19.804641369230765 ], [ -99.277493646153829, 19.804731707692284 ], [ -99.277493753846102, 19.804794969230798 ], [ -99.277436553846101, 19.804840246153869 ], [ -99.277388969230756, 19.804930676923046 ], [ -99.27736041538455, 19.804984953846159 ], [ -99.277322261538458, 19.8050030769231 ], [ -99.277274369230724, 19.804921815384635 ], [ -99.277226492307676, 19.804840569230784 ], [ -99.277207246153822, 19.80475023076924 ], [ -99.277226184615358, 19.804659830769261 ], [ -99.277264230769191, 19.804578446153872 ], [ -99.277292738461512, 19.804497061538431 ], [ -99.277321230769203, 19.804406646153826 ], [ -99.277378384615332, 19.804334261538465 ], [ -99.27742596923072, 19.804243830769256 ], [ -99.277502230769201, 19.804171415384616 ], [ -99.27755936923073, 19.80409 ], [ -99.277578353846152, 19.804026707692326 ], [ -99.277625953846155, 19.803945307692356 ], [ -99.27768306153844, 19.803836769230799 ], [ -99.277711692307633, 19.803836723076969 ], [ -99.277750030769212, 19.803918 ], [ -99.277750169230742, 19.80399932307693 ], [ -99.277721630769179, 19.8040536 ], [ -99.27768356923076, 19.804134984615352 ], [ -99.277635969230758, 19.804216384615358 ], [ -99.277588353846127, 19.804288753846194 ] ] ] ] } },
{ "type": "Feature", "properties": { "IDBD": 175130, "FC": 6291, "CONDICION": "CUERPO DE AGUA INTERMITENTE" }, "geometry": { "type": "MultiPolygon", "coordinates": [ [ [ [ -99.276690276923048, 19.803955784615358 ], [ -99.276728507692297, 19.8039738 ], [ -99.276757246153821, 19.804027984615345 ], [ -99.276747846153839, 19.804118369230775 ], [ -99.276738461538429, 19.804208738461551 ], [ -99.276719523076864, 19.804299138461523 ], [ -99.276710123076882, 19.80438952307696 ], [ -99.276681630769204, 19.804470907692334 ], [ -99.276643569230743, 19.804552292307712 ], [ -99.276615092307679, 19.804642707692334 ], [ -99.276557923076879, 19.804715092307706 ], [ -99.276481630769197, 19.804769430769213 ], [ -99.276405199999985, 19.804742430769252 ], [ -99.276376523076905, 19.8047244 ], [ -99.276347815384597, 19.804688307692324 ], [ -99.276338138461497, 19.804606984615361 ], [ -99.276328446153812, 19.804525661538491 ], [ -99.276337753846121, 19.804390107692338 ], [ -99.27639478461532, 19.804236384615361 ], [ -99.276528184615373, 19.80408255384615 ], [ -99.276690276923048, 19.803955784615358 ] ] ] ] } },
{ "type": "Feature", "properties": { "IDBD": 175139, "FC": 6291, "CONDICION": "CUERPO DE AGUA INTERMITENTE" }, "geometry": { "type": "MultiPolygon", "coordinates": [ [ [ [ -99.220966692307655, 19.802542307692345 ], [ -99.220918984615338, 19.802569476923104 ], [ -99.220880830769204, 19.802596646153845 ], [ -99.2208618, 19.802641846153826 ], [ -99.22080459999998, 19.802705184615412 ], [ -99.220709169230759, 19.802741446153814 ], [ -99.22061369230768, 19.802741553846172 ], [ -99.220527692307641, 19.802696476923085 ], [ -99.220479938461523, 19.802678461538452 ], [ -99.220441753846131, 19.802687553846159 ], [ -99.220413138461495, 19.802705661538518 ], [ -99.220355830769179, 19.802696692307649 ], [ -99.220279384615324, 19.802642569230798 ], [ -99.220193384615371, 19.802597492307676 ], [ -99.220126492307656, 19.802552384615385 ], [ -99.220059615384585, 19.802525353846161 ], [ -99.22004049230766, 19.802507307692302 ], [ -99.220049969230757, 19.802453076923094 ], [ -99.22006903076921, 19.802425938461585 ], [ -99.220097646153803, 19.802407830769251 ], [ -99.220126246153839, 19.802371646153841 ], [ -99.220135707692293, 19.80230838461539 ], [ -99.220164292307629, 19.802272200000029 ], [ -99.220250184615338, 19.802244984615413 ], [ -99.220355215384615, 19.802244846153862 ], [ -99.220431615384626, 19.802253799999988 ], [ -99.220517584615379, 19.802289830769229 ], [ -99.220603569230747, 19.802325876923078 ], [ -99.220727738461505, 19.802361876923065 ], [ -99.220832799999968, 19.802379815384597 ], [ -99.220899676923054, 19.802415876923099 ], [ -99.220947476923044, 19.802461 ], [ -99.220976184615381, 19.802506153846146 ], [ -99.220966692307655, 19.802542307692345 ] ] ] ] } },
{ "type": "Feature", "properties": { "IDBD": 175147, "FC": 6291, "CONDICION": "CUERPO DE AGUA INTERMITENTE" }, "geometry": { "type": "MultiPolygon", "coordinates": [ [ [ [ -99.277958415384589, 19.802959769230764 ], [ -99.27792983076921, 19.802986923076922 ], [ -99.277834399999989, 19.803014184615421 ], [ -99.277777015384586, 19.802960061538467 ], [ -99.277738615384592, 19.802842630769277 ], [ -99.277709830769197, 19.802761353846179 ], [ -99.277728769230748, 19.802670953846182 ], [ -99.277728615384589, 19.802580584615406 ], [ -99.27770936923072, 19.80249024615383 ], [ -99.277680569230739, 19.802399923076926 ], [ -99.277661399999957, 19.802363799999988 ], [ -99.277632661538419, 19.802309630769226 ], [ -99.277651707692314, 19.802273446153816 ], [ -99.277708969230716, 19.802264323076891 ], [ -99.277756784615335, 19.80230943076921 ], [ -99.27777598461536, 19.802363630769275 ], [ -99.277795215384614, 19.802444923076941 ], [ -99.277843092307648, 19.802526184615381 ], [ -99.27788143076917, 19.80260746153845 ], [ -99.277910230769194, 19.802697784615365 ], [ -99.277948553846159, 19.802779046153844 ], [ -99.277929615384593, 19.802869446153871 ], [ -99.277958415384589, 19.802959769230764 ] ] ] ] } },
{ "type": "Feature", "properties": { "IDBD": 175155, "FC": 6291, "CONDICION": "CUERPO DE AGUA INTERMITENTE" }, "geometry": { "type": "MultiPolygon", "coordinates": [ [ [ [ -99.278004953846093, 19.802263861538446 ], [ -99.278004984615364, 19.802281938461558 ], [ -99.277985969230713, 19.802327153846178 ], [ -99.277947784615378, 19.802336246153896 ], [ -99.277900030769217, 19.802327292307687 ], [ -99.277861784615368, 19.802291200000045 ], [ -99.277842630769186, 19.802255076923089 ], [ -99.277813923076863, 19.802218984615397 ], [ -99.277785215384569, 19.802182876923077 ], [ -99.27775650769226, 19.802146769230745 ], [ -99.27772779999998, 19.802110676923082 ], [ -99.277699092307671, 19.802074569230754 ], [ -99.27766086153845, 19.802047523076954 ], [ -99.277632153846127, 19.802011415384619 ], [ -99.277593907692278, 19.801984369230759 ], [ -99.277555676923043, 19.801957307692327 ], [ -99.277517430769194, 19.801930261538455 ], [ -99.2774887230769, 19.801894153846153 ], [ -99.277498199999968, 19.801848953846147 ], [ -99.277517215384606, 19.801803753846166 ], [ -99.27754579999997, 19.801767553846169 ], [ -99.27756483076918, 19.801731384615383 ], [ -99.277564753846107, 19.801686200000049 ], [ -99.277564676923049, 19.801641015384607 ], [ -99.277574138461517, 19.801595815384644 ], [ -99.277593153846126, 19.801550599999988 ], [ -99.277621738461519, 19.801514400000034 ], [ -99.277659969230726, 19.801532415384631 ], [ -99.277688661538434, 19.80156852307692 ], [ -99.2777173846154, 19.801613661538447 ], [ -99.277727, 19.801649799999979 ], [ -99.277746169230724, 19.801694953846184 ], [ -99.277755799999966, 19.801740123076957 ], [ -99.277774969230748, 19.801785276923095 ], [ -99.277794138461488, 19.801821384615376 ], [ -99.277822846153796, 19.801857492307686 ], [ -99.277851538461505, 19.801893600000046 ], [ -99.277880246153785, 19.801929692307727 ], [ -99.277908953846108, 19.8019658 ], [ -99.277899492307668, 19.802011 ], [ -99.277909107692253, 19.802056169230784 ], [ -99.27791873846148, 19.80210133846154 ], [ -99.277918815384609, 19.802146523076932 ], [ -99.277947538461532, 19.802191661538448 ], [ -99.277976246153813, 19.80222776923075 ], [ -99.278004953846093, 19.802263861538446 ] ] ] ] } },
{ "type": "Feature", "properties": { "IDBD": 175180, "FC": 6291, "CONDICION": "CUERPO DE AGUA INTERMITENTE" }, "geometry": { "type": "MultiPolygon", "coordinates": [ [ [ [ -99.271440753846122, 19.799400246153816 ], [ -99.271421630769197, 19.799382215384629 ], [ -99.271421492307681, 19.799300876923105 ], [ -99.271411784615381, 19.799201492307684 ], [ -99.271421246153835, 19.7991562923077 ], [ -99.271468969230753, 19.799147184615382 ], [ -99.271507184615359, 19.799156153846148 ], [ -99.271545369230736, 19.799156092307651 ], [ -99.271564446153789, 19.799147030769195 ], [ -99.271583476923055, 19.799110861538455 ], [ -99.271650230769239, 19.799065569230748 ], [ -99.271736184615364, 19.799074476923089 ], [ -99.271841246153855, 19.799101430769252 ], [ -99.271879476923033, 19.799119446153842 ], [ -99.271889046153802, 19.799137507692325 ], [ -99.271870061538422, 19.799200784615408 ], [ -99.271870153846137, 19.799255015384595 ], [ -99.271889307692263, 19.799291123076934 ], [ -99.27189893846149, 19.799336292307657 ], [ -99.271870353846126, 19.799372492307679 ], [ -99.271832199999963, 19.799390615384635 ], [ -99.271774907692262, 19.799390707692325 ], [ -99.271698507692278, 19.799381784615402 ], [ -99.271564876923023, 19.799400061538481 ], [ -99.271440753846122, 19.799400246153816 ] ] ] ] } },
{ "type": "Feature", "properties": { "IDBD": 175201, "FC": 6292, "CONDICION": "CUERPO DE AGUA PERENNE" }, "geometry": { "type": "MultiPolygon", "coordinates": [ [ [ [ -99.218723169230756, 19.795722261538451 ], [ -99.21855129230768, 19.7957044 ], [ -99.21815946153842, 19.795424738461513 ], [ -99.217796230769196, 19.79509984615385 ], [ -99.217041, 19.794377815384635 ], [ -99.2168594, 19.794224415384626 ], [ -99.215903476923046, 19.793349 ], [ -99.215922492307655, 19.793294753846155 ], [ -99.215970107692272, 19.793195292307697 ], [ -99.216017723076874, 19.793113907692355 ], [ -99.216084492307672, 19.7930596 ], [ -99.216151230769171, 19.792996261538498 ], [ -99.216246676923049, 19.79297807692312 ], [ -99.216342169230742, 19.792987 ], [ -99.216437630769207, 19.792986876923088 ], [ -99.216523507692258, 19.792950630769241 ], [ -99.216609384615353, 19.792905338461587 ], [ -99.216704846153803, 19.7929052153846 ], [ -99.21680032307691, 19.792905107692309 ], [ -99.216895799999989, 19.792904984615372 ], [ -99.216991261538439, 19.792904876923078 ], [ -99.217086784615375, 19.79293186153846 ], [ -99.217172753846143, 19.792967907692312 ], [ -99.217249199999955, 19.793022046153887 ], [ -99.217335184615393, 19.793058076923082 ], [ -99.21743069230763, 19.793085076923099 ], [ -99.217526153846094, 19.793084953846162 ], [ -99.217621615384559, 19.793075815384622 ], [ -99.217717076923037, 19.793066661538493 ], [ -99.217812569230759, 19.793075569230759 ], [ -99.217869938461533, 19.793138769230765 ], [ -99.217927323076893, 19.793220030769238 ], [ -99.218003784615348, 19.793274153846188 ], [ -99.218061169230708, 19.793346384615379 ], [ -99.218137615384563, 19.793400507692272 ], [ -99.218223584615373, 19.793436553846195 ], [ -99.218300061538415, 19.79349970769232 ], [ -99.218366969230743, 19.793562892307669 ], [ -99.218443430769184, 19.793617015384608 ], [ -99.218500799999987, 19.7936802 ], [ -99.218586784615383, 19.793725276923059 ], [ -99.218653707692269, 19.793788461538512 ], [ -99.218730153846124, 19.793842584615415 ], [ -99.218797076923082, 19.793905769230754 ], [ -99.218854446153799, 19.79397798461541 ], [ -99.218911830769201, 19.794050215384591 ], [ -99.218978753846116, 19.794113384615425 ], [ -99.2190552153846, 19.794176553846167 ], [ -99.2191221230769, 19.794230692307675 ], [ -99.219198584615356, 19.794293861538467 ], [ -99.21928458461538, 19.794338938461507 ], [ -99.219341953846111, 19.794411153846141 ], [ -99.219399338461514, 19.794483384615383 ], [ -99.219485338461496, 19.794528461538459 ], [ -99.219561784615337, 19.794582584615412 ], [ -99.219619153846139, 19.794645769230787 ], [ -99.219628830769224, 19.794736138461538 ], [ -99.21959075384612, 19.794817507692336 ], [ -99.219524015384607, 19.794889892307687 ], [ -99.219457276923066, 19.794953230769227 ], [ -99.219361892307631, 19.795016600000029 ], [ -99.219295138461533, 19.795079938461516 ], [ -99.219257076923043, 19.795170353846153 ], [ -99.2192572, 19.7952607230769 ], [ -99.219228676923038, 19.795351123076923 ], [ -99.21920012307686, 19.795414415384592 ], [ -99.219133384615347, 19.795477769230768 ], [ -99.219076199999975, 19.795550123076932 ], [ -99.218999892307679, 19.795604446153888 ], [ -99.218914015384584, 19.79564973846156 ], [ -99.218828138461518, 19.795685984615385 ], [ -99.218723169230756, 19.795722261538451 ] ] ] ] } },
{ "type": "Feature", "properties": { "IDBD": 175204, "FC": 6291, "CONDICION": "CUERPO DE AGUA INTERMITENTE" }, "geometry": { "type": "MultiPolygon", "coordinates": [ [ [ [ -99.258134723076878, 19.795570276923076 ], [ -99.258067892307693, 19.795570384615367 ], [ -99.258029676923059, 19.795552353846144 ], [ -99.257991461538424, 19.79553433846154 ], [ -99.257943661538434, 19.79549826153848 ], [ -99.257914953846097, 19.795462153846184 ], [ -99.257905353846112, 19.79542601538456 ], [ -99.257905323076926, 19.795407953846127 ], [ -99.257895738461485, 19.795380846153861 ], [ -99.257895646153841, 19.795326630769186 ], [ -99.257914692307651, 19.795290461538457 ], [ -99.257943276923058, 19.795263307692313 ], [ -99.257962369230725, 19.795254246153846 ], [ -99.257981415384592, 19.795227107692341 ], [ -99.257990923076875, 19.795199984615358 ], [ -99.257962246153809, 19.795181953846146 ], [ -99.257933553846115, 19.795145846153844 ], [ -99.257943061538455, 19.795127753846195 ], [ -99.257971661538434, 19.7951006 ], [ -99.258000323076871, 19.795109600000021 ], [ -99.258048076923046, 19.795118569230759 ], [ -99.258076769230726, 19.795154676923044 ], [ -99.258086353846124, 19.795172723076927 ], [ -99.258095938461494, 19.795199830769224 ], [ -99.2581341384615, 19.795208815384605 ], [ -99.258191461538431, 19.7952268 ], [ -99.258220123076896, 19.795244830769221 ], [ -99.258239230769192, 19.795253846153834 ], [ -99.258267876923043, 19.795253799999958 ], [ -99.258306030769205, 19.795226630769232 ], [ -99.258353784615366, 19.795244646153844 ], [ -99.258363415384594, 19.795289815384599 ], [ -99.258334830769172, 19.795326 ], [ -99.258287123076911, 19.79534413846152 ], [ -99.258268076923073, 19.795380307692309 ], [ -99.258268153846146, 19.795425492307675 ], [ -99.258249138461508, 19.795470707692324 ], [ -99.25822055384613, 19.795506892307706 ], [ -99.258191969230751, 19.795543092307739 ], [ -99.258134723076878, 19.795570276923076 ] ] ] ] } },
{ "type": "Feature", "properties": { "IDBD": 175268, "FC": 6292, "CONDICION": "CUERPO DE AGUA PERENNE" }, "geometry": { "type": "MultiPolygon", "coordinates": [ [ [ [ -99.194517430769181, 19.785421107692301 ], [ -99.194498353846129, 19.785439200000052 ], [ -99.1944602, 19.785466353846139 ], [ -99.194412492307649, 19.785484476923102 ], [ -99.1943743230769, 19.785493553846127 ], [ -99.194326584615368, 19.785493615384574 ], [ -99.194278830769221, 19.785484630769215 ], [ -99.194231076923046, 19.785466599999985 ], [ -99.19419287692304, 19.785448569230759 ], [ -99.194164184615346, 19.785412461538488 ], [ -99.194145046153821, 19.785376323076935 ], [ -99.194125907692325, 19.785331169230734 ], [ -99.194135399999979, 19.785285969230756 ], [ -99.194144892307662, 19.785249815384621 ], [ -99.194163938461529, 19.785204615384639 ], [ -99.194192538461536, 19.785168430769243 ], [ -99.19423069230767, 19.785141276923063 ], [ -99.194268846153818, 19.785114123076912 ], [ -99.194316553846136, 19.785096 ], [ -99.194364292307654, 19.785095953846142 ], [ -99.194412015384572, 19.785095892307723 ], [ -99.194459769230761, 19.785104876923103 ], [ -99.194497984615353, 19.78513195384614 ], [ -99.194517107692292, 19.785159046153826 ], [ -99.194545799999958, 19.7852042 ], [ -99.194555415384627, 19.78524936923079 ], [ -99.194555446153785, 19.785285507692297 ], [ -99.194555523076886, 19.785339738461531 ], [ -99.19453647692302, 19.785384938461576 ], [ -99.194517430769181, 19.785421107692301 ] ] ] ] } },
{ "type": "Feature", "properties": { "IDBD": 175489, "FC": 6291, "CONDICION": "CUERPO DE AGUA INTERMITENTE" }, "geometry": { "type": "MultiPolygon", "coordinates": [ [ [ [ -99.203643784615323, 19.762538615384628 ], [ -99.203567399999983, 19.76252967692308 ], [ -99.203491061538429, 19.762547830769222 ], [ -99.203424261538444, 19.762556938461575 ], [ -99.203376492307655, 19.762529892307725 ], [ -99.203385984615323, 19.762484692307705 ], [ -99.20339541538462, 19.762394307692283 ], [ -99.203414461538429, 19.762358138461504 ], [ -99.203509907692279, 19.762358030769292 ], [ -99.203605384615372, 19.76236696923079 ], [ -99.20369130769231, 19.762375907692309 ], [ -99.203739061538442, 19.762402953846156 ], [ -99.203748661538427, 19.762448138461529 ], [ -99.203748738461513, 19.762502353846156 ], [ -99.203720138461478, 19.762538538461488 ], [ -99.203643784615323, 19.762538615384628 ] ] ] ] } },
{ "type": "Feature", "properties": { "IDBD": 175490, "FC": 6291, "CONDICION": "CUERPO DE AGUA INTERMITENTE" }, "geometry": { "type": "MultiPolygon", "coordinates": [ [ [ [ -99.265814984615375, 19.7635324769231 ], [ -99.265748138461518, 19.763514507692285 ], [ -99.265690815384573, 19.763487476923082 ], [ -99.265633446153828, 19.763424307692251 ], [ -99.265623830769186, 19.763379138461591 ], [ -99.265652399999979, 19.763342938461566 ], [ -99.265719107692277, 19.763279584615407 ], [ -99.265814523076898, 19.763252338461552 ], [ -99.265862261538444, 19.763261292307721 ], [ -99.265900507692265, 19.763297384615406 ], [ -99.265891107692283, 19.763387769230818 ], [ -99.265891261538414, 19.763478138461505 ], [ -99.265862692307635, 19.763514338461508 ], [ -99.265814984615375, 19.7635324769231 ] ] ] ] } },
{ "type": "Feature", "properties": { "IDBD": 175492, "FC": 6291, "CONDICION": "CUERPO DE AGUA INTERMITENTE" }, "geometry": { "type": "MultiPolygon", "coordinates": [ [ [ [ -99.266243661538425, 19.763007707692289 ], [ -99.266215123076904, 19.763061969230776 ], [ -99.26614835384612, 19.763098215384598 ], [ -99.266072092307681, 19.763152538461568 ], [ -99.266033938461476, 19.763170676923071 ], [ -99.265976661538446, 19.763170753846179 ], [ -99.265900199999976, 19.763116646153847 ], [ -99.265861892307655, 19.763035384615364 ], [ -99.265852199999969, 19.762945030769206 ], [ -99.265880676923061, 19.762854615384608 ], [ -99.265918815384623, 19.762827446153853 ], [ -99.265966523076898, 19.762809307692294 ], [ -99.266061984615362, 19.762818200000012 ], [ -99.266119292307692, 19.76283618461542 ], [ -99.266157492307627, 19.762845169230758 ], [ -99.266195723076891, 19.762881261538503 ], [ -99.266224415384585, 19.762917353846198 ], [ -99.266253138461536, 19.762962507692283 ], [ -99.266243661538425, 19.763007707692289 ] ] ] ] } },
{ "type": "Feature", "properties": { "IDBD": 175503, "FC": 6291, "CONDICION": "CUERPO DE AGUA INTERMITENTE" }, "geometry": { "type": "MultiPolygon", "coordinates": [ [ [ [ -99.225959276923064, 19.761255723076925 ], [ -99.225901892307675, 19.761174461538438 ], [ -99.225901753846131, 19.761084092307687 ], [ -99.225901630769201, 19.76099372307694 ], [ -99.225901507692228, 19.760903353846132 ], [ -99.225901384615341, 19.760812984615363 ], [ -99.225920353846121, 19.760731630769214 ], [ -99.225948861538413, 19.760641215384641 ], [ -99.225996492307686, 19.760568861538413 ], [ -99.226072769230768, 19.760505507692269 ], [ -99.226149046153793, 19.760451200000034 ], [ -99.226244476923071, 19.760433 ], [ -99.226339938461493, 19.760441923076936 ], [ -99.226435415384586, 19.760459876923107 ], [ -99.226521353846124, 19.760477830769219 ], [ -99.226616861538417, 19.760513861538456 ], [ -99.226426384615337, 19.760821353846179 ], [ -99.226264461538435, 19.761065553846159 ], [ -99.226121584615385, 19.761282615384626 ], [ -99.225959276923064, 19.761255723076925 ] ] ] ] } },
{ "type": "Feature", "properties": { "IDBD": 175557, "FC": 6291, "CONDICION": "CUERPO DE AGUA INTERMITENTE" }, "geometry": { "type": "MultiPolygon", "coordinates": [ [ [ [ -99.227630907692287, 19.755370584615378 ], [ -99.227544969230735, 19.75534358461541 ], [ -99.227325261538397, 19.755226384615405 ], [ -99.227172446153816, 19.755154292307694 ], [ -99.227105507692272, 19.755064 ], [ -99.227048123076912, 19.754982738461514 ], [ -99.226924, 19.754955784615362 ], [ -99.22665661538457, 19.7548748 ], [ -99.226522876923056, 19.754793630769218 ], [ -99.226484615384578, 19.754739461538488 ], [ -99.226522676923068, 19.754658076923128 ], [ -99.226589415384581, 19.754594738461499 ], [ -99.226675246153818, 19.754549446153828 ], [ -99.22677066153841, 19.754522215384622 ], [ -99.22685653846149, 19.754504030769233 ], [ -99.226951938461482, 19.754467769230743 ], [ -99.227028230769221, 19.754422476923093 ], [ -99.227114092307673, 19.754386230769224 ], [ -99.227209507692265, 19.754368030769268 ], [ -99.227304953846115, 19.754358876923039 ], [ -99.227400415384594, 19.754367784615386 ], [ -99.227495876923044, 19.754376707692352 ], [ -99.227572307692299, 19.754430830769234 ], [ -99.22762967692303, 19.75450304615384 ], [ -99.22767752307692, 19.75458432307688 ], [ -99.22766810769231, 19.754674707692288 ], [ -99.22763958461536, 19.754756076923066 ], [ -99.227611061538425, 19.754837446153868 ], [ -99.22760167692303, 19.754945892307685 ], [ -99.2276113230769, 19.755018184615416 ], [ -99.227640076923038, 19.755099476923068 ], [ -99.227659292307692, 19.755189815384618 ], [ -99.227659415384565, 19.755280184615408 ], [ -99.227630907692287, 19.755370584615378 ] ] ] ] } },
{ "type": "Feature", "properties": { "IDBD": 175585, "FC": 6291, "CONDICION": "CUERPO DE AGUA INTERMITENTE" }, "geometry": { "type": "MultiPolygon", "coordinates": [ [ [ [ -99.215077476923071, 19.749575953846165 ], [ -99.214332984615339, 19.749289415384631 ], [ -99.214280692307668, 19.7492338923077 ], [ -99.214270830769209, 19.749178338461515 ], [ -99.214315753846094, 19.748604030769229 ], [ -99.214364707692297, 19.748597799999967 ], [ -99.214462630769191, 19.748619292307716 ], [ -99.214926230769223, 19.748745630769246 ], [ -99.21499153846149, 19.748773338461564 ], [ -99.215037323076913, 19.748841200000012 ], [ -99.215079830769184, 19.748902892307665 ], [ -99.215103353846118, 19.749406107692309 ], [ -99.215077476923071, 19.749575953846165 ] ] ] ] } },
{ "type": "Feature", "properties": { "IDBD": 175617, "FC": 6291, "CONDICION": "CUERPO DE AGUA INTERMITENTE" }, "geometry": { "type": "MultiPolygon", "coordinates": [ [ [ [ -99.225759692307633, 19.745786615384656 ], [ -99.225697153846113, 19.74580643076925 ], [ -99.225624492307659, 19.745856953846154 ], [ -99.225599969230728, 19.745922769230781 ], [ -99.225579184615327, 19.745968846153861 ], [ -99.225530553846113, 19.746001800000027 ], [ -99.225435553846111, 19.746012876923068 ], [ -99.225298784615333, 19.745991123076973 ], [ -99.225136476923026, 19.745943092307716 ], [ -99.224969553846108, 19.745903830769262 ], [ -99.224786353846113, 19.745827307692345 ], [ -99.22454286153841, 19.745722353846187 ], [ -99.224422215384578, 19.745630415384614 ], [ -99.224354907692273, 19.745562523076924 ], [ -99.224343184615336, 19.745466046153837 ], [ -99.224368523076876, 19.74536075384616 ], [ -99.224417092307675, 19.745283953846165 ], [ -99.224477261538411, 19.745220276923078 ], [ -99.224563030769218, 19.745235523076932 ], [ -99.224641907692259, 19.745283661538501 ], [ -99.224679092307667, 19.745360369230781 ], [ -99.224693107692289, 19.745434907692296 ], [ -99.224702430769185, 19.745476553846157 ], [ -99.22474646153843, 19.745472123076887 ], [ -99.224767307692289, 19.745461123076918 ], [ -99.224848338461527, 19.745401815384618 ], [ -99.224924676923052, 19.745300861538492 ], [ -99.224968584615368, 19.745210892307703 ], [ -99.225044984615323, 19.7451494 ], [ -99.225114476923054, 19.745131769230774 ], [ -99.22520950769227, 19.745138230769204 ], [ -99.225316215384581, 19.745201692307685 ], [ -99.225450753846147, 19.74528703076918 ], [ -99.2254856923077, 19.745407600000021 ], [ -99.225527523076892, 19.745493061538419 ], [ -99.225643384615395, 19.74547318461541 ], [ -99.225689799999969, 19.745521369230779 ], [ -99.225733953846117, 19.745602446153875 ], [ -99.225715507692286, 19.745674830769218 ], [ -99.225741061538415, 19.745718661538447 ], [ -99.225764261538416, 19.745733984615359 ], [ -99.22578976923073, 19.745747107692299 ], [ -99.225759692307633, 19.745786615384656 ] ] ] ] } },
{ "type": "Feature", "properties": { "IDBD": 175623, "FC": 6291, "CONDICION": "CUERPO DE AGUA INTERMITENTE" }, "geometry": { "type": "MultiPolygon", "coordinates": [ [ [ [ -99.225796646153796, 19.744900061538498 ], [ -99.225898523076907, 19.744829753846151 ], [ -99.225979599999988, 19.744796769230742 ], [ -99.226090830769195, 19.744785661538458 ], [ -99.22623455384614, 19.7448118 ], [ -99.226322661538404, 19.744842384615357 ], [ -99.226376107692261, 19.744938800000011 ], [ -99.226390123076911, 19.745013338461547 ], [ -99.226348507692279, 19.745085753846141 ], [ -99.22628835384613, 19.745160384615371 ], [ -99.226260615384589, 19.745215246153851 ], [ -99.226225892307667, 19.745245984615412 ], [ -99.226188799999989, 19.745230676923072 ], [ -99.226184092307633, 19.745189015384639 ], [ -99.226149323076882, 19.745178107692308 ], [ -99.226070553846142, 19.745202323076882 ], [ -99.226035846153849, 19.74523744615388 ], [ -99.226047492307657, 19.745281292307713 ], [ -99.2260961538461, 19.745279046153836 ], [ -99.226142523076888, 19.745285553846138 ], [ -99.226149892307674, 19.74558815384616 ], [ -99.226124399999975, 19.745590384615372 ], [ -99.226059461538412, 19.745557569230765 ], [ -99.226006199999972, 19.745586153846155 ], [ -99.225885646153799, 19.745562184615395 ], [ -99.225855569230731, 19.745595107692289 ], [ -99.225827692307661, 19.745553476923078 ], [ -99.225839184615353, 19.745483292307689 ], [ -99.225859969230726, 19.745432830769239 ], [ -99.225859738461494, 19.745263984615374 ], [ -99.225806184615351, 19.745086430769192 ], [ -99.22579439999997, 19.744941723076913 ], [ -99.225796646153796, 19.744900061538498 ] ] ] ] } },
{ "type": "Feature", "properties": { "IDBD": 175707, "FC": 6292, "CONDICION": "CUERPO DE AGUA PERENNE" }, "geometry": { "type": "MultiPolygon", "coordinates": [ [ [ [ -99.257373723076867, 19.734835169230781 ], [ -99.257390353846105, 19.734798584615383 ], [ -99.257428892307686, 19.734737246153877 ], [ -99.257475861538424, 19.734693707692347 ], [ -99.257532123076899, 19.734640276923042 ], [ -99.257611476923032, 19.734611492307682 ], [ -99.257663692307659, 19.73459953846157 ], [ -99.257700246153817, 19.734599492307723 ], [ -99.25775979999996, 19.734615230769201 ], [ -99.257799492307683, 19.734635953846187 ], [ -99.257835076923044, 19.73466155384618 ], [ -99.257860184615353, 19.734690184615378 ], [ -99.257874830769182, 19.734717861538478 ], [ -99.257879076923018, 19.734752415384595 ], [ -99.257880184615388, 19.734772184615402 ], [ -99.25787183076919, 19.734788984615374 ], [ -99.257857276923048, 19.7348078 ], [ -99.257821738461516, 19.734819723076928 ], [ -99.257774738461478, 19.734836584615383 ], [ -99.257724692307676, 19.734846538461593 ], [ -99.257692292307667, 19.734866353846197 ], [ -99.257596292307682, 19.73491789230771 ], [ -99.257579599999971, 19.734919861538483 ], [ -99.257548246153789, 19.734920923076942 ], [ -99.257510692307662, 19.734922938461541 ], [ -99.257476230769214, 19.734922984615384 ], [ -99.257454261538427, 19.734917076923068 ], [ -99.257444846153831, 19.734906230769223 ], [ -99.257441707692294, 19.734889446153861 ], [ -99.257430199999973, 19.734871646153845 ], [ -99.257412415384579, 19.734866753846159 ], [ -99.257400938461515, 19.73486973846153 ], [ -99.257382169230752, 19.73487764615388 ], [ -99.257371676923057, 19.73486778461541 ], [ -99.257373723076867, 19.734835169230781 ] ] ] ] } },
{ "type": "Feature", "properties": { "IDBD": 175794, "FC": 6291, "CONDICION": "CUERPO DE AGUA INTERMITENTE" }, "geometry": { "type": "MultiPolygon", "coordinates": [ [ [ [ -99.302104199999988, 19.72480009230771 ], [ -99.302127353846146, 19.724682107692352 ], [ -99.302235153846098, 19.72463090769228 ], [ -99.302379, 19.724630661538441 ], [ -99.302424984615342, 19.724672123076932 ], [ -99.302476369230746, 19.724751230769197 ], [ -99.302492723076895, 19.72488915384616 ], [ -99.302458676923052, 19.724986353846187 ], [ -99.302366353846139, 19.725051276923089 ], [ -99.302177923076883, 19.724993307692301 ], [ -99.302118861538418, 19.724945723076917 ], [ -99.302100630769189, 19.724818215384627 ], [ -99.302104199999988, 19.72480009230771 ] ] ] ] } },
{ "type": "Feature", "properties": { "IDBD": 175871, "FC": 6291, "CONDICION": "CUERPO DE AGUA INTERMITENTE" }, "geometry": { "type": "MultiPolygon", "coordinates": [ [ [ [ -99.339865723076869, 19.712466569230756 ], [ -99.339846830769176, 19.712556969230743 ], [ -99.339789784615363, 19.712656476923069 ], [ -99.339742323076933, 19.712774046153807 ], [ -99.339685200000019, 19.712837415384598 ], [ -99.339656646153827, 19.712873615384648 ], [ -99.339570753846118, 19.712864753846155 ], [ -99.339484738461508, 19.712801646153871 ], [ -99.339436846153845, 19.712720415384641 ], [ -99.339427153846131, 19.712648138461574 ], [ -99.339503046153808, 19.712440138461538 ], [ -99.339541046153798, 19.712358738461507 ], [ -99.339569599999976, 19.712322538461525 ], [ -99.339645923076887, 19.712313353846167 ], [ -99.339722261538441, 19.71231321538464 ], [ -99.339741338461522, 19.712313169230757 ], [ -99.339808215384579, 19.712349199999974 ], [ -99.339846476923043, 19.7123943076923 ], [ -99.339865723076869, 19.712466569230756 ] ] ] ] } },
{ "type": "Feature", "properties": { "IDBD": 175892, "FC": 6291, "CONDICION": "CUERPO DE AGUA INTERMITENTE" }, "geometry": { "type": "MultiPolygon", "coordinates": [ [ [ [ -99.281174276923039, 19.709226476923078 ], [ -99.281150415384602, 19.709235830769199 ], [ -99.281111092307682, 19.709239615384625 ], [ -99.281052107692261, 19.709239707692333 ], [ -99.280993076923096, 19.709217492307705 ], [ -99.280941892307681, 19.709176646153807 ], [ -99.280914246153827, 19.709113461538482 ], [ -99.280910230769166, 19.709065107692282 ], [ -99.280949476923041, 19.709012969230766 ], [ -99.281020215384572, 19.708990553846171 ], [ -99.281083138461526, 19.70899416923077 ], [ -99.28115793846149, 19.709038692307665 ], [ -99.281201323076886, 19.709109292307723 ], [ -99.281210061538445, 19.709152107692312 ], [ -99.281199938461512, 19.709184738461552 ], [ -99.281189061538456, 19.709215446153824 ], [ -99.281174276923039, 19.709226476923078 ] ] ] ] } },
{ "type": "Feature", "properties": { "IDBD": 175904, "FC": 6291, "CONDICION": "CUERPO DE AGUA INTERMITENTE" }, "geometry": { "type": "MultiPolygon", "coordinates": [ [ [ [ -99.284791076923028, 19.707277753846157 ], [ -99.284790538461507, 19.707229415384596 ], [ -99.284790461538435, 19.707192630769235 ], [ -99.284808307692273, 19.707138846153843 ], [ -99.284843738461532, 19.707132646153873 ], [ -99.284894984615377, 19.707133046153846 ], [ -99.285011569230747, 19.707141353846136 ], [ -99.28507138461535, 19.7071554 ], [ -99.285159338461497, 19.707220953846114 ], [ -99.285145753846095, 19.707409692307706 ], [ -99.285104538461482, 19.7075845692308 ], [ -99.285088892307698, 19.707697030769257 ], [ -99.285053323076866, 19.707742061538458 ], [ -99.285013723076887, 19.707749615384639 ], [ -99.284942384615348, 19.707727246153816 ], [ -99.284863061538445, 19.707663661538422 ], [ -99.284847076923057, 19.707581230769232 ], [ -99.284831153846142, 19.707540030769277 ], [ -99.284815199999954, 19.707476353846118 ], [ -99.284807015384573, 19.707333938461488 ], [ -99.284791076923028, 19.707277753846157 ] ] ] ] } },
{ "type": "Feature", "properties": { "IDBD": 175927, "FC": 6291, "CONDICION": "CUERPO DE AGUA INTERMITENTE" }, "geometry": { "type": "MultiPolygon", "coordinates": [ [ [ [ -99.345548169230725, 19.705777476923107 ], [ -99.345462061538427, 19.7056692 ], [ -99.345395030769225, 19.705560876923037 ], [ -99.34535659999996, 19.705434446153884 ], [ -99.345365861538426, 19.705307907692294 ], [ -99.345442092307678, 19.70525353846153 ], [ -99.345594676923042, 19.705217092307688 ], [ -99.345785538461513, 19.705225769230797 ], [ -99.346053046153841, 19.705378876923117 ], [ -99.346101, 19.705496261538418 ], [ -99.346110799999948, 19.705613723076933 ], [ -99.346082384615343, 19.705713184615412 ], [ -99.345987169230767, 19.705803738461523 ], [ -99.345853692307657, 19.705858215384612 ], [ -99.345710507692289, 19.70583138461539 ], [ -99.345548169230725, 19.705777476923107 ] ] ] ] } },
{ "type": "Feature", "properties": { "IDBD": 175932, "FC": 6292, "CONDICION": "CUERPO DE AGUA PERENNE" }, "geometry": { "type": "MultiPolygon", "coordinates": [ [ [ [ -99.285236507692304, 19.704027830769231 ], [ -99.285227138461494, 19.704036738461575 ], [ -99.285196615384621, 19.704043461538447 ], [ -99.285144969230743, 19.704043538461555 ], [ -99.285100338461518, 19.70403249230764 ], [ -99.285048646153797, 19.704010353846172 ], [ -99.284994584615404, 19.703970430769225 ], [ -99.284975692307668, 19.703914907692337 ], [ -99.284959123076888, 19.703832707692296 ], [ -99.284876876923065, 19.703792830769231 ], [ -99.284825107692257, 19.703732907692292 ], [ -99.284761538461524, 19.703626323076922 ], [ -99.284737923076904, 19.7035508 ], [ -99.284737799999974, 19.703479692307706 ], [ -99.284749461538439, 19.703437446153877 ], [ -99.284749384615367, 19.703393 ], [ -99.28476339999996, 19.703350738461552 ], [ -99.284876061538398, 19.703337230769264 ], [ -99.285231707692319, 19.703967830769255 ], [ -99.285236507692304, 19.704027830769231 ] ] ] ] } },
{ "type": "Feature", "properties": { "IDBD": 175943, "FC": 6292, "CONDICION": "CUERPO DE AGUA PERENNE" }, "geometry": { "type": "MultiPolygon", "coordinates": [ [ [ [ -99.304147492307678, 19.693513492307723 ], [ -99.304277630769192, 19.693543907692288 ], [ -99.30436932307687, 19.693558615384624 ], [ -99.304464169230741, 19.693548646153822 ], [ -99.304548569230732, 19.693506523076913 ], [ -99.3046224461538, 19.693449323076894 ], [ -99.304710646153822, 19.693414876923079 ], [ -99.30480533846152, 19.693403769230798 ], [ -99.304898353846113, 19.693383646153819 ], [ -99.304991307692305, 19.69336321538464 ], [ -99.305086707692297, 19.693361938461514 ], [ -99.305179907692278, 19.693381292307656 ], [ -99.305332953846161, 19.693400184615427 ], [ -99.305356138461491, 19.69343498461539 ], [ -99.305330584615376, 19.693481030769227 ], [ -99.305282938461502, 19.693533399999982 ], [ -99.30522787692307, 19.693652369230772 ], [ -99.305250584615365, 19.693697492307678 ], [ -99.305296584615363, 19.693689569230767 ], [ -99.305359123076911, 19.693621323076929 ], [ -99.305454399999959, 19.693616523076958 ], [ -99.305549292307674, 19.69362595384613 ], [ -99.305633415384563, 19.693668584615363 ], [ -99.305711907692299, 19.693617184615416 ], [ -99.305792984615351, 19.693569553846135 ], [ -99.305887507692276, 19.693557153846182 ], [ -99.305974384615325, 19.693594492307696 ], [ -99.306069769230731, 19.693596630769271 ], [ -99.30616, 19.693567246153833 ], [ -99.306223276923063, 19.693499615384631 ], [ -99.306293338461529, 19.693438276923068 ], [ -99.306368784615373, 19.6933829538462 ], [ -99.306455523076878, 19.693345276923079 ], [ -99.306550907692312, 19.693343323076927 ], [ -99.306619646153806, 19.693406 ], [ -99.306678184615379, 19.693477353846124 ], [ -99.306712446153853, 19.693561692307696 ], [ -99.306729599999969, 19.693650584615359 ], [ -99.306764461538421, 19.693734707692286 ], [ -99.306804692307637, 19.693816661538456 ], [ -99.306874476923042, 19.693878276923083 ], [ -99.306961153846132, 19.693916061538495 ], [ -99.30704875384609, 19.693951846153873 ], [ -99.307132215384613, 19.693995646153837 ], [ -99.307213753846142, 19.694042584615399 ], [ -99.307295153846155, 19.694089738461543 ], [ -99.307381569230728, 19.694128046153871 ], [ -99.307468261538446, 19.694165769230779 ], [ -99.307554830769178, 19.694203769230768 ], [ -99.307645138461524, 19.694232938461543 ], [ -99.307744769230752, 19.694266476923069 ], [ -99.307822307692277, 19.694254123076917 ], [ -99.307891953846166, 19.694183076923057 ], [ -99.307998, 19.69421469230771 ], [ -99.3081014, 19.694214507692308 ], [ -99.308160723076881, 19.694143492307706 ], [ -99.308163138461509, 19.694050569230804 ], [ -99.308269984615322, 19.693992600000033 ], [ -99.308363369230733, 19.69397409230773 ], [ -99.308454784615378, 19.693948230769212 ], [ -99.308530584615326, 19.693893338461571 ], [ -99.308592046153819, 19.693824215384609 ], [ -99.308617753846093, 19.693737184615419 ], [ -99.308691892307664, 19.693680292307675 ], [ -99.308774830769181, 19.693703830769227 ], [ -99.308821938461506, 19.693752307692307 ], [ -99.308897938461499, 19.693775461538454 ], [ -99.308995476923045, 19.6937137076923 ], [ -99.30910258461536, 19.693756107692316 ], [ -99.309190892307697, 19.693764692307674 ], [ -99.30928912307688, 19.693718230769235 ], [ -99.309336923076913, 19.693796446153861 ], [ -99.309386215384606, 19.693873830769217 ], [ -99.309462523076903, 19.693928076923108 ], [ -99.309521461538424, 19.693979876923084 ], [ -99.309590307692247, 19.694042138461548 ], [ -99.309667907692287, 19.694113846153847 ], [ -99.309753153846103, 19.694154415384645 ], [ -99.309847799999986, 19.694165923076955 ], [ -99.309942984615404, 19.694172061538438 ], [ -99.310038399999954, 19.694172030769252 ], [ -99.310091892307653, 19.6940972 ], [ -99.310080492307648, 19.69400747692308 ], [ -99.310058830769194, 19.693919476923067 ], [ -99.31002330769229, 19.693835599999954 ], [ -99.309994, 19.693749600000029 ], [ -99.309987461538455, 19.693659446153887 ], [ -99.309974953846123, 19.693569861538432 ], [ -99.309956169230702, 19.693481261538412 ], [ -99.309920584615355, 19.6933974 ], [ -99.309906784615364, 19.693307984615423 ], [ -99.309918123076869, 19.693218261538441 ], [ -99.309930523076915, 19.693128661538445 ], [ -99.309936123076881, 19.69303844615386 ], [ -99.309965307692266, 19.692952399999971 ], [ -99.309999076923049, 19.692867892307721 ], [ -99.31001763076921, 19.692767307692332 ], [ -99.310061676923041, 19.6926864 ], [ -99.31011456923072, 19.692616646153859 ], [ -99.310186553846108, 19.692553984615369 ], [ -99.310235046153835, 19.692452 ], [ -99.3102466461538, 19.692357230769257 ], [ -99.310225553846109, 19.692292400000017 ], [ -99.310199769230721, 19.692205384615416 ], [ -99.310137169230728, 19.692118446153831 ], [ -99.310092830769207, 19.692042569230786 ], [ -99.310063215384574, 19.6919618 ], [ -99.310024769230736, 19.691878261538498 ], [ -99.309986107692296, 19.691786923076915 ], [ -99.309938784615355, 19.691692646153847 ], [ -99.309906307692302, 19.691644630769257 ], [ -99.309911415384562, 19.691554400000019 ], [ -99.309957846153807, 19.691475446153845 ], [ -99.310020707692274, 19.691397092307682 ], [ -99.310111415384569, 19.691381846153849 ], [ -99.310175815384582, 19.691315169230787 ], [ -99.31024307692303, 19.691251061538463 ], [ -99.310320969230716, 19.69119889230771 ], [ -99.3103330307692, 19.69106875384616 ], [ -99.310371292307664, 19.691043600000036 ], [ -99.31046564615383, 19.691088030769233 ], [ -99.310542292307687, 19.691110200000018 ], [ -99.310633723076876, 19.691055938461545 ], [ -99.310726461538437, 19.691077169230802 ], [ -99.310818738461492, 19.691100153846179 ], [ -99.310876907692261, 19.691028523076913 ], [ -99.310843969230731, 19.690943707692316 ], [ -99.310901338461491, 19.690871492307682 ], [ -99.310975030769214, 19.69093944615382 ], [ -99.311028446153827, 19.690994323076925 ], [ -99.311080599999954, 19.69107 ], [ -99.311161430769232, 19.691118 ], [ -99.311229692307649, 19.691150892307693 ], [ -99.3113240307692, 19.691178599999965 ], [ -99.311441938461499, 19.691211846153809 ], [ -99.311519630769169, 19.691236969230744 ], [ -99.311609230769221, 19.69126803076923 ], [ -99.311702784615335, 19.691285784615431 ], [ -99.311796538461522, 19.691259092307721 ], [ -99.311882907692294, 19.691252307692295 ], [ -99.311987692307653, 19.691219353846147 ], [ -99.312064199999952, 19.691174630769243 ], [ -99.312114153846139, 19.691107646153824 ], [ -99.312106676923037, 19.691075153846171 ], [ -99.312043276923063, 19.69101581538461 ], [ -99.311980246153809, 19.690885338461506 ], [ -99.311977646153821, 19.690743923076919 ], [ -99.312012507692316, 19.690649723076941 ], [ -99.312049784615368, 19.69061430769235 ], [ -99.312026338461507, 19.690559107692295 ], [ -99.312072846153839, 19.6904618 ], [ -99.312123261538446, 19.690385815384623 ], [ -99.312141446153802, 19.690297107692295 ], [ -99.312126061538436, 19.690212015384656 ], [ -99.312128230769218, 19.690128046153891 ], [ -99.312158338461515, 19.690008676923085 ], [ -99.312204015384594, 19.68994244615385 ], [ -99.312251876923042, 19.689864276923075 ], [ -99.312341769230756, 19.68978646153845 ], [ -99.312400553846118, 19.689719476923074 ], [ -99.312438799999981, 19.689659830769212 ], [ -99.312498276923037, 19.689589169230775 ], [ -99.31253352307688, 19.689513738461557 ], [ -99.312580046153826, 19.689431892307688 ], [ -99.312614215384599, 19.689350876923061 ], [ -99.312625661538448, 19.689261169230743 ], [ -99.312663261538447, 19.689178107692303 ], [ -99.312649430769227, 19.689091492307668 ], [ -99.312656230769221, 19.688992046153864 ], [ -99.312669538461478, 19.688908846153865 ], [ -99.312681, 19.688819123076897 ], [ -99.312672092307665, 19.688730138461512 ], [ -99.312653246153801, 19.688641784615367 ], [ -99.312632092307652, 19.688571107692326 ], [ -99.312592230769184, 19.688476169230775 ], [ -99.312583984615372, 19.688387492307722 ], [ -99.312576276923039, 19.688297415384636 ], [ -99.312560138461535, 19.688208353846161 ], [ -99.312540630769206, 19.688119892307654 ], [ -99.312495523076876, 19.688000246153859 ], [ -99.312434769230762, 19.687973846153874 ], [ -99.312380861538429, 19.687867876923093 ], [ -99.312324676923055, 19.687827615384595 ], [ -99.312304415384588, 19.687739307692308 ], [ -99.312413261538424, 19.687719769230753 ], [ -99.312504399999938, 19.687761584615352 ], [ -99.312554661538442, 19.687846723076952 ], [ -99.312617430769194, 19.687901076923058 ], [ -99.312678261538409, 19.687969476923072 ], [ -99.31272278461536, 19.688053369230794 ], [ -99.312760292307658, 19.688132846153831 ], [ -99.312788461538432, 19.688212353846158 ], [ -99.312823646153845, 19.688298461538469 ], [ -99.312877507692278, 19.688382338461587 ], [ -99.312952415384601, 19.68848384615384 ], [ -99.313024984615339, 19.688589784615413 ], [ -99.31308586153844, 19.688678061538457 ], [ -99.313141815384569, 19.688640400000036 ], [ -99.313237584615351, 19.688668969230751 ], [ -99.313272692307663, 19.688717507692306 ], [ -99.313380138461511, 19.688743846153827 ], [ -99.313436107692283, 19.6887106 ], [ -99.313522523076912, 19.688730338461571 ], [ -99.313651276923039, 19.688766969230773 ], [ -99.313730338461497, 19.688754276923074 ], [ -99.313841476923031, 19.688781353846178 ], [ -99.313916261538466, 19.688770353846166 ], [ -99.313974661538452, 19.688792353846164 ], [ -99.314033138461525, 19.688845292307679 ], [ -99.314156815384578, 19.688820769230777 ], [ -99.314253830769204, 19.688765276923075 ], [ -99.314369876923067, 19.688716215384595 ], [ -99.314451599999956, 19.688707923076898 ], [ -99.31450318461539, 19.688691538461534 ], [ -99.314589123076885, 19.688634384615369 ], [ -99.314666415384579, 19.688565030769272 ], [ -99.314752738461507, 19.688518107692339 ], [ -99.314827261538412, 19.688472523076936 ], [ -99.314890153846136, 19.688362092307699 ], [ -99.314972384615345, 19.688348276923097 ], [ -99.314994276923017, 19.688462015384637 ], [ -99.314940876923032, 19.68853070769234 ], [ -99.314868692307684, 19.688609461538462 ], [ -99.3147914, 19.688678830769259 ], [ -99.314727, 19.688748153846159 ], [ -99.314649461538465, 19.688848630769243 ], [ -99.31458659999997, 19.688937123076922 ], [ -99.314514246153834, 19.688943876923098 ], [ -99.314490907692289, 19.689013230769238 ], [ -99.314413569230709, 19.689058153846183 ], [ -99.314323307692291, 19.689103107692315 ], [ -99.31424598461534, 19.689156169230767 ], [ -99.314168615384588, 19.689192953846135 ], [ -99.314066538461503, 19.689214246153892 ], [ -99.313974692307681, 19.689243800000014 ], [ -99.313879046153815, 19.689277123076913 ], [ -99.313795046153828, 19.689301569230757 ], [ -99.313720399999966, 19.689332630769211 ], [ -99.31363878461535, 19.689379184615415 ], [ -99.313554861538435, 19.689450030769198 ], [ -99.31349383076919, 19.689513384615392 ], [ -99.313451292307661, 19.689573261538477 ], [ -99.313438569230726, 19.689662815384629 ], [ -99.313438276923051, 19.68976316923073 ], [ -99.313394092307647, 19.689849415384636 ], [ -99.313373199999972, 19.689911323076934 ], [ -99.31335936923071, 19.690001953846195 ], [ -99.31335953846154, 19.690090338461502 ], [ -99.31335035384609, 19.690167692307671 ], [ -99.313362169230743, 19.690242800000036 ], [ -99.313392692307687, 19.690328923076926 ], [ -99.313451199999989, 19.69040393846155 ], [ -99.313519523076906, 19.690479523076867 ], [ -99.313598723076922, 19.690529923076916 ], [ -99.313691246153809, 19.690551984615389 ], [ -99.313786553846128, 19.690570507692293 ], [ -99.313882292307667, 19.690579184615356 ], [ -99.313974984615356, 19.690581046153856 ], [ -99.314066092307655, 19.690607876923082 ], [ -99.314154584615338, 19.690641676923072 ], [ -99.314236861538419, 19.690687430769206 ], [ -99.314306384615335, 19.690749323076886 ], [ -99.314375907692295, 19.690811215384635 ], [ -99.314444461538415, 19.690874061538452 ], [ -99.314515123076887, 19.690934800000033 ], [ -99.314580861538417, 19.691000292307695 ], [ -99.314644261538433, 19.691067815384599 ], [ -99.314698938461518, 19.691141876923098 ], [ -99.314763307692289, 19.691208584615371 ], [ -99.314795476923024, 19.691293661538435 ], [ -99.314850353846126, 19.691364123076909 ], [ -99.314867292307682, 19.69146110769233 ], [ -99.314919092307647, 19.691537 ], [ -99.314976169230732, 19.691609415384608 ], [ -99.315043476923037, 19.691673461538482 ], [ -99.315128446153807, 19.691714584615379 ], [ -99.315221169230725, 19.691735846153804 ], [ -99.315315569230762, 19.691749 ], [ -99.315410969230754, 19.691750615384649 ], [ -99.315506199999959, 19.691745092307738 ], [ -99.31559990769226, 19.691728076923077 ], [ -99.315702, 19.69170604615384 ], [ -99.315802338461538, 19.691677138461543 ], [ -99.315890984615336, 19.691646046153881 ], [ -99.315959430769198, 19.691607523076947 ], [ -99.316043846153775, 19.6915654 ], [ -99.316120492307689, 19.69151156923078 ], [ -99.316204599999949, 19.691468892307739 ], [ -99.316276599999966, 19.691409615384604 ], [ -99.316345676923049, 19.691360199999963 ], [ -99.316416384615323, 19.6912946923077 ], [ -99.316476938461506, 19.691219461538417 ], [ -99.316523923076886, 19.691134846153837 ], [ -99.316588307692285, 19.691068169230771 ], [ -99.316655507692303, 19.691004 ], [ -99.31672318461537, 19.690940307692323 ], [ -99.316793538461511, 19.690879261538473 ], [ -99.316844984615329, 19.69080118461541 ], [ -99.316914892307693, 19.690734769230776 ], [ -99.317003492307677, 19.69068158461538 ], [ -99.31708093846153, 19.690642076923059 ], [ -99.317148353846093, 19.690578123076946 ], [ -99.317224953846122, 19.690524261538435 ], [ -99.317310907692288, 19.69048501538462 ], [ -99.317401138461506, 19.690455646153818 ], [ -99.317492723076924, 19.690430338461514 ], [ -99.317584615384618, 19.690406 ], [ -99.317674261538443, 19.690375092307686 ], [ -99.317756876923056, 19.690328923076905 ], [ -99.317847876923068, 19.690300030769226 ], [ -99.317942153846161, 19.690281046153832 ], [ -99.318024046153838, 19.690245461538449 ], [ -99.318094630769224, 19.690213353846179 ], [ -99.318200584615369, 19.690198630769245 ], [ -99.318308076923032, 19.690192630769239 ], [ -99.31846169230765, 19.690201076923085 ], [ -99.3186076, 19.690197907692355 ], [ -99.318626784615361, 19.690276738461517 ], [ -99.318645353846122, 19.690343584615391 ], [ -99.318720584615377, 19.690333276923109 ], [ -99.318789630769231, 19.690292446153844 ], [ -99.318880184615324, 19.690263215384633 ], [ -99.318950723076924, 19.690206384615365 ], [ -99.319059907692264, 19.690172261538425 ], [ -99.31915023076921, 19.690143138461526 ], [ -99.319259784615355, 19.690104046153877 ], [ -99.319202538461525, 19.690165230769288 ], [ -99.319139676923044, 19.690222046153846 ], [ -99.319035353846104, 19.690284738461518 ], [ -99.318958676923046, 19.690343030769228 ], [ -99.318881969230759, 19.690385323076939 ], [ -99.318808353846123, 19.690437784615415 ], [ -99.318705015384566, 19.69050567692306 ], [ -99.318623753846111, 19.69057415384616 ], [ -99.318540830769166, 19.69058738461537 ], [ -99.318491846153847, 19.690663061538434 ], [ -99.318413553846113, 19.690687907692322 ], [ -99.318336815384569, 19.690714215384663 ], [ -99.318261630769214, 19.690756507692264 ], [ -99.318189569230711, 19.690814784615409 ], [ -99.318100599999966, 19.690873092307676 ], [ -99.318014676923028, 19.690922676923101 ], [ -99.317937953846126, 19.690954784615393 ], [ -99.317882769230749, 19.691015938461508 ], [ -99.317819938461511, 19.691087292307678 ], [ -99.317775538461532, 19.691154230769211 ], [ -99.317729599999964, 19.6912299076923 ], [ -99.317706153846146, 19.691327261538483 ], [ -99.31767563076923, 19.691421815384626 ], [ -99.317655846153826, 19.691520707692323 ], [ -99.317632953846115, 19.691594876923102 ], [ -99.317625369230754, 19.691639953846163 ], [ -99.317622476923034, 19.691734461538477 ], [ -99.317614984615346, 19.691826061538478 ], [ -99.317607523076916, 19.691938 ], [ -99.317612323076872, 19.692039292307669 ], [ -99.317641738461489, 19.692164261538487 ], [ -99.317654215384565, 19.692254369230781 ], [ -99.317620492307654, 19.6922878615385 ], [ -99.317615538461524, 19.692362123076908 ], [ -99.317676646153799, 19.692405923076908 ], [ -99.317726092307652, 19.6924832 ], [ -99.317781723076877, 19.69257172307691 ], [ -99.317845738461529, 19.692638738461543 ], [ -99.31790176923073, 19.692713123076924 ], [ -99.317966415384547, 19.692785692307716 ], [ -99.318011123076928, 19.692867015384603 ], [ -99.318045092307656, 19.692952738461553 ], [ -99.318086707692274, 19.693029707692297 ], [ -99.318140646153807, 19.693116830769249 ], [ -99.318194507692283, 19.693174892307709 ], [ -99.318280553846137, 19.693187815384604 ], [ -99.318332723076907, 19.693165923076901 ], [ -99.318369507692267, 19.693119338461567 ], [ -99.318372415384587, 19.693034246153818 ], [ -99.318364599999981, 19.69296447692307 ], [ -99.318310707692277, 19.692897707692314 ], [ -99.318261446153826, 19.692839646153828 ], [ -99.318202892307681, 19.692749615384624 ], [ -99.318185707692294, 19.692599907692315 ], [ -99.318234723076912, 19.692535861538484 ], [ -99.318303769230781, 19.692496492307679 ], [ -99.318394261538458, 19.692429461538449 ], [ -99.318483907692297, 19.692398492307703 ], [ -99.318580646153819, 19.692385246153858 ], [ -99.318680492307678, 19.692387969230769 ], [ -99.318769569230739, 19.692387815384631 ], [ -99.318866384615362, 19.692406538461547 ], [ -99.318960123076891, 19.692431092307697 ], [ -99.319063092307644, 19.692462892307688 ], [ -99.319146107692276, 19.692501984615397 ], [ -99.319241415384582, 19.692543984615401 ], [ -99.319327092307631, 19.692584584615364 ], [ -99.319399076923062, 19.692643892307654 ], [ -99.319474692307665, 19.692693846153844 ], [ -99.319548353846102, 19.692751292307694 ], [ -99.319623430769198, 19.69280806153844 ], [ -99.319702723076901, 19.692858353846159 ], [ -99.31977632307688, 19.692927507692268 ], [ -99.319852061538413, 19.69298246153847 ], [ -99.319934292307664, 19.693031846153854 ], [ -99.320003492307663, 19.693069523076925 ], [ -99.320101107692267, 19.693075753846163 ], [ -99.320169292307654, 19.693031430769253 ], [ -99.320267538461493, 19.693005092307668 ], [ -99.320377846153804, 19.693008276923081 ], [ -99.320472938461506, 19.693000769230796 ], [ -99.320568323076913, 19.69299876923079 ], [ -99.32066466153843, 19.692976769230761 ], [ -99.320757384615362, 19.692981261538467 ], [ -99.320856692307657, 19.692990969230774 ], [ -99.320951892307662, 19.692977707692318 ], [ -99.321042046153806, 19.692962800000014 ], [ -99.321125446153815, 19.692975953846172 ], [ -99.32122866153847, 19.692989153846142 ], [ -99.321325892307669, 19.693022646153853 ], [ -99.32140738461537, 19.693069030769259 ], [ -99.321488938461485, 19.69314156923075 ], [ -99.321516723076869, 19.6932142 ], [ -99.321574092307657, 19.693284861538505 ], [ -99.321638415384555, 19.693386969230783 ], [ -99.321611353846095, 19.69346210769227 ], [ -99.321641799999966, 19.693545430769227 ], [ -99.3216512, 19.693639892307697 ], [ -99.32166623076921, 19.693727200000019 ], [ -99.321694707692288, 19.693813446153882 ], [ -99.321747199999976, 19.693912846153857 ], [ -99.321768938461503, 19.69403346153846 ], [ -99.321750646153831, 19.694098907692307 ], [ -99.321746153846121, 19.694159984615439 ], [ -99.321759215384574, 19.694269969230739 ], [ -99.321772384615358, 19.69435480000001 ], [ -99.321797199999949, 19.694421184615422 ], [ -99.321831169230748, 19.694513353846151 ], [ -99.321836584615369, 19.694619123076933 ], [ -99.321842030769204, 19.694744569230721 ], [ -99.321866830769238, 19.694796184615409 ], [ -99.321933061538417, 19.694777615384599 ], [ -99.321986276923013, 19.694743076923046 ], [ -99.321995199999975, 19.694656969230746 ], [ -99.321985892307666, 19.694549984615374 ], [ -99.322026015384566, 19.694474876923099 ], [ -99.322146061538461, 19.694431692307646 ], [ -99.322166307692285, 19.694372615384619 ], [ -99.322256692307661, 19.694343630769229 ], [ -99.322371076923062, 19.694309615384579 ], [ -99.322454507692257, 19.694287415384618 ], [ -99.322592323076933, 19.694287169230794 ], [ -99.322681723076897, 19.694336615384607 ], [ -99.322716815384567, 19.6944082 ], [ -99.322798369230753, 19.694420923076958 ], [ -99.322906323076865, 19.694422123076894 ], [ -99.323001723076914, 19.694422769230794 ], [ -99.323097138461478, 19.694422615384632 ], [ -99.323192461538454, 19.6944266 ], [ -99.323287599999958, 19.694433569230707 ], [ -99.32338284615382, 19.694438769230779 ], [ -99.323554738461496, 19.694454538461564 ], [ -99.323616676923066, 19.694494092307711 ], [ -99.323637492307668, 19.694558261538461 ], [ -99.323655738461525, 19.694653369230782 ], [ -99.323658384615371, 19.694732523076897 ], [ -99.323671876923029, 19.694803061538487 ], [ -99.323708984615365, 19.694904846153889 ], [ -99.323745307692263, 19.694963184615389 ], [ -99.323826861538436, 19.695064815384608 ], [ -99.323885107692277, 19.695136384615413 ], [ -99.323940569230757, 19.695177938461558 ], [ -99.324011430769204, 19.695271753846189 ], [ -99.324083338461506, 19.695331138461537 ], [ -99.324151261538447, 19.695375876923077 ], [ -99.324251184615335, 19.695403523076916 ], [ -99.324377353846131, 19.695395969230773 ], [ -99.324447738461529, 19.695370215384557 ], [ -99.324541338461515, 19.695327892307692 ], [ -99.32462096923075, 19.695278123076942 ], [ -99.324711969230719, 19.695221907692297 ], [ -99.324772230769227, 19.6951676 ], [ -99.324840261538441, 19.695091784615347 ], [ -99.324895107692285, 19.695028707692327 ], [ -99.324939907692269, 19.694944861538477 ], [ -99.324966, 19.694855415384605 ], [ -99.324999907692259, 19.694767215384616 ], [ -99.324994307692279, 19.694685615384607 ], [ -99.324923584615348, 19.694610138461563 ], [ -99.324850723076878, 19.694551799999982 ], [ -99.324770784615339, 19.694490815384629 ], [ -99.324707184615406, 19.694431615384612 ], [ -99.324644338461553, 19.694362169230811 ], [ -99.324617876923043, 19.694288984615387 ], [ -99.324594969230702, 19.694201492307698 ], [ -99.324606569230724, 19.694111784615412 ], [ -99.324612953846113, 19.694021615384631 ], [ -99.324664230769201, 19.693945415384619 ], [ -99.324747907692284, 19.693902 ], [ -99.324833092307685, 19.693861276923077 ], [ -99.324923246153801, 19.69383167692305 ], [ -99.325009030769209, 19.693792107692321 ], [ -99.325093707692261, 19.693735261538443 ], [ -99.325173492307684, 19.693714338461522 ], [ -99.3252393076923, 19.69369533846152 ], [ -99.325285215384596, 19.693700923076957 ], [ -99.325333261538447, 19.693768830769219 ], [ -99.325369384615371, 19.693868876923034 ], [ -99.325365723076899, 19.69394895384616 ], [ -99.325401415384619, 19.694032753846159 ], [ -99.325432384615382, 19.694118230769217 ], [ -99.325471415384555, 19.694200692307707 ], [ -99.325495953846143, 19.694280876923074 ], [ -99.325553907692253, 19.694320446153814 ], [ -99.32563053846151, 19.694263323076932 ], [ -99.325693169230746, 19.694195153846138 ], [ -99.325751384615359, 19.694123553846133 ], [ -99.325804661538427, 19.694048584615398 ], [ -99.3258862615384, 19.694001753846155 ], [ -99.325978953846089, 19.693980292307671 ], [ -99.326072399999987, 19.693962061538421 ], [ -99.326164292307681, 19.693937723076917 ], [ -99.326243261538409, 19.693887015384664 ], [ -99.326308323076873, 19.693863015384601 ], [ -99.326373969230744, 19.693759015384625 ], [ -99.326399769230747, 19.693689076923082 ], [ -99.326347753846107, 19.693619292307666 ], [ -99.326345599999968, 19.693547523076909 ], [ -99.326385415384593, 19.693492676923054 ], [ -99.326477138461513, 19.693454723076918 ], [ -99.326548938461499, 19.6934376 ], [ -99.32656083076921, 19.693396030769218 ], [ -99.326664815384561, 19.693334553846196 ], [ -99.326796507692293, 19.693326769230772 ], [ -99.32687838461537, 19.693354938461574 ], [ -99.326914415384621, 19.69340776923071 ], [ -99.326972261538458, 19.693394430769235 ], [ -99.327058153846124, 19.693430169230766 ], [ -99.327080261538427, 19.693507569230768 ], [ -99.327039107692286, 19.693562846153853 ], [ -99.32712033846154, 19.693610246153828 ], [ -99.327194630769199, 19.693619246153855 ], [ -99.327254584615346, 19.693662569230767 ], [ -99.327360461538447, 19.693715261538468 ], [ -99.327452369230755, 19.693766092307673 ], [ -99.327522215384576, 19.693769738461505 ], [ -99.327586138461498, 19.693797953846154 ], [ -99.327655969230747, 19.693794061538508 ], [ -99.327723676923057, 19.693716492307715 ], [ -99.32772746153843, 19.693620153846194 ], [ -99.327802, 19.693604015384633 ], [ -99.327849276923061, 19.693657707692275 ], [ -99.327840938461492, 19.693758784615426 ], [ -99.327799276923045, 19.693840076923053 ], [ -99.327738046153826, 19.693918569230746 ], [ -99.327654323076885, 19.69396404615382 ], [ -99.327550584615338, 19.693981230769225 ], [ -99.327442815384615, 19.693975769230761 ], [ -99.327363738461514, 19.693916692307734 ], [ -99.327279292307665, 19.693874646153844 ], [ -99.32720095384613, 19.693823046153888 ], [ -99.32710910769228, 19.693759169230731 ], [ -99.327047107692309, 19.693696953846167 ], [ -99.327004492307665, 19.693626430769282 ], [ -99.3269156, 19.693593600000014 ], [ -99.326808646153822, 19.693575015384557 ], [ -99.326722830769185, 19.693573276923072 ], [ -99.326657015384569, 19.693588507692269 ], [ -99.326573276923042, 19.693632107692341 ], [ -99.326488030769198, 19.693666876923082 ], [ -99.326473723076901, 19.693743723076935 ], [ -99.326447984615356, 19.693840092307681 ], [ -99.326410276923028, 19.693944046153891 ], [ -99.326289615384567, 19.69398290769233 ], [ -99.326183953846112, 19.694035984615372 ], [ -99.326086230769207, 19.694066369230761 ], [ -99.326024430769166, 19.694098600000032 ], [ -99.325938707692288, 19.694138415384622 ], [ -99.325862938461512, 19.694176338461482 ], [ -99.325819184615327, 19.69424441538456 ], [ -99.325769430769171, 19.694314384615392 ], [ -99.325707707692288, 19.69438815384618 ], [ -99.325633984615337, 19.694439292307635 ], [ -99.325556184615323, 19.694454538461493 ], [ -99.325498199999956, 19.694399876923072 ], [ -99.325428892307642, 19.694331830769251 ], [ -99.325359953846132, 19.694269353846142 ], [ -99.325326138461506, 19.694184861538428 ], [ -99.3252940461538, 19.694103707692317 ], [ -99.325257969230705, 19.694028215384574 ], [ -99.325200261538427, 19.693902876923076 ], [ -99.325117399999954, 19.693899815384633 ], [ -99.325090969230743, 19.693929430769273 ], [ -99.324939492307664, 19.693929061538455 ], [ -99.324849953846154, 19.693987046153808 ], [ -99.324889030769214, 19.694034984615392 ], [ -99.324765446153819, 19.694112215384596 ], [ -99.324717507692299, 19.694184446153844 ], [ -99.32471458461535, 19.694271599999976 ], [ -99.324794523076903, 19.694367153846159 ], [ -99.32487363076919, 19.694437907692336 ], [ -99.324946061538441, 19.694488553846124 ], [ -99.325014169230727, 19.694553046153818 ], [ -99.325077, 19.694615169230744 ], [ -99.325115646153819, 19.694702769230759 ], [ -99.325111446153826, 19.694802153846208 ], [ -99.325074107692288, 19.694891723076907 ], [ -99.325045892307628, 19.69498515384614 ], [ -99.325002784615364, 19.695072446153862 ], [ -99.324963323076901, 19.695110876923124 ], [ -99.324867553846133, 19.695220246153877 ], [ -99.324806476923087, 19.695276061538454 ], [ -99.324733199999955, 19.695333953846134 ], [ -99.324661276923052, 19.695394415384619 ], [ -99.324574046153785, 19.695431492307705 ], [ -99.324488984615328, 19.69547632307691 ], [ -99.324402353846097, 19.695516753846135 ], [ -99.324338261538443, 19.695538538461548 ], [ -99.324247076923029, 19.695523923076887 ], [ -99.324171692307658, 19.695514400000018 ], [ -99.324044353846119, 19.695434430769225 ], [ -99.323929184615338, 19.695370307692279 ], [ -99.323832476923045, 19.695299938461584 ], [ -99.323775846153822, 19.695243584615376 ], [ -99.323721230769209, 19.695198969230812 ], [ -99.323648276923024, 19.695123784615383 ], [ -99.323602630769173, 19.695065938461507 ], [ -99.32356030769229, 19.694986169230795 ], [ -99.323537030769188, 19.694895384615371 ], [ -99.32350232307688, 19.694812276923084 ], [ -99.323473723076887, 19.694720538461535 ], [ -99.323428830769231, 19.694647846153835 ], [ -99.32335575384613, 19.694615292307663 ], [ -99.323259769230759, 19.694647723076919 ], [ -99.323158030769193, 19.694666784615379 ], [ -99.323070246153819, 19.694678276923081 ], [ -99.322973338461523, 19.694699630769204 ], [ -99.322999615384575, 19.694778692307676 ], [ -99.32296919999996, 19.694842707692327 ], [ -99.322923599999982, 19.694939753846135 ], [ -99.322864830769177, 19.695005892307666 ], [ -99.322538630769202, 19.694965230769235 ], [ -99.322487215384598, 19.694727415384655 ], [ -99.322411123076904, 19.694700492307732 ], [ -99.322308538461485, 19.69470653846156 ], [ -99.322208707692297, 19.694708169230758 ], [ -99.322190353846153, 19.694772230769267 ], [ -99.322207353846096, 19.694827553846149 ], [ -99.322299538461493, 19.694838307692272 ], [ -99.322388461538452, 19.694836430769243 ], [ -99.322392246153825, 19.694911107692302 ], [ -99.322390569230762, 19.694979784615342 ], [ -99.322406676923052, 19.695087030769219 ], [ -99.32243536923076, 19.695223107692325 ], [ -99.322460323076882, 19.695266753846187 ], [ -99.322545153846136, 19.695337553846176 ], [ -99.32254535384611, 19.695427923076892 ], [ -99.322492907692279, 19.695503415384643 ], [ -99.322334799999965, 19.695519076923063 ], [ -99.322180107692276, 19.695559953846175 ], [ -99.322088076923038, 19.6956076923077 ], [ -99.321984523076878, 19.695600630769238 ], [ -99.321869461538441, 19.695597200000019 ], [ -99.321765784615337, 19.695532046153819 ], [ -99.321704292307686, 19.695463200000034 ], [ -99.321689799999973, 19.695396953846171 ], [ -99.321626123076896, 19.695329646153823 ], [ -99.321552676923048, 19.695271969230813 ], [ -99.321474107692296, 19.695220676923057 ], [ -99.321385615384571, 19.695186892307685 ], [ -99.321295769230716, 19.695156476923099 ], [ -99.321207938461512, 19.695121199999988 ], [ -99.321124953846095, 19.695076584615389 ], [ -99.321043492307652, 19.695029538461526 ], [ -99.320993784615368, 19.694956307692276 ], [ -99.320924615384612, 19.694887461538457 ], [ -99.32090627692304, 19.694813430769251 ], [ -99.32092912307688, 19.694725692307692 ], [ -99.320970692307668, 19.694644353846137 ], [ -99.321022661538422, 19.694584030769192 ], [ -99.321085415384601, 19.694475 ], [ -99.321111323076892, 19.694405076923083 ], [ -99.321052538461501, 19.694322969230736 ], [ -99.320991615384557, 19.694263476923059 ], [ -99.320904661538449, 19.6942102 ], [ -99.320832907692278, 19.694163061538422 ], [ -99.320743815384603, 19.694130338461534 ], [ -99.320656938461511, 19.694124323076913 ], [ -99.320572246153802, 19.694118307692303 ], [ -99.320522292307658, 19.694112230769228 ], [ -99.320485507692283, 19.694178061538469 ], [ -99.320413861538441, 19.694182307692305 ], [ -99.320309569230758, 19.694151661538434 ], [ -99.320250938461527, 19.694151769230814 ], [ -99.320248876923046, 19.694209323076883 ], [ -99.320161661538407, 19.694272769230768 ], [ -99.320140538461487, 19.694322538461556 ], [ -99.320062384615383, 19.694335015384642 ], [ -99.319999415384601, 19.694337184615378 ], [ -99.319958199999988, 19.694353692307661 ], [ -99.319958323076889, 19.694413292307647 ], [ -99.319971692307675, 19.694500215384597 ], [ -99.319934523076881, 19.694456492307676 ], [ -99.319873599999966, 19.694397 ], [ -99.319871353846139, 19.694355907692284 ], [ -99.319866399999981, 19.69429178461537 ], [ -99.319814199999939, 19.694252830769244 ], [ -99.319740276923085, 19.694201584615374 ], [ -99.319688092307672, 19.6941688 ], [ -99.319644569230761, 19.694123661538448 ], [ -99.319575246153846, 19.694097461538458 ], [ -99.319482830769203, 19.694074984615384 ], [ -99.319393646153813, 19.694093307692274 ], [ -99.319295969230737, 19.694111984615361 ], [ -99.319215707692251, 19.694153230769263 ], [ -99.319172384615356, 19.69421084615383 ], [ -99.319098646153805, 19.694254138461524 ], [ -99.319042169230755, 19.694243969230776 ], [ -99.318964123076881, 19.694309861538517 ], [ -99.318914199999952, 19.694320230769225 ], [ -99.318881692307627, 19.694351123076896 ], [ -99.318875461538425, 19.69441616923077 ], [ -99.318855861538452, 19.694462138461532 ], [ -99.318814707692312, 19.694519753846173 ], [ -99.318782153846144, 19.694528046153856 ], [ -99.31877, 19.694441615384598 ], [ -99.318762569230728, 19.69438875384612 ], [ -99.318671092307653, 19.694365876923097 ], [ -99.318586369230715, 19.694345476923047 ], [ -99.318460369230749, 19.694314876923077 ], [ -99.318356046153838, 19.694269846153865 ], [ -99.318295184615337, 19.694241184615418 ], [ -99.318221323076912, 19.694218707692311 ], [ -99.318158338461529, 19.694216753846135 ], [ -99.318101830769223, 19.694186030769199 ], [ -99.318017092307642, 19.694163569230792 ], [ -99.317933538461531, 19.694113461538475 ], [ -99.317870907692281, 19.694075892307719 ], [ -99.317778599999954, 19.69404401538463 ], [ -99.317700446153822, 19.693995553846154 ], [ -99.317626584615368, 19.693938353846175 ], [ -99.317564938461501, 19.693869369230754 ], [ -99.317491538461496, 19.693824615384596 ], [ -99.317421876923049, 19.693738430769205 ], [ -99.317365384615357, 19.69367986153846 ], [ -99.317284861538411, 19.693627692307711 ], [ -99.317226538461512, 19.693555907692314 ], [ -99.317145430769202, 19.693508323076969 ], [ -99.317066015384597, 19.693458230769238 ], [ -99.316980446153849, 19.693418600000019 ], [ -99.316887046153809, 19.693402323076953 ], [ -99.316791461538429, 19.693381938461517 ], [ -99.316698092307661, 19.693384153846132 ], [ -99.316606892307647, 19.693378153846169 ], [ -99.316504799999962, 19.693361892307667 ], [ -99.316424461538418, 19.693368200000027 ], [ -99.31633547692303, 19.693382738461516 ], [ -99.316242107692261, 19.693391123076911 ], [ -99.31613855384613, 19.693387030769241 ], [ -99.316049553846128, 19.693403615384579 ], [ -99.315945707692265, 19.693380184615421 ], [ -99.315850292307644, 19.693380661538505 ], [ -99.315754876923052, 19.693380830769243 ], [ -99.315673923076901, 19.693414553846182 ], [ -99.315567569230737, 19.693437353846171 ], [ -99.315474676923017, 19.693433538461555 ], [ -99.315382138461516, 19.693455584615382 ], [ -99.315291953846113, 19.693513876923106 ], [ -99.31518996923073, 19.693555153846184 ], [ -99.315172738461513, 19.69362506153848 ], [ -99.31511839999996, 19.693594338461544 ], [ -99.31503153846154, 19.693592430769225 ], [ -99.314990338461513, 19.693625384615366 ], [ -99.314925092307675, 19.693567953846149 ], [ -99.314818646153796, 19.693549646153837 ], [ -99.314727430769182, 19.693539538461572 ], [ -99.314642692307658, 19.693515015384602 ], [ -99.314541569230727, 19.693511076923116 ], [ -99.314450384615355, 19.693519461538468 ], [ -99.314359261538456, 19.693560723076946 ], [ -99.314252938461479, 19.693595846153876 ], [ -99.314118430769199, 19.693657738461546 ], [ -99.314012107692292, 19.693696969230757 ], [ -99.313879738461523, 19.693740353846167 ], [ -99.313766892307697, 19.693777553846136 ], [ -99.313671415384576, 19.693808538461521 ], [ -99.313571553846117, 19.693823107692282 ], [ -99.313493430769242, 19.693845846153838 ], [ -99.313391415384586, 19.693870692307694 ], [ -99.313306769230735, 19.693891384615423 ], [ -99.313213446153839, 19.693914153846141 ], [ -99.313128815384601, 19.693941015384603 ], [ -99.313049061538422, 19.693950815384611 ], [ -99.312949276923078, 19.693998261538489 ], [ -99.312858153846108, 19.694035415384633 ], [ -99.312769184615334, 19.694066399999969 ], [ -99.31268673846148, 19.694105584615386 ], [ -99.312615169230725, 19.694148876923048 ], [ -99.312530076923053, 19.694186215384601 ], [ -99.312474199999954, 19.694237492307685 ], [ -99.312424384615383, 19.694305400000033 ], [ -99.312385476923055, 19.69439793846151 ], [ -99.312359584615351, 19.694484307692267 ], [ -99.312359784615339, 19.694580907692306 ], [ -99.312370784615354, 19.694656923076963 ], [ -99.31240261538457, 19.694731923076937 ], [ -99.312448615384568, 19.694811092307724 ], [ -99.312486307692311, 19.694884846153823 ], [ -99.312540753846108, 19.694962846153839 ], [ -99.312584338461505, 19.695042923076965 ], [ -99.312621830769189, 19.695132646153855 ], [ -99.312657969230756, 19.695212815384611 ], [ -99.312703307692274, 19.695292323076924 ], [ -99.312751215384608, 19.695370476923063 ], [ -99.312790338461511, 19.695452892307728 ], [ -99.312841907692288, 19.695526846153825 ], [ -99.312846430769241, 19.695613153846153 ], [ -99.312803184615348, 19.695709830769257 ], [ -99.312753907692269, 19.695796 ], [ -99.312747876923055, 19.695886184615389 ], [ -99.312771123076914, 19.695970892307702 ], [ -99.312687815384606, 19.696056061538474 ], [ -99.312657492307665, 19.696141753846128 ], [ -99.31263826153841, 19.696230261538492 ], [ -99.312601307692276, 19.696313584615357 ], [ -99.312561246153862, 19.69640103076927 ], [ -99.312544353846135, 19.696486092307712 ], [ -99.312542030769194, 19.69657575384613 ], [ -99.312548707692287, 19.696655892307671 ], [ -99.312585769230722, 19.696731861538463 ], [ -99.312618461538406, 19.696791415384631 ], [ -99.312672861538445, 19.696852969230736 ], [ -99.312770230769175, 19.6969264 ], [ -99.312829384615355, 19.696945184615373 ], [ -99.312846953846119, 19.697045846153884 ], [ -99.312890753846105, 19.697146476923084 ], [ -99.312939861538453, 19.697223953846162 ], [ -99.313013953846138, 19.697280892307678 ], [ -99.31309819999997, 19.69732332307694 ], [ -99.313166646153803, 19.69734613846154 ], [ -99.313166784615376, 19.697416015384601 ], [ -99.313077815384574, 19.697453169230776 ], [ -99.312977984615372, 19.697482107692302 ], [ -99.312854246153833, 19.697494661538457 ], [ -99.312741338461493, 19.697498969230768 ], [ -99.312634876923028, 19.697472430769253 ], [ -99.312517615384564, 19.697472630769255 ], [ -99.312467646153848, 19.697456276923088 ], [ -99.312378599999974, 19.697450276923092 ], [ -99.31224195384614, 19.697376015384656 ], [ -99.312139615384567, 19.697386969230767 ], [ -99.312041907692276, 19.697393307692334 ], [ -99.311960599999949, 19.697381261538457 ], [ -99.311865784615378, 19.697371169230763 ], [ -99.311771723076916, 19.697386400000017 ], [ -99.311679723076892, 19.697410307692298 ], [ -99.31158458461536, 19.697417338461531 ], [ -99.31149090769226, 19.697400200000022 ], [ -99.311397092307658, 19.697383738461518 ], [ -99.31130347692303, 19.697366261538473 ], [ -99.311208892307661, 19.697354307692322 ], [ -99.311119415384553, 19.697322923076932 ], [ -99.311032369230759, 19.697285907692351 ], [ -99.310937769230733, 19.697274138461545 ], [ -99.310847030769196, 19.697302061538455 ], [ -99.310850661538467, 19.697393461538457 ], [ -99.310874723076878, 19.697481784615412 ], [ -99.310909584615359, 19.697547492307681 ], [ -99.310948846153835, 19.697633738461555 ], [ -99.310998953846124, 19.697719969230789 ], [ -99.311033876923062, 19.69781240000005 ], [ -99.311062230769195, 19.697878107692311 ], [ -99.3111058, 19.697938646153901 ], [ -99.311155938461496, 19.698039261538504 ], [ -99.311190846153821, 19.698125523076946 ], [ -99.311254461538439, 19.698196076923072 ], [ -99.311280707692305, 19.698298784615339 ], [ -99.311304707692273, 19.698352184615366 ], [ -99.311343969230748, 19.698442538461499 ], [ -99.311376769230733, 19.698559630769232 ], [ -99.311395184615364, 19.698625738461534 ], [ -99.311488076923041, 19.69864638461539 ], [ -99.311580338461511, 19.698669430769215 ], [ -99.311669092307682, 19.698702630769205 ], [ -99.311741107692271, 19.698761907692308 ], [ -99.311694630769182, 19.698840830769171 ], [ -99.311752061538414, 19.698912984615394 ], [ -99.311833599999943, 19.698925276923077 ], [ -99.311922199999984, 19.698964261538421 ], [ -99.311966107692257, 19.699044492307678 ], [ -99.312048092307649, 19.699090723076917 ], [ -99.31212675384613, 19.699141876923051 ], [ -99.312207092307659, 19.699190630769273 ], [ -99.312290815384614, 19.699235523076908 ], [ -99.312356507692272, 19.699301769230761 ], [ -99.312442753846156, 19.699340430769265 ], [ -99.312532092307663, 19.699356353846163 ], [ -99.31259509230766, 19.699370630769231 ], [ -99.312614707692262, 19.699407584615393 ], [ -99.312660338461512, 19.699423953846129 ], [ -99.312721230769185, 19.699467 ], [ -99.312812538461486, 19.699526446153815 ], [ -99.31268444615381, 19.699539 ], [ -99.312630138461529, 19.699528815384628 ], [ -99.312541230769213, 19.699590630769215 ], [ -99.312497984615334, 19.699685246153845 ], [ -99.31242410769228, 19.699660707692271 ], [ -99.31238292307691, 19.69971716923078 ], [ -99.312368138461494, 19.699835646153872 ], [ -99.312344215384584, 19.699910430769251 ], [ -99.312396430769212, 19.699957599999976 ], [ -99.312437861538427, 19.700052076923093 ], [ -99.312453738461514, 19.700153584615379 ], [ -99.312466446153806, 19.700234938461524 ], [ -99.312538307692293, 19.700333461538488 ], [ -99.312594953846144, 19.700436107692365 ], [ -99.312598892307648, 19.700569953846134 ], [ -99.312618076923059, 19.700658476923032 ], [ -99.312635861538439, 19.700747261538439 ], [ -99.312684753846128, 19.7008248615385 ], [ -99.31277798461538, 19.700844061538465 ], [ -99.312845723076933, 19.700907707692362 ], [ -99.312924292307642, 19.700958984615383 ], [ -99.313005630769183, 19.701006230769231 ], [ -99.31307618461534, 19.701067076923124 ], [ -99.313097830769195, 19.701155092307669 ], [ -99.313146615384582, 19.701211569230775 ], [ -99.313234476923057, 19.701343215384615 ], [ -99.313196138461507, 19.701409338461545 ], [ -99.313257153846109, 19.701457969230777 ], [ -99.313351615384576, 19.701523692307664 ], [ -99.313416892307657, 19.701595861538447 ], [ -99.313459753846104, 19.701689323076948 ], [ -99.313500307692266, 19.701748769230733 ], [ -99.313563276923063, 19.701789046153849 ], [ -99.3136152, 19.701922876923078 ], [ -99.313613169230734, 19.702028646153849 ], [ -99.313624538461497, 19.702100892307673 ], [ -99.313689599999975, 19.702064646153854 ], [ -99.313806430769205, 19.702077199999962 ], [ -99.313869461538431, 19.702147230769253 ], [ -99.313932492307657, 19.702219400000018 ], [ -99.314006415384569, 19.702269784615385 ], [ -99.31409887692304, 19.702247461538505 ], [ -99.314194292307661, 19.702246846153859 ], [ -99.314172984615368, 19.702304015384609 ], [ -99.314071984615325, 19.702344569230757 ], [ -99.313952984615383, 19.702361784615388 ], [ -99.313842876923033, 19.702340723076915 ], [ -99.313798061538421, 19.702393953846165 ], [ -99.313741953846105, 19.702415307692302 ], [ -99.313685923076903, 19.702481307692327 ], [ -99.313555753846117, 19.702532553846183 ], [ -99.313467553846124, 19.702579738461573 ], [ -99.313418923076895, 19.702630569230774 ], [ -99.313304476923065, 19.702686046153833 ], [ -99.313250692307648, 19.702745661538462 ], [ -99.313181076923073, 19.702758538461531 ], [ -99.313127092307653, 19.702716107692325 ], [ -99.313087107692269, 19.702819246153858 ], [ -99.313093661538417, 19.702919492307739 ], [ -99.313100630769199, 19.702999138461536 ], [ -99.313106846153829, 19.703089323076934 ], [ -99.313121076923068, 19.7031554 ], [ -99.313184923076903, 19.70325410769232 ], [ -99.313218015384606, 19.703333800000017 ], [ -99.31324738461538, 19.703425153846165 ], [ -99.313212553846128, 19.703588369230751 ], [ -99.31318678461534, 19.703450769230777 ], [ -99.313152615384595, 19.703343769230774 ], [ -99.313102246153832, 19.70326703076924 ], [ -99.313059199999969, 19.703186384615385 ], [ -99.313011753846112, 19.703107969230778 ], [ -99.312961215384632, 19.703012461538453 ], [ -99.312952076923068, 19.702929569230783 ], [ -99.312965538461526, 19.702841476923066 ], [ -99.312933815384611, 19.702782923076931 ], [ -99.312940461538432, 19.702662676923083 ], [ -99.312906476923061, 19.702581015384624 ], [ -99.312881615384583, 19.702506661538454 ], [ -99.312874661538444, 19.702396138461499 ], [ -99.312845353846129, 19.702338784615389 ], [ -99.312766630769204, 19.70228578461538 ], [ -99.312687953846122, 19.702247661538475 ], [ -99.312593461538455, 19.702169169230757 ], [ -99.312521476923052, 19.702118276923056 ], [ -99.312500523076878, 19.702085199999988 ], [ -99.31242863076919, 19.702078953846158 ], [ -99.312327476923031, 19.702038738461546 ], [ -99.312237492307673, 19.701966615384595 ], [ -99.312143046153835, 19.70190513846158 ], [ -99.312124953846123, 19.70184352307696 ], [ -99.31203504615381, 19.701811800000037 ], [ -99.311958646153798, 19.701794923076918 ], [ -99.311900107692267, 19.701727 ], [ -99.311819123076887, 19.701656984615344 ], [ -99.311738153846136, 19.701606107692314 ], [ -99.311632430769237, 19.701521261538456 ], [ -99.311562569230759, 19.701406584615363 ], [ -99.311523676923073, 19.701299369230782 ], [ -99.311458399999978, 19.701220830769245 ], [ -99.311422338461497, 19.701163492307678 ], [ -99.311359338461529, 19.701106215384627 ], [ -99.311260415384581, 19.701055369230765 ], [ -99.31117315384617, 19.700966876923083 ], [ -99.31110906153846, 19.700918953846109 ], [ -99.311033907692291, 19.700858523076878 ], [ -99.310967599999984, 19.700806415384637 ], [ -99.310899046153821, 19.700733430769183 ], [ -99.310821676923055, 19.700664646153843 ], [ -99.310764230769195, 19.700631323076937 ], [ -99.3106869076923, 19.700589676923105 ], [ -99.310618430769196, 19.700554292307697 ], [ -99.310521307692298, 19.700546107692354 ], [ -99.31051013846151, 19.7004772 ], [ -99.310498784615376, 19.7003080461538 ], [ -99.3104346, 19.700216246153865 ], [ -99.310374938461493, 19.700176676923043 ], [ -99.310297569230769, 19.700109969230777 ], [ -99.310231261538419, 19.700055784615408 ], [ -99.310164261538446, 19.699993876923084 ], [ -99.310100123076893, 19.699927153846183 ], [ -99.310041415384603, 19.699847815384594 ], [ -99.309963076923069, 19.69981252307695 ], [ -99.309893092307647, 19.699734107692297 ], [ -99.309828276923056, 19.699667784615386 ], [ -99.30974772307691, 19.699619353846099 ], [ -99.309716753846118, 19.699533876923084 ], [ -99.309707092307661, 19.699443984615378 ], [ -99.309642846153821, 19.699377153846161 ], [ -99.30956758461538, 19.69932161538463 ], [ -99.309504092307677, 19.699254153846166 ], [ -99.309454861538413, 19.69917675384616 ], [ -99.309454369230735, 19.699086384615391 ], [ -99.30944816923072, 19.698996200000032 ], [ -99.309442307692251, 19.698906 ], [ -99.309417846153821, 19.698818661538478 ], [ -99.309380492307668, 19.698735492307662 ], [ -99.309344815384605, 19.698651692307738 ], [ -99.309297815384596, 19.698573030769229 ], [ -99.309257, 19.698491353846176 ], [ -99.309202846153838, 19.698416953846163 ], [ -99.309152276923044, 19.698340323076899 ], [ -99.30913990769227, 19.698250707692306 ], [ -99.309066307692277, 19.698193200000038 ], [ -99.309006799999977, 19.698122569230772 ], [ -99.308956123076925, 19.698046 ], [ -99.308890584615355, 19.697980307692337 ], [ -99.308822046153821, 19.697917446153816 ], [ -99.308757430769219, 19.697850969230796 ], [ -99.308692523076914, 19.697784723076921 ], [ -99.308633292307647, 19.697713876923057 ], [ -99.308587076923047, 19.697634815384617 ], [ -99.308541584615369, 19.697555384615342 ], [ -99.308480523076923, 19.697485923076883 ], [ -99.308432692307662, 19.697407738461539 ], [ -99.308378523076883, 19.697333338461583 ], [ -99.30833904615379, 19.697251076923092 ], [ -99.308294384615351, 19.697171215384611 ], [ -99.308227892307642, 19.697106400000028 ], [ -99.308136092307663, 19.697081738461481 ], [ -99.308051261538438, 19.697040369230766 ], [ -99.307960230769169, 19.697013292307691 ], [ -99.307871846153816, 19.696979276923123 ], [ -99.307781369230739, 19.696950553846143 ], [ -99.307693169230774, 19.696916092307671 ], [ -99.307601907692302, 19.696889707692353 ], [ -99.307508938461481, 19.6968694 ], [ -99.30741761538458, 19.696843230769229 ], [ -99.307329215384584, 19.69680920000004 ], [ -99.307243615384564, 19.696769276923046 ], [ -99.307168169230764, 19.696713969230771 ], [ -99.307085815384553, 19.696668323076896 ], [ -99.306993753846157, 19.696644553846156 ], [ -99.306899446153821, 19.696630830769216 ], [ -99.306804030769229, 19.696630861538438 ], [ -99.306708876923082, 19.696637461538483 ], [ -99.306613461538433, 19.696637984615368 ], [ -99.306518292307672, 19.696631507692324 ], [ -99.306422876923065, 19.696631523076963 ], [ -99.306327692307676, 19.696625292307683 ], [ -99.306234799999984, 19.69660466153848 ], [ -99.306140323076875, 19.696592015384613 ], [ -99.306044907692282, 19.696591292307748 ], [ -99.305949492307661, 19.696591353846159 ], [ -99.305854984615365, 19.696603753846144 ], [ -99.305760846153817, 19.69661846153851 ], [ -99.305666569230766, 19.696632369230748 ], [ -99.305573584615388, 19.696652630769215 ], [ -99.30547933846151, 19.696666753846163 ], [ -99.305391015384586, 19.696700938461554 ], [ -99.305301215384588, 19.696731507692306 ], [ -99.30521156923075, 19.696762430769237 ], [ -99.305126138461517, 19.696802692307639 ], [ -99.305033415384599, 19.696823969230774 ], [ -99.304939184615364, 19.696838215384663 ], [ -99.304846184615371, 19.696858384615389 ], [ -99.304753246153808, 19.696878815384647 ], [ -99.304657830769202, 19.696880246153864 ], [ -99.304648584615379, 19.696819215384625 ], [ -99.304147492307678, 19.693513492307723 ] ] ] ] } },
{ "type": "Feature", "properties": { "IDBD": 175974, "FC": 6291, "CONDICION": "CUERPO DE AGUA INTERMITENTE" }, "geometry": { "type": "MultiPolygon", "coordinates": [ [ [ [ -99.227730292307669, 19.695279784615394 ], [ -99.227553369230762, 19.695309646153806 ], [ -99.227417692307654, 19.695266476923067 ], [ -99.227288292307648, 19.695208569230783 ], [ -99.227186753846112, 19.695113030769239 ], [ -99.227124430769194, 19.694991015384623 ], [ -99.227088953846149, 19.694859692307698 ], [ -99.227081923076909, 19.694724292307676 ], [ -99.227105661538459, 19.694590615384605 ], [ -99.227120861538438, 19.694455830769229 ], [ -99.227121784615377, 19.694320276923104 ], [ -99.227133276923041, 19.694185169230757 ], [ -99.227144953846135, 19.694050061538427 ], [ -99.227160707692278, 19.693915323076929 ], [ -99.227162261538439, 19.693779784615387 ], [ -99.227162184615338, 19.693644230769245 ], [ -99.227162, 19.693508676923063 ], [ -99.227161815384605, 19.693373123076917 ], [ -99.22715095384612, 19.693237953846126 ], [ -99.227148107692244, 19.693102430769212 ], [ -99.227147569230723, 19.692966876923069 ], [ -99.227182, 19.692835307692317 ], [ -99.22724081538459, 19.692711723076929 ], [ -99.227276169230763, 19.692580369230765 ], [ -99.227319399999985, 19.692451153846136 ], [ -99.227364292307669, 19.692322446153831 ], [ -99.227399153846122, 19.692190969230769 ], [ -99.227433784615343, 19.692059446153845 ], [ -99.227486723076893, 19.691933507692323 ], [ -99.227520692307692, 19.691801815384615 ], [ -99.227557938461487, 19.691670938461506 ], [ -99.227595199999953, 19.691540061538461 ], [ -99.227623707692302, 19.691407215384636 ], [ -99.227635984615375, 19.691272169230782 ], [ -99.227651015384609, 19.691137369230777 ], [ -99.227682323076891, 19.691005092307659 ], [ -99.227713338461498, 19.690872753846158 ], [ -99.227741799999947, 19.690739907692322 ], [ -99.227745676923064, 19.690604415384666 ], [ -99.227746830769206, 19.690468861538424 ], [ -99.227746646153804, 19.690333307692306 ], [ -99.227757830769193, 19.69019816923074 ], [ -99.227782861538444, 19.690064707692315 ], [ -99.227842246153841, 19.689941369230795 ], [ -99.227908953846111, 19.689821430769186 ], [ -99.22797784615382, 19.689702630769233 ], [ -99.228085492307656, 19.689613292307698 ], [ -99.228205015384589, 19.689538738461547 ], [ -99.228341292307704, 19.689497338461571 ], [ -99.228483830769193, 19.689485061538477 ], [ -99.228626923076888, 19.689482769230771 ], [ -99.22876947692302, 19.689470723076923 ], [ -99.228908153846149, 19.689504215384588 ], [ -99.229050338461491, 19.689519630769219 ], [ -99.229193138461525, 19.689528784615362 ], [ -99.229336184615349, 19.689533 ], [ -99.229479292307644, 19.68953303076924 ], [ -99.229622415384554, 19.68953296923079 ], [ -99.229765523076907, 19.689532815384656 ], [ -99.2299084307692, 19.68954033846158 ], [ -99.230051507692266, 19.689543369230755 ], [ -99.230194046153812, 19.689555492307658 ], [ -99.230336738461517, 19.689565984615381 ], [ -99.23047981538457, 19.689569307692327 ], [ -99.23062236923073, 19.689581215384603 ], [ -99.230764923076876, 19.689593261538484 ], [ -99.23090726153842, 19.689607415384625 ], [ -99.231048292307676, 19.689630476923071 ], [ -99.2311913384615, 19.689634476923118 ], [ -99.23133267692306, 19.689655846153851 ], [ -99.231474938461517, 19.6896706 ], [ -99.231617538461506, 19.689682138461556 ], [ -99.231757338461492, 19.689711153846144 ], [ -99.23187709230767, 19.68978538461538 ], [ -99.231958969230746, 19.689896553846172 ], [ -99.232014584615357, 19.690021461538436 ], [ -99.232057984615338, 19.690150630769214 ], [ -99.232071307692266, 19.6902856 ], [ -99.232075046153838, 19.690421107692284 ], [ -99.23208538461536, 19.69055630769234 ], [ -99.232103215384569, 19.6906908 ], [ -99.232171092307652, 19.690810138461575 ], [ -99.232195707692284, 19.690943676923048 ], [ -99.232199861538419, 19.691079169230786 ], [ -99.232214246153831, 19.691214046153856 ], [ -99.232192753846121, 19.691348061538459 ], [ -99.23217709230768, 19.6914828 ], [ -99.232199123076882, 19.691616738461533 ], [ -99.23218306153845, 19.691771307692321 ], [ -99.23215121538459, 19.691807384615387 ], [ -99.232119369230759, 19.691843461538486 ], [ -99.231993276923035, 19.6919076 ], [ -99.231853876923083, 19.691938307692318 ], [ -99.231711738461541, 19.691922507692315 ], [ -99.231568676923033, 19.691926261538477 ], [ -99.231430292307678, 19.691960846153872 ], [ -99.231298184615369, 19.69201298461541 ], [ -99.231172353846134, 19.69207758461539 ], [ -99.231094, 19.692191015384616 ], [ -99.23105406153843, 19.692321184615345 ], [ -99.231025353846107, 19.692453984615369 ], [ -99.230977292307671, 19.692581661538469 ], [ -99.230890446153808, 19.692689415384578 ], [ -99.230783415384607, 19.692779400000017 ], [ -99.230651446153786, 19.69283186153849 ], [ -99.2305474, 19.692924938461509 ], [ -99.23042864615384, 19.693000584615358 ], [ -99.230290384615387, 19.693035584615419 ], [ -99.230151692307672, 19.693069061538484 ], [ -99.230043846153833, 19.693158184615353 ], [ -99.229968076923029, 19.693273184615428 ], [ -99.229907538461504, 19.693396015384632 ], [ -99.229808861538444, 19.693494184615403 ], [ -99.229721384615388, 19.693601476923099 ], [ -99.229633630769172, 19.693708569230786 ], [ -99.22952878461534, 19.693800830769234 ], [ -99.22942735384612, 19.693896476923086 ], [ -99.229314799999969, 19.693980199999984 ], [ -99.229198076923041, 19.694058630769202 ], [ -99.229086153846126, 19.694143123076898 ], [ -99.228978323076873, 19.694232261538478 ], [ -99.228872415384572, 19.694323430769224 ], [ -99.228758492307648, 19.694405492307688 ], [ -99.228644138461519, 19.694487 ], [ -99.228556738461492, 19.694594338461524 ], [ -99.22846343076921, 19.694697123076917 ], [ -99.228359169230743, 19.69479 ], [ -99.228247338461529, 19.694874584615356 ], [ -99.22813463076919, 19.694958138461509 ], [ -99.228035923076888, 19.695056292307711 ], [ -99.227934969230759, 19.695152369230748 ], [ -99.227827553846112, 19.695241953846118 ], [ -99.2277463384615, 19.695274230769204 ], [ -99.227730292307669, 19.695279784615394 ] ] ] ] } },
{ "type": "Feature", "properties": { "IDBD": 176040, "FC": 6291, "CONDICION": "CUERPO DE AGUA INTERMITENTE" }, "geometry": { "type": "MultiPolygon", "coordinates": [ [ [ [ -99.27304976923071, 19.68263193846154 ], [ -99.273087615384597, 19.68263443076928 ], [ -99.273139015384601, 19.682662507692292 ], [ -99.273172953846128, 19.682706676923079 ], [ -99.273204015384607, 19.682751953846129 ], [ -99.273204092307651, 19.682792861538505 ], [ -99.273169092307654, 19.682851784615373 ], [ -99.2731231384615, 19.682882523076916 ], [ -99.27306913846148, 19.682892861538459 ], [ -99.273009707692268, 19.6829006 ], [ -99.272961061538439, 19.68291603076927 ], [ -99.272910492307673, 19.682950953846159 ], [ -99.272874753846096, 19.682995492307708 ], [ -99.272855892307675, 19.683036446153867 ], [ -99.272847892307681, 19.683085076923099 ], [ -99.272853415384589, 19.683151553846145 ], [ -99.272862523076896, 19.683194169230788 ], [ -99.272853569230733, 19.683243676923087 ], [ -99.272837399999972, 19.683289723076903 ], [ -99.272810476923041, 19.683338384615421 ], [ -99.272756523076893, 19.683381938461562 ], [ -99.272697138461524, 19.683407646153828 ], [ -99.272618723076889, 19.683420569230769 ], [ -99.272567353846128, 19.683410384615385 ], [ -99.272499799999935, 19.683390030769242 ], [ -99.272448369230744, 19.683341492307697 ], [ -99.27241586153842, 19.683295523076918 ], [ -99.272391415384561, 19.683234138461533 ], [ -99.272388661538429, 19.683177861538447 ], [ -99.272399384615369, 19.683116415384657 ], [ -99.272439799999987, 19.683054984615399 ], [ -99.272512615384557, 19.682985800000033 ], [ -99.272647538461541, 19.682867892307694 ], [ -99.272787892307647, 19.682755138461523 ], [ -99.272966061538426, 19.682667876923105 ], [ -99.27304976923071, 19.68263193846154 ] ] ] ] } },
{ "type": "Feature", "properties": { "IDBD": 176079, "FC": 6291, "CONDICION": "CUERPO DE AGUA INTERMITENTE" }, "geometry": { "type": "MultiPolygon", "coordinates": [ [ [ [ -99.273312215384578, 19.678758138461539 ], [ -99.273216707692271, 19.678812569230789 ], [ -99.272230184615367, 19.678725246153856 ], [ -99.270944061538458, 19.678597753846166 ], [ -99.270950723076865, 19.678507615384596 ], [ -99.270960015384588, 19.678417661538454 ], [ -99.270974246153827, 19.678328307692343 ], [ -99.270978953846125, 19.678238046153822 ], [ -99.270996984615351, 19.678149307692308 ], [ -99.271008769230747, 19.678059630769255 ], [ -99.271020292307654, 19.677969923076937 ], [ -99.271031476923056, 19.6778801846154 ], [ -99.271029076923057, 19.677789846153875 ], [ -99.271039184615347, 19.677699984615405 ], [ -99.27104955384614, 19.677610153846157 ], [ -99.271063061538399, 19.677520692307681 ], [ -99.271096092307673, 19.677435907692317 ], [ -99.271158723076894, 19.677367738461541 ], [ -99.271233399999957, 19.67731150769232 ], [ -99.271321153846159, 19.677276030769221 ], [ -99.271416307692306, 19.677269461538433 ], [ -99.271511461538424, 19.67726306153844 ], [ -99.271605323076912, 19.67727923076923 ], [ -99.27169159999994, 19.6773178 ], [ -99.271764307692294, 19.677376307692295 ], [ -99.271820415384596, 19.677449400000025 ], [ -99.271882107692278, 19.67751833846156 ], [ -99.271950661538412, 19.677581184615356 ], [ -99.272029692307697, 19.677631815384611 ], [ -99.272105369230729, 19.677686830769233 ], [ -99.272183215384601, 19.677739076923093 ], [ -99.272262923076909, 19.677788738461576 ], [ -99.272343230769181, 19.677837523076942 ], [ -99.272430046153829, 19.677875015384593 ], [ -99.272518692307656, 19.677908399999975 ], [ -99.272610107692287, 19.67793426153845 ], [ -99.272703569230742, 19.677952384615356 ], [ -99.272796246153817, 19.677973830769229 ], [ -99.272889153846108, 19.677994384615371 ], [ -99.2729778, 19.678027815384606 ], [ -99.273066784615352, 19.67806038461541 ], [ -99.273139153846103, 19.678119261538409 ], [ -99.273174092307684, 19.678203353846143 ], [ -99.273198492307685, 19.67829072307692 ], [ -99.273215292307697, 19.678379676923043 ], [ -99.273226676923059, 19.6784694 ], [ -99.273252615384607, 19.678548046153875 ], [ -99.273273199999977, 19.67862326153849 ], [ -99.273302584615323, 19.678728876923127 ], [ -99.273312215384578, 19.678758138461539 ] ] ] ] } },
{ "type": "Feature", "properties": { "IDBD": 176113, "FC": 6291, "CONDICION": "CUERPO DE AGUA INTERMITENTE" }, "geometry": { "type": "MultiPolygon", "coordinates": [ [ [ [ -99.343277738461524, 19.674704015384638 ], [ -99.343220430769207, 19.674677015384624 ], [ -99.343191707692256, 19.674622846153806 ], [ -99.343229046153809, 19.674243230769235 ], [ -99.343496123076918, 19.674215599999975 ], [ -99.343658353846138, 19.674242399999951 ], [ -99.343868246153832, 19.674242 ], [ -99.344154384615379, 19.674214353846182 ], [ -99.344335553846093, 19.674168815384633 ], [ -99.34441190769229, 19.674186738461543 ], [ -99.34443112307693, 19.674249969230786 ], [ -99.344393138461498, 19.674331369230785 ], [ -99.344316969230732, 19.674403815384593 ], [ -99.344221661538384, 19.674449169230787 ], [ -99.344069046153848, 19.674458507692329 ], [ -99.343945, 19.674449707692325 ], [ -99.343801846153795, 19.674422876923124 ], [ -99.343715984615372, 19.674423030769198 ], [ -99.34363972307689, 19.674450292307661 ], [ -99.343601676923058, 19.674504584615391 ], [ -99.343563692307683, 19.674585984615387 ], [ -99.343487599999975, 19.674694584615366 ], [ -99.343363615384604, 19.67471289230766 ], [ -99.343277738461524, 19.674704015384638 ] ] ] ] } },
{ "type": "Feature", "properties": { "IDBD": 176125, "FC": 6291, "CONDICION": "CUERPO DE AGUA INTERMITENTE" }, "geometry": { "type": "MultiPolygon", "coordinates": [ [ [ [ -99.380870707692296, 19.672676292307717 ], [ -99.38088, 19.672567830769243 ], [ -99.380956123076928, 19.672486338461528 ], [ -99.381127815384573, 19.672476938461536 ], [ -99.381385353846113, 19.672458307692278 ], [ -99.38144243076917, 19.672385892307712 ], [ -99.381556769230741, 19.672331430769272 ], [ -99.381661707692274, 19.672331215384585 ], [ -99.381738076923085, 19.672349123076959 ], [ -99.381767015384568, 19.672484615384629 ], [ -99.381767553846117, 19.67271053846158 ], [ -99.38169155384611, 19.672846246153821 ], [ -99.381586738461507, 19.672900692307739 ], [ -99.381224292307692, 19.67292856923077 ], [ -99.381071646153814, 19.672928892307681 ], [ -99.380947384615354, 19.672829753846127 ], [ -99.380870707692296, 19.672676292307717 ] ] ] ] } },
{ "type": "Feature", "properties": { "IDBD": 176154, "FC": 6291, "CONDICION": "CUERPO DE AGUA INTERMITENTE" }, "geometry": { "type": "MultiPolygon", "coordinates": [ [ [ [ -99.37392090769228, 19.670666630769229 ], [ -99.373796723076893, 19.670594584615326 ], [ -99.373777430769209, 19.670504261538458 ], [ -99.373786876923063, 19.670459061538466 ], [ -99.373882123076882, 19.670395599999981 ], [ -99.374206292307662, 19.670313599999972 ], [ -99.374330307692276, 19.670313338461526 ], [ -99.374492646153811, 19.670385292307664 ], [ -99.374531046153805, 19.670484615384566 ], [ -99.374474046153821, 19.670593184615363 ], [ -99.374388507692274, 19.670728907692315 ], [ -99.374312276923064, 19.670765215384602 ], [ -99.374130969230762, 19.670747523076919 ], [ -99.37392090769228, 19.670666630769229 ] ] ] ] } },
{ "type": "Feature", "properties": { "IDBD": 176158, "FC": 6291, "CONDICION": "CUERPO DE AGUA INTERMITENTE" }, "geometry": { "type": "MultiPolygon", "coordinates": [ [ [ [ -99.363063030769226, 19.67002016923076 ], [ -99.363129523076893, 19.669893507692283 ], [ -99.363262984615375, 19.66984806153847 ], [ -99.363406015384555, 19.66982066153847 ], [ -99.363625446153819, 19.669829261538489 ], [ -99.363740030769208, 19.669874199999988 ], [ -99.363692538461535, 19.66996467692309 ], [ -99.363434938461538, 19.66995615384614 ], [ -99.363263353846122, 19.670010723076924 ], [ -99.363110846153816, 19.670074292307728 ], [ -99.363063030769226, 19.67002016923076 ] ] ] ] } },
{ "type": "Feature", "properties": { "IDBD": 176163, "FC": 6291, "CONDICION": "CUERPO DE AGUA INTERMITENTE" }, "geometry": { "type": "MultiPolygon", "coordinates": [ [ [ [ -99.378373538461503, 19.6696 ], [ -99.378239815384575, 19.669527984615399 ], [ -99.378143492307657, 19.669130553846145 ], [ -99.378152753846138, 19.669013061538429 ], [ -99.378161907692274, 19.668850384615382 ], [ -99.378218892307657, 19.668741815384635 ], [ -99.378380984615362, 19.668705323076875 ], [ -99.378609938461523, 19.668704846153833 ], [ -99.37884886153843, 19.668885076923075 ], [ -99.378858738461489, 19.669029646153859 ], [ -99.378849492307637, 19.669156184615375 ], [ -99.378706799999975, 19.669328184615388 ], [ -99.378659399999975, 19.669454799999983 ], [ -99.37859289230768, 19.669572415384636 ], [ -99.378516661538413, 19.669608723076916 ], [ -99.378373538461503, 19.6696 ] ] ] ] } },
{ "type": "Feature", "properties": { "IDBD": 176166, "FC": 6292, "CONDICION": "CUERPO DE AGUA PERENNE" }, "geometry": { "type": "MultiPolygon", "coordinates": [ [ [ [ -99.297111769230725, 19.667709507692301 ], [ -99.297106215384574, 19.667675599999971 ], [ -99.29710616923073, 19.667646923076909 ], [ -99.297111615384566, 19.667628646153808 ], [ -99.29731789230766, 19.667453584615398 ], [ -99.297499492307679, 19.667320230769217 ], [ -99.297565553846113, 19.667278415384597 ], [ -99.297609523076858, 19.667231400000031 ], [ -99.297733584615358, 19.667272892307672 ], [ -99.297862646153803, 19.667286830769257 ], [ -99.297876846153798, 19.667306569230735 ], [ -99.297849399999961, 19.667343123076932 ], [ -99.297805338461515, 19.667379707692294 ], [ -99.297744846153847, 19.66742675384619 ], [ -99.297706415384567, 19.667497246153818 ], [ -99.2977092307692, 19.667533753846165 ], [ -99.297709276923044, 19.667565061538465 ], [ -99.297701107692276, 19.667599 ], [ -99.297670815384578, 19.667617276923064 ], [ -99.297593753846115, 19.667646123076896 ], [ -99.297513969230749, 19.6676932 ], [ -99.297434123076883, 19.667708969230777 ], [ -99.297260569230758, 19.667730138461565 ], [ -99.297147646153846, 19.667738153846152 ], [ -99.297111769230725, 19.667709507692301 ] ] ] ] } },
{ "type": "Feature", "properties": { "IDBD": 176176, "FC": 6292, "CONDICION": "CUERPO DE AGUA PERENNE" }, "geometry": { "type": "MultiPolygon", "coordinates": [ [ [ [ -99.272135061538435, 19.666192 ], [ -99.272102061538433, 19.666107215384645 ], [ -99.272107630769185, 19.666017 ], [ -99.272117907692305, 19.665927153846205 ], [ -99.272113492307668, 19.665836876923105 ], [ -99.272105061538468, 19.665746861538484 ], [ -99.272096476923039, 19.665656861538473 ], [ -99.272075584615351, 19.665568692307666 ], [ -99.272071461538445, 19.665478400000048 ], [ -99.272076, 19.665388138461569 ], [ -99.272076769230708, 19.665297769230758 ], [ -99.27207756923076, 19.665207400000021 ], [ -99.272078353846126, 19.665117030769249 ], [ -99.272078953846105, 19.665026676923087 ], [ -99.272078799999989, 19.664936307692304 ], [ -99.27207864615383, 19.664845938461546 ], [ -99.272078415384598, 19.664755569230785 ], [ -99.272074, 19.664665292307703 ], [ -99.272061492307685, 19.664575707692336 ], [ -99.272056046153793, 19.664485476923083 ], [ -99.272042323076889, 19.664396046153875 ], [ -99.272028046153821, 19.664306692307658 ], [ -99.272049723076918, 19.664218692307671 ], [ -99.272111892307692, 19.664150138461519 ], [ -99.272205815384609, 19.664134323076919 ], [ -99.272301199999973, 19.664133769230713 ], [ -99.272396492307678, 19.664129553846163 ], [ -99.272485769230755, 19.664097707692299 ], [ -99.272578815384577, 19.664077784615397 ], [ -99.272672753846138, 19.664062015384648 ], [ -99.272765107692294, 19.664039400000011 ], [ -99.27285618461535, 19.664012507692288 ], [ -99.272917015384593, 19.663942907692331 ], [ -99.272956876923061, 19.6638608 ], [ -99.273010446153833, 19.663786015384616 ], [ -99.273058692307657, 19.663708061538479 ], [ -99.273075676923085, 19.663619138461524 ], [ -99.273089246153802, 19.663529692307719 ], [ -99.273135430769173, 19.663450615384608 ], [ -99.273146523076903, 19.663360861538465 ], [ -99.273129984615352, 19.66327186153848 ], [ -99.273122199999975, 19.663181784615396 ], [ -99.273159830769188, 19.663098753846171 ], [ -99.273226353846127, 19.663033969230774 ], [ -99.273302661538423, 19.662979753846159 ], [ -99.273381415384577, 19.662928753846199 ], [ -99.273465153846132, 19.66288544615384 ], [ -99.273551138461514, 19.662846307692313 ], [ -99.273637184615353, 19.662807292307722 ], [ -99.273697153846129, 19.662737015384639 ], [ -99.273772030769209, 19.662681015384649 ], [ -99.273846030769207, 19.662623984615429 ], [ -99.273920492307695, 19.662567507692312 ], [ -99.274006338461476, 19.66252810769231 ], [ -99.274099738461487, 19.662509723076926 ], [ -99.274195138461522, 19.662509584615414 ], [ -99.274290538461514, 19.662509430769241 ], [ -99.274385923076906, 19.662509292307696 ], [ -99.274481323076898, 19.66250910769233 ], [ -99.274576707692262, 19.662507984615413 ], [ -99.274671030769213, 19.6624944 ], [ -99.27474069230766, 19.662432676923078 ], [ -99.274716184615343, 19.662345338461552 ], [ -99.27468123076919, 19.662261246153893 ], [ -99.274697123076891, 19.662172138461528 ], [ -99.274730215384594, 19.662087384615369 ], [ -99.274810953846128, 19.662039246153896 ], [ -99.274904261538452, 19.66202046153844 ], [ -99.274995938461529, 19.661995492307707 ], [ -99.275065861538408, 19.661934015384624 ], [ -99.275154738461495, 19.661901153846145 ], [ -99.275208815384602, 19.66182670769232 ], [ -99.275267, 19.661755107692333 ], [ -99.275202938461504, 19.661688138461571 ], [ -99.275254107692277, 19.661611876923065 ], [ -99.275340107692259, 19.661572753846126 ], [ -99.275404461538415, 19.661506061538407 ], [ -99.275374169230744, 19.661420369230779 ], [ -99.2754, 19.661333369230764 ], [ -99.275460584615345, 19.661263569230766 ], [ -99.275473415384582, 19.66117401538461 ], [ -99.27544983076919, 19.661086446153824 ], [ -99.275455076923052, 19.660996215384582 ], [ -99.275476507692275, 19.660908153846201 ], [ -99.275515199999987, 19.66082555384617 ], [ -99.275604569230737, 19.660786769230779 ], [ -99.275682523076881, 19.660830123076892 ], [ -99.275679646153819, 19.6608436 ], [ -99.275660661538438, 19.660932153846193 ], [ -99.275643323076906, 19.661021015384637 ], [ -99.275646938461506, 19.661111323076916 ], [ -99.275724153846127, 19.661164384615372 ], [ -99.275799415384583, 19.661219907692317 ], [ -99.275821046153837, 19.661307923076897 ], [ -99.275842584615361, 19.661395953846156 ], [ -99.275852046153815, 19.661485876923091 ], [ -99.275837123076897, 19.661575138461544 ], [ -99.275897953846112, 19.661644753846158 ], [ -99.275980769230728, 19.661599923076878 ], [ -99.276064830769215, 19.661557199999983 ], [ -99.276149753846141, 19.661516015384592 ], [ -99.276240784615368, 19.661543061538453 ], [ -99.27626066153843, 19.661631446153841 ], [ -99.276328615384571, 19.661694861538471 ], [ -99.276401199999938, 19.661753492307724 ], [ -99.276432061538429, 19.661839 ], [ -99.276479, 19.661917676923107 ], [ -99.276565815384586, 19.661955138461558 ], [ -99.27666113846152, 19.661958492307679 ], [ -99.276728307692281, 19.662022661538444 ], [ -99.276724, 19.662112938461547 ], [ -99.276796123076878, 19.662172107692289 ], [ -99.276889938461551, 19.662155707692303 ], [ -99.276985123076898, 19.662149692307715 ], [ -99.277080338461531, 19.662144369230745 ], [ -99.277159584615347, 19.662094046153804 ], [ -99.277254953846167, 19.662092092307706 ], [ -99.277344646153807, 19.662122861538418 ], [ -99.2774374, 19.66214396923079 ], [ -99.277526030769167, 19.662110523076969 ], [ -99.277621415384601, 19.662110969230788 ], [ -99.277697861538414, 19.66216503076927 ], [ -99.277774076923066, 19.662219369230758 ], [ -99.277850830769239, 19.662165692307692 ], [ -99.27794526153842, 19.662152953846189 ], [ -99.278027738461489, 19.662107523076909 ], [ -99.278100492307672, 19.6620490769231 ], [ -99.278171661538423, 19.661988907692315 ], [ -99.278213030769194, 19.661907476923091 ], [ -99.278244707692267, 19.661822230769211 ], [ -99.278281092307651, 19.661738692307694 ], [ -99.278318, 19.661655369230779 ], [ -99.278339553846152, 19.66156733846157 ], [ -99.278352507692247, 19.661477799999979 ], [ -99.278370815384577, 19.661389107692322 ], [ -99.278387030769238, 19.661300061538455 ], [ -99.278398753846119, 19.661210369230762 ], [ -99.278404199999969, 19.661120153846145 ], [ -99.278409507692302, 19.661029923076899 ], [ -99.278478538461513, 19.660967553846181 ], [ -99.278573938461506, 19.660967615384592 ], [ -99.278669123076924, 19.6609734153846 ], [ -99.278763430769231, 19.660987061538464 ], [ -99.278857676923067, 19.661001030769185 ], [ -99.278951446153812, 19.66101759999998 ], [ -99.279041723076887, 19.661046800000044 ], [ -99.279111492307649, 19.661108446153847 ], [ -99.279104984615387, 19.661198599999974 ], [ -99.279061338461503, 19.661278953846168 ], [ -99.278996738461515, 19.661345446153856 ], [ -99.278926476923047, 19.661406584615321 ], [ -99.278858953846111, 19.661470415384596 ], [ -99.278788492307683, 19.661531323076915 ], [ -99.278718646153791, 19.661592876923102 ], [ -99.278673830769193, 19.661672661538439 ], [ -99.278626799999969, 19.661751276923095 ], [ -99.278594384615374, 19.661836276923065 ], [ -99.278583369230745, 19.661926030769251 ], [ -99.278586169230749, 19.662016369230745 ], [ -99.278590861538433, 19.662106630769244 ], [ -99.278614553846111, 19.662194169230734 ], [ -99.278649692307624, 19.662278184615403 ], [ -99.278665784615356, 19.662367261538449 ], [ -99.278602107692265, 19.662434538461554 ], [ -99.278509153846159, 19.66245484615386 ], [ -99.278414415384589, 19.662444261538432 ], [ -99.278320553846143, 19.662428123076943 ], [ -99.278225153846122, 19.662428492307708 ], [ -99.278130507692268, 19.662439830769205 ], [ -99.278035830769184, 19.662450784615377 ], [ -99.27794049230765, 19.662447538461564 ], [ -99.277856046153801, 19.662405492307695 ], [ -99.277766307692289, 19.662374846153863 ], [ -99.277690615384572, 19.662429846153863 ], [ -99.277620461538419, 19.662491092307693 ], [ -99.277526830769204, 19.662508369230775 ], [ -99.277431676923058, 19.6625148 ], [ -99.27733844615382, 19.662533923076921 ], [ -99.277251307692296, 19.662570723076907 ], [ -99.277163953846127, 19.66260703076923 ], [ -99.277074507692276, 19.662638430769245 ], [ -99.276993430769238, 19.662686046153851 ], [ -99.276899569230736, 19.662702230769241 ], [ -99.276804184615344, 19.662702015384671 ], [ -99.276709538461489, 19.662690630769237 ], [ -99.276616953846116, 19.662668907692325 ], [ -99.276523738461492, 19.662649707692271 ], [ -99.276429599999958, 19.662635076923099 ], [ -99.2763352, 19.662622015384585 ], [ -99.276243830769189, 19.662596030769244 ], [ -99.276154769230757, 19.66256364615386 ], [ -99.276069061538422, 19.662524 ], [ -99.27599487692305, 19.662467169230805 ], [ -99.275899923076906, 19.662458461538435 ], [ -99.275819692307692, 19.662507338461541 ], [ -99.275734246153803, 19.662547507692338 ], [ -99.275644123076887, 19.66257712307694 ], [ -99.275564076923033, 19.662626292307717 ], [ -99.275508046153817, 19.662699430769226 ], [ -99.275600907692294, 19.66272010769228 ], [ -99.275689799999967, 19.662752892307719 ], [ -99.275763476923032, 19.662810292307675 ], [ -99.275855553846128, 19.662786615384579 ], [ -99.275946092307649, 19.662758184615416 ], [ -99.276030153846108, 19.66280090769229 ], [ -99.276088523076893, 19.662872384615401 ], [ -99.276151923076881, 19.662939907692319 ], [ -99.276203092307668, 19.663016184615394 ], [ -99.276238046153821, 19.66310026153845 ], [ -99.276244276923023, 19.663190446153841 ], [ -99.276166830769199, 19.663243215384622 ], [ -99.27611549230771, 19.663319369230809 ], [ -99.276045415384587, 19.663380692307719 ], [ -99.275981369230735, 19.663447661538477 ], [ -99.275937199999973, 19.663527753846186 ], [ -99.27586546153843, 19.6635873384615 ], [ -99.275777307692266, 19.663621876923074 ], [ -99.275682969230772, 19.663635276923081 ], [ -99.275588753846137, 19.663649492307698 ], [ -99.275496015384562, 19.663670615384589 ], [ -99.275418446153822, 19.663723215384646 ], [ -99.275379338461519, 19.663805646153854 ], [ -99.275322969230785, 19.663878553846153 ], [ -99.275228138461529, 19.663888276923107 ], [ -99.275133384615373, 19.663877784615376 ], [ -99.275062861538458, 19.663816923076922 ], [ -99.27496810769226, 19.663827384615399 ], [ -99.274896569230762, 19.663887169230808 ], [ -99.274898123076909, 19.663977523076905 ], [ -99.274938815384573, 19.664059261538476 ], [ -99.274944338461523, 19.664149492307704 ], [ -99.274914707692275, 19.664235384615395 ], [ -99.274903830769219, 19.664325169230771 ], [ -99.274931799999976, 19.664411569230783 ], [ -99.274919784615363, 19.664501215384593 ], [ -99.274883969230729, 19.664584969230805 ], [ -99.274836215384568, 19.664663199999964 ], [ -99.274774984615377, 19.664732492307664 ], [ -99.274710553846134, 19.664799138461547 ], [ -99.27464587692306, 19.664865584615356 ], [ -99.274577246153811, 19.66492833846155 ], [ -99.274508507692303, 19.664991 ], [ -99.274441184615341, 19.665055030769185 ], [ -99.274374153846125, 19.665119323076915 ], [ -99.274312446153814, 19.665188246153839 ], [ -99.274245046153823, 19.665252200000026 ], [ -99.274177830769233, 19.665316323076944 ], [ -99.274112815384584, 19.665382461538503 ], [ -99.274039953846128, 19.665440800000049 ], [ -99.273961492307635, 19.665492199999971 ], [ -99.273880692307685, 19.665540230769238 ], [ -99.273798538461492, 19.665586169230753 ], [ -99.273713246153818, 19.665626646153889 ], [ -99.273627738461528, 19.66566670769231 ], [ -99.273532953846171, 19.665676953846127 ], [ -99.27343772307691, 19.665671676923072 ], [ -99.273342338461504, 19.665672738461517 ], [ -99.273251523076894, 19.66570043076927 ], [ -99.273194246153821, 19.665772692307737 ], [ -99.273151338461531, 19.665853415384635 ], [ -99.273106061538428, 19.665932953846159 ], [ -99.273053369230766, 19.666008292307719 ], [ -99.272973938461533, 19.666058323076928 ], [ -99.272883215384581, 19.666086261538471 ], [ -99.272790015384601, 19.666105600000012 ], [ -99.27269695384615, 19.666125446153796 ], [ -99.272602984615347, 19.66614104615384 ], [ -99.272507953846144, 19.666148953846175 ], [ -99.272414230769215, 19.666165769230787 ], [ -99.272322984615386, 19.666192153846186 ], [ -99.272229, 19.666207676923072 ], [ -99.272135061538435, 19.666192 ] ] ] ] } },
{ "type": "Feature", "properties": { "IDBD": 176245, "FC": 6291, "CONDICION": "CUERPO DE AGUA INTERMITENTE" }, "geometry": { "type": "MultiPolygon", "coordinates": [ [ [ [ -99.347614276923039, 19.659459476923079 ], [ -99.347441861538428, 19.659134476923089 ], [ -99.347365199999956, 19.658971953846152 ], [ -99.347335707692295, 19.658565353846161 ], [ -99.347411523076872, 19.658330246153845 ], [ -99.347582846153799, 19.658158215384613 ], [ -99.347725769230777, 19.658076615384644 ], [ -99.347830692307681, 19.65807640000002 ], [ -99.34793607692302, 19.658284046153831 ], [ -99.347907661538429, 19.658383507692285 ], [ -99.347736261538429, 19.6585194 ], [ -99.347631476923027, 19.658591892307744 ], [ -99.347584076923084, 19.658727538461509 ], [ -99.347641599999974, 19.658862984615389 ], [ -99.347765769230719, 19.658935030769225 ], [ -99.347880507692309, 19.659061338461512 ], [ -99.347880769230756, 19.659178815384625 ], [ -99.347890446153812, 19.659242046153871 ], [ -99.347766876923032, 19.659450138461551 ], [ -99.347614276923039, 19.659459476923079 ] ] ] ] } },
{ "type": "Feature", "properties": { "IDBD": 176257, "FC": 6291, "CONDICION": "CUERPO DE AGUA INTERMITENTE" }, "geometry": { "type": "MultiPolygon", "coordinates": [ [ [ [ -99.360230769230739, 19.657690507692344 ], [ -99.360154153846082, 19.657555107692293 ], [ -99.36015375384612, 19.657374369230798 ], [ -99.360182138461525, 19.657274907692276 ], [ -99.360239138461509, 19.65716635384619 ], [ -99.360372584615362, 19.657120907692324 ], [ -99.360525215384598, 19.6571206 ], [ -99.361002461538448, 19.6572552 ], [ -99.361298769230743, 19.657516661538473 ], [ -99.361375446153815, 19.657679184615432 ], [ -99.361375569230731, 19.657733400000012 ], [ -99.361299430769193, 19.657814876923059 ], [ -99.361061215384609, 19.657932846153802 ], [ -99.36074690769226, 19.658150353846118 ], [ -99.360622969230732, 19.658177723076907 ], [ -99.360527553846111, 19.658168876923053 ], [ -99.360470215384566, 19.6581238 ], [ -99.360422292307675, 19.658024492307717 ], [ -99.360431553846126, 19.657897953846156 ], [ -99.360402815384575, 19.6578438 ], [ -99.360335907692274, 19.657780676923075 ], [ -99.360230769230739, 19.657690507692344 ] ] ] ] } },
{ "type": "Feature", "properties": { "IDBD": 176327, "FC": 6291, "CONDICION": "CUERPO DE AGUA INTERMITENTE" }, "geometry": { "type": "MultiPolygon", "coordinates": [ [ [ [ -99.375597692307679, 19.649218615384591 ], [ -99.375549815384588, 19.649137384615411 ], [ -99.375549646153829, 19.649065092307691 ], [ -99.375606769230785, 19.649019784615398 ], [ -99.375721092307657, 19.648956276923052 ], [ -99.375797399999939, 19.648956123076893 ], [ -99.37589290769229, 19.649010153846149 ], [ -99.375921738461514, 19.649100461538435 ], [ -99.375912430769219, 19.649199876923046 ], [ -99.375798092307647, 19.649254338461539 ], [ -99.375721830769237, 19.649272569230749 ], [ -99.375597692307679, 19.649218615384591 ] ] ] ] } },
{ "type": "Feature", "properties": { "IDBD": 176331, "FC": 6291, "CONDICION": "CUERPO DE AGUA INTERMITENTE" }, "geometry": { "type": "MultiPolygon", "coordinates": [ [ [ [ -99.339653892307666, 19.648196615384617 ], [ -99.339606353846094, 19.648269 ], [ -99.339453784615344, 19.648296400000049 ], [ -99.339301153846108, 19.648287646153843 ], [ -99.3391866, 19.648242676923083 ], [ -99.339052969230721, 19.64819775384619 ], [ -99.339005046153815, 19.6480894 ], [ -99.33904295384616, 19.647971846153855 ], [ -99.339195353846122, 19.647872153846155 ], [ -99.339376538461508, 19.647844707692293 ], [ -99.339615123076882, 19.647907507692338 ], [ -99.339653492307676, 19.648006846153869 ], [ -99.339653892307666, 19.648196615384617 ] ] ] ] } },
{ "type": "Feature", "properties": { "IDBD": 176333, "FC": 6292, "CONDICION": "CUERPO DE AGUA PERENNE" }, "geometry": { "type": "MultiPolygon", "coordinates": [ [ [ [ -99.29061535384615, 19.647228446153843 ], [ -99.290444030769194, 19.647272415384638 ], [ -99.290259507692298, 19.647316400000044 ], [ -99.290167230769228, 19.64733527692308 ], [ -99.289969492307662, 19.647360553846152 ], [ -99.289863923076894, 19.647317046153844 ], [ -99.289824276923042, 19.64726716923078 ], [ -99.289883476923038, 19.64719218461541 ], [ -99.2899228307692, 19.647073538461562 ], [ -99.289902799999965, 19.646936261538489 ], [ -99.289888923076887, 19.646549338461522 ], [ -99.289928492307652, 19.646555523076888 ], [ -99.290159507692266, 19.646704938461536 ], [ -99.290297907692249, 19.646679753846161 ], [ -99.290357123076873, 19.646611 ], [ -99.29033726153844, 19.646561107692328 ], [ -99.29040986153845, 19.646604676923086 ], [ -99.29042315384612, 19.646667061538501 ], [ -99.290410076923024, 19.646723246153886 ], [ -99.290390446153836, 19.646810661538421 ], [ -99.290364092307684, 19.646816938461573 ], [ -99.290265199999936, 19.64681710769235 ], [ -99.290199384615335, 19.646885861538497 ], [ -99.290199476923064, 19.646935784615408 ], [ -99.29022587692306, 19.646948230769194 ], [ -99.290258769230746, 19.646910723076935 ], [ -99.290318046153828, 19.646873184615373 ], [ -99.290397153846143, 19.646873061538471 ], [ -99.290463123076918, 19.646891676923094 ], [ -99.290522523076916, 19.646929030769201 ], [ -99.290581861538456, 19.646928938461553 ], [ -99.290680676923031, 19.646891323076876 ], [ -99.290720138461538, 19.646835092307693 ], [ -99.290753061538453, 19.646810076923085 ], [ -99.290851953846129, 19.64680990769228 ], [ -99.290937707692279, 19.646834738461578 ], [ -99.291003692307669, 19.646865846153862 ], [ -99.291056538461504, 19.646928169230783 ], [ -99.291148861538446, 19.646940492307706 ], [ -99.291300476923055, 19.646927769230786 ], [ -99.29130721538462, 19.647008892307714 ], [ -99.291281015384612, 19.647102553846164 ], [ -99.291228415384552, 19.647183769230733 ], [ -99.291142830769189, 19.647252569230758 ], [ -99.290978153846126, 19.647327723076934 ], [ -99.290905615384602, 19.647321600000016 ], [ -99.290819876923067, 19.647303015384633 ], [ -99.290714353846099, 19.647284461538487 ], [ -99.29061535384615, 19.647228446153843 ] ] ] ] } },
{ "type": "Feature", "properties": { "IDBD": 176341, "FC": 6291, "CONDICION": "CUERPO DE AGUA INTERMITENTE" }, "geometry": { "type": "MultiPolygon", "coordinates": [ [ [ [ -99.351918984615338, 19.647486230769236 ], [ -99.351880815384604, 19.647477276923084 ], [ -99.351823430769215, 19.647405092307672 ], [ -99.351746938461517, 19.647323907692311 ], [ -99.351622507692284, 19.647125338461581 ], [ -99.351651, 19.647071061538455 ], [ -99.35167958461534, 19.647052923076917 ], [ -99.351794138461486, 19.64709789230773 ], [ -99.35190884615379, 19.647206107692316 ], [ -99.351985446153805, 19.64734150769231 ], [ -99.351985661538421, 19.647440923076925 ], [ -99.351957138461529, 19.647486153846142 ], [ -99.351918984615338, 19.647486230769236 ] ] ] ] } }
]
}
