{
"type": "FeatureCollection",
"name": "riotula",
"crs": { "type": "name", "properties": { "name": "urn:ogc:def:crs:OGC:1.3:CRS84" } },
"features": [
{ "type": "Feature", "properties": { "id": "36", "cve_subc": null, "clave50k": null, "tipo": null, "entidad": null, "fc": null, "condicion": null, "edicion": null, "fecha": null, "lengthm": null, "id_drena": null, "flowdir": null, "enabled": null, "desc_enabl": null, "cali_repr": null, "sequenceid": null, "order_1": null, "level_1": null, "arbsum_1": null, "pathl_1": null, "layer": "Río Tula", "path": "C:/Users/ariel.goldin/Documents/Capas Río Tula/Río Tula.geojson", "fid": "1", "nombre": "Río Tula", "SHAPE__Length": "190390.095569", "Pais": "México", "fid_2": "1", "id_2": "36", "nombre_2": "Río Tula", "SHAPE__Length_2": "190390.095569" }, "geometry": { "type": "MultiLineString", "coordinates": [ [ [ -99.308063771120658, 19.973766939433077 ], [ -99.308636817457909, 19.975576300223054 ] ], [ [ -99.308636817457909, 19.975576300223054 ], [ -99.309332995497513, 19.977101675440903 ] ], [ [ -99.309332995497513, 19.977101675440903 ], [ -99.310868516495148, 19.97813475749998 ] ], [ [ -99.317931717951197, 19.988195959774302 ], [ -99.320362479126459, 19.987010920175951 ] ], [ [ -99.320362479126459, 19.987010920175951 ], [ -99.322113629009294, 19.986969876865693 ] ], [ [ -99.322113629009294, 19.986969876865693 ], [ -99.32376535382798, 19.988078552470409 ] ], [ [ -99.32376535382798, 19.988078552470409 ], [ -99.324883125559296, 19.98939370197229 ] ], [ [ -99.328379518973776, 19.990952493931019 ], [ -99.328470375335797, 19.991574044487717 ] ], [ [ -99.325309107923161, 19.997091677655916 ], [ -99.325597534849948, 19.99924506934121 ] ], [ [ -99.327602340189671, 20.002036201111178 ], [ -99.327874160339547, 20.003696285628486 ] ], [ [ -99.327874160339547, 20.003696285628486 ], [ -99.327010587729376, 20.005048494998924 ] ], [ [ -99.331633075469057, 20.013745284428481 ], [ -99.332581228867525, 20.014066838860906 ] ], [ [ -99.334731150057451, 20.018765692682205 ], [ -99.335483640193814, 20.019282702115071 ] ], [ [ -99.335483640193814, 20.019282702115071 ], [ -99.335646959534614, 20.020612774965159 ] ], [ [ -99.335296892978093, 20.022926123668348 ], [ -99.335835286498778, 20.024453198630923 ] ], [ [ -99.335835286498778, 20.024453198630923 ], [ -99.33690777460906, 20.025408780295749 ] ], [ [ -99.344169667346151, 20.035958287907953 ], [ -99.342969349915364, 20.037478713526514 ] ], [ [ -99.342969349915364, 20.037478713526514 ], [ -99.341049979539804, 20.038236780240894 ] ], [ [ -99.341147537682147, 20.060406010860213 ], [ -99.341992550548596, 20.060132920179182 ] ], [ [ -99.34721049801945, 20.062211133051417 ], [ -99.346634700992453, 20.064172684557064 ] ], [ [ -99.346634700992453, 20.064172684557064 ], [ -99.345536045702758, 20.065880836131569 ] ], [ [ -99.344523594598087, 20.070901284907862 ], [ -99.345555527452007, 20.070519795626435 ] ], [ [ -99.347298245173604, 20.076723598588693 ], [ -99.348975601599633, 20.077569557135917 ] ], [ [ -99.35279906541119, 20.087815878808364 ], [ -99.352861764885887, 20.08853672184609 ] ], [ [ -99.351585561053454, 20.091465439780581 ], [ -99.351931802539994, 20.093270860642949 ] ], [ [ -99.353493837727171, 20.095241437870897 ], [ -99.355066162365716, 20.096564400552971 ] ], [ [ -99.361090155100669, 20.131506479723875 ], [ -99.363492988999965, 20.133347668197246 ] ], [ [ -99.366878701844939, 20.140072038772566 ], [ -99.364671513216251, 20.147658935097194 ] ], [ [ -99.364671513216251, 20.147658935097194 ], [ -99.362958628911102, 20.152409846876978 ] ] ] } },
{ "type": "Feature", "properties": { "id": "0", "cve_subc": null, "clave50k": null, "tipo": null, "entidad": null, "fc": null, "condicion": null, "edicion": null, "fecha": null, "lengthm": null, "id_drena": null, "flowdir": null, "enabled": null, "desc_enabl": null, "cali_repr": null, "sequenceid": null, "order_1": null, "level_1": null, "arbsum_1": null, "pathl_1": null, "layer": "Río Tula", "path": "C:/Users/ariel.goldin/Documents/Capas Río Tula/Río Tula.geojson", "fid": "2", "nombre": "El salto", "SHAPE__Length": "16357.139391", "Pais": "México", "fid_2": "2", "id_2": "0", "nombre_2": "El salto", "SHAPE__Length_2": "16357.139391" }, "geometry": { "type": "MultiLineString", "coordinates": [ [ [ -99.308041908477264, 19.970131461447522 ], [ -99.308077492074005, 19.970046261623608 ] ], [ [ -99.308077492074005, 19.970046261623608 ], [ -99.308135137772695, 19.969917153181083 ] ], [ [ -99.308135137772695, 19.969917153181083 ], [ -99.308184199602877, 19.969789784625156 ] ], [ [ -99.308184199602877, 19.969789784625156 ], [ -99.308208553877719, 19.969656214752348 ] ], [ [ -99.308208553877719, 19.969656214752348 ], [ -99.308188353543713, 19.969522014652572 ] ], [ [ -99.308188353543713, 19.969522014652572 ], [ -99.308195522664448, 19.969386630209645 ] ], [ [ -99.308195522664448, 19.969386630209645 ], [ -99.308214245691616, 19.969252245082309 ] ], [ [ -99.308214245691616, 19.969252245082309 ], [ -99.308233076718693, 19.969117876394062 ] ], [ [ -99.308233076718693, 19.969117876394062 ], [ -99.308232754386509, 19.969109091340485 ] ], [ [ -99.308232754386509, 19.969109091340485 ], [ -99.308227892025059, 19.968982414198603 ] ], [ [ -99.308227892025059, 19.968982414198603 ], [ -99.308206908221791, 19.968840876164052 ] ], [ [ -99.308206908221791, 19.968840876164052 ], [ -99.308162785449767, 19.968711907436866 ] ], [ [ -99.308162785449767, 19.968711907436866 ], [ -99.308118645524431, 19.968582937500209 ] ], [ [ -99.308118645524431, 19.968582937500209 ], [ -99.308092508396967, 19.968449661230306 ] ], [ [ -99.308092508396967, 19.968449661230306 ], [ -99.308033154136595, 19.968315553336939 ] ], [ [ -99.308033154136595, 19.968315553336939 ], [ -99.30801759994182, 19.968193061218134 ] ], [ [ -99.30801759994182, 19.968193061218134 ], [ -99.308032785429177, 19.968123491447404 ] ], [ [ -99.308032785429177, 19.968123491447404 ], [ -99.308032645791172, 19.968051507210586 ] ], [ [ -99.308032645791172, 19.968051507210586 ], [ -99.308029631229147, 19.967914414472652 ] ], [ [ -99.308029631229147, 19.967914414472652 ], [ -99.307991491801644, 19.967813799419943 ] ], [ [ -99.307991491801644, 19.967813799419943 ], [ -99.307945584772852, 19.967713045591037 ] ], [ [ -99.307945584772852, 19.967713045591037 ], [ -99.307930184891561, 19.967633984124085 ] ], [ [ -99.307930184891561, 19.967633984124085 ], [ -99.307915276575912, 19.967530214557936 ] ], [ [ -99.307915276575912, 19.967530214557936 ], [ -99.307896891543763, 19.967495922428149 ] ], [ [ -99.307896891543763, 19.967495922428149 ], [ -99.307842937616073, 19.967408861603527 ] ], [ [ -99.307842937616073, 19.967408861603527 ], [ -99.307757446184141, 19.967300045658376 ] ], [ [ -99.307757446184141, 19.967300045658376 ], [ -99.307710476819153, 19.967244261168297 ] ], [ [ -99.307710476819153, 19.967244261168297 ], [ -99.307668168915484, 19.967193984038595 ] ], [ [ -99.307668168915484, 19.967193984038595 ], [ -99.307562200447379, 19.967102691358701 ] ], [ [ -99.307562200447379, 19.967102691358701 ], [ -99.307462907780319, 19.967004907475044 ] ], [ [ -99.307462907780319, 19.967004907475044 ], [ -99.307374862047396, 19.966897937321331 ] ], [ [ -99.307374862047396, 19.966897937321331 ], [ -99.307283814760268, 19.96679324579932 ] ], [ [ -99.307283814760268, 19.96679324579932 ], [ -99.307177385075732, 19.966702414343775 ] ], [ [ -99.307177385075732, 19.966702414343775 ], [ -99.307066708455764, 19.966616261099983 ] ], [ [ -99.307066708455764, 19.966616261099983 ], [ -99.306955584625499, 19.966530614829551 ] ], [ [ -99.306955584625499, 19.966530614829551 ], [ -99.306819692457466, 19.966487445127125 ] ], [ [ -99.306819692457466, 19.966487445127125 ], [ -99.30667833771993, 19.966464768839337 ] ], [ [ -99.30667833771993, 19.966464768839337 ], [ -99.30653744629295, 19.966439722444559 ] ], [ [ -99.30653744629295, 19.966439722444559 ], [ -99.30639303071564, 19.966433891007838 ] ], [ [ -99.30639303071564, 19.966433891007838 ], [ -99.306250661887773, 19.96641969183468 ] ], [ [ -99.306250661887773, 19.96641969183468 ], [ -99.306118554368652, 19.966424722165666 ] ], [ [ -99.306118554368652, 19.966424722165666 ], [ -99.305994862059578, 19.966456707637743 ] ], [ [ -99.305994862059578, 19.966456707637743 ], [ -99.3059648769581, 19.966463937059032 ] ], [ [ -99.3059648769581, 19.966463937059032 ], [ -99.305858185455889, 19.966554476319633 ] ], [ [ -99.305858185455889, 19.966554476319633 ], [ -99.305727862299847, 19.966610953622251 ] ], [ [ -99.305727862299847, 19.966610953622251 ], [ -99.305585276678059, 19.966596799840072 ] ], [ [ -99.305585276678059, 19.966596799840072 ], [ -99.305456968572685, 19.966536337382479 ] ], [ [ -99.305456968572685, 19.966536337382479 ], [ -99.305325230621975, 19.966482861449965 ] ], [ [ -99.305325230621975, 19.966482861449965 ], [ -99.305193645638951, 19.966429076226298 ] ], [ [ -99.305193645638951, 19.966429076226298 ], [ -99.305160061953046, 19.96639103030569 ] ], [ [ -99.305160061953046, 19.96639103030569 ], [ -99.3051604624644, 19.966305214488305 ] ], [ [ -99.3051604624644, 19.966305214488305 ], [ -99.305189969249696, 19.966205291196953 ] ], [ [ -99.305189969249696, 19.966205291196953 ], [ -99.305217291645803, 19.966072214694695 ] ], [ [ -99.305217291645803, 19.966072214694695 ], [ -99.30521910803995, 19.965936676752641 ] ], [ [ -99.30521910803995, 19.965936676752641 ], [ -99.305225045758775, 19.965801245600289 ] ], [ [ -99.305225045758775, 19.965801245600289 ], [ -99.305178415374158, 19.96568790721615 ] ], [ [ -99.305178415374158, 19.96568790721615 ], [ -99.305096892449853, 19.965572814606315 ] ], [ [ -99.305096892449853, 19.965572814606315 ], [ -99.305000214977809, 19.965496153077197 ] ], [ [ -99.305000214977809, 19.965496153077197 ], [ -99.304898937652524, 19.965403230189391 ] ], [ [ -99.304898937652524, 19.965403230189391 ], [ -99.30478523075881, 19.965320676291881 ] ], [ [ -99.30478523075881, 19.965320676291881 ], [ -99.304670569024225, 19.965239322098338 ] ], [ [ -99.304670569024225, 19.965239322098338 ], [ -99.304571491534446, 19.965141353484984 ] ], [ [ -99.304571491534446, 19.965141353484984 ], [ -99.304454123265145, 19.965063507003851 ] ], [ [ -99.304454123265145, 19.965063507003851 ], [ -99.304352015477392, 19.964968353111828 ] ], [ [ -99.304352015477392, 19.964968353111828 ], [ -99.304253062337935, 19.964870276811158 ] ], [ [ -99.304253062337935, 19.964870276811158 ], [ -99.304132646031618, 19.964796722502385 ] ], [ [ -99.304132646031618, 19.964796722502385 ], [ -99.304015384634269, 19.96471873706323 ] ], [ [ -99.304015384634269, 19.96471873706323 ], [ -99.303885830980306, 19.964660707374534 ] ], [ [ -99.303885830980306, 19.964660707374534 ], [ -99.303749537919714, 19.964618645747962 ] ], [ [ -99.303749537919714, 19.964618645747962 ], [ -99.303608891700165, 19.964592384239594 ] ], [ [ -99.303608891700165, 19.964592384239594 ], [ -99.303473984934925, 19.964546537177668 ] ], [ [ -99.303473984934925, 19.964546537177668 ], [ -99.303342277095524, 19.964492983951693 ] ], [ [ -99.303342277095524, 19.964492983951693 ], [ -99.303218369477477, 19.964424814135516 ] ], [ [ -99.303218369477477, 19.964424814135516 ], [ -99.303097877158336, 19.964351368282067 ] ], [ [ -99.303097877158336, 19.964351368282067 ], [ -99.302990000082843, 19.964262091328511 ] ], [ [ -99.302990000082843, 19.964262091328511 ], [ -99.302863723342924, 19.964197921949555 ] ], [ [ -99.302863723342924, 19.964197921949555 ], [ -99.302811877093276, 19.964152691834258 ] ], [ [ -99.302811877093276, 19.964152691834258 ], [ -99.302744000423985, 19.964080661020454 ] ], [ [ -99.302744000423985, 19.964080661020454 ], [ -99.302631538297931, 19.963996584552756 ] ], [ [ -99.302631538297931, 19.963996584552756 ], [ -99.302557968882496, 19.963880244952559 ] ], [ [ -99.302557968882496, 19.963880244952559 ], [ -99.302509937614701, 19.963752537456383 ] ], [ [ -99.302509937614701, 19.963752537456383 ], [ -99.302478862253764, 19.963620199244112 ] ], [ [ -99.302478862253764, 19.963620199244112 ], [ -99.302472431192456, 19.963484784199327 ] ], [ [ -99.302472431192456, 19.963484784199327 ], [ -99.302472045749596, 19.963349245497039 ] ], [ [ -99.302472045749596, 19.963349245497039 ], [ -99.302466169292842, 19.9632138140575 ] ], [ [ -99.302466169292842, 19.9632138140575 ], [ -99.302465431260416, 19.963078260959168 ] ], [ [ -99.302465431260416, 19.963078260959168 ], [ -99.302465138174199, 19.962942707632195 ] ], [ [ -99.302465138174199, 19.962942707632195 ], [ -99.302476999525098, 19.962807630714526 ] ], [ [ -99.302476999525098, 19.962807630714526 ], [ -99.302493831370384, 19.962673013952575 ] ], [ [ -99.302493831370384, 19.962673013952575 ], [ -99.30249975437404, 19.962641214487832 ] ], [ [ -99.30249975437404, 19.962641214487832 ], [ -99.302518676536877, 19.962539522558842 ] ], [ [ -99.302518676536877, 19.962539522558842 ], [ -99.302507261929833, 19.962404399821558 ] ], [ [ -99.302507261929833, 19.962404399821558 ], [ -99.302456984536818, 19.962277461279761 ] ], [ [ -99.302456984536818, 19.962277461279761 ], [ -99.302433292365976, 19.962143768524765 ] ], [ [ -99.302433292365976, 19.962143768524765 ], [ -99.302421153632238, 19.96200870729766 ] ], [ [ -99.302421153632238, 19.96200870729766 ], [ -99.302420769203337, 19.961873168804267 ] ], [ [ -99.302420769203337, 19.961873168804267 ], [ -99.302414614662112, 19.961807245121776 ] ], [ [ -99.302414614662112, 19.961807245121776 ], [ -99.302408246273203, 19.961625261269951 ] ], [ [ -99.302408246273203, 19.961625261269951 ], [ -99.302420168980731, 19.961510907539331 ] ], [ [ -99.302420168980731, 19.961510907539331 ], [ -99.302389553685373, 19.961339522098001 ] ], [ [ -99.302389553685373, 19.961339522098001 ], [ -99.302367323118844, 19.961221445614836 ] ], [ [ -99.302367323118844, 19.961221445614836 ], [ -99.302397261743877, 19.961088876440652 ] ], [ [ -99.302397261743877, 19.961088876440652 ], [ -99.302450923034854, 19.960963184696816 ] ], [ [ -99.302450923034854, 19.960963184696816 ], [ -99.302494445543331, 19.960834030483795 ] ], [ [ -99.302494445543331, 19.960834030483795 ], [ -99.302514999683098, 19.960699891811185 ] ], [ [ -99.302514999683098, 19.960699891811185 ], [ -99.302503169436179, 19.96056479909031 ] ], [ [ -99.302503169436179, 19.96056479909031 ], [ -99.30250924580254, 19.960429368444338 ] ], [ [ -99.30250924580254, 19.960429368444338 ], [ -99.302557014981375, 19.960301568216206 ] ], [ [ -99.302557014981375, 19.960301568216206 ], [ -99.302556738123229, 19.960166014634247 ] ], [ [ -99.302556738123229, 19.960166014634247 ], [ -99.302555630555602, 19.960030476215209 ] ], [ [ -99.302555630555602, 19.960030476215209 ], [ -99.302548507635748, 19.959895091040202 ] ], [ [ -99.302548507635748, 19.959895091040202 ], [ -99.302524600063634, 19.959761445541822 ] ], [ [ -99.302524600063634, 19.959761445541822 ], [ -99.302500722578486, 19.959627784271113 ] ], [ [ -99.302500722578486, 19.959627784271113 ], [ -99.302473922872977, 19.959494630451317 ] ], [ [ -99.302473922872977, 19.959494630451317 ], [ -99.302436291672564, 19.959363830816798 ] ], [ [ -99.302436291672564, 19.959363830816798 ], [ -99.302401830623126, 19.95923226160118 ] ], [ [ -99.302401830623126, 19.95923226160118 ], [ -99.302385292204988, 19.959097614807551 ] ], [ [ -99.302385292204988, 19.959097614807551 ], [ -99.302385707849908, 19.958962061003053 ] ], [ [ -99.302385707849908, 19.958962061003053 ], [ -99.302388691766083, 19.958826537484434 ] ], [ [ -99.302388691766083, 19.958826537484434 ], [ -99.302381522762602, 19.958702445072817 ] ], [ [ -99.302381522762602, 19.958702445072817 ], [ -99.302395122981608, 19.958565261726417 ] ], [ [ -99.302395122981608, 19.958565261726417 ], [ -99.302360308284605, 19.958441214358114 ] ], [ [ -99.302360308284605, 19.958441214358114 ], [ -99.302270184930848, 19.958310707833366 ] ], [ [ -99.302270184930848, 19.958310707833366 ], [ -99.302166276816607, 19.958219476729912 ] ], [ [ -99.302166276816607, 19.958219476729912 ], [ -99.302103845747212, 19.958115030710665 ] ], [ [ -99.302103845747212, 19.958115030710665 ], [ -99.302056691956793, 19.957986045531054 ] ], [ [ -99.302056691956793, 19.957986045531054 ], [ -99.301972137578133, 19.957899722757908 ] ], [ [ -99.301972137578133, 19.957899722757908 ], [ -99.301837954333024, 19.957814937820132 ] ], [ [ -99.301837954333024, 19.957814937820132 ], [ -99.301740953873789, 19.957715122636895 ] ], [ [ -99.301740953873789, 19.957715122636895 ], [ -99.301626800035024, 19.957633137333218 ] ], [ [ -99.301626800035024, 19.957633137333218 ], [ -99.301497337717876, 19.957574907112686 ] ], [ [ -99.301497337717876, 19.957574907112686 ], [ -99.301385245785781, 19.957490414217133 ] ], [ [ -99.301385245785781, 19.957490414217133 ], [ -99.30128012346924, 19.95739824521948 ] ], [ [ -99.30128012346924, 19.95739824521948 ], [ -99.301169815415307, 19.957311676826464 ] ], [ [ -99.301169815415307, 19.957311676826464 ], [ -99.301039569339835, 19.95725503072833 ] ], [ [ -99.301039569339835, 19.95725503072833 ], [ -99.300896799736904, 19.957242830325686 ] ], [ [ -99.300896799736904, 19.957242830325686 ], [ -99.300756954462884, 19.957213014552217 ] ], [ [ -99.300756954462884, 19.957213014552217 ], [ -99.300623231142168, 19.957164153398846 ] ], [ [ -99.300623231142168, 19.957164153398846 ], [ -99.300490015400499, 19.957114076257941 ] ], [ [ -99.300490015400499, 19.957114076257941 ], [ -99.300364185296502, 19.957049153263505 ] ], [ [ -99.300364185296502, 19.957049153263505 ], [ -99.300255415297073, 19.956960845413182 ] ], [ [ -99.300255415297073, 19.956960845413182 ], [ -99.300189662016834, 19.956907245182006 ] ], [ [ -99.300189662016834, 19.956907245182006 ], [ -99.300146830645801, 19.956872337696399 ] ], [ [ -99.300146830645801, 19.956872337696399 ], [ -99.300063445870634, 19.956762091525842 ] ], [ [ -99.300063445870634, 19.956762091525842 ], [ -99.299991877324459, 19.956644630096118 ] ], [ [ -99.299991877324459, 19.956644630096118 ], [ -99.299926322885597, 19.956524091507948 ] ], [ [ -99.299926322885597, 19.956524091507948 ], [ -99.299859245552838, 19.956404291015122 ] ], [ [ -99.299859245552838, 19.956404291015122 ], [ -99.299799985440274, 19.956280861585554 ] ], [ [ -99.299799985440274, 19.956280861585554 ], [ -99.299746323363237, 19.956155168141798 ] ], [ [ -99.299746323363237, 19.956155168141798 ], [ -99.299677908359712, 19.956036060960134 ] ], [ [ -99.299677908359712, 19.956036060960134 ], [ -99.299592245946798, 19.955927367965803 ] ], [ [ -99.299592245946798, 19.955927367965803 ], [ -99.299529999896535, 19.95580526162918 ] ], [ [ -99.299529999896535, 19.95580526162918 ], [ -99.299533599540311, 19.95574247666001 ] ], [ [ -99.299533599540311, 19.95574247666001 ], [ -99.29952536901456, 19.955658584248191 ] ], [ [ -99.29952536901456, 19.955658584248191 ], [ -99.29947672326216, 19.955551861377263 ] ], [ [ -99.29947672326216, 19.955551861377263 ], [ -99.299444184685939, 19.955429876028163 ] ], [ [ -99.299444184685939, 19.955429876028163 ], [ -99.299403585113865, 19.955300276232855 ] ], [ [ -99.299403585113865, 19.955300276232855 ], [ -99.299362785110844, 19.955156768276062 ] ], [ [ -99.299362785110844, 19.955156768276062 ], [ -99.29936099998784, 19.955021230149988 ] ], [ [ -99.29936099998784, 19.955021230149988 ], [ -99.299313138140931, 19.954893461262866 ] ], [ [ -99.299313138140931, 19.954893461262866 ], [ -99.299271630711303, 19.954763722020996 ] ], [ [ -99.299271630711303, 19.954763722020996 ], [ -99.299198492122088, 19.954647137302519 ] ], [ [ -99.299198492122088, 19.954647137302519 ], [ -99.299148245912548, 19.95452018455266 ] ], [ [ -99.299148245912548, 19.95452018455266 ], [ -99.299102399737819, 19.954391753419856 ] ], [ [ -99.299102399737819, 19.954391753419856 ], [ -99.299034261586925, 19.954272491481795 ] ], [ [ -99.299034261586925, 19.954272491481795 ], [ -99.298958984671657, 19.954157137033512 ] ], [ [ -99.298958984671657, 19.954157137033512 ], [ -99.298904584826658, 19.954031737738902 ] ], [ [ -99.298904584826658, 19.954031737738902 ], [ -99.298855676652749, 19.953904307404773 ] ], [ [ -99.298855676652749, 19.953904307404773 ], [ -99.298793891660921, 19.953781999748109 ] ], [ [ -99.298793891660921, 19.953781999748109 ], [ -99.298696769191878, 19.953682307673631 ] ], [ [ -99.298696769191878, 19.953682307673631 ], [ -99.298620708279174, 19.953567399732194 ] ], [ [ -99.298620708279174, 19.953567399732194 ], [ -99.298565491669549, 19.953442307693987 ] ], [ [ -99.298565491669549, 19.953442307693987 ], [ -99.29853563147023, 19.953309737654351 ] ], [ [ -99.29853563147023, 19.953309737654351 ], [ -99.298499985080213, 19.953178445400908 ] ], [ [ -99.298499985080213, 19.953178445400908 ], [ -99.298457322835333, 19.953049030087772 ] ], [ [ -99.298457322835333, 19.953049030087772 ], [ -99.298398462119579, 19.952945107154271 ] ], [ [ -99.298398462119579, 19.952945107154271 ], [ -99.298288061777711, 19.952799630377562 ] ], [ [ -99.298288061777711, 19.952799630377562 ], [ -99.298207154428084, 19.952709568266727 ] ], [ [ -99.298207154428084, 19.952709568266727 ], [ -99.298096784803292, 19.952577968381302 ] ], [ [ -99.298096784803292, 19.952577968381302 ], [ -99.297995569304433, 19.952508645099396 ] ], [ [ -99.297995569304433, 19.952508645099396 ], [ -99.29790929171827, 19.952400399270307 ] ], [ [ -99.29790929171827, 19.952400399270307 ], [ -99.297822922923899, 19.952292214335497 ] ], [ [ -99.297822922923899, 19.952292214335497 ], [ -99.297728800305237, 19.952189983964654 ] ], [ [ -99.297728800305237, 19.952189983964654 ], [ -99.29763224598824, 19.952089784653705 ] ], [ [ -99.29763224598824, 19.952089784653705 ], [ -99.29754490785794, 19.951982291321933 ] ], [ [ -99.29754490785794, 19.951982291321933 ], [ -99.297436692316424, 19.951893399606156 ] ], [ [ -99.297436692316424, 19.951893399606156 ], [ -99.297338677298939, 19.951794491477735 ] ], [ [ -99.297338677298939, 19.951794491477735 ], [ -99.297250907824051, 19.951691630603896 ] ], [ [ -99.297250907824051, 19.951691630603896 ], [ -99.297198754067054, 19.951559168196454 ] ], [ [ -99.297198754067054, 19.951559168196454 ], [ -99.297128753593157, 19.951440891568936 ] ], [ [ -99.297128753593157, 19.951440891568936 ], [ -99.297081353973653, 19.951331230264184 ] ], [ [ -99.297081353973653, 19.951331230264184 ], [ -99.296985723274318, 19.951227368744131 ] ], [ [ -99.296985723274318, 19.951227368744131 ], [ -99.296853384646795, 19.951102722299304 ] ], [ [ -99.296853384646795, 19.951102722299304 ], [ -99.29682738544065, 19.951075753565277 ] ], [ [ -99.29682738544065, 19.951075753565277 ], [ -99.296777122516161, 19.951023645834674 ] ], [ [ -99.296777122516161, 19.951023645834674 ], [ -99.296683492146542, 19.95092099936749 ] ], [ [ -99.296683492146542, 19.95092099936749 ], [ -99.296585461743433, 19.950822107774876 ] ], [ [ -99.296585461743433, 19.950822107774876 ], [ -99.296495830558428, 19.950716307505854 ] ], [ [ -99.296495830558428, 19.950716307505854 ], [ -99.29640958534813, 19.950608045226147 ] ], [ [ -99.29640958534813, 19.950608045226147 ], [ -99.296323215021502, 19.950499861368396 ] ], [ [ -99.296323215021502, 19.950499861368396 ], [ -99.296214645741514, 19.95041135333636 ] ], [ [ -99.296214645741514, 19.95041135333636 ], [ -99.296113431324343, 19.95031536857962 ] ], [ [ -99.296113431324343, 19.95031536857962 ], [ -99.296020892355116, 19.950211845434623 ] ], [ [ -99.296020892355116, 19.950211845434623 ], [ -99.295910662098237, 19.950125199786001 ] ], [ [ -99.295910662098237, 19.950125199786001 ], [ -99.295812076788124, 19.950026784731033 ] ], [ [ -99.295812076788124, 19.950026784731033 ], [ -99.295704137597511, 19.949937584028611 ] ], [ [ -99.295704137597511, 19.949937584028611 ], [ -99.295606369217708, 19.949838461719025 ] ], [ [ -99.295606369217708, 19.949838461719025 ], [ -99.295505985359071, 19.949741691731909 ] ], [ [ -99.295505985359071, 19.949741691731909 ], [ -99.295418877170647, 19.949634030104058 ] ], [ [ -99.295418877170647, 19.949634030104058 ], [ -99.295382154388975, 19.949503014792963 ] ], [ [ -99.295382154388975, 19.949503014792963 ], [ -99.295395322863882, 19.949368030474428 ] ], [ [ -99.295395322863882, 19.949368030474428 ], [ -99.295387953615986, 19.94928393696901 ] ], [ [ -99.295387953615986, 19.94928393696901 ], [ -99.29537376914881, 19.949183445581973 ] ], [ [ -99.29537376914881, 19.949183445581973 ], [ -99.295374661627434, 19.949047891496377 ] ], [ [ -99.295374661627434, 19.949047891496377 ], [ -99.295351830713116, 19.948914076718676 ] ], [ [ -99.295351830713116, 19.948914076718676 ], [ -99.295343691620999, 19.948778736951564 ] ], [ [ -99.295343691620999, 19.948778736951564 ], [ -99.295343200225574, 19.948643199037445 ] ], [ [ -99.295343200225574, 19.948643199037445 ], [ -99.295342938305581, 19.948507645287091 ] ], [ [ -99.295342938305581, 19.948507645287091 ], [ -99.295337200325832, 19.948372199702813 ] ], [ [ -99.295337200325832, 19.948372199702813 ], [ -99.295308153823086, 19.948239476379239 ] ], [ [ -99.295308153823086, 19.948239476379239 ], [ -99.29528276883552, 19.948171661654833 ] ], [ [ -99.29528276883552, 19.948171661654833 ], [ -99.295256045977169, 19.948100307048762 ] ], [ [ -99.295256045977169, 19.948100307048762 ], [ -99.295182000393808, 19.947984168142035 ] ], [ [ -99.295182000393808, 19.947984168142035 ], [ -99.295122907816378, 19.947887922338104 ] ], [ [ -99.295122907816378, 19.947887922338104 ], [ -99.295021338365089, 19.947792276142849 ] ], [ [ -99.295021338365089, 19.947792276142849 ], [ -99.294917184895866, 19.947699136942081 ] ], [ [ -99.294917184895866, 19.947699136942081 ], [ -99.29480407668008, 19.947615876454254 ] ], [ [ -99.29480407668008, 19.947615876454254 ], [ -99.294707645618132, 19.94751558443939 ] ], [ [ -99.294707645618132, 19.94751558443939 ], [ -99.294587907986894, 19.947441045450827 ] ], [ [ -99.294587907986894, 19.947441045450827 ], [ -99.294457722552096, 19.947384322570397 ] ], [ [ -99.294457722552096, 19.947384322570397 ], [ -99.294323045668492, 19.947337907021669 ] ], [ [ -99.294323045668492, 19.947337907021669 ], [ -99.29430652299267, 19.947331584773689 ] ], [ [ -99.29430652299267, 19.947331584773689 ], [ -99.294190123135806, 19.947287137152816 ] ], [ [ -99.294190123135806, 19.947287137152816 ], [ -99.294047723243395, 19.947271614825539 ] ], [ [ -99.294047723243395, 19.947271614825539 ], [ -99.293906677203225, 19.947247445249676 ] ], [ [ -99.293906677203225, 19.947247445249676 ], [ -99.29377221525327, 19.947200460946576 ] ], [ [ -99.29377221525327, 19.947200460946576 ], [ -99.293642291669954, 19.947167061272996 ] ], [ [ -99.293642291669954, 19.947167061272996 ], [ -99.293494508357611, 19.947097537031194 ] ], [ [ -99.293494508357611, 19.947097537031194 ], [ -99.293412999798377, 19.947007276145929 ] ], [ [ -99.293412999798377, 19.947007276145929 ], [ -99.293363522890175, 19.94686784497949 ] ], [ [ -99.293363522890175, 19.94686784497949 ], [ -99.293340768805578, 19.946758784157442 ] ], [ [ -99.293340768805578, 19.946758784157442 ], [ -99.293318353798796, 19.946612322536645 ] ], [ [ -99.293318353798796, 19.946612322536645 ], [ -99.293301369139328, 19.946525876093666 ] ], [ [ -99.293301369139328, 19.946525876093666 ], [ -99.293290814878773, 19.946390691033656 ] ], [ [ -99.293290814878773, 19.946390691033656 ], [ -99.293300984545866, 19.946255491455002 ] ], [ [ -99.293300984545866, 19.946255491455002 ], [ -99.293287523395421, 19.946120537423543 ] ], [ [ -99.293287523395421, 19.946120537423543 ], [ -99.293233968776107, 19.945994814724784 ] ], [ [ -99.293233968776107, 19.945994814724784 ], [ -99.293158231089777, 19.945879722827073 ] ], [ [ -99.293158231089777, 19.945879722827073 ], [ -99.29303752275888, 19.945806614201842 ] ], [ [ -99.29303752275888, 19.945806614201842 ], [ -99.292896877198856, 19.945780430808732 ] ], [ [ -99.292896877198856, 19.945780430808732 ], [ -99.292753907747468, 19.945770614466475 ] ], [ [ -99.292753907747468, 19.945770614466475 ], [ -99.292619014674898, 19.945729276294163 ] ], [ [ -99.292619014674898, 19.945729276294163 ], [ -99.292490045654006, 19.945686568638266 ] ], [ [ -99.292490045654006, 19.945686568638266 ], [ -99.292375214536193, 19.945605430806076 ] ], [ [ -99.292375214536193, 19.945605430806076 ], [ -99.29226101510173, 19.945523491805652 ] ], [ [ -99.29226101510173, 19.945523491805652 ], [ -99.292150708447082, 19.945443861673279 ] ], [ [ -99.292150708447082, 19.945443861673279 ], [ -99.292065538325389, 19.945364061071068 ] ], [ [ -99.292065538325389, 19.945364061071068 ], [ -99.291974861780261, 19.945226461599315 ] ], [ [ -99.291974861780261, 19.945226461599315 ], [ -99.29190884585411, 19.945106137256108 ] ], [ [ -99.29190884585411, 19.945106137256108 ], [ -99.291890645658668, 19.944971676135339 ] ], [ [ -99.291890645658668, 19.944971676135339 ], [ -99.291880337711092, 19.944836476511455 ] ], [ [ -99.291880337711092, 19.944836476511455 ], [ -99.291863662264433, 19.944701861318826 ] ], [ [ -99.291863662264433, 19.944701861318826 ], [ -99.291847800162628, 19.944567137360867 ] ], [ [ -99.291847800162628, 19.944567137360867 ], [ -99.291790676783208, 19.94444281482345 ] ], [ [ -99.291790676783208, 19.94444281482345 ], [ -99.291684908074785, 19.944351337498226 ] ], [ [ -99.291684908074785, 19.944351337498226 ], [ -99.291558723330112, 19.94428701427594 ] ], [ [ -99.291558723330112, 19.94428701427594 ], [ -99.291447908349696, 19.944201030757128 ] ], [ [ -99.291447908349696, 19.944201030757128 ], [ -99.291343861599728, 19.944107799666064 ] ], [ [ -99.291343861599728, 19.944107799666064 ], [ -99.291210230866696, 19.944015322084645 ] ], [ [ -99.291210230866696, 19.944015322084645 ], [ -99.291108691791791, 19.943959137133426 ] ], [ [ -99.291108691791791, 19.943959137133426 ], [ -99.290983476951425, 19.943893137139412 ] ], [ [ -99.290983476951425, 19.943893137139412 ], [ -99.290847661670483, 19.943849799001704 ] ], [ [ -99.290847661670483, 19.943849799001704 ], [ -99.290704737964461, 19.943839384038682 ] ], [ [ -99.290704737964461, 19.943839384038682 ], [ -99.290561476653977, 19.943844091353714 ] ], [ [ -99.290561476653977, 19.943844091353714 ], [ -99.290421862350854, 19.943874768643532 ] ], [ [ -99.290421862350854, 19.943874768643532 ], [ -99.290306276720656, 19.943954936986202 ] ], [ [ -99.290306276720656, 19.943954936986202 ], [ -99.290165800397105, 19.943997075991501 ] ], [ [ -99.290165800397105, 19.943997075991501 ], [ -99.290037799551129, 19.944018307301413 ] ], [ [ -99.290037799551129, 19.944018307301413 ], [ -99.289894553627164, 19.944013214229894 ] ], [ [ -99.289894553627164, 19.944013214229894 ], [ -99.289751292109031, 19.944008613964584 ] ], [ [ -99.289751292109031, 19.944008613964584 ], [ -99.289606615453096, 19.944039845579617 ] ], [ [ -99.289606615453096, 19.944039845579617 ], [ -99.289501015019425, 19.944103799467786 ] ], [ [ -99.289501015019425, 19.944103799467786 ], [ -99.289365368723026, 19.94414761434814 ] ], [ [ -99.289365368723026, 19.94414761434814 ], [ -99.289230091772723, 19.944129014300941 ] ], [ [ -99.289230091772723, 19.944129014300941 ], [ -99.289108861890526, 19.94406198419447 ] ], [ [ -99.289108861890526, 19.94406198419447 ], [ -99.289015230557254, 19.943959337102545 ] ], [ [ -99.289015230557254, 19.943959337102545 ], [ -99.288922599689741, 19.943855907269644 ] ], [ [ -99.288922599689741, 19.943855907269644 ], [ -99.288821291773672, 19.9437600143211 ] ], [ [ -99.288821291773672, 19.9437600143211 ], [ -99.288714615400892, 19.943669461633412 ] ], [ [ -99.288714615400892, 19.943669461633412 ], [ -99.28862081473261, 19.943566968150481 ] ], [ [ -99.28862081473261, 19.943566968150481 ], [ -99.28851193753998, 19.943478799471141 ] ], [ [ -99.28851193753998, 19.943478799471141 ], [ -99.288448491823758, 19.943387214428725 ] ], [ [ -99.288448491823758, 19.943387214428725 ], [ -99.288484000169916, 19.943267737523488 ] ], [ [ -99.288484000169916, 19.943267737523488 ], [ -99.288594354322854, 19.94299892284922 ] ], [ [ -99.288594354322854, 19.94299892284922 ], [ -99.288670908060666, 19.942655784705813 ] ], [ [ -99.288670908060666, 19.942655784705813 ], [ -99.288691337743231, 19.94259301420367 ] ], [ [ -99.288691337743231, 19.94259301420367 ], [ -99.288783522836042, 19.9423095840584 ] ], [ [ -99.288783522836042, 19.9423095840584 ], [ -99.288795137575974, 19.942070522163341 ] ], [ [ -99.288795137575974, 19.942070522163341 ], [ -99.288710400306755, 19.941847568826027 ] ], [ [ -99.288710400306755, 19.941847568826027 ], [ -99.288475014648682, 19.941619461216579 ] ], [ [ -99.288475014648682, 19.941619461216579 ], [ -99.288219430763618, 19.941521984430825 ] ], [ [ -99.288219430763618, 19.941521984430825 ], [ -99.288215353577897, 19.941517645717862 ] ], [ [ -99.288215353577897, 19.941517645717862 ], [ -99.288071323192057, 19.941481245537574 ] ], [ [ -99.288071323192057, 19.941481245537574 ], [ -99.287944337690007, 19.941461875992491 ] ], [ [ -99.287944337690007, 19.941461875992491 ], [ -99.287801000135445, 19.941460830194348 ] ], [ [ -99.287801000135445, 19.941460830194348 ], [ -99.287662600061694, 19.941425568441261 ] ], [ [ -99.287662600061694, 19.941425568441261 ], [ -99.287545046268804, 19.941351307115262 ] ], [ [ -99.287545046268804, 19.941351307115262 ], [ -99.287439600009591, 19.941220676243038 ] ], [ [ -99.287439600009591, 19.941220676243038 ], [ -99.287389568983826, 19.94111089137208 ] ], [ [ -99.287389568983826, 19.94111089137208 ], [ -99.287372537652388, 19.94101947625845 ] ], [ [ -99.287372537652388, 19.94101947625845 ], [ -99.287374354394956, 19.940877322020661 ] ], [ [ -99.287374354394956, 19.940877322020661 ], [ -99.287417830583422, 19.940748153716651 ] ], [ [ -99.287417830583422, 19.940748153716651 ], [ -99.287443154104096, 19.940667984424234 ] ], [ [ -99.287443154104096, 19.940667984424234 ], [ -99.287454030902808, 19.940623476478979 ] ], [ [ -99.287454030902808, 19.940623476478979 ], [ -99.287487661791474, 19.940485707467413 ] ], [ [ -99.287487661791474, 19.940485707467413 ], [ -99.287482046120743, 19.940350261049627 ] ], [ [ -99.287482046120743, 19.940350261049627 ], [ -99.287434431299886, 19.940222414562541 ] ], [ [ -99.287434431299886, 19.940222414562541 ], [ -99.287359862260089, 19.940135291440523 ] ], [ [ -99.287359862260089, 19.940135291440523 ], [ -99.287254462295451, 19.940025599622842 ] ], [ [ -99.287254462295451, 19.940025599622842 ], [ -99.287238168700199, 19.939990584282814 ] ], [ [ -99.287238168700199, 19.939990584282814 ], [ -99.28719769168228, 19.939903645743541 ] ], [ [ -99.28719769168228, 19.939903645743541 ], [ -99.287184414923289, 19.939768676137302 ] ], [ [ -99.287184414923289, 19.939768676137302 ], [ -99.287119784667752, 19.939647675980591 ] ], [ [ -99.287119784667752, 19.939647675980591 ], [ -99.287035492080193, 19.939538045235871 ] ], [ [ -99.287035492080193, 19.939538045235871 ], [ -99.286960723110383, 19.939433199695799 ] ], [ [ -99.286960723110383, 19.939433199695799 ], [ -99.286790723029341, 19.939343199393026 ] ], [ [ -99.286790723029341, 19.939343199393026 ], [ -99.286436399596084, 19.939142937566675 ] ], [ [ -99.286436399596084, 19.939142937566675 ], [ -99.286284523285488, 19.939047537331557 ] ], [ [ -99.286284523285488, 19.939047537331557 ], [ -99.285980937964936, 19.938942830478279 ] ], [ [ -99.285980937964936, 19.938942830478279 ], [ -99.285748323320107, 19.938943199458546 ] ], [ [ -99.285748323320107, 19.938943199458546 ], [ -99.28556649244176, 19.939058260961012 ] ], [ [ -99.28556649244176, 19.939058260961012 ], [ -99.285455462305563, 19.939182768574238 ] ], [ [ -99.285455462305563, 19.939182768574238 ], [ -99.285435708245728, 19.939441014667697 ] ], [ [ -99.285435708245728, 19.939441014667697 ], [ -99.285395615133368, 19.939641922725539 ] ], [ [ -99.285395615133368, 19.939641922725539 ], [ -99.285355368729725, 19.939756753243376 ] ], [ [ -99.285355368729725, 19.939756753243376 ], [ -99.285234245778554, 19.939890845666984 ] ], [ [ -99.285234245778554, 19.939890845666984 ], [ -99.285001677269548, 19.939919907179462 ] ], [ [ -99.285001677269548, 19.939919907179462 ], [ -99.284748507613898, 19.939729045486313 ] ], [ [ -99.284748507613898, 19.939729045486313 ], [ -99.28454590782124, 19.939547645018536 ] ], [ [ -99.28454590782124, 19.939547645018536 ], [ -99.284404000400514, 19.939366168849084 ] ], [ [ -99.284404000400514, 19.939366168849084 ], [ -99.284295168985551, 19.939247722390068 ] ], [ [ -99.284295168985551, 19.939247722390068 ], [ -99.284079723453203, 19.93900326126699 ] ], [ [ -99.284079723453203, 19.93900326126699 ], [ -99.284028753588899, 19.938783368501674 ] ], [ [ -99.284028753588899, 19.938783368501674 ], [ -99.28400789246372, 19.938429537818848 ] ], [ [ -99.28400789246372, 19.938429537818848 ], [ -99.283956831317795, 19.938152276087401 ] ], [ [ -99.283956831317795, 19.938152276087401 ], [ -99.283895753582541, 19.937932399151475 ] ], [ [ -99.283895753582541, 19.937932399151475 ], [ -99.283814430719957, 19.937693445437763 ] ], [ [ -99.283814430719957, 19.937693445437763 ], [ -99.28375347731469, 19.937540522348151 ] ], [ [ -99.28375347731469, 19.937540522348151 ], [ -99.283601691892486, 19.937492936962496 ] ], [ [ -99.283601691892486, 19.937492936962496 ], [ -99.283419630906963, 19.93748366174135 ] ], [ [ -99.283419630906963, 19.93748366174135 ], [ -99.283085630842649, 19.937340737499976 ] ], [ [ -99.283085630842649, 19.937340737499976 ], [ -99.282872968777994, 19.937178490955382 ] ], [ [ -99.282872968777994, 19.937178490955382 ], [ -99.282822045669263, 19.936977737435349 ] ], [ [ -99.282822045669263, 19.936977737435349 ], [ -99.282851968925144, 19.936748153202274 ] ], [ [ -99.282851968925144, 19.936748153202274 ], [ -99.283013400431116, 19.936527937362918 ] ], [ [ -99.283013400431116, 19.936527937362918 ], [ -99.283225585019906, 19.936422384362324 ] ], [ [ -99.283225585019906, 19.936422384362324 ], [ -99.283437631412411, 19.936230768557554 ] ], [ [ -99.283437631412411, 19.936230768557554 ], [ -99.283548353849696, 19.935943691489257 ] ], [ [ -99.283548353849696, 19.935943691489257 ], [ -99.283669199663393, 19.93565658451956 ] ], [ [ -99.283669199663393, 19.93565658451956 ], [ -99.283719291922324, 19.935388707678289 ] ], [ [ -99.283719291922324, 19.935388707678289 ], [ -99.283759430939156, 19.935216491666694 ] ], [ [ -99.283759430939156, 19.935216491666694 ], [ -99.283803907893244, 19.935093014086775 ] ], [ [ -99.283803907893244, 19.935093014086775 ], [ -99.283820108029744, 19.935001753662998 ] ], [ [ -99.283820108029744, 19.935001753662998 ], [ -99.283879446432877, 19.934878353705038 ] ], [ [ -99.283879446432877, 19.934878353705038 ], [ -99.283952015192355, 19.934761461089305 ] ], [ [ -99.283952015192355, 19.934761461089305 ], [ -99.284039891734054, 19.9346543841881 ] ], [ [ -99.284039891734054, 19.9346543841881 ], [ -99.284144246371028, 19.934561445068592 ] ], [ [ -99.284144246371028, 19.934561445068592 ], [ -99.284244554055405, 19.934464630023694 ] ], [ [ -99.284244554055405, 19.934464630023694 ], [ -99.284312092427598, 19.934345075949 ] ], [ [ -99.284312092427598, 19.934345075949 ], [ -99.284350245880375, 19.934214414137823 ] ], [ [ -99.284350245880375, 19.934214414137823 ], [ -99.284356569057167, 19.934078999031158 ] ], [ [ -99.284356569057167, 19.934078999031158 ], [ -99.284363768844642, 19.933943614147459 ] ], [ [ -99.284363768844642, 19.933943614147459 ], [ -99.284410031450179, 19.933815322510068 ] ], [ [ -99.284410031450179, 19.933815322510068 ], [ -99.284496445646127, 19.93370615302355 ] ], [ [ -99.284496445646127, 19.93370615302355 ], [ -99.284523091733547, 19.933553491211295 ] ], [ [ -99.284523091733547, 19.933553491211295 ], [ -99.284486508356906, 19.933422336997591 ] ], [ [ -99.284486508356906, 19.933422336997591 ], [ -99.284381722827632, 19.933329830275316 ] ], [ [ -99.284381722827632, 19.933329830275316 ], [ -99.284258338419718, 19.933260875993405 ] ], [ [ -99.284258338419718, 19.933260875993405 ], [ -99.284130430638058, 19.933199691250152 ] ], [ [ -99.284130430638058, 19.933199691250152 ], [ -99.284027645539851, 19.933105214622127 ] ], [ [ -99.284027645539851, 19.933105214622127 ], [ -99.283944045891673, 19.932995107371244 ] ], [ [ -99.283944045891673, 19.932995107371244 ], [ -99.283911523377796, 19.932863091060963 ] ], [ [ -99.283911523377796, 19.932863091060963 ], [ -99.283948061689941, 19.93273203069753 ] ], [ [ -99.283948061689941, 19.93273203069753 ], [ -99.284047445606731, 19.932634368035874 ] ], [ [ -99.284047445606731, 19.932634368035874 ], [ -99.284186985072779, 19.932603337663291 ] ], [ [ -99.284186985072779, 19.932603337663291 ], [ -99.284328154057334, 19.932626753232235 ] ], [ [ -99.284328154057334, 19.932626753232235 ], [ -99.284427123177196, 19.932618061131052 ] ], [ [ -99.284427123177196, 19.932618061131052 ], [ -99.284514476964233, 19.93254159952804 ] ], [ [ -99.284514476964233, 19.93254159952804 ], [ -99.284507522535108, 19.932414430349223 ] ], [ [ -99.284507522535108, 19.932414430349223 ], [ -99.284496953764162, 19.932298753471322 ] ], [ [ -99.284496953764162, 19.932298753471322 ], [ -99.284446631399462, 19.932199061475838 ] ], [ [ -99.284446631399462, 19.932199061475838 ], [ -99.284345476861276, 19.9320847533712 ] ], [ [ -99.284345476861276, 19.9320847533712 ], [ -99.284254677026851, 19.93201393747848 ] ], [ [ -99.284254677026851, 19.93201393747848 ], [ -99.284123185134675, 19.931959968047348 ] ], [ [ -99.284123185134675, 19.931959968047348 ], [ -99.283983645854093, 19.931929030031036 ] ], [ [ -99.283983645854093, 19.931929030031036 ], [ -99.283840953837696, 19.931916214558605 ] ], [ [ -99.283840953837696, 19.931916214558605 ], [ -99.283697645911786, 19.931913568639132 ] ], [ [ -99.283697645911786, 19.931913568639132 ], [ -99.28355443076255, 19.931919261756768 ] ], [ [ -99.28355443076255, 19.931919261756768 ], [ -99.283411107532388, 19.931920107690257 ] ], [ [ -99.283411107532388, 19.931920107690257 ], [ -99.283277907555401, 19.931970184373881 ] ], [ [ -99.283277907555401, 19.931970184373881 ], [ -99.283170645933524, 19.932060091318164 ] ], [ [ -99.283170645933524, 19.932060091318164 ], [ -99.283074522916806, 19.932160645048935 ] ], [ [ -99.283074522916806, 19.932160645048935 ], [ -99.282953937692668, 19.932233907383754 ] ], [ [ -99.282953937692668, 19.932233907383754 ], [ -99.282811569356483, 19.932249568138417 ] ], [ [ -99.282811569356483, 19.932249568138417 ], [ -99.28266923110813, 19.932233629974998 ] ], [ [ -99.28266923110813, 19.932233629974998 ], [ -99.282545491956938, 19.932165199276678 ] ], [ [ -99.282545491956938, 19.932165199276678 ], [ -99.282443199560859, 19.932070245409914 ] ], [ [ -99.282443199560859, 19.932070245409914 ], [ -99.282413277042664, 19.931937691582682 ] ], [ [ -99.282413277042664, 19.931937691582682 ], [ -99.282407214933386, 19.931802261572152 ] ], [ [ -99.282407214933386, 19.931802261572152 ], [ -99.282406400396923, 19.931666707123352 ] ], [ [ -99.282406400396923, 19.931666707123352 ], [ -99.282384245992276, 19.931532784807487 ] ], [ [ -99.282384245992276, 19.931532784807487 ], [ -99.282339814802782, 19.931403907659803 ] ], [ [ -99.282339814802782, 19.931403907659803 ], [ -99.282273368767363, 19.931283799410249 ] ], [ [ -99.282273368767363, 19.931283799410249 ], [ -99.282169908451749, 19.931189999504372 ] ], [ [ -99.282169908451749, 19.931189999504372 ], [ -99.282068045945863, 19.931094645171346 ] ], [ [ -99.282068045945863, 19.931094645171346 ], [ -99.281969600313815, 19.931029429962415 ] ], [ [ -99.281969600313815, 19.931029429962415 ], [ -99.281844862358042, 19.93097503020968 ] ], [ [ -99.281844862358042, 19.93097503020968 ], [ -99.281742000061513, 19.930884184625558 ] ], [ [ -99.281742000061513, 19.930884184625558 ], [ -99.281703338191747, 19.930805384122582 ] ], [ [ -99.281703338191747, 19.930805384122582 ], [ -99.281762722792735, 19.930532845127072 ] ], [ [ -99.281762722792735, 19.930532845127072 ], [ -99.281805169185944, 19.93041550744227 ] ], [ [ -99.281805169185944, 19.93041550744227 ], [ -99.281824785197628, 19.930335907562551 ] ], [ [ -99.281824785197628, 19.930335907562551 ], [ -99.281851969451751, 19.930202814448531 ] ], [ [ -99.281851969451751, 19.930202814448531 ], [ -99.281899522949431, 19.930074937019231 ] ], [ [ -99.281899522949431, 19.930074937019231 ], [ -99.281958322661467, 19.929951322038225 ] ], [ [ -99.281958322661467, 19.929951322038225 ], [ -99.282045262447966, 19.929843553671908 ] ], [ [ -99.282045262447966, 19.929843553671908 ], [ -99.282157031364463, 19.929758691489209 ] ], [ [ -99.282157031364463, 19.929758691489209 ], [ -99.282277692236192, 19.929685537428618 ] ], [ [ -99.282277692236192, 19.929685537428618 ], [ -99.282362754170379, 19.929576445105578 ] ], [ [ -99.282362754170379, 19.929576445105578 ], [ -99.282401137976208, 19.929445845625899 ] ], [ [ -99.282401137976208, 19.929445845625899 ], [ -99.282400891956954, 19.929310291702308 ] ], [ [ -99.282400891956954, 19.929310291702308 ], [ -99.282400584586114, 19.929174737603631 ] ], [ [ -99.282400584586114, 19.929174737603631 ], [ -99.282385400259244, 19.929039953188269 ] ], [ [ -99.282385400259244, 19.929039953188269 ], [ -99.2823598002593, 19.928906584152767 ] ], [ [ -99.2823598002593, 19.928906584152767 ], [ -99.282359614675855, 19.928771030475776 ] ], [ [ -99.282359614675855, 19.928771030475776 ], [ -99.282360153559864, 19.928635491614113 ] ], [ [ -99.282360153559864, 19.928635491614113 ], [ -99.282365999767222, 19.92850004517048 ] ], [ [ -99.282365999767222, 19.92850004517048 ], [ -99.282385768783229, 19.928365799341883 ] ], [ [ -99.282385768783229, 19.928365799341883 ], [ -99.282386199620106, 19.928230244997803 ] ], [ [ -99.282386199620106, 19.928230244997803 ], [ -99.28240932301695, 19.928096476375973 ] ], [ [ -99.28240932301695, 19.928096476375973 ], [ -99.282456154459808, 19.927968353108156 ] ], [ [ -99.282456154459808, 19.927968353108156 ], [ -99.282540015248685, 19.927858430637908 ] ], [ [ -99.282540015248685, 19.927858430637908 ], [ -99.282651231450558, 19.927772922827899 ] ], [ [ -99.282651231450558, 19.927772922827899 ], [ -99.282764877018195, 19.927690322561137 ] ], [ [ -99.282764877018195, 19.927690322561137 ], [ -99.282869108255099, 19.92759729124457 ] ], [ [ -99.282869108255099, 19.92759729124457 ], [ -99.282970214683459, 19.927501214678134 ] ], [ [ -99.282970214683459, 19.927501214678134 ], [ -99.283050446346536, 19.927388891450949 ] ], [ [ -99.283050446346536, 19.927388891450949 ], [ -99.282998984940463, 19.927223984224216 ] ], [ [ -99.282998984940463, 19.927223984224216 ], [ -99.282898031103173, 19.927127753106134 ] ], [ [ -99.282898031103173, 19.927127753106134 ], [ -99.282804922606644, 19.92702470766924 ] ], [ [ -99.282804922606644, 19.92702470766924 ], [ -99.282695677062122, 19.926936968134267 ] ], [ [ -99.282695677062122, 19.926936968134267 ], [ -99.282570753818135, 19.92687050748594 ] ], [ [ -99.282570753818135, 19.92687050748594 ], [ -99.282451908257201, 19.926794737474832 ] ], [ [ -99.282451908257201, 19.926794737474832 ], [ -99.28234161452292, 19.926708184743696 ] ], [ [ -99.28234161452292, 19.926708184743696 ], [ -99.282239184631209, 19.926613368323832 ] ], [ [ -99.282239184631209, 19.926613368323832 ], [ -99.282133722854823, 19.926521553783061 ] ], [ [ -99.282133722854823, 19.926521553783061 ], [ -99.282035722810946, 19.92642264518528 ] ], [ [ -99.282035722810946, 19.92642264518528 ], [ -99.281948246048913, 19.926315276720803 ] ], [ [ -99.281948246048913, 19.926315276720803 ], [ -99.281836308407193, 19.926230614446567 ] ], [ [ -99.281836308407193, 19.926230614446567 ], [ -99.281718045738728, 19.926154030202838 ] ], [ [ -99.281718045738728, 19.926154030202838 ], [ -99.281593707783088, 19.92608659919274 ] ], [ [ -99.281593707783088, 19.92608659919274 ], [ -99.281458614822398, 19.926041352959356 ] ], [ [ -99.281458614822398, 19.926041352959356 ], [ -99.281326384808409, 19.925989014517551 ] ], [ [ -99.281326384808409, 19.925989014517551 ], [ -99.281201553762898, 19.925922430218176 ] ], [ [ -99.281201553762898, 19.925922430218176 ], [ -99.281059199697879, 19.925906568206415 ] ], [ [ -99.281059199697879, 19.925906568206415 ], [ -99.280918214842657, 19.92588218462161 ] ], [ [ -99.280918214842657, 19.92588218462161 ], [ -99.280819538123154, 19.925783861523385 ] ], [ [ -99.280819538123154, 19.925783861523385 ], [ -99.280743231281804, 19.925669122269113 ] ], [ [ -99.280743231281804, 19.925669122269113 ], [ -99.280706014751829, 19.92553823049326 ] ], [ [ -99.280706014751829, 19.92553823049326 ], [ -99.280705631441734, 19.925402676401585 ] ], [ [ -99.280705631441734, 19.925402676401585 ], [ -99.280679769226012, 19.925269353580578 ] ], [ [ -99.280679769226012, 19.925269353580578 ], [ -99.28062953779758, 19.925142398967786 ] ], [ [ -99.28062953779758, 19.925142398967786 ], [ -99.280593799823009, 19.925011122129163 ] ], [ [ -99.280593799823009, 19.925011122129163 ], [ -99.280562277090112, 19.924878890954425 ] ], [ [ -99.280562277090112, 19.924878890954425 ], [ -99.280456954160002, 19.924786968144417 ] ], [ [ -99.280456954160002, 19.924786968144417 ], [ -99.280340246317564, 19.924708291060547 ] ], [ [ -99.280340246317564, 19.924708291060547 ], [ -99.280205184724977, 19.924662907399064 ] ], [ [ -99.280205184724977, 19.924662907399064 ], [ -99.280090646485277, 19.924581414037231 ] ], [ [ -99.280090646485277, 19.924581414037231 ], [ -99.279984968678264, 19.924489861712303 ] ], [ [ -99.279984968678264, 19.924489861712303 ], [ -99.279933737911492, 19.924363261650214 ] ], [ [ -99.279933737911492, 19.924363261650214 ], [ -99.279914538266922, 19.924228937729723 ] ], [ [ -99.279914538266922, 19.924228937729723 ], [ -99.279906262384856, 19.924093614836892 ] ], [ [ -99.279906262384856, 19.924093614836892 ], [ -99.27988812296023, 19.923959153117998 ] ], [ [ -99.27988812296023, 19.923959153117998 ], [ -99.279845430759821, 19.923829753339518 ] ], [ [ -99.279845430759821, 19.923829753339518 ], [ -99.279818061690094, 19.923711584278795 ] ], [ [ -99.279818061690094, 19.923711584278795 ], [ -99.279782277273597, 19.92363047632524 ] ], [ [ -99.279782277273597, 19.92363047632524 ], [ -99.279687646282269, 19.923527245076794 ] ], [ [ -99.279687646282269, 19.923527245076794 ], [ -99.279489831097791, 19.923412522198706 ] ], [ [ -99.279489831097791, 19.923412522198706 ], [ -99.279367907856184, 19.923341261457381 ] ], [ [ -99.279367907856184, 19.923341261457381 ], [ -99.279224984689762, 19.923351522256365 ] ], [ [ -99.279224984689762, 19.923351522256365 ], [ -99.279082491549161, 19.923336907041499 ] ], [ [ -99.279082491549161, 19.923336907041499 ], [ -99.278939169145488, 19.923336199149347 ] ], [ [ -99.278939169145488, 19.923336199149347 ], [ -99.278799769204582, 19.923304737625305 ] ], [ [ -99.278799769204582, 19.923304737625305 ], [ -99.278697585269498, 19.923263414203447 ] ], [ [ -99.278697585269498, 19.923263414203447 ], [ -99.278558753762894, 19.923222645137603 ] ], [ [ -99.278558753762894, 19.923222645137603 ], [ -99.278428692111277, 19.923239244952519 ] ], [ [ -99.278428692111277, 19.923239244952519 ], [ -99.278272630720963, 19.923264076251733 ] ], [ [ -99.278272630720963, 19.923264076251733 ], [ -99.278116614636545, 19.923313491706274 ] ], [ [ -99.278116614636545, 19.923313491706274 ], [ -99.277986554444112, 19.923321891533856 ] ], [ [ -99.277986554444112, 19.923321891533856 ], [ -99.277873784710394, 19.923305676355781 ] ], [ [ -99.277873784710394, 19.923305676355781 ], [ -99.277747584877019, 19.923238906983563 ] ], [ [ -99.277747584877019, 19.923238906983563 ], [ -99.277623584768108, 19.923143507284646 ] ], [ [ -99.277623584768108, 19.923143507284646 ], [ -99.277579169456487, 19.923014630852652 ] ], [ [ -99.277579169456487, 19.923014630852652 ], [ -99.277521877160865, 19.922890368290577 ] ], [ [ -99.277521877160865, 19.922890368290577 ], [ -99.277491214783112, 19.922757953581257 ] ], [ [ -99.277491214783112, 19.922757953581257 ], [ -99.277471231282533, 19.92267169172862 ] ], [ [ -99.277471231282533, 19.92267169172862 ], [ -99.277447414757333, 19.922538030026772 ] ], [ [ -99.277447414757333, 19.922538030026772 ], [ -99.277446568818036, 19.922402476116218 ] ], [ [ -99.277446568818036, 19.922402476116218 ], [ -99.277431814828816, 19.922267645317849 ] ], [ [ -99.277431814828816, 19.922267645317849 ], [ -99.277415061606845, 19.922133030682545 ] ], [ [ -99.277415061606845, 19.922133030682545 ], [ -99.277339231123122, 19.922018014809694 ] ], [ [ -99.277339231123122, 19.922018014809694 ], [ -99.277289045832234, 19.921891030323092 ] ], [ [ -99.277289045832234, 19.921891030323092 ], [ -99.277191477018761, 19.921791753125209 ] ], [ [ -99.277191477018761, 19.921791753125209 ], [ -99.277097815339232, 19.921689153399505 ] ], [ [ -99.277097815339232, 19.921689153399505 ], [ -99.276955862283813, 19.921670414327938 ] ], [ [ -99.276955862283813, 19.921670414327938 ], [ -99.276812599964984, 19.921666322811109 ] ], [ [ -99.276812599964984, 19.921666322811109 ], [ -99.276769446098129, 19.92166212249359 ] ], [ [ -99.276769446098129, 19.92166212249359 ], [ -99.276670031370074, 19.921652461003731 ] ], [ [ -99.276670031370074, 19.921652461003731 ], [ -99.276528677274186, 19.921630107553632 ] ], [ [ -99.276528677274186, 19.921630107553632 ], [ -99.27639021468822, 19.921595044992838 ] ], [ [ -99.27639021468822, 19.921595044992838 ], [ -99.27637006217256, 19.921593476265343 ] ], [ [ -99.27637006217256, 19.921593476265343 ], [ -99.276247384792541, 19.921583936990096 ] ], [ [ -99.276247384792541, 19.921583936990096 ], [ -99.27610480007678, 19.921597661515737 ] ], [ [ -99.27610480007678, 19.921597661515737 ], [ -99.27596598503338, 19.921631414156515 ] ], [ [ -99.27596598503338, 19.921631414156515 ], [ -99.275833492194479, 19.921683107467963 ] ], [ [ -99.275833492194479, 19.921683107467963 ], [ -99.27569670813628, 19.921723599126857 ] ], [ [ -99.27569670813628, 19.921723599126857 ], [ -99.275575522905271, 19.921795968165537 ] ], [ [ -99.275575522905271, 19.921795968165537 ], [ -99.275456322938339, 19.921871245015073 ] ], [ [ -99.275456322938339, 19.921871245015073 ], [ -99.275320814745314, 19.921915399423206 ] ], [ [ -99.275320814745314, 19.921915399423206 ], [ -99.275182122776542, 19.921949584230724 ] ], [ [ -99.275182122776542, 19.921949584230724 ], [ -99.275038953789277, 19.921943553420938 ] ], [ [ -99.275038953789277, 19.921943553420938 ], [ -99.274903122863265, 19.921900276410216 ] ], [ [ -99.274903122863265, 19.921900276410216 ], [ -99.274785662392475, 19.921822599797142 ] ], [ [ -99.274785662392475, 19.921822599797142 ], [ -99.27467716943552, 19.921734030554106 ] ], [ [ -99.27467716943552, 19.921734030554106 ], [ -99.274573507931095, 19.921640414701148 ] ], [ [ -99.274573507931095, 19.921640414701148 ], [ -99.274461031289761, 19.921592768222975 ] ], [ [ -99.274461031289761, 19.921592768222975 ], [ -99.274442707849389, 19.921584998985349 ] ], [ [ -99.274442707849389, 19.921584998985349 ], [ -99.274307138050673, 19.921541014429682 ] ], [ [ -99.274307138050673, 19.921541014429682 ], [ -99.274165799697926, 19.921518568389615 ] ], [ [ -99.274165799697926, 19.921518568389615 ], [ -99.274033214655134, 19.921467076798461 ] ], [ [ -99.274033214655134, 19.921467076798461 ], [ -99.273891769090014, 19.92144515351794 ] ], [ [ -99.273891769090014, 19.92144515351794 ], [ -99.273748862405824, 19.921434876789419 ] ], [ [ -99.273748862405824, 19.921434876789419 ], [ -99.273611414577573, 19.921396445449908 ] ], [ [ -99.273611414577573, 19.921396445449908 ], [ -99.273502276733623, 19.921308584563967 ] ], [ [ -99.273502276733623, 19.921308584563967 ], [ -99.273396615131063, 19.921216999092273 ] ], [ [ -99.273396615131063, 19.921216999092273 ], [ -99.27332475381607, 19.921099722561983 ] ], [ [ -99.27332475381607, 19.921099722561983 ], [ -99.273290800014365, 19.920968030391084 ] ], [ [ -99.273290800014365, 19.920968030391084 ], [ -99.273287091985424, 19.920832522130091 ] ], [ [ -99.273287091985424, 19.920832522130091 ], [ -99.273334553814109, 19.920704630495965 ] ], [ [ -99.273334553814109, 19.920704630495965 ], [ -99.273409984572368, 19.920589368080197 ] ], [ [ -99.273409984572368, 19.920589368080197 ], [ -99.273471599825612, 19.920466984000964 ] ], [ [ -99.273471599825612, 19.920466984000964 ], [ -99.273535507754289, 19.92034566110517 ] ], [ [ -99.273535507754289, 19.92034566110517 ], [ -99.273557122843499, 19.920211661796785 ] ], [ [ -99.273557122843499, 19.920211661796785 ], [ -99.273574337795395, 19.920077091079591 ] ], [ [ -99.273574337795395, 19.920077091079591 ], [ -99.273648091649662, 19.919960861010914 ] ], [ [ -99.273648091649662, 19.919960861010914 ], [ -99.273736876747691, 19.919854445345596 ] ], [ [ -99.273736876747691, 19.919854445345596 ], [ -99.273830785021431, 19.919752061087777 ] ], [ [ -99.273830785021431, 19.919752061087777 ], [ -99.273863861776562, 19.919620168205686 ] ], [ [ -99.273863861776562, 19.919620168205686 ], [ -99.273894876796987, 19.919487830279845 ] ], [ [ -99.273894876796987, 19.919487830279845 ], [ -99.27396193780713, 19.919368030054855 ] ], [ [ -99.27396193780713, 19.919368030054855 ], [ -99.274070337557475, 19.919279353462244 ] ], [ [ -99.274070337557475, 19.919279353462244 ], [ -99.274172046311747, 19.91916066112362 ] ], [ [ -99.274172046311747, 19.91916066112362 ], [ -99.274204045864138, 19.918992814403392 ] ], [ [ -99.274204045864138, 19.918992814403392 ], [ -99.274155430866372, 19.91888610710302 ] ], [ [ -99.274155430866372, 19.91888610710302 ], [ -99.274043476547632, 19.918806584343905 ] ], [ [ -99.274043476547632, 19.918806584343905 ], [ -99.273910338248825, 19.918790430669077 ] ], [ [ -99.273910338248825, 19.918790430669077 ], [ -99.273786477226679, 19.918801661772438 ] ], [ [ -99.273786477226679, 19.918801661772438 ], [ -99.27364221462885, 19.918791783938623 ] ], [ [ -99.27364221462885, 19.918791783938623 ], [ -99.273503200314778, 19.918731414643453 ] ], [ [ -99.273503200314778, 19.918731414643453 ], [ -99.273406831165303, 19.918620491126347 ] ], [ [ -99.273406831165303, 19.918620491126347 ], [ -99.273283261821703, 19.918518614390141 ] ], [ [ -99.273283261821703, 19.918518614390141 ], [ -99.273157677030028, 19.918453291278212 ] ], [ [ -99.273157677030028, 19.918453291278212 ], [ -99.273074754072809, 19.918373107675436 ] ], [ [ -99.273074754072809, 19.918373107675436 ], [ -99.27296776936096, 19.918297537597386 ] ], [ [ -99.27296776936096, 19.918297537597386 ], [ -99.272833677168848, 19.918191076797847 ] ], [ [ -99.272833677168848, 19.918191076797847 ], [ -99.272754138024851, 19.918091368778548 ] ], [ [ -99.272754138024851, 19.918091368778548 ], [ -99.272694600445888, 19.917954091453549 ] ], [ [ -99.272694600445888, 19.917954091453549 ], [ -99.272641461635942, 19.917813861170888 ] ], [ [ -99.272641461635942, 19.917813861170888 ], [ -99.272657231285621, 19.917662384242373 ] ], [ [ -99.272657231285621, 19.917662384242373 ], [ -99.272721153984278, 19.917551214784702 ] ], [ [ -99.272721153984278, 19.917551214784702 ], [ -99.272821462380975, 19.917445476829162 ] ], [ [ -99.272821462380975, 19.917445476829162 ], [ -99.272907861936446, 19.91733732270778 ] ], [ [ -99.272907861936446, 19.91733732270778 ], [ -99.272966323386811, 19.917213553389843 ] ], [ [ -99.272966323386811, 19.917213553389843 ], [ -99.272981568777297, 19.917078784510764 ] ], [ [ -99.272981568777297, 19.917078784510764 ], [ -99.272978737955299, 19.916943245379692 ] ], [ [ -99.272978737955299, 19.916943245379692 ], [ -99.272970569441441, 19.916813199658513 ] ], [ [ -99.272970569441441, 19.916813199658513 ], [ -99.272943615010178, 19.916676922049607 ] ], [ [ -99.272943615010178, 19.916676922049607 ], [ -99.272900922852159, 19.916544291645959 ] ], [ [ -99.272900922852159, 19.916544291645959 ], [ -99.272838784609178, 19.916422152994532 ] ], [ [ -99.272838784609178, 19.916422152994532 ], [ -99.272708137946751, 19.916366399639422 ] ], [ [ -99.272708137946751, 19.916366399639422 ], [ -99.272566677183136, 19.91638812198379 ] ], [ [ -99.272566677183136, 19.91638812198379 ], [ -99.272432800428817, 19.916436507805223 ] ], [ [ -99.272432800428817, 19.916436507805223 ], [ -99.27230224628822, 19.916492413970904 ] ], [ [ -99.27230224628822, 19.916492413970904 ], [ -99.272193814617225, 19.91658106126653 ] ], [ [ -99.272193814617225, 19.91658106126653 ], [ -99.272071615257332, 19.916651891144802 ] ], [ [ -99.272071615257332, 19.916651891144802 ], [ -99.271940031032173, 19.91670561434999 ] ], [ [ -99.271940031032173, 19.91670561434999 ], [ -99.271796814944324, 19.916710829973894 ] ], [ [ -99.271796814944324, 19.916710829973894 ], [ -99.271653630820879, 19.916704830076256 ] ], [ [ -99.271653630820879, 19.916704830076256 ], [ -99.271511431435158, 19.916687953657096 ] ], [ [ -99.271511431435158, 19.916687953657096 ], [ -99.271379722838688, 19.916634491036355 ] ], [ [ -99.271379722838688, 19.916634491036355 ], [ -99.271256768574332, 19.9165648610152 ] ], [ [ -99.271256768574332, 19.9165648610152 ], [ -99.271155477038889, 19.916468968480856 ] ], [ [ -99.271155477038889, 19.916468968480856 ], [ -99.271059108337766, 19.91636863041597 ] ], [ [ -99.271059108337766, 19.91636863041597 ], [ -99.270974954206125, 19.916258907276355 ] ], [ [ -99.270974954206125, 19.916258907276355 ], [ -99.270926015207905, 19.916131507591476 ] ], [ [ -99.270926015207905, 19.916131507591476 ], [ -99.270866123293345, 19.916008353257098 ] ], [ [ -99.270866123293345, 19.916008353257098 ], [ -99.270865662332966, 19.915872814234486 ] ], [ [ -99.270865662332966, 19.915872814234486 ], [ -99.270896585157203, 19.915740445788927 ] ], [ [ -99.270896585157203, 19.915740445788927 ], [ -99.270940676710282, 19.915611476717448 ] ], [ [ -99.270940676710282, 19.915611476717448 ], [ -99.271006400164012, 19.915491014081454 ] ], [ [ -99.271006400164012, 19.915491014081454 ], [ -99.271069062062907, 19.915369107369362 ] ], [ [ -99.271069062062907, 19.915369107369362 ], [ -99.271153723337008, 19.915259737303487 ] ], [ [ -99.271153723337008, 19.915259737303487 ], [ -99.271248322569349, 19.915157922419596 ] ], [ [ -99.271248322569349, 19.915157922419596 ], [ -99.271352891800021, 19.915065214520876 ] ], [ [ -99.271352891800021, 19.915065214520876 ], [ -99.271483554092285, 19.91500950704669 ] ], [ [ -99.271483554092285, 19.91500950704669 ], [ -99.271626337672373, 19.9149979221405 ] ], [ [ -99.271626337672373, 19.9149979221405 ], [ -99.27175256908879, 19.914933737484603 ] ], [ [ -99.27175256908879, 19.914933737484603 ], [ -99.271864569270306, 19.914849153120286 ] ], [ [ -99.271864569270306, 19.914849153120286 ], [ -99.271911277393386, 19.914720999804548 ] ], [ [ -99.271911277393386, 19.914720999804548 ], [ -99.271960338029515, 19.914593644950649 ] ], [ [ -99.271960338029515, 19.914593644950649 ], [ -99.272028938343681, 19.914474629990799 ] ], [ [ -99.272028938343681, 19.914474629990799 ], [ -99.272033707872538, 19.914339153571035 ] ], [ [ -99.272033707872538, 19.914339153571035 ], [ -99.272038662422332, 19.914203675964938 ] ], [ [ -99.272038662422332, 19.914203675964938 ], [ -99.272043538040691, 19.914068214182635 ] ], [ [ -99.272043538040691, 19.914068214182635 ], [ -99.272043414724877, 19.914025399035001 ] ], [ [ -99.272043414724877, 19.914025399035001 ], [ -99.272043214727987, 19.913951414351597 ] ], [ [ -99.272043214727987, 19.913951414351597 ], [ -99.272043153837103, 19.913932661409085 ] ], [ [ -99.272043153837103, 19.913932661409085 ], [ -99.272038091861774, 19.91379719946967 ] ], [ [ -99.272038091861774, 19.91379719946967 ], [ -99.272002677316493, 19.913665845167895 ] ], [ [ -99.272002677316493, 19.913665845167895 ], [ -99.271989415387793, 19.913530876711096 ] ], [ [ -99.271989415387793, 19.913530876711096 ], [ -99.272001723134764, 19.913395830703678 ] ], [ [ -99.272001723134764, 19.913395830703678 ], [ -99.272026277326091, 19.913262276152231 ] ], [ [ -99.272026277326091, 19.913262276152231 ], [ -99.272031461581449, 19.913126814608265 ] ], [ [ -99.272031461581449, 19.913126814608265 ], [ -99.272043199834528, 19.912991722140315 ] ], [ [ -99.272043199834528, 19.912991722140315 ], [ -99.272055354399953, 19.912856661659053 ] ], [ [ -99.272055354399953, 19.912856661659053 ], [ -99.272096599618948, 19.912726845417559 ] ], [ [ -99.272096599618948, 19.912726845417559 ], [ -99.272126446169239, 19.912594276471211 ] ], [ [ -99.272126446169239, 19.912594276471211 ], [ -99.272125399554923, 19.912458721948976 ] ], [ [ -99.272125399554923, 19.912458721948976 ], [ -99.272116737584938, 19.912323430253764 ] ], [ [ -99.272116737584938, 19.912323430253764 ], [ -99.272087385085996, 19.91219075365477 ] ], [ [ -99.272087385085996, 19.91219075365477 ], [ -99.272055691828285, 19.912058553542472 ] ], [ [ -99.272055691828285, 19.912058553542472 ], [ -99.272023953898099, 19.911908322502516 ] ], [ [ -99.272023953898099, 19.911908322502516 ], [ -99.271993676686051, 19.911775830569482 ] ], [ [ -99.271993676686051, 19.911775830569482 ], [ -99.271958937757191, 19.911644322749087 ] ], [ [ -99.271958937757191, 19.911644322749087 ], [ -99.271927676996242, 19.911512030728709 ] ], [ [ -99.271927676996242, 19.911512030728709 ], [ -99.271861984555201, 19.911391568087492 ] ], [ [ -99.271861984555201, 19.911391568087492 ], [ -99.27181196932915, 19.911264537041244 ] ], [ [ -99.27181196932915, 19.911264537041244 ], [ -99.271775031476636, 19.911133568100279 ] ], [ [ -99.271775031476636, 19.911133568100279 ], [ -99.27172295408117, 19.911007276020058 ] ], [ [ -99.27172295408117, 19.911007276020058 ], [ -99.271676768672791, 19.910878953039145 ] ], [ [ -99.271676768672791, 19.910878953039145 ], [ -99.271642461564355, 19.910747353293171 ] ], [ [ -99.271642461564355, 19.910747353293171 ], [ -99.271600138222183, 19.910617845043941 ] ], [ [ -99.271600138222183, 19.910617845043941 ], [ -99.27140578533384, 19.910409045171487 ] ], [ [ -99.27140578533384, 19.910409045171487 ], [ -99.271156414859661, 19.910080045109925 ] ], [ [ -99.271156414859661, 19.910080045109925 ], [ -99.270974076691317, 19.909886645210413 ] ], [ [ -99.270974076691317, 19.909886645210413 ], [ -99.270844722584968, 19.909628614362305 ] ], [ [ -99.270844722584968, 19.909628614362305 ], [ -99.270443061913397, 19.908965814420778 ] ], [ [ -99.270443061913397, 19.908965814420778 ], [ -99.270344662360444, 19.908867276793732 ] ], [ [ -99.270344662360444, 19.908867276793732 ], [ -99.270233584940925, 19.908781614322326 ] ], [ [ -99.270233584940925, 19.908781614322326 ], [ -99.270126599941563, 19.908691414357765 ] ], [ [ -99.270126599941563, 19.908691414357765 ], [ -99.270022199853798, 19.908598568186868 ] ], [ [ -99.270022199853798, 19.908598568186868 ], [ -99.2699032768747, 19.908522922061717 ] ], [ [ -99.2699032768747, 19.908522922061717 ], [ -99.269770276661973, 19.908472430549825 ] ], [ [ -99.269770276661973, 19.908472430549825 ], [ -99.269639091679807, 19.908417860968182 ] ], [ [ -99.269639091679807, 19.908417860968182 ], [ -99.269497538426663, 19.908396661504739 ] ], [ [ -99.269497538426663, 19.908396661504739 ], [ -99.269354800217414, 19.908408707406622 ] ], [ [ -99.269354800217414, 19.908408707406622 ], [ -99.269216245678976, 19.908443384486365 ] ], [ [ -99.269216245678976, 19.908443384486365 ], [ -99.269074385193704, 19.90846263004288 ] ], [ [ -99.269074385193704, 19.90846263004288 ], [ -99.268931662200615, 19.908450445325208 ] ], [ [ -99.268931662200615, 19.908450445325208 ], [ -99.268806031315748, 19.908385214316834 ] ], [ [ -99.268806031315748, 19.908385214316834 ], [ -99.268689492286882, 19.908306322757728 ] ], [ [ -99.268689492286882, 19.908306322757728 ], [ -99.268580754468687, 19.908218030322232 ] ], [ [ -99.268580754468687, 19.908218030322232 ], [ -99.268472400242047, 19.908129307731016 ] ], [ [ -99.268472400242047, 19.908129307731016 ], [ -99.268365185447422, 19.908039368052059 ] ], [ [ -99.268365185447422, 19.908039368052059 ], [ -99.268271831420805, 19.907936521992593 ] ], [ [ -99.268271831420805, 19.907936521992593 ], [ -99.268167107754209, 19.907843984255187 ] ], [ [ -99.268167107754209, 19.907843984255187 ], [ -99.2680786002594, 19.907737384044307 ] ], [ [ -99.2680786002594, 19.907737384044307 ], [ -99.267985877375679, 19.907634014294835 ] ], [ [ -99.267985877375679, 19.907634014294835 ], [ -99.267884738467643, 19.90753798428543 ] ], [ [ -99.267884738467643, 19.90753798428543 ], [ -99.267787938465204, 19.907438030560819 ] ], [ [ -99.267787938465204, 19.907438030560819 ], [ -99.267722322533601, 19.907317522550787 ] ], [ [ -99.267722322533601, 19.907317522550787 ], [ -99.267703000026017, 19.907183214064691 ] ], [ [ -99.267703000026017, 19.907183214064691 ], [ -99.267654276746782, 19.907098998977276 ] ], [ [ -99.267654276746782, 19.907098998977276 ], [ -99.267594708138404, 19.907002107818368 ] ], [ [ -99.267594708138404, 19.907002107818368 ], [ -99.267570723008987, 19.906894184244852 ] ], [ [ -99.267570723008987, 19.906894184244852 ], [ -99.267595722654605, 19.906760707225686 ] ], [ [ -99.267595722654605, 19.906760707225686 ], [ -99.267641476556932, 19.906632261589156 ] ], [ [ -99.267641476556932, 19.906632261589156 ], [ -99.267765307787073, 19.906564030344061 ] ], [ [ -99.267765307787073, 19.906564030344061 ], [ -99.267903585099361, 19.90652838413051 ] ], [ [ -99.267903585099361, 19.90652838413051 ], [ -99.268046799802534, 19.906523476120647 ] ], [ [ -99.268046799802534, 19.906523476120647 ], [ -99.268190107837739, 19.906523261440793 ] ], [ [ -99.268190107837739, 19.906523261440793 ], [ -99.268333415242751, 19.906523030294942 ] ], [ [ -99.268333415242751, 19.906523030294942 ], [ -99.268476723441609, 19.906522045622705 ] ], [ [ -99.268476723441609, 19.906522045622705 ], [ -99.268619091736355, 19.906506522473588 ] ], [ [ -99.268619091736355, 19.906506522473588 ], [ -99.268760000456325, 19.906481845000275 ] ], [ [ -99.268760000456325, 19.906481845000275 ], [ -99.268902784902167, 19.906470213970312 ] ], [ [ -99.268902784902167, 19.906470213970312 ], [ -99.269045462139715, 19.906457384130821 ] ], [ [ -99.269045462139715, 19.906457384130821 ], [ -99.269185785187844, 19.90642989152585 ] ], [ [ -99.269185785187844, 19.90642989152585 ], [ -99.269266368567671, 19.906317814532201 ] ], [ [ -99.269266368567671, 19.906317814532201 ], [ -99.26929223079776, 19.906184491590274 ] ], [ [ -99.26929223079776, 19.906184491590274 ], [ -99.269302969171164, 19.906049322364943 ] ], [ [ -99.269302969171164, 19.906049322364943 ], [ -99.269317799552269, 19.905935906961719 ] ], [ [ -99.269317799552269, 19.905935906961719 ], [ -99.269349600123519, 19.905785660992301 ] ], [ [ -99.269349600123519, 19.905785660992301 ], [ -99.269349353829043, 19.905650107209119 ] ], [ [ -99.269349353829043, 19.905650107209119 ], [ -99.269348861859612, 19.905514568058173 ] ], [ [ -99.269348861859612, 19.905514568058173 ], [ -99.26933229190999, 19.905379922488471 ] ], [ [ -99.26933229190999, 19.905379922488471 ], [ -99.269305938067959, 19.905244245768305 ] ], [ [ -99.269305938067959, 19.905244245768305 ], [ -99.269262969298921, 19.905107999627251 ] ], [ [ -99.269262969298921, 19.905107999627251 ], [ -99.269246753803557, 19.904991890957419 ] ], [ [ -99.269246753803557, 19.904991890957419 ], [ -99.269213799936097, 19.904853445332453 ] ], [ [ -99.269213799936097, 19.904853445332453 ], [ -99.269125076741943, 19.904746998984113 ] ], [ [ -99.269125076741943, 19.904746998984113 ], [ -99.268988508350915, 19.904705922280005 ] ], [ [ -99.268988508350915, 19.904705922280005 ], [ -99.268851922823089, 19.904664891382147 ] ], [ [ -99.268851922823089, 19.904664891382147 ], [ -99.268715245540335, 19.904624137041726 ] ], [ [ -99.268715245540335, 19.904624137041726 ], [ -99.268571937577619, 19.904624353089279 ] ], [ [ -99.268571937577619, 19.904624353089279 ], [ -99.268428631220601, 19.904624584442892 ] ], [ [ -99.268428631220601, 19.904624584442892 ], [ -99.268285353530715, 19.904627199689763 ] ], [ [ -99.268285353530715, 19.904627199689763 ], [ -99.268142261632775, 19.90463467674255 ] ], [ [ -99.268142261632775, 19.90463467674255 ], [ -99.268006630840887, 19.904678461467327 ] ], [ [ -99.268006630840887, 19.904678461467327 ], [ -99.267879800050551, 19.904741567952492 ] ], [ [ -99.267879800050551, 19.904741567952492 ], [ -99.267780737975173, 19.904839522195619 ] ], [ [ -99.267780737975173, 19.904839522195619 ], [ -99.267669769136745, 19.904925291652422 ] ], [ [ -99.267669769136745, 19.904925291652422 ], [ -99.267574707888713, 19.905024707740736 ] ], [ [ -99.267574707888713, 19.905024707740736 ], [ -99.267469291533303, 19.905091061161581 ] ], [ [ -99.267469291533303, 19.905091061161581 ], [ -99.267327523136728, 19.905110891394148 ] ], [ [ -99.267327523136728, 19.905110891394148 ], [ -99.267184214531724, 19.905110922083338 ] ], [ [ -99.267184214531724, 19.905110922083338 ], [ -99.267048000011044, 19.905068799214707 ] ], [ [ -99.267048000011044, 19.905068799214707 ], [ -99.266930291935935, 19.904991461127604 ] ], [ [ -99.266930291935935, 19.904991461127604 ], [ -99.266903491894396, 19.904958490959277 ] ], [ [ -99.266903491894396, 19.904958490959277 ], [ -99.266824814915594, 19.904845184395374 ] ], [ [ -99.266824814915594, 19.904845184395374 ], [ -99.266742862248947, 19.904733999175395 ] ], [ [ -99.266742862248947, 19.904733999175395 ], [ -99.266724291817468, 19.904599584763712 ] ], [ [ -99.266724291817468, 19.904599584763712 ], [ -99.266769384994959, 19.904470921944512 ] ], [ [ -99.266769384994959, 19.904470921944512 ], [ -99.266806492252428, 19.904339999102771 ] ], [ [ -99.266806492252428, 19.904339999102771 ], [ -99.266857199761702, 19.904213214488227 ] ], [ [ -99.266857199761702, 19.904213214488227 ], [ -99.266919091947443, 19.904090953372975 ] ], [ [ -99.266919091947443, 19.904090953372975 ], [ -99.266983461532092, 19.903969845708076 ] ], [ [ -99.266983461532092, 19.903969845708076 ], [ -99.267011923118034, 19.903836999118933 ] ], [ [ -99.267011923118034, 19.903836999118933 ], [ -99.266981137649665, 19.903704613993927 ] ], [ [ -99.266981137649665, 19.903704613993927 ], [ -99.266897677219873, 19.903629753722313 ] ], [ [ -99.266897677219873, 19.903629753722313 ], [ -99.266732000361841, 19.903589599030287 ] ], [ [ -99.266732000361841, 19.903589599030287 ], [ -99.266572969185219, 19.903578968458906 ] ], [ [ -99.266572969185219, 19.903578968458906 ], [ -99.266434923400013, 19.903615337341108 ] ], [ [ -99.266434923400013, 19.903615337341108 ], [ -99.266309907611827, 19.903681614801762 ] ], [ [ -99.266309907611827, 19.903681614801762 ], [ -99.26618289234645, 19.903744368334095 ] ], [ [ -99.26618289234645, 19.903744368334095 ], [ -99.266055061960486, 19.903805661003961 ] ], [ [ -99.266055061960486, 19.903805661003961 ], [ -99.26591993822818, 19.903850830127467 ] ], [ [ -99.26591993822818, 19.903850830127467 ], [ -99.265782337789304, 19.903812968569195 ] ], [ [ -99.265782337789304, 19.903812968569195 ], [ -99.265688568665254, 19.903710461006447 ] ], [ [ -99.265688568665254, 19.903710461006447 ], [ -99.265635077017492, 19.903584707823235 ] ], [ [ -99.265635077017492, 19.903584707823235 ], [ -99.265557214770354, 19.903470922211874 ] ], [ [ -99.265557214770354, 19.903470922211874 ], [ -99.265483061658571, 19.903354922409651 ] ], [ [ -99.265483061658571, 19.903354922409651 ], [ -99.265401862116363, 19.903243230680047 ] ], [ [ -99.265401862116363, 19.903243230680047 ], [ -99.265305385049302, 19.903142999567109 ] ], [ [ -99.265305385049302, 19.903142999567109 ], [ -99.265249600407344, 19.903040107126344 ] ], [ [ -99.265249600407344, 19.903040107126344 ], [ -99.265155799772387, 19.902918814425348 ] ], [ [ -99.265155799772387, 19.902918814425348 ], [ -99.265035631154532, 19.902868767962627 ] ], [ [ -99.265035631154532, 19.902868767962627 ], [ -99.264870062221988, 19.902889214517824 ] ], [ [ -99.264870062221988, 19.902889214517824 ], [ -99.264730615178806, 19.90294503078119 ] ], [ [ -99.264730615178806, 19.90294503078119 ], [ -99.2645882151172, 19.902960244967758 ] ], [ [ -99.2645882151172, 19.902960244967758 ], [ -99.264536476583061, 19.902960030410814 ] ], [ [ -99.264536476583061, 19.902960030410814 ], [ -99.264444907706959, 19.902959661078558 ] ], [ [ -99.264444907706959, 19.902959661078558 ], [ -99.264306908052106, 19.902923122815139 ] ], [ [ -99.264306908052106, 19.902923122815139 ], [ -99.26420576853522, 19.902827091579095 ] ], [ [ -99.26420576853522, 19.902827091579095 ], [ -99.264110430755437, 19.902725891159427 ] ], [ [ -99.264110430755437, 19.902725891159427 ], [ -99.264025800095069, 19.902616491313943 ] ], [ [ -99.264025800095069, 19.902616491313943 ], [ -99.263969814749188, 19.902491722562164 ] ], [ [ -99.263969814749188, 19.902491722562164 ], [ -99.263914522642381, 19.902366661689189 ] ], [ [ -99.263914522642381, 19.902366661689189 ], [ -99.263892845944682, 19.902232676168619 ] ], [ [ -99.263892845944682, 19.902232676168619 ], [ -99.263861185036475, 19.902100476026931 ] ], [ [ -99.263861185036475, 19.902100476026931 ], [ -99.263805031081176, 19.901975768597765 ] ], [ [ -99.263805031081176, 19.901975768597765 ], [ -99.263732261951461, 19.901858984339029 ] ], [ [ -99.263732261951461, 19.901858984339029 ], [ -99.263630645923342, 19.901763399321219 ] ], [ [ -99.263630645923342, 19.901763399321219 ], [ -99.263521522581954, 19.901675537327598 ] ], [ [ -99.263521522581954, 19.901675537327598 ], [ -99.263420615079767, 19.90157929135037 ] ], [ [ -99.263420615079767, 19.90157929135037 ], [ -99.263342185376473, 19.901465845389875 ] ], [ [ -99.263342185376473, 19.901465845389875 ], [ -99.263274676750015, 19.901346276487335 ] ], [ [ -99.263274676750015, 19.901346276487335 ], [ -99.263224630744759, 19.901219261220024 ] ], [ [ -99.263224630744759, 19.901219261220024 ], [ -99.263163138054111, 19.901096830802068 ] ], [ [ -99.263163138054111, 19.901096830802068 ], [ -99.263112169442664, 19.900970137039405 ] ], [ [ -99.263112169442664, 19.900970137039405 ], [ -99.263111031284069, 19.900834583990378 ] ], [ [ -99.263111031284069, 19.900834583990378 ], [ -99.263099937592997, 19.900699445071464 ] ], [ [ -99.263099937592997, 19.900699445071464 ], [ -99.263071891822307, 19.900566506940439 ] ], [ [ -99.263071891822307, 19.900566506940439 ], [ -99.263047062475977, 19.900433014011817 ] ], [ [ -99.263047062475977, 19.900433014011817 ], [ -99.263042276769482, 19.900297537521908 ] ], [ [ -99.263042276769482, 19.900297537521908 ], [ -99.263052185403978, 19.900162307289676 ] ], [ [ -99.263052185403978, 19.900162307289676 ], [ -99.26305721521868, 19.900026845751423 ] ], [ [ -99.26305721521868, 19.900026845751423 ], [ -99.263056984839949, 19.899891291081811 ] ], [ [ -99.263056984839949, 19.899891291081811 ], [ -99.26305576880776, 19.89975575308754 ] ], [ [ -99.26305576880776, 19.89975575308754 ], [ -99.263055184725204, 19.899672214792112 ] ], [ [ -99.263055184725204, 19.899672214792112 ], [ -99.263033862293696, 19.899538168784616 ] ], [ [ -99.263033862293696, 19.899538168784616 ], [ -99.262989568855957, 19.899409261125658 ] ], [ [ -99.262989568855957, 19.899409261125658 ], [ -99.262931861892852, 19.899285184741554 ] ], [ [ -99.262931861892852, 19.899285184741554 ], [ -99.262903968676582, 19.899152214151279 ] ], [ [ -99.262903968676582, 19.899152214151279 ], [ -99.262894553853485, 19.899016968844787 ] ], [ [ -99.262894553853485, 19.899016968844787 ], [ -99.262899492095727, 19.898881491302451 ] ], [ [ -99.262899492095727, 19.898881491302451 ], [ -99.262910722567128, 19.898746353127265 ] ], [ [ -99.262910722567128, 19.898746353127265 ], [ -99.262933999607029, 19.898612614689821 ] ], [ [ -99.262933999607029, 19.898612614689821 ], [ -99.262968200394639, 19.898493691796723 ] ], [ [ -99.262968200394639, 19.898493691796723 ], [ -99.262994722845477, 19.898377522400917 ] ], [ [ -99.262994722845477, 19.898377522400917 ], [ -99.263037214562701, 19.898225999438175 ] ], [ [ -99.263037214562701, 19.898225999438175 ], [ -99.263085076560543, 19.898094661371868 ] ], [ [ -99.263085076560543, 19.898094661371868 ], [ -99.2631052313304, 19.897961030729601 ] ], [ [ -99.2631052313304, 19.897961030729601 ], [ -99.263052107559005, 19.89783513702756 ] ], [ [ -99.263052107559005, 19.89783513702756 ], [ -99.262918091725339, 19.897787168151631 ] ], [ [ -99.262918091725339, 19.897787168151631 ], [ -99.262779768750534, 19.897822599123671 ] ], [ [ -99.262779768750534, 19.897822599123671 ], [ -99.262644138138199, 19.897866384111143 ] ], [ [ -99.262644138138199, 19.897866384111143 ], [ -99.262549108030314, 19.897967830445701 ] ], [ [ -99.262549108030314, 19.897967830445701 ], [ -99.262495307993191, 19.898093461839135 ] ], [ [ -99.262495307993191, 19.898093461839135 ], [ -99.262414784883987, 19.898205599803855 ] ], [ [ -99.262414784883987, 19.898205599803855 ], [ -99.262287368604078, 19.898267630740197 ] ], [ [ -99.262287368604078, 19.898267630740197 ], [ -99.262144385457631, 19.898276630680073 ] ], [ [ -99.262144385457631, 19.898276630680073 ], [ -99.262019892255879, 19.898209507490076 ] ], [ [ -99.262019892255879, 19.898209507490076 ], [ -99.261922814816188, 19.898109784164753 ] ], [ [ -99.261922814816188, 19.898109784164753 ], [ -99.26184259989806, 19.897997475956341 ] ], [ [ -99.26184259989806, 19.897997475956341 ], [ -99.261795415325423, 19.897869476004033 ] ], [ [ -99.261795415325423, 19.897869476004033 ], [ -99.261770123220231, 19.897736060957588 ] ], [ [ -99.261770123220231, 19.897736060957588 ], [ -99.261754030730344, 19.897601353338942 ] ], [ [ -99.261754030730344, 19.897601353338942 ], [ -99.261752631067623, 19.897465814110696 ] ], [ [ -99.261752631067623, 19.897465814110696 ], [ -99.261740968732838, 19.89733072235466 ] ], [ [ -99.261740968732838, 19.89733072235466 ], [ -99.261709614536116, 19.897198445377018 ] ], [ [ -99.261709614536116, 19.897198445377018 ], [ -99.261677400322256, 19.897112476482096 ] ], [ [ -99.261677400322256, 19.897112476482096 ], [ -99.261661046385754, 19.896977814074383 ] ], [ [ -99.261661046385754, 19.896977814074383 ], [ -99.261634246071566, 19.896845153378006 ] ], [ [ -99.261634246071566, 19.896845153378006 ], [ -99.261576799995439, 19.896731153067286 ] ], [ [ -99.261576799995439, 19.896731153067286 ], [ -99.261472954481604, 19.896637737046515 ] ], [ [ -99.261472954481604, 19.896637737046515 ], [ -99.261371462064815, 19.896542045249234 ] ], [ [ -99.261371462064815, 19.896542045249234 ], [ -99.26127666215227, 19.896440399053727 ] ], [ [ -99.26127666215227, 19.896440399053727 ], [ -99.261199137827575, 19.896326399469977 ] ], [ [ -99.261199137827575, 19.896326399469977 ], [ -99.261184492309866, 19.896191553100099 ] ], [ [ -99.261184492309866, 19.896191553100099 ], [ -99.261184984560089, 19.896055999265034 ] ], [ [ -99.261184984560089, 19.896055999265034 ], [ -99.261190692453539, 19.895920553272397 ] ], [ [ -99.261190692453539, 19.895920553272397 ], [ -99.261218661529597, 19.895787614625711 ] ], [ [ -99.261218661529597, 19.895787614625711 ], [ -99.261263799858, 19.895658968020232 ] ], [ [ -99.261263799858, 19.895658968020232 ], [ -99.26131053801322, 19.895530830826548 ] ], [ [ -99.26131053801322, 19.895530830826548 ], [ -99.261355615454406, 19.895402153210906 ] ], [ [ -99.261355615454406, 19.895402153210906 ], [ -99.261398907541377, 19.895272937456518 ] ], [ [ -99.261398907541377, 19.895272937456518 ], [ -99.261423246257166, 19.895139353047664 ] ], [ [ -99.261423246257166, 19.895139353047664 ], [ -99.261424230599204, 19.895003814591647 ] ], [ [ -99.261424230599204, 19.895003814591647 ], [ -99.261444107616455, 19.894869568477446 ] ], [ [ -99.261444107616455, 19.894869568477446 ], [ -99.261433137921031, 19.894745153151415 ] ], [ [ -99.261433137921031, 19.894745153151415 ], [ -99.261404214860391, 19.89462163019747 ] ], [ [ -99.261404214860391, 19.89462163019747 ], [ -99.261357030917409, 19.894493630514738 ] ], [ [ -99.261357030917409, 19.894493630514738 ], [ -99.261303508284016, 19.894367891652514 ] ], [ [ -99.261303508284016, 19.894367891652514 ], [ -99.261271615051427, 19.894247414774107 ] ], [ [ -99.261271615051427, 19.894247414774107 ], [ -99.261266015148351, 19.894095968793245 ] ], [ [ -99.261266015148351, 19.894095968793245 ], [ -99.261228431396091, 19.893974845164692 ] ], [ [ -99.261228431396091, 19.893974845164692 ], [ -99.261142677106008, 19.893823030011095 ] ], [ [ -99.261142677106008, 19.893823030011095 ], [ -99.261078461719407, 19.893752444953765 ] ], [ [ -99.261078461719407, 19.893752444953765 ], [ -99.261009799837893, 19.893631753468675 ] ], [ [ -99.261009799837893, 19.893631753468675 ], [ -99.260928677364817, 19.893601676849457 ] ], [ [ -99.260928677364817, 19.893601676849457 ], [ -99.260848585091551, 19.89362704556838 ] ], [ [ -99.260848585091551, 19.89362704556838 ], [ -99.260784522930138, 19.893647322229597 ] ], [ [ -99.260784522930138, 19.893647322229597 ], [ -99.260724414753284, 19.893646076570711 ] ], [ [ -99.260724414753284, 19.893646076570711 ], [ -99.260625523012067, 19.893547984545126 ] ], [ [ -99.260625523012067, 19.893547984545126 ], [ -99.260523076887196, 19.893453199023543 ] ], [ [ -99.260523076887196, 19.893453199023543 ], [ -99.260399876798573, 19.89338399928188 ] ], [ [ -99.260399876798573, 19.89338399928188 ], [ -99.260262230683963, 19.8933462916211 ] ], [ [ -99.260262230683963, 19.8933462916211 ], [ -99.260132062436668, 19.893289599400678 ] ], [ [ -99.260132062436668, 19.893289599400678 ], [ -99.26009318497654, 19.893242645843284 ] ], [ [ -99.26009318497654, 19.893242645843284 ], [ -99.260072800363986, 19.893167230637989 ] ], [ [ -99.260072800363986, 19.893167230637989 ], [ -99.260094277462187, 19.893056076284683 ] ], [ [ -99.260094277462187, 19.893056076284683 ], [ -99.260179200360795, 19.892946891807927 ] ], [ [ -99.260179200360795, 19.892946891807927 ], [ -99.260204553816877, 19.892913768137412 ] ], [ [ -99.260204553816877, 19.892913768137412 ], [ -99.260320107588655, 19.892833599407766 ] ], [ [ -99.260320107588655, 19.892833599407766 ], [ -99.260423169365936, 19.892739414354633 ] ], [ [ -99.260423169365936, 19.892739414354633 ], [ -99.260506508174302, 19.892629153065144 ] ], [ [ -99.260506508174302, 19.892629153065144 ], [ -99.260592031338845, 19.892520399022906 ] ], [ [ -99.260592031338845, 19.892520399022906 ], [ -99.260700568850382, 19.892431876650704 ] ], [ [ -99.260700568850382, 19.892431876650704 ], [ -99.260799014987413, 19.892333384076593 ] ], [ [ -99.260799014987413, 19.892333384076593 ], [ -99.260851123424459, 19.892244122141271 ] ], [ [ -99.260851123424459, 19.892244122141271 ], [ -99.260872353879876, 19.892163322176742 ] ], [ [ -99.260872353879876, 19.892163322176742 ], [ -99.260865277079503, 19.892084568305428 ] ], [ [ -99.260865277079503, 19.892084568305428 ], [ -99.260800661897775, 19.891963584657024 ] ], [ [ -99.260800661897775, 19.891963584657024 ], [ -99.260725046202225, 19.8918484302887 ] ], [ [ -99.260725046202225, 19.8918484302887 ], [ -99.260616062313233, 19.891760414368377 ] ], [ [ -99.260616062313233, 19.891760414368377 ], [ -99.260515831258616, 19.891663552976564 ] ], [ [ -99.260515831258616, 19.891663552976564 ], [ -99.260447476933294, 19.891544414601164 ] ], [ [ -99.260447476933294, 19.891544414601164 ], [ -99.260383708448941, 19.891423014581171 ] ], [ [ -99.260383708448941, 19.891423014581171 ], [ -99.260363462364182, 19.891288830004864 ] ], [ [ -99.260363462364182, 19.891288830004864 ], [ -99.260363230859582, 19.891153276422596 ] ], [ [ -99.260363230859582, 19.891153276422596 ], [ -99.260362984691525, 19.891017737099062 ] ], [ [ -99.260362984691525, 19.891017737099062 ], [ -99.260361785172663, 19.890882184191184 ] ], [ [ -99.260361785172663, 19.890882184191184 ], [ -99.260347291875931, 19.890747322146613 ] ], [ [ -99.260347291875931, 19.890747322146613 ], [ -99.260354692352422, 19.890611953705072 ] ], [ [ -99.260354692352422, 19.890611953705072 ], [ -99.260312708019313, 19.890482353668002 ] ], [ [ -99.260312708019313, 19.890482353668002 ], [ -99.260205184562636, 19.890392753797059 ] ], [ [ -99.260205184562636, 19.890392753797059 ], [ -99.260092923429681, 19.890337384375744 ] ], [ [ -99.260092923429681, 19.890337384375744 ], [ -99.259975276808092, 19.890261814332018 ] ], [ [ -99.259975276808092, 19.890261814332018 ], [ -99.259841599914239, 19.890176184803675 ] ], [ [ -99.259841599914239, 19.890176184803675 ], [ -99.259740585155228, 19.890078445759091 ] ], [ [ -99.259740585155228, 19.890078445759091 ], [ -99.259637985146185, 19.88998379945988 ] ], [ [ -99.259637985146185, 19.88998379945988 ], [ -99.259544276795665, 19.889881261316429 ] ], [ [ -99.259544276795665, 19.889881261316429 ], [ -99.259452754062181, 19.889776953038901 ] ], [ [ -99.259452754062181, 19.889776953038901 ], [ -99.259397399644442, 19.889656814585017 ] ], [ [ -99.259397399644442, 19.889656814585017 ], [ -99.259338430669914, 19.889530676102201 ] ], [ [ -99.259338430669914, 19.889530676102201 ], [ -99.259291399835206, 19.889407568468048 ] ], [ [ -99.259291399835206, 19.889407568468048 ], [ -99.259279322966719, 19.889308614789559 ] ], [ [ -99.259279322966719, 19.889308614789559 ], [ -99.259254676872843, 19.88914067653673 ] ], [ [ -99.259254676872843, 19.88914067653673 ], [ -99.259214692037773, 19.888990645777092 ] ], [ [ -99.259214692037773, 19.888990645777092 ], [ -99.259135214557503, 19.888895153449425 ] ], [ [ -99.259135214557503, 19.888895153449425 ], [ -99.259021522722009, 19.888812630734698 ] ], [ [ -99.259021522722009, 19.888812630734698 ], [ -99.258884091806635, 19.888774291165081 ] ], [ [ -99.258884091806635, 19.888774291165081 ], [ -99.258744754248923, 19.888742661266399 ] ], [ [ -99.258744754248923, 19.888742661266399 ], [ -99.258610738302423, 19.888694645301733 ] ], [ [ -99.258610738302423, 19.888694645301733 ], [ -99.258473554429685, 19.88865552198342 ] ], [ [ -99.258473554429685, 19.88865552198342 ], [ -99.258332753675774, 19.88863033753405 ] ], [ [ -99.258332753675774, 19.88863033753405 ], [ -99.258200599936941, 19.888577922469867 ] ], [ [ -99.258200599936941, 19.888577922469867 ], [ -99.258068123414745, 19.888526261192322 ] ], [ [ -99.258068123414745, 19.888526261192322 ], [ -99.257948000013684, 19.888452353822586 ] ], [ [ -99.257948000013684, 19.888452353822586 ], [ -99.257841291648418, 19.888361891354705 ] ], [ [ -99.257841291648418, 19.888361891354705 ], [ -99.257756691565177, 19.888252476250521 ] ], [ [ -99.257756691565177, 19.888252476250521 ], [ -99.257674600091903, 19.888141384837194 ] ], [ [ -99.257674600091903, 19.888141384837194 ], [ -99.257571645697936, 19.888047107099336 ] ], [ [ -99.257571645697936, 19.888047107099336 ], [ -99.257451091737309, 19.887973814409822 ] ], [ [ -99.257451091737309, 19.887973814409822 ], [ -99.257425768950426, 19.8879691686518 ] ], [ [ -99.257425768950426, 19.8879691686518 ], [ -99.25729450770875, 19.88791479980458 ] ], [ [ -99.25729450770875, 19.88791479980458 ], [ -99.257203800159601, 19.887831091446788 ] ], [ [ -99.257203800159601, 19.887831091446788 ], [ -99.257111262462971, 19.887713953152897 ] ], [ [ -99.257111262462971, 19.887713953152897 ], [ -99.257038876877687, 19.887596968211188 ] ], [ [ -99.257038876877687, 19.887596968211188 ], [ -99.256965784958155, 19.887480368466633 ] ], [ [ -99.256965784958155, 19.887480368466633 ], [ -99.256886076970417, 19.887367722373561 ] ], [ [ -99.256886076970417, 19.887367722373561 ], [ -99.256833262346831, 19.88724172260908 ] ], [ [ -99.256833262346831, 19.88724172260908 ], [ -99.256821215444987, 19.887106645617905 ] ], [ [ -99.256821215444987, 19.887106645617905 ], [ -99.256746954467999, 19.886990722749712 ] ], [ [ -99.256746954467999, 19.886990722749712 ], [ -99.256644938070025, 19.886895537601529 ] ], [ [ -99.256644938070025, 19.886895537601529 ], [ -99.256569954250111, 19.886854845574277 ] ], [ [ -99.256569954250111, 19.886854845574277 ], [ -99.256425615208613, 19.886784368241841 ] ], [ [ -99.256425615208613, 19.886784368241841 ], [ -99.256267307718247, 19.88673924511583 ] ], [ [ -99.256267307718247, 19.88673924511583 ], [ -99.256125415354703, 19.886720337073456 ] ], [ [ -99.256125415354703, 19.886720337073456 ], [ -99.25598307692313, 19.886704768022774 ] ], [ [ -99.25598307692313, 19.886704768022774 ], [ -99.255839784685534, 19.8867042766067 ] ], [ [ -99.255839784685534, 19.8867042766067 ], [ -99.255693722966171, 19.88671978461295 ] ], [ [ -99.255693722966171, 19.88671978461295 ], [ -99.255566891968328, 19.886762261387286 ] ], [ [ -99.255566891968328, 19.886762261387286 ], [ -99.255528568567541, 19.886788045084472 ] ], [ [ -99.255528568567541, 19.886788045084472 ], [ -99.25549863091247, 19.886808199148113 ] ], [ [ -99.25549863091247, 19.886808199148113 ], [ -99.255450138123678, 19.88684084578605 ] ], [ [ -99.255450138123678, 19.88684084578605 ], [ -99.25531056909881, 19.886871568735447 ] ], [ [ -99.25531056909881, 19.886871568735447 ], [ -99.25516735361839, 19.886867321995929 ] ], [ [ -99.25516735361839, 19.886867321995929 ], [ -99.255039768725453, 19.886805614417931 ] ], [ [ -99.255039768725453, 19.886805614417931 ], [ -99.254929015401999, 19.88671959981529 ] ], [ [ -99.254929015401999, 19.88671959981529 ], [ -99.254836708286604, 19.886615922087209 ] ], [ [ -99.254836708286604, 19.886615922087209 ], [ -99.254731323301911, 19.886524076251433 ] ], [ [ -99.254731323301911, 19.886524076251433 ], [ -99.254619785009936, 19.886438984656866 ] ], [ [ -99.254619785009936, 19.886438984656866 ], [ -99.254538662060042, 19.886312276566837 ] ], [ [ -99.254538662060042, 19.886312276566837 ], [ -99.254511785213595, 19.886206291401635 ] ], [ [ -99.254511785213595, 19.886206291401635 ], [ -99.254447630763352, 19.886165999358258 ] ], [ [ -99.254447630763352, 19.886165999358258 ], [ -99.254380014801015, 19.886148476619105 ] ], [ [ -99.254380014801015, 19.886148476619105 ], [ -99.254345861934894, 19.886139614251043 ] ], [ [ -99.254345861934894, 19.886139614251043 ], [ -99.25429038513397, 19.886107922556548 ] ], [ [ -99.25429038513397, 19.886107922556548 ], [ -99.254246261923356, 19.886082691179105 ] ], [ [ -99.254246261923356, 19.886082691179105 ], [ -99.254223215447468, 19.886069537706884 ] ], [ [ -99.254223215447468, 19.886069537706884 ], [ -99.254052076836871, 19.885989845698241 ] ], [ [ -99.254052076836871, 19.885989845698241 ], [ -99.253949276701903, 19.885997799378273 ] ], [ [ -99.253949276701903, 19.885997799378273 ], [ -99.253753077354233, 19.886104876747194 ] ], [ [ -99.253753077354233, 19.886104876747194 ], [ -99.253720907994037, 19.886146830215974 ] ], [ [ -99.253720907994037, 19.886146830215974 ], [ -99.253575091999693, 19.886298999163703 ] ], [ [ -99.253575091999693, 19.886298999163703 ], [ -99.253368323391953, 19.88649787637231 ] ], [ [ -99.253368323391953, 19.88649787637231 ], [ -99.25335096924853, 19.886514568107465 ] ], [ [ -99.25335096924853, 19.886514568107465 ], [ -99.253247662294243, 19.88655709110953 ] ], [ [ -99.253247662294243, 19.88655709110953 ], [ -99.253219446301387, 19.886568691239493 ] ], [ [ -99.253219446301387, 19.886568691239493 ], [ -99.253117537876733, 19.886610630256175 ] ], [ [ -99.253117537876733, 19.886610630256175 ], [ -99.253100999929927, 19.886622414774994 ] ], [ [ -99.253100999929927, 19.886622414774994 ], [ -99.252988062089656, 19.886724753412309 ] ], [ [ -99.252988062089656, 19.886724753412309 ], [ -99.252885937709962, 19.88681984558303 ] ], [ [ -99.252885937709962, 19.88681984558303 ], [ -99.252766091762382, 19.886894153461345 ] ], [ [ -99.252766091762382, 19.886894153461345 ], [ -99.252669445896402, 19.886994230509092 ] ], [ [ -99.252669445896402, 19.886994230509092 ], [ -99.252588277197631, 19.887105936948046 ] ], [ [ -99.252588277197631, 19.887105936948046 ], [ -99.252504199553854, 19.887215707608025 ] ], [ [ -99.252504199553854, 19.887215707608025 ], [ -99.252406308412446, 19.887314691251667 ] ], [ [ -99.252406308412446, 19.887314691251667 ], [ -99.25231309225974, 19.887417645310027 ] ], [ [ -99.25231309225974, 19.887417645310027 ], [ -99.252202077132011, 19.887503353012146 ] ], [ [ -99.252202077132011, 19.887503353012146 ], [ -99.2520701850911, 19.887556322580309 ] ], [ [ -99.2520701850911, 19.887556322580309 ], [ -99.252041799676206, 19.887562030098891 ] ], [ [ -99.252041799676206, 19.887562030098891 ], [ -99.251930014537848, 19.887584491241451 ] ], [ [ -99.251930014537848, 19.887584491241451 ], [ -99.251786815325403, 19.88757973753712 ] ], [ [ -99.251786815325403, 19.88757973753712 ], [ -99.251643523402862, 19.887579891309521 ] ], [ [ -99.251643523402862, 19.887579891309521 ], [ -99.251503831012116, 19.887610091801896 ] ], [ [ -99.251503831012116, 19.887610091801896 ], [ -99.251370768645472, 19.887660399506554 ] ], [ [ -99.251370768645472, 19.887660399506554 ], [ -99.251233476763446, 19.887699214372095 ] ], [ [ -99.251233476763446, 19.887699214372095 ], [ -99.251120199766092, 19.887782230287318 ] ], [ [ -99.251120199766092, 19.887782230287318 ], [ -99.250985322794776, 19.887827999816633 ] ], [ [ -99.250985322794776, 19.887827999816633 ], [ -99.250842415371139, 19.887838014663288 ] ], [ [ -99.250842415371139, 19.887838014663288 ], [ -99.250702154244422, 19.887865753550894 ] ], [ [ -99.250702154244422, 19.887865753550894 ], [ -99.25056333807747, 19.887899367967936 ] ], [ [ -99.25056333807747, 19.887899367967936 ], [ -99.250430677070867, 19.887950599642462 ] ], [ [ -99.250430677070867, 19.887950599642462 ], [ -99.250292154215103, 19.887985291657024 ] ], [ [ -99.250292154215103, 19.887985291657024 ], [ -99.250175000412014, 19.888063353579238 ] ], [ [ -99.250175000412014, 19.888063353579238 ], [ -99.250056046345549, 19.888138922220826 ] ], [ [ -99.250056046345549, 19.888138922220826 ], [ -99.249944892358201, 19.888224476257726 ] ], [ [ -99.249944892358201, 19.888224476257726 ], [ -99.249847969209455, 19.888324322729549 ] ], [ [ -99.249847969209455, 19.888324322729549 ], [ -99.249732215349312, 19.888404214805117 ] ], [ [ -99.249732215349312, 19.888404214805117 ], [ -99.249596062140895, 19.888446461380404 ] ], [ [ -99.249596062140895, 19.888446461380404 ], [ -99.249454307530911, 19.888466276374018 ] ], [ [ -99.249454307530911, 19.888466276374018 ], [ -99.249311246219307, 19.888458553693525 ] ], [ [ -99.249311246219307, 19.888458553693525 ], [ -99.249176076816397, 19.888413568219693 ] ], [ [ -99.249176076816397, 19.888413568219693 ], [ -99.249059599924635, 19.888334614769423 ] ], [ [ -99.249059599924635, 19.888334614769423 ], [ -99.24897696939243, 19.888290476448852 ] ], [ [ -99.24897696939243, 19.888290476448852 ], [ -99.248838122532547, 19.888222399649347 ] ], [ [ -99.248838122532547, 19.888222399649347 ], [ -99.24869950776548, 19.888188061020816 ] ], [ [ -99.24869950776548, 19.888188061020816 ], [ -99.248565784521318, 19.888139368735924 ] ], [ [ -99.248565784521318, 19.888139368735924 ], [ -99.248422676986905, 19.888132337024064 ] ], [ [ -99.248422676986905, 19.888132337024064 ], [ -99.248291937947229, 19.888076861004905 ] ], [ [ -99.248291937947229, 19.888076861004905 ], [ -99.248179645618251, 19.887992645630121 ] ], [ [ -99.248179645618251, 19.887992645630121 ], [ -99.248122937873802, 19.887868168482765 ] ], [ [ -99.248122937873802, 19.887868168482765 ], [ -99.248106814745668, 19.887733476215512 ] ], [ [ -99.248106814745668, 19.887733476215512 ], [ -99.248137214880515, 19.887601014712857 ] ], [ [ -99.248137214880515, 19.887601014712857 ], [ -99.248162785149972, 19.887467630558831 ] ], [ [ -99.248162785149972, 19.887467630558831 ], [ -99.248135369413546, 19.887334584652425 ] ], [ [ -99.248135369413546, 19.887334584652425 ], [ -99.248032677255281, 19.88724006126272 ] ], [ [ -99.248032677255281, 19.88724006126272 ], [ -99.247977784651482, 19.887191337167589 ] ], [ [ -99.247977784651482, 19.887191337167589 ], [ -99.247928169295022, 19.887147322598004 ] ], [ [ -99.247928169295022, 19.887147322598004 ], [ -99.247808415142998, 19.887072876256234 ] ], [ [ -99.247808415142998, 19.887072876256234 ], [ -99.247670354153357, 19.887036584849408 ] ], [ [ -99.247670354153357, 19.887036584849408 ], [ -99.247527723188725, 19.887023553733346 ] ], [ [ -99.247527723188725, 19.887023553733346 ], [ -99.247384553854673, 19.887029168020995 ] ], [ [ -99.247384553854673, 19.887029168020995 ], [ -99.247241446423473, 19.887036076123696 ] ], [ [ -99.247241446423473, 19.887036076123696 ], [ -99.247101753833505, 19.88706626166864 ] ], [ [ -99.247101753833505, 19.88706626166864 ], [ -99.246960891690279, 19.887091075940589 ] ], [ [ -99.246960891690279, 19.887091075940589 ], [ -99.246807645631037, 19.887101368834287 ] ], [ [ -99.246807645631037, 19.887101368834287 ], [ -99.246668723264975, 19.887081368062351 ] ], [ [ -99.246668723264975, 19.887081368062351 ], [ -99.246513784782167, 19.887056337400058 ] ], [ [ -99.246513784782167, 19.887056337400058 ], [ -99.246342814796648, 19.887036384315138 ] ], [ [ -99.246342814796648, 19.887036384315138 ], [ -99.246182477355831, 19.88697601439986 ] ], [ [ -99.246182477355831, 19.88697601439986 ], [ -99.246080891980299, 19.886915568417287 ] ], [ [ -99.246080891980299, 19.886915568417287 ], [ -99.246006031219949, 19.88686013730339 ] ], [ [ -99.246006031219949, 19.88686013730339 ], [ -99.245915077376267, 19.886764337087229 ] ], [ [ -99.245915077376267, 19.886764337087229 ], [ -99.245786677086102, 19.88663324574123 ] ], [ [ -99.245786677086102, 19.88663324574123 ], [ -99.245695661877676, 19.886502107365658 ] ], [ [ -99.245695661877676, 19.886502107365658 ], [ -99.245620691996649, 19.886397599312325 ] ], [ [ -99.245620691996649, 19.886397599312325 ], [ -99.245506153981225, 19.886316137221531 ] ], [ [ -99.245506153981225, 19.886316137221531 ], [ -99.245437414834115, 19.886256230543943 ] ], [ [ -99.245437414834115, 19.886256230543943 ], [ -99.245400768711065, 19.886224291149389 ] ], [ [ -99.245400768711065, 19.886224291149389 ], [ -99.245289845807434, 19.886146614413427 ] ], [ [ -99.245289845807434, 19.886146614413427 ], [ -99.245183784857048, 19.886079984142611 ] ], [ [ -99.245183784857048, 19.886079984142611 ], [ -99.245033600390272, 19.886047922382051 ] ], [ [ -99.245033600390272, 19.886047922382051 ], [ -99.24489293847121, 19.886022091504703 ] ], [ [ -99.24489293847121, 19.886022091504703 ], [ -99.244746985035732, 19.886004722713491 ] ], [ [ -99.244746985035732, 19.886004722713491 ], [ -99.24461849231713, 19.885971507215437 ] ], [ [ -99.24461849231713, 19.885971507215437 ], [ -99.244484492419772, 19.885924768244678 ] ], [ [ -99.244484492419772, 19.885924768244678 ], [ -99.244358276539529, 19.885889922125166 ] ], [ [ -99.244358276539529, 19.885889922125166 ], [ -99.244220092053922, 19.885840091470815 ] ], [ [ -99.244220092053922, 19.885840091470815 ], [ -99.244104491875362, 19.885811353748579 ] ], [ [ -99.244104491875362, 19.885811353748579 ], [ -99.244036523027532, 19.885799430058135 ] ], [ [ -99.244036523027532, 19.885799430058135 ], [ -99.243900291968842, 19.885764645356826 ] ], [ [ -99.243900291968842, 19.885764645356826 ], [ -99.243761091779618, 19.885732461100229 ] ], [ [ -99.243761091779618, 19.885732461100229 ], [ -99.243625230593864, 19.88568938468185 ] ], [ [ -99.243625230593864, 19.88568938468185 ], [ -99.243592138073652, 19.885678890945005 ] ], [ [ -99.243592138073652, 19.885678890945005 ], [ -99.243441984740329, 19.885564261456807 ] ], [ [ -99.243441984740329, 19.885564261456807 ], [ -99.243347291638017, 19.885462537803047 ] ], [ [ -99.243347291638017, 19.885462537803047 ], [ -99.243242999566874, 19.885369584140687 ] ], [ [ -99.243242999566874, 19.885369584140687 ], [ -99.243141415170442, 19.885273984306249 ] ], [ [ -99.243141415170442, 19.885273984306249 ], [ -99.243039891604084, 19.885178322053914 ] ], [ [ -99.243039891604084, 19.885178322053914 ], [ -99.242947968730363, 19.885074337614903 ] ], [ [ -99.242947968730363, 19.885074337614903 ], [ -99.242872354285964, 19.884959199278658 ] ], [ [ -99.242872354285964, 19.884959199278658 ], [ -99.242802353717181, 19.884840922804116 ] ], [ [ -99.242802353717181, 19.884840922804116 ], [ -99.242752891842983, 19.884713707202014 ] ], [ [ -99.242752891842983, 19.884713707202014 ], [ -99.242683000111271, 19.884595368307203 ] ], [ [ -99.242683000111271, 19.884595368307203 ], [ -99.242580338328253, 19.88450081472638 ] ], [ [ -99.242580338328253, 19.88450081472638 ], [ -99.242460861689921, 19.884425983997986 ] ], [ [ -99.242460861689921, 19.884425983997986 ], [ -99.242329707591807, 19.884371368443727 ] ], [ [ -99.242329707591807, 19.884371368443727 ], [ -99.242198662113552, 19.884316553486077 ] ], [ [ -99.242198662113552, 19.884316553486077 ], [ -99.242071246171236, 19.884254522572782 ] ], [ [ -99.242071246171236, 19.884254522572782 ], [ -99.241953368895366, 19.884177461283848 ] ], [ [ -99.241953368895366, 19.884177461283848 ], [ -99.241896569166315, 19.884142430045877 ] ], [ [ -99.241896569166315, 19.884142430045877 ], [ -99.241833338008249, 19.884103430496779 ] ], [ [ -99.241833338008249, 19.884103430496779 ], [ -99.241715877020283, 19.884025799094832 ] ], [ [ -99.241715877020283, 19.884025799094832 ], [ -99.241616707538, 19.883927953083326 ] ], [ [ -99.241616707538, 19.883927953083326 ], [ -99.241491092265946, 19.883862753227849 ] ], [ [ -99.241491092265946, 19.883862753227849 ], [ -99.241367368535833, 19.883794368328211 ] ], [ [ -99.241367368535833, 19.883794368328211 ], [ -99.241243723120249, 19.883725861456494 ] ], [ [ -99.241243723120249, 19.883725861456494 ], [ -99.241125077018296, 19.883649845379367 ] ], [ [ -99.241125077018296, 19.883649845379367 ], [ -99.241000538346952, 19.883582814333778 ] ], [ [ -99.241000538346952, 19.883582814333778 ], [ -99.240873830982281, 19.883519507043342 ] ], [ [ -99.240873830982281, 19.883519507043342 ], [ -99.240745585170799, 19.883459045591874 ] ], [ [ -99.240745585170799, 19.883459045591874 ], [ -99.240620385082579, 19.883393122767664 ] ], [ [ -99.240620385082579, 19.883393122767664 ], [ -99.240490923054026, 19.883335030595923 ] ], [ [ -99.240490923054026, 19.883335030595923 ], [ -99.240373708018438, 19.88325706177957 ] ], [ [ -99.240373708018438, 19.88325706177957 ], [ -99.240252799867974, 19.883184307536201 ] ], [ [ -99.240252799867974, 19.883184307536201 ], [ -99.24012827705198, 19.883117245253139 ] ], [ [ -99.24012827705198, 19.883117245253139 ], [ -99.240012369205061, 19.883037553840204 ] ], [ [ -99.240012369205061, 19.883037553840204 ], [ -99.239892245871914, 19.882963644990376 ] ], [ [ -99.239892245871914, 19.882963644990376 ], [ -99.239756030612128, 19.882921584075053 ] ], [ [ -99.239756030612128, 19.882921584075053 ], [ -99.239619323138925, 19.882880968272545 ] ], [ [ -99.239619323138925, 19.882880968272545 ], [ -99.239494307670128, 19.882814737838455 ] ], [ [ -99.239494307670128, 19.882814737838455 ], [ -99.239372308201311, 19.882743661110421 ] ], [ [ -99.239372308201311, 19.882743661110421 ], [ -99.239292999934676, 19.882707675953093 ] ], [ [ -99.239292999934676, 19.882707675953093 ], [ -99.239243108396195, 19.88268503051362 ] ], [ [ -99.239243108396195, 19.88268503051362 ], [ -99.239116077395934, 19.88262230699355 ] ], [ [ -99.239116077395934, 19.88262230699355 ], [ -99.239024368777976, 19.882583414104925 ] ], [ [ -99.239024368777976, 19.882583414104925 ], [ -99.238985322728112, 19.882566861783133 ] ], [ [ -99.238985322728112, 19.882566861783133 ], [ -99.23885476928551, 19.882510999460607 ] ], [ [ -99.23885476928551, 19.882510999460607 ], [ -99.238725846029368, 19.88245184582032 ] ], [ [ -99.238725846029368, 19.88245184582032 ], [ -99.23859986155064, 19.882387261540657 ] ], [ [ -99.23859986155064, 19.882387261540657 ], [ -99.238478830929822, 19.882314722174584 ] ], [ [ -99.238478830929822, 19.882314722174584 ], [ -99.238356908073712, 19.882243507331403 ] ], [ [ -99.238356908073712, 19.882243507331403 ], [ -99.238246553906436, 19.882157030103418 ] ], [ [ -99.238246553906436, 19.882157030103418 ], [ -99.238148491657981, 19.88210332212136 ] ], [ [ -99.238148491657981, 19.88210332212136 ], [ -99.238109246000079, 19.882080722500067 ] ] ] } },
{ "type": "Feature", "properties": { "id": "0", "cve_subc": null, "clave50k": null, "tipo": null, "entidad": null, "fc": null, "condicion": null, "edicion": null, "fecha": null, "lengthm": null, "id_drena": null, "flowdir": null, "enabled": null, "desc_enabl": null, "cali_repr": null, "sequenceid": null, "order_1": null, "level_1": null, "arbsum_1": null, "pathl_1": null, "layer": "Río Tula", "path": "C:/Users/ariel.goldin/Documents/Capas Río Tula/Río Tula.geojson", "fid": "3", "nombre": "Tepeji", "SHAPE__Length": "17568.361058", "Pais": "México", "fid_2": "3", "id_2": "0", "nombre_2": "Tepeji", "SHAPE__Length_2": "17568.361058" }, "geometry": { "type": "MultiLineString", "coordinates": [ [ [ -99.376725309439422, 19.844440258414721 ], [ -99.376714099670849, 19.844515749160504 ] ], [ [ -99.376714099670849, 19.844515749160504 ], [ -99.37670029969631, 19.844604399074026 ] ], [ [ -99.37670029969631, 19.844604399074026 ], [ -99.376684700346985, 19.844693549090273 ] ], [ [ -99.376684700346985, 19.844693549090273 ], [ -99.376669149840325, 19.844782699052146 ] ], [ [ -99.376669149840325, 19.844782699052146 ], [ -99.376661400268574, 19.844797549387639 ] ], [ [ -99.376661400268574, 19.844797549387639 ], [ -99.37662680037316, 19.844863699346753 ] ], [ [ -99.37662680037316, 19.844863699346753 ], [ -99.376551899621774, 19.844919749783347 ] ], [ [ -99.376551899621774, 19.844919749783347 ], [ -99.376477999804237, 19.844976999664464 ] ], [ [ -99.376477999804237, 19.844976999664464 ], [ -99.376402200454336, 19.845031949331204 ] ], [ [ -99.376402200454336, 19.845031949331204 ], [ -99.3763249498503, 19.845085099707877 ] ], [ [ -99.3763249498503, 19.845085099707877 ], [ -99.376252750114972, 19.845144249150877 ] ], [ [ -99.376252750114972, 19.845144249150877 ], [ -99.376174149771671, 19.845195599239418 ] ], [ [ -99.376174149771671, 19.845195599239418 ], [ -99.376086599743317, 19.845231649395426 ] ], [ [ -99.376086599743317, 19.845231649395426 ], [ -99.375994200278896, 19.845254449607719 ] ], [ [ -99.375994200278896, 19.845254449607719 ], [ -99.375900800268582, 19.845273449376851 ] ], [ [ -99.375900800268582, 19.845273449376851 ], [ -99.375811100107015, 19.845304499654656 ] ], [ [ -99.375811100107015, 19.845304499654656 ], [ -99.375728350207353, 19.845349599485282 ] ], [ [ -99.375728350207353, 19.845349599485282 ], [ -99.375643850376619, 19.845391699088999 ] ], [ [ -99.375643850376619, 19.845391699088999 ], [ -99.375557700255925, 19.845430699560076 ] ], [ [ -99.375557700255925, 19.845430699560076 ], [ -99.375468850314746, 19.845463849448929 ] ], [ [ -99.375468850314746, 19.845463849448929 ], [ -99.37537790027794, 19.845491299652654 ] ], [ [ -99.37537790027794, 19.845491299652654 ], [ -99.375287799571922, 19.845521299247547 ] ], [ [ -99.375287799571922, 19.845521299247547 ], [ -99.375195750172637, 19.845545499333799 ] ], [ [ -99.375195750172637, 19.845545499333799 ], [ -99.3751037495975, 19.845569749165012 ] ], [ [ -99.3751037495975, 19.845569749165012 ], [ -99.37501170015841, 19.84559374969837 ] ], [ [ -99.37501170015841, 19.84559374969837 ], [ -99.37492065034327, 19.845620999370002 ] ], [ [ -99.37492065034327, 19.845620999370002 ], [ -99.374826750252865, 19.845637499514929 ] ], [ [ -99.374826750252865, 19.845637499514929 ], [ -99.374733650425839, 19.845657599807609 ] ], [ [ -99.374733650425839, 19.845657599807609 ], [ -99.374639899596872, 19.845674999009521 ] ], [ [ -99.374639899596872, 19.845674999009521 ], [ -99.374544450064406, 19.845676899222958 ] ], [ [ -99.374544450064406, 19.845676899222958 ], [ -99.374448950007789, 19.845677399682295 ] ], [ [ -99.374448950007789, 19.845677399682295 ], [ -99.374353450019044, 19.845677648966085 ] ], [ [ -99.374353450019044, 19.845677648966085 ], [ -99.374258400100885, 19.845668849473888 ] ], [ [ -99.374258400100885, 19.845668849473888 ], [ -99.374163099583029, 19.845663049006465 ] ], [ [ -99.374163099583029, 19.845663049006465 ], [ -99.374068399954595, 19.845651299178716 ] ], [ [ -99.374068399954595, 19.845651299178716 ], [ -99.373977049725511, 19.845624949193031 ] ], [ [ -99.373977049725511, 19.845624949193031 ], [ -99.37388529979313, 19.845599748994267 ] ], [ [ -99.37388529979313, 19.845599748994267 ], [ -99.373796399772658, 19.845566749146613 ] ], [ [ -99.373796399772658, 19.845566749146613 ], [ -99.373709099521434, 19.845530149831852 ] ], [ [ -99.373709099521434, 19.845530149831852 ], [ -99.37362734955785, 19.845483399828769 ] ], [ [ -99.37362734955785, 19.845483399828769 ], [ -99.373546950003657, 19.845434598981445 ] ], [ [ -99.373546950003657, 19.845434598981445 ], [ -99.373465100465552, 19.845388049330094 ] ], [ [ -99.373465100465552, 19.845388049330094 ], [ -99.373382399942614, 19.845342899117135 ] ], [ [ -99.373382399942614, 19.845342899117135 ], [ -99.373298550358044, 19.845299649033983 ] ], [ [ -99.373298550358044, 19.845299649033983 ], [ -99.373229550090343, 19.845237148971105 ] ], [ [ -99.373229550090343, 19.845237148971105 ], [ -99.373159100001743, 19.845176149486647 ] ], [ [ -99.373159100001743, 19.845176149486647 ], [ -99.373089700259897, 19.845114049485961 ] ], [ [ -99.373089700259897, 19.845114049485961 ], [ -99.37302735043211, 19.845045599743038 ] ], [ [ -99.37302735043211, 19.845045599743038 ], [ -99.372962600273368, 19.844979199798576 ] ], [ [ -99.372962600273368, 19.844979199798576 ], [ -99.372901250015346, 19.844909949622636 ] ], [ [ -99.372901250015346, 19.844909949622636 ], [ -99.372846899612298, 19.844835598996927 ] ], [ [ -99.372846899612298, 19.844835598996927 ], [ -99.372798149881916, 19.84475789962076 ] ], [ [ -99.372798149881916, 19.84475789962076 ], [ -99.372743749743165, 19.84468364963946 ] ], [ [ -99.372743749743165, 19.84468364963946 ], [ -99.37268585028923, 19.844611799375336 ] ], [ [ -99.37268585028923, 19.844611799375336 ], [ -99.372633799791842, 19.844535999088869 ] ], [ [ -99.372633799791842, 19.844535999088869 ], [ -99.372587349921716, 19.84445709936514 ] ], [ [ -99.372587349921716, 19.84445709936514 ], [ -99.372554250173508, 19.844372299130502 ] ], [ [ -99.372554250173508, 19.844372299130502 ], [ -99.372530249837283, 19.844284849045181 ] ], [ [ -99.372530249837283, 19.844284849045181 ], [ -99.372517300372053, 19.844195299684348 ] ], [ [ -99.372517300372053, 19.844195299684348 ], [ -99.37254980007198, 19.844110349447654 ] ], [ [ -99.37254980007198, 19.844110349447654 ], [ -99.372586550380234, 19.844026949684014 ] ], [ [ -99.372586550380234, 19.844026949684014 ], [ -99.372623799785032, 19.843943699087898 ] ], [ [ -99.372623799785032, 19.843943699087898 ], [ -99.372665499935096, 19.843862399501319 ] ], [ [ -99.372665499935096, 19.843862399501319 ], [ -99.372698399902788, 19.843777599438937 ] ], [ [ -99.372698399902788, 19.843777599438937 ], [ -99.372713199905689, 19.843688299123336 ] ], [ [ -99.372713199905689, 19.843688299123336 ], [ -99.372714700154532, 19.843597949632422 ] ], [ [ -99.372714700154532, 19.843597949632422 ], [ -99.372714499837215, 19.843507599678713 ] ], [ [ -99.372714499837215, 19.843507599678713 ], [ -99.372702949963937, 19.843437699792478 ] ], [ [ -99.372702949963937, 19.843437699792478 ], [ -99.372699750084053, 19.843418299319872 ] ], [ [ -99.372699750084053, 19.843418299319872 ], [ -99.37268569974816, 19.843328899585917 ] ], [ [ -99.37268569974816, 19.843328899585917 ], [ -99.372676800126825, 19.843238949123421 ] ], [ [ -99.372676800126825, 19.843238949123421 ], [ -99.37266715033212, 19.843149049122026 ] ], [ [ -99.37266715033212, 19.843149049122026 ], [ -99.372658249766971, 19.84305904970374 ] ], [ [ -99.372658249766971, 19.84305904970374 ], [ -99.372633600012747, 19.842971748948113 ] ], [ [ -99.372633600012747, 19.842971748948113 ], [ -99.372606500366729, 19.842885099237577 ] ], [ [ -99.372606500366729, 19.842885099237577 ], [ -99.372557250362647, 19.842807649615512 ] ], [ [ -99.372557250362647, 19.842807649615512 ], [ -99.372510399664463, 19.842728949738405 ] ], [ [ -99.372510399664463, 19.842728949738405 ], [ -99.372450000264067, 19.842658899192223 ] ], [ [ -99.372450000264067, 19.842658899192223 ], [ -99.372395250446303, 19.842584899715625 ] ], [ [ -99.372395250446303, 19.842584899715625 ], [ -99.372352150176553, 19.842504249556871 ] ], [ [ -99.372352150176553, 19.842504249556871 ], [ -99.372284899598483, 19.842440099695654 ] ], [ [ -99.372284899598483, 19.842440099695654 ], [ -99.372214099720409, 19.842379449213926 ] ], [ [ -99.372214099720409, 19.842379449213926 ], [ -99.372132799707799, 19.842332049058946 ] ], [ [ -99.372132799707799, 19.842332049058946 ], [ -99.372044850212802, 19.842296849108106 ] ], [ [ -99.372044850212802, 19.842296849108106 ], [ -99.37195140002288, 19.842278049395652 ] ], [ [ -99.37195140002288, 19.842278049395652 ], [ -99.371857450148127, 19.842261949746735 ] ], [ [ -99.371857450148127, 19.842261949746735 ], [ -99.371762399901002, 19.842253099715268 ] ], [ [ -99.371762399901002, 19.842253099715268 ], [ -99.371666899567302, 19.842252549489327 ] ], [ [ -99.371666899567302, 19.842252549489327 ], [ -99.371571400064056, 19.842252599357099 ] ], [ [ -99.371571400064056, 19.842252599357099 ], [ -99.371477750458652, 19.84223494903129 ] ], [ [ -99.371477750458652, 19.84223494903129 ], [ -99.371383749851177, 19.842218999602736 ] ], [ [ -99.371383749851177, 19.842218999602736 ], [ -99.371292599912309, 19.842192049561501 ] ], [ [ -99.371292599912309, 19.842192049561501 ], [ -99.371201899629995, 19.842163749245771 ] ], [ [ -99.371201899629995, 19.842163749245771 ], [ -99.371108550293599, 19.842144649785599 ] ], [ [ -99.371108550293599, 19.842144649785599 ], [ -99.371015200051303, 19.842125499485086 ] ], [ [ -99.371015200051303, 19.842125499485086 ], [ -99.370923249692623, 19.842101199702139 ] ], [ [ -99.370923249692623, 19.842101199702139 ], [ -99.370832549556042, 19.842072849307563 ] ], [ [ -99.370832549556042, 19.842072849307563 ], [ -99.370740099781059, 19.842050148978142 ] ], [ [ -99.370740099781059, 19.842050148978142 ], [ -99.370646749630041, 19.842031049219123 ] ], [ [ -99.370646749630041, 19.842031049219123 ], [ -99.370554850211462, 19.842006549747833 ] ], [ [ -99.370554850211462, 19.842006549747833 ], [ -99.370467399775762, 19.841970198963825 ] ], [ [ -99.370467399775762, 19.841970198963825 ], [ -99.370386850029391, 19.841921699458197 ] ], [ [ -99.370386850029391, 19.841921699458197 ], [ -99.37032085021977, 19.841856399175239 ] ], [ [ -99.37032085021977, 19.841856399175239 ], [ -99.370247050148947, 19.8417989992165 ] ], [ [ -99.370247050148947, 19.8417989992165 ], [ -99.370164500433916, 19.841753599760303 ] ], [ [ -99.370164500433916, 19.841753599760303 ], [ -99.370080000444588, 19.841711399190729 ] ], [ [ -99.370080000444588, 19.841711399190729 ], [ -99.369995550301667, 19.841669249300491 ] ], [ [ -99.369995550301667, 19.841669249300491 ], [ -99.369911700208576, 19.841625949387531 ] ], [ [ -99.369911700208576, 19.841625949387531 ], [ -99.369827899988763, 19.841582649388165 ] ], [ [ -99.369827899988763, 19.841582649388165 ], [ -99.369746749812919, 19.841534999452978 ] ], [ [ -99.369746749812919, 19.841534999452978 ], [ -99.369669899823023, 19.841481399148208 ] ], [ [ -99.369669899823023, 19.841481399148208 ], [ -99.369594249712506, 19.841426249479625 ] ], [ [ -99.369594249712506, 19.841426249479625 ], [ -99.369518549843775, 19.84137109981809 ] ], [ [ -99.369518549843775, 19.84137109981809 ], [ -99.369454549602622, 19.841304049789404 ] ], [ [ -99.369454549602622, 19.841304049789404 ], [ -99.369385699721903, 19.8412414492356 ] ], [ [ -99.369385699721903, 19.8412414492356 ], [ -99.36931765004617, 19.841178049364405 ] ], [ [ -99.36931765004617, 19.841178049364405 ], [ -99.36924960043396, 19.841114649466647 ] ], [ [ -99.36924960043396, 19.841114649466647 ], [ -99.369220450080235, 19.84102859916343 ] ], [ [ -99.369220450080235, 19.84102859916343 ], [ -99.369196250332408, 19.8409411489584 ] ], [ [ -99.369196250332408, 19.8409411489584 ], [ -99.369172849651065, 19.840853549448301 ] ], [ [ -99.369172849651065, 19.840853549448301 ], [ -99.369127599816323, 19.84077394901837 ] ], [ [ -99.369127599816323, 19.84077394901837 ], [ -99.369056649799688, 19.840713499397683 ] ], [ [ -99.369056649799688, 19.840713499397683 ], [ -99.3689952996058, 19.84064419982063 ] ], [ [ -99.3689952996058, 19.84064419982063 ], [ -99.3689373003551, 19.840572449057255 ] ], [ [ -99.3689373003551, 19.840572449057255 ], [ -99.368892099596351, 19.84049284942731 ] ], [ [ -99.368892099596351, 19.84049284942731 ], [ -99.368849149615272, 19.840412099468097 ] ], [ [ -99.368849149615272, 19.840412099468097 ], [ -99.368788099589679, 19.840342599247478 ] ], [ [ -99.368788099589679, 19.840342599247478 ], [ -99.368732950256614, 19.840268849092681 ] ], [ [ -99.368732950256614, 19.840268849092681 ], [ -99.368664849612401, 19.840205499764686 ] ], [ [ -99.368664849612401, 19.840205499764686 ], [ -99.368605499655928, 19.840134699085741 ] ], [ [ -99.368605499655928, 19.840134699085741 ], [ -99.368557000274294, 19.84005684977712 ] ], [ [ -99.368557000274294, 19.84005684977712 ], [ -99.36851324962241, 19.839976499237697 ] ], [ [ -99.36851324962241, 19.839976499237697 ], [ -99.368455400378451, 19.839904599538624 ] ], [ [ -99.368455400378451, 19.839904599538624 ], [ -99.368385199537741, 19.839843349473554 ] ], [ [ -99.368385199537741, 19.839843349473554 ], [ -99.36831719990073, 19.839779899323123 ] ], [ [ -99.36831719990073, 19.839779899323123 ], [ -99.368252800464347, 19.839713149259392 ] ], [ [ -99.368252800464347, 19.839713149259392 ], [ -99.368191049618247, 19.839644249495585 ] ], [ [ -99.368191049618247, 19.839644249495585 ], [ -99.368102700263321, 19.839609899771904 ] ], [ [ -99.368102700263321, 19.839609899771904 ], [ -99.368011100158384, 19.839584399518202 ] ], [ [ -99.368011100158384, 19.839584399518202 ], [ -99.367916050069269, 19.839575549783738 ] ], [ [ -99.367916050069269, 19.839575549783738 ], [ -99.367820650046824, 19.839571899339841 ] ], [ [ -99.367820650046824, 19.839571899339841 ], [ -99.367725200192936, 19.839568249783348 ] ], [ [ -99.367725200192936, 19.839568249783348 ], [ -99.367630550457662, 19.83958009980574 ] ], [ [ -99.367630550457662, 19.83958009980574 ], [ -99.367543350227393, 19.839616949551147 ] ], [ [ -99.367543350227393, 19.839616949551147 ], [ -99.367457349783223, 19.839656249652769 ] ], [ [ -99.367457349783223, 19.839656249652769 ], [ -99.367409499795102, 19.839734449041128 ] ], [ [ -99.367409499795102, 19.839734449041128 ], [ -99.367335899586237, 19.839792049321282 ] ], [ [ -99.367335899586237, 19.839792049321282 ], [ -99.367256750115374, 19.839842598995411 ] ], [ [ -99.367256750115374, 19.839842598995411 ], [ -99.367183449581759, 19.839900499045832 ] ], [ [ -99.367183449581759, 19.839900499045832 ], [ -99.367095700324867, 19.839936199475261 ] ], [ [ -99.367095700324867, 19.839936199475261 ], [ -99.367005150431254, 19.839964949605406 ] ], [ [ -99.367005150431254, 19.839964949605406 ], [ -99.366914099852266, 19.839992049215127 ] ], [ [ -99.366914099852266, 19.839992049215127 ], [ -99.366821649616568, 19.840014849145291 ] ], [ [ -99.366821649616568, 19.840014849145291 ], [ -99.366728249954932, 19.840033599265755 ] ], [ [ -99.366728249954932, 19.840033599265755 ], [ -99.366634349736856, 19.840050199351797 ] ], [ [ -99.366634349736856, 19.840050199351797 ], [ -99.366546499717757, 19.840085599465713 ] ], [ [ -99.366546499717757, 19.840085599465713 ], [ -99.366451900117781, 19.840098099636432 ] ], [ [ -99.366451900117781, 19.840098099636432 ], [ -99.36635705000819, 19.840108549303292 ] ], [ [ -99.36635705000819, 19.840108549303292 ], [ -99.366261549884101, 19.840109149692744 ] ], [ [ -99.366261549884101, 19.840109149692744 ], [ -99.36616835028795, 19.840089499516591 ] ], [ [ -99.36616835028795, 19.840089499516591 ], [ -99.366079549624146, 19.84005624946624 ] ], [ [ -99.366079549624146, 19.84005624946624 ], [ -99.365988899726943, 19.840027849015399 ] ], [ [ -99.365988899726943, 19.840027849015399 ], [ -99.365901399937258, 19.839991649788089 ] ], [ [ -99.365901399937258, 19.839991649788089 ], [ -99.365814800329616, 19.83995344907553 ] ], [ [ -99.365814800329616, 19.83995344907553 ], [ -99.365721649768687, 19.839933699756127 ] ], [ [ -99.365721649768687, 19.839933699756127 ], [ -99.365651349649994, 19.83991744981417 ] ], [ [ -99.365651349649994, 19.83991744981417 ], [ -99.365628850327369, 19.839912249442381 ] ], [ [ -99.365628850327369, 19.839912249442381 ], [ -99.365533650262179, 19.839905099019628 ] ], [ [ -99.365533650262179, 19.839905099019628 ], [ -99.365438699858302, 19.839895699184645 ] ], [ [ -99.365438699858302, 19.839895699184645 ], [ -99.365344199733471, 19.839882599313412 ] ], [ [ -99.365344199733471, 19.839882599313412 ], [ -99.365249649719701, 19.839869849352116 ] ], [ [ -99.365249649719701, 19.839869849352116 ], [ -99.365155300232956, 19.839855999542188 ] ], [ [ -99.365155300232956, 19.839855999542188 ], [ -99.365061300088769, 19.839839849474661 ] ], [ [ -99.365061300088769, 19.839839849474661 ], [ -99.364965849719979, 19.839837649565006 ] ], [ [ -99.364965849719979, 19.839837649565006 ], [ -99.364870349535181, 19.839835449635554 ] ], [ [ -99.364870349535181, 19.839835449635554 ], [ -99.364775100437484, 19.839829249764108 ] ], [ [ -99.364775100437484, 19.839829249764108 ], [ -99.364680300023622, 19.839818199413592 ] ], [ [ -99.364680300023622, 19.839818199413592 ], [ -99.364585249852652, 19.839809749189204 ] ], [ [ -99.364585249852652, 19.839809749189204 ], [ -99.364491699688401, 19.839791448994688 ] ], [ [ -99.364491699688401, 19.839791448994688 ], [ -99.36440014997531, 19.839765699025016 ] ], [ [ -99.36440014997531, 19.839765699025016 ], [ -99.364310799623851, 19.839733899742729 ] ], [ [ -99.364310799623851, 19.839733899742729 ], [ -99.36422189996081, 19.839700799183085 ] ], [ [ -99.36422189996081, 19.839700799183085 ], [ -99.364129499775828, 19.83967804945609 ] ], [ [ -99.364129499775828, 19.83967804945609 ], [ -99.364041099608158, 19.839643849669987 ] ], [ [ -99.364041099608158, 19.839643849669987 ], [ -99.363949550069506, 19.839618149292196 ] ], [ [ -99.363949550069506, 19.839618149292196 ], [ -99.363856949569396, 19.839596099400389 ] ], [ [ -99.363856949569396, 19.839596099400389 ], [ -99.363766000332731, 19.839568499245448 ] ], [ [ -99.363766000332731, 19.839568499245448 ], [ -99.363680100303512, 19.839529049374072 ] ], [ [ -99.363680100303512, 19.839529049374072 ], [ -99.363533900293959, 19.839453499448272 ] ], [ [ -99.363533900293959, 19.839453499448272 ], [ -99.363400849842151, 19.839408949303223 ] ], [ [ -99.363400849842151, 19.839408949303223 ], [ -99.363310600075508, 19.839438549161049 ] ], [ [ -99.363310600075508, 19.839438549161049 ], [ -99.363226750126287, 19.839481749834096 ] ], [ [ -99.363226750126287, 19.839481749834096 ], [ -99.363146499835423, 19.8395307996275 ] ], [ [ -99.363146499835423, 19.8395307996275 ], [ -99.363061699888902, 19.839572249448455 ] ], [ [ -99.363061699888902, 19.839572249448455 ], [ -99.362994350224312, 19.839636349418008 ] ], [ [ -99.362994350224312, 19.839636349418008 ], [ -99.362960449821458, 19.839720849578718 ] ], [ [ -99.362960449821458, 19.839720849578718 ], [ -99.362924599962312, 19.839804599639852 ] ], [ [ -99.362924599962312, 19.839804599639852 ], [ -99.362865499871816, 19.839875599666506 ] ], [ [ -99.362865499871816, 19.839875599666506 ], [ -99.362832700044507, 19.839960448958259 ] ], [ [ -99.362832700044507, 19.839960448958259 ], [ -99.362778599887761, 19.840034899286039 ] ], [ [ -99.362778599887761, 19.840034899286039 ], [ -99.36273784997077, 19.840116649420164 ] ], [ [ -99.36273784997077, 19.840116649420164 ], [ -99.362681900054298, 19.840189898988847 ] ], [ [ -99.362681900054298, 19.840189898988847 ], [ -99.362638899866113, 19.840270599142453 ] ], [ [ -99.362638899866113, 19.840270599142453 ], [ -99.362607099888081, 19.840355799435031 ] ], [ [ -99.362607099888081, 19.840355799435031 ], [ -99.362576750231113, 19.840441499097025 ] ], [ [ -99.362576750231113, 19.840441499097025 ], [ -99.362544349530538, 19.840526499467991 ] ], [ [ -99.362544349530538, 19.840526499467991 ], [ -99.362512800423417, 19.840611799318832 ] ], [ [ -99.362512800423417, 19.840611799318832 ], [ -99.362449249645323, 19.840679199827292 ] ], [ [ -99.362449249645323, 19.840679199827292 ], [ -99.3623782499741, 19.840739649753065 ] ], [ [ -99.3623782499741, 19.840739649753065 ], [ -99.362319249776164, 19.840810699430918 ] ], [ [ -99.362319249776164, 19.840810699430918 ], [ -99.362252800425139, 19.840875649773711 ] ], [ [ -99.362252800425139, 19.840875649773711 ], [ -99.362190300138124, 19.840943949651191 ] ], [ [ -99.362190300138124, 19.840943949651191 ], [ -99.362127749968764, 19.841012249546964 ] ], [ [ -99.362127749968764, 19.841012249546964 ], [ -99.362086300090823, 19.841093649268839 ] ], [ [ -99.362086300090823, 19.841093649268839 ], [ -99.362044850134239, 19.841175099752601 ] ], [ [ -99.362044850134239, 19.841175099752601 ], [ -99.362016250164359, 19.841261299433295 ] ], [ [ -99.362016250164359, 19.841261299433295 ], [ -99.361984699596817, 19.841346599219989 ] ], [ [ -99.361984699596817, 19.841346599219989 ], [ -99.361954350294155, 19.841432248998213 ] ], [ [ -99.361954350294155, 19.841432248998213 ], [ -99.36192395014686, 19.841517949566974 ] ], [ [ -99.36192395014686, 19.841517949566974 ], [ -99.361890850437987, 19.841602699309011 ] ], [ [ -99.361890850437987, 19.841602699309011 ], [ -99.361857699910274, 19.841687449073611 ] ], [ [ -99.361857699910274, 19.841687449073611 ], [ -99.361799049589834, 19.841758749488616 ] ], [ [ -99.361799049589834, 19.841758749488616 ], [ -99.361753399709642, 19.841838149642086 ] ], [ [ -99.361753399709642, 19.841838149642086 ], [ -99.361710299805452, 19.841918749133015 ] ], [ [ -99.361710299805452, 19.841918749133015 ], [ -99.361661500201649, 19.841996449041595 ] ], [ [ -99.361661500201649, 19.841996449041595 ], [ -99.361622799977198, 19.842079049734643 ] ], [ [ -99.361622799977198, 19.842079049734643 ], [ -99.361590900272972, 19.842164249156433 ] ], [ [ -99.361590900272972, 19.842164249156433 ], [ -99.361540499856702, 19.842240999210873 ] ], [ [ -99.361540499856702, 19.842240999210873 ], [ -99.361492999918028, 19.842319399824852 ] ], [ [ -99.361492999918028, 19.842319399824852 ], [ -99.361467300291849, 19.842361949453476 ] ], [ [ -99.361467300291849, 19.842361949453476 ], [ -99.361445599570644, 19.84239784930589 ] ], [ [ -99.361445599570644, 19.84239784930589 ], [ -99.361400849722287, 19.842477699321488 ] ], [ [ -99.361400849722287, 19.842477699321488 ], [ -99.361356099832761, 19.842557499469859 ] ], [ [ -99.361356099832761, 19.842557499469859 ], [ -99.361299900055869, 19.842630599337593 ] ], [ [ -99.361299900055869, 19.842630599337593 ], [ -99.361235849656055, 19.842697599168236 ] ], [ [ -99.361235849656055, 19.842697599168236 ], [ -99.361180000349137, 19.842770899109272 ] ], [ [ -99.361180000349137, 19.842770899109272 ], [ -99.361138399916499, 19.842852248971379 ] ], [ [ -99.361138399916499, 19.842852248971379 ], [ -99.361092399629015, 19.842931449827322 ] ], [ [ -99.361092399629015, 19.842931449827322 ], [ -99.361034399729419, 19.843003249104335 ] ], [ [ -99.361034399729419, 19.843003249104335 ], [ -99.360982499569417, 19.843079099012151 ] ], [ [ -99.360982499569417, 19.843079099012151 ], [ -99.360927600181242, 19.843153049117905 ] ], [ [ -99.360927600181242, 19.843153049117905 ], [ -99.360883899667698, 19.843233399611805 ] ], [ [ -99.360883899667698, 19.843233399611805 ], [ -99.360840749941303, 19.843313999023113 ] ], [ [ -99.360840749941303, 19.843313999023113 ], [ -99.360771599563392, 19.843376349010178 ] ], [ [ -99.360771599563392, 19.843376349010178 ], [ -99.360710749650295, 19.84344599898219 ] ], [ [ -99.360710749650295, 19.84344599898219 ], [ -99.360662499717463, 19.843523999284407 ] ], [ [ -99.360662499717463, 19.843523999284407 ], [ -99.360614249740962, 19.843601949716831 ] ], [ [ -99.360614249740962, 19.843601949716831 ], [ -99.36058039955924, 19.843686449690111 ] ], [ [ -99.36058039955924, 19.843686449690111 ], [ -99.360546600101856, 19.843770999501203 ] ], [ [ -99.360546600101856, 19.843770999501203 ], [ -99.360510800376957, 19.843854749340409 ] ], [ [ -99.360510800376957, 19.843854749340409 ], [ -99.360444000037987, 19.843919299569031 ] ], [ [ -99.360444000037987, 19.843919299569031 ], [ -99.360376750410481, 19.843983499269235 ] ], [ [ -99.360376750410481, 19.843983499269235 ], [ -99.360299100358318, 19.844036099694687 ] ], [ [ -99.360299100358318, 19.844036099694687 ], [ -99.360216650422913, 19.844081749300983 ] ], [ [ -99.360216650422913, 19.844081749300983 ], [ -99.360133849950472, 19.844126798963906 ] ], [ [ -99.360133849950472, 19.844126798963906 ], [ -99.360057750265355, 19.844181398952461 ] ], [ [ -99.360057750265355, 19.844181398952461 ], [ -99.359966050202615, 19.844206549573219 ] ], [ [ -99.359966050202615, 19.844206549573219 ], [ -99.35987299966888, 19.844226949818957 ] ], [ [ -99.35987299966888, 19.844226949818957 ], [ -99.359780150077029, 19.844248149467276 ] ], [ [ -99.359780150077029, 19.844248149467276 ], [ -99.35968524966195, 19.844258149065126 ] ], [ [ -99.35968524966195, 19.844258149065126 ], [ -99.35958994983244, 19.844264499093672 ] ], [ [ -99.35958994983244, 19.844264499093672 ], [ -99.359494949693612, 19.844255349416663 ] ], [ [ -99.359494949693612, 19.844255349416663 ], [ -99.359399949555339, 19.844246249540717 ] ], [ [ -99.359399949555339, 19.844246249540717 ], [ -99.359307149967137, 19.844224899549818 ] ], [ [ -99.359307149967137, 19.844224899549818 ], [ -99.359218900451339, 19.84419029965947 ] ], [ [ -99.359218900451339, 19.84419029965947 ], [ -99.359129950128192, 19.844157399088388 ] ], [ [ -99.359129950128192, 19.844157399088388 ], [ -99.359043649660904, 19.844118799782059 ] ], [ [ -99.359043649660904, 19.844118799782059 ], [ -99.358973100065768, 19.84405784903014 ] ], [ [ -99.358973100065768, 19.84405784903014 ], [ -99.358899299630906, 19.844000499557858 ] ], [ [ -99.358899299630906, 19.844000499557858 ], [ -99.358807549564915, 19.843975398989691 ] ], [ [ -99.358807549564915, 19.843975398989691 ], [ -99.358714949742264, 19.843953299675274 ] ], [ [ -99.358714949742264, 19.843953299675274 ], [ -99.358622349967504, 19.84393119939849 ] ], [ [ -99.358622349967504, 19.84393119939849 ], [ -99.358528100043102, 19.843916599269328 ] ], [ [ -99.358528100043102, 19.843916599269328 ], [ -99.358433850108767, 19.843902049848474 ] ], [ [ -99.358433850108767, 19.843902049848474 ], [ -99.358338800375122, 19.84389324941791 ] ], [ [ -99.358338800375122, 19.84389324941791 ], [ -99.358243749678351, 19.843884449817381 ] ], [ [ -99.358243749678351, 19.843884449817381 ], [ -99.35814864974698, 19.843892499495311 ] ], [ [ -99.35814864974698, 19.843892499495311 ], [ -99.358053499983768, 19.843900549151755 ] ], [ [ -99.358053499983768, 19.843900549151755 ], [ -99.357963299606524, 19.843930299193069 ] ], [ [ -99.357963299606524, 19.843930299193069 ], [ -99.357884649779223, 19.843981549231209 ] ], [ [ -99.357884649779223, 19.843981549231209 ], [ -99.357801099767485, 19.84402524920009 ] ], [ [ -99.357801099767485, 19.84402524920009 ], [ -99.357723649778947, 19.844078149165224 ] ], [ [ -99.357723649778947, 19.844078149165224 ], [ -99.357643549880422, 19.84412734946228 ] ], [ [ -99.357643549880422, 19.84412734946228 ], [ -99.357557199869788, 19.844165999004165 ] ], [ [ -99.357557199869788, 19.844165999004165 ], [ -99.357467499876051, 19.844196999473066 ] ], [ [ -99.357467499876051, 19.844196999473066 ], [ -99.357372900312029, 19.844209449672114 ] ], [ [ -99.357372900312029, 19.844209449672114 ], [ -99.357279599690131, 19.844228649127636 ] ], [ [ -99.357279599690131, 19.844228649127636 ], [ -99.357188199545448, 19.844254899337717 ] ], [ [ -99.357188199545448, 19.844254899337717 ], [ -99.357102249556476, 19.84429429898271 ] ], [ [ -99.357102249556476, 19.84429429898271 ], [ -99.357012449841889, 19.844324949332016 ] ], [ [ -99.357012449841889, 19.844324949332016 ], [ -99.356921049580649, 19.844351199383482 ] ], [ [ -99.356921049580649, 19.844351199383482 ], [ -99.356825900389424, 19.844359149474847 ] ], [ [ -99.356825900389424, 19.844359149474847 ], [ -99.356731249998248, 19.844371199506156 ] ], [ [ -99.356731249998248, 19.844371199506156 ], [ -99.356636699955757, 19.844383999140003 ] ], [ [ -99.356636699955757, 19.844383999140003 ], [ -99.356541699837933, 19.844392999636078 ] ], [ [ -99.356541699837933, 19.844392999636078 ], [ -99.356447250193241, 19.844406299511149 ] ], [ [ -99.356447250193241, 19.844406299511149 ], [ -99.356351999698362, 19.844413249418302 ] ], [ [ -99.356351999698362, 19.844413249418302 ], [ -99.356256799972158, 19.844420199244873 ] ], [ [ -99.356256799972158, 19.844420199244873 ], [ -99.356161799705674, 19.844429499572392 ] ], [ [ -99.356161799705674, 19.844429499572392 ], [ -99.356067650177295, 19.844444799784224 ] ], [ [ -99.356067650177295, 19.844444799784224 ], [ -99.355974350122054, 19.844464099084739 ] ], [ [ -99.355974350122054, 19.844464099084739 ], [ -99.355878999762268, 19.844468549383997 ] ], [ [ -99.355878999762268, 19.844468549383997 ], [ -99.355783499880204, 19.844470249234369 ] ], [ [ -99.355783499880204, 19.844470249234369 ], [ -99.355688000320413, 19.844470949095722 ] ], [ [ -99.355688000320413, 19.844470949095722 ], [ -99.355595700030193, 19.844494299796533 ] ], [ [ -99.355595700030193, 19.844494299796533 ], [ -99.35550330029703, 19.84451699961074 ] ], [ [ -99.35550330029703, 19.84451699961074 ], [ -99.35542874995943, 19.844573499131947 ] ], [ [ -99.35542874995943, 19.844573499131947 ], [ -99.355355399573099, 19.844631349482576 ] ], [ [ -99.355355399573099, 19.844631349482576 ], [ -99.3552705996768, 19.844672949368015 ] ], [ [ -99.3552705996768, 19.844672949368015 ], [ -99.355193699943541, 19.844726499544521 ] ], [ [ -99.355193699943541, 19.844726499544521 ], [ -99.355106400037414, 19.844763099555632 ] ], [ [ -99.355106400037414, 19.844763099555632 ], [ -99.355044400022109, 19.844831849789536 ] ], [ [ -99.355044400022109, 19.844831849789536 ], [ -99.354967200344475, 19.844885099089613 ] ], [ [ -99.354967200344475, 19.844885099089613 ], [ -99.354893450227635, 19.844942498956936 ] ], [ [ -99.354893450227635, 19.844942498956936 ], [ -99.354817349839308, 19.844997099110927 ] ], [ [ -99.354817349839308, 19.844997099110927 ], [ -99.354738349597909, 19.845047849224439 ] ], [ [ -99.354738349597909, 19.845047849224439 ], [ -99.354642849989162, 19.845050299000619 ] ], [ [ -99.354642849989162, 19.845050299000619 ], [ -99.354547749619741, 19.84504209907724 ] ], [ [ -99.354547749619741, 19.84504209907724 ], [ -99.354453650003961, 19.845026649581513 ] ], [ [ -99.354453650003961, 19.845026649581513 ], [ -99.354359750059771, 19.84501014918397 ] ], [ [ -99.354359750059771, 19.84501014918397 ], [ -99.354264300224742, 19.845007049632073 ] ], [ [ -99.354264300224742, 19.845007049632073 ], [ -99.35416904980211, 19.845000749719606 ] ], [ [ -99.35416904980211, 19.845000749719606 ], [ -99.354073749567334, 19.844994449784075 ] ], [ [ -99.354073749567334, 19.844994449784075 ], [ -99.353978299873376, 19.84499384943922 ] ], [ [ -99.353978299873376, 19.84499384943922 ], [ -99.353882750420794, 19.844993599037597 ] ], [ [ -99.353882750420794, 19.844993599037597 ], [ -99.353787499610888, 19.844999749568707 ] ], [ [ -99.353787499610888, 19.844999749568707 ], [ -99.353692999521229, 19.845012749515231 ] ], [ [ -99.353692999521229, 19.845012749515231 ], [ -99.353602850032757, 19.845042699168978 ] ], [ [ -99.353602850032757, 19.845042699168978 ], [ -99.353517800395281, 19.84508374980787 ] ], [ [ -99.353517800395281, 19.84508374980787 ], [ -99.353430049829328, 19.845119399093157 ] ], [ [ -99.353430049829328, 19.845119399093157 ], [ -99.35334230014297, 19.845155099112365 ] ], [ [ -99.35334230014297, 19.845155099112365 ], [ -99.353258850318312, 19.845199049533299 ] ], [ [ -99.353258850318312, 19.845199049533299 ], [ -99.353191299712606, 19.845262899168091 ] ], [ [ -99.353191299712606, 19.845262899168091 ], [ -99.353127949887792, 19.845330549012676 ] ], [ [ -99.353127949887792, 19.845330549012676 ], [ -99.353074599884962, 19.845405499048805 ] ], [ [ -99.353074599884962, 19.845405499048805 ], [ -99.353003400014799, 19.845465749296153 ] ], [ [ -99.353003400014799, 19.845465749296153 ], [ -99.352927600235489, 19.84552069919793 ] ], [ [ -99.352927600235489, 19.84552069919793 ], [ -99.352843200221244, 19.845562949333608 ] ], [ [ -99.352843200221244, 19.845562949333608 ], [ -99.352751150358131, 19.845587149450541 ] ], [ [ -99.352751150358131, 19.845587149450541 ], [ -99.352658649833117, 19.845609549370824 ] ], [ [ -99.352658649833117, 19.845609549370824 ], [ -99.352578649598271, 19.845658949204825 ] ], [ [ -99.352578649598271, 19.845658949204825 ], [ -99.352487300222478, 19.845685199350136 ] ], [ [ -99.352487300222478, 19.845685199350136 ], [ -99.352396349821774, 19.845712899655979 ] ], [ [ -99.352396349821774, 19.845712899655979 ], [ -99.352305450195502, 19.845740549121768 ] ], [ [ -99.352305450195502, 19.845740549121768 ], [ -99.352214650035251, 19.845768549298022 ] ], [ [ -99.352214650035251, 19.845768549298022 ], [ -99.352179549821685, 19.845781299670907 ] ], [ [ -99.352179549821685, 19.845781299670907 ], [ -99.352125500011539, 19.845800999547635 ] ], [ [ -99.352125500011539, 19.845800999547635 ], [ -99.352032450038436, 19.845821298966367 ] ], [ [ -99.352032450038436, 19.845821298966367 ], [ -99.351939400034752, 19.845841549374079 ] ], [ [ -99.351939400034752, 19.845841549374079 ], [ -99.351845050143069, 19.845855649568602 ] ], [ [ -99.351845050143069, 19.845855649568602 ], [ -99.351750700246754, 19.845869699844016 ] ], [ [ -99.351750700246754, 19.845869699844016 ], [ -99.35165524956038, 19.845872799516307 ] ], [ [ -99.35165524956038, 19.845872799516307 ], [ -99.351560149672252, 19.845864749122686 ] ], [ [ -99.351560149672252, 19.845864749122686 ], [ -99.351465149914787, 19.845855299782777 ] ], [ [ -99.351465149914787, 19.845855299782777 ], [ -99.351369700165378, 19.845853099537504 ] ], [ [ -99.351369700165378, 19.845853099537504 ], [ -99.351274200301475, 19.845851699755947 ] ], [ [ -99.351274200301475, 19.845851699755947 ], [ -99.351179099538641, 19.845843499524893 ] ], [ [ -99.351179099538641, 19.845843499524893 ], [ -99.351084099807309, 19.845834099806961 ] ], [ [ -99.351084099807309, 19.845834099806961 ], [ -99.350988650453615, 19.845830849530998 ] ], [ [ -99.350988650453615, 19.845830849530998 ], [ -99.350893350089692, 19.845836849625435 ] ], [ [ -99.350893350089692, 19.845836849625435 ], [ -99.3508016997216, 19.845862249497994 ] ], [ [ -99.3508016997216, 19.845862249497994 ], [ -99.350707899613496, 19.845879049270138 ] ], [ [ -99.350707899613496, 19.845879049270138 ], [ -99.3506168999333, 19.845906499263084 ] ], [ [ -99.3506168999333, 19.845906499263084 ], [ -99.3505267998828, 19.845936499674355 ] ], [ [ -99.3505267998828, 19.845936499674355 ], [ -99.350440250368578, 19.845974699397225 ] ], [ [ -99.350440250368578, 19.845974699397225 ], [ -99.350359550042356, 19.846023099518042 ] ], [ [ -99.350359550042356, 19.846023099518042 ], [ -99.35029110023514, 19.846086049232348 ] ], [ [ -99.35029110023514, 19.846086049232348 ], [ -99.350223200075263, 19.846149599608648 ] ], [ [ -99.350223200075263, 19.846149599608648 ], [ -99.350150400093341, 19.846208149820782 ] ], [ [ -99.350150400093341, 19.846208149820782 ], [ -99.35009484979399, 19.846281649827937 ] ], [ [ -99.35009484979399, 19.846281649827937 ], [ -99.350056249519071, 19.846364299672604 ] ], [ [ -99.350056249519071, 19.846364299672604 ], [ -99.35002269955659, 19.846448898991902 ] ], [ [ -99.35002269955659, 19.846448898991902 ], [ -99.349947950446222, 19.846505149550314 ] ], [ [ -99.349947950446222, 19.846505149550314 ], [ -99.349852999891212, 19.846514649008412 ] ], [ [ -99.349852999891212, 19.846514649008412 ], [ -99.349757599816684, 19.846519349369039 ] ], [ [ -99.349757599816684, 19.846519349369039 ], [ -99.34966785032303, 19.846488499766711 ] ], [ [ -99.34966785032303, 19.846488499766711 ], [ -99.349579800159503, 19.846453499674769 ] ], [ [ -99.349579800159503, 19.846453499674769 ], [ -99.349486300054096, 19.846434948965708 ] ], [ [ -99.349486300054096, 19.846434948965708 ], [ -99.349390949610907, 19.846429949754572 ] ], [ [ -99.349390949610907, 19.846429949754572 ], [ -99.349295500317695, 19.846428049194731 ] ], [ [ -99.349295500317695, 19.846428049194731 ], [ -99.349205349823237, 19.846457999010685 ] ], [ [ -99.349205349823237, 19.846457999010685 ], [ -99.349111300385388, 19.846473699234608 ] ], [ [ -99.349111300385388, 19.846473699234608 ], [ -99.349078849603174, 19.846474099832463 ] ], [ [ -99.349078849603174, 19.846474099832463 ], [ -99.349015800072635, 19.846474898953673 ] ], [ [ -99.349015800072635, 19.846474898953673 ], [ -99.348920300016857, 19.846475349797281 ] ], [ [ -99.348920300016857, 19.846475349797281 ], [ -99.348827500397178, 19.846454099407808 ] ], [ [ -99.348827500397178, 19.846454099407808 ], [ -99.348733849642812, 19.846436349717596 ] ], [ [ -99.348733849642812, 19.846436349717596 ], [ -99.348716999997109, 19.84643294907249 ] ], [ [ -99.348716999997109, 19.84643294907249 ], [ -99.348640500232818, 19.846417349653485 ] ], [ [ -99.348640500232818, 19.846417349653485 ], [ -99.348548050020398, 19.846394549545778 ] ], [ [ -99.348548050020398, 19.846394549545778 ], [ -99.348491899959427, 19.846321449313443 ] ], [ [ -99.348491899959427, 19.846321449313443 ], [ -99.348454549604469, 19.846238299663895 ] ], [ [ -99.348454549604469, 19.846238299663895 ], [ -99.348419649525297, 19.846154149428948 ] ], [ [ -99.348419649525297, 19.846154149428948 ], [ -99.348385499748645, 19.846069799277689 ] ], [ [ -99.348385499748645, 19.846069799277689 ], [ -99.348355700319189, 19.845983899776122 ] ], [ [ -99.348355700319189, 19.845983899776122 ], [ -99.348333399699001, 19.845896049107584 ] ], [ [ -99.348333399699001, 19.845896049107584 ], [ -99.348325150282307, 19.845806049157058 ] ], [ [ -99.348325150282307, 19.845806049157058 ], [ -99.348334499968274, 19.845716099674625 ] ], [ [ -99.348334499968274, 19.845716099674625 ], [ -99.348374150062341, 19.845633899290938 ] ], [ [ -99.348374150062341, 19.845633899290938 ], [ -99.348429150287373, 19.845559999598358 ] ], [ [ -99.348429150287373, 19.845559999598358 ], [ -99.348477049786709, 19.845481848996581 ] ], [ [ -99.348477049786709, 19.845481848996581 ], [ -99.348502849532608, 19.84539484899982 ] ], [ [ -99.348502849532608, 19.84539484899982 ], [ -99.348506800397288, 19.845304549441128 ] ], [ [ -99.348506800397288, 19.845304549441128 ], [ -99.348495200376661, 19.845214849025314 ] ], [ [ -99.348495200376661, 19.845214849025314 ], [ -99.348461550038806, 19.845130249335021 ] ], [ [ -99.348461550038806, 19.845130249335021 ], [ -99.348427800084607, 19.845045699574605 ] ], [ [ -99.348427800084607, 19.845045699574605 ], [ -99.348373399579543, 19.844971449654278 ] ], [ [ -99.348373399579543, 19.844971449654278 ], [ -99.348326199814039, 19.844892898974379 ] ], [ [ -99.348326199814039, 19.844892898974379 ], [ -99.348286500380624, 19.844810699162103 ] ], [ [ -99.348286500380624, 19.844810699162103 ], [ -99.348248549777992, 19.84472774939675 ] ], [ [ -99.348248549777992, 19.84472774939675 ], [ -99.348201350151797, 19.844649199603303 ] ], [ [ -99.348201350151797, 19.844649199603303 ], [ -99.348139149941659, 19.844580649580486 ] ], [ [ -99.348139149941659, 19.844580649580486 ], [ -99.348080399914636, 19.84450939943336 ] ], [ [ -99.348080399914636, 19.84450939943336 ], [ -99.348022249863135, 19.844437749094581 ] ], [ [ -99.348022249863135, 19.844437749094581 ], [ -99.347962900045545, 19.844366899085877 ] ], [ [ -99.347962900045545, 19.844366899085877 ], [ -99.347908549904091, 19.844292599153629 ] ], [ [ -99.347908549904091, 19.844292599153629 ], [ -99.347863799966134, 19.844212749536389 ] ], [ [ -99.347863799966134, 19.844212749536389 ], [ -99.347801800416477, 19.844144049701431 ] ], [ [ -99.347801800416477, 19.844144049701431 ], [ -99.347726199672053, 19.844088849818167 ] ], [ [ -99.347726199672053, 19.844088849818167 ], [ -99.347652149892511, 19.844031749697425 ] ], [ [ -99.347652149892511, 19.844031749697425 ], [ -99.347567149943274, 19.843990549326463 ] ], [ [ -99.347567149943274, 19.843990549326463 ], [ -99.34747244965304, 19.84397874928667 ] ], [ [ -99.34747244965304, 19.84397874928667 ], [ -99.347383699746047, 19.84401209937251 ] ], [ [ -99.347383699746047, 19.84401209937251 ], [ -99.347321499783433, 19.84408064895494 ] ], [ [ -99.347321499783433, 19.84408064895494 ], [ -99.347248600050364, 19.844139049046571 ] ], [ [ -99.347248600050364, 19.844139049046571 ], [ -99.347171200386839, 19.84419194911224 ] ], [ [ -99.347171200386839, 19.84419194911224 ], [ -99.347079099677657, 19.844215949046006 ] ], [ [ -99.347079099677657, 19.844215949046006 ], [ -99.347010350367569, 19.844278699742709 ] ], [ [ -99.347010350367569, 19.844278699742709 ], [ -99.346953750335516, 19.844351449410198 ] ], [ [ -99.346953750335516, 19.844351449410198 ], [ -99.346918300270687, 19.844435349220277 ] ], [ [ -99.346918300270687, 19.844435349220277 ], [ -99.34686120011898, 19.844507799105706 ] ], [ [ -99.34686120011898, 19.844507799105706 ], [ -99.346809849784719, 19.844583999447369 ] ], [ [ -99.346809849784719, 19.844583999447369 ], [ -99.346771700108064, 19.844666849328341 ] ], [ [ -99.346771700108064, 19.844666849328341 ], [ -99.346705049767678, 19.844731599370689 ] ], [ [ -99.346705049767678, 19.844731599370689 ], [ -99.346619149944431, 19.844771049326727 ] ], [ [ -99.346619149944431, 19.844771049326727 ], [ -99.346539000472731, 19.844820249344778 ] ], [ [ -99.346539000472731, 19.844820249344778 ], [ -99.346446150165335, 19.844841399166636 ] ], [ [ -99.346446150165335, 19.844841399166636 ], [ -99.34635279955009, 19.844860499504783 ] ], [ [ -99.34635279955009, 19.844860499504783 ], [ -99.346259699551837, 19.844880549717175 ] ], [ [ -99.346259699551837, 19.844880549717175 ], [ -99.346165450061335, 19.844895199308247 ] ], [ [ -99.346165450061335, 19.844895199308247 ], [ -99.346070199805752, 19.844901449258039 ] ], [ [ -99.346070199805752, 19.844901449258039 ], [ -99.345974749737621, 19.844904199045189 ] ], [ [ -99.345974749737621, 19.844904199045189 ], [ -99.345886300327805, 19.84493829966372 ] ], [ [ -99.345886300327805, 19.84493829966372 ], [ -99.345794999806131, 19.844964749696178 ] ], [ [ -99.345794999806131, 19.844964749696178 ], [ -99.345702150206677, 19.844985949848834 ] ], [ [ -99.345702150206677, 19.844985949848834 ], [ -99.345606999910871, 19.844993599176746 ] ], [ [ -99.345606999910871, 19.844993599176746 ], [ -99.345511599956353, 19.844997799141922 ] ], [ [ -99.345511599956353, 19.844997799141922 ], [ -99.345416100388093, 19.84499949972782 ] ], [ [ -99.345416100388093, 19.84499949972782 ], [ -99.345321300326546, 19.845010499313897 ] ], [ [ -99.345321300326546, 19.845010499313897 ], [ -99.34524174964362, 19.845060549538918 ] ], [ [ -99.34524174964362, 19.845060549538918 ], [ -99.345150649868842, 19.84508759922355 ] ], [ [ -99.345150649868842, 19.84508759922355 ], [ -99.345061950314658, 19.845121099380627 ] ], [ [ -99.345061950314658, 19.845121099380627 ], [ -99.344989299965718, 19.845179699565353 ] ], [ [ -99.344989299965718, 19.845179699565353 ], [ -99.344916849673055, 19.845238599670097 ] ], [ [ -99.344916849673055, 19.845238599670097 ], [ -99.344855050143721, 19.845307498957471 ] ], [ [ -99.344855050143721, 19.845307498957471 ], [ -99.34479734985274, 19.845379549631733 ] ], [ [ -99.34479734985274, 19.845379549631733 ], [ -99.344770900147196, 19.845466349085903 ] ], [ [ -99.344770900147196, 19.845466349085903 ], [ -99.34473764976407, 19.84555109932511 ] ], [ [ -99.34473764976407, 19.84555109932511 ], [ -99.344713549922261, 19.845638499303909 ] ], [ [ -99.344713549922261, 19.845638499303909 ], [ -99.344699949872521, 19.845727948952252 ] ], [ [ -99.344699949872521, 19.845727948952252 ], [ -99.344646599776681, 19.845802899760322 ] ], [ [ -99.344646599776681, 19.845802899760322 ], [ -99.344588299605235, 19.845874499296816 ] ], [ [ -99.344588299605235, 19.845874499296816 ], [ -99.344512299795696, 19.845929199519365 ] ], [ [ -99.344512299795696, 19.845929199519365 ], [ -99.344438499568298, 19.845986599007876 ] ], [ [ -99.344438499568298, 19.845986599007876 ], [ -99.344361749832032, 19.846040349544602 ] ], [ [ -99.344361749832032, 19.846040349544602 ], [ -99.344284399624613, 19.846093349769841 ] ], [ [ -99.344284399624613, 19.846093349769841 ], [ -99.344198549865965, 19.846132999662359 ] ], [ [ -99.344198549865965, 19.846132999662359 ], [ -99.344111699713039, 19.846170549604857 ] ], [ [ -99.344111699713039, 19.846170549604857 ], [ -99.34402829980273, 19.846214599274173 ] ], [ [ -99.34402829980273, 19.846214599274173 ], [ -99.343952650046248, 19.846269749591883 ] ], [ [ -99.343952650046248, 19.846269749591883 ], [ -99.343899800305323, 19.846344999057223 ] ], [ [ -99.343899800305323, 19.846344999057223 ], [ -99.343858749667959, 19.846426599073414 ] ], [ [ -99.343858749667959, 19.846426599073414 ], [ -99.343811600030648, 19.846505199353391 ] ], [ [ -99.343811600030648, 19.846505199353391 ], [ -99.34377255039864, 19.84658764943066 ] ], [ [ -99.34377255039864, 19.84658764943066 ], [ -99.343713199667263, 19.846658449737603 ] ], [ [ -99.343713199667263, 19.846658449737603 ], [ -99.343640500006757, 19.846717049432399 ] ], [ [ -99.343640500006757, 19.846717049432399 ], [ -99.343572850152796, 19.846780849714797 ] ], [ [ -99.343572850152796, 19.846780849714797 ], [ -99.343517700233178, 19.846854599209497 ] ], [ [ -99.343517700233178, 19.846854599209497 ], [ -99.343482700466623, 19.846938699464367 ] ], [ [ -99.343482700466623, 19.846938699464367 ], [ -99.343455100011354, 19.847025199451462 ] ], [ [ -99.343455100011354, 19.847025199451462 ], [ -99.343425299970875, 19.847111099723289 ] ], [ [ -99.343425299970875, 19.847111099723289 ], [ -99.343400650081307, 19.847198349489691 ] ], [ [ -99.343400650081307, 19.847198349489691 ], [ -99.343369250175442, 19.847283699542423 ] ], [ [ -99.343369250175442, 19.847283699542423 ], [ -99.343349649865871, 19.847372149277469 ] ], [ [ -99.343349649865871, 19.847372149277469 ], [ -99.34333070003477, 19.847460699263799 ] ], [ [ -99.34333070003477, 19.847460699263799 ], [ -99.343320750024631, 19.847550599148349 ] ], [ [ -99.343320750024631, 19.847550599148349 ], [ -99.343317549659915, 19.847640899299137 ] ], [ [ -99.343317549659915, 19.847640899299137 ], [ -99.3433173002106, 19.847731299233654 ] ], [ [ -99.3433173002106, 19.847731299233654 ], [ -99.343317399533291, 19.84782164908318 ] ], [ [ -99.343317399533291, 19.84782164908318 ], [ -99.34332975044363, 19.847911249119427 ] ], [ [ -99.34332975044363, 19.847911249119427 ], [ -99.343319699815979, 19.84800109923313 ] ], [ [ -99.343319699815979, 19.84800109923313 ], [ -99.343300549631223, 19.848089649387163 ] ], [ [ -99.343300549631223, 19.848089649387163 ], [ -99.343268049699915, 19.848174649320651 ] ], [ [ -99.343268049699915, 19.848174649320651 ], [ -99.343247100309753, 19.848262798973263 ] ], [ [ -99.343247100309753, 19.848262798973263 ], [ -99.343229899631737, 19.848351699708136 ] ], [ [ -99.343229899631737, 19.848351699708136 ], [ -99.343213599526678, 19.848440699640239 ] ], [ [ -99.343213599526678, 19.848440699640239 ], [ -99.343196850059584, 19.848529698953993 ] ], [ [ -99.343196850059584, 19.848529698953993 ], [ -99.34318410041692, 19.848619249777474 ] ], [ [ -99.34318410041692, 19.848619249777474 ], [ -99.343161750275385, 19.848707099308484 ] ], [ [ -99.343161750275385, 19.848707099308484 ], [ -99.343151200331803, 19.848796899029963 ] ], [ [ -99.343151200331803, 19.848796899029963 ], [ -99.343139850360316, 19.848886649378077 ] ], [ [ -99.343139850360316, 19.848886649378077 ], [ -99.343135649599304, 19.848976899473893 ] ], [ [ -99.343135649599304, 19.848976899473893 ], [ -99.343122850051344, 19.849066499319626 ] ], [ [ -99.343122850051344, 19.849066499319626 ], [ -99.343101299740127, 19.849154499795478 ] ], [ [ -99.343101299740127, 19.849154499795478 ], [ -99.343097300132783, 19.849244799676022 ] ], [ [ -99.343097300132783, 19.849244799676022 ], [ -99.343084999717945, 19.84933439922774 ] ], [ [ -99.343084999717945, 19.84933439922774 ], [ -99.343074600064426, 19.849424249684272 ] ], [ [ -99.343074600064426, 19.849424249684272 ], [ -99.343061800452233, 19.849513799703931 ] ], [ [ -99.343061800452233, 19.849513799703931 ], [ -99.343017650421118, 19.849593949329691 ] ], [ [ -99.343017650421118, 19.849593949329691 ], [ -99.342989049946624, 19.849680149095125 ] ], [ [ -99.342989049946624, 19.849680149095125 ], [ -99.342961699594071, 19.849766749723976 ] ], [ [ -99.342961699594071, 19.849766749723976 ], [ -99.34295065028617, 19.849856499073194 ] ], [ [ -99.34295065028617, 19.849856499073194 ], [ -99.342939050039774, 19.849946199788732 ] ], [ [ -99.342939050039774, 19.849946199788732 ], [ -99.342917149787951, 19.850034149763111 ] ], [ [ -99.342917149787951, 19.850034149763111 ], [ -99.342914049699061, 19.850124499033413 ] ], [ [ -99.342914049699061, 19.850124499033413 ], [ -99.342902599832129, 19.850214199687564 ] ], [ [ -99.342902599832129, 19.850214199687564 ], [ -99.342901550097125, 19.850304549564431 ] ], [ [ -99.342901550097125, 19.850304549564431 ], [ -99.342901699925648, 19.850394899629006 ] ], [ [ -99.342901699925648, 19.850394899629006 ], [ -99.342901799913122, 19.850485299595576 ] ], [ [ -99.342901799913122, 19.850485299595576 ], [ -99.34291279978541, 19.850575049371443 ] ], [ [ -99.34291279978541, 19.850575049371443 ], [ -99.342935200220353, 19.850662899417785 ] ], [ [ -99.342935200220353, 19.850662899417785 ], [ -99.342958050086608, 19.850750649465756 ] ], [ [ -99.342958050086608, 19.850750649465756 ], [ -99.342986549718717, 19.850836899382145 ] ], [ [ -99.342986549718717, 19.850836899382145 ], [ -99.343032799758106, 19.850915949580457 ] ], [ [ -99.343032799758106, 19.850915949580457 ], [ -99.343061650186939, 19.851002099576988 ] ], [ [ -99.343061650186939, 19.851002099576988 ], [ -99.343085300310065, 19.851089649712303 ] ], [ [ -99.343085300310065, 19.851089649712303 ], [ -99.343108700389109, 19.851177248955111 ] ], [ [ -99.343108700389109, 19.851177248955111 ], [ -99.343134650307491, 19.851264249238326 ] ], [ [ -99.343134650307491, 19.851264249238326 ], [ -99.343148349568409, 19.851353699168566 ] ], [ [ -99.343148349568409, 19.851353699168566 ], [ -99.343140349853783, 19.851443699764399 ] ], [ [ -99.343140349853783, 19.851443699764399 ], [ -99.343132600184717, 19.851533799034328 ] ], [ [ -99.343132600184717, 19.851533799034328 ], [ -99.343116999962703, 19.851622949312528 ] ], [ [ -99.343116999962703, 19.851622949312528 ], [ -99.343101500324877, 19.851712099547488 ] ], [ [ -99.343101500324877, 19.851712099547488 ], [ -99.343093249524543, 19.851802149259616 ] ], [ [ -99.343093249524543, 19.851802149259616 ], [ -99.343068299628129, 19.851889399577551 ] ], [ [ -99.343068299628129, 19.851889399577551 ], [ -99.343042700186146, 19.851976449039942 ] ], [ [ -99.343042700186146, 19.851976449039942 ], [ -99.343013999578247, 19.852062649080299 ] ], [ [ -99.343013999578247, 19.852062649080299 ], [ -99.342980349898923, 19.852147199438384 ] ], [ [ -99.342980349898923, 19.852147199438384 ], [ -99.342931500365708, 19.852224849061592 ] ], [ [ -99.342931500365708, 19.852224849061592 ], [ -99.342868050156866, 19.852292399189608 ] ], [ [ -99.342868050156866, 19.852292399189608 ], [ -99.34279620041977, 19.852351899484098 ] ], [ [ -99.34279620041977, 19.852351899484098 ], [ -99.342716400318423, 19.852401599065551 ] ], [ [ -99.342716400318423, 19.852401599065551 ], [ -99.342641149739364, 19.852457249309172 ] ], [ [ -99.342641149739364, 19.852457249309172 ], [ -99.342558749869937, 19.852502899829116 ] ], [ [ -99.342558749869937, 19.852502899829116 ], [ -99.342472100026939, 19.852540899599354 ] ], [ [ -99.342472100026939, 19.852540899599354 ], [ -99.34238319962364, 19.852573999748667 ] ], [ [ -99.34238319962364, 19.852573999748667 ], [ -99.342298600347092, 19.852615949034359 ] ], [ [ -99.342298600347092, 19.852615949034359 ], [ -99.342218849714257, 19.852665649240183 ] ], [ [ -99.342218849714257, 19.852665649240183 ], [ -99.3421466997046, 19.852724899218327 ] ], [ [ -99.3421466997046, 19.852724899218327 ], [ -99.342073049926455, 19.852782399479374 ] ], [ [ -99.342073049926455, 19.852782399479374 ], [ -99.342008449692372, 19.852848949128866 ] ], [ [ -99.342008449692372, 19.852848949128866 ], [ -99.341948649908602, 19.852919399598072 ] ], [ [ -99.341948649908602, 19.852919399598072 ], [ -99.341881700110079, 19.852983899043217 ] ], [ [ -99.341881700110079, 19.852983899043217 ], [ -99.341805549662084, 19.853038399016746 ] ], [ [ -99.341805549662084, 19.853038399016746 ], [ -99.34174124990524, 19.853105199523743 ] ], [ [ -99.34174124990524, 19.853105199523743 ], [ -99.341686999659899, 19.853179599255768 ] ], [ [ -99.341686999659899, 19.853179599255768 ], [ -99.341614550368448, 19.853238449413148 ] ], [ [ -99.341614550368448, 19.853238449413148 ], [ -99.341542149861581, 19.853297349350829 ] ], [ [ -99.341542149861581, 19.853297349350829 ], [ -99.341478700375319, 19.853364899002813 ] ], [ [ -99.341478700375319, 19.853364899002813 ], [ -99.341392899736533, 19.853404649178497 ] ], [ [ -99.341392899736533, 19.853404649178497 ], [ -99.341307300128506, 19.853444699282516 ] ], [ [ -99.341307300128506, 19.853444699282516 ], [ -99.341221849792163, 19.853485099175145 ] ], [ [ -99.341221849792163, 19.853485099175145 ], [ -99.341153549910416, 19.853548249258264 ] ], [ [ -99.341153549910416, 19.853548249258264 ], [ -99.341092699592323, 19.853617899559914 ] ], [ [ -99.341092699592323, 19.853617899559914 ], [ -99.341031800382154, 19.853687499124018 ] ], [ [ -99.341031800382154, 19.853687499124018 ], [ -99.340961350207465, 19.853748499106278 ] ], [ [ -99.340961350207465, 19.853748499106278 ], [ -99.340890899969423, 19.853809499059555 ] ], [ [ -99.340890899969423, 19.853809499059555 ], [ -99.3408228995239, 19.853872949814637 ] ], [ [ -99.3408228995239, 19.853872949814637 ], [ -99.340765200154678, 19.853944999684771 ] ], [ [ -99.340765200154678, 19.853944999684771 ], [ -99.340709299580283, 19.854018299529869 ] ], [ [ -99.340709299580283, 19.854018299529869 ], [ -99.340657749657268, 19.854094349171529 ] ], [ [ -99.340657749657268, 19.854094349171529 ], [ -99.340605099993297, 19.854169749439944 ] ], [ [ -99.340605099993297, 19.854169749439944 ], [ -99.340544900436413, 19.854239899634042 ] ], [ [ -99.340544900436413, 19.854239899634042 ], [ -99.340489050403761, 19.854313199403883 ] ], [ [ -99.340489050403761, 19.854313199403883 ], [ -99.340429000158139, 19.854383449187129 ] ], [ [ -99.340429000158139, 19.854383449187129 ], [ -99.340380499892404, 19.854461299241642 ] ], [ [ -99.340380499892404, 19.854461299241642 ], [ -99.340331699741654, 19.854538998973961 ] ], [ [ -99.340331699741654, 19.854538998973961 ], [ -99.3402919501887, 19.854621149225078 ] ], [ [ -99.3402919501887, 19.854621149225078 ], [ -99.340244850232537, 19.854699798948229 ] ], [ [ -99.340244850232537, 19.854699798948229 ], [ -99.340184650273557, 19.854769899175182 ] ], [ [ -99.340184650273557, 19.854769899175182 ], [ -99.340128950203493, 19.854843299399381 ] ], [ [ -99.340128950203493, 19.854843299399381 ], [ -99.340070099679181, 19.854914499373901 ] ], [ [ -99.340070099679181, 19.854914499373901 ], [ -99.340014400445568, 19.854987899583417 ] ], [ [ -99.340014400445568, 19.854987899583417 ], [ -99.339960099653197, 19.855062249024229 ] ], [ [ -99.339960099653197, 19.855062249024229 ], [ -99.33992549983374, 19.855146499476717 ] ], [ [ -99.33992549983374, 19.855146499476717 ], [ -99.339880149653268, 19.855225999384352 ] ], [ [ -99.339880149653268, 19.855225999384352 ], [ -99.339851950267914, 19.855312349373428 ] ], [ [ -99.339851950267914, 19.855312349373428 ], [ -99.339848149531761, 19.855402649625624 ] ], [ [ -99.339848149531761, 19.855402649625624 ], [ -99.339836100307338, 19.855492299246244 ] ], [ [ -99.339836100307338, 19.855492299246244 ], [ -99.33983430017642, 19.855582649133225 ] ], [ [ -99.33983430017642, 19.855582649133225 ], [ -99.339851249921082, 19.855671599285071 ] ], [ [ -99.339851249921082, 19.855671599285071 ], [ -99.339866199868752, 19.855760849774732 ] ], [ [ -99.339866199868752, 19.855760849774732 ], [ -99.339898250070505, 19.85584594913502 ] ], [ [ -99.339898250070505, 19.85584594913502 ], [ -99.339936100019813, 19.855928949130597 ] ], [ [ -99.339936100019813, 19.855928949130597 ], [ -99.339980700345123, 19.855996549816158 ] ], [ [ -99.339980700345123, 19.855996549816158 ], [ -99.339986650374286, 19.856005599379973 ] ], [ [ -99.339986650374286, 19.856005599379973 ], [ -99.340030849531104, 19.856085699164819 ] ], [ [ -99.340030849531104, 19.856085699164819 ], [ -99.340078950310826, 19.856163749664503 ] ], [ [ -99.340078950310826, 19.856163749664503 ], [ -99.340125949972247, 19.856242399111562 ] ], [ [ -99.340125949972247, 19.856242399111562 ], [ -99.340174399696068, 19.856320299784628 ] ], [ [ -99.340174399696068, 19.856320299784628 ], [ -99.340226700417318, 19.856395899156389 ] ], [ [ -99.340226700417318, 19.856395899156389 ], [ -99.340264499881485, 19.856446299722339 ] ], [ [ -99.340264499881485, 19.856446299722339 ], [ -99.340282000114669, 19.856469599293565 ] ], [ [ -99.340282000114669, 19.856469599293565 ], [ -99.340357749542235, 19.856524699134532 ] ], [ [ -99.340357749542235, 19.856524699134532 ], [ -99.34043635026724, 19.856575999669275 ] ], [ [ -99.34043635026724, 19.856575999669275 ], [ -99.340514950111597, 19.856627299242774 ] ], [ [ -99.340514950111597, 19.856627299242774 ], [ -99.340604249612809, 19.856659399480634 ] ], [ [ -99.340604249612809, 19.856659399480634 ], [ -99.340692499830354, 19.856693999712036 ] ], [ [ -99.340692499830354, 19.856693999712036 ], [ -99.34078799965809, 19.856695449558742 ] ], [ [ -99.34078799965809, 19.856695449558742 ], [ -99.340883300386366, 19.856689849070243 ] ], [ [ -99.340883300386366, 19.856689849070243 ], [ -99.340977599765495, 19.856675499762652 ] ], [ [ -99.340977599765495, 19.856675499762652 ], [ -99.341069499549306, 19.856650899396797 ] ], [ [ -99.341069499549306, 19.856650899396797 ], [ -99.341154650361986, 19.856609899462001 ] ], [ [ -99.341154650361986, 19.856609899462001 ], [ -99.341243999677289, 19.856578049727005 ] ], [ [ -99.341243999677289, 19.856578049727005 ], [ -99.341338299916188, 19.856563699307074 ] ], [ [ -99.341338299916188, 19.856563699307074 ], [ -99.341433099785789, 19.856552749077078 ] ], [ [ -99.341433099785789, 19.856552749077078 ], [ -99.341527899622335, 19.85654179969411 ] ], [ [ -99.341527899622335, 19.85654179969411 ], [ -99.341622499928945, 19.856529149650825 ] ], [ [ -99.341622499928945, 19.856529149650825 ], [ -99.341711749542128, 19.856497049496209 ] ], [ [ -99.341711749542128, 19.856497049496209 ], [ -99.341805450272631, 19.856479498955643 ] ], [ [ -99.341805450272631, 19.856479498955643 ], [ -99.341899100252775, 19.856461749835319 ] ], [ [ -99.341899100252775, 19.856461749835319 ], [ -99.341992750226112, 19.856443999751193 ] ], [ [ -99.341992750226112, 19.856443999751193 ], [ -99.342086750146379, 19.856427949222024 ] ], [ [ -99.342086750146379, 19.856427949222024 ], [ -99.342181750285206, 19.856418799770914 ] ], [ [ -99.342181750285206, 19.856418799770914 ], [ -99.342277149970769, 19.85641419918899 ] ], [ [ -99.342277149970769, 19.85641419918899 ], [ -99.342372549613671, 19.85640964931434 ] ], [ [ -99.342372549613671, 19.85640964931434 ], [ -99.342468050287835, 19.856408599609814 ] ], [ [ -99.342468050287835, 19.856408599609814 ], [ -99.342563400442955, 19.856403249151729 ] ], [ [ -99.342563400442955, 19.856403249151729 ], [ -99.342658850120458, 19.856400399795614 ] ], [ [ -99.342658850120458, 19.856400399795614 ], [ -99.342754299829991, 19.856397499612086 ] ], [ [ -99.342754299829991, 19.856397499612086 ], [ -99.342849799625753, 19.856396249299618 ] ], [ [ -99.342849799625753, 19.856396249299618 ], [ -99.342945300359858, 19.856394999850064 ] ], [ [ -99.342945300359858, 19.856394999850064 ], [ -99.343040799824905, 19.856394549007295 ] ], [ [ -99.343040799824905, 19.856394549007295 ], [ -99.343136300157028, 19.856394249516999 ] ], [ [ -99.343136300157028, 19.856394249516999 ], [ -99.343231350175046, 19.856403099348388 ] ], [ [ -99.343231350175046, 19.856403099348388 ], [ -99.343325200098676, 19.856419999287471 ] ], [ [ -99.343325200098676, 19.856419999287471 ], [ -99.343416850367902, 19.856445449468804 ] ], [ [ -99.343416850367902, 19.856445449468804 ], [ -99.343509349865158, 19.856467998946272 ] ], [ [ -99.343509349865158, 19.856467998946272 ], [ -99.343601850333286, 19.856490549290864 ] ], [ [ -99.343601850333286, 19.856490549290864 ], [ -99.343689249573117, 19.856526949614366 ] ], [ [ -99.343689249573117, 19.856526949614366 ], [ -99.343760749868849, 19.856586899571212 ] ], [ [ -99.343760749868849, 19.856586899571212 ], [ -99.343841300026398, 19.856635449311096 ] ], [ [ -99.343841300026398, 19.856635449311096 ], [ -99.343923250039666, 19.856681849583104 ] ], [ [ -99.343923250039666, 19.856681849583104 ], [ -99.344003850154849, 19.856730349346638 ] ], [ [ -99.344003850154849, 19.856730349346638 ], [ -99.344090549580486, 19.856768249340412 ] ], [ [ -99.344090549580486, 19.856768249340412 ], [ -99.344171199667798, 19.856816649263443 ] ], [ [ -99.344171199667798, 19.856816649263443 ], [ -99.344203249909668, 19.856901749564759 ] ], [ [ -99.344203249909668, 19.856901749564759 ], [ -99.344227499773623, 19.856989149142748 ] ], [ [ -99.344227499773623, 19.856989149142748 ], [ -99.344257200331214, 19.857075049572334 ] ], [ [ -99.344257200331214, 19.857075049572334 ], [ -99.344292750444438, 19.857158899390377 ] ], [ [ -99.344292750444438, 19.857158899390377 ], [ -99.344332200027907, 19.85724119930077 ] ], [ [ -99.344332200027907, 19.85724119930077 ], [ -99.344352150299997, 19.857329599650651 ] ], [ [ -99.344352150299997, 19.857329599650651 ], [ -99.34437355047038, 19.857417649182008 ] ], [ [ -99.34437355047038, 19.857417649182008 ], [ -99.344408450014896, 19.857501799460522 ] ], [ [ -99.344408450014896, 19.857501799460522 ], [ -99.344455699879191, 19.857580299696998 ] ], [ [ -99.344455699879191, 19.857580299696998 ], [ -99.344532600092776, 19.857633899126178 ] ], [ [ -99.344532600092776, 19.857633899126178 ], [ -99.344606400078774, 19.85769129894765 ] ], [ [ -99.344606400078774, 19.85769129894765 ], [ -99.344682700291017, 19.857745599451732 ] ], [ [ -99.344682700291017, 19.857745599451732 ], [ -99.344759150111983, 19.857799749329395 ] ], [ [ -99.344759150111983, 19.857799749329395 ], [ -99.344818999709489, 19.857870199542358 ] ], [ [ -99.344818999709489, 19.857870199542358 ], [ -99.344874400237472, 19.857943849055935 ] ], [ [ -99.344874400237472, 19.857943849055935 ], [ -99.34492864976248, 19.858018199115829 ] ], [ [ -99.34492864976248, 19.858018199115829 ], [ -99.344981899676526, 19.858093249655827 ] ], [ [ -99.344981899676526, 19.858093249655827 ], [ -99.345060100374681, 19.858145099267432 ] ], [ [ -99.345060100374681, 19.858145099267432 ], [ -99.345148950170824, 19.858178249652376 ] ], [ [ -99.345148950170824, 19.858178249652376 ], [ -99.345239399893117, 19.858207349339196 ] ], [ [ -99.345239399893117, 19.858207349339196 ], [ -99.34532555015376, 19.858246349592051 ] ], [ [ -99.34532555015376, 19.858246349592051 ], [ -99.345413300081248, 19.858281949156073 ] ], [ [ -99.345413300081248, 19.858281949156073 ], [ -99.345503349929629, 19.85831209965291 ] ], [ [ -99.345503349929629, 19.85831209965291 ], [ -99.345584849939513, 19.858359199227948 ] ], [ [ -99.345584849939513, 19.858359199227948 ], [ -99.345649349846312, 19.858425849544425 ] ], [ [ -99.345649349846312, 19.858425849544425 ], [ -99.345716750303538, 19.858489899813513 ] ], [ [ -99.345716750303538, 19.858489899813513 ], [ -99.345771650317417, 19.858563849407592 ] ], [ [ -99.345771650317417, 19.858563849407592 ], [ -99.345852650084765, 19.858611699793958 ] ], [ [ -99.345852650084765, 19.858611699793958 ], [ -99.345930600195842, 19.858663949822066 ] ], [ [ -99.345930600195842, 19.858663949822066 ], [ -99.345997600277173, 19.858728299387653 ] ], [ [ -99.345997600277173, 19.858728299387653 ], [ -99.346044600372721, 19.858806949851168 ] ], [ [ -99.346044600372721, 19.858806949851168 ], [ -99.346103399653202, 19.858878198945487 ] ], [ [ -99.346103399653202, 19.858878198945487 ], [ -99.346170300201109, 19.858942699006633 ] ], [ [ -99.346170300201109, 19.858942699006633 ], [ -99.3462431995369, 19.859001049624879 ] ], [ [ -99.3462431995369, 19.859001049624879 ], [ -99.346328899862286, 19.859040999694283 ] ], [ [ -99.346328899862286, 19.859040999694283 ], [ -99.346414499576952, 19.859081099352178 ] ], [ [ -99.346414499576952, 19.859081099352178 ], [ -99.34650010031703, 19.859121149118852 ] ], [ [ -99.34650010031703, 19.859121149118852 ], [ -99.346572600135929, 19.859179999364951 ] ], [ [ -99.346572600135929, 19.859179999364951 ], [ -99.346640450009502, 19.859243599305195 ] ], [ [ -99.346640450009502, 19.859243599305195 ], [ -99.346721150387154, 19.859291948967439 ] ], [ [ -99.346721150387154, 19.859291948967439 ], [ -99.346805299607311, 19.85933464936112 ] ], [ [ -99.346805299607311, 19.85933464936112 ], [ -99.346886200444928, 19.85938274951296 ] ], [ [ -99.346886200444928, 19.85938274951296 ], [ -99.346957950015664, 19.859442349786686 ] ], [ [ -99.346957950015664, 19.859442349786686 ], [ -99.347012349819295, 19.859516649230013 ] ], [ [ -99.347012349819295, 19.859516649230013 ], [ -99.347068549632624, 19.859589699175963 ] ], [ [ -99.347068549632624, 19.859589699175963 ], [ -99.347119550033995, 19.859666099453708 ] ], [ [ -99.347119550033995, 19.859666099453708 ], [ -99.347172499924284, 19.859741299086913 ] ], [ [ -99.347172499924284, 19.859741299086913 ], [ -99.347172599890271, 19.859831699838544 ] ], [ [ -99.347172599890271, 19.859831699838544 ], [ -99.347194350146282, 19.85991964920926 ] ], [ [ -99.347194350146282, 19.85991964920926 ], [ -99.347226549623031, 19.860004748979232 ] ], [ [ -99.347226549623031, 19.860004748979232 ], [ -99.347273700369257, 19.860083349196334 ] ], [ [ -99.347273700369257, 19.860083349196334 ], [ -99.347322600257868, 19.860160949241958 ] ], [ [ -99.347322600257868, 19.860160949241958 ], [ -99.347370250421022, 19.860239299806189 ] ], [ [ -99.347370250421022, 19.860239299806189 ], [ -99.347413900398962, 19.860319649155912 ] ], [ [ -99.347413900398962, 19.860319649155912 ], [ -99.347448700048403, 19.860403798995232 ] ], [ [ -99.347448700048403, 19.860403798995232 ], [ -99.34750730040831, 19.860475199175692 ] ], [ [ -99.34750730040831, 19.860475199175692 ], [ -99.347568299917342, 19.860544699440027 ] ], [ [ -99.347568299917342, 19.860544699440027 ], [ -99.347620849769115, 19.860620149438191 ] ], [ [ -99.347620849769115, 19.860620149438191 ], [ -99.347667650188427, 19.860698949234756 ] ], [ [ -99.347667650188427, 19.860698949234756 ], [ -99.347728250191196, 19.860768749784683 ] ], [ [ -99.347728250191196, 19.860768749784683 ], [ -99.347793100242626, 19.860835099014466 ] ], [ [ -99.347793100242626, 19.860835099014466 ], [ -99.347844750342119, 19.860911149679172 ] ], [ [ -99.347844750342119, 19.860911149679172 ], [ -99.347917199941548, 19.860970049248955 ] ], [ [ -99.347917199941548, 19.860970049248955 ], [ -99.347986100000853, 19.861032599103574 ] ], [ [ -99.347986100000853, 19.861032599103574 ], [ -99.348050650267751, 19.861099199551436 ] ], [ [ -99.348050650267751, 19.861099199551436 ], [ -99.348115199657855, 19.861165799053175 ] ], [ [ -99.348115199657855, 19.861165799053175 ], [ -99.34817670008843, 19.86123494977652 ] ], [ [ -99.34817670008843, 19.86123494977652 ], [ -99.348214450227829, 19.86131794900664 ] ], [ [ -99.348214450227829, 19.86131794900664 ], [ -99.348237450010373, 19.86140564913639 ] ], [ [ -99.348237450010373, 19.86140564913639 ], [ -99.348266650006551, 19.861491698988065 ] ], [ [ -99.348266650006551, 19.861491698988065 ], [ -99.348293049865717, 19.861578549313332 ] ], [ [ -99.348293049865717, 19.861578549313332 ], [ -99.348319499585784, 19.86166539960665 ] ], [ [ -99.348319499585784, 19.86166539960665 ], [ -99.348328699602632, 19.86175529973292 ] ], [ [ -99.348328699602632, 19.86175529973292 ], [ -99.348337950400406, 19.861845249709944 ] ], [ [ -99.348337950400406, 19.861845249709944 ], [ -99.348340049996608, 19.861935599493673 ] ], [ [ -99.348340049996608, 19.861935599493673 ], [ -99.348340499550503, 19.862025999290651 ] ], [ [ -99.348340499550503, 19.862025999290651 ], [ -99.348340850424606, 19.862116349320765 ] ], [ [ -99.348340850424606, 19.862116349320765 ], [ -99.348329100407312, 19.862205999013568 ] ], [ [ -99.348329100407312, 19.862205999013568 ], [ -99.348300699943181, 19.862292299536499 ] ], [ [ -99.348300699943181, 19.862292299536499 ], [ -99.348246899920994, 19.862366999369449 ] ], [ [ -99.348246899920994, 19.862366999369449 ], [ -99.348189999908257, 19.862439548950007 ] ], [ [ -99.348189999908257, 19.862439548950007 ], [ -99.348134800173327, 19.862513299559719 ] ], [ [ -99.348134800173327, 19.862513299559719 ], [ -99.348074699542749, 19.862583549335731 ] ], [ [ -99.348074699542749, 19.862583549335731 ], [ -99.348009349535573, 19.862649449058242 ] ], [ [ -99.348009349535573, 19.862649449058242 ], [ -99.347942199618203, 19.862713699025953 ] ], [ [ -99.347942199618203, 19.862713699025953 ], [ -99.347870299687216, 19.862773199706503 ] ], [ [ -99.347870299687216, 19.862773199706503 ], [ -99.347814200124205, 19.862846349742615 ] ], [ [ -99.347814200124205, 19.862846349742615 ], [ -99.347763300407181, 19.862922799127382 ] ], [ [ -99.347763300407181, 19.862922799127382 ], [ -99.347722150365996, 19.863004349071524 ] ], [ [ -99.347722150365996, 19.863004349071524 ], [ -99.347696299835121, 19.863091349634267 ] ], [ [ -99.347696299835121, 19.863091349634267 ], [ -99.347675149827637, 19.863179499495669 ] ], [ [ -99.347675149827637, 19.863179499495669 ], [ -99.347648349767809, 19.863266199692191 ] ], [ [ -99.347648349767809, 19.863266199692191 ], [ -99.347619599905542, 19.863352399791392 ] ], [ [ -99.347619599905542, 19.863352399791392 ], [ -99.347591499633722, 19.86343874906029 ] ], [ [ -99.347591499633722, 19.86343874906029 ], [ -99.347563400266409, 19.863525099254446 ] ], [ [ -99.347563400266409, 19.863525099254446 ], [ -99.34752165017332, 19.863606399360986 ] ], [ [ -99.34752165017332, 19.863606399360986 ], [ -99.347496249732487, 19.863693499386549 ] ], [ [ -99.347496249732487, 19.863693499386549 ], [ -99.347466300150273, 19.863779299551926 ] ], [ [ -99.347466300150273, 19.863779299551926 ], [ -99.347446049594993, 19.863867599359946 ] ], [ [ -99.347446049594993, 19.863867599359946 ], [ -99.347425750126561, 19.8639559490857 ] ], [ [ -99.347425750126561, 19.8639559490857 ], [ -99.347396749912122, 19.864042049634616 ] ], [ [ -99.347396749912122, 19.864042049634616 ], [ -99.347366949657527, 19.86412789956778 ] ], [ [ -99.347366949657527, 19.86412789956778 ], [ -99.347343150054087, 19.864215399328902 ] ], [ [ -99.347343150054087, 19.864215399328902 ], [ -99.347324550233537, 19.864304048979307 ] ], [ [ -99.347324550233537, 19.864304048979307 ], [ -99.347297249563923, 19.864390649799031 ] ], [ [ -99.347297249563923, 19.864390649799031 ], [ -99.347281700463654, 19.864479799794822 ] ], [ [ -99.347281700463654, 19.864479799794822 ], [ -99.347263500133394, 19.864568499063047 ] ], [ [ -99.347263500133394, 19.864568499063047 ], [ -99.347240449622745, 19.864656199620612 ] ], [ [ -99.347240449622745, 19.864656199620612 ], [ -99.347227750057044, 19.864745749446094 ] ], [ [ -99.347227750057044, 19.864745749446094 ], [ -99.347225250441724, 19.864836099708292 ] ], [ [ -99.347225250441724, 19.864836099708292 ], [ -99.347224900111456, 19.864926499380154 ] ], [ [ -99.347224900111456, 19.864926499380154 ], [ -99.347203300166484, 19.865014499138638 ] ], [ [ -99.347203300166484, 19.865014499138638 ], [ -99.34717605008062, 19.865101099073417 ] ], [ [ -99.34717605008062, 19.865101099073417 ], [ -99.34714040026023, 19.865184949210324 ] ], [ [ -99.34714040026023, 19.865184949210324 ], [ -99.347104899864334, 19.86526884910403 ] ], [ [ -99.347104899864334, 19.86526884910403 ], [ -99.347052449738541, 19.8653443493297 ] ], [ [ -99.347052449738541, 19.8653443493297 ], [ -99.346999949725912, 19.865419849577307 ] ], [ [ -99.346999949725912, 19.865419849577307 ], [ -99.346929650438383, 19.865480998982637 ] ], [ [ -99.346929650438383, 19.865480998982637 ], [ -99.346851099719899, 19.865532449491024 ] ], [ [ -99.346851099719899, 19.865532449491024 ], [ -99.346757499739482, 19.86555024903922 ] ], [ [ -99.346757499739482, 19.86555024903922 ], [ -99.346663849871263, 19.865568099332126 ] ], [ [ -99.346663849871263, 19.865568099332126 ], [ -99.346571599650531, 19.865591599392936 ] ], [ [ -99.346571599650531, 19.865591599392936 ], [ -99.346477900122864, 19.86560889931636 ] ], [ [ -99.346477900122864, 19.86560889931636 ], [ -99.346382450480164, 19.865605249230786 ] ], [ [ -99.346382450480164, 19.865605249230786 ], [ -99.346286949627427, 19.865602649820225 ] ], [ [ -99.346286949627427, 19.865602649820225 ], [ -99.346191499582559, 19.865600049425854 ] ], [ [ -99.346191499582559, 19.865600049425854 ], [ -99.346095949793408, 19.865600098968706 ] ], [ [ -99.346095949793408, 19.865600098968706 ], [ -99.346000449780689, 19.865600249046615 ] ], [ [ -99.346000449780689, 19.865600249046615 ], [ -99.345904949732912, 19.865600449832211 ] ], [ [ -99.345904949732912, 19.865600449832211 ], [ -99.345809449719809, 19.865600599789811 ] ], [ [ -99.345809449719809, 19.865600599789811 ], [ -99.345714099728355, 19.865606599749846 ] ], [ [ -99.345714099728355, 19.865606599749846 ], [ -99.345618799557016, 19.865612599615968 ] ], [ [ -99.345618799557016, 19.865612599615968 ], [ -99.345523549937766, 19.865619149694673 ] ], [ [ -99.345523549937766, 19.865619149694673 ], [ -99.345428300309266, 19.865625699713558 ] ], [ [ -99.345428300309266, 19.865625699713558 ], [ -99.345333100081831, 19.865633299450195 ] ], [ [ -99.345333100081831, 19.865633299450195 ], [ -99.345238600049854, 19.865646299191358 ] ], [ [ -99.345238600049854, 19.865646299191358 ], [ -99.345144099947021, 19.865659399503183 ] ], [ [ -99.345144099947021, 19.865659399503183 ], [ -99.345059349767752, 19.865701099049147 ] ], [ [ -99.345059349767752, 19.865701099049147 ], [ -99.344983650344886, 19.865756149630041 ] ], [ [ -99.344983650344886, 19.865756149630041 ], [ -99.34490090038112, 19.865801349076381 ] ], [ [ -99.34490090038112, 19.865801349076381 ], [ -99.344818900172726, 19.865847699371564 ] ], [ [ -99.344818900172726, 19.865847699371564 ], [ -99.3447336001678, 19.865888349268694 ] ], [ [ -99.3447336001678, 19.865888349268694 ], [ -99.344642099650216, 19.865914249236276 ] ], [ [ -99.344642099650216, 19.865914249236276 ], [ -99.344551350380101, 19.865942399749539 ] ], [ [ -99.344551350380101, 19.865942399749539 ], [ -99.344461499852912, 19.865973049077319 ] ], [ [ -99.344461499852912, 19.865973049077319 ], [ -99.344373800291962, 19.866008899010446 ] ], [ [ -99.344373800291962, 19.866008899010446 ], [ -99.344281849836648, 19.866033349421489 ] ], [ [ -99.344281849836648, 19.866033349421489 ], [ -99.344196150268914, 19.866073249538978 ] ], [ [ -99.344196150268914, 19.866073249538978 ], [ -99.344110500426041, 19.866113299160872 ] ], [ [ -99.344110500426041, 19.866113299160872 ], [ -99.344027900308674, 19.866158649460239 ] ], [ [ -99.344027900308674, 19.866158649460239 ], [ -99.343959899984043, 19.866222099763998 ] ], [ [ -99.343959899984043, 19.866222099763998 ], [ -99.343892349791886, 19.866285999434606 ] ], [ [ -99.343892349791886, 19.866285999434606 ], [ -99.343813600181889, 19.86633709954604 ] ], [ [ -99.343813600181889, 19.86633709954604 ], [ -99.343761250289546, 19.866412699325789 ] ], [ [ -99.343761250289546, 19.866412699325789 ], [ -99.343690600334099, 19.866473499397667 ] ], [ [ -99.343690600334099, 19.866473499397667 ], [ -99.343654749659578, 19.866557299117172 ] ], [ [ -99.343654749659578, 19.866557299117172 ], [ -99.343621299914091, 19.866641949582551 ] ], [ [ -99.343621299914091, 19.866641949582551 ], [ -99.343607199778731, 19.866731299810237 ] ], [ [ -99.343607199778731, 19.866731299810237 ], [ -99.343588399790278, 19.866819899527979 ] ], [ [ -99.343588399790278, 19.866819899527979 ], [ -99.343563099694734, 19.866907049033461 ] ], [ [ -99.343563099694734, 19.866907049033461 ], [ -99.343533850163013, 19.866993049588178 ] ], [ [ -99.343533850163013, 19.866993049588178 ], [ -99.34351935036058, 19.867082399181918 ] ], [ [ -99.34351935036058, 19.867082399181918 ], [ -99.343518500240108, 19.867172749533985 ] ], [ [ -99.343518500240108, 19.867172749533985 ], [ -99.343518500088109, 19.8672630993787 ] ], [ [ -99.343518500088109, 19.8672630993787 ], [ -99.343529650275912, 19.867352849579106 ] ], [ [ -99.343529650275912, 19.867352849579106 ], [ -99.343532299666791, 19.867443199639407 ] ], [ [ -99.343532299666791, 19.867443199639407 ], [ -99.34353270007405, 19.867533549275553 ] ], [ [ -99.34353270007405, 19.867533549275553 ], [ -99.343532900206682, 19.867623899036161 ] ], [ [ -99.343532900206682, 19.867623899036161 ], [ -99.343533100303787, 19.867714299572722 ] ], [ [ -99.343533100303787, 19.867714299572722 ], [ -99.343545500158413, 19.867803899461993 ] ], [ [ -99.343545500158413, 19.867803899461993 ], [ -99.343567850221746, 19.86789174906805 ] ], [ [ -99.343567850221746, 19.86789174906805 ], [ -99.343593400187785, 19.867978849712912 ] ], [ [ -99.343593400187785, 19.867978849712912 ], [ -99.34362535018866, 19.86806399914202 ] ], [ [ -99.34362535018866, 19.86806399914202 ], [ -99.343651550013078, 19.868150899039414 ] ], [ [ -99.343651550013078, 19.868150899039414 ], [ -99.343682850301562, 19.868236249223493 ] ], [ [ -99.343682850301562, 19.868236249223493 ], [ -99.34368489994111, 19.868326599726526 ] ], [ [ -99.34368489994111, 19.868326599726526 ], [ -99.343725550444276, 19.868408399508606 ] ], [ [ -99.343725550444276, 19.868408399508606 ], [ -99.343781100410297, 19.868481899531286 ] ], [ [ -99.343781100410297, 19.868481899531286 ], [ -99.343846099880338, 19.868548099424576 ] ], [ [ -99.343846099880338, 19.868548099424576 ], [ -99.343902200154233, 19.868621249141192 ] ], [ [ -99.343902200154233, 19.868621249141192 ], [ -99.343953299964369, 19.868697599392291 ] ], [ [ -99.343953299964369, 19.868697599392291 ], [ -99.344012200229969, 19.868768749264984 ] ], [ [ -99.344012200229969, 19.868768749264984 ], [ -99.34409464956056, 19.868814349043447 ] ], [ [ -99.34409464956056, 19.868814349043447 ], [ -99.344184700393981, 19.868844449769153 ] ], [ [ -99.344184700393981, 19.868844449769153 ], [ -99.344273799674539, 19.86887704953546 ] ], [ [ -99.344273799674539, 19.86887704953546 ], [ -99.344366399927225, 19.86889919967237 ] ], [ [ -99.344366399927225, 19.86889919967237 ], [ -99.344461650386663, 19.868905799341761 ] ], [ [ -99.344461650386663, 19.868905799341761 ], [ -99.344557100171457, 19.868910048955644 ] ], [ [ -99.344557100171457, 19.868910048955644 ], [ -99.344652549869338, 19.868912149001403 ] ], [ [ -99.344652549869338, 19.868912149001403 ], [ -99.344747449830408, 19.868901699511682 ] ], [ [ -99.344747449830408, 19.868901699511682 ], [ -99.344841200183566, 19.868918849758671 ] ], [ [ -99.344841200183566, 19.868918849758671 ], [ -99.344934649991714, 19.868937599333627 ] ], [ [ -99.344934649991714, 19.868937599333627 ], [ -99.345027999990535, 19.868956749625216 ] ], [ [ -99.345027999990535, 19.868956749625216 ], [ -99.345121349998166, 19.868975949721346 ] ], [ [ -99.345121349998166, 19.868975949721346 ], [ -99.34521260037836, 19.869002599542203 ] ], [ [ -99.34521260037836, 19.869002599542203 ], [ -99.345303849819004, 19.869029299153748 ] ], [ [ -99.345303849819004, 19.869029299153748 ], [ -99.345391950019092, 19.869064249663634 ] ], [ [ -99.345391950019092, 19.869064249663634 ], [ -99.345486700034471, 19.869052699211494 ] ], [ [ -99.345486700034471, 19.869052699211494 ], [ -99.345581700143711, 19.869043499315062 ] ], [ [ -99.345581700143711, 19.869043499315062 ], [ -99.34567089959171, 19.869011149741684 ] ], [ [ -99.34567089959171, 19.869011149741684 ], [ -99.345759699799189, 19.868977849374541 ] ], [ [ -99.345759699799189, 19.868977849374541 ], [ -99.345849050411445, 19.868945899429932 ] ], [ [ -99.345849050411445, 19.868945899429932 ], [ -99.345935450270261, 19.868907349525067 ] ], [ [ -99.345935450270261, 19.868907349525067 ], [ -99.346025150182214, 19.868876349348511 ] ], [ [ -99.346025150182214, 19.868876349348511 ], [ -99.346108500097344, 19.86883229920273 ] ], [ [ -99.346108500097344, 19.86883229920273 ], [ -99.346197900361403, 19.868800349022987 ] ], [ [ -99.346197900361403, 19.868800349022987 ], [ -99.346292249553514, 19.868786349632018 ] ], [ [ -99.346292249553514, 19.868786349632018 ], [ -99.346386950477338, 19.868774649086216 ] ], [ [ -99.346386950477338, 19.868774649086216 ], [ -99.346480850256029, 19.868758099655526 ] ], [ [ -99.346480850256029, 19.868758099655526 ], [ -99.346574999675511, 19.8687426995503 ] ], [ [ -99.346574999675511, 19.8687426995503 ], [ -99.346669699620449, 19.868730899088156 ] ], [ [ -99.346669699620449, 19.868730899088156 ], [ -99.346764250398792, 19.868718199346898 ] ], [ [ -99.346764250398792, 19.868718199346898 ], [ -99.346859749705345, 19.86871564901455 ] ], [ [ -99.346859749705345, 19.86871564901455 ], [ -99.346954350166484, 19.86870324919699 ] ], [ [ -99.346954350166484, 19.86870324919699 ], [ -99.34704859979017, 19.868688649252462 ] ], [ [ -99.34704859979017, 19.868688649252462 ], [ -99.347144100193319, 19.868688099586613 ] ], [ [ -99.347144100193319, 19.868688099586613 ], [ -99.347239650375428, 19.868687699411151 ] ], [ [ -99.347239650375428, 19.868687699411151 ], [ -99.34733514970155, 19.868687449684646 ] ], [ [ -99.34733514970155, 19.868687449684646 ], [ -99.347427400037972, 19.868710899108315 ] ], [ [ -99.347427400037972, 19.868710899108315 ], [ -99.347508399741258, 19.868758748972994 ] ], [ [ -99.347508399741258, 19.868758748972994 ], [ -99.347597300208676, 19.868791849163603 ] ], [ [ -99.347597300208676, 19.868791849163603 ], [ -99.347678500379814, 19.868839449510965 ] ], [ [ -99.347678500379814, 19.868839449510965 ], [ -99.347752399819328, 19.868896699555041 ] ], [ [ -99.347752399819328, 19.868896699555041 ], [ -99.347814550246284, 19.868933849049473 ] ], [ [ -99.347814550246284, 19.868933849049473 ], [ -99.348236148907588, 19.869509402986562 ] ], [ [ -99.348236148907588, 19.869509402986562 ], [ -99.348418565281676, 19.870036383117181 ] ], [ [ -99.348418565281676, 19.870036383117181 ], [ -99.348215880617232, 19.870867390715429 ] ], [ [ -99.348215880617232, 19.870867390715429 ], [ -99.34785104877318, 19.8713335645438 ] ], [ [ -99.34785104877318, 19.8713335645438 ], [ -99.346290377908801, 19.872184839844685 ] ], [ [ -99.346290377908801, 19.872184839844685 ], [ -99.345601249681863, 19.873137457680262 ] ], [ [ -99.345601249681863, 19.873137457680262 ], [ -99.344141922116236, 19.87461705445287 ] ], [ [ -99.344141922116236, 19.87461705445287 ], [ -99.343756820557758, 19.875711550761444 ] ], [ [ -99.343756820557758, 19.875711550761444 ], [ -99.343777090448157, 19.87646148351174 ] ], [ [ -99.343777090448157, 19.87646148351174 ], [ -99.346878162578534, 19.879400409610778 ] ], [ [ -99.346878162578534, 19.879400409610778 ], [ -99.347324069034258, 19.880231415835993 ] ], [ [ -99.347324069034258, 19.880231415835993 ], [ -99.347324068935691, 19.880819200421378 ] ], [ [ -99.347324068935691, 19.880819200421378 ], [ -99.346553868173316, 19.880981348381461 ] ], [ [ -99.346553868173316, 19.880981348381461 ], [ -99.34477024410306, 19.880981347969431 ] ], [ [ -99.34477024410306, 19.880981347969431 ], [ -99.344162189857926, 19.881224569303455 ] ], [ [ -99.344162189857926, 19.881224569303455 ], [ -99.344364875263892, 19.881852891021776 ] ], [ [ -99.344364875263892, 19.881852891021776 ], [ -99.344972928142298, 19.882400140570319 ] ], [ [ -99.344972928142298, 19.882400140570319 ], [ -99.345337760795829, 19.883190609216193 ] ], [ [ -99.345337760795829, 19.883190609216193 ], [ -99.345783665816271, 19.884041884498764 ] ], [ [ -99.345783665816271, 19.884041884498764 ], [ -99.34554150337776, 19.884504450472221 ] ], [ [ -99.345574700468021, 19.884489198976457 ], [ -99.34554150337776, 19.884504450472221 ] ], [ [ -99.34554150337776, 19.884504450472221 ], [ -99.345491899903166, 19.884599199661995 ] ], [ [ -99.34554150337776, 19.884504450472221 ], [ -99.3454811001303, 19.8845321989463 ] ], [ [ -99.3454811001303, 19.8845321989463 ], [ -99.345491899903166, 19.884599199661995 ] ], [ [ -99.345491899903166, 19.884599199661995 ], [ -99.345410199837161, 19.884710549564545 ] ], [ [ -99.345410199837161, 19.884710549564545 ], [ -99.34532460016311, 19.884819249161261 ] ], [ [ -99.34532460016311, 19.884819249161261 ], [ -99.345256050281975, 19.884938299649942 ] ], [ [ -99.345256050281975, 19.884938299649942 ], [ -99.345199449866101, 19.885062849383939 ] ], [ [ -99.345199449866101, 19.885062849383939 ], [ -99.345139800345294, 19.88518609914393 ] ], [ [ -99.345139800345294, 19.88518609914393 ], [ -99.345048550361966, 19.885290549289415 ] ], [ [ -99.345048550361966, 19.885290549289415 ], [ -99.344943400265777, 19.885382649245617 ] ], [ [ -99.344943400265777, 19.885382649245617 ], [ -99.344832899864642, 19.885468999169607 ] ], [ [ -99.344832899864642, 19.885468999169607 ], [ -99.34473175006147, 19.885564949575876 ] ], [ [ -99.34473175006147, 19.885564949575876 ], [ -99.344623050304435, 19.885653299129544 ] ], [ [ -99.344623050304435, 19.885653299129544 ], [ -99.344514950070206, 19.885742299175149 ] ], [ [ -99.344514950070206, 19.885742299175149 ], [ -99.344399999666081, 19.885823249145613 ] ], [ [ -99.344399999666081, 19.885823249145613 ], [ -99.344289949763024, 19.885910049034997 ] ], [ [ -99.344289949763024, 19.885910049034997 ], [ -99.344192799893833, 19.88600969922593 ] ], [ [ -99.344192799893833, 19.88600969922593 ], [ -99.344091900224441, 19.886105899341409 ] ], [ [ -99.344091900224441, 19.886105899341409 ], [ -99.344004599895172, 19.886213399069238 ] ], [ [ -99.344004599895172, 19.886213399069238 ], [ -99.34390974982675, 19.886315049474362 ] ], [ [ -99.34390974982675, 19.886315049474362 ], [ -99.343838700040067, 19.886432699460386 ] ], [ [ -99.343838700040067, 19.886432699460386 ], [ -99.343758100276531, 19.886544799620161 ] ], [ [ -99.343758100276531, 19.886544799620161 ], [ -99.343680800191862, 19.886658949367181 ] ], [ [ -99.343680800191862, 19.886658949367181 ], [ -99.34355539994003, 19.886724499337753 ] ], [ [ -99.34355539994003, 19.886724499337753 ], [ -99.343506900218145, 19.886736099760903 ] ], [ [ -99.343506900218145, 19.886736099760903 ], [ -99.343416499825295, 19.886757799741147 ] ], [ [ -99.343416499825295, 19.886757799741147 ], [ -99.343279350003741, 19.886797149600547 ] ], [ [ -99.343279350003741, 19.886797149600547 ], [ -99.343137450421708, 19.886815749276195 ] ], [ [ -99.343137450421708, 19.886815749276195 ], [ -99.34300225032014, 19.886860699575266 ] ], [ [ -99.34300225032014, 19.886860699575266 ], [ -99.342870550433247, 19.886914098958574 ] ], [ [ -99.342870550433247, 19.886914098958574 ], [ -99.342788100416627, 19.887024949588234 ] ], [ [ -99.342788100416627, 19.887024949588234 ], [ -99.342739899568699, 19.887152649507446 ] ], [ [ -99.342739899568699, 19.887152649507446 ], [ -99.342754399705669, 19.887287499148897 ] ], [ [ -99.342754399705669, 19.887287499148897 ], [ -99.342750099960085, 19.887422949440523 ] ], [ [ -99.342750099960085, 19.887422949440523 ], [ -99.342731650093285, 19.887557399238727 ] ], [ [ -99.342731650093285, 19.887557399238727 ], [ -99.342731400410159, 19.887692949570091 ] ], [ [ -99.342731400410159, 19.887692949570091 ], [ -99.342740950362213, 19.887828199356576 ] ], [ [ -99.342740950362213, 19.887828199356576 ], [ -99.342759849769436, 19.887962549601895 ] ], [ [ -99.342759849769436, 19.887962549601895 ], [ -99.342789649714021, 19.888095148994573 ] ], [ [ -99.342789649714021, 19.888095148994573 ], [ -99.342799000404924, 19.888230398963 ] ], [ [ -99.342799000404924, 19.888230398963 ], [ -99.34281870019116, 19.888364699819295 ] ], [ [ -99.34281870019116, 19.888364699819295 ], [ -99.342836800423569, 19.888499149440097 ] ], [ [ -99.342836800423569, 19.888499149440097 ], [ -99.342865949769063, 19.888631848992414 ] ], [ [ -99.342865949769063, 19.888631848992414 ], [ -99.342910649763894, 19.888760648946139 ] ], [ [ -99.342910649763894, 19.888760648946139 ], [ -99.342944650091439, 19.888892299383603 ] ], [ [ -99.342944650091439, 19.888892299383603 ], [ -99.342976449784217, 19.889024499642353 ] ], [ [ -99.342976449784217, 19.889024499642353 ], [ -99.343006550191603, 19.889156999223452 ] ], [ [ -99.343006550191603, 19.889156999223452 ], [ -99.343040599572376, 19.889288699503432 ] ], [ [ -99.343040599572376, 19.889288699503432 ], [ -99.343103899695635, 19.889410299779147 ] ], [ [ -99.343103899695635, 19.889410299779147 ], [ -99.343164499638235, 19.889533099294454 ] ], [ [ -99.343164499638235, 19.889533099294454 ], [ -99.343213550006908, 19.889660499559724 ] ], [ [ -99.343213550006908, 19.889660499559724 ], [ -99.343262100122544, 19.889788049711676 ] ], [ [ -99.343262100122544, 19.889788049711676 ], [ -99.343318549764405, 19.889912599646099 ] ], [ [ -99.343318549764405, 19.889912599646099 ], [ -99.34338619958011, 19.890032099346236 ] ], [ [ -99.34338619958011, 19.890032099346236 ], [ -99.343465449863857, 19.89014504903804 ] ], [ [ -99.343465449863857, 19.89014504903804 ], [ -99.343540900204388, 19.890260299247977 ] ], [ [ -99.343540900204388, 19.890260299247977 ], [ -99.343626849940009, 19.890368748949992 ] ], [ [ -99.343626849940009, 19.890368748949992 ], [ -99.343713099869277, 19.890476998980532 ] ], [ [ -99.343713099869277, 19.890476998980532 ], [ -99.343793100346915, 19.890589449456023 ] ], [ [ -99.343793100346915, 19.890589449456023 ], [ -99.343868500417145, 19.890704699569735 ] ], [ [ -99.343868500417145, 19.890704699569735 ], [ -99.343936899781028, 19.890823799730576 ] ], [ [ -99.343936899781028, 19.890823799730576 ], [ -99.343985700235919, 19.890951248997446 ] ], [ [ -99.343985700235919, 19.890951248997446 ], [ -99.344005200341897, 19.891085549252168 ] ], [ [ -99.344005200341897, 19.891085549252168 ], [ -99.344053099914447, 19.891213299148021 ] ], [ [ -99.344053099914447, 19.891213299148021 ], [ -99.344090499858879, 19.891344149716353 ] ], [ [ -99.344090499858879, 19.891344149716353 ], [ -99.34412119996145, 19.89147654925058 ] ], [ [ -99.34412119996145, 19.89147654925058 ], [ -99.34414059964277, 19.891610849607257 ] ], [ [ -99.34414059964277, 19.891610849607257 ], [ -99.344141350039408, 19.891746399844173 ] ], [ [ -99.344141350039408, 19.891746399844173 ], [ -99.34416009994834, 19.891880799455045 ] ], [ [ -99.34416009994834, 19.891880799455045 ], [ -99.344142249872135, 19.892015299491053 ] ], [ [ -99.344142249872135, 19.892015299491053 ], [ -99.344125499982368, 19.892149899505277 ] ], [ [ -99.344125499982368, 19.892149899505277 ], [ -99.344113900389317, 19.89228499954962 ] ], [ [ -99.344113900389317, 19.89228499954962 ], [ -99.344096499700058, 19.892419549211926 ] ], [ [ -99.344096499700058, 19.892419549211926 ], [ -99.344056850060937, 19.892549799827751 ] ], [ [ -99.344056850060937, 19.892549799827751 ], [ -99.344020150059336, 19.892680849169384 ] ], [ [ -99.344020150059336, 19.892680849169384 ], [ -99.344009800058799, 19.892816049139149 ] ], [ [ -99.344009800058799, 19.892816049139149 ], [ -99.343974249917324, 19.892947349835175 ] ], [ [ -99.343974249917324, 19.892947349835175 ], [ -99.343934399729463, 19.893077549834135 ] ], [ [ -99.343934399729463, 19.893077549834135 ], [ -99.343876700383888, 19.893201649353433 ] ], [ [ -99.343876700383888, 19.893201649353433 ], [ -99.343788749545666, 19.893308649731829 ] ], [ [ -99.343788749545666, 19.893308649731829 ], [ -99.343699699600108, 19.893414849321772 ] ], [ [ -99.343699699600108, 19.893414849321772 ], [ -99.34362389991982, 19.89352989922866 ] ], [ [ -99.34362389991982, 19.89352989922866 ], [ -99.343544899790587, 19.89364294927228 ] ], [ [ -99.343544899790587, 19.89364294927228 ], [ -99.34346980029035, 19.893758399428172 ] ], [ [ -99.34346980029035, 19.893758399428172 ], [ -99.343401599789686, 19.893877599596646 ] ], [ [ -99.343401599789686, 19.893877599596646 ], [ -99.343352399526609, 19.894004949457997 ] ], [ [ -99.343352399526609, 19.894004949457997 ], [ -99.343330750351782, 19.894138898995202 ] ], [ [ -99.343330750351782, 19.894138898995202 ], [ -99.343331050425178, 19.894274499717294 ] ], [ [ -99.343331050425178, 19.894274499717294 ], [ -99.34332184973087, 19.894409749017409 ] ], [ [ -99.34332184973087, 19.894409749017409 ], [ -99.34329420008909, 19.894542749401616 ] ], [ [ -99.34329420008909, 19.894542749401616 ], [ -99.343275249556413, 19.894677098965282 ] ], [ [ -99.343275249556413, 19.894677098965282 ], [ -99.34322855003272, 19.894805299596307 ] ], [ [ -99.34322855003272, 19.894805299596307 ], [ -99.343175799795873, 19.894931299026013 ] ], [ [ -99.343175799795873, 19.894931299026013 ], [ -99.343132599873812, 19.89506054919346 ] ], [ [ -99.343132599873812, 19.89506054919346 ], [ -99.343079900210142, 19.895186599374259 ] ], [ [ -99.343079900210142, 19.895186599374259 ], [ -99.343070500161829, 19.895199599455687 ] ], [ [ -99.343070500161829, 19.895199599455687 ], [ -99.342999050320387, 19.895298499078539 ] ], [ [ -99.342999050320387, 19.895298499078539 ], [ -99.342931049833524, 19.895417849611732 ] ], [ [ -99.342931049833524, 19.895417849611732 ], [ -99.342888800198224, 19.895547349431212 ] ], [ [ -99.342888800198224, 19.895547349431212 ], [ -99.34284129984708, 19.895675249540325 ] ], [ [ -99.34284129984708, 19.895675249540325 ], [ -99.342809350288334, 19.895807349636605 ] ], [ [ -99.342809350288334, 19.895807349636605 ], [ -99.342779399803817, 19.895939899102355 ] ], [ [ -99.342779399803817, 19.895939899102355 ], [ -99.342769199735258, 19.896075149216895 ] ], [ [ -99.342769199735258, 19.896075149216895 ], [ -99.342731549749558, 19.896205899225709 ] ], [ [ -99.342731549749558, 19.896205899225709 ], [ -99.342686649889671, 19.896334649116827 ] ], [ [ -99.342686649889671, 19.896334649116827 ], [ -99.34266195008928, 19.896468149223406 ] ], [ [ -99.34266195008928, 19.896468149223406 ], [ -99.342625900299424, 19.896599349787611 ] ], [ [ -99.342625900299424, 19.896599349787611 ], [ -99.342540249675963, 19.89670804926455 ] ], [ [ -99.342540249675963, 19.89670804926455 ], [ -99.342434499845538, 19.896799499026557 ] ], [ [ -99.342434499845538, 19.896799499026557 ], [ -99.342291500185453, 19.896808399147123 ] ], [ [ -99.342291500185453, 19.896808399147123 ], [ -99.342149300271018, 19.896791499321527 ] ], [ [ -99.342149300271018, 19.896791499321527 ], [ -99.342022450447459, 19.896728449283888 ] ], [ [ -99.342022450447459, 19.896728449283888 ], [ -99.341897849964028, 19.896661499371508 ] ], [ [ -99.341897849964028, 19.896661499371508 ], [ -99.341775449797765, 19.896590999588021 ] ], [ [ -99.341775449797765, 19.896590999588021 ], [ -99.341658649573802, 19.896512499180709 ] ], [ [ -99.341658649573802, 19.896512499180709 ], [ -99.341552150344128, 19.896421799601018 ] ], [ [ -99.341552150344128, 19.896421799601018 ], [ -99.341429249941001, 19.896352049605902 ] ], [ [ -99.341429249941001, 19.896352049605902 ], [ -99.341303850161736, 19.896286449645658 ] ], [ [ -99.341303850161736, 19.896286449645658 ], [ -99.341170300444503, 19.896237299370664 ] ], [ [ -99.341170300444503, 19.896237299370664 ], [ -99.3410531000155, 19.896159299193648 ] ], [ [ -99.3410531000155, 19.896159299193648 ], [ -99.340937950033194, 19.896078599660775 ] ], [ [ -99.340937950033194, 19.896078599660775 ], [ -99.340811849583957, 19.89601424900982 ] ], [ [ -99.340811849583957, 19.89601424900982 ], [ -99.340688150011403, 19.895945798990649 ] ], [ [ -99.340688150011403, 19.895945798990649 ], [ -99.340556200174035, 19.895892949184955 ] ], [ [ -99.340556200174035, 19.895892949184955 ], [ -99.340419649532748, 19.895851899634412 ] ], [ [ -99.340419649532748, 19.895851899634412 ], [ -99.340276300250906, 19.895851299524459 ] ], [ [ -99.340276300250906, 19.895851299524459 ], [ -99.340144150074522, 19.895903699267809 ] ], [ [ -99.340144150074522, 19.895903699267809 ], [ -99.340033150405318, 19.895989449641398 ] ], [ [ -99.340033150405318, 19.895989449641398 ], [ -99.339935650071624, 19.896088749424848 ] ], [ [ -99.339935650071624, 19.896088749424848 ], [ -99.339848950329923, 19.896196699132428 ] ], [ [ -99.339848950329923, 19.896196699132428 ], [ -99.339748900274969, 19.89629374921255 ] ], [ [ -99.339748900274969, 19.89629374921255 ], [ -99.339631700418636, 19.896371699787196 ] ], [ [ -99.339631700418636, 19.896371699787196 ], [ -99.33951275040252, 19.896447299557597 ] ], [ [ -99.33951275040252, 19.896447299557597 ], [ -99.339390949754872, 19.896518749535577 ] ], [ [ -99.339390949754872, 19.896518749535577 ], [ -99.33927475046751, 19.896598099088216 ] ], [ [ -99.33927475046751, 19.896598099088216 ], [ -99.339159699580833, 19.896678849479834 ] ], [ [ -99.339159699580833, 19.896678849479834 ], [ -99.339026350359163, 19.896728499285636 ] ], [ [ -99.339026350359163, 19.896728499285636 ], [ -99.338894300269828, 19.896781199851997 ] ], [ [ -99.338894300269828, 19.896781199851997 ], [ -99.33875769986328, 19.896822149669322 ] ], [ [ -99.33875769986328, 19.896822149669322 ], [ -99.33864855014653, 19.896865699093858 ] ], [ [ -99.33864855014653, 19.896865699093858 ], [ -99.338625700394374, 19.896874849085421 ] ], [ [ -99.338625700394374, 19.896874849085421 ], [ -99.338495450150376, 19.896931399545885 ] ], [ [ -99.338495450150376, 19.896931399545885 ], [ -99.338354049562525, 19.896953249543735 ] ], [ [ -99.338354049562525, 19.896953249543735 ], [ -99.338215599752616, 19.89698829975557 ] ], [ [ -99.338215599752616, 19.89698829975557 ], [ -99.338088799529558, 19.897051449815912 ] ], [ [ -99.338088799529558, 19.897051449815912 ], [ -99.337958700170276, 19.897108349712155 ] ], [ [ -99.337958700170276, 19.897108349712155 ], [ -99.337824749826567, 19.897156449427808 ] ], [ [ -99.337824749826567, 19.897156449427808 ], [ -99.337694200235433, 19.897212349371113 ] ], [ [ -99.337694200235433, 19.897212349371113 ], [ -99.3375738997632, 19.897285999269751 ] ], [ [ -99.3375738997632, 19.897285999269751 ], [ -99.337441500045685, 19.8973378991966 ] ], [ [ -99.337441500045685, 19.8973378991966 ], [ -99.337316550332375, 19.89740424974126 ] ], [ [ -99.337316550332375, 19.89740424974126 ], [ -99.33719029996081, 19.897468349807067 ] ], [ [ -99.33719029996081, 19.897468349807067 ], [ -99.337064499565841, 19.897533299010597 ] ], [ [ -99.337064499565841, 19.897533299010597 ], [ -99.336957549745023, 19.897623499196289 ] ], [ [ -99.336957549745023, 19.897623499196289 ], [ -99.336851599899163, 19.897714799373954 ] ], [ [ -99.336851599899163, 19.897714799373954 ], [ -99.336741799821894, 19.89780189952711 ] ], [ [ -99.336741799821894, 19.89780189952711 ], [ -99.3366399001997, 19.897897199065557 ] ], [ [ -99.3366399001997, 19.897897199065557 ], [ -99.336534150166614, 19.897988649434343 ] ], [ [ -99.336534150166614, 19.897988649434343 ], [ -99.336428300369178, 19.89807999916686 ] ], [ [ -99.336428300369178, 19.89807999916686 ], [ -99.336313949565081, 19.898161699115217 ] ], [ [ -99.336313949565081, 19.898161699115217 ], [ -99.336203899681806, 19.898248549755767 ] ], [ [ -99.336203899681806, 19.898248549755767 ], [ -99.336097699759463, 19.898339599394809 ] ], [ [ -99.336097699759463, 19.898339599394809 ], [ -99.33598725017508, 19.898425899815784 ] ], [ [ -99.33598725017508, 19.898425899815784 ], [ -99.335890750082768, 19.898526099745215 ] ], [ [ -99.335890750082768, 19.898526099745215 ], [ -99.335815550274873, 19.898641499730786 ] ], [ [ -99.335815550274873, 19.898641499730786 ], [ -99.335734350186158, 19.898753199538991 ] ], [ [ -99.335734350186158, 19.898753199538991 ], [ -99.335688600465403, 19.898881649106151 ] ], [ [ -99.335688600465403, 19.898881649106151 ], [ -99.335651900212738, 19.89901269921593 ] ], [ [ -99.335651900212738, 19.89901269921593 ], [ -99.335632550428414, 19.899146999835775 ] ], [ [ -99.335632550428414, 19.899146999835775 ], [ -99.335658750368935, 19.899280299541676 ] ], [ [ -99.335658750368935, 19.899280299541676 ], [ -99.33570574972012, 19.899408299377548 ] ], [ [ -99.33570574972012, 19.899408299377548 ], [ -99.335779499845941, 19.89952454911208 ] ], [ [ -99.335779499845941, 19.89952454911208 ], [ -99.335878949722357, 19.899622149057389 ] ], [ [ -99.335878949722357, 19.899622149057389 ], [ -99.33599334981318, 19.89970374977252 ] ], [ [ -99.33599334981318, 19.89970374977252 ], [ -99.33613074958852, 19.899742349638807 ] ], [ [ -99.33613074958852, 19.899742349638807 ], [ -99.336272800084032, 19.899760198992958 ] ], [ [ -99.336272800084032, 19.899760198992958 ], [ -99.336415799827208, 19.899769099417782 ] ], [ [ -99.336415799827208, 19.899769099417782 ], [ -99.336557900414917, 19.899786499705261 ] ], [ [ -99.336557900414917, 19.899786499705261 ], [ -99.33670090012231, 19.899795599314377 ] ], [ [ -99.33670090012231, 19.899795599314377 ], [ -99.336843350036347, 19.899810099783103 ] ], [ [ -99.336843350036347, 19.899810099783103 ], [ -99.336985399600508, 19.899828199582707 ] ], [ [ -99.336985399600508, 19.899828199582707 ], [ -99.337122749925243, 19.899866799492273 ] ], [ [ -99.337122749925243, 19.899866799492273 ], [ -99.33724594969766, 19.899936048943911 ] ], [ [ -99.33724594969766, 19.899936048943911 ], [ -99.337361449900428, 19.900016298972357 ] ], [ [ -99.337361449900428, 19.900016298972357 ], [ -99.337475349611537, 19.900098549803936 ] ], [ [ -99.337475349611537, 19.900098549803936 ], [ -99.337569699990951, 19.900200599416049 ] ], [ [ -99.337569699990951, 19.900200599416049 ], [ -99.33765189962736, 19.90031164948773 ] ], [ [ -99.33765189962736, 19.90031164948773 ], [ -99.337731900011093, 19.900424099696778 ] ], [ [ -99.337731900011093, 19.900424099696778 ], [ -99.337800749546332, 19.900542999526731 ] ], [ [ -99.337800749546332, 19.900542999526731 ], [ -99.337869000046041, 19.900662149015865 ] ], [ [ -99.337869000046041, 19.900662149015865 ], [ -99.337926100208804, 19.900786499755181 ] ], [ [ -99.337926100208804, 19.900786499755181 ], [ -99.337986299870678, 19.900909499661424 ] ], [ [ -99.337986299870678, 19.900909499661424 ], [ -99.338034899988315, 19.901036999390104 ] ], [ [ -99.338034899988315, 19.901036999390104 ], [ -99.338080499699075, 19.901165499012716 ] ], [ [ -99.338080499699075, 19.901165499012716 ], [ -99.338118250382095, 19.901296299611403 ] ], [ [ -99.338118250382095, 19.901296299611403 ], [ -99.338140500113084, 19.901430199748269 ] ], [ [ -99.338140500113084, 19.901430199748269 ], [ -99.338159850299292, 19.90156449957637 ] ], [ [ -99.338159850299292, 19.90156449957637 ], [ -99.338206750185847, 19.901692599568506 ] ], [ [ -99.338206750185847, 19.901692599568506 ], [ -99.338232950293019, 19.901825849247768 ] ], [ [ -99.338232950293019, 19.901825849247768 ], [ -99.3382385496529, 19.901961299343135 ] ], [ [ -99.3382385496529, 19.901961299343135 ], [ -99.338238900299885, 19.902096849507249 ] ], [ [ -99.338238900299885, 19.902096849507249 ], [ -99.338257899848145, 19.902231199460932 ] ], [ [ -99.338257899848145, 19.902231199460932 ], [ -99.33825865020988, 19.902366749425155 ] ], [ [ -99.33825865020988, 19.902366749425155 ], [ -99.338258950077815, 19.902502299657723 ] ], [ [ -99.338258950077815, 19.902502299657723 ], [ -99.33826849954113, 19.90263754902039 ] ], [ [ -99.33826849954113, 19.90263754902039 ], [ -99.338261350081922, 19.902772949465088 ] ], [ [ -99.338261350081922, 19.902772949465088 ], [ -99.338269049613814, 19.902908299656811 ] ], [ [ -99.338269049613814, 19.902908299656811 ], [ -99.338269650463531, 19.903043849805385 ] ], [ [ -99.338269650463531, 19.903043849805385 ], [ -99.338270000204062, 19.903179399189842 ] ], [ [ -99.338270000204062, 19.903179399189842 ], [ -99.338270300085043, 19.903314949530081 ] ], [ [ -99.338270300085043, 19.903314949530081 ], [ -99.33824224976442, 19.903447899719115 ] ], [ [ -99.33824224976442, 19.903447899719115 ], [ -99.33823330027009, 19.903583148995363 ] ], [ [ -99.33823330027009, 19.903583148995363 ], [ -99.338209800452631, 19.903716898958038 ] ], [ [ -99.338209800452631, 19.903716898958038 ], [ -99.338199000064336, 19.9038520495901 ] ], [ [ -99.338199000064336, 19.9038520495901 ], [ -99.338188749820148, 19.903987249789502 ] ], [ [ -99.338188749820148, 19.903987249789502 ], [ -99.338111000077959, 19.904101099080101 ] ], [ [ -99.338111000077959, 19.904101099080101 ], [ -99.337968249618967, 19.904113349642362 ] ], [ [ -99.337968249618967, 19.904113349642362 ], [ -99.337827500467753, 19.904087899201809 ] ], [ [ -99.337827500467753, 19.904087899201809 ], [ -99.337719499885253, 19.903998799140382 ] ], [ [ -99.337719499885253, 19.903998799140382 ], [ -99.337621850111162, 19.903899599769595 ] ], [ [ -99.337621850111162, 19.903899599769595 ], [ -99.33751615038031, 19.903808049510161 ] ], [ [ -99.33751615038031, 19.903808049510161 ], [ -99.337394049998423, 19.903737149404506 ] ], [ [ -99.337394049998423, 19.903737149404506 ], [ -99.337252300134224, 19.903716999054264 ] ], [ [ -99.337252300134224, 19.903716999054264 ], [ -99.337109199580013, 19.903724249018062 ] ], [ [ -99.337109199580013, 19.903724249018062 ], [ -99.336966150087022, 19.903716399178681 ] ], [ [ -99.336966150087022, 19.903716399178681 ], [ -99.336823099813969, 19.903708199237375 ] ], [ [ -99.336823099813969, 19.903708199237375 ], [ -99.336681050041264, 19.903690099284365 ] ], [ [ -99.336681050041264, 19.903690099284365 ], [ -99.336539050089968, 19.903672099800747 ] ], [ [ -99.336539050089968, 19.903672099800747 ], [ -99.33639690032075, 19.903654849134774 ] ], [ [ -99.33639690032075, 19.903654849134774 ], [ -99.336269400100463, 19.903592899448221 ] ], [ [ -99.336269400100463, 19.903592899448221 ], [ -99.336129300215333, 19.903564349150184 ] ], [ [ -99.336129300215333, 19.903564349150184 ], [ -99.33601514997784, 19.90348239909893 ] ], [ [ -99.33601514997784, 19.90348239909893 ], [ -99.335899599616951, 19.903402249376722 ] ], [ [ -99.335899599616951, 19.903402249376722 ], [ -99.335770099585076, 19.903344148977297 ] ], [ [ -99.335770099585076, 19.903344148977297 ], [ -99.335652350272611, 19.903266899672989 ] ], [ [ -99.335652350272611, 19.903266899672989 ], [ -99.335586700292765, 19.903262249132347 ] ], [ [ -99.335586700292765, 19.903262249132347 ], [ -99.335509450030216, 19.903256749183083 ] ], [ [ -99.335509450030216, 19.903256749183083 ], [ -99.335366150054682, 19.903256799098784 ] ], [ [ -99.335366150054682, 19.903256799098784 ], [ -99.335230749928854, 19.903301299395022 ] ], [ [ -99.335230749928854, 19.903301299395022 ], [ -99.335092800019467, 19.903337949715066 ] ], [ [ -99.335092800019467, 19.903337949715066 ], [ -99.334954699797862, 19.903374099538816 ] ], [ [ -99.334954699797862, 19.903374099538816 ], [ -99.334866300272296, 19.903480749085638 ] ], [ [ -99.334866300272296, 19.903480749085638 ], [ -99.33482535044277, 19.903610699537101 ] ], [ [ -99.33482535044277, 19.903610699537101 ], [ -99.334799150278499, 19.903743949163438 ] ], [ [ -99.334799150278499, 19.903743949163438 ], [ -99.33476115021115, 19.903874649581464 ] ], [ [ -99.33476115021115, 19.903874649581464 ], [ -99.334730800006312, 19.904007099171533 ] ], [ [ -99.334730800006312, 19.904007099171533 ], [ -99.334706349545101, 19.904091099643843 ] ], [ [ -99.334706349545101, 19.904091099643843 ], [ -99.334667250194528, 19.904271099703546 ] ], [ [ -99.334667250194528, 19.904271099703546 ], [ -99.334625350211283, 19.904400749734574 ] ], [ [ -99.334625350211283, 19.904400749734574 ], [ -99.334580300023575, 19.904529399696173 ] ], [ [ -99.334580300023575, 19.904529399696173 ], [ -99.334513249585115, 19.9046491996213 ] ], [ [ -99.334513249585115, 19.9046491996213 ], [ -99.334421250025315, 19.904753149332176 ] ], [ [ -99.334421250025315, 19.904753149332176 ], [ -99.334321500154189, 19.904850449606307 ] ], [ [ -99.334321500154189, 19.904850449606307 ], [ -99.334224799744547, 19.904950499719881 ] ], [ [ -99.334224799744547, 19.904950499719881 ], [ -99.33412899984171, 19.905051299070319 ] ], [ [ -99.33412899984171, 19.905051299070319 ], [ -99.334020300414977, 19.905139699320859 ] ], [ [ -99.334020300414977, 19.905139699320859 ], [ -99.333027220073063, 19.90638991798949 ] ], [ [ -99.333027220073063, 19.90638991798949 ], [ -99.331763619659768, 19.908316910073605 ] ], [ [ -99.331763619659768, 19.908316910073605 ], [ -99.331700439402184, 19.909864821071462 ] ], [ [ -99.331700439402184, 19.909864821071462 ], [ -99.33239542021613, 19.911065242152318 ] ], [ [ -99.33239542021613, 19.911065242152318 ], [ -99.333058809631922, 19.912012942226916 ] ], [ [ -99.333058809631922, 19.912012942226916 ], [ -99.332363830160972, 19.913244953047698 ] ], [ [ -99.332363830160972, 19.913244953047698 ], [ -99.331163409011737, 19.914255834719611 ] ], [ [ -99.331163409011737, 19.914255834719611 ], [ -99.330815918778796, 19.915772155754759 ] ], [ [ -99.330815918778796, 19.915772155754759 ], [ -99.331068639442961, 19.916403955996579 ] ], [ [ -99.331068639442961, 19.916403955996579 ], [ -99.331858389780393, 19.915961695839485 ] ], [ [ -99.331858389780393, 19.915961695839485 ], [ -99.332711319591979, 19.915993285835185 ] ], [ [ -99.332711319591979, 19.915993285835185 ], [ -99.33441718127095, 19.916751446205733 ] ], [ [ -99.33441718127095, 19.916751446205733 ], [ -99.334922622035066, 19.917130526581399 ] ], [ [ -99.334922622035066, 19.917130526581399 ], [ -99.335206931991635, 19.918015047540834 ] ], [ [ -99.335206931991635, 19.918015047540834 ], [ -99.335017391742966, 19.918678437272849 ] ], [ [ -99.335017391742966, 19.918678437272849 ], [ -99.335112161752093, 19.919910448086412 ] ], [ [ -99.335112161752093, 19.919910448086412 ], [ -99.335112162172919, 19.920637019663207 ] ], [ [ -99.335112162172919, 19.920637019663207 ], [ -99.335080571945113, 19.922121750095766 ] ], [ [ -99.335080571945113, 19.922121750095766 ], [ -99.334859441920329, 19.922690370073347 ] ], [ [ -99.334859441920329, 19.922690370073347 ], [ -99.332332239623057, 19.923701251093977 ] ] ] } },
{ "type": "Feature", "properties": { "id": "0", "cve_subc": null, "clave50k": null, "tipo": null, "entidad": null, "fc": null, "condicion": null, "edicion": null, "fecha": null, "lengthm": null, "id_drena": null, "flowdir": null, "enabled": null, "desc_enabl": null, "cali_repr": null, "sequenceid": null, "order_1": null, "level_1": null, "arbsum_1": null, "pathl_1": null, "layer": "Río Tula", "path": "C:/Users/ariel.goldin/Documents/Capas Río Tula/Río Tula.geojson", "fid": "4", "nombre": " Río Tlautla o Coscomate", "SHAPE__Length": "30384.653483", "Pais": "México", "fid_2": "4", "id_2": "0", "nombre_2": " Río Tlautla o Coscomate", "SHAPE__Length_2": "30384.653483" }, "geometry": { "type": "MultiLineString", "coordinates": [ [ [ -99.457841082688816, 19.966309645694675 ], [ -99.457842100172414, 19.966309949251663 ] ], [ [ -99.457842100172414, 19.966309949251663 ], [ -99.45797195015129, 19.966367349056366 ] ], [ [ -99.45797195015129, 19.966367349056366 ], [ -99.458051790278688, 19.966407458454349 ] ], [ [ -99.458051790278688, 19.966407458454349 ], [ -99.458915484352943, 19.96652598333494 ] ], [ [ -99.458915484352943, 19.96652598333494 ], [ -99.460424984465703, 19.966037646524203 ] ], [ [ -99.460424984465703, 19.966037646524203 ], [ -99.461497143848135, 19.965419686529241 ] ], [ [ -99.461497143848135, 19.965419686529241 ], [ -99.462149131700968, 19.965137101719709 ] ], [ [ -99.462149131700968, 19.965137101719709 ], [ -99.462884186807472, 19.964562407431231 ] ], [ [ -99.462884186807472, 19.964562407431231 ], [ -99.463673697829037, 19.96384187351606 ] ], [ [ -99.463673697829037, 19.96384187351606 ], [ -99.464557038328294, 19.963636520285743 ] ], [ [ -99.464557038328294, 19.963636520285743 ], [ -99.465670368363135, 19.963581754054335 ] ], [ [ -99.465670368363135, 19.963581754054335 ], [ -99.46668208726129, 19.963427450248563 ] ], [ [ -99.46668208726129, 19.963427450248563 ], [ -99.467898394593263, 19.963398845532311 ] ], [ [ -99.467898394593263, 19.963398845532311 ], [ -99.469214490816711, 19.963567559747176 ] ], [ [ -99.469214490816711, 19.963567559747176 ], [ -99.470700311783361, 19.962884142710241 ] ], [ [ -99.470700311783361, 19.962884142710241 ], [ -99.471726046164235, 19.96309479301302 ] ], [ [ -99.471726046164235, 19.96309479301302 ], [ -99.472933446942804, 19.963240155357763 ] ], [ [ -99.472933446942804, 19.963240155357763 ], [ -99.472961099955128, 19.963222499403471 ] ], [ [ -99.472961099955128, 19.963222499403471 ], [ -99.473047099926717, 19.963114049818817 ] ], [ [ -99.473047099926717, 19.963114049818817 ], [ -99.473137869423468, 19.963010638133358 ] ], [ [ -99.450852628923585, 19.966864094537346 ], [ -99.450897750442934, 19.966777999730269 ] ], [ [ -99.450897750442934, 19.966777999730269 ], [ -99.450961450370556, 19.966656549292559 ] ], [ [ -99.450961450370556, 19.966656549292559 ], [ -99.45104500046034, 19.966546399353604 ] ], [ [ -99.45104500046034, 19.966546399353604 ], [ -99.451109100082348, 19.96642514962647 ] ], [ [ -99.451109100082348, 19.96642514962647 ], [ -99.451154200425748, 19.966296499624196 ] ], [ [ -99.451154200425748, 19.966296499624196 ], [ -99.451170700338579, 19.966161849281246 ] ], [ [ -99.451170700338579, 19.966161849281246 ], [ -99.451152099785972, 19.966027449564727 ] ], [ [ -99.451152099785972, 19.966027449564727 ], [ -99.451088650445968, 19.965905899626307 ] ], [ [ -99.451088650445968, 19.965905899626307 ], [ -99.450981850483927, 19.965815499131008 ] ], [ [ -99.450981850483927, 19.965815499131008 ], [ -99.450893499904012, 19.965708749753471 ] ], [ [ -99.450893499904012, 19.965708749753471 ], [ -99.450794949663319, 19.965610249012116 ] ], [ [ -99.450794949663319, 19.965610249012116 ], [ -99.450701900122851, 19.965507199501165 ] ], [ [ -99.450701900122851, 19.965507199501165 ], [ -99.450612250039597, 19.965401399169959 ] ], [ [ -99.450612250039597, 19.965401399169959 ], [ -99.450551800462648, 19.965278499613277 ] ], [ [ -99.450551800462648, 19.965278499613277 ], [ -99.450507078234338, 19.965170083483539 ] ], [ [ -99.450507078234338, 19.965170083483539 ], [ -99.450259039763765, 19.964888474780675 ] ], [ [ -99.450259039763765, 19.964888474780675 ], [ -99.450200199300937, 19.964772077514063 ] ], [ [ -99.450200199300937, 19.964772077514063 ], [ -99.4501426838588, 19.96458517657025 ] ], [ [ -99.4501426838588, 19.96458517657025 ], [ -99.450187576466305, 19.964361527961774 ] ], [ [ -99.450187576466305, 19.964361527961774 ], [ -99.450250996902298, 19.964234364211663 ] ], [ [ -99.450250996902298, 19.964234364211663 ], [ -99.450447344748937, 19.9642504877276 ] ], [ [ -99.450447344748937, 19.9642504877276 ], [ -99.450853719677184, 19.964276552046524 ] ], [ [ -99.450853719677184, 19.964276552046524 ], [ -99.451011202177341, 19.964195849174384 ] ], [ [ -99.451011202177341, 19.964195849174384 ], [ -99.451122436295705, 19.964050253986006 ] ], [ [ -99.451122436295705, 19.964050253986006 ], [ -99.451166845155285, 19.963852243619336 ] ], [ [ -99.451166845155285, 19.963852243619336 ], [ -99.451198056834656, 19.963634775938427 ] ], [ [ -99.451198056834656, 19.963634775938427 ], [ -99.451357706013809, 19.963438702167078 ] ], [ [ -99.451357706013809, 19.963438702167078 ], [ -99.451495452807521, 19.963325609790711 ] ], [ [ -99.451495452807521, 19.963325609790711 ], [ -99.451956538076075, 19.963326943963395 ] ], [ [ -99.451956538076075, 19.963326943963395 ], [ -99.45238801257392, 19.963821468479821 ] ], [ [ -99.45238801257392, 19.963821468479821 ], [ -99.452667757027584, 19.964102973039541 ] ], [ [ -99.452667757027584, 19.964102973039541 ], [ -99.452750150112593, 19.964152049541518 ] ], [ [ -99.452750150112593, 19.964152049541518 ], [ -99.452871950433391, 19.964223499446867 ] ], [ [ -99.452871950433391, 19.964223499446867 ], [ -99.452987899981721, 19.964303249340798 ] ], [ [ -99.452987899981721, 19.964303249340798 ], [ -99.45309759954533, 19.964390499212389 ] ], [ [ -99.45309759954533, 19.964390499212389 ], [ -99.453223150120834, 19.96445594902487 ] ], [ [ -99.453223150120834, 19.96445594902487 ], [ -99.453362249781904, 19.964488699274895 ] ], [ [ -99.453362249781904, 19.964488699274895 ], [ -99.453490900420078, 19.964548498972047 ] ], [ [ -99.453490900420078, 19.964548498972047 ], [ -99.453629899742495, 19.964581749578581 ] ], [ [ -99.453629899742495, 19.964581749578581 ], [ -99.453769449608302, 19.964612699145267 ] ], [ [ -99.453769449608302, 19.964612699145267 ], [ -99.453911699851545, 19.964629349738559 ] ], [ [ -99.453911699851545, 19.964629349738559 ], [ -99.454005099895483, 19.964628749802582 ] ], [ [ -99.454005099895483, 19.964628749802582 ], [ -99.454020260428408, 19.964628643443366 ] ], [ [ -99.454020260428408, 19.964628643443366 ], [ -99.454309781702364, 19.964389681204086 ] ], [ [ -99.454309781702364, 19.964389681204086 ], [ -99.454331800285019, 19.964338249099139 ] ], [ [ -99.454331800285019, 19.964338249099139 ], [ -99.454432799704875, 19.964167299245023 ] ], [ [ -99.454432799704875, 19.964167299245023 ], [ -99.454631250275881, 19.964062949289605 ] ], [ [ -99.454631250275881, 19.964062949289605 ], [ -99.454774599716586, 19.964057899539394 ] ], [ [ -99.454774599716586, 19.964057899539394 ], [ -99.454932199569271, 19.964095249079278 ] ], [ [ -99.454932199569271, 19.964095249079278 ], [ -99.455092300439631, 19.964175049144657 ] ], [ [ -99.455092300439631, 19.964175049144657 ], [ -99.455267599597718, 19.964330349050041 ] ], [ [ -99.455267599597718, 19.964330349050041 ], [ -99.455422750190763, 19.964429099104578 ] ], [ [ -99.455422750190763, 19.964429099104578 ], [ -99.455553050019034, 19.964565649384483 ] ], [ [ -99.455553050019034, 19.964565649384483 ], [ -99.455738649713325, 19.964824749433724 ] ], [ [ -99.455738649713325, 19.964824749433724 ], [ -99.455805678124747, 19.964948413568415 ] ], [ [ -99.455805678124747, 19.964948413568415 ], [ -99.456258945055637, 19.965300579297807 ] ], [ [ -99.456258945055637, 19.965300579297807 ], [ -99.45680260025236, 19.965690381423055 ] ], [ [ -99.45680260025236, 19.965690381423055 ], [ -99.457121118178392, 19.965655649601775 ] ], [ [ -99.457121118178392, 19.965655649601775 ], [ -99.457842100172414, 19.966309949251663 ] ], [ [ -99.360135711455001, 19.975901258463409 ], [ -99.360002019194425, 19.975955780113011 ] ], [ [ -99.360002019194425, 19.975955780113011 ], [ -99.359887555016982, 19.976037383237362 ] ], [ [ -99.359887555016982, 19.976037383237362 ], [ -99.359811309644428, 19.976145945107703 ] ], [ [ -99.359811309644428, 19.976145945107703 ], [ -99.359725584875321, 19.976263590033057 ] ], [ [ -99.359725584875321, 19.976263590033057 ], [ -99.359611009182444, 19.976336124287684 ] ], [ [ -99.359611009182444, 19.976336124287684 ], [ -99.359506072938586, 19.976435662948699 ] ], [ [ -99.359506072938586, 19.976435662948699 ], [ -99.359391591068501, 19.976508290261602 ] ], [ [ -99.359391591068501, 19.976508290261602 ], [ -99.359257914872771, 19.976571787668536 ] ], [ [ -99.359257914872771, 19.976571787668536 ], [ -99.359152961214079, 19.976662350631752 ] ], [ [ -99.359152961214079, 19.976662350631752 ], [ -99.359028890341335, 19.976734900504365 ] ], [ [ -99.359028890341335, 19.976734900504365 ], [ -99.358914313877435, 19.976807434265456 ] ], [ [ -99.358914313877435, 19.976807434265456 ], [ -99.358809359806855, 19.976897997011335 ] ], [ [ -99.358809359806855, 19.976897997011335 ], [ -99.35868528853463, 19.97697054661927 ] ], [ [ -99.35868528853463, 19.97697054661927 ], [ -99.358551564336466, 19.977006933001825 ] ], [ [ -99.358551564336466, 19.977006933001825 ], [ -99.358408249639368, 19.977043333582152 ] ], [ [ -99.358408249639368, 19.977043333582152 ], [ -99.358293768451915, 19.977115868565495 ] ], [ [ -99.358293768451915, 19.977115868565495 ], [ -99.358274919259557, 19.977251451019686 ] ], [ [ -99.358274919259557, 19.977251451019686 ], [ -99.358284841383991, 19.977386990572725 ] ], [ [ -99.358284841383991, 19.977386990572725 ], [ -99.358323328055945, 19.977513415946763 ] ], [ [ -99.358323328055945, 19.977513415946763 ], [ -99.358323657994276, 19.977649061382948 ] ], [ [ -99.358323657994276, 19.977649061382948 ], [ -99.358323895613481, 19.97778452298688 ] ], [ [ -99.358323895613481, 19.97778452298688 ], [ -99.358324227319102, 19.977920077821235 ] ], [ [ -99.358324227319102, 19.977920077821235 ], [ -99.35832455907827, 19.97805562995412 ] ], [ [ -99.35832455907827, 19.97805562995412 ], [ -99.358324890785198, 19.978191184823579 ] ], [ [ -99.358324890785198, 19.978191184823579 ], [ -99.358325126640565, 19.978326737134637 ] ], [ [ -99.358325126640565, 19.978326737134637 ], [ -99.358277697468381, 19.978462366009257 ] ], [ [ -99.358277697468381, 19.978462366009257 ], [ -99.358172741691504, 19.97855292845782 ] ], [ [ -99.358172741691504, 19.97855292845782 ], [ -99.358077376314924, 19.978643476548672 ] ], [ [ -99.358077376314924, 19.978643476548672 ], [ -99.357982025923064, 19.978743091624569 ] ], [ [ -99.357982025923064, 19.978743091624569 ], [ -99.357867477411233, 19.978833758810111 ] ], [ [ -99.357867477411233, 19.978833758810111 ], [ -99.357772127539107, 19.978933283118529 ] ], [ [ -99.357772127539107, 19.978933283118529 ], [ -99.357667172018751, 19.979023845274742 ] ], [ [ -99.357667172018751, 19.979023845274742 ], [ -99.357562213632988, 19.97911449798643 ] ], [ [ -99.357562213632988, 19.97911449798643 ], [ -99.357447762146066, 19.979205076826666 ] ], [ [ -99.357447762146066, 19.979205076826666 ], [ -99.357333182766695, 19.979277608658322 ] ], [ [ -99.357333182766695, 19.979277608658322 ], [ -99.357209108527186, 19.97935015722387 ] ], [ [ -99.357209108527186, 19.97935015722387 ], [ -99.357085019102726, 19.979413638649678 ] ], [ [ -99.357085019102726, 19.979413638649678 ], [ -99.356941717469468, 19.979459104988432 ] ], [ [ -99.356941717469468, 19.979459104988432 ], [ -99.356807957555873, 19.979477446453089 ] ], [ [ -99.356807957555873, 19.979477446453089 ], [ -99.356664514285086, 19.979441581033019 ] ], [ [ -99.356664514285086, 19.979441581033019 ], [ -99.356530661684616, 19.979405701283376 ] ], [ [ -99.356530661684616, 19.979405701283376 ], [ -99.356387280352564, 19.97940601313859 ] ], [ [ -99.356387280352564, 19.97940601313859 ], [ -99.356243899037523, 19.97940632395197 ] ], [ [ -99.356243899037523, 19.97940632395197 ], [ -99.356100534440444, 19.979415612848733 ] ], [ [ -99.356100534440444, 19.979415612848733 ], [ -99.355966837092211, 19.979470131125076 ] ], [ [ -99.355966837092211, 19.979470131125076 ], [ -99.355852273416517, 19.979551639170364 ] ], [ [ -99.355852273416517, 19.979551639170364 ], [ -99.355766526327329, 19.979660305832621 ] ], [ [ -99.355766526327329, 19.979660305832621 ], [ -99.355651962370558, 19.979741813741381 ] ], [ [ -99.355651962370558, 19.979741813741381 ], [ -99.355604513308279, 19.979868465553238 ] ], [ [ -99.355604513308279, 19.979868465553238 ], [ -99.355556970054266, 19.979995025057036 ] ], [ [ -99.355556970054266, 19.979995025057036 ], [ -99.355528622950203, 19.980130623347723 ] ], [ [ -99.355528622950203, 19.980130623347723 ], [ -99.355519361229184, 19.980266191717334 ] ], [ [ -99.355519361229184, 19.980266191717334 ], [ -99.355443124941374, 19.980383817975916 ] ], [ [ -99.355443124941374, 19.980383817975916 ], [ -99.355357362043478, 19.980483418346928 ] ], [ [ -99.355357362043478, 19.980483418346928 ], [ -99.355281125475415, 19.980601045454794 ] ], [ [ -99.355281125475415, 19.980601045454794 ], [ -99.355281454163503, 19.980736599753961 ] ], [ [ -99.355281454163503, 19.980736599753961 ], [ -99.355291277679058, 19.980872138282223 ] ], [ [ -99.355291277679058, 19.980872138282223 ], [ -99.355320282630075, 19.981007648590698 ] ], [ [ -99.355320282630075, 19.981007648590698 ], [ -99.35536835824702, 19.981134062844866 ] ], [ [ -99.35536835824702, 19.981134062844866 ], [ -99.355435504626499, 19.981251378304247 ] ], [ [ -99.355435504626499, 19.981251378304247 ], [ -99.355512241838028, 19.981368680522603 ] ], [ [ -99.355512241838028, 19.981368680522603 ], [ -99.355541247133758, 19.981504189946637 ] ], [ [ -99.355541247133758, 19.981504189946637 ], [ -99.355627560358514, 19.981612411845681 ] ], [ [ -99.355627560358514, 19.981612411845681 ], [ -99.355732925923263, 19.981702649988232 ] ], [ [ -99.355732925923263, 19.981702649988232 ], [ -99.355828719368958, 19.98180178800628 ] ], [ [ -99.355828719368958, 19.98180178800628 ], [ -99.355924511186942, 19.981901016610486 ] ], [ [ -99.355924511186942, 19.981901016610486 ], [ -99.35604894965816, 19.981982065962473 ] ], [ [ -99.35604894965816, 19.981982065962473 ], [ -99.356125671040274, 19.982090392429445 ] ], [ [ -99.356125671040274, 19.982090392429445 ], [ -99.356250093023689, 19.982162466107628 ] ], [ [ -99.356250093023689, 19.982162466107628 ], [ -99.356374516906826, 19.982234449051479 ] ], [ [ -99.356374516906826, 19.982234449051479 ], [ -99.356489207938765, 19.982225205029373 ] ], [ [ -99.356489207938765, 19.982225205029373 ], [ -99.356632464549747, 19.982206848814911 ] ], [ [ -99.356632464549747, 19.982206848814911 ], [ -99.356775785199076, 19.982170448826462 ] ], [ [ -99.356775785199076, 19.982170448826462 ], [ -99.356919137603612, 19.982152093106521 ] ], [ [ -99.356919137603612, 19.982152093106521 ], [ -99.35706253865628, 19.982160757177432 ] ], [ [ -99.35706253865628, 19.982160757177432 ], [ -99.357196377290535, 19.982187660122189 ] ], [ [ -99.357196377290535, 19.982187660122189 ], [ -99.35731133691074, 19.982277792342796 ] ], [ [ -99.35731133691074, 19.982277792342796 ], [ -99.35741670587997, 19.982367938735841 ] ], [ [ -99.35741670587997, 19.982367938735841 ], [ -99.357512499260068, 19.982467166390883 ] ], [ [ -99.357512499260068, 19.982467166390883 ], [ -99.357541508556608, 19.98260258493714 ] ], [ [ -99.357541508556608, 19.98260258493714 ], [ -99.357541743618782, 19.98273813872644 ] ], [ [ -99.357541743618782, 19.98273813872644 ], [ -99.357561143527448, 19.982864686671103 ] ], [ [ -99.357561143527448, 19.982864686671103 ], [ -99.357647474338336, 19.982981973728894 ] ], [ [ -99.357647474338336, 19.982981973728894 ], [ -99.357743270087667, 19.983081110658976 ] ], [ [ -99.357743270087667, 19.983081110658976 ], [ -99.357762687097974, 19.983216635057826 ] ], [ [ -99.357762687097974, 19.983216635057826 ], [ -99.357753427399857, 19.983352203962912 ] ], [ [ -99.357753427399857, 19.983352203962912 ], [ -99.357734672673686, 19.983487788826974 ] ], [ [ -99.357734672673686, 19.983487788826974 ], [ -99.357706214300592, 19.983614408957848 ] ], [ [ -99.357706214300592, 19.983614408957848 ], [ -99.357658782641963, 19.98375003922968 ] ], [ [ -99.357658782641963, 19.98375003922968 ], [ -99.357592137143683, 19.983867653598232 ] ], [ [ -99.357592137143683, 19.983867653598232 ], [ -99.357506294612165, 19.983976229383778 ] ], [ [ -99.357506294612165, 19.983976229383778 ], [ -99.357420546050434, 19.984084897439583 ] ], [ [ -99.357420546050434, 19.984084897439583 ], [ -99.357296467458539, 19.984157446409299 ] ], [ [ -99.357296467458539, 19.984157446409299 ], [ -99.357153082870212, 19.984157668352353 ] ], [ [ -99.357153082870212, 19.984157668352353 ], [ -99.357009681466735, 19.984148913713099 ] ], [ [ -99.357009681466735, 19.984148913713099 ], [ -99.356875758331327, 19.984131166604122 ] ], [ [ -99.356875758331327, 19.984131166604122 ], [ -99.356732295090026, 19.984086234005265 ] ], [ [ -99.356732295090026, 19.984086234005265 ], [ -99.356598421098823, 19.984041377710586 ] ], [ [ -99.356598421098823, 19.984041377710586 ], [ -99.356464438060883, 19.983987362814961 ] ], [ [ -99.356464438060883, 19.983987362814961 ], [ -99.356349603452642, 19.983915364734415 ] ], [ [ -99.356349603452642, 19.983915364734415 ], [ -99.356219200347866, 19.98385384938171 ] ], [ [ -99.356219200347866, 19.98385384938171 ], [ -99.356117950199391, 19.983757849565503 ] ], [ [ -99.356117950199391, 19.983757849565503 ], [ -99.356019950442018, 19.983658899786494 ] ], [ [ -99.356019950442018, 19.983658899786494 ], [ -99.355907399938147, 19.983574899556199 ] ], [ [ -99.355907399938147, 19.983574899556199 ], [ -99.355776950261955, 19.983518699804343 ] ], [ [ -99.355776950261955, 19.983518699804343 ], [ -99.355638300439381, 19.983484149085349 ] ], [ [ -99.355638300439381, 19.983484149085349 ], [ -99.355497099832036, 19.983460598966882 ] ], [ [ -99.355497099832036, 19.983460598966882 ], [ -99.355353749695013, 19.983461499808303 ] ], [ [ -99.355353749695013, 19.983461499808303 ], [ -99.355210399989502, 19.983464049776028 ] ], [ [ -99.355210399989502, 19.983464049776028 ], [ -99.355067100381021, 19.983468849052837 ] ], [ [ -99.355067100381021, 19.983468849052837 ], [ -99.354933500408478, 19.983518149543187 ] ], [ [ -99.354933500408478, 19.983518149543187 ], [ -99.354811050123104, 19.983588599586227 ] ], [ [ -99.354811050123104, 19.983588599586227 ], [ -99.354699850260019, 19.983674149774497 ] ], [ [ -99.354699850260019, 19.983674149774497 ], [ -99.354599599943171, 19.983771099253129 ] ], [ [ -99.354599599943171, 19.983771099253129 ], [ -99.354542000257823, 19.983841249322534 ] ], [ [ -99.354542000257823, 19.983841249322534 ], [ -99.3545116998053, 19.98387814962518 ] ], [ [ -99.3545116998053, 19.98387814962518 ], [ -99.354417699536967, 19.983980499408322 ] ], [ [ -99.354417699536967, 19.983980499408322 ], [ -99.354318000067209, 19.984077949765815 ] ], [ [ -99.354318000067209, 19.984077949765815 ], [ -99.354222299583768, 19.984178849026399 ] ], [ [ -99.354222299583768, 19.984178849026399 ], [ -99.354122299738705, 19.984275999367696 ] ], [ [ -99.354122299738705, 19.984275999367696 ], [ -99.354037400032738, 19.984385249796116 ] ], [ [ -99.354037400032738, 19.984385249796116 ], [ -99.353958950448529, 19.984498699125815 ] ], [ [ -99.353958950448529, 19.984498699125815 ], [ -99.353893250125537, 19.984619199061552 ] ], [ [ -99.353893250125537, 19.984619199061552 ], [ -99.353857649958172, 19.984740098948674 ] ], [ [ -99.353857649958172, 19.984740098948674 ], [ -99.353854800167298, 19.984749749837619 ] ], [ [ -99.353854800167298, 19.984749749837619 ], [ -99.353789099630092, 19.984870249757094 ] ], [ [ -99.353789099630092, 19.984870249757094 ], [ -99.3537898498912, 19.985005799297948 ] ], [ [ -99.3537898498912, 19.985005799297948 ], [ -99.353832050403724, 19.985135349796632 ] ], [ [ -99.353832050403724, 19.985135349796632 ], [ -99.353913100439271, 19.985247099788609 ] ], [ [ -99.353913100439271, 19.985247099788609 ], [ -99.35391190006095, 19.985382649802162 ] ], [ [ -99.35391190006095, 19.985382649802162 ], [ -99.35385094978497, 19.985505349795993 ] ], [ [ -99.35385094978497, 19.985505349795993 ], [ -99.353760949997664, 19.985610899018226 ] ], [ [ -99.353760949997664, 19.985610899018226 ], [ -99.353645599583061, 19.985691399444359 ] ], [ [ -99.353645599583061, 19.985691399444359 ], [ -99.353514899770573, 19.985747098940632 ] ], [ [ -99.353514899770573, 19.985747098940632 ], [ -99.353384499790508, 19.985803498987121 ] ], [ [ -99.353384499790508, 19.985803498987121 ], [ -99.353254300029391, 19.985860199812308 ] ], [ [ -99.353254300029391, 19.985860199812308 ], [ -99.353125550232093, 19.985919899755629 ] ], [ [ -99.353125550232093, 19.985919899755629 ], [ -99.352992500079779, 19.985970449550891 ] ], [ [ -99.352992500079779, 19.985970449550891 ], [ -99.35285949968646, 19.986021049062888 ] ], [ [ -99.35285949968646, 19.986021049062888 ], [ -99.352724250136191, 19.986066099289783 ] ], [ [ -99.352724250136191, 19.986066099289783 ], [ -99.35258479963305, 19.986097599124353 ] ], [ [ -99.35258479963305, 19.986097599124353 ], [ -99.352441800384369, 19.986107249267288 ] ], [ [ -99.352441800384369, 19.986107249267288 ], [ -99.352298399544836, 19.986107848995623 ] ], [ [ -99.352298399544836, 19.986107848995623 ], [ -99.352155049911389, 19.986110049780304 ] ], [ [ -99.352155049911389, 19.986110049780304 ], [ -99.352011700061325, 19.98611289961195 ] ], [ [ -99.352011700061325, 19.98611289961195 ], [ -99.351868999691661, 19.986126099569848 ] ], [ [ -99.351868999691661, 19.986126099569848 ], [ -99.351731149518756, 19.986163299689107 ] ], [ [ -99.351731149518756, 19.986163299689107 ], [ -99.351607799798785, 19.98623249950781 ] ], [ [ -99.351607799798785, 19.98623249950781 ], [ -99.351487549985066, 19.986306299474421 ] ], [ [ -99.351487549985066, 19.986306299474421 ], [ -99.351399649548625, 19.986413399142627 ] ], [ [ -99.351399649548625, 19.986413399142627 ], [ -99.351287949512212, 19.986498399834215 ] ], [ [ -99.351287949512212, 19.986498399834215 ], [ -99.35116439992413, 19.986567149744769 ] ], [ [ -99.35116439992413, 19.986567149744769 ], [ -99.351032349796384, 19.986619999278073 ] ], [ [ -99.351032349796384, 19.986619999278073 ], [ -99.35089419996541, 19.986656299442707 ] ], [ [ -99.35089419996541, 19.986656299442707 ], [ -99.35075849978125, 19.986699999109646 ] ], [ [ -99.35075849978125, 19.986699999109646 ], [ -99.350624200303315, 19.986747499466574 ] ], [ [ -99.350624200303315, 19.986747499466574 ], [ -99.350508750185057, 19.986827899794161 ] ], [ [ -99.350508750185057, 19.986827899794161 ], [ -99.350383099786086, 19.986893199645003 ] ], [ [ -99.350383099786086, 19.986893199645003 ], [ -99.350253149725191, 19.986950498954148 ] ], [ [ -99.350253149725191, 19.986950498954148 ], [ -99.35012704955777, 19.987014999211706 ] ], [ [ -99.35012704955777, 19.987014999211706 ], [ -99.349998550291659, 19.98707509902151 ] ], [ [ -99.349998550291659, 19.98707509902151 ], [ -99.34989815003469, 19.987114799594629 ] ], [ [ -99.34989815003469, 19.987114799594629 ], [ -99.349756899553554, 19.987138199569969 ] ], [ [ -99.349756899553554, 19.987138199569969 ], [ -99.349613799785828, 19.987146299424264 ] ], [ [ -99.349613799785828, 19.987146299424264 ], [ -99.349472500387733, 19.987169449850345 ] ], [ [ -99.349472500387733, 19.987169449850345 ], [ -99.349329550404818, 19.987179549483432 ] ], [ [ -99.349329550404818, 19.987179549483432 ], [ -99.349186149779115, 19.987181499069411 ] ], [ [ -99.349186149779115, 19.987181499069411 ], [ -99.349043700169702, 19.987166449368658 ] ], [ [ -99.349043700169702, 19.987166449368658 ], [ -99.348900299620354, 19.987165599746707 ] ], [ [ -99.348900299620354, 19.987165599746707 ], [ -99.348807400053957, 19.987171849776047 ] ], [ [ -99.348807400053957, 19.987171849776047 ], [ -99.348660350102904, 19.987306599013181 ] ], [ [ -99.348660350102904, 19.987306599013181 ], [ -99.348576349785432, 19.987440399267673 ] ], [ [ -99.348576349785432, 19.987440399267673 ], [ -99.348388149721046, 19.987633048996312 ] ], [ [ -99.348388149721046, 19.987633048996312 ], [ -99.348150250237211, 19.98780709945526 ] ], [ [ -99.348150250237211, 19.98780709945526 ], [ -99.347907299754041, 19.987952949455448 ] ], [ [ -99.347907299754041, 19.987952949455448 ], [ -99.347674150385203, 19.98801439926995 ] ], [ [ -99.347674150385203, 19.98801439926995 ], [ -99.347381299960787, 19.988033749080685 ] ], [ [ -99.347381299960787, 19.988033749080685 ], [ -99.347103299551449, 19.988029599217491 ] ], [ [ -99.347103299551449, 19.988029599217491 ], [ -99.346959299514637, 19.988001749761782 ] ], [ [ -99.346959299514637, 19.988001749761782 ], [ -99.346780399802185, 19.987912949750797 ] ], [ [ -99.346780399802185, 19.987912949750797 ], [ -99.346680850272975, 19.987791199474383 ] ], [ [ -99.346680850272975, 19.987791199474383 ], [ -99.346619249588542, 19.987531149657709 ] ], [ [ -99.346619249588542, 19.987531149657709 ], [ -99.346605449941691, 19.987288749610329 ] ], [ [ -99.346605449941691, 19.987288749610329 ], [ -99.346627100247787, 19.98707549948918 ] ], [ [ -99.346627100247787, 19.98707549948918 ], [ -99.346723950414813, 19.986874699781822 ] ], [ [ -99.346723950414813, 19.986874699781822 ], [ -99.346896000053661, 19.986656999110966 ] ], [ [ -99.346896000053661, 19.986656999110966 ], [ -99.347156499675492, 19.986426599346203 ] ], [ [ -99.347156499675492, 19.986426599346203 ], [ -99.347394900231748, 19.986196199003579 ] ], [ [ -99.347394900231748, 19.986196199003579 ], [ -99.34755810002099, 19.985999449716225 ] ], [ [ -99.34755810002099, 19.985999449716225 ], [ -99.347641650467779, 19.985760999136716 ] ], [ [ -99.347641650467779, 19.985760999136716 ], [ -99.347641300166941, 19.985606349790448 ] ], [ [ -99.347641300166941, 19.985606349790448 ], [ -99.347570249967902, 19.985468548958618 ] ], [ [ -99.347570249967902, 19.985468548958618 ], [ -99.347397600360992, 19.985410349109824 ] ], [ [ -99.347397600360992, 19.985410349109824 ], [ -99.347274899783883, 19.985398699521983 ] ], [ [ -99.347274899783883, 19.985398699521983 ], [ -99.347224999946746, 19.985393999757026 ] ], [ [ -99.347224999946746, 19.985393999757026 ], [ -99.347021600232637, 19.98542364984392 ] ], [ [ -99.347021600232637, 19.98542364984392 ], [ -99.346703249747094, 19.985486949837071 ] ], [ [ -99.346703249747094, 19.985486949837071 ], [ -99.346358350326867, 19.985558699252778 ] ], [ [ -99.346358350326867, 19.985558699252778 ], [ -99.346110699810239, 19.985596799522426 ] ], [ [ -99.346110699810239, 19.985596799522426 ], [ -99.345852049602513, 19.985658849223967 ] ], [ [ -99.345852049602513, 19.985658849223967 ], [ -99.345447650040697, 19.985802499208326 ] ], [ [ -99.345447650040697, 19.985802499208326 ], [ -99.345336849910368, 19.98583054969269 ] ], [ [ -99.345336849910368, 19.98583054969269 ], [ -99.344926300423396, 19.985905649573116 ] ], [ [ -99.344926300423396, 19.985905649573116 ], [ -99.34438489954357, 19.98591904978608 ] ], [ [ -99.34438489954357, 19.98591904978608 ], [ -99.344092949733948, 19.98592914983676 ] ], [ [ -99.344092949733948, 19.98592914983676 ], [ -99.343877499811555, 19.985885749830675 ] ], [ [ -99.343877499811555, 19.985885749830675 ], [ -99.343800400089989, 19.985870199274224 ] ], [ [ -99.343800400089989, 19.985870199274224 ], [ -99.343747950317649, 19.985846049742804 ] ], [ [ -99.343747950317649, 19.985846049742804 ], [ -99.343581550187722, 19.985769298990824 ] ], [ [ -99.343581550187722, 19.985769298990824 ], [ -99.34332014962223, 19.985591099032185 ] ], [ [ -99.34332014962223, 19.985591099032185 ], [ -99.343263499532696, 19.985552499374524 ] ], [ [ -99.343263499532696, 19.985552499374524 ], [ -99.34302830041446, 19.9854878495523 ] ], [ [ -99.34302830041446, 19.9854878495523 ], [ -99.34297349984611, 19.985501399343303 ] ], [ [ -99.34297349984611, 19.985501399343303 ], [ -99.342838300143995, 19.985534899555105 ] ], [ [ -99.342838300143995, 19.985534899555105 ], [ -99.342721800033232, 19.985569448948254 ] ], [ [ -99.342721800033232, 19.985569448948254 ], [ -99.342399750367093, 19.985754149219975 ] ], [ [ -99.342399750367093, 19.985754149219975 ], [ -99.342314949988108, 19.985791849528372 ] ], [ [ -99.342314949988108, 19.985791849528372 ], [ -99.342153099930513, 19.985863798966697 ] ], [ [ -99.342153099930513, 19.985863798966697 ], [ -99.341405699699848, 19.986099199525942 ] ], [ [ -99.341405699699848, 19.986099199525942 ], [ -99.341310450404762, 19.986148499448689 ] ], [ [ -99.341310450404762, 19.986148499448689 ], [ -99.341265300257717, 19.986171799637852 ] ], [ [ -99.341265300257717, 19.986171799637852 ], [ -99.341098199913105, 19.986141899527617 ] ], [ [ -99.341098199913105, 19.986141899527617 ], [ -99.340985299956643, 19.985977149577078 ] ], [ [ -99.340985299956643, 19.985977149577078 ], [ -99.340913749803093, 19.985872748969438 ] ], [ [ -99.340913749803093, 19.985872748969438 ], [ -99.340727000094802, 19.985604599710371 ] ], [ [ -99.340727000094802, 19.985604599710371 ], [ -99.340113499946682, 19.984995099132501 ] ], [ [ -99.340113499946682, 19.984995099132501 ], [ -99.339896499613488, 19.98477594894629 ] ], [ [ -99.339896499613488, 19.98477594894629 ], [ -99.339789350232806, 19.98466709921243 ] ], [ [ -99.339789350232806, 19.98466709921243 ], [ -99.339739549793606, 19.984616449758512 ] ], [ [ -99.339739549793606, 19.984616449758512 ], [ -99.339673350211839, 19.984522499565674 ] ], [ [ -99.339673350211839, 19.984522499565674 ], [ -99.339600599626124, 19.984419198967576 ] ], [ [ -99.339600599626124, 19.984419198967576 ], [ -99.339509850118716, 19.984171249393498 ] ], [ [ -99.339509850118716, 19.984171249393498 ], [ -99.339509250237455, 19.983906049173282 ] ], [ [ -99.339509250237455, 19.983906049173282 ], [ -99.339450699588639, 19.98369339947509 ] ], [ [ -99.339450699588639, 19.98369339947509 ], [ -99.339294100066766, 19.983569749125966 ] ], [ [ -99.339294100066766, 19.983569749125966 ], [ -99.338935400067612, 19.983393349385047 ] ], [ [ -99.338935400067612, 19.983393349385047 ], [ -99.338479349787235, 19.98326969976398 ] ], [ [ -99.338479349787235, 19.98326969976398 ], [ -99.338103149991497, 19.983181549519038 ] ], [ [ -99.338103149991497, 19.983181549519038 ], [ -99.337753549970714, 19.983220099121993 ] ], [ [ -99.337753549970714, 19.983220099121993 ], [ -99.337622050143182, 19.983285349033096 ] ], [ [ -99.337622050143182, 19.983285349033096 ], [ -99.33761179966848, 19.983312649796044 ] ], [ [ -99.33761179966848, 19.983312649796044 ], [ -99.337601349560586, 19.98334029975511 ] ], [ [ -99.337601349560586, 19.98334029975511 ], [ -99.337553799977655, 19.983466649329575 ] ], [ [ -99.337553799977655, 19.983466649329575 ], [ -99.337490349926171, 19.983634999394678 ] ], [ [ -99.337490349926171, 19.983634999394678 ], [ -99.337316649616753, 19.983915699030963 ] ], [ [ -99.337316649616753, 19.983915699030963 ], [ -99.337290299858097, 19.98395824959692 ] ], [ [ -99.337290299858097, 19.98395824959692 ], [ -99.337124899555846, 19.9840783994857 ] ], [ [ -99.337124899555846, 19.9840783994857 ], [ -99.336872199910275, 19.984216949112852 ] ], [ [ -99.336872199910275, 19.984216949112852 ], [ -99.336687550092876, 19.984379099160744 ] ], [ [ -99.336687550092876, 19.984379099160744 ], [ -99.336434550259199, 19.984616349104115 ] ], [ [ -99.336434550259199, 19.984616349104115 ], [ -99.336297100027579, 19.984686199198233 ] ], [ [ -99.336297100027579, 19.984686199198233 ], [ -99.33616569994723, 19.984752999252002 ] ], [ [ -99.33616569994723, 19.984752999252002 ], [ -99.335796749677129, 19.984895749108553 ] ], [ [ -99.335796749677129, 19.984895749108553 ], [ -99.335674550403667, 19.9849321994874 ] ], [ [ -99.335674550403667, 19.9849321994874 ], [ -99.335544050040795, 19.984971199535391 ] ], [ [ -99.335544050040795, 19.984971199535391 ], [ -99.334713299761177, 19.985144799286427 ] ], [ [ -99.334713299761177, 19.985144799286427 ], [ -99.334582450152695, 19.985193049648206 ] ], [ [ -99.334582450152695, 19.985193049648206 ], [ -99.334505600220339, 19.985221399558426 ] ], [ [ -99.334505600220339, 19.985221399558426 ], [ -99.334239749777737, 19.985339699764239 ] ], [ [ -99.334239749777737, 19.985339699764239 ], [ -99.334238599595992, 19.985340248949885 ] ], [ [ -99.334238599595992, 19.985340248949885 ], [ -99.334104400343946, 19.985450449208834 ] ], [ [ -99.334104400343946, 19.985450449208834 ], [ -99.334068699623543, 19.985517999124479 ] ], [ [ -99.334068699623543, 19.985517999124479 ], [ -99.334095499727539, 19.985639898976437 ] ], [ [ -99.334095499727539, 19.985639898976437 ], [ -99.334149050082729, 19.985844198945756 ] ], [ [ -99.334149050082729, 19.985844198945756 ], [ -99.334153250436017, 19.986019949602994 ] ], [ [ -99.334153250436017, 19.986019949602994 ], [ -99.334131049615976, 19.986296149626789 ] ], [ [ -99.334131049615976, 19.986296149626789 ], [ -99.334059399935384, 19.986493499248319 ] ], [ [ -99.334059399935384, 19.986493499248319 ], [ -99.333224846439222, 19.987321922978715 ] ], [ [ -99.333224846439222, 19.987321922978715 ], [ -99.333110275890647, 19.987412482479346 ] ], [ [ -99.333110275890647, 19.987412482479346 ], [ -99.332986167805643, 19.987475944679566 ] ], [ [ -99.332986167805643, 19.987475944679566 ], [ -99.332871677644306, 19.987557528314145 ] ], [ [ -99.332871677644306, 19.987557528314145 ], [ -99.332766852686859, 19.987747449706955 ] ], [ [ -99.332766852686859, 19.987747449706955 ], [ -99.332728735172182, 19.987783681679829 ] ], [ [ -99.332728735172182, 19.987783681679829 ], [ -99.332671142591266, 19.987693449968756 ] ], [ [ -99.332671142591266, 19.987693449968756 ], [ -99.3325658817961, 19.987603288524195 ] ], [ [ -99.3325658817961, 19.987603288524195 ], [ -99.332422269863187, 19.987522244820482 ] ], [ [ -99.332422269863187, 19.987522244820482 ], [ -99.332317066556229, 19.98746816859023 ] ], [ [ -99.332317066556229, 19.98746816859023 ], [ -99.332192692593324, 19.9874232762633 ] ], [ [ -99.332192692593324, 19.9874232762633 ], [ -99.332087393560869, 19.987369199099049 ] ], [ [ -99.332087393560869, 19.987369199099049 ], [ -99.331953524465845, 19.987324321822889 ] ], [ [ -99.331953524465845, 19.987324321822889 ], [ -99.331819532892268, 19.987261306704429 ] ], [ [ -99.331819532892268, 19.987261306704429 ], [ -99.331714177140995, 19.987171142113279 ] ], [ [ -99.331714177140995, 19.987171142113279 ], [ -99.331608917405461, 19.987080979143197 ] ], [ [ -99.331608917405461, 19.987080979143197 ], [ -99.331503561934284, 19.986990814421279 ] ], [ [ -99.331503561934284, 19.986990814421279 ], [ -99.331388630594901, 19.986909638713215 ] ], [ [ -99.331388630594901, 19.986909638713215 ], [ -99.331254735551454, 19.98684662571387 ] ], [ [ -99.331254735551454, 19.98684662571387 ], [ -99.331140037107147, 19.986855941336092 ] ], [ [ -99.331140037107147, 19.986855941336092 ], [ -99.331063624151838, 19.986874090682914 ] ], [ [ -99.331063624151838, 19.986874090682914 ], [ -99.331025452267298, 19.986937431204968 ] ], [ [ -99.331025452267298, 19.986937431204968 ], [ -99.331016123867272, 19.987045888258713 ] ], [ [ -99.331016123867272, 19.987045888258713 ], [ -99.331016344883849, 19.987127222040964 ] ], [ [ -99.331016344883849, 19.987127222040964 ], [ -99.330978338886638, 19.987235718543769 ] ], [ [ -99.330978338886638, 19.987235718543769 ], [ -99.330930783366654, 19.987371338331194 ] ], [ [ -99.330930783366654, 19.987371338331194 ], [ -99.330883363530191, 19.98753416115531 ] ], [ [ -99.330883363530191, 19.98753416115531 ], [ -99.33082634088376, 19.987687838806089 ] ], [ [ -99.33082634088376, 19.987687838806089 ], [ -99.33080743437813, 19.987805375612837 ] ], [ [ -99.33080743437813, 19.987805375612837 ], [ -99.330731364876044, 19.987986281450972 ] ], [ [ -99.330731364876044, 19.987986281450972 ], [ -99.330702853745251, 19.988094763721609 ] ], [ [ -99.330702853745251, 19.988094763721609 ], [ -99.330750924016101, 19.988230162207273 ] ], [ [ -99.330750924016101, 19.988230162207273 ], [ -99.330732084879756, 19.988329657144369 ] ], [ [ -99.330732084879756, 19.988329657144369 ], [ -99.330722592036835, 19.988392867656991 ] ], [ [ -99.330722592036835, 19.988392867656991 ], [ -99.330703739568094, 19.988483295481899 ] ], [ [ -99.330703739568094, 19.988483295481899 ], [ -99.330703919463375, 19.988600805550821 ] ], [ [ -99.330703919463375, 19.988600805550821 ], [ -99.330694647414589, 19.988745349986068 ] ], [ [ -99.330694647414589, 19.988745349986068 ], [ -99.330704306902049, 19.988790582418464 ] ], [ [ -99.330704306902049, 19.988790582418464 ], [ -99.330761815331229, 19.988826592575773 ] ], [ [ -99.330761815331229, 19.988826592575773 ], [ -99.330857372840882, 19.988844503749252 ] ], [ [ -99.330857372840882, 19.988844503749252 ], [ -99.331000778478497, 19.988853283165287 ] ], [ [ -99.331000778478497, 19.988853283165287 ], [ -99.331134701930353, 19.988871053178986 ] ], [ [ -99.331134701930353, 19.988871053178986 ], [ -99.331268557152697, 19.988906955660038 ] ], [ [ -99.331268557152697, 19.988906955660038 ], [ -99.331402383990266, 19.988924814406047 ] ], [ [ -99.331402383990266, 19.988924814406047 ], [ -99.331545788789313, 19.988933593290646 ] ], [ [ -99.331545788789313, 19.988933593290646 ], [ -99.331689304622913, 19.988951350216681 ] ], [ [ -99.331689304622913, 19.988951350216681 ], [ -99.331832751346084, 19.988987239577281 ] ], [ [ -99.331832751346084, 19.988987239577281 ], [ -99.331957153370155, 19.989050266523535 ] ], [ [ -99.331957153370155, 19.989050266523535 ], [ -99.332052890915449, 19.989122400134256 ] ], [ [ -99.332052890915449, 19.989122400134256 ], [ -99.332158152531107, 19.989212562971524 ] ], [ [ -99.332158152531107, 19.989212562971524 ], [ -99.332273156820634, 19.989338892654796 ] ], [ [ -99.332273156820634, 19.989338892654796 ], [ -99.332349865169661, 19.989447140359896 ] ], [ [ -99.332349865169661, 19.989447140359896 ], [ -99.332397935781273, 19.989582629135604 ] ], [ [ -99.332397935781273, 19.989582629135604 ], [ -99.33240773884468, 19.98971807964892 ] ], [ [ -99.33240773884468, 19.98971807964892 ], [ -99.332379351370989, 19.98984469837059 ] ], [ [ -99.332379351370989, 19.98984469837059 ], [ -99.332322287472834, 19.98997126614875 ] ], [ [ -99.332322287472834, 19.98997126614875 ], [ -99.332293886470893, 19.990088817747132 ] ], [ [ -99.332293886470893, 19.990088817747132 ], [ -99.332246344658387, 19.990233505454192 ] ], [ [ -99.332246344658387, 19.990233505454192 ], [ -99.332208367337898, 19.990360046228297 ] ], [ [ -99.332208367337898, 19.990360046228297 ], [ -99.332179979543668, 19.990486664990005 ] ], [ [ -99.332179979543668, 19.990486664990005 ], [ -99.332218445573218, 19.990613099470114 ] ], [ [ -99.332218445573218, 19.990613099470114 ], [ -99.332304745996922, 19.990721334670415 ] ], [ [ -99.332304745996922, 19.990721334670415 ], [ -99.332410103116175, 19.990811589793871 ] ], [ [ -99.332410103116175, 19.990811589793871 ], [ -99.332534508866047, 19.990874525738402 ] ], [ [ -99.332534508866047, 19.990874525738402 ], [ -99.332677942660922, 19.990901436952072 ] ], [ [ -99.332677942660922, 19.990901436952072 ], [ -99.332821336184651, 19.990901148409105 ] ], [ [ -99.332821336184651, 19.990901148409105 ], [ -99.332964756606415, 19.990918993113802 ] ], [ [ -99.332964756606415, 19.990918993113802 ], [ -99.333098600867999, 19.990945827811395 ] ], [ [ -99.333098600867999, 19.990945827811395 ], [ -99.3332420366511, 19.990972646949427 ] ], [ [ -99.3332420366511, 19.990972646949427 ], [ -99.333337691861658, 19.990990559189115 ] ], [ [ -99.333337691861658, 19.990990559189115 ], [ -99.333462040745857, 19.991017407076075 ] ], [ [ -99.333462040745857, 19.991017407076075 ], [ -99.333548160316013, 19.991071508960434 ] ], [ [ -99.333548160316013, 19.991071508960434 ], [ -99.333605783682643, 19.991179783378396 ] ], [ [ -99.333605783682643, 19.991179783378396 ], [ -99.333615628520121, 19.991342435464436 ] ], [ [ -99.333615628520121, 19.991342435464436 ], [ -99.333635078319233, 19.991514141977053 ] ], [ [ -99.333635078319233, 19.991514141977053 ], [ -99.333664065683948, 19.991649567160593 ] ], [ [ -99.333664065683948, 19.991649567160593 ], [ -99.333683444580203, 19.991776119230945 ] ], [ [ -99.333683444580203, 19.991776119230945 ], [ -99.33372202353064, 19.991911531685606 ] ], [ [ -99.33372202353064, 19.991911531685606 ], [ -99.333770082892912, 19.992037953189715 ] ], [ [ -99.333770082892912, 19.992037953189715 ], [ -99.333827637964703, 19.992164360248584 ] ], [ [ -99.333827637964703, 19.992164360248584 ], [ -99.333894867028718, 19.992281689065099 ] ], [ [ -99.333894867028718, 19.992281689065099 ], [ -99.333933348672147, 19.992417190483899 ] ], [ [ -99.333933348672147, 19.992417190483899 ], [ -99.33394324757154, 19.992552733586201 ] ], [ [ -99.33394324757154, 19.992552733586201 ], [ -99.333962642147355, 19.992688262251665 ] ], [ [ -99.333962642147355, 19.992688262251665 ], [ -99.333972418200005, 19.992805669379671 ] ], [ [ -99.333972418200005, 19.992805669379671 ], [ -99.333924861938755, 19.992941381462245 ] ], [ [ -99.333924861938755, 19.992941381462245 ], [ -99.333839090589606, 19.993049946477072 ] ], [ [ -99.333839090589606, 19.993049946477072 ], [ -99.333791618275924, 19.993176502432355 ] ], [ [ -99.333791618275924, 19.993176502432355 ], [ -99.333705764299211, 19.99329413196968 ] ], [ [ -99.333705764299211, 19.99329413196968 ], [ -99.333658289975091, 19.993420779456944 ] ], [ [ -99.333658289975091, 19.993420779456944 ], [ -99.333591618903199, 19.993538384362921 ] ], [ [ -99.333591618903199, 19.993538384362921 ], [ -99.333544050307196, 19.99366493861416 ] ], [ [ -99.333544050307196, 19.99366493861416 ], [ -99.333525047411214, 19.993719187519407 ] ], [ [ -99.333525047411214, 19.993719187519407 ], [ -99.333515678328737, 19.99380053455528 ] ], [ [ -99.333515678328737, 19.99380053455528 ], [ -99.333554089058026, 19.993890881688827 ] ], [ [ -99.333554089058026, 19.993890881688827 ], [ -99.33355416002432, 19.993936036265911 ] ], [ [ -99.33355416002432, 19.993936036265911 ], [ -99.333468401223399, 19.994053668345551 ] ], [ [ -99.333468401223399, 19.994053668345551 ], [ -99.3333350005841, 19.99425279069704 ] ], [ [ -99.3333350005841, 19.99425279069704 ], [ -99.333258695003011, 19.994343297393264 ] ], [ [ -99.333258695003011, 19.994343297393264 ], [ -99.333172922233416, 19.994451862176085 ] ], [ [ -99.333172922233416, 19.994451862176085 ], [ -99.333115855353853, 19.994578521445288 ] ], [ [ -99.333115855353853, 19.994578521445288 ], [ -99.332991672540032, 19.994660026096035 ] ], [ [ -99.332991672540032, 19.994660026096035 ], [ -99.332867530054102, 19.994705445842953 ] ], [ [ -99.332867530054102, 19.994705445842953 ], [ -99.332762460618227, 19.994741769412034 ] ], [ [ -99.332762460618227, 19.994741769412034 ], [ -99.332619076432181, 19.994751125984656 ] ], [ [ -99.332619076432181, 19.994751125984656 ], [ -99.332485356303664, 19.994805533723426 ] ], [ [ -99.332485356303664, 19.994805533723426 ], [ -99.332351619100876, 19.994851055444478 ] ], [ [ -99.332351619100876, 19.994851055444478 ], [ -99.332227503851314, 19.994914517473084 ] ], [ [ -99.332227503851314, 19.994914517473084 ], [ -99.332122531323023, 19.995014130496031 ] ], [ [ -99.332122531323023, 19.995014130496031 ], [ -99.332036743840575, 19.995113627524582 ] ], [ [ -99.332036743840575, 19.995113627524582 ], [ -99.331960478813173, 19.995231244549686 ] ], [ [ -99.331960478813173, 19.995231244549686 ], [ -99.331855601724996, 19.995330859104239 ] ], [ [ -99.331855601724996, 19.995330859104239 ], [ -99.331788928150033, 19.995448463431416 ] ], [ [ -99.331788928150033, 19.995448463431416 ], [ -99.331722254459436, 19.995566067742434 ] ], [ [ -99.331722254459436, 19.995566067742434 ], [ -99.331674681622943, 19.995692712289507 ] ], [ [ -99.331674681622943, 19.995692712289507 ], [ -99.331569709870081, 19.995792234365425 ] ], [ [ -99.331569709870081, 19.995792234365425 ], [ -99.331493539919947, 19.995909853824628 ] ], [ [ -99.331493539919947, 19.995909853824628 ], [ -99.331407667097352, 19.996018505816153 ] ], [ [ -99.331407667097352, 19.996018505816153 ], [ -99.331312284891126, 19.996118105775192 ] ], [ [ -99.331312284891126, 19.996118105775192 ], [ -99.331207393317257, 19.996208652774961 ] ], [ [ -99.331207393317257, 19.996208652774961 ], [ -99.331112010830182, 19.996308252626161 ] ], [ [ -99.331112010830182, 19.996308252626161 ], [ -99.331026153468514, 19.99642588282671 ] ], [ [ -99.331026153468514, 19.99642588282671 ], [ -99.330940363347054, 19.996525378445465 ] ], [ [ -99.330940363347054, 19.996525378445465 ], [ -99.330806639010262, 19.996579875434481 ] ], [ [ -99.330806639010262, 19.996579875434481 ], [ -99.330663267817101, 19.99659820673077 ] ], [ [ -99.330663267817101, 19.99659820673077 ], [ -99.3305677181487, 19.996589362496852 ] ], [ [ -99.3305677181487, 19.996589362496852 ], [ -99.330424375240341, 19.996625737317657 ] ], [ [ -99.330424375240341, 19.996625737317657 ], [ -99.330233206542516, 19.99662618118931 ] ], [ [ -99.330233206542516, 19.99662618118931 ], [ -99.330137576036975, 19.996626311552848 ] ], [ [ -99.330137576036975, 19.996626311552848 ], [ -99.330003712533937, 19.996590407793597 ] ], [ [ -99.330003712533937, 19.996590407793597 ], [ -99.32989835169937, 19.996500241158358 ] ], [ [ -99.32989835169937, 19.996500241158358 ], [ -99.329783398246079, 19.996410086945833 ] ], [ [ -99.329783398246079, 19.996410086945833 ], [ -99.329658977259456, 19.996337990584156 ] ], [ [ -99.329658977259456, 19.996337990584156 ], [ -99.329544146409404, 19.996265972274323 ] ], [ [ -99.329544146409404, 19.996265972274323 ], [ -99.329429301518132, 19.996184886675007 ] ], [ [ -99.329429301518132, 19.996184886675007 ], [ -99.329342989458056, 19.996067491466185 ] ], [ [ -99.329342989458056, 19.996067491466185 ], [ -99.329247205301868, 19.995968335378922 ] ], [ [ -99.329247205301868, 19.995968335378922 ], [ -99.329170497526206, 19.995859994795811 ] ], [ [ -99.329170497526206, 19.995859994795811 ], [ -99.329131923784061, 19.995724490037574 ] ], [ [ -99.329131923784061, 19.995724490037574 ], [ -99.32909345918263, 19.99559805416062 ] ], [ [ -99.32909345918263, 19.99559805416062 ], [ -99.329045402919334, 19.995471630747399 ] ], [ [ -99.329045402919334, 19.995471630747399 ], [ -99.32898775502079, 19.995345219788842 ] ], [ [ -99.32898775502079, 19.995345219788842 ], [ -99.328911032849319, 19.995227902594337 ] ], [ [ -99.328911032849319, 19.995227902594337 ], [ -99.328834310810677, 19.99511058537415 ] ], [ [ -99.328834310810677, 19.99511058537415 ], [ -99.328795846660952, 19.994984149495444 ] ], [ [ -99.328795846660952, 19.994984149495444 ], [ -99.32878604861142, 19.994848607432537 ] ], [ [ -99.32878604861142, 19.994848607432537 ], [ -99.328728401219621, 19.99472219645023 ] ], [ [ -99.328728401219621, 19.99472219645023 ], [ -99.328728099046515, 19.994586640290667 ] ], [ [ -99.328728099046515, 19.994586640290667 ], [ -99.328756406609116, 19.994405890542236 ] ], [ [ -99.328756406609116, 19.994405890542236 ], [ -99.328794320671648, 19.994234105819967 ] ], [ [ -99.328794320671648, 19.994234105819967 ], [ -99.328880029203759, 19.994080297403428 ] ], [ [ -99.328880029203759, 19.994080297403428 ], [ -99.329204693390125, 19.993944205958769 ] ], [ [ -99.329204693390125, 19.993944205958769 ], [ -99.32932892001206, 19.993889725588698 ] ], [ [ -99.32932892001206, 19.993889725588698 ], [ -99.329414696462834, 19.993781163054017 ] ], [ [ -99.329414696462834, 19.993781163054017 ], [ -99.329452663184497, 19.993645555382024 ] ], [ [ -99.329452663184497, 19.993645555382024 ], [ -99.32947144759919, 19.993509972706025 ] ], [ [ -99.32947144759919, 19.993509972706025 ], [ -99.329471240565951, 19.993374418391966 ] ], [ [ -99.329471240565951, 19.993374418391966 ], [ -99.329413608150887, 19.993256984374508 ] ], [ [ -99.329413608150887, 19.993256984374508 ], [ -99.329289188468877, 19.99318497856342 ] ], [ [ -99.329289188468877, 19.99318497856342 ], [ -99.329155329547049, 19.993149074189908 ] ], [ [ -99.329155329547049, 19.993149074189908 ], [ -99.329011933620222, 19.993149360174844 ] ], [ [ -99.329011933620222, 19.993149360174844 ], [ -99.328868524543964, 19.993140577953454 ] ], [ [ -99.328868524543964, 19.993140577953454 ], [ -99.328725143550798, 19.993149841100269 ] ], [ [ -99.328725143550798, 19.993149841100269 ], [ -99.328581775703469, 19.993168170369824 ] ], [ [ -99.328581775703469, 19.993168170369824 ], [ -99.328438434093144, 19.993204633833937 ] ], [ [ -99.328438434093144, 19.993204633833937 ], [ -99.328304685768032, 19.993240994115183 ] ], [ [ -99.328304685768032, 19.993240994115183 ], [ -99.328161413647479, 19.993259324677727 ] ], [ [ -99.328161413647479, 19.993259324677727 ], [ -99.32803721512478, 19.993331848659651 ] ], [ [ -99.32803721512478, 19.993331848659651 ], [ -99.327932324478098, 19.993422393172324 ] ], [ [ -99.327932324478098, 19.993422393172324 ], [ -99.327798601033962, 19.993476887332552 ] ], [ [ -99.327798601033962, 19.993476887332552 ], [ -99.327664865354905, 19.993522314226826 ] ], [ [ -99.327664865354905, 19.993522314226826 ], [ -99.327540651460964, 19.993585861289947 ] ], [ [ -99.327540651460964, 19.993585861289947 ], [ -99.327406917374944, 19.993631197323609 ] ], [ [ -99.327406917374944, 19.993631197323609 ], [ -99.327325037265311, 19.993658859615369 ] ], [ [ -99.327325037265311, 19.993658859615369 ], [ -99.327042548083597, 19.993746445800191 ] ], [ [ -99.327042548083597, 19.993746445800191 ], [ -99.32687257914543, 19.9937098342089 ] ], [ [ -99.32687257914543, 19.9937098342089 ], [ -99.326768318958258, 19.993586978703405 ] ], [ [ -99.326768318958258, 19.993586978703405 ], [ -99.326751231517306, 19.993371532748199 ] ], [ [ -99.326751231517306, 19.993371532748199 ], [ -99.32681460259866, 19.99304320963066 ] ], [ [ -99.32681460259866, 19.99304320963066 ], [ -99.326940236789824, 19.992803386253012 ] ], [ [ -99.326940236789824, 19.992803386253012 ], [ -99.327158163984507, 19.992571912165811 ] ], [ [ -99.327158163984507, 19.992571912165811 ], [ -99.327518546469165, 19.992329501328992 ] ], [ [ -99.327518546469165, 19.992329501328992 ], [ -99.328035868189687, 19.992062960715078 ] ], [ [ -99.328035868189687, 19.992062960715078 ], [ -99.328389534711377, 19.991800260315788 ] ], [ [ -99.328389534711377, 19.991800260315788 ], [ -99.328647598955015, 19.991697232370974 ] ], [ [ -99.328647598955015, 19.991697232370974 ], [ -99.328772036750578, 19.991517896687057 ] ], [ [ -99.328772036750578, 19.991517896687057 ], [ -99.328871323818717, 19.991258797964985 ] ], [ [ -99.328871323818717, 19.991258797964985 ], [ -99.32873142954972, 19.990964514992559 ] ], [ [ -99.32873142954972, 19.990964514992559 ], [ -99.328394947589132, 19.990656334725148 ] ], [ [ -99.328394947589132, 19.990656334725148 ], [ -99.328299456556067, 19.990683667047232 ] ], [ [ -99.328299456556067, 19.990683667047232 ], [ -99.328184797597558, 19.990720000624126 ] ], [ [ -99.328184797597558, 19.990720000624126 ], [ -99.328079743109384, 19.990765387956539 ] ], [ [ -99.328079743109384, 19.990765387956539 ], [ -99.327926786293972, 19.990783728962207 ] ], [ [ -99.327926786293972, 19.990783728962207 ], [ -99.32770723551603, 19.990910698835254 ] ], [ [ -99.32770723551603, 19.990910698835254 ], [ -99.327573502355492, 19.990956124631772 ] ], [ [ -99.327573502355492, 19.990956124631772 ], [ -99.327382466393956, 19.991037806672189 ] ], [ [ -99.327382466393956, 19.991037806672189 ], [ -99.327306063640762, 19.991065021345147 ] ], [ [ -99.327306063640762, 19.991065021345147 ], [ -99.327210450110655, 19.991074217009629 ] ], [ [ -99.327210450110655, 19.991074217009629 ], [ -99.327105285254092, 19.991047339327814 ] ], [ [ -99.327105285254092, 19.991047339327814 ], [ -99.326971538699638, 19.991083698359191 ] ], [ [ -99.326971538699638, 19.991083698359191 ], [ -99.326828144952643, 19.991083982279548 ] ], [ [ -99.326828144952643, 19.991083982279548 ], [ -99.326684779033371, 19.991102309720443 ] ], [ [ -99.326684779033371, 19.991102309720443 ], [ -99.326541413075276, 19.991120637026185 ] ], [ [ -99.326541413075276, 19.991120637026185 ], [ -99.326407679299237, 19.991166062710516 ] ], [ [ -99.326407679299237, 19.991166062710516 ], [ -99.326283577634584, 19.99123858680235 ] ], [ [ -99.326283577634584, 19.99123858680235 ], [ -99.326159461064179, 19.991302134286556 ] ], [ [ -99.326159461064179, 19.991302134286556 ], [ -99.326016176253987, 19.991374682718874 ] ], [ [ -99.326016176253987, 19.991374682718874 ], [ -99.325920754445931, 19.991447077398405 ] ], [ [ -99.325920754445931, 19.991447077398405 ], [ -99.325787033100355, 19.991501569700144 ] ], [ [ -99.325787033100355, 19.991501569700144 ], [ -99.32562479735806, 19.991601256475853 ] ], [ [ -99.32562479735806, 19.991601256475853 ], [ -99.325500720758967, 19.991691914261466 ] ], [ [ -99.325500720758967, 19.991691914261466 ], [ -99.325367094894588, 19.991809604362953 ] ], [ [ -99.325367094894588, 19.991809604362953 ], [ -99.3253386616162, 19.991909020556434 ] ], [ [ -99.3253386616162, 19.991909020556434 ], [ -99.325262283812577, 19.991954368531388 ] ], [ [ -99.325262283812577, 19.991954368531388 ], [ -99.325128412368642, 19.991972680607056 ] ], [ [ -99.325128412368642, 19.991972680607056 ], [ -99.324985126463645, 19.991982031630968 ] ], [ [ -99.324985126463645, 19.991982031630968 ], [ -99.324841733550997, 19.991982223036317 ] ], [ [ -99.324841733550997, 19.991982223036317 ], [ -99.324698187824183, 19.991946416816454 ] ], [ [ -99.324698187824183, 19.991946416816454 ], [ -99.324583352255516, 19.991865236354656 ] ], [ [ -99.324583352255516, 19.991865236354656 ], [ -99.324487576338058, 19.991765987020841 ] ], [ [ -99.324487576338058, 19.991765987020841 ], [ -99.324439523938921, 19.991639653246889 ] ], [ [ -99.324439523938921, 19.991639653246889 ], [ -99.32443922606079, 19.991504097476039 ] ], [ [ -99.32443922606079, 19.991504097476039 ], [ -99.324467606636134, 19.991368503528598 ] ], [ [ -99.324467606636134, 19.991368503528598 ], [ -99.324543890656855, 19.991259867212804 ] ], [ [ -99.324543890656855, 19.991259867212804 ], [ -99.324629668316476, 19.991151307638042 ] ], [ [ -99.324629668316476, 19.991151307638042 ], [ -99.324705937408268, 19.991033694754215 ] ], [ [ -99.324705937408268, 19.991033694754215 ], [ -99.324763023544165, 19.990916106220947 ] ], [ [ -99.324763023544165, 19.990916106220947 ], [ -99.32482968808813, 19.990789438343732 ] ], [ [ -99.32482968808813, 19.990789438343732 ], [ -99.324867672415536, 19.990662899365176 ] ], [ [ -99.324867672415536, 19.990662899365176 ], [ -99.324915153985273, 19.990536254961 ] ], [ [ -99.324915153985273, 19.990536254961 ], [ -99.324953125239489, 19.990400649756808 ] ], [ [ -99.324953125239489, 19.990400649756808 ], [ -99.325010266258772, 19.990255952109834 ] ], [ [ -99.325010266258772, 19.990255952109834 ], [ -99.325057732834878, 19.99012033211535 ] ], [ [ -99.325057732834878, 19.99012033211535 ], [ -99.325105309896941, 19.98999369031409 ] ], [ [ -99.325105309896941, 19.98999369031409 ], [ -99.325143293744176, 19.98986715136234 ] ], [ [ -99.325143293744176, 19.98986715136234 ], [ -99.325142995166303, 19.989731595821425 ] ], [ [ -99.325142995166303, 19.989731595821425 ], [ -99.325133105270638, 19.989596052508908 ] ], [ [ -99.325133105270638, 19.989596052508908 ], [ -99.325085054827568, 19.989469628562723 ] ], [ [ -99.325085054827568, 19.989469628562723 ], [ -99.32498928023503, 19.989370379771788 ] ], [ [ -99.32498928023503, 19.989370379771788 ], [ -99.324902973610321, 19.989253073418212 ] ], [ [ -99.324902973610321, 19.989253073418212 ], [ -99.324807198474232, 19.989153915187178 ] ], [ [ -99.324807198474232, 19.989153915187178 ], [ -99.324711438026384, 19.98906364272581 ] ], [ [ -99.324711438026384, 19.98906364272581 ], [ -99.324615649323619, 19.988955417246164 ] ], [ [ -99.324615649323619, 19.988955417246164 ], [ -99.324510297046672, 19.98886524750688 ] ], [ [ -99.324510297046672, 19.98886524750688 ], [ -99.324404932042157, 19.988766010575098 ] ], [ [ -99.324404932042157, 19.988766010575098 ], [ -99.324318735046376, 19.988657772773735 ] ], [ [ -99.324318735046376, 19.988657772773735 ], [ -99.324242035345023, 19.988549430451979 ] ], [ [ -99.324242035345023, 19.988549430451979 ], [ -99.324174815526263, 19.98843209775799 ] ], [ [ -99.324174815526263, 19.98843209775799 ], [ -99.324069452062602, 19.98833286065101 ] ], [ [ -99.324069452062602, 19.98833286065101 ], [ -99.323983255610045, 19.988224622703719 ] ], [ [ -99.323983255610045, 19.988224622703719 ], [ -99.323877904321591, 19.988134452587975 ] ], [ [ -99.323877904321591, 19.988134452587975 ], [ -99.323782131555888, 19.988035203161122 ] ], [ [ -99.323782131555888, 19.988035203161122 ], [ -99.323676780530448, 19.987945033828343 ] ], [ [ -99.323676780530448, 19.987945033828343 ], [ -99.323571416869001, 19.987845795498252 ] ], [ [ -99.323571416869001, 19.987845795498252 ], [ -99.323475642742167, 19.987746636542525 ] ], [ [ -99.323475642742167, 19.987746636542525 ], [ -99.323379870527035, 19.987647387804767 ] ], [ [ -99.323379870527035, 19.987647387804767 ], [ -99.323284097529069, 19.987548137186231 ] ], [ [ -99.323284097529069, 19.987548137186231 ], [ -99.323178748189974, 19.987457966659974 ] ], [ [ -99.323178748189974, 19.987457966659974 ], [ -99.323073398032307, 19.987367796051384 ] ], [ [ -99.323073398032307, 19.987367796051384 ], [ -99.322948988911563, 19.987295694807067 ] ], [ [ -99.322948988911563, 19.987295694807067 ], [ -99.322824578133307, 19.987223684102975 ] ], [ [ -99.322824578133307, 19.987223684102975 ], [ -99.322728806782052, 19.987124434097229 ] ], [ [ -99.322728806782052, 19.987124434097229 ], [ -99.32264251629239, 19.987016193820548 ] ], [ [ -99.32264251629239, 19.987016193820548 ], [ -99.322565806114525, 19.98689878370962 ] ], [ [ -99.322565806114525, 19.98689878370962 ], [ -99.322470033392023, 19.986799624208505 ] ], [ [ -99.322470033392023, 19.986799624208505 ], [ -99.32233607397572, 19.986754645234313 ] ], [ [ -99.32233607397572, 19.986754645234313 ], [ -99.322192753461195, 19.986736881976025 ] ], [ [ -99.322192753461195, 19.986736881976025 ], [ -99.32204937878403, 19.98674613875734 ] ], [ [ -99.32204937878403, 19.98674613875734 ], [ -99.321915647817804, 19.986791560292779 ] ], [ [ -99.321915647817804, 19.986791560292779 ], [ -99.321781929454161, 19.986846048822937 ] ], [ [ -99.321781929454161, 19.986846048822937 ], [ -99.321648198299798, 19.986891470126938 ] ], [ [ -99.321648198299798, 19.986891470126938 ], [ -99.321514481520907, 19.986945867789242 ] ], [ [ -99.321514481520907, 19.986945867789242 ], [ -99.321371117468232, 19.986964280773961 ] ], [ [ -99.321371117468232, 19.986964280773961 ], [ -99.321237346301373, 19.986982591022208 ] ], [ [ -99.321237346301373, 19.986982591022208 ], [ -99.321094011046668, 19.987018956695373 ] ], [ [ -99.321094011046668, 19.987018956695373 ], [ -99.32095064865068, 19.987037278646707 ] ], [ [ -99.32095064865068, 19.987037278646707 ], [ -99.320816877355085, 19.987055588525497 ] ], [ [ -99.320816877355085, 19.987055588525497 ], [ -99.320673540119088, 19.987092044441169 ] ], [ [ -99.320673540119088, 19.987092044441169 ], [ -99.320539808350802, 19.987137464778773 ] ], [ [ -99.320539808350802, 19.987137464778773 ], [ -99.32039641876402, 19.987137742619012 ] ], [ [ -99.32039641876402, 19.987137742619012 ], [ -99.320253126843937, 19.987137931380158 ] ], [ [ -99.320253126843937, 19.987137931380158 ], [ -99.320109789369255, 19.987174386766078 ] ], [ [ -99.320109789369255, 19.987174386766078 ], [ -99.319976057330933, 19.987219806610277 ] ], [ [ -99.319976057330933, 19.987219806610277 ], [ -99.3198518348362, 19.987274189245419 ] ], [ [ -99.3198518348362, 19.987274189245419 ], [ -99.31972774578216, 19.987355774821019 ] ], [ [ -99.31972774578216, 19.987355774821019 ], [ -99.319594013436884, 19.987401194336304 ] ], [ [ -99.319594013436884, 19.987401194336304 ], [ -99.319460254135961, 19.987428570141045 ] ], [ [ -99.319460254135961, 19.987428570141045 ], [ -99.319316891086075, 19.987446890555653 ] ], [ [ -99.319316891086075, 19.987446890555653 ], [ -99.319250053068345, 19.987456045640187 ] ], [ [ -99.319250053068345, 19.987456045640187 ], [ -99.319106663142023, 19.987456322261458 ] ], [ [ -99.319106663142023, 19.987456322261458 ], [ -99.318963273215189, 19.987456598747187 ] ], [ [ -99.318963273215189, 19.987456598747187 ], [ -99.318819885080245, 19.987456784460157 ] ], [ [ -99.318819885080245, 19.987456784460157 ], [ -99.318676521914085, 19.987475104270136 ] ], [ [ -99.318676521914085, 19.987475104270136 ], [ -99.318514046463108, 19.987475405646549 ] ], [ [ -99.318514046463108, 19.987475405646549 ], [ -99.318399411569047, 19.987529865933507 ] ], [ [ -99.318399411569047, 19.987529865933507 ], [ -99.31825628833748, 19.987647562785146 ] ], [ [ -99.31825628833748, 19.987647562785146 ], [ -99.318208654095258, 19.987738024317604 ] ], [ [ -99.318208654095258, 19.987738024317604 ], [ -99.318132462856184, 19.987846658778793 ] ], [ [ -99.318132462856184, 19.987846658778793 ], [ -99.318065781058579, 19.987964256237653 ] ], [ [ -99.318065781058579, 19.987964256237653 ], [ -99.31800860871401, 19.988090816709668 ] ], [ [ -99.31800860871401, 19.988090816709668 ], [ -99.317961121567464, 19.988217457751002 ] ], [ [ -99.317961121567464, 19.988217457751002 ], [ -99.317904044876983, 19.988344020815646 ] ], [ [ -99.317904044876983, 19.988344020815646 ], [ -99.31784687044599, 19.988470671003491 ] ], [ [ -99.31784687044599, 19.988470671003491 ], [ -99.317808880180294, 19.988597207960108 ] ], [ [ -99.317808880180294, 19.988597207960108 ], [ -99.317780491732478, 19.988732890941595 ] ], [ [ -99.317780491732478, 19.988732890941595 ], [ -99.317723414674347, 19.988859453094072 ] ], [ [ -99.317723414674347, 19.988859453094072 ], [ -99.317647140748605, 19.988977062224137 ] ], [ [ -99.317647140748605, 19.988977062224137 ], [ -99.317580553851045, 19.989094661291603 ] ], [ [ -99.317580553851045, 19.989094661291603 ], [ -99.317475562663702, 19.989185196497317 ] ], [ [ -99.317475562663702, 19.989185196497317 ], [ -99.317351443844984, 19.98924873665143 ] ], [ [ -99.317351443844984, 19.98924873665143 ], [ -99.317246452385248, 19.989339271711863 ] ], [ [ -99.317246452385248, 19.989339271711863 ], [ -99.317112729632498, 19.98939375625859 ] ], [ [ -99.317112729632498, 19.98939375625859 ], [ -99.316979020937268, 19.989457217186438 ] ], [ [ -99.316979020937268, 19.989457217186438 ], [ -99.316854889273841, 19.989511689816631 ] ], [ [ -99.316854889273841, 19.989511689816631 ], [ -99.316740293604155, 19.989593169101571 ] ], [ [ -99.316740293604155, 19.989593169101571 ], [ -99.316644905143932, 19.989692759230657 ] ], [ [ -99.316644905143932, 19.989692759230657 ], [ -99.316568725691312, 19.98981036960782 ] ], [ [ -99.316568725691312, 19.98981036960782 ], [ -99.316511549376642, 19.98993702037555 ] ], [ [ -99.316511549376642, 19.98993702037555 ], [ -99.316454509429832, 19.990090692975091 ] ], [ [ -99.316454509429832, 19.990090692975091 ], [ -99.316445155027139, 19.990190172955337 ] ], [ [ -99.316445155027139, 19.990190172955337 ], [ -99.316330719643688, 19.99031680810895 ] ], [ [ -99.316330719643688, 19.99031680810895 ], [ -99.31622563504591, 19.990344144476406 ] ], [ [ -99.31622563504591, 19.990344144476406 ], [ -99.316082267535279, 19.990362460961833 ] ], [ [ -99.316082267535279, 19.990362460961833 ], [ -99.31593887546957, 19.990362735513099 ] ], [ [ -99.31593887546957, 19.990362735513099 ], [ -99.315795470188235, 19.990353940957693 ] ], [ [ -99.315795470188235, 19.990353940957693 ], [ -99.315661617617536, 19.990318025681709 ] ], [ [ -99.315661617617536, 19.990318025681709 ], [ -99.31551819831509, 19.990300255267432 ] ], [ [ -99.31551819831509, 19.990300255267432 ], [ -99.315374845755059, 19.990327548510585 ] ], [ [ -99.315374845755059, 19.990327548510585 ], [ -99.315231452784033, 19.990327821469911 ] ], [ [ -99.315231452784033, 19.990327821469911 ], [ -99.315097612634034, 19.990300972838227 ] ], [ [ -99.315097612634034, 19.990300972838227 ], [ -99.314954073091954, 19.990265065005971 ] ], [ [ -99.314954073091954, 19.990265065005971 ], [ -99.31482022084991, 19.990229148084349 ] ], [ [ -99.31482022084991, 19.990229148084349 ], [ -99.314676827981799, 19.990229420519391 ] ], [ [ -99.314676827981799, 19.990229420519391 ], [ -99.31453338446876, 19.990193515801536 ] ], [ [ -99.31453338446876, 19.990193515801536 ], [ -99.314408990473083, 19.990130473610328 ] ], [ [ -99.314408990473083, 19.990130473610328 ], [ -99.314284580670872, 19.990058455691649 ] ], [ [ -99.314284580670872, 19.990058455691649 ], [ -99.314236540179806, 19.989932028254213 ] ], [ [ -99.314236540179806, 19.989932028254213 ], [ -99.314245843840069, 19.989796461161834 ] ], [ [ -99.314245843840069, 19.989796461161834 ], [ -99.314312529852003, 19.989678865176984 ] ], [ [ -99.314312529852003, 19.989678865176984 ], [ -99.314398315522169, 19.989570221802545 ] ], [ [ -99.314398315522169, 19.989570221802545 ], [ -99.314493704745644, 19.989470721939249 ] ], [ [ -99.314493704745644, 19.989470721939249 ], [ -99.314550786853459, 19.989344071197291 ] ], [ [ -99.314550786853459, 19.989344071197291 ], [ -99.314560090159105, 19.989208504161503 ] ], [ [ -99.314560090159105, 19.989208504161503 ], [ -99.314578984728456, 19.989072925599569 ] ], [ [ -99.314578984728456, 19.989072925599569 ], [ -99.314645670095587, 19.98895532954927 ] ], [ [ -99.314645670095587, 19.98895532954927 ], [ -99.314674086161176, 19.988837781382351 ] ], [ [ -99.314674086161176, 19.988837781382351 ], [ -99.314712067200361, 19.988702178054492 ] ], [ [ -99.314712067200361, 19.988702178054492 ], [ -99.314750060403568, 19.98857564095437 ] ], [ [ -99.314750060403568, 19.98857564095437 ], [ -99.314803573070051, 19.988473831128143 ] ], [ [ -99.360033199942336, 19.975929599479503 ], [ -99.360128499589848, 19.975872649761929 ] ], [ [ -99.360128499589848, 19.975872649761929 ], [ -99.360278249981647, 19.975883849432808 ] ], [ [ -99.360278249981647, 19.975883849432808 ], [ -99.360411900231213, 19.975929498950066 ] ], [ [ -99.360411900231213, 19.975929498950066 ], [ -99.360573900110097, 19.975983899664232 ] ], [ [ -99.360573900110097, 19.975983899664232 ], [ -99.360703000256223, 19.976058949371332 ] ], [ [ -99.360703000256223, 19.976058949371332 ], [ -99.360801750373085, 19.976105349467076 ] ], [ [ -99.360801750373085, 19.976105349467076 ], [ -99.360904300014809, 19.976158949325058 ] ], [ [ -99.360904300014809, 19.976158949325058 ], [ -99.361018150169471, 19.976187399629421 ] ], [ [ -99.361018150169471, 19.976187399629421 ], [ -99.361177550434164, 19.97621579909292 ] ], [ [ -99.361177550434164, 19.97621579909292 ], [ -99.361314200173268, 19.976244199738485 ] ], [ [ -99.361314200173268, 19.976244199738485 ], [ -99.361462249662338, 19.976262599378117 ] ], [ [ -99.361462249662338, 19.976262599378117 ], [ -99.361602600462248, 19.976297399081705 ] ], [ [ -99.361602600462248, 19.976297399081705 ], [ -99.361734399779593, 19.976308349433936 ] ], [ [ -99.361734399779593, 19.976308349433936 ], [ -99.361877750193671, 19.976306199655344 ] ], [ [ -99.361877750193671, 19.976306199655344 ], [ -99.362021100109473, 19.976305849482284 ] ], [ [ -99.362021100109473, 19.976305849482284 ], [ -99.362182999840158, 19.976292649595422 ] ], [ [ -99.362182999840158, 19.976292649595422 ], [ -99.362289199528419, 19.976303149736857 ] ], [ [ -99.362289199528419, 19.976303149736857 ], [ -99.362440650356319, 19.976305699052435 ] ], [ [ -99.362440650356319, 19.976305699052435 ], [ -99.362573700323551, 19.976295399831731 ] ], [ [ -99.362573700323551, 19.976295399831731 ], [ -99.362719049854078, 19.976301699774179 ] ], [ [ -99.362719049854078, 19.976301699774179 ], [ -99.362850650096476, 19.976286749250278 ] ], [ [ -99.362850650096476, 19.976286749250278 ], [ -99.362861399941224, 19.976285549842963 ] ], [ [ -99.362861399941224, 19.976285549842963 ], [ -99.363003199658621, 19.976265399028836 ] ], [ [ -99.363003199658621, 19.976265399028836 ], [ -99.363144849906632, 19.976244499291596 ] ], [ [ -99.363144849906632, 19.976244499291596 ], [ -99.363286349802706, 19.976222649334741 ] ], [ [ -99.363286349802706, 19.976222649334741 ], [ -99.363423900020706, 19.97618444943711 ] ], [ [ -99.363423900020706, 19.97618444943711 ], [ -99.363544649958214, 19.976111299769869 ] ], [ [ -99.363544649958214, 19.976111299769869 ], [ -99.363617649894408, 19.975994649254723 ] ], [ [ -99.363617649894408, 19.975994649254723 ], [ -99.363671050018013, 19.975868899586839 ] ], [ [ -99.363671050018013, 19.975868899586839 ], [ -99.363734500274433, 19.975747349319221 ] ], [ [ -99.363734500274433, 19.975747349319221 ], [ -99.363798350278202, 19.975625949243327 ] ], [ [ -99.363798350278202, 19.975625949243327 ], [ -99.363868050260621, 19.975507499596215 ] ], [ [ -99.363868050260621, 19.975507499596215 ], [ -99.363883149798951, 19.975372699347627 ] ], [ [ -99.363883149798951, 19.975372699347627 ], [ -99.363897200182848, 19.9752377992811 ] ], [ [ -99.363897200182848, 19.9752377992811 ], [ -99.363898750123425, 19.975102299365222 ] ], [ [ -99.363898750123425, 19.975102299365222 ], [ -99.363938349872456, 19.974971999552487 ] ], [ [ -99.363938349872456, 19.974971999552487 ], [ -99.363964349831505, 19.974838698949885 ] ], [ [ -99.363964349831505, 19.974838698949885 ], [ -99.36397279962388, 19.974703399692562 ] ], [ [ -99.36397279962388, 19.974703399692562 ], [ -99.363973300370631, 19.97456784897237 ] ], [ [ -99.363973300370631, 19.97456784897237 ], [ -99.364009300047002, 19.974436649786824 ] ], [ [ -99.364009300047002, 19.974436649786824 ], [ -99.364044149918016, 19.974305149559957 ] ], [ [ -99.364044149918016, 19.974305149559957 ], [ -99.364057800142405, 19.974170249013483 ] ], [ [ -99.364057800142405, 19.974170249013483 ], [ -99.364061599715995, 19.974034699478466 ] ], [ [ -99.364061599715995, 19.974034699478466 ], [ -99.364062450391089, 19.973899149487451 ] ], [ [ -99.364062450391089, 19.973899149487451 ], [ -99.364062299870724, 19.973763649208571 ] ], [ [ -99.364062299870724, 19.973763649208571 ], [ -99.364062049624749, 19.973628099160525 ] ], [ [ -99.364062049624749, 19.973628099160525 ], [ -99.364076300081337, 19.973493199158934 ] ], [ [ -99.364076300081337, 19.973493199158934 ], [ -99.364076449708151, 19.973357649748625 ] ], [ [ -99.364076449708151, 19.973357649748625 ], [ -99.364001700110975, 19.973241999415595 ] ], [ [ -99.364001700110975, 19.973241999415595 ], [ -99.363958350449622, 19.973112799645826 ] ], [ [ -99.363958350449622, 19.973112799645826 ], [ -99.363912849697897, 19.97298424975039 ] ], [ [ -99.363912849697897, 19.97298424975039 ], [ -99.363829199592033, 19.972874199325389 ] ], [ [ -99.363829199592033, 19.972874199325389 ], [ -99.363722800320275, 19.9727832994915 ] ], [ [ -99.363722800320275, 19.9727832994915 ], [ -99.363633000321258, 19.97267764914816 ] ], [ [ -99.363633000321258, 19.97267764914816 ], [ -99.363600700381369, 19.972545599513861 ] ], [ [ -99.363600700381369, 19.972545599513861 ], [ -99.363592849664485, 19.972410249347554 ] ], [ [ -99.363592849664485, 19.972410249347554 ], [ -99.363695150183375, 19.972315299253733 ] ], [ [ -99.363695150183375, 19.972315299253733 ], [ -99.363808849566595, 19.972232699330764 ] ], [ [ -99.363808849566595, 19.972232699330764 ], [ -99.363942049745958, 19.972182549813056 ] ], [ [ -99.363942049745958, 19.972182549813056 ], [ -99.364068999687987, 19.972119648942282 ] ], [ [ -99.364068999687987, 19.972119648942282 ], [ -99.364182299870919, 19.972036499634928 ] ], [ [ -99.364182299870919, 19.972036499634928 ], [ -99.364280299694087, 19.971937649211487 ] ], [ [ -99.364280299694087, 19.971937649211487 ], [ -99.364395449819142, 19.971856849361455 ] ], [ [ -99.364395449819142, 19.971856849361455 ], [ -99.364511249763552, 19.971776949261038 ] ], [ [ -99.364511249763552, 19.971776949261038 ], [ -99.364615800257823, 19.971684199220796 ] ], [ [ -99.364615800257823, 19.971684199220796 ], [ -99.364718250007698, 19.971589399811773 ] ], [ [ -99.364718250007698, 19.971589399811773 ], [ -99.364842199731029, 19.971521249184065 ] ], [ [ -99.364842199731029, 19.971521249184065 ], [ -99.364970349652339, 19.971460499139866 ] ], [ [ -99.364970349652339, 19.971460499139866 ], [ -99.365092350284911, 19.971389299780874 ] ], [ [ -99.365092350284911, 19.971389299780874 ], [ -99.365203599557759, 19.971303749566431 ] ], [ [ -99.365203599557759, 19.971303749566431 ], [ -99.365333349802825, 19.97124609973897 ] ], [ [ -99.365333349802825, 19.97124609973897 ], [ -99.36546180022026, 19.971185899432331 ] ], [ [ -99.36546180022026, 19.971185899432331 ], [ -99.365593149940196, 19.971131549346911 ] ], [ [ -99.365593149940196, 19.971131549346911 ], [ -99.365723300479573, 19.971074799223555 ] ], [ [ -99.365723300479573, 19.971074799223555 ], [ -99.365849849777632, 19.971011099387098 ] ], [ [ -99.365849849777632, 19.971011099387098 ], [ -99.365980500464346, 19.970955199129058 ] ], [ [ -99.365980500464346, 19.970955199129058 ], [ -99.366110999563332, 19.970899099383697 ] ], [ [ -99.366110999563332, 19.970899099383697 ], [ -99.3662414995228, 19.97084294967901 ] ], [ [ -99.3662414995228, 19.97084294967901 ], [ -99.366373000004373, 19.97078899959315 ] ], [ [ -99.366373000004373, 19.97078899959315 ], [ -99.366501150457069, 19.970728199371354 ] ], [ [ -99.366501150457069, 19.970728199371354 ], [ -99.366638699875722, 19.970690099311756 ] ], [ [ -99.366638699875722, 19.970690099311756 ], [ -99.366776300052393, 19.97065194923794 ] ], [ [ -99.366776300052393, 19.97065194923794 ], [ -99.366911950018618, 19.970608099409759 ] ], [ [ -99.366911950018618, 19.970608099409759 ], [ -99.367047800194925, 19.970564749793898 ] ], [ [ -99.367047800194925, 19.970564749793898 ], [ -99.367179949925259, 19.970512199320723 ] ], [ [ -99.367179949925259, 19.970512199320723 ], [ -99.367309750303164, 19.970454649384717 ] ], [ [ -99.367309750303164, 19.970454649384717 ], [ -99.36743229997866, 19.970384349035093 ] ], [ [ -99.36743229997866, 19.970384349035093 ], [ -99.367554900335094, 19.970314049473004 ] ], [ [ -99.367554900335094, 19.970314049473004 ], [ -99.36766694954801, 19.970229499735002 ] ], [ [ -99.36766694954801, 19.970229499735002 ], [ -99.367781950430413, 19.970148549849515 ] ], [ [ -99.367781950430413, 19.970148549849515 ], [ -99.367897749761212, 19.970068649157191 ] ], [ [ -99.367897749761212, 19.970068649157191 ], [ -99.368016900428003, 19.969993249216476 ] ], [ [ -99.368016900428003, 19.969993249216476 ], [ -99.368140750150829, 19.969924949249485 ] ], [ [ -99.368140750150829, 19.969924949249485 ], [ -99.368259750032905, 19.969849349769444 ] ], [ [ -99.368259750032905, 19.969849349769444 ], [ -99.368386599880438, 19.969786198961263 ] ], [ [ -99.368386599880438, 19.969786198961263 ], [ -99.3685134495922, 19.969723048957196 ] ], [ [ -99.3685134495922, 19.969723048957196 ], [ -99.368613999654116, 19.969626399059436 ] ], [ [ -99.368613999654116, 19.969626399059436 ], [ -99.368710549600607, 19.969526199012218 ] ], [ [ -99.368710549600607, 19.969526199012218 ], [ -99.368808450300463, 19.969427199203189 ] ], [ [ -99.368808450300463, 19.969427199203189 ], [ -99.368864850037667, 19.969302599543383 ] ], [ [ -99.368864850037667, 19.969302599543383 ], [ -99.368887699760492, 19.969168749234207 ] ], [ [ -99.368887699760492, 19.969168749234207 ], [ -99.368898399742349, 19.969033599269267 ] ], [ [ -99.368898399742349, 19.969033599269267 ], [ -99.368901999669148, 19.968898099489337 ] ], [ [ -99.368901999669148, 19.968898099489337 ], [ -99.368933199594935, 19.968812049429204 ] ], [ [ -99.368933199594935, 19.968812049429204 ], [ -99.368968300085967, 19.968668499091361 ] ], [ [ -99.368968300085967, 19.968668499091361 ], [ -99.369023599651214, 19.968534499100492 ] ], [ [ -99.369023599651214, 19.968534499100492 ], [ -99.36907900003645, 19.968429199592904 ] ], [ [ -99.36907900003645, 19.968429199592904 ], [ -99.369144400054481, 19.968295149034336 ] ], [ [ -99.369144400054481, 19.968295149034336 ], [ -99.369220099945323, 19.968204149772443 ] ], [ [ -99.369220099945323, 19.968204149772443 ], [ -99.369305800146677, 19.968093949369244 ] ], [ [ -99.369305800146677, 19.968093949369244 ], [ -99.369361550343982, 19.967949099820764 ] ], [ [ -99.369361550343982, 19.967949099820764 ], [ -99.369455099573742, 19.96775129918846 ] ], [ [ -99.369455099573742, 19.96775129918846 ], [ -99.369630700370081, 19.967685349126423 ] ], [ [ -99.369630700370081, 19.967685349126423 ], [ -99.369728000329459, 19.967648799669281 ] ], [ [ -99.369728000329459, 19.967648799669281 ], [ -99.369945349767079, 19.967581849672165 ] ], [ [ -99.369945349767079, 19.967581849672165 ], [ -99.370247850052721, 19.967556899221663 ] ], [ [ -99.370247850052721, 19.967556899221663 ], [ -99.370521500224427, 19.967550199682105 ] ], [ [ -99.370521500224427, 19.967550199682105 ], [ -99.370923349681632, 19.967549349471135 ] ], [ [ -99.370923349681632, 19.967549349471135 ], [ -99.371226699666238, 19.967609649302641 ] ], [ [ -99.371226699666238, 19.967609649302641 ], [ -99.371380249625574, 19.967593149056068 ] ], [ [ -99.371380249625574, 19.967593149056068 ], [ -99.37141545046083, 19.967589349089927 ] ], [ [ -99.37141545046083, 19.967589349089927 ], [ -99.371500700131122, 19.967615649206351 ] ], [ [ -99.371500700131122, 19.967615649206351 ], [ -99.371614599655942, 19.967654249648202 ] ], [ [ -99.371614599655942, 19.967654249648202 ], [ -99.371763299882176, 19.967704749202582 ] ], [ [ -99.371763299882176, 19.967704749202582 ], [ -99.371896199615705, 19.967755299416378 ] ], [ [ -99.371896199615705, 19.967755299416378 ], [ -99.372025950108537, 19.967820749502625 ] ], [ [ -99.372025950108537, 19.967820749502625 ], [ -99.372139849556277, 19.967880298983037 ] ], [ [ -99.372139849556277, 19.967880298983037 ], [ -99.372279099855817, 19.967939799797033 ] ], [ [ -99.372279099855817, 19.967939799797033 ], [ -99.372396149911125, 19.967993348953851 ] ], [ [ -99.372396149911125, 19.967993348953851 ], [ -99.372496900382643, 19.968063199492811 ] ], [ [ -99.372496900382643, 19.968063199492811 ], [ -99.372630299563554, 19.968112899108899 ] ], [ [ -99.372630299563554, 19.968112899108899 ], [ -99.372769099882987, 19.968146849074792 ] ], [ [ -99.372769099882987, 19.968146849074792 ], [ -99.372924299525792, 19.968160049205256 ] ], [ [ -99.372924299525792, 19.968160049205256 ], [ -99.37307290005532, 19.968156699738998 ] ], [ [ -99.37307290005532, 19.968156699738998 ], [ -99.373219150104745, 19.968158799285398 ] ], [ [ -99.373219150104745, 19.968158799285398 ], [ -99.373366899686999, 19.968177049722044 ] ], [ [ -99.373366899686999, 19.968177049722044 ], [ -99.373515599950181, 19.968233499828813 ] ], [ [ -99.373515599950181, 19.968233499828813 ], [ -99.373657900462689, 19.968254099087179 ] ], [ [ -99.373657900462689, 19.968254099087179 ], [ -99.373806599948409, 19.968310599669181 ] ], [ [ -99.373806599948409, 19.968310599669181 ], [ -99.373904700041393, 19.968349249417244 ] ], [ [ -99.373904700041393, 19.968349249417244 ], [ -99.374015499692675, 19.968417749746234 ] ], [ [ -99.374015499692675, 19.968417749746234 ], [ -99.3741324999733, 19.968481599159812 ] ], [ [ -99.3741324999733, 19.968481599159812 ], [ -99.374274099968801, 19.968480898992038 ] ], [ [ -99.374274099968801, 19.968480898992038 ], [ -99.374394149849735, 19.968441799138063 ] ], [ [ -99.374394149849735, 19.968441799138063 ], [ -99.374501449766825, 19.968369849373246 ] ], [ [ -99.374501449766825, 19.968369849373246 ], [ -99.374592949880551, 19.968297949731323 ] ], [ [ -99.374592949880551, 19.968297949731323 ], [ -99.374685350182716, 19.968216648985671 ] ], [ [ -99.374685350182716, 19.968216648985671 ], [ -99.374748850184545, 19.968095099722184 ] ], [ [ -99.374748850184545, 19.968095099722184 ], [ -99.374832150325545, 19.967984799438906 ] ], [ [ -99.374832150325545, 19.967984799438906 ], [ -99.374933400352148, 19.967887899328776 ] ], [ [ -99.374933400352148, 19.967887899328776 ], [ -99.375008999709721, 19.967788999391168 ] ], [ [ -99.375008999709721, 19.967788999391168 ], [ -99.375124999613021, 19.967672899215646 ] ], [ [ -99.375124999613021, 19.967672899215646 ], [ -99.375125699763046, 19.967672199599928 ] ], [ [ -99.375125699763046, 19.967672199599928 ], [ -99.375232899956714, 19.967573299743446 ] ], [ [ -99.375232899956714, 19.967573299743446 ], [ -99.375374949877312, 19.967480349494 ] ], [ [ -99.375374949877312, 19.967480349494 ], [ -99.375475200068465, 19.967447199382018 ] ], [ [ -99.375475200068465, 19.967447199382018 ], [ -99.375616450053613, 19.967423899631964 ] ], [ [ -99.375616450053613, 19.967423899631964 ], [ -99.375759050439711, 19.967410049717756 ] ], [ [ -99.375759050439711, 19.967410049717756 ], [ -99.375902249801371, 19.967403649223417 ] ], [ [ -99.375902249801371, 19.967403649223417 ], [ -99.37604554988846, 19.967407948989301 ] ], [ [ -99.37604554988846, 19.967407948989301 ], [ -99.376188849961153, 19.967412299392699 ] ], [ [ -99.376188849961153, 19.967412299392699 ], [ -99.376330950007343, 19.967430198964095 ] ], [ [ -99.376330950007343, 19.967430198964095 ], [ -99.376473299746792, 19.967446098990422 ] ], [ [ -99.376473299746792, 19.967446098990422 ], [ -99.376616449769571, 19.967453399402988 ] ], [ [ -99.376616449769571, 19.967453399402988 ], [ -99.376759850277779, 19.967453949355008 ] ], [ [ -99.376759850277779, 19.967453949355008 ], [ -99.376903200072945, 19.967453849121924 ] ], [ [ -99.376903200072945, 19.967453849121924 ], [ -99.377046549850363, 19.967453749659768 ] ], [ [ -99.377046549850363, 19.967453749659768 ], [ -99.377188299627036, 19.967433498955891 ] ], [ [ -99.377188299627036, 19.967433498955891 ], [ -99.377297600174884, 19.967345749729091 ] ], [ [ -99.377297600174884, 19.967345749729091 ], [ -99.377412650245503, 19.967264899838309 ] ], [ [ -99.377412650245503, 19.967264899838309 ], [ -99.377536749539843, 19.967196999378181 ] ], [ [ -99.377536749539843, 19.967196999378181 ], [ -99.377642699715992, 19.967105649660361 ] ], [ [ -99.377642699715992, 19.967105649660361 ], [ -99.37773970036109, 19.967005899033015 ] ], [ [ -99.37773970036109, 19.967005899033015 ], [ -99.37778099960758, 19.966943149228197 ] ], [ [ -99.37778099960758, 19.966943149228197 ], [ -99.377815500176922, 19.966890799189418 ] ], [ [ -99.377815500176922, 19.966890799189418 ], [ -99.377848999664934, 19.966837899626615 ] ], [ [ -99.377848999664934, 19.966837899626615 ], [ -99.377889150098284, 19.966774549677751 ] ], [ [ -99.377889150098284, 19.966774549677751 ], [ -99.37796079974369, 19.966657149461359 ] ], [ [ -99.37796079974369, 19.966657149461359 ], [ -99.378020800044794, 19.966533999055404 ] ], [ [ -99.378020800044794, 19.966533999055404 ], [ -99.378039849620521, 19.966399699580816 ] ], [ [ -99.378039849620521, 19.966399699580816 ], [ -99.378053950194627, 19.966264799582969 ] ], [ [ -99.378053950194627, 19.966264799582969 ], [ -99.37809625044423, 19.966152199611695 ] ], [ [ -99.37809625044423, 19.966152199611695 ], [ -99.378118049691125, 19.966020649570396 ] ], [ [ -99.378118049691125, 19.966020649570396 ], [ -99.378152550030379, 19.965912949482259 ] ], [ [ -99.378152550030379, 19.965912949482259 ], [ -99.378161849570617, 19.965823299739096 ] ], [ [ -99.378161849570617, 19.965823299739096 ], [ -99.37819315030724, 19.965700699548314 ] ], [ [ -99.37819315030724, 19.965700699548314 ], [ -99.378214949829655, 19.96555419958127 ] ], [ [ -99.378214949829655, 19.96555419958127 ], [ -99.378243000072047, 19.965398749206976 ] ], [ [ -99.378243000072047, 19.965398749206976 ], [ -99.378258449902731, 19.965237299251967 ] ], [ [ -99.378258449902731, 19.965237299251967 ], [ -99.378278499751886, 19.965081399641299 ] ], [ [ -99.378278499751886, 19.965081399641299 ], [ -99.378341800408108, 19.964959749768067 ] ], [ [ -99.378341800408108, 19.964959749768067 ], [ -99.378388450222829, 19.964831599621078 ] ], [ [ -99.378388450222829, 19.964831599621078 ], [ -99.37844670036263, 19.964707749007466 ] ], [ [ -99.37844670036263, 19.964707749007466 ], [ -99.378543399542522, 19.964607699165956 ] ], [ [ -99.378543399542522, 19.964607699165956 ], [ -99.378661899885117, 19.964531349061094 ] ], [ [ -99.378661899885117, 19.964531349061094 ], [ -99.378782099857744, 19.964457549674055 ] ], [ [ -99.378782099857744, 19.964457549674055 ], [ -99.378905750077678, 19.964388949694992 ] ], [ [ -99.378905750077678, 19.964388949694992 ], [ -99.379035800189627, 19.964331849710796 ] ], [ [ -99.379035800189627, 19.964331849710796 ], [ -99.379168799808156, 19.964281299543394 ] ], [ [ -99.379168799808156, 19.964281299543394 ], [ -99.379297849848669, 19.964222249058881 ] ], [ [ -99.379297849848669, 19.964222249058881 ], [ -99.379426899759281, 19.964163199374259 ] ], [ [ -99.379426899759281, 19.964163199374259 ], [ -99.379555249751462, 19.964102799258942 ] ], [ [ -99.379555249751462, 19.964102799258942 ], [ -99.37968335036139, 19.964041999427394 ] ], [ [ -99.37968335036139, 19.964041999427394 ], [ -99.379807599880195, 19.963974349317308 ] ], [ [ -99.379807599880195, 19.963974349317308 ], [ -99.379930049795675, 19.963903849211889 ] ], [ [ -99.379930049795675, 19.963903849211889 ], [ -99.380051499641596, 19.963831849347009 ] ], [ [ -99.380051499641596, 19.963831849347009 ], [ -99.38017290045714, 19.963759799585411 ] ], [ [ -99.38017290045714, 19.963759799585411 ], [ -99.38030260046105, 19.963701999832079 ] ], [ [ -99.38030260046105, 19.963701999832079 ], [ -99.380431700253226, 19.963643049025887 ] ], [ [ -99.380431700253226, 19.963643049025887 ], [ -99.380566849694688, 19.963597849668247 ] ], [ [ -99.380566849694688, 19.963597849668247 ], [ -99.380697499816989, 19.963532149032211 ] ], [ [ -99.380697499816989, 19.963532149032211 ], [ -99.380874400267146, 19.9634869496434 ] ], [ [ -99.380874400267146, 19.9634869496434 ], [ -99.38101344986903, 19.963465699620325 ] ], [ [ -99.38101344986903, 19.963465699620325 ], [ -99.381154699835207, 19.96340449916244 ] ], [ [ -99.381154699835207, 19.96340449916244 ], [ -99.381313399535415, 19.96333954980836 ] ], [ [ -99.381313399535415, 19.96333954980836 ], [ -99.381585350209349, 19.963386799177805 ] ], [ [ -99.381585350209349, 19.963386799177805 ], [ -99.381734049894447, 19.963425299068703 ] ], [ [ -99.381734049894447, 19.963425299068703 ], [ -99.381844749988744, 19.963454499653459 ] ], [ [ -99.381844749988744, 19.963454499653459 ], [ -99.381988100339754, 19.9634537990216 ] ], [ [ -99.381988100339754, 19.9634537990216 ], [ -99.382129350424293, 19.963477049541925 ] ], [ [ -99.382129350424293, 19.963477049541925 ], [ -99.382268699860234, 19.963508799716198 ] ], [ [ -99.382268699860234, 19.963508799716198 ], [ -99.38227625018645, 19.963510299089894 ] ], [ [ -99.38227625018645, 19.963510299089894 ], [ -99.382409099915492, 19.963536399065507 ] ], [ [ -99.382409099915492, 19.963536399065507 ], [ -99.382415000042187, 19.963536999557174 ] ], [ [ -99.382415000042187, 19.963536999557174 ], [ -99.382551599755843, 19.963550949585048 ] ], [ [ -99.382551599755843, 19.963550949585048 ], [ -99.382694150467415, 19.963565499034914 ] ], [ [ -99.382694150467415, 19.963565499034914 ], [ -99.382837499813093, 19.963565799441735 ] ], [ [ -99.382837499813093, 19.963565799441735 ], [ -99.382980699803355, 19.963572049367659 ] ], [ [ -99.382980699803355, 19.963572049367659 ], [ -99.383123899806805, 19.963578299158424 ] ], [ [ -99.383123899806805, 19.963578299158424 ], [ -99.383266999823476, 19.963586699502724 ] ], [ [ -99.383266999823476, 19.963586699502724 ], [ -99.383410299911716, 19.963590199032382 ] ], [ [ -99.383410299911716, 19.963590199032382 ], [ -99.383551000020873, 19.963564199775757 ] ], [ [ -99.383551000020873, 19.963564199775757 ], [ -99.383676299777363, 19.963539249389608 ] ], [ [ -99.383676299777363, 19.963539249389608 ], [ -99.38379950014442, 19.963500099733594 ] ], [ [ -99.38379950014442, 19.963500099733594 ], [ -99.383985850086759, 19.963433949037054 ] ], [ [ -99.383985850086759, 19.963433949037054 ], [ -99.384080499992876, 19.963373999317923 ] ], [ [ -99.384080499992876, 19.963373999317923 ], [ -99.384171950465074, 19.963284099031974 ] ], [ [ -99.384171950465074, 19.963284099031974 ], [ -99.38429179982009, 19.96317029930049 ] ], [ [ -99.38429179982009, 19.96317029930049 ], [ -99.384398949547375, 19.963010099715433 ] ], [ [ -99.384398949547375, 19.963010099715433 ], [ -99.384510199762133, 19.962889049679184 ] ], [ [ -99.384510199762133, 19.962889049679184 ], [ -99.384606000065659, 19.962765699518602 ] ], [ [ -99.384606000065659, 19.962765699518602 ], [ -99.384725650009742, 19.96257419982155 ] ], [ [ -99.384725650009742, 19.96257419982155 ], [ -99.384814999660179, 19.962412599683056 ] ], [ [ -99.384814999660179, 19.962412599683056 ], [ -99.384910699545074, 19.962254599654059 ] ], [ [ -99.384910699545074, 19.962254599654059 ], [ -99.385016350421495, 19.962010499765206 ] ], [ [ -99.385016350421495, 19.962010499765206 ], [ -99.385162300063925, 19.961728049357617 ] ], [ [ -99.385162300063925, 19.961728049357617 ], [ -99.385298099729141, 19.961421699361825 ] ], [ [ -99.385298099729141, 19.961421699361825 ], [ -99.385393400265372, 19.961091549508559 ] ], [ [ -99.385393400265372, 19.961091549508559 ], [ -99.385428450127748, 19.960943249529134 ] ], [ [ -99.385428450127748, 19.960943249529134 ], [ -99.385508949783301, 19.960775699527179 ] ], [ [ -99.385508949783301, 19.960775699527179 ], [ -99.385650349907181, 19.960689298952079 ] ], [ [ -99.385650349907181, 19.960689298952079 ], [ -99.385812100401779, 19.96064114916237 ] ], [ [ -99.385812100401779, 19.96064114916237 ], [ -99.385994100237085, 19.96061684970196 ] ], [ [ -99.385994100237085, 19.96061684970196 ], [ -99.386150850390578, 19.960602149762156 ] ], [ [ -99.386150850390578, 19.960602149762156 ], [ -99.386348049584825, 19.96058739963717 ] ], [ [ -99.386348049584825, 19.96058739963717 ], [ -99.386644549659636, 19.960525799726227 ] ], [ [ -99.386644549659636, 19.960525799726227 ], [ -99.386711949900203, 19.960500499358481 ] ], [ [ -99.386711949900203, 19.960500499358481 ], [ -99.386939399750972, 19.960437849623041 ] ], [ [ -99.386939399750972, 19.960437849623041 ], [ -99.387166800050409, 19.960379949588617 ] ], [ [ -99.387166800050409, 19.960379949588617 ], [ -99.387409350284074, 19.960283798988719 ] ], [ [ -99.387409350284074, 19.960283798988719 ], [ -99.387692249564552, 19.960163649266125 ] ], [ [ -99.387692249564552, 19.960163649266125 ], [ -99.387965099835213, 19.960057849720748 ] ], [ [ -99.387965099835213, 19.960057849720748 ], [ -99.388227800239036, 19.959947299014946 ] ], [ [ -99.388227800239036, 19.959947299014946 ], [ -99.388455199740363, 19.959870299252557 ] ], [ [ -99.388455199740363, 19.959870299252557 ], [ -99.388788899723295, 19.959826499713778 ] ], [ [ -99.388788899723295, 19.959826499713778 ], [ -99.389051799964491, 19.959806799035913 ] ], [ [ -99.389051799964491, 19.959806799035913 ], [ -99.389309700317796, 19.959801449449682 ] ], [ [ -99.389309700317796, 19.959801449449682 ], [ -99.389496849606786, 19.959801049643609 ] ], [ [ -99.389496849606786, 19.959801049643609 ], [ -99.389754849745003, 19.959833949262986 ] ], [ [ -99.389754849745003, 19.959833949262986 ], [ -99.3900280499102, 19.959885949449351 ] ], [ [ -99.3900280499102, 19.959885949449351 ], [ -99.390250699839953, 19.95993329946343 ] ], [ [ -99.390250699839953, 19.95993329946343 ], [ -99.390508800083836, 19.960009249424118 ] ], [ [ -99.390508800083836, 19.960009249424118 ], [ -99.390731499761984, 19.960063749487841 ] ], [ [ -99.390731499761984, 19.960063749487841 ], [ -99.390898699994125, 19.960206799701588 ] ], [ [ -99.390898699994125, 19.960206799701588 ], [ -99.390987099657337, 19.960381249026177 ] ], [ [ -99.390987099657337, 19.960381249026177 ], [ -99.391072650013669, 19.96048999912998 ] ], [ [ -99.391072650013669, 19.96048999912998 ], [ -99.391156600036126, 19.960599899415246 ] ], [ [ -99.391156600036126, 19.960599899415246 ], [ -99.391212650215579, 19.960724649536139 ] ], [ [ -99.391212650215579, 19.960724649536139 ], [ -99.391264749759429, 19.960850899308237 ] ], [ [ -99.391264749759429, 19.960850899308237 ], [ -99.391291349965741, 19.960984099745087 ] ], [ [ -99.391291349965741, 19.960984099745087 ], [ -99.39134589985288, 19.961185699606922 ] ], [ [ -99.39134589985288, 19.961185699606922 ], [ -99.391396850265835, 19.96133864974961 ] ], [ [ -99.391396850265835, 19.96133864974961 ], [ -99.391488550071841, 19.961606199735407 ] ], [ [ -99.391488550071841, 19.961606199735407 ], [ -99.391605400031537, 19.961830699814779 ] ], [ [ -99.391605400031537, 19.961830699814779 ], [ -99.391651150390629, 19.961926249708178 ] ], [ [ -99.391651150390629, 19.961926249708178 ], [ -99.391685800386966, 19.96195884976283 ] ], [ [ -99.391685800386966, 19.96195884976283 ], [ -99.391732250045763, 19.962002548960605 ] ], [ [ -99.391732250045763, 19.962002548960605 ], [ -99.391863949671219, 19.962088349714772 ] ], [ [ -99.391863949671219, 19.962088349714772 ], [ -99.391979850072886, 19.962216499819519 ] ], [ [ -99.391979850072886, 19.962216499819519 ], [ -99.392114999596814, 19.962261699653236 ] ], [ [ -99.392114999596814, 19.962261699653236 ], [ -99.392251049751977, 19.962304499512182 ] ], [ [ -99.392251049751977, 19.962304499512182 ], [ -99.392385550189189, 19.962351299078655 ] ], [ [ -99.392385550189189, 19.962351299078655 ], [ -99.392521700248096, 19.962393849268594 ] ], [ [ -99.392521700248096, 19.962393849268594 ], [ -99.392662299593781, 19.962420099745803 ] ], [ [ -99.392662299593781, 19.962420099745803 ], [ -99.392805700265058, 19.962421699037289 ] ], [ [ -99.392805700265058, 19.962421699037289 ], [ -99.392948749605281, 19.96243034958923 ] ], [ [ -99.392948749605281, 19.96243034958923 ], [ -99.393092050463238, 19.962433599733728 ] ], [ [ -99.393092050463238, 19.962433599733728 ], [ -99.393235400329473, 19.962434799722054 ] ], [ [ -99.393235400329473, 19.962434799722054 ], [ -99.393378150354778, 19.962447299838747 ] ], [ [ -99.393378150354778, 19.962447299838747 ], [ -99.393520699915896, 19.962461649587077 ] ], [ [ -99.393520699915896, 19.962461649587077 ], [ -99.393656349822507, 19.962505449509273 ] ], [ [ -99.393656349822507, 19.962505449509273 ], [ -99.39379250041749, 19.962547999471184 ] ], [ [ -99.39379250041749, 19.962547999471184 ], [ -99.393918100231531, 19.962613299244751 ] ], [ [ -99.393918100231531, 19.962613299244751 ], [ -99.394036400479919, 19.962689899215562 ] ], [ [ -99.394036400479919, 19.962689899215562 ], [ -99.394153699705143, 19.962767849140928 ] ], [ [ -99.394153699705143, 19.962767849140928 ], [ -99.394276549554576, 19.962837649180713 ] ], [ [ -99.394276549554576, 19.962837649180713 ], [ -99.394406849812739, 19.96289424922465 ] ], [ [ -99.394406849812739, 19.96289424922465 ], [ -99.394540549804432, 19.962943099409515 ] ], [ [ -99.394540549804432, 19.962943099409515 ], [ -99.394663400012575, 19.963012949014008 ] ], [ [ -99.394663400012575, 19.963012949014008 ], [ -99.394772599571624, 19.963100749820679 ] ], [ [ -99.394772599571624, 19.963100749820679 ], [ -99.39488545002466, 19.963184399108815 ] ], [ [ -99.39488545002466, 19.963184399108815 ], [ -99.394998699522915, 19.963267499388852 ] ], [ [ -99.394998699522915, 19.963267499388852 ], [ -99.39511914996487, 19.963340949471537 ] ], [ [ -99.39511914996487, 19.963340949471537 ], [ -99.395233000049814, 19.963423349078091 ] ], [ [ -99.395233000049814, 19.963423349078091 ], [ -99.395344249588376, 19.963508849146365 ] ], [ [ -99.395344249588376, 19.963508849146365 ], [ -99.395471550294758, 19.963571199404512 ] ], [ [ -99.395471550294758, 19.963571199404512 ], [ -99.395599699809452, 19.963631949371639 ] ], [ [ -99.395599699809452, 19.963631949371639 ], [ -99.395675500163037, 19.963697748943872 ] ], [ [ -99.395675500163037, 19.963697748943872 ], [ -99.395781849706012, 19.963764449290107 ] ], [ [ -99.395781849706012, 19.963764449290107 ], [ -99.395903400234531, 19.963826349583108 ] ], [ [ -99.395903400234531, 19.963826349583108 ], [ -99.396054150226007, 19.963876049695688 ] ], [ [ -99.396054150226007, 19.963876049695688 ], [ -99.396190750363743, 19.963894849840749 ] ], [ [ -99.396190750363743, 19.963894849840749 ], [ -99.396256899543033, 19.963887349517758 ] ], [ [ -99.396256899543033, 19.963887349517758 ], [ -99.396362700044961, 19.963875349192499 ] ], [ [ -99.396362700044961, 19.963875349192499 ], [ -99.396473949661726, 19.963879899119089 ] ], [ [ -99.396473949661726, 19.963879899119089 ], [ -99.396650900004474, 19.96386034980015 ] ], [ [ -99.396650900004474, 19.96386034980015 ], [ -99.396857099670171, 19.963864499189764 ] ], [ [ -99.396857099670171, 19.963864499189764 ], [ -99.396996000049626, 19.963898199151643 ] ], [ [ -99.396996000049626, 19.963898199151643 ], [ -99.397139100077965, 19.963905549172143 ] ], [ [ -99.397139100077965, 19.963905549172143 ], [ -99.397282399615491, 19.963910349326593 ] ], [ [ -99.397282399615491, 19.963910349326593 ], [ -99.397425750037797, 19.963911649604512 ] ], [ [ -99.397425750037797, 19.963911649604512 ], [ -99.397569099529278, 19.963912199016473 ] ], [ [ -99.397569099529278, 19.963912199016473 ], [ -99.39771249982482, 19.963912199728711 ] ], [ [ -99.39771249982482, 19.963912199728711 ], [ -99.397847250359106, 19.963865949154101 ] ], [ [ -99.397847250359106, 19.963865949154101 ], [ -99.397967850386863, 19.963792699260285 ] ], [ [ -99.397967850386863, 19.963792699260285 ], [ -99.398097399666426, 19.963734699595157 ] ], [ [ -99.398097399666426, 19.963734699595157 ], [ -99.398222699966468, 19.96366884960954 ] ], [ [ -99.398222699966468, 19.96366884960954 ], [ -99.398351100274738, 19.963608499006835 ] ], [ [ -99.398351100274738, 19.963608499006835 ], [ -99.398479449626024, 19.963548099373927 ] ], [ [ -99.398479449626024, 19.963548099373927 ], [ -99.39861490046016, 19.963503749634587 ] ], [ [ -99.39861490046016, 19.963503749634587 ], [ -99.398750350247084, 19.96345939975971 ] ], [ [ -99.398750350247084, 19.96345939975971 ], [ -99.39889055031685, 19.963430949720667 ] ], [ [ -99.39889055031685, 19.963430949720667 ], [ -99.399025349810216, 19.963384899347311 ] ], [ [ -99.399025349810216, 19.963384899347311 ], [ -99.399160200032611, 19.963338798954769 ] ], [ [ -99.399160200032611, 19.963338798954769 ], [ -99.39927419964306, 19.963256599500387 ] ], [ [ -99.39927419964306, 19.963256599500387 ], [ -99.399385250475746, 19.963170899569523 ] ], [ [ -99.399385250475746, 19.963170899569523 ], [ -99.399496749937725, 19.963085699574787 ] ], [ [ -99.399496749937725, 19.963085699574787 ], [ -99.399608300085092, 19.96300054933609 ] ], [ [ -99.399608300085092, 19.96300054933609 ], [ -99.399721200224391, 19.962916999756075 ] ], [ [ -99.399721200224391, 19.962916999756075 ], [ -99.399819549727184, 19.962818399443297 ] ], [ [ -99.399819549727184, 19.962818399443297 ], [ -99.399905649965106, 19.962709999357344 ] ], [ [ -99.399905649965106, 19.962709999357344 ], [ -99.399985700299652, 19.962597599612266 ] ], [ [ -99.399985700299652, 19.962597599612266 ], [ -99.400049300430638, 19.962476099684309 ] ], [ [ -99.400049300430638, 19.962476099684309 ], [ -99.40010969961898, 19.962353149528067 ] ], [ [ -99.40010969961898, 19.962353149528067 ], [ -99.400188199985067, 19.962239749400524 ] ], [ [ -99.400188199985067, 19.962239749400524 ], [ -99.400299849677268, 19.962154699273878 ] ], [ [ -99.400299849677268, 19.962154699273878 ], [ -99.400411500190813, 19.962069698954661 ] ], [ [ -99.400411500190813, 19.962069698954661 ], [ -99.400531950470523, 19.961996199835248 ] ], [ [ -99.400531950470523, 19.961996199835248 ], [ -99.400652399678492, 19.961922699702605 ] ], [ [ -99.400652399678492, 19.961922699702605 ], [ -99.400725349893278, 19.961893649435822 ] ], [ [ -99.400725349893278, 19.961893649435822 ], [ -99.400784550425428, 19.961870099016444 ] ], [ [ -99.400784550425428, 19.961870099016444 ], [ -99.400916700093802, 19.961817499107685 ] ], [ [ -99.400916700093802, 19.961817499107685 ], [ -99.401017899710482, 19.961721549099721 ] ], [ [ -99.401017899710482, 19.961721549099721 ], [ -99.40109489954726, 19.961639749813575 ] ], [ [ -99.40109489954726, 19.961639749813575 ], [ -99.401113199967227, 19.961620299172839 ] ], [ [ -99.401113199967227, 19.961620299172839 ], [ -99.401193899749813, 19.961508249154335 ] ], [ [ -99.401193899749813, 19.961508249154335 ], [ -99.401281150255457, 19.961447799515248 ] ], [ [ -99.401281150255457, 19.961447799515248 ], [ -99.401309549735359, 19.961428099393917 ] ], [ [ -99.401309549735359, 19.961428099393917 ], [ -99.401434500117801, 19.961361649828117 ] ], [ [ -99.401434500117801, 19.961361649828117 ], [ -99.401568750049478, 19.96131419982791 ] ], [ [ -99.401568750049478, 19.96131419982791 ], [ -99.401704700084821, 19.961271249564728 ] ], [ [ -99.401704700084821, 19.961271249564728 ], [ -99.401751599557343, 19.961256449451366 ] ], [ [ -99.401751599557343, 19.961256449451366 ], [ -99.401840699897633, 19.961228299129079 ] ], [ [ -99.401840699897633, 19.961228299129079 ], [ -99.401977749651465, 19.961188599699138 ] ], [ [ -99.401977749651465, 19.961188599699138 ], [ -99.402114850164651, 19.961148899204446 ] ], [ [ -99.402114850164651, 19.961148899204446 ], [ -99.40225105013181, 19.961106599191698 ] ], [ [ -99.40225105013181, 19.961106599191698 ], [ -99.402387250010392, 19.961064249192255 ] ], [ [ -99.402387250010392, 19.961064249192255 ], [ -99.402528400026711, 19.961040699062224 ] ], [ [ -99.402528400026711, 19.961040699062224 ], [ -99.402668800047664, 19.961013298986487 ] ], [ [ -99.402668800047664, 19.961013298986487 ], [ -99.402809249863139, 19.960986199738702 ] ], [ [ -99.402809249863139, 19.960986199738702 ], [ -99.402950850459376, 19.960964849231935 ] ], [ [ -99.402950850459376, 19.960964849231935 ], [ -99.40309130017981, 19.960937899322733 ] ], [ [ -99.40309130017981, 19.960937899322733 ], [ -99.403232700229211, 19.960915599478692 ] ], [ [ -99.403232700229211, 19.960915599478692 ], [ -99.403374999838022, 19.960899099374679 ] ], [ [ -99.403374999838022, 19.960899099374679 ], [ -99.403517449975865, 19.960883649810103 ] ], [ [ -99.403517449975865, 19.960883649810103 ], [ -99.403658099925011, 19.960857499760579 ] ], [ [ -99.403658099925011, 19.960857499760579 ], [ -99.403800249793377, 19.96083969927157 ] ], [ [ -99.403800249793377, 19.96083969927157 ], [ -99.403943000052152, 19.960827449505253 ] ], [ [ -99.403943000052152, 19.960827449505253 ], [ -99.40408630001896, 19.960823649079487 ] ], [ [ -99.40408630001896, 19.960823649079487 ], [ -99.40422774964415, 19.960801699133015 ] ], [ [ -99.40422774964415, 19.960801699133015 ], [ -99.404368450184705, 19.960775649028772 ] ], [ [ -99.404368450184705, 19.960775649028772 ], [ -99.404506849945577, 19.960740248967198 ] ], [ [ -99.404506849945577, 19.960740248967198 ], [ -99.40464755036021, 19.960714299244326 ] ], [ [ -99.40464755036021, 19.960714299244326 ], [ -99.404788500071632, 19.960689499671826 ] ], [ [ -99.404788500071632, 19.960689499671826 ], [ -99.404930050139271, 19.960668049457322 ] ], [ [ -99.404930050139271, 19.960668049457322 ], [ -99.405070949891112, 19.960643099172088 ] ], [ [ -99.405070949891112, 19.960643099172088 ], [ -99.405212700302101, 19.960622849816975 ] ], [ [ -99.405212700302101, 19.960622849816975 ], [ -99.405353599950288, 19.960597849404117 ] ], [ [ -99.405353599950288, 19.960597849404117 ], [ -99.405493900113768, 19.960569998959627 ] ], [ [ -99.405493900113768, 19.960569998959627 ], [ -99.405635400045171, 19.960548349584691 ] ], [ [ -99.405635400045171, 19.960548349584691 ], [ -99.405776750323682, 19.960525799023017 ] ], [ [ -99.405776750323682, 19.960525799023017 ], [ -99.405919300477336, 19.960511199373865 ] ], [ [ -99.405919300477336, 19.960511199373865 ], [ -99.406061200255607, 19.960491899243213 ] ], [ [ -99.406061200255607, 19.960491899243213 ], [ -99.406194299698583, 19.960441649373866 ] ], [ [ -99.406194299698583, 19.960441649373866 ], [ -99.406329100318587, 19.960395499368989 ] ], [ [ -99.406329100318587, 19.960395499368989 ], [ -99.406464900149388, 19.960352049129344 ] ], [ [ -99.406464900149388, 19.960352049129344 ], [ -99.406598199723788, 19.960302199454748 ] ], [ [ -99.406598199723788, 19.960302199454748 ], [ -99.40664345011281, 19.960271799659754 ] ], [ [ -99.40664345011281, 19.960271799659754 ], [ -99.406715099735166, 19.960223699093063 ] ], [ [ -99.406715099735166, 19.960223699093063 ], [ -99.406839700094451, 19.960156648998058 ] ], [ [ -99.406839700094451, 19.960156648998058 ], [ -99.406945199834837, 19.960064899527069 ] ], [ [ -99.406945199834837, 19.960064899527069 ], [ -99.407039999626761, 19.95996324952813 ] ], [ [ -99.407039999626761, 19.95996324952813 ], [ -99.407154799928918, 19.959882049211149 ] ], [ [ -99.407154799928918, 19.959882049211149 ], [ -99.407255499754939, 19.959785549129293 ] ], [ [ -99.407255499754939, 19.959785549129293 ], [ -99.407257449992926, 19.959783099140143 ] ], [ [ -99.407257449992926, 19.959783099140143 ], [ -99.407340849839272, 19.959676649202095 ] ], [ [ -99.407340849839272, 19.959676649202095 ], [ -99.407390200258789, 19.959549399682768 ] ], [ [ -99.407390200258789, 19.959549399682768 ], [ -99.407440100053805, 19.959422299180357 ] ], [ [ -99.407440100053805, 19.959422299180357 ], [ -99.407467500166717, 19.959289249027464 ] ], [ [ -99.407467500166717, 19.959289249027464 ], [ -99.407473050032905, 19.959153799011929 ] ], [ [ -99.407473050032905, 19.959153799011929 ], [ -99.407474000045937, 19.959033699832521 ] ], [ [ -99.407474000045937, 19.959033699832521 ], [ -99.407474099849495, 19.95901829929068 ] ], [ [ -99.407474099849495, 19.95901829929068 ], [ -99.407536049888691, 19.958896049601393 ] ], [ [ -99.407536049888691, 19.958896049601393 ], [ -99.407606749858346, 19.958778099222549 ] ], [ [ -99.407606749858346, 19.958778099222549 ], [ -99.407695550168356, 19.95867169981123 ] ], [ [ -99.407695550168356, 19.95867169981123 ], [ -99.407788300168278, 19.958568348947406 ] ], [ [ -99.407788300168278, 19.958568348947406 ], [ -99.407881050009422, 19.958464998943441 ] ], [ [ -99.407881050009422, 19.958464998943441 ], [ -99.407965200096456, 19.958355249634749 ] ], [ [ -99.407965200096456, 19.958355249634749 ], [ -99.408066600155507, 19.958259499168896 ] ], [ [ -99.408066600155507, 19.958259499168896 ], [ -99.408172349783825, 19.958167949158835 ] ], [ [ -99.408172349783825, 19.958167949158835 ], [ -99.408278199947162, 19.958076499628795 ] ], [ [ -99.408278199947162, 19.958076499628795 ], [ -99.408384049990772, 19.957985098992587 ] ], [ [ -99.408384049990772, 19.957985098992587 ], [ -99.408499599597178, 19.957904899817489 ] ], [ [ -99.408499599597178, 19.957904899817489 ], [ -99.408623549613338, 19.957836749361459 ] ], [ [ -99.408623549613338, 19.957836749361459 ], [ -99.408750299730386, 19.95777344919464 ] ], [ [ -99.408750299730386, 19.95777344919464 ], [ -99.408888349938195, 19.957736999405711 ] ], [ [ -99.408888349938195, 19.957736999405711 ], [ -99.409027400425956, 19.95770404903725 ] ], [ [ -99.409027400425956, 19.95770404903725 ], [ -99.409163399948596, 19.957661049666349 ] ], [ [ -99.409163399948596, 19.957661049666349 ], [ -99.409299349546146, 19.957618099189855 ] ], [ [ -99.409299349546146, 19.957618099189855 ], [ -99.409440250037505, 19.957593199398779 ] ], [ [ -99.409440250037505, 19.957593199398779 ], [ -99.409580299669074, 19.957564299298642 ] ], [ [ -99.409580299669074, 19.957564299298642 ], [ -99.409721799575252, 19.957542499360681 ] ], [ [ -99.409721799575252, 19.957542499360681 ], [ -99.409864200288865, 19.957526898956143 ] ], [ [ -99.409864200288865, 19.957526898956143 ], [ -99.41000745033503, 19.957521499169129 ] ], [ [ -99.41000745033503, 19.957521499169129 ], [ -99.410150700369755, 19.957516099246817 ] ], [ [ -99.410150700369755, 19.957516099246817 ], [ -99.410294050437372, 19.957514899607254 ] ], [ [ -99.410294050437372, 19.957514899607254 ], [ -99.410437399600866, 19.957514399752899 ] ], [ [ -99.410437399600866, 19.957514399752899 ], [ -99.410574500151654, 19.957553899775721 ] ], [ [ -99.410574500151654, 19.957553899775721 ], [ -99.410711049579902, 19.957595249810868 ] ], [ [ -99.410711049579902, 19.957595249810868 ], [ -99.41083050040065, 19.957670199415244 ] ], [ [ -99.41083050040065, 19.957670199415244 ], [ -99.410916999588665, 19.95777829939459 ] ], [ [ -99.410916999588665, 19.95777829939459 ], [ -99.41099979979947, 19.957888949163905 ] ], [ [ -99.41099979979947, 19.957888949163905 ], [ -99.411075850026705, 19.958003849209788 ] ], [ [ -99.411075850026705, 19.958003849209788 ], [ -99.411146999797637, 19.958121499777175 ] ], [ [ -99.411146999797637, 19.958121499777175 ], [ -99.411228500249976, 19.958233049331501 ] ], [ [ -99.411228500249976, 19.958233049331501 ], [ -99.41131209967773, 19.958343149579722 ] ], [ [ -99.41131209967773, 19.958343149579722 ], [ -99.411395700199719, 19.958453249809946 ] ], [ [ -99.411395700199719, 19.958453249809946 ], [ -99.411462100435571, 19.958573399542885 ] ], [ [ -99.411462100435571, 19.958573399542885 ], [ -99.411515499839325, 19.958699199768283 ] ], [ [ -99.411515499839325, 19.958699199768283 ], [ -99.411584399987873, 19.958818049384163 ] ], [ [ -99.411584399987873, 19.958818049384163 ], [ -99.411667349994062, 19.958928598984176 ] ], [ [ -99.411667349994062, 19.958928598984176 ], [ -99.41175400020208, 19.959036549758011 ] ], [ [ -99.41175400020208, 19.959036549758011 ], [ -99.411863899656808, 19.959123599024934 ] ], [ [ -99.411863899656808, 19.959123599024934 ], [ -99.41198419997059, 19.959197299324071 ] ], [ [ -99.41198419997059, 19.959197299324071 ], [ -99.412121249932838, 19.959237149801265 ] ], [ [ -99.412121249932838, 19.959237149801265 ], [ -99.412255650310826, 19.959284299752895 ] ], [ [ -99.412255650310826, 19.959284299752895 ], [ -99.412399000220233, 19.959282349191316 ] ], [ [ -99.412399000220233, 19.959282349191316 ], [ -99.412542350176011, 19.959281099338799 ] ], [ [ -99.412542350176011, 19.959281099338799 ], [ -99.412663649743834, 19.959280749751567 ] ], [ [ -99.412663649743834, 19.959280749751567 ], [ -99.412685700202459, 19.959280699793688 ] ], [ [ -99.412685700202459, 19.959280699793688 ], [ -99.412828400456917, 19.959293649485097 ] ], [ [ -99.412828400456917, 19.959293649485097 ], [ -99.412971299993146, 19.959304699374094 ] ], [ [ -99.412971299993146, 19.959304699374094 ], [ -99.413114599588098, 19.959307999525294 ] ], [ [ -99.413114599588098, 19.959307999525294 ], [ -99.413257949677075, 19.959307949408487 ] ], [ [ -99.413257949677075, 19.959307949408487 ], [ -99.413400700179196, 19.959295749738214 ] ], [ [ -99.413400700179196, 19.959295749738214 ], [ -99.413543249991974, 19.959280999720306 ] ], [ [ -99.413543249991974, 19.959280999720306 ], [ -99.413665599941496, 19.959210348969545 ] ], [ [ -99.413665599941496, 19.959210348969545 ], [ -99.413780450189137, 19.959129249798885 ] ], [ [ -99.413780450189137, 19.959129249798885 ], [ -99.413857299756771, 19.959065299286667 ] ], [ [ -99.413857299756771, 19.959065299286667 ], [ -99.413888050296364, 19.95903969930858 ] ], [ [ -99.413888050296364, 19.95903969930858 ], [ -99.413977350197527, 19.958933649321356 ] ], [ [ -99.413977350197527, 19.958933649321356 ], [ -99.414057650209017, 19.958821349504049 ] ], [ [ -99.414057650209017, 19.958821349504049 ], [ -99.414081650157286, 19.958687699099602 ] ], [ [ -99.414081650157286, 19.958687699099602 ], [ -99.414100099981923, 19.958553299475088 ] ], [ [ -99.414100099981923, 19.958553299475088 ], [ -99.414153350239232, 19.958427449094472 ] ], [ [ -99.414153350239232, 19.958427449094472 ], [ -99.414256000218643, 19.958332799319411 ] ], [ [ -99.414256000218643, 19.958332799319411 ], [ -99.414278749726819, 19.958307899714018 ] ], [ [ -99.414278749726819, 19.958307899714018 ], [ -99.414349650145738, 19.958230199738303 ] ], [ [ -99.414349650145738, 19.958230199738303 ], [ -99.414364899780466, 19.958209599447731 ] ], [ [ -99.414364899780466, 19.958209599447731 ], [ -99.414431999660195, 19.958119249398944 ] ], [ [ -99.414431999660195, 19.958119249398944 ], [ -99.414516499949272, 19.958009749166244 ] ], [ [ -99.414516499949272, 19.958009749166244 ], [ -99.41461020027721, 19.957907149415831 ] ], [ [ -99.41461020027721, 19.957907149415831 ], [ -99.414703849642407, 19.957804549658029 ] ], [ [ -99.414703849642407, 19.957804549658029 ], [ -99.414758149801713, 19.957746099488034 ] ], [ [ -99.414758149801713, 19.957746099488034 ], [ -99.414798500018009, 19.957702699493073 ] ], [ [ -99.414798500018009, 19.957702699493073 ], [ -99.414900449920836, 19.957607449014137 ] ], [ [ -99.414900449920836, 19.957607449014137 ], [ -99.415002399654838, 19.957512149515665 ] ], [ [ -99.415002399654838, 19.957512149515665 ], [ -99.41511174972004, 19.957424499489278 ] ], [ [ -99.41511174972004, 19.957424499489278 ], [ -99.415221099643887, 19.957336849391474 ] ], [ [ -99.415221099643887, 19.957336849391474 ], [ -99.415321599948058, 19.95724019948268 ] ], [ [ -99.415321599948058, 19.95724019948268 ], [ -99.415369149700794, 19.957194499484562 ] ], [ [ -99.415369149700794, 19.957194499484562 ], [ -99.415422149979463, 19.957143599325313 ] ], [ [ -99.415422149979463, 19.957143599325313 ], [ -99.415511400420144, 19.95703749977454 ] ], [ [ -99.415511400420144, 19.95703749977454 ], [ -99.415614599816664, 19.956943398967731 ] ], [ [ -99.415614599816664, 19.956943398967731 ], [ -99.415726149911151, 19.956858299288836 ] ], [ [ -99.415726149911151, 19.956858299288836 ], [ -99.415850199760087, 19.956790399544296 ] ], [ [ -99.415850199760087, 19.956790399544296 ], [ -99.41599065000284, 19.956763048972025 ] ], [ [ -99.41599065000284, 19.956763048972025 ], [ -99.416133799973537, 19.95675644946904 ] ], [ [ -99.416133799973537, 19.95675644946904 ], [ -99.416276650110888, 19.956767949648874 ] ], [ [ -99.416276650110888, 19.956767949648874 ], [ -99.416419999554464, 19.956769299168666 ] ], [ [ -99.416419999554464, 19.956769299168666 ], [ -99.416563349747236, 19.956769049232189 ] ], [ [ -99.416563349747236, 19.956769049232189 ], [ -99.416706199881204, 19.956780249811722 ] ], [ [ -99.416706199881204, 19.956780249811722 ], [ -99.416848899754171, 19.956793299079656 ] ], [ [ -99.416848899754171, 19.956793299079656 ], [ -99.416991599646323, 19.956806398985847 ] ], [ [ -99.416991599646323, 19.956806398985847 ], [ -99.417134499635353, 19.956817049672711 ] ], [ [ -99.417134499635353, 19.956817049672711 ], [ -99.417277749840892, 19.956821799353971 ] ], [ [ -99.417277749840892, 19.956821799353971 ], [ -99.417420899746546, 19.956829449383338 ] ], [ [ -99.417420899746546, 19.956829449383338 ], [ -99.417563999806319, 19.956837099335278 ] ], [ [ -99.417563999806319, 19.956837099335278 ], [ -99.41770689985421, 19.956847649751204 ] ], [ [ -99.41770689985421, 19.956847649751204 ], [ -99.417849500249403, 19.956861499675266 ] ], [ [ -99.417849500249403, 19.956861499675266 ], [ -99.417992099724501, 19.956875399315049 ] ], [ [ -99.417992099724501, 19.956875399315049 ], [ -99.418135449583673, 19.956879099072435 ] ], [ [ -99.418135449583673, 19.956879099072435 ], [ -99.418278549728271, 19.956886799122994 ] ], [ [ -99.418278549728271, 19.956886799122994 ], [ -99.41842124979226, 19.956899649261718 ] ], [ [ -99.41842124979226, 19.956899649261718 ], [ -99.418558199526572, 19.956939749625111 ] ], [ [ -99.418558199526572, 19.956939749625111 ], [ -99.418690650080862, 19.956991599651079 ] ], [ [ -99.418690650080862, 19.956991599651079 ], [ -99.418824299885287, 19.957040649379543 ] ], [ [ -99.418824299885287, 19.957040649379543 ], [ -99.418965849790609, 19.957062098965629 ] ], [ [ -99.418965849790609, 19.957062098965629 ], [ -99.419108649629536, 19.957073749746922 ] ], [ [ -99.419108649629536, 19.957073749746922 ], [ -99.419250200095746, 19.957085299348382 ] ], [ [ -99.419250200095746, 19.957085299348382 ], [ -99.419251500321195, 19.957085349579689 ] ], [ [ -99.419251500321195, 19.957085349579689 ], [ -99.419394800454114, 19.957088349175454 ] ], [ [ -99.419394800454114, 19.957088349175454 ], [ -99.419538150136589, 19.957089299539692 ] ], [ [ -99.419538150136589, 19.957089299539692 ], [ -99.419681499828258, 19.957090198996141 ] ], [ [ -99.419681499828258, 19.957090198996141 ], [ -99.419824850315223, 19.957090099200649 ] ], [ [ -99.419824850315223, 19.957090099200649 ], [ -99.419968199833292, 19.957089949387399 ] ], [ [ -99.419968199833292, 19.957089949387399 ], [ -99.420111550296596, 19.9570896489506 ] ], [ [ -99.420111550296596, 19.9570896489506 ], [ -99.420254699614219, 19.957097199278252 ] ], [ [ -99.420254699614219, 19.957097199278252 ], [ -99.420397499658193, 19.957109299453293 ] ], [ [ -99.420397499658193, 19.957109299453293 ], [ -99.420540249855179, 19.957121349686574 ] ], [ [ -99.420540249855179, 19.957121349686574 ], [ -99.420654700341785, 19.957202999022424 ] ], [ [ -99.420654700341785, 19.957202999022424 ], [ -99.420711050258063, 19.957327649108137 ] ], [ [ -99.420711050258063, 19.957327649108137 ], [ -99.420715749613294, 19.957463099371843 ] ], [ [ -99.420715749613294, 19.957463099371843 ], [ -99.420750600034992, 19.957594598970513 ] ], [ [ -99.420750600034992, 19.957594598970513 ], [ -99.420785949985259, 19.957633249599382 ] ], [ [ -99.420785949985259, 19.957633249599382 ], [ -99.420844450087003, 19.957697098998167 ] ], [ [ -99.420844450087003, 19.957697098998167 ], [ -99.420967900112984, 19.957765899786541 ] ], [ [ -99.420967900112984, 19.957765899786541 ], [ -99.421090500016916, 19.957836249089283 ] ], [ [ -99.421090500016916, 19.957836249089283 ], [ -99.421232099917432, 19.9578573991183 ] ], [ [ -99.421232099917432, 19.9578573991183 ], [ -99.421368500294122, 19.957899049771179 ] ], [ [ -99.421368500294122, 19.957899049771179 ], [ -99.421500149576659, 19.957952648985465 ] ], [ [ -99.421500149576659, 19.957952648985465 ], [ -99.421629999762089, 19.958010149650853 ] ], [ [ -99.421629999762089, 19.958010149650853 ], [ -99.421752399847207, 19.958080699025228 ] ], [ [ -99.421752399847207, 19.958080699025228 ], [ -99.421850999603024, 19.958179099536451 ] ], [ [ -99.421850999603024, 19.958179099536451 ], [ -99.421923549943571, 19.958295998968413 ] ], [ [ -99.421923549943571, 19.958295998968413 ], [ -99.422008900064597, 19.958404898957774 ] ], [ [ -99.422008900064597, 19.958404898957774 ], [ -99.422091900378788, 19.958515399101667 ] ], [ [ -99.422091900378788, 19.958515399101667 ], [ -99.422169349524523, 19.958629499465971 ] ], [ [ -99.422169349524523, 19.958629499465971 ], [ -99.422206599696437, 19.958760399540036 ] ], [ [ -99.422206599696437, 19.958760399540036 ], [ -99.422222349641075, 19.958895099354557 ] ], [ [ -99.422222349641075, 19.958895099354557 ], [ -99.422226400453781, 19.959030599471667 ] ], [ [ -99.422226400453781, 19.959030599471667 ], [ -99.422228450110481, 19.959166149005593 ] ], [ [ -99.422228450110481, 19.959166149005593 ], [ -99.422229600320748, 19.959301699589439 ] ], [ [ -99.422229600320748, 19.959301699589439 ], [ -99.422222999875288, 19.9594370994173 ] ], [ [ -99.422222999875288, 19.9594370994173 ], [ -99.422241599661277, 19.959571499598173 ] ], [ [ -99.422241599661277, 19.959571499598173 ], [ -99.42225825010766, 19.959706099671948 ] ], [ [ -99.42225825010766, 19.959706099671948 ], [ -99.422311700181126, 19.959831899636399 ] ], [ [ -99.422311700181126, 19.959831899636399 ], [ -99.422389699647297, 19.959945599562232 ] ], [ [ -99.422389699647297, 19.959945599562232 ], [ -99.422461950327289, 19.960062699628729 ] ], [ [ -99.422461950327289, 19.960062699628729 ], [ -99.422515900266873, 19.96018824965747 ] ], [ [ -99.422515900266873, 19.96018824965747 ], [ -99.422622700220813, 19.960278649249648 ] ], [ [ -99.422622700220813, 19.960278649249648 ], [ -99.422745799777019, 19.960348199806646 ] ], [ [ -99.422745799777019, 19.960348199806646 ], [ -99.422877849747252, 19.960400898963137 ] ], [ [ -99.422877849747252, 19.960400898963137 ], [ -99.423011449706209, 19.960450049404905 ] ], [ [ -99.423011449706209, 19.960450049404905 ], [ -99.423143750053612, 19.960502299258827 ] ], [ [ -99.423143750053612, 19.960502299258827 ], [ -99.423280999897997, 19.960541349698143 ] ], [ [ -99.423280999897997, 19.960541349698143 ], [ -99.423431350141655, 19.960541849506708 ] ], [ [ -99.423431350141655, 19.960541849506708 ], [ -99.423564800416784, 19.960572199259776 ] ], [ [ -99.423564800416784, 19.960572199259776 ], [ -99.423719900196446, 19.96060584967222 ] ], [ [ -99.423719900196446, 19.96060584967222 ], [ -99.423842599740283, 19.960680499734398 ] ], [ [ -99.423842599740283, 19.960680499734398 ], [ -99.423936649670893, 19.960792649179417 ] ], [ [ -99.423936649670893, 19.960792649179417 ], [ -99.424027049588318, 19.960901399187627 ] ], [ [ -99.424027049588318, 19.960901399187627 ], [ -99.424113849536553, 19.961023749478127 ] ], [ [ -99.424113849536553, 19.961023749478127 ], [ -99.424157850066706, 19.961181599138868 ] ], [ [ -99.424157850066706, 19.961181599138868 ], [ -99.424230299712647, 19.961321049067905 ] ], [ [ -99.424230299712647, 19.961321049067905 ], [ -99.424255899526756, 19.961443549472719 ] ], [ [ -99.424255899526756, 19.961443549472719 ], [ -99.424278699631145, 19.961509199507589 ] ], [ [ -99.424278699631145, 19.961509199507589 ], [ -99.424306749573248, 19.961589849544517 ] ], [ [ -99.424306749573248, 19.961589849544517 ], [ -99.424334500037702, 19.961726549346782 ] ], [ [ -99.424334500037702, 19.961726549346782 ], [ -99.424367900465228, 19.961858399305626 ] ], [ [ -99.424367900465228, 19.961858399305626 ], [ -99.424390649847624, 19.961992249810216 ] ], [ [ -99.424390649847624, 19.961992249810216 ], [ -99.424409550346198, 19.962126599813239 ] ], [ [ -99.424409550346198, 19.962126599813239 ], [ -99.424436049976919, 19.96225979958534 ] ], [ [ -99.424436049976919, 19.96225979958534 ], [ -99.42453344955949, 19.962359299815166 ] ], [ [ -99.42453344955949, 19.962359299815166 ], [ -99.424623349861292, 19.96246484969398 ] ], [ [ -99.424623349861292, 19.96246484969398 ], [ -99.424752699525143, 19.962523249622684 ] ], [ [ -99.424752699525143, 19.962523249622684 ], [ -99.424816250468098, 19.962551899163319 ] ], [ [ -99.424816250468098, 19.962551899163319 ], [ -99.424950150350512, 19.962600349478684 ] ], [ [ -99.424950150350512, 19.962600349478684 ], [ -99.425092749733622, 19.962614149017526 ] ], [ [ -99.425092749733622, 19.962614149017526 ], [ -99.425138999952424, 19.962605699016436 ] ], [ [ -99.425138999952424, 19.962605699016436 ], [ -99.425233499590405, 19.962588349663953 ] ], [ [ -99.425233499590405, 19.962588349663953 ], [ -99.425262049834771, 19.962455499754668 ] ], [ [ -99.425262049834771, 19.962455499754668 ], [ -99.425279699869037, 19.962320999660857 ] ], [ [ -99.425279699869037, 19.962320999660857 ], [ -99.425281499996146, 19.962185448978378 ] ], [ [ -99.425281499996146, 19.962185448978378 ], [ -99.425281550104714, 19.962049899431431 ] ], [ [ -99.425281550104714, 19.962049899431431 ], [ -99.425281200360416, 19.961914349460777 ] ], [ [ -99.425281200360416, 19.961914349460777 ], [ -99.425280849670173, 19.961778849357749 ] ], [ [ -99.425280849670173, 19.961778849357749 ], [ -99.425280499927268, 19.961643299422366 ] ], [ [ -99.425280499927268, 19.961643299422366 ], [ -99.425280150185074, 19.961507749504641 ] ], [ [ -99.425280150185074, 19.961507749504641 ], [ -99.425279749621268, 19.961372199648462 ] ], [ [ -99.425279749621268, 19.961372199648462 ], [ -99.425279399880452, 19.961236649765976 ] ], [ [ -99.425279399880452, 19.961236649765976 ], [ -99.425322099892512, 19.961107249787954 ] ], [ [ -99.425322099892512, 19.961107249787954 ], [ -99.425434099880292, 19.961022599105611 ] ], [ [ -99.425434099880292, 19.961022599105611 ], [ -99.425577249770299, 19.96101539945472 ] ], [ [ -99.425577249770299, 19.96101539945472 ], [ -99.425720199721823, 19.961025649369276 ] ], [ [ -99.425720199721823, 19.961025649369276 ], [ -99.425858849902241, 19.961060099118953 ] ], [ [ -99.425858849902241, 19.961060099118953 ], [ -99.425998550278081, 19.961090399582169 ] ], [ [ -99.425998550278081, 19.961090399582169 ], [ -99.426134349643817, 19.961133849107135 ] ], [ [ -99.426134349643817, 19.961133849107135 ], [ -99.42626895012917, 19.961180499509105 ] ], [ [ -99.42626895012917, 19.961180499509105 ], [ -99.426402299971215, 19.961230249274443 ] ], [ [ -99.426402299971215, 19.961230249274443 ], [ -99.42653799993171, 19.961274049441052 ] ], [ [ -99.42653799993171, 19.961274049441052 ], [ -99.426676549903576, 19.961308699833907 ] ], [ [ -99.426676549903576, 19.961308699833907 ], [ -99.42681284997191, 19.961350799080272 ] ], [ [ -99.42681284997191, 19.961350799080272 ], [ -99.426949050426174, 19.961393149470997 ] ], [ [ -99.426949050426174, 19.961393149470997 ], [ -99.427087299751932, 19.96142889960004 ] ], [ [ -99.427087299751932, 19.96142889960004 ], [ -99.427226950006215, 19.961459449224552 ] ], [ [ -99.427226950006215, 19.961459449224552 ], [ -99.427368850472774, 19.961478849679985 ] ], [ [ -99.427368850472774, 19.961478849679985 ], [ -99.427510299893498, 19.961500848983466 ] ], [ [ -99.427510299893498, 19.961500848983466 ], [ -99.427653149996573, 19.961512199681536 ] ], [ [ -99.427653149996573, 19.961512199681536 ], [ -99.427796249806434, 19.961520649558903 ] ], [ [ -99.427796249806434, 19.961520649558903 ], [ -99.427939599544999, 19.961522799571274 ] ], [ [ -99.427939599544999, 19.961522799571274 ], [ -99.428082949741807, 19.961522549541645 ] ], [ [ -99.428082949741807, 19.961522549541645 ], [ -99.428214850134381, 19.9614694993261 ] ], [ [ -99.428214850134381, 19.9614694993261 ], [ -99.428284050029063, 19.961447749775587 ] ], [ [ -99.428284050029063, 19.961447749775587 ], [ -99.428350899826569, 19.961426749135629 ] ], [ [ -99.428350899826569, 19.961426749135629 ], [ -99.428488300414585, 19.961388049088782 ] ], [ [ -99.428488300414585, 19.961388049088782 ], [ -99.428621100373249, 19.961336999356476 ] ], [ [ -99.428621100373249, 19.961336999356476 ], [ -99.428751949875135, 19.961281598958685 ] ], [ [ -99.428751949875135, 19.961281598958685 ], [ -99.428882800224883, 19.961226249239733 ] ], [ [ -99.428882800224883, 19.961226249239733 ], [ -99.429008900052239, 19.96116179949011 ] ], [ [ -99.429008900052239, 19.96116179949011 ], [ -99.429130050131278, 19.961089298971832 ] ], [ [ -99.429130050131278, 19.961089298971832 ], [ -99.429240550454992, 19.961002949137441 ] ], [ [ -99.429240550454992, 19.961002949137441 ], [ -99.429327100424615, 19.960894899618435 ] ], [ [ -99.429327100424615, 19.960894899618435 ], [ -99.429433249894302, 19.960803799400374 ] ], [ [ -99.429433249894302, 19.960803799400374 ], [ -99.429537599937348, 19.960710848967935 ] ], [ [ -99.429537599937348, 19.960710848967935 ], [ -99.429619050291777, 19.960599299340529 ] ], [ [ -99.429619050291777, 19.960599299340529 ], [ -99.429676500018999, 19.960485649312961 ] ], [ [ -99.429676500018999, 19.960485649312961 ], [ -99.429680849543345, 19.960476999207081 ] ], [ [ -99.429680849543345, 19.960476999207081 ], [ -99.429750100032862, 19.960358299634329 ] ], [ [ -99.429750100032862, 19.960358299634329 ], [ -99.429744300119211, 19.9603298493927 ] ], [ [ -99.429744300119211, 19.9603298493927 ], [ -99.429723149708011, 19.960225149690611 ] ], [ [ -99.429723149708011, 19.960225149690611 ], [ -99.429801750382126, 19.960111799171056 ] ], [ [ -99.429801750382126, 19.960111799171056 ], [ -99.429891300183456, 19.960005999816147 ] ], [ [ -99.429891300183456, 19.960005999816147 ], [ -99.429989300135759, 19.959907049215442 ] ], [ [ -99.429989300135759, 19.959907049215442 ], [ -99.43011140008322, 19.95983599935558 ] ], [ [ -99.43011140008322, 19.95983599935558 ], [ -99.430238250071397, 19.959772849766203 ] ], [ [ -99.430238250071397, 19.959772849766203 ], [ -99.430366100475638, 19.959711499505421 ] ], [ [ -99.430366100475638, 19.959711499505421 ], [ -99.430494100430366, 19.959650549696551 ] ], [ [ -99.430494100430366, 19.959650549696551 ], [ -99.43062220001012, 19.959589649525537 ] ], [ [ -99.43062220001012, 19.959589649525537 ], [ -99.430757799905166, 19.959545699243538 ] ], [ [ -99.430757799905166, 19.959545699243538 ], [ -99.430883500097892, 19.959480499669631 ] ], [ [ -99.430883500097892, 19.959480499669631 ], [ -99.431014699899322, 19.959425899439125 ] ], [ [ -99.431014699899322, 19.959425899439125 ], [ -99.431150599800787, 19.959382699167659 ] ], [ [ -99.431150599800787, 19.959382699167659 ], [ -99.43129129996656, 19.959356799215929 ] ], [ [ -99.43129129996656, 19.959356799215929 ], [ -99.431422349809708, 19.959301899629086 ] ], [ [ -99.431422349809708, 19.959301899629086 ], [ -99.431555250201029, 19.959251099420399 ] ], [ [ -99.431555250201029, 19.959251099420399 ], [ -99.431696249620813, 19.959226449000969 ] ], [ [ -99.431696249620813, 19.959226449000969 ], [ -99.431837399770515, 19.959202849093852 ] ], [ [ -99.431837399770515, 19.959202849093852 ], [ -99.431980699541754, 19.959198799324 ] ], [ [ -99.431980699541754, 19.959198799324 ], [ -99.432123000072309, 19.959182399314635 ] ], [ [ -99.432123000072309, 19.959182399314635 ], [ -99.432259099922049, 19.959139899577458 ] ], [ [ -99.432259099922049, 19.959139899577458 ], [ -99.432393900461477, 19.959093649572591 ] ], [ [ -99.432393900461477, 19.959093649572591 ], [ -99.432532850267506, 19.959060449319026 ] ], [ [ -99.432532850267506, 19.959060449319026 ], [ -99.432674550272466, 19.959039949632714 ] ], [ [ -99.432674550272466, 19.959039949632714 ], [ -99.432815949628335, 19.959017449185758 ] ], [ [ -99.432815949628335, 19.959017449185758 ], [ -99.432959099936042, 19.959010999685837 ] ], [ [ -99.432959099936042, 19.959010999685837 ], [ -99.433063300029488, 19.959009949067635 ] ], [ [ -99.433063300029488, 19.959009949067635 ], [ -99.433102499832785, 19.959009549019228 ] ], [ [ -99.433102499832785, 19.959009549019228 ], [ -99.433245849961352, 19.9590085996598 ] ], [ [ -99.433245849961352, 19.9590085996598 ], [ -99.433389200220546, 19.959008149732178 ] ], [ [ -99.433389200220546, 19.959008149732178 ], [ -99.433532549535229, 19.959007749518978 ] ], [ [ -99.433532549535229, 19.959007749518978 ], [ -99.4336609996503, 19.959067949702252 ] ], [ [ -99.4336609996503, 19.959067949702252 ], [ -99.433794449658834, 19.959117398983693 ] ], [ [ -99.433794449658834, 19.959117398983693 ], [ -99.433930449669546, 19.95916029902839 ] ], [ [ -99.433930449669546, 19.95916029902839 ], [ -99.434068299924135, 19.959197549175062 ] ], [ [ -99.434068299924135, 19.959197549175062 ], [ -99.434209700043425, 19.959219849632323 ] ], [ [ -99.434209700043425, 19.959219849632323 ], [ -99.434348900232791, 19.959252149376635 ] ], [ [ -99.434348900232791, 19.959252149376635 ], [ -99.43448575043405, 19.959292549160722 ] ], [ [ -99.43448575043405, 19.959292549160722 ], [ -99.434623599986068, 19.959329699059079 ] ], [ [ -99.434623599986068, 19.959329699059079 ], [ -99.434759849587394, 19.959371899020788 ] ], [ [ -99.434759849587394, 19.959371899020788 ], [ -99.43489939969399, 19.95940289950628 ] ], [ [ -99.43489939969399, 19.95940289950628 ], [ -99.435037149821866, 19.959440349262373 ] ], [ [ -99.435037149821866, 19.959440349262373 ], [ -99.435166849768819, 19.959498099594775 ] ], [ [ -99.435166849768819, 19.959498099594775 ], [ -99.435298349610449, 19.959552049650135 ] ], [ [ -99.435298349610449, 19.959552049650135 ], [ -99.435409150004759, 19.959638099554848 ] ], [ [ -99.435409150004759, 19.959638099554848 ], [ -99.435503099613541, 19.959740448934564 ] ], [ [ -99.435503099613541, 19.959740448934564 ], [ -99.435548200028322, 19.959777849333925 ] ], [ [ -99.435548200028322, 19.959777849333925 ], [ -99.435610899856329, 19.959829798959525 ] ], [ [ -99.435610899856329, 19.959829798959525 ], [ -99.435710349594885, 19.959927449565225 ] ], [ [ -99.435710349594885, 19.959927449565225 ], [ -99.43580714975262, 19.960027399012422 ] ], [ [ -99.43580714975262, 19.960027399012422 ], [ -99.435906050464894, 19.960125549759848 ] ], [ [ -99.435906050464894, 19.960125549759848 ], [ -99.436017749910818, 19.960210549135944 ] ], [ [ -99.436017749910818, 19.960210549135944 ], [ -99.43613930042865, 19.960282398959453 ] ], [ [ -99.43613930042865, 19.960282398959453 ], [ -99.436268149640171, 19.96034184938032 ] ], [ [ -99.436268149640171, 19.96034184938032 ], [ -99.436390499787862, 19.960412499423128 ] ], [ [ -99.436390499787862, 19.960412499423128 ], [ -99.436505800110467, 19.960492999763812 ] ], [ [ -99.436505800110467, 19.960492999763812 ], [ -99.436635700039275, 19.960550299831521 ] ], [ [ -99.436635700039275, 19.960550299831521 ], [ -99.436754699646528, 19.960625899495458 ] ], [ [ -99.436754699646528, 19.960625899495458 ], [ -99.436884949617266, 19.960682498986515 ] ], [ [ -99.436884949617266, 19.960682498986515 ], [ -99.437019800386665, 19.960728499372784 ] ], [ [ -99.437019800386665, 19.960728499372784 ], [ -99.437158249883382, 19.960763799389348 ] ], [ [ -99.437158249883382, 19.960763799389348 ], [ -99.437300100016969, 19.960783049147643 ] ], [ [ -99.437300100016969, 19.960783049147643 ], [ -99.437442400126059, 19.960799699749195 ] ], [ [ -99.437442400126059, 19.960799699749195 ], [ -99.437581549998512, 19.960832299413994 ] ], [ [ -99.437581549998512, 19.960832299413994 ], [ -99.437721350264056, 19.960862249819662 ] ], [ [ -99.437721350264056, 19.960862249819662 ], [ -99.437859849860928, 19.960897249032694 ] ], [ [ -99.437859849860928, 19.960897249032694 ], [ -99.437990899771975, 19.960952199195674 ] ], [ [ -99.437990899771975, 19.960952199195674 ], [ -99.438125899683072, 19.960997799471734 ] ], [ [ -99.438125899683072, 19.960997799471734 ], [ -99.438256600029277, 19.961053549516677 ] ], [ [ -99.438256600029277, 19.961053549516677 ], [ -99.438359300385684, 19.961148049246454 ] ], [ [ -99.438359300385684, 19.961148049246454 ], [ -99.438446850215541, 19.961255449473107 ] ], [ [ -99.438446850215541, 19.961255449473107 ], [ -99.438517549669086, 19.96137329894157 ] ], [ [ -99.438517549669086, 19.96137329894157 ], [ -99.438539100194433, 19.961407949803601 ] ], [ [ -99.438539100194433, 19.961407949803601 ], [ -99.43859025015125, 19.961490149504392 ] ], [ [ -99.43859025015125, 19.961490149504392 ], [ -99.438666400304925, 19.961604999291232 ] ], [ [ -99.438666400304925, 19.961604999291232 ], [ -99.438700599861207, 19.961736648995146 ] ], [ [ -99.438700599861207, 19.961736648995146 ], [ -99.438749649646809, 19.96186399899322 ] ], [ [ -99.438749649646809, 19.96186399899322 ], [ -99.438834650078334, 19.961973149365239 ] ], [ [ -99.438834650078334, 19.961973149365239 ], [ -99.438912600232484, 19.962086899779266 ] ], [ [ -99.438912600232484, 19.962086899779266 ], [ -99.43898394963, 19.962204498968973 ] ], [ [ -99.43898394963, 19.962204498968973 ], [ -99.439067050287022, 19.9623148991693 ] ], [ [ -99.439067050287022, 19.9623148991693 ], [ -99.439174899927181, 19.962404199589354 ] ], [ [ -99.439174899927181, 19.962404199589354 ], [ -99.439294749872687, 19.962478649370759 ] ], [ [ -99.439294749872687, 19.962478649370759 ], [ -99.439418400280999, 19.962547249118877 ] ], [ [ -99.439418400280999, 19.962547249118877 ], [ -99.439548350310872, 19.962604449678359 ] ], [ [ -99.439548350310872, 19.962604449678359 ], [ -99.43967504969585, 19.962667849353394 ] ], [ [ -99.43967504969585, 19.962667849353394 ], [ -99.439805200278158, 19.962724749352112 ] ], [ [ -99.439805200278158, 19.962724749352112 ], [ -99.439936450109755, 19.962779249748376 ] ], [ [ -99.439936450109755, 19.962779249748376 ], [ -99.440059649672421, 19.962848549470362 ] ], [ [ -99.440059649672421, 19.962848549470362 ], [ -99.440177599749106, 19.962925599428193 ] ], [ [ -99.440177599749106, 19.962925599428193 ], [ -99.440310849801094, 19.962975549220268 ] ], [ [ -99.440310849801094, 19.962975549220268 ], [ -99.440448600192042, 19.963013099280246 ] ], [ [ -99.440448600192042, 19.963013099280246 ], [ -99.440586700332361, 19.963049599771583 ] ], [ [ -99.440586700332361, 19.963049599771583 ], [ -99.440718249783089, 19.963103449042723 ] ], [ [ -99.440718249783089, 19.963103449042723 ], [ -99.440848350381074, 19.963160349125616 ] ], [ [ -99.440848350381074, 19.963160349125616 ], [ -99.440970999640228, 19.963230549114659 ] ], [ [ -99.440970999640228, 19.963230549114659 ], [ -99.441089700075992, 19.963306499479081 ] ], [ [ -99.441089700075992, 19.963306499479081 ], [ -99.441204850324709, 19.963387249527454 ] ], [ [ -99.441204850324709, 19.963387249527454 ], [ -99.441319300019714, 19.963468899768454 ] ], [ [ -99.441319300019714, 19.963468899768454 ], [ -99.441433600312877, 19.963550699724834 ] ], [ [ -99.441433600312877, 19.963550699724834 ], [ -99.441552600384497, 19.963626349253293 ] ], [ [ -99.441552600384497, 19.963626349253293 ], [ -99.441673550099154, 19.963699099456282 ] ], [ [ -99.441673550099154, 19.963699099456282 ], [ -99.441795699928264, 19.963769999379174 ] ], [ [ -99.441795699928264, 19.963769999379174 ], [ -99.441894500273307, 19.963868199161698 ] ], [ [ -99.441894500273307, 19.963868199161698 ], [ -99.441969550070681, 19.963983698941753 ] ], [ [ -99.441969550070681, 19.963983698941753 ], [ -99.442037149540724, 19.964103249096521 ] ], [ [ -99.442037149540724, 19.964103249096521 ], [ -99.442091700124166, 19.964228599354861 ] ], [ [ -99.442091700124166, 19.964228599354861 ], [ -99.442119200311481, 19.964361649681827 ] ], [ [ -99.442119200311481, 19.964361649681827 ], [ -99.442125000072707, 19.964497049483118 ] ], [ [ -99.442125000072707, 19.964497049483118 ], [ -99.442088000072175, 19.964627999324968 ] ], [ [ -99.442088000072175, 19.964627999324968 ], [ -99.442050699833544, 19.964758899685677 ] ], [ [ -99.442050699833544, 19.964758899685677 ], [ -99.442007700173718, 19.964888199789897 ] ], [ [ -99.442007700173718, 19.964888199789897 ], [ -99.441963049978995, 19.965016999694161 ] ], [ [ -99.441963049978995, 19.965016999694161 ], [ -99.441930550246624, 19.965149049082644 ] ], [ [ -99.441930550246624, 19.965149049082644 ], [ -99.441905000135861, 19.965282399787764 ] ], [ [ -99.441905000135861, 19.965282399787764 ], [ -99.441902399602426, 19.96541789921055 ] ], [ [ -99.441902399602426, 19.96541789921055 ], [ -99.441904499699845, 19.965553449825748 ] ], [ [ -99.441904499699845, 19.965553449825748 ], [ -99.442009100233179, 19.965646099034974 ] ], [ [ -99.442009100233179, 19.965646099034974 ], [ -99.44213639969621, 19.965708499596932 ] ], [ [ -99.44213639969621, 19.965708499596932 ], [ -99.442274250078853, 19.965745699758948 ] ], [ [ -99.442274250078853, 19.965745699758948 ], [ -99.442401499872261, 19.965707648980125 ] ], [ [ -99.442401499872261, 19.965707648980125 ], [ -99.44241095012957, 19.965704799144518 ] ], [ [ -99.44241095012957, 19.965704799144518 ], [ -99.44254765011874, 19.96566404982044 ] ], [ [ -99.44254765011874, 19.96566404982044 ], [ -99.442567899953957, 19.965658699278951 ] ], [ [ -99.442567899953957, 19.965658699278951 ], [ -99.442685699628669, 19.965627499189267 ] ], [ [ -99.442685699628669, 19.965627499189267 ], [ -99.442817599941563, 19.965574349055458 ] ], [ [ -99.442817599941563, 19.965574349055458 ], [ -99.442949450268756, 19.965521199782003 ] ], [ [ -99.442949450268756, 19.965521199782003 ], [ -99.443081350356351, 19.965467999557855 ] ], [ [ -99.443081350356351, 19.965467999557855 ], [ -99.443213199535194, 19.965414849138014 ] ], [ [ -99.443213199535194, 19.965414849138014 ], [ -99.44334510037605, 19.965361699478876 ] ], [ [ -99.44334510037605, 19.965361699478876 ], [ -99.443476950288101, 19.965308498984999 ] ], [ [ -99.443476950288101, 19.965308498984999 ], [ -99.443608849963482, 19.965255349085719 ] ], [ [ -99.443608849963482, 19.965255349085719 ], [ -99.443740699651556, 19.965202149274347 ] ], [ [ -99.443740699651556, 19.965202149274347 ], [ -99.443746049733164, 19.965199999097859 ] ], [ [ -99.443746049733164, 19.965199999097859 ], [ -99.443879400178815, 19.965150249809728 ] ], [ [ -99.443879400178815, 19.965150249809728 ], [ -99.444010749700169, 19.96509589895696 ] ], [ [ -99.444010749700169, 19.96509589895696 ], [ -99.444139600387871, 19.965036449467831 ] ], [ [ -99.444139600387871, 19.965036449467831 ], [ -99.444179599600915, 19.965015399128177 ] ], [ [ -99.444179599600915, 19.965015399128177 ], [ -99.444264850030763, 19.964970549086505 ] ], [ [ -99.444264850030763, 19.964970549086505 ], [ -99.444369199873236, 19.964872599774846 ] ], [ [ -99.444369199873236, 19.964872599774846 ], [ -99.444444450039128, 19.964771049359939 ] ], [ [ -99.444444450039128, 19.964771049359939 ], [ -99.444452750162753, 19.964767349526138 ] ], [ [ -99.444452750162753, 19.964767349526138 ], [ -99.444582349764616, 19.964709399221523 ] ], [ [ -99.444582349764616, 19.964709399221523 ], [ -99.444699250209837, 19.964630949355914 ] ], [ [ -99.444699250209837, 19.964630949355914 ], [ -99.444781849865777, 19.964520149624878 ] ], [ [ -99.444781849865777, 19.964520149624878 ], [ -99.444887049588743, 19.964428049561285 ] ], [ [ -99.444887049588743, 19.964428049561285 ], [ -99.445015550007, 19.964367999623505 ] ], [ [ -99.445015550007, 19.964367999623505 ], [ -99.445146800427935, 19.96431349930068 ] ], [ [ -99.445146800427935, 19.96431349930068 ], [ -99.445288100189487, 19.964290449544674 ] ], [ [ -99.445288100189487, 19.964290449544674 ], [ -99.445427600151675, 19.964259249343925 ] ], [ [ -99.445427600151675, 19.964259249343925 ], [ -99.445553300335291, 19.964194149788504 ] ], [ [ -99.445553300335291, 19.964194149788504 ], [ -99.445683899732913, 19.964138199190931 ] ], [ [ -99.445683899732913, 19.964138199190931 ], [ -99.445806899746941, 19.964068549702404 ] ], [ [ -99.445806899746941, 19.964068549702404 ], [ -99.44592655037313, 19.963993899731122 ] ], [ [ -99.44592655037313, 19.963993899731122 ], [ -99.44605620041267, 19.963936099587318 ] ], [ [ -99.44605620041267, 19.963936099587318 ], [ -99.446193349533914, 19.963896549628778 ] ], [ [ -99.446193349533914, 19.963896549628778 ], [ -99.446332249679045, 19.963862949484142 ] ], [ [ -99.446332249679045, 19.963862949484142 ], [ -99.446475600338488, 19.963863499840738 ] ], [ [ -99.446475600338488, 19.963863499840738 ], [ -99.446618799619316, 19.963869899060487 ] ], [ [ -99.446618799619316, 19.963869899060487 ], [ -99.446756949805788, 19.963833699219663 ] ], [ [ -99.446756949805788, 19.963833699219663 ], [ -99.446894549853624, 19.963795749218697 ] ], [ [ -99.446894549853624, 19.963795749218697 ], [ -99.447025349781399, 19.963740199806743 ] ], [ [ -99.447025349781399, 19.963740199806743 ], [ -99.447164249543235, 19.963706599811694 ] ], [ [ -99.447164249543235, 19.963706599811694 ], [ -99.447306699897467, 19.963721549126028 ] ], [ [ -99.447306699897467, 19.963721549126028 ], [ -99.44743954987986, 19.963772499542429 ] ], [ [ -99.44743954987986, 19.963772499542429 ], [ -99.447512249682063, 19.963889349562006 ] ], [ [ -99.447512249682063, 19.963889349562006 ], [ -99.447549050076958, 19.964020349397796 ] ], [ [ -99.447549050076958, 19.964020349397796 ], [ -99.447456249631927, 19.964205749755727 ] ], [ [ -99.447456249631927, 19.964205749755727 ], [ -99.447300700437566, 19.964322899109593 ] ], [ [ -99.447300700437566, 19.964322899109593 ], [ -99.447114350180726, 19.964433349221515 ] ], [ [ -99.447114350180726, 19.964433349221515 ], [ -99.44698370015395, 19.964571249117242 ] ], [ [ -99.44698370015395, 19.964571249117242 ], [ -99.4468676999319, 19.964746949182803 ] ], [ [ -99.4468676999319, 19.964746949182803 ], [ -99.446766199682187, 19.964915749751675 ] ], [ [ -99.446766199682187, 19.964915749751675 ], [ -99.446752050429609, 19.96498074903505 ] ], [ [ -99.446752050429609, 19.96498074903505 ], [ -99.446737999673729, 19.96504504913495 ] ], [ [ -99.446737999673729, 19.96504504913495 ], [ -99.44676439996347, 19.965178299539094 ] ], [ [ -99.44676439996347, 19.965178299539094 ], [ -99.446859900470002, 19.965279349143565 ] ], [ [ -99.446859900470002, 19.965279349143565 ], [ -99.446948749975533, 19.965385749340648 ] ], [ [ -99.446948749975533, 19.965385749340648 ], [ -99.447016550086687, 19.965505199183294 ] ], [ [ -99.447016550086687, 19.965505199183294 ], [ -99.447090499677998, 19.96562129906242 ] ], [ [ -99.447090499677998, 19.96562129906242 ], [ -99.447159500373445, 19.965740099053328 ] ], [ [ -99.447159500373445, 19.965740099053328 ], [ -99.447221999828187, 19.965862099803569 ] ], [ [ -99.447221999828187, 19.965862099803569 ], [ -99.44729385017321, 19.96597939915041 ] ], [ [ -99.44729385017321, 19.96597939915041 ], [ -99.447382999569982, 19.966085549427994 ] ], [ [ -99.447382999569982, 19.966085549427994 ], [ -99.447480700277723, 19.966184699122262 ] ], [ [ -99.447480700277723, 19.966184699122262 ], [ -99.447565900195642, 19.966293749421549 ] ], [ [ -99.447565900195642, 19.966293749421549 ], [ -99.447658099539794, 19.966397549155865 ] ], [ [ -99.447658099539794, 19.966397549155865 ], [ -99.447759500003755, 19.966493399070213 ] ], [ [ -99.447759500003755, 19.966493399070213 ], [ -99.447860899632119, 19.966589199042943 ] ], [ [ -99.447860899632119, 19.966589199042943 ], [ -99.447968250303902, 19.96667899910047 ] ], [ [ -99.447968250303902, 19.96667899910047 ], [ -99.448069149830928, 19.966775299165988 ] ], [ [ -99.448069149830928, 19.966775299165988 ], [ -99.448157899620099, 19.966881749683299 ] ], [ [ -99.448157899620099, 19.966881749683299 ], [ -99.448244299824381, 19.966989899595518 ] ], [ [ -99.448244299824381, 19.966989899595518 ], [ -99.448309549647007, 19.967110598997763 ] ], [ [ -99.448309549647007, 19.967110598997763 ], [ -99.448352099938347, 19.967240049260401 ] ], [ [ -99.448352099938347, 19.967240049260401 ], [ -99.448390300056573, 19.967370699289216 ] ], [ [ -99.448390300056573, 19.967370699289216 ], [ -99.448461450400586, 19.967488398975053 ] ], [ [ -99.448461450400586, 19.967488398975053 ], [ -99.448542549592943, 19.967600149688376 ] ], [ [ -99.448542549592943, 19.967600149688376 ], [ -99.448631499713144, 19.967706449235635 ] ], [ [ -99.448631499713144, 19.967706449235635 ], [ -99.448724600031028, 19.967809499275777 ] ], [ [ -99.448724600031028, 19.967809499275777 ], [ -99.44878509992563, 19.967932449673487 ] ], [ [ -99.44878509992563, 19.967932449673487 ], [ -99.448851650226729, 19.968016699597094 ] ], [ [ -99.448851650226729, 19.968016699597094 ], [ -99.448870850349536, 19.968041048970559 ] ], [ [ -99.448870850349536, 19.968041048970559 ], [ -99.44896219959702, 19.968145499237625 ] ], [ [ -99.44896219959702, 19.968145499237625 ], [ -99.449064900227953, 19.968240099135841 ] ], [ [ -99.449064900227953, 19.968240099135841 ], [ -99.449140299775266, 19.96835534953993 ] ], [ [ -99.449140299775266, 19.96835534953993 ], [ -99.449259499931614, 19.968430699208472 ] ], [ [ -99.449259499931614, 19.968430699208472 ], [ -99.449402600088973, 19.968438499397809 ] ], [ [ -99.449402600088973, 19.968438499397809 ], [ -99.449545949781239, 19.968436399316001 ] ], [ [ -99.449545949781239, 19.968436399316001 ], [ -99.449673499877989, 19.968374449690476 ] ], [ [ -99.449673499877989, 19.968374449690476 ], [ -99.449780700352491, 19.968284499305955 ] ], [ [ -99.449780700352491, 19.968284499305955 ], [ -99.449886249667827, 19.968192749485535 ] ], [ [ -99.449886249667827, 19.968192749485535 ], [ -99.449983950031509, 19.968093549101347 ] ], [ [ -99.449983950031509, 19.968093549101347 ], [ -99.450055750209231, 19.967976249731553 ] ], [ [ -99.450055750209231, 19.967976249731553 ], [ -99.450102000060511, 19.967847949174299 ] ], [ [ -99.450102000060511, 19.967847949174299 ], [ -99.450140549638704, 19.967717349536322 ] ], [ [ -99.450140549638704, 19.967717349536322 ], [ -99.45017849978376, 19.967586649163223 ] ], [ [ -99.45017849978376, 19.967586649163223 ], [ -99.450229250235864, 19.967459899411075 ] ], [ [ -99.450229250235864, 19.967459899411075 ], [ -99.45030315037117, 19.96734374958826 ] ], [ [ -99.45030315037117, 19.96734374958826 ], [ -99.450398399900081, 19.967242449722502 ] ], [ [ -99.450398399900081, 19.967242449722502 ], [ -99.45050590018343, 19.967152749689891 ] ], [ [ -99.45050590018343, 19.967152749689891 ], [ -99.450627150306445, 19.967080449155013 ] ], [ [ -99.450627150306445, 19.967080449155013 ], [ -99.450748400261801, 19.967008099568119 ] ], [ [ -99.450748400261801, 19.967008099568119 ], [ -99.450808231168182, 19.966932245170629 ] ], [ [ -99.314816637256783, 19.988448976968602 ], [ -99.314803573070051, 19.988473831128143 ] ], [ [ -99.314803573070051, 19.988473831128143 ], [ -99.314975091682783, 19.988401645398813 ] ], [ [ -99.314975091682783, 19.988401645398813 ], [ -99.315721831449366, 19.987803799010361 ] ], [ [ -99.315721831449366, 19.987803799010361 ], [ -99.31641850826216, 19.987236445175487 ] ], [ [ -99.31641850826216, 19.987236445175487 ], [ -99.316735800165347, 19.986847568405892 ] ], [ [ -99.316735800165347, 19.986847568405892 ], [ -99.316749723451267, 19.98681959943282 ] ], [ [ -99.316749723451267, 19.98681959943282 ], [ -99.316835830590833, 19.986646645644534 ] ], [ [ -99.316835830590833, 19.986646645644534 ], [ -99.317005954290408, 19.986183707371875 ] ], [ [ -99.317005954290408, 19.986183707371875 ], [ -99.317038076610999, 19.986121061197398 ] ], [ [ -99.317038076610999, 19.986121061197398 ], [ -99.317057200293434, 19.986083768237407 ] ], [ [ -99.317057200293434, 19.986083768237407 ], [ -99.317075738435818, 19.986047614601176 ] ], [ [ -99.317075738435818, 19.986047614601176 ], [ -99.31720403143018, 19.985797476111856 ] ], [ [ -99.31720403143018, 19.985797476111856 ], [ -99.317213153828845, 19.985758045094414 ] ], [ [ -99.317213153828845, 19.985758045094414 ], [ -99.317222368588418, 19.985742153338112 ] ], [ [ -99.317222368588418, 19.985742153338112 ], [ -99.317255123442777, 19.985507999238177 ] ], [ [ -99.317255123442777, 19.985507999238177 ], [ -99.317254846399891, 19.985368168545634 ] ], [ [ -99.317254846399891, 19.985368168545634 ], [ -99.317387876548551, 19.985114768182981 ] ], [ [ -99.317387876548551, 19.985114768182981 ], [ -99.317444492126839, 19.984882245686045 ] ], [ [ -99.317444492126839, 19.984882245686045 ], [ -99.317542968944622, 19.984768875959332 ] ], [ [ -99.317542968944622, 19.984768875959332 ], [ -99.31765835417842, 19.984603537381759 ] ], [ [ -99.31765835417842, 19.984603537381759 ], [ -99.317694892269159, 19.984350199580931 ] ], [ [ -99.317694892269159, 19.984350199580931 ], [ -99.317736862032859, 19.984027706963072 ] ], [ [ -99.317736862032859, 19.984027706963072 ], [ -99.317861415059213, 19.983799107753519 ] ], [ [ -99.317861415059213, 19.983799107753519 ], [ -99.318122754229691, 19.983602614609936 ] ], [ [ -99.318122754229691, 19.983602614609936 ], [ -99.318473076609436, 19.983456014160971 ] ], [ [ -99.318473076609436, 19.983456014160971 ], [ -99.318734814818896, 19.98325672272934 ] ], [ [ -99.318734814818896, 19.98325672272934 ], [ -99.318894137819157, 19.983005153682328 ] ], [ [ -99.318894137819157, 19.983005153682328 ], [ -99.318924415485569, 19.982676153081787 ] ], [ [ -99.318924415485569, 19.982676153081787 ], [ -99.318913492382961, 19.982415507414263 ] ], [ [ -99.318913492382961, 19.982415507414263 ], [ -99.318921491578948, 19.982143461043467 ] ], [ [ -99.318921491578948, 19.982143461043467 ], [ -99.31892992263009, 19.98185675312493 ] ], [ [ -99.31892992263009, 19.98185675312493 ], [ -99.318763645649994, 19.981643630059839 ] ], [ [ -99.318763645649994, 19.981643630059839 ], [ -99.31871266171963, 19.981447661127508 ] ], [ [ -99.31871266171963, 19.981447661127508 ], [ -99.318631445818369, 19.981304352961079 ] ], [ [ -99.318631445818369, 19.981304352961079 ], [ -99.318556062325996, 19.981152061083268 ] ], [ [ -99.318556062325996, 19.981152061083268 ], [ -99.318543292103087, 19.981125368318509 ] ], [ [ -99.318543292103087, 19.981125368318509 ], [ -99.31849701512229, 19.981028537834217 ] ], [ [ -99.31849701512229, 19.981028537834217 ], [ -99.318451214895418, 19.980900091543294 ] ], [ [ -99.318451214895418, 19.980900091543294 ], [ -99.318376845807379, 19.980784199155021 ] ], [ [ -99.318376845807379, 19.980784199155021 ], [ -99.318314600316, 19.980662091784602 ] ], [ [ -99.318314600316, 19.980662091784602 ], [ -99.318238569466629, 19.98054716823021 ] ], [ [ -99.318238569466629, 19.98054716823021 ], [ -99.318162323384854, 19.980432368685047 ] ], [ [ -99.318162323384854, 19.980432368685047 ], [ -99.318074076588601, 19.980325537025919 ] ], [ [ -99.318074076588601, 19.980325537025919 ], [ -99.317958076702013, 19.980245876606187 ] ], [ [ -99.317958076702013, 19.980245876606187 ], [ -99.317836969184384, 19.980173337544812 ] ], [ [ -99.317836969184384, 19.980173337544812 ], [ -99.317716153831697, 19.980100337520732 ] ], [ [ -99.317716153831697, 19.980100337520732 ], [ -99.317589431156648, 19.980036922660954 ] ], [ [ -99.317589431156648, 19.980036922660954 ], [ -99.317451845722658, 19.979998799733799 ] ], [ [ -99.317451845722658, 19.979998799733799 ], [ -99.31731906154539, 19.979947676344796 ] ], [ [ -99.31731906154539, 19.979947676344796 ], [ -99.317178908151035, 19.979919091394912 ] ], [ [ -99.317178908151035, 19.979919091394912 ], [ -99.317036307973495, 19.979905061543271 ] ], [ [ -99.317036307973495, 19.979905061543271 ], [ -99.316913676724695, 19.979834830418529 ] ], [ [ -99.316913676724695, 19.979834830418529 ], [ -99.316788245887494, 19.979769168317596 ] ], [ [ -99.316788245887494, 19.979769168317596 ], [ -99.316731200343909, 19.979765968651247 ] ], [ [ -99.316731200343909, 19.979765968651247 ], [ -99.316645123410353, 19.979761137446662 ] ], [ [ -99.316645123410353, 19.979761137446662 ], [ -99.316532922919635, 19.979845522258298 ] ], [ [ -99.316532922919635, 19.979845522258298 ], [ -99.316415415376483, 19.97992319975604 ] ], [ [ -99.316415415376483, 19.97992319975604 ], [ -99.316276800367646, 19.979957845174589 ] ], [ [ -99.316276800367646, 19.979957845174589 ], [ -99.316123092286119, 19.979992907053617 ] ], [ [ -99.316123092286119, 19.979992907053617 ], [ -99.315990338194524, 19.979957291844372 ] ], [ [ -99.315990338194524, 19.979957291844372 ], [ -99.31584878536448, 19.979935753028247 ] ], [ [ -99.31584878536448, 19.979935753028247 ], [ -99.315705968897134, 19.979923691039374 ] ], [ [ -99.315705968897134, 19.979923691039374 ], [ -99.31556261494309, 19.979921968287865 ] ], [ [ -99.31556261494309, 19.979921968287865 ], [ -99.315419399849432, 19.979928537664975 ] ], [ [ -99.315419399849432, 19.979928537664975 ], [ -99.31527603144086, 19.979929384834413 ] ], [ [ -99.31527603144086, 19.979929384834413 ], [ -99.315132846165668, 19.979936384237188 ] ], [ [ -99.315132846165668, 19.979936384237188 ], [ -99.314989477312125, 19.979937107819179 ] ], [ [ -99.314989477312125, 19.979937107819179 ], [ -99.314847399715703, 19.979918830090856 ] ], [ [ -99.314847399715703, 19.979918830090856 ], [ -99.314712814936897, 19.979872091706007 ] ], [ [ -99.314712814936897, 19.979872091706007 ], [ -99.314576261839008, 19.979830799256327 ] ], [ [ -99.314576261839008, 19.979830799256327 ], [ -99.314454984677894, 19.979758507446434 ] ], [ [ -99.314454984677894, 19.979758507446434 ], [ -99.314350953835572, 19.979665214748344 ] ], [ [ -99.314350953835572, 19.979665214748344 ], [ -99.31422413832972, 19.979601984015162 ] ], [ [ -99.31422413832972, 19.979601984015162 ], [ -99.31409727729762, 19.9795388303463 ] ], [ [ -99.31409727729762, 19.9795388303463 ], [ -99.313971353695493, 19.979474013995929 ] ], [ [ -99.313971353695493, 19.979474013995929 ], [ -99.313834738067627, 19.979432907459493 ] ], [ [ -99.313834738067627, 19.979432907459493 ], [ -99.313694261835963, 19.979405768791214 ] ], [ [ -99.313694261835963, 19.979405768791214 ], [ -99.313556000298092, 19.97936990703063 ] ], [ [ -99.313556000298092, 19.97936990703063 ], [ -99.313419846431927, 19.979327384806219 ] ], [ [ -99.313419846431927, 19.979327384806219 ], [ -99.31331720018828, 19.979232753198193 ] ], [ [ -99.31331720018828, 19.979232753198193 ], [ -99.313195462330825, 19.979161168520871 ] ], [ [ -99.313195462330825, 19.979161168520871 ], [ -99.313077108132589, 19.979084645143601 ] ], [ [ -99.313077108132589, 19.979084645143601 ], [ -99.313071215238693, 19.979081722785594 ] ], [ [ -99.313071215238693, 19.979081722785594 ], [ -99.312950184588487, 19.97902159912995 ] ], [ [ -99.312950184588487, 19.97902159912995 ], [ -99.312817062312121, 19.978971260972529 ] ], [ [ -99.312817062312121, 19.978971260972529 ], [ -99.312688261982913, 19.978911707583364 ] ], [ [ -99.312688261982913, 19.978911707583364 ], [ -99.312578123169487, 19.978824936976878 ] ], [ [ -99.312578123169487, 19.978824936976878 ], [ -99.312476245633974, 19.978729553207341 ] ], [ [ -99.312476245633974, 19.978729553207341 ], [ -99.31237838469211, 19.978630491411767 ] ], [ [ -99.31237838469211, 19.978630491411767 ], [ -99.312268277457363, 19.978593137171924 ] ], [ [ -99.312268277457363, 19.978593137171924 ], [ -99.312115769383922, 19.9785656614422 ] ], [ [ -99.312115769383922, 19.9785656614422 ], [ -99.312024630583466, 19.978531276160648 ] ], [ [ -99.312024630583466, 19.978531276160648 ], [ -99.311890661815582, 19.978400137689231 ] ], [ [ -99.311890661815582, 19.978400137689231 ], [ -99.311614277292747, 19.978072214704728 ] ], [ [ -99.311614277292747, 19.978072214704728 ], [ -99.311565692338817, 19.977934507130829 ] ], [ [ -99.311565692338817, 19.977934507130829 ], [ -99.311558538336854, 19.977799122402722 ] ], [ [ -99.311558538336854, 19.977799122402722 ], [ -99.31151029203734, 19.977671475949276 ] ], [ [ -99.31151029203734, 19.977671475949276 ], [ -99.311462923368381, 19.977543537685261 ] ], [ [ -99.311462923368381, 19.977543537685261 ], [ -99.311365491692371, 19.977444091242344 ] ], [ [ -99.311365491692371, 19.977444091242344 ], [ -99.311228307954551, 19.977404691386642 ] ], [ [ -99.311228307954551, 19.977404691386642 ], [ -99.311098738241839, 19.977346661698679 ] ], [ [ -99.311098738241839, 19.977346661698679 ], [ -99.311000262216055, 19.977248153068292 ] ], [ [ -99.311000262216055, 19.977248153068292 ], [ -99.310913862122177, 19.977139984708064 ] ], [ [ -99.310913862122177, 19.977139984708064 ], [ -99.310891876995115, 19.977006030784306 ] ], [ [ -99.310891876995115, 19.977006030784306 ], [ -99.310855631089424, 19.976874891348114 ] ], [ [ -99.310855631089424, 19.976874891348114 ], [ -99.310810722756386, 19.976746153367671 ] ], [ [ -99.310810722756386, 19.976746153367671 ], [ -99.310748385240842, 19.976624091445977 ] ], [ [ -99.310748385240842, 19.976624091445977 ], [ -99.310677723287156, 19.976506153291513 ] ], [ [ -99.310677723287156, 19.976506153291513 ], [ -99.310663661803773, 19.976479968367492 ] ], [ [ -99.310663661803773, 19.976479968367492 ], [ -99.310612815047079, 19.976385291538119 ] ], [ [ -99.310612815047079, 19.976385291538119 ], [ -99.310570338167906, 19.976255830505711 ] ], [ [ -99.310570338167906, 19.976255830505711 ], [ -99.310562862094656, 19.976191076087435 ] ], [ [ -99.310562862094656, 19.976191076087435 ], [ -99.310564954381192, 19.976071291702535 ] ], [ [ -99.310564954381192, 19.976071291702535 ], [ -99.310587538392838, 19.975728030303337 ] ], [ [ -99.310587538392838, 19.975728030303337 ], [ -99.310581230992113, 19.975592614565461 ] ], [ [ -99.310581230992113, 19.975592614565461 ], [ -99.310574908247176, 19.975457199479269 ] ], [ [ -99.310574908247176, 19.975457199479269 ], [ -99.310574646008916, 19.975321661572451 ] ], [ [ -99.310574646008916, 19.975321661572451 ], [ -99.310574368756122, 19.975186107096683 ] ], [ [ -99.310574368756122, 19.975186107096683 ], [ -99.310574107783282, 19.975050553833878 ] ], [ [ -99.310574107783282, 19.975050553833878 ], [ -99.310573845582567, 19.974915014167024 ] ], [ [ -99.310573845582567, 19.974915014167024 ], [ -99.310573584610751, 19.974779460939303 ] ], [ [ -99.310573584610751, 19.974779460939303 ], [ -99.310573308300746, 19.974643907457214 ] ], [ [ -99.310573308300746, 19.974643907457214 ], [ -99.310573046083661, 19.974508368749412 ] ], [ [ -99.310573046083661, 19.974508368749412 ], [ -99.310572785131399, 19.974372814667973 ] ], [ [ -99.310572785131399, 19.974372814667973 ], [ -99.310572523203021, 19.974237261493602 ] ], [ [ -99.310572523203021, 19.974237261493602 ], [ -99.310572245648927, 19.974101722566559 ] ], [ [ -99.310572245648927, 19.974101722566559 ], [ -99.310571984698242, 19.973966168537867 ] ], [ [ -99.310571984698242, 19.973966168537867 ], [ -99.310571722789433, 19.973830614509787 ] ], [ [ -99.310571722789433, 19.973830614509787 ], [ -99.310571461516176, 19.973695076830754 ] ], [ [ -99.310571461516176, 19.973695076830754 ], [ -99.310628107937092, 19.973467445020333 ] ], [ [ -99.310628107937092, 19.973467445020333 ], [ -99.310641569282367, 19.973395461329261 ] ], [ [ -99.310641569282367, 19.973395461329261 ], [ -99.310668862183107, 19.973249507644486 ] ], [ [ -99.310668862183107, 19.973249507644486 ], [ -99.310717368791444, 19.973033891038259 ] ], [ [ -99.310717368791444, 19.973033891038259 ], [ -99.310762862342287, 19.972905337370623 ] ], [ [ -99.310762862342287, 19.972905337370623 ], [ -99.310779477413718, 19.972770707413833 ] ], [ [ -99.310779477413718, 19.972770707413833 ], [ -99.310791999762003, 19.972635676692331 ] ], [ [ -99.310791999762003, 19.972635676692331 ], [ -99.310820861545679, 19.97250290770571 ] ], [ [ -99.310820861545679, 19.97250290770571 ], [ -99.310845784694664, 19.972369414280152 ] ], [ [ -99.310845784694664, 19.972369414280152 ], [ -99.310864984711912, 19.972235091338622 ] ], [ [ -99.310864984711912, 19.972235091338622 ], [ -99.310907508310393, 19.972105645494324 ] ], [ [ -99.310907508310393, 19.972105645494324 ], [ -99.310942923325769, 19.971974291100828 ] ], [ [ -99.310942923325769, 19.971974291100828 ], [ -99.310957262217144, 19.971839430493088 ] ], [ [ -99.310957262217144, 19.971839430493088 ], [ -99.310956569351461, 19.971703876361236 ] ], [ [ -99.310956569351461, 19.971703876361236 ], [ -99.310954245909954, 19.971568337765717 ] ], [ [ -99.310954245909954, 19.971568337765717 ], [ -99.310939338471798, 19.971433537163062 ] ], [ [ -99.310939338471798, 19.971433537163062 ], [ -99.310907691610353, 19.971301322123395 ] ], [ [ -99.310907691610353, 19.971301322123395 ], [ -99.310877245522491, 19.971168861819038 ] ], [ [ -99.310877245522491, 19.971168861819038 ], [ -99.31083570835564, 19.971039137073301 ] ], [ [ -99.31083570835564, 19.971039137073301 ], [ -99.310797214534361, 19.970908568680215 ] ], [ [ -99.310797214534361, 19.970908568680215 ], [ -99.31076730783559, 19.970775999188948 ] ], [ [ -99.31076730783559, 19.970775999188948 ], [ -99.310747338452657, 19.97064176806839 ] ], [ [ -99.310747338452657, 19.97064176806839 ], [ -99.310725538020947, 19.970507799165944 ] ], [ [ -99.310725538020947, 19.970507799165944 ], [ -99.310711169471048, 19.970372922092182 ] ], [ [ -99.310711169471048, 19.970372922092182 ], [ -99.310697154141081, 19.970238030443365 ] ], [ [ -99.310697154141081, 19.970238030443365 ], [ -99.310667600184345, 19.970105384760071 ] ], [ [ -99.310667600184345, 19.970105384760071 ], [ -99.310638123029989, 19.969972737728618 ] ], [ [ -99.310638123029989, 19.969972737728618 ], [ -99.310588553601647, 19.969845553483342 ] ], [ [ -99.310588553601647, 19.969845553483342 ], [ -99.31055327664285, 19.969714168172448 ] ], [ [ -99.31055327664285, 19.969714168172448 ], [ -99.310480753575476, 19.96959723034087 ] ], [ [ -99.310480753575476, 19.96959723034087 ], [ -99.310420445731538, 19.969474261197714 ] ], [ [ -99.310420445731538, 19.969474261197714 ], [ -99.310361215439144, 19.969350830613806 ] ], [ [ -99.310361215439144, 19.969350830613806 ], [ -99.310344369030787, 19.969216214348666 ] ], [ [ -99.310344369030787, 19.969216214348666 ], [ -99.310322799998147, 19.969082214303207 ] ], [ [ -99.310322799998147, 19.969082214303207 ], [ -99.310294754197301, 19.968949276278483 ] ], [ [ -99.310294754197301, 19.968949276278483 ], [ -99.310271937801559, 19.968815461766617 ] ], [ [ -99.310271937801559, 19.968815461766617 ], [ -99.310271554439339, 19.968679907153614 ] ], [ [ -99.310271554439339, 19.968679907153614 ], [ -99.310180814554897, 19.968574968835288 ] ], [ [ -99.310180814554897, 19.968574968835288 ], [ -99.310052199778752, 19.96851507598566 ] ], [ [ -99.310052199778752, 19.96851507598566 ], [ -99.309916615048124, 19.968532968106377 ] ], [ [ -99.309916615048124, 19.968532968106377 ], [ -99.309816046012443, 19.968608845550115 ] ], [ [ -99.309816046012443, 19.968608845550115 ], [ -99.309702291910739, 19.968691353496499 ] ], [ [ -99.309702291910739, 19.968691353496499 ], [ -99.309582353947377, 19.968765614272286 ] ], [ [ -99.309582353947377, 19.968765614272286 ], [ -99.309441431133976, 19.968790522337326 ] ], [ [ -99.309441431133976, 19.968790522337326 ], [ -99.30929807712505, 19.96879089151799 ] ], [ [ -99.30929807712505, 19.96879089151799 ], [ -99.309164246001842, 19.968742245138404 ] ], [ [ -99.309164246001842, 19.968742245138404 ], [ -99.309066630991509, 19.968642968743129 ] ], [ [ -99.309066630991509, 19.968642968743129 ], [ -99.308977846008901, 19.968536552949157 ] ], [ [ -99.308977846008901, 19.968536552949157 ], [ -99.308895308183736, 19.968425722743124 ] ], [ [ -99.308895308183736, 19.968425722743124 ], [ -99.308850261680561, 19.968297030742509 ] ], [ [ -99.308850261680561, 19.968297030742509 ], [ -99.308826631211232, 19.968163337626468 ] ], [ [ -99.308826631211232, 19.968163337626468 ], [ -99.308837662209797, 19.968028199572714 ] ], [ [ -99.308837662209797, 19.968028199572714 ], [ -99.30889073791981, 19.967902276779515 ] ], [ [ -99.30889073791981, 19.967902276779515 ], [ -99.308932553856621, 19.967772614552288 ] ], [ [ -99.308932553856621, 19.967772614552288 ], [ -99.30900956864933, 19.967658291245588 ] ], [ [ -99.30900956864933, 19.967658291245588 ], [ -99.309112737750212, 19.96756416840217 ] ], [ [ -99.309112737750212, 19.96756416840217 ], [ -99.309191446419106, 19.967450876050076 ] ], [ [ -99.309191446419106, 19.967450876050076 ], [ -99.309266662080873, 19.967335476249186 ] ], [ [ -99.309266662080873, 19.967335476249186 ], [ -99.309357723415914, 19.967230799682923 ] ], [ [ -99.309357723415914, 19.967230799682923 ], [ -99.309461553936018, 19.967137337562356 ] ], [ [ -99.309461553936018, 19.967137337562356 ], [ -99.309581614740651, 19.967018107316665 ] ], [ [ -99.309581614740651, 19.967018107316665 ], [ -99.309628430538908, 19.966917061267669 ] ], [ [ -99.309628430538908, 19.966917061267669 ], [ -99.30970295409665, 19.966801276402052 ] ], [ [ -99.30970295409665, 19.966801276402052 ], [ -99.309824692363989, 19.96672966157184 ] ], [ [ -99.309824692363989, 19.96672966157184 ], [ -99.309923431416991, 19.966631399628099 ] ], [ [ -99.309923431416991, 19.966631399628099 ], [ -99.310009322948687, 19.966522861121355 ] ], [ [ -99.310009322948687, 19.966522861121355 ], [ -99.31005549217555, 19.966426491025839 ] ], [ [ -99.31005549217555, 19.966426491025839 ], [ -99.310090446118821, 19.966272522414833 ] ], [ [ -99.310090446118821, 19.966272522414833 ], [ -99.31009069223191, 19.966271475946638 ] ], [ [ -99.31009069223191, 19.966271475946638 ], [ -99.310113877062733, 19.966137707814582 ] ], [ [ -99.310113877062733, 19.966137707814582 ], [ -99.310156138282608, 19.966008183957637 ] ], [ [ -99.310156138282608, 19.966008183957637 ], [ -99.310240399547197, 19.965898507622938 ] ], [ [ -99.310240399547197, 19.965898507622938 ], [ -99.310323046099512, 19.96578775360128 ] ], [ [ -99.310323046099512, 19.96578775360128 ], [ -99.310354154358322, 19.965692753851698 ] ], [ [ -99.310354154358322, 19.965692753851698 ], [ -99.310386923196631, 19.965598830758498 ] ], [ [ -99.310386923196631, 19.965598830758498 ], [ -99.310440015401412, 19.965472922558028 ] ], [ [ -99.310440015401412, 19.965472922558028 ], [ -99.310463385198304, 19.965339184056976 ] ], [ [ -99.310463385198304, 19.965339184056976 ], [ -99.310493614750015, 19.9652066760714 ] ], [ [ -99.310493614750015, 19.9652066760714 ], [ -99.31052256893571, 19.965073922441071 ] ], [ [ -99.31052256893571, 19.965073922441071 ], [ -99.310534323004319, 19.964938830160609 ] ], [ [ -99.310534323004319, 19.964938830160609 ], [ -99.310533231388817, 19.964803291604106 ] ], [ [ -99.310533231388817, 19.964803291604106 ], [ -99.310527369171467, 19.964667845271237 ] ], [ [ -99.310527369171467, 19.964667845271237 ], [ -99.31050686240431, 19.964533691489052 ] ], [ [ -99.31050686240431, 19.964533691489052 ], [ -99.310477845845455, 19.964400953544313 ] ], [ [ -99.310477845845455, 19.964400953544313 ], [ -99.310446445600633, 19.964268691048563 ] ], [ [ -99.310446445600633, 19.964268691048563 ], [ -99.310381953984646, 19.964147630265476 ] ], [ [ -99.310381953984646, 19.964147630265476 ], [ -99.310295322560705, 19.96403963001115 ] ], [ [ -99.310295322560705, 19.96403963001115 ], [ -99.310287061776918, 19.964019984662798 ] ], [ [ -99.310287061776918, 19.964019984662798 ], [ -99.310242353880781, 19.963913676240505 ] ], [ [ -99.310242353880781, 19.963913676240505 ], [ -99.310163862428809, 19.963800245174752 ] ], [ [ -99.310163862428809, 19.963800245174752 ], [ -99.310066215141646, 19.963700999190646 ] ], [ [ -99.310066215141646, 19.963700999190646 ], [ -99.310014491713247, 19.963610076705283 ] ], [ [ -99.310014491713247, 19.963610076705283 ], [ -99.309998307800754, 19.96358161399208 ] ], [ [ -99.309998307800754, 19.96358161399208 ], [ -99.30994755359697, 19.963454845359124 ] ], [ [ -99.30994755359697, 19.963454845359124 ], [ -99.309881862153929, 19.96333436881774 ] ], [ [ -99.309881862153929, 19.96333436881774 ], [ -99.309799953532092, 19.963223122825795 ] ], [ [ -99.309799953532092, 19.963223122825795 ], [ -99.309731014730232, 19.963104275953384 ] ], [ [ -99.309731014730232, 19.963104275953384 ], [ -99.309722399970369, 19.963090830463283 ] ], [ [ -99.309722399970369, 19.963090830463283 ], [ -99.309656676526302, 19.962988368813235 ] ], [ [ -99.309656676526302, 19.962988368813235 ], [ -99.309562445729085, 19.962886230146474 ] ], [ [ -99.309562445729085, 19.962886230146474 ], [ -99.309515214743215, 19.962829076352548 ] ], [ [ -99.309515214743215, 19.962829076352548 ], [ -99.309505753806206, 19.962789461153925 ] ], [ [ -99.314748414758611, 19.988497045239164 ], [ -99.314803573070051, 19.988473831128143 ] ] ] } },
{ "type": "Feature", "properties": { "id": "0", "cve_subc": null, "clave50k": null, "tipo": null, "entidad": null, "fc": null, "condicion": null, "edicion": null, "fecha": null, "lengthm": null, "id_drena": null, "flowdir": null, "enabled": null, "desc_enabl": null, "cali_repr": null, "sequenceid": null, "order_1": null, "level_1": null, "arbsum_1": null, "pathl_1": null, "layer": "Río Tula", "path": "C:/Users/ariel.goldin/Documents/Capas Río Tula/Río Tula.geojson", "fid": "5", "nombre": "Rosas", "SHAPE__Length": "13328.597333", "Pais": "México", "fid_2": "5", "id_2": "0", "nombre_2": "Rosas", "SHAPE__Length_2": "13328.597333" }, "geometry": { "type": "MultiLineString", "coordinates": [ [ [ -99.447827250132605, 20.038622499750879 ], [ -99.447685500401974, 20.038643498947255 ] ], [ [ -99.445097650297782, 20.03840859981149 ], [ -99.444976950065126, 20.038331499383791 ] ], [ [ -99.440727500423449, 20.041504249474276 ], [ -99.440599049800824, 20.041564599678843 ] ], [ [ -99.437243899924439, 20.042679249400226 ], [ -99.437101150206971, 20.042666099289601 ] ], [ [ -99.436114249540793, 20.043117299065791 ], [ -99.436005300215371, 20.043205449656824 ] ], [ [ -99.436005300215371, 20.043205449656824 ], [ -99.435896299912358, 20.043293599317892 ] ], [ [ -99.435553600072538, 20.043478599285738 ], [ -99.43533404958167, 20.043614699345611 ] ], [ [ -99.429736199983978, 20.044689699141014 ], [ -99.42968620038549, 20.044866499777445 ] ], [ [ -99.429305999874586, 20.045396149482585 ], [ -99.429171650191989, 20.045527399822411 ] ], [ [ -99.42722270034831, 20.046939499651998 ], [ -99.427101950434448, 20.046866349534103 ] ], [ [ -99.426771700142709, 20.04571644904459 ], [ -99.42678720040324, 20.045581699354166 ] ], [ [ -99.426810099640178, 20.045382299500961 ], [ -99.426818149982623, 20.045312149287248 ] ], [ [ -99.426920950057877, 20.044372549312865 ], [ -99.426949050320786, 20.044239649161884 ] ], [ [ -99.423542650290301, 20.044917449675218 ], [ -99.423411300377794, 20.044971949754348 ] ], [ [ -99.423411300377794, 20.044971949754348 ], [ -99.42327989951724, 20.045026499635878 ] ], [ [ -99.42202829961262, 20.045409049302656 ], [ -99.42202518560967, 20.045408841488779 ] ], [ [ -99.421599050370588, 20.045380399387117 ], [ -99.421456000273594, 20.04537084910093 ] ], [ [ -99.417097700406842, 20.04629459912125 ], [ -99.417020899790259, 20.046409049390221 ] ], [ [ -99.416376899585842, 20.047413149543015 ], [ -99.416267750435921, 20.047501099126958 ] ], [ [ -99.413418450123601, 20.047616199154408 ], [ -99.413418193108541, 20.047616199759663 ] ], [ [ -99.413083749980174, 20.047616999641587 ], [ -99.412940299788985, 20.047617299741297 ] ], [ [ -99.409487949846337, 20.04887484919352 ], [ -99.409356949964646, 20.048915249211749 ] ], [ [ -99.409356949964646, 20.048915249211749 ], [ -99.4093515998143, 20.048916949577958 ] ], [ [ -99.404496699851691, 20.050569699836167 ], [ -99.404359000233441, 20.050531849654138 ] ], [ [ -99.401992550318241, 20.05032949915061 ], [ -99.401862700327783, 20.050387099639757 ] ], [ [ -99.399611000209973, 20.051643099528359 ], [ -99.399485699981696, 20.051709049106165 ] ], [ [ -99.395663600219308, 20.053033498956456 ], [ -99.395556549580377, 20.053053449762007 ] ], [ [ -99.391829699778654, 20.05424249963907 ], [ -99.391380150270791, 20.054256949807353 ] ], [ [ -99.388562900157453, 20.055159299439023 ], [ -99.387722149736888, 20.055444699178409 ] ], [ [ -99.387722149736888, 20.055444699178409 ], [ -99.386638799616605, 20.055688799501723 ] ], [ [ -99.384980800170922, 20.056060899233056 ], [ -99.384889750022253, 20.056081749440843 ] ], [ [ -99.384297499938242, 20.056211099068555 ], [ -99.383834999759628, 20.056177099677708 ] ], [ [ -99.380221549542938, 20.057206099555845 ], [ -99.379854999551725, 20.057280899510584 ] ], [ [ -99.373868049872712, 20.059695649433039 ], [ -99.373694399649125, 20.059713099703959 ] ], [ [ -99.364131799669153, 20.058203299825909 ], [ -99.363997399613055, 20.058155949185242 ] ], [ [ -99.362129450363625, 20.057713999275506 ], [ -99.362022950321588, 20.057590449372295 ] ], [ [ -99.362022950321588, 20.057590449372295 ], [ -99.361932349516692, 20.057485299789359 ] ], [ [ -99.361778600247391, 20.057205249487755 ], [ -99.361732299635037, 20.057076949120216 ] ], [ [ -99.361639649716082, 20.056820349351145 ], [ -99.361578449927549, 20.056633849035148 ] ], [ [ -99.361451000109227, 20.056245449344662 ], [ -99.361408550266617, 20.056115999083872 ] ], [ [ -99.36101750039974, 20.055331449842459 ], [ -99.360920249551697, 20.055231849523217 ] ], [ [ -99.360920249551697, 20.055231849523217 ], [ -99.360822949919253, 20.055132199335961 ] ], [ [ -99.356436799655157, 20.054158549738997 ], [ -99.356326349747249, 20.0542450493706 ] ], [ [ -99.356326349747249, 20.0542450493706 ], [ -99.356215899711813, 20.054331499058261 ] ], [ [ -99.355297950226699, 20.055047149741615 ], [ -99.35518594974674, 20.055131848935488 ] ], [ [ -99.351346449777722, 20.056494099614781 ], [ -99.351209950324275, 20.056535849395182 ] ], [ [ -99.351209950324275, 20.056535849395182 ], [ -99.351073499693229, 20.056577649779037 ] ], [ [ -99.348238549968329, 20.05646589894334 ], [ -99.348097550367854, 20.056440899784299 ] ], [ [ -99.348097550367854, 20.056440899784299 ], [ -99.347913250364854, 20.056422249050421 ] ], [ [ -99.347913250364854, 20.056422249050421 ], [ -99.347770650127444, 20.056407749831006 ] ], [ [ -99.345924700160879, 20.059879049814896 ], [ -99.346030450248406, 20.060122849533556 ] ] ] } },
{ "type": "Feature", "properties": { "id": "0", "cve_subc": null, "clave50k": null, "tipo": null, "entidad": null, "fc": null, "condicion": null, "edicion": null, "fecha": null, "lengthm": null, "id_drena": null, "flowdir": null, "enabled": null, "desc_enabl": null, "cali_repr": null, "sequenceid": null, "order_1": null, "level_1": null, "arbsum_1": null, "pathl_1": null, "layer": "Río Tula", "path": "C:/Users/ariel.goldin/Documents/Capas Río Tula/Río Tula.geojson", "fid": "6", "nombre": "Río Salado", "SHAPE__Length": "50480.058285", "Pais": null, "fid_2": "6", "id_2": "0", "nombre_2": "Río Salado", "SHAPE__Length_2": "50480.058285" }, "geometry": { "type": "MultiLineString", "coordinates": [ [ [ -99.139241940169896, 19.873979466994182 ], [ -99.139251537760089, 19.874106029814882 ] ], [ [ -99.139251537760089, 19.874106029814882 ], [ -99.139223092452937, 19.874241575411649 ] ], [ [ -99.139223092452937, 19.874241575411649 ], [ -99.139175382538838, 19.874368144617772 ] ], [ [ -99.139175382538838, 19.874368144617772 ], [ -99.139127768806361, 19.874503781763877 ] ], [ [ -99.139127768806361, 19.874503781763877 ], [ -99.139089643822857, 19.874630259899135 ] ], [ [ -99.139089643822857, 19.874630259899135 ], [ -99.139070683749225, 19.874765893905515 ] ], [ [ -99.139070683749225, 19.874765893905515 ], [ -99.139070796194346, 19.874901434600641 ] ], [ [ -99.139070796194346, 19.874901434600641 ], [ -99.139080392269079, 19.875000799139794 ] ], [ [ -99.139080392269079, 19.875000799139794 ], [ -99.139051844628057, 19.875091193582914 ] ], [ [ -99.139051844628057, 19.875091193582914 ], [ -99.138985063098218, 19.875208699397017 ] ], [ [ -99.138985063098218, 19.875208699397017 ], [ -99.138918281452703, 19.875326205195371 ] ], [ [ -99.138918281452703, 19.875326205195371 ], [ -99.13884201031658, 19.875443803844625 ] ], [ [ -99.13884201031658, 19.875443803844625 ], [ -99.138775228431456, 19.87556130960721 ] ], [ [ -99.138775228431456, 19.87556130960721 ], [ -99.138765757306132, 19.875696850837372 ] ], [ [ -99.138765757306132, 19.875696850837372 ], [ -99.138765965242015, 19.87583239346533 ] ], [ [ -99.138765965242015, 19.87583239346533 ], [ -99.138756494088568, 19.875967934731182 ] ], [ [ -99.138756494088568, 19.875967934731182 ], [ -99.138766189525455, 19.876103475159244 ] ], [ [ -99.138766189525455, 19.876103475159244 ], [ -99.138842677969564, 19.876220965495293 ] ], [ [ -99.138842677969564, 19.876220965495293 ], [ -99.138861956833054, 19.876356505517627 ] ], [ [ -99.138861956833054, 19.876356505517627 ], [ -99.138861973275922, 19.876492044617322 ] ], [ [ -99.138861973275922, 19.876492044617322 ], [ -99.138871668855572, 19.876627585108615 ] ], [ [ -99.138871668855572, 19.876627585108615 ], [ -99.138919601601344, 19.876754055910855 ] ], [ [ -99.138919601601344, 19.876754055910855 ], [ -99.138957855281632, 19.876880525346373 ] ], [ [ -99.138957855281632, 19.876880525346373 ], [ -99.139024859138473, 19.877006993456863 ] ], [ [ -99.139024859138473, 19.877006993456863 ], [ -99.139072696365545, 19.877133462449951 ] ], [ [ -99.139072696365545, 19.877133462449951 ], [ -99.139072808814589, 19.877269003461393 ] ], [ [ -99.139072808814589, 19.877269003461393 ], [ -99.139044363608392, 19.877422681761836 ] ], [ [ -99.139044363608392, 19.877422681761836 ], [ -99.139006234878252, 19.877531118548678 ] ], [ [ -99.139006234878252, 19.877531118548678 ], [ -99.138987178052474, 19.87765768496493 ] ], [ [ -99.138987178052474, 19.87765768496493 ], [ -99.138939562977356, 19.877793322491694 ] ], [ [ -99.138939562977356, 19.877793322491694 ], [ -99.138920604222974, 19.877928866276811 ] ], [ [ -99.138920604222974, 19.877928866276811 ], [ -99.138911133077642, 19.878064407832316 ] ], [ [ -99.138911133077642, 19.878064407832316 ], [ -99.138911245366145, 19.878199948968195 ] ], [ [ -99.138911245366145, 19.878199948968195 ], [ -99.138930524579365, 19.87833548924613 ] ], [ [ -99.138930524579365, 19.87833548924613 ], [ -99.138959291040919, 19.878461961124788 ] ], [ [ -99.138959291040919, 19.878461961124788 ], [ -99.139016712200018, 19.878588429876075 ] ], [ [ -99.139016712200018, 19.878588429876075 ], [ -99.139074133466096, 19.878714898621407 ] ], [ [ -99.139074133466096, 19.878714898621407 ], [ -99.13908373123472, 19.878841462043439 ] ], [ [ -99.13908373123472, 19.878841462043439 ], [ -99.139103010711494, 19.878977002385099 ] ], [ [ -99.139103010711494, 19.878977002385099 ], [ -99.139141363375259, 19.879112449406076 ] ], [ [ -99.139141363375259, 19.879112449406076 ], [ -99.139150953585215, 19.879166664738708 ] ], [ [ -99.139150953585215, 19.879166664738708 ], [ -99.139141480672379, 19.879302297099439 ] ], [ [ -99.139141480672379, 19.879302297099439 ], [ -99.13912252190886, 19.879437841111205 ] ], [ [ -99.13912252190886, 19.879437841111205 ], [ -99.139132122162124, 19.879573380171205 ] ], [ [ -99.139132122162124, 19.879573380171205 ], [ -99.139170473112401, 19.879708917889989 ] ], [ [ -99.139170473112401, 19.879708917889989 ], [ -99.139208823657057, 19.879835389438249 ] ], [ [ -99.139208823657057, 19.879835389438249 ], [ -99.13926624563004, 19.87996185826605 ] ], [ [ -99.13926624563004, 19.87996185826605 ], [ -99.139314084123882, 19.880088327551096 ] ], [ [ -99.139314084123882, 19.880088327551096 ], [ -99.139342851314623, 19.880214799575267 ] ], [ [ -99.139342851314623, 19.880214799575267 ], [ -99.139314307109103, 19.880350434822933 ] ], [ [ -99.139314307109103, 19.880350434822933 ], [ -99.139257109227444, 19.880476916461443 ] ], [ [ -99.139257109227444, 19.880476916461443 ], [ -99.139257219952398, 19.88061254854475 ] ], [ [ -99.139257219952398, 19.88061254854475 ], [ -99.13927649985412, 19.880748089100702 ] ], [ [ -99.13927649985412, 19.880748089100702 ], [ -99.1392956859072, 19.880883537238663 ] ], [ [ -99.1392956859072, 19.880883537238663 ], [ -99.139257653174752, 19.881010108644819 ] ], [ [ -99.139257653174752, 19.881010108644819 ], [ -99.139143040676672, 19.881091535801179 ] ], [ [ -99.139143040676672, 19.881091535801179 ], [ -99.139028523839485, 19.881172964685501 ] ], [ [ -99.139028523839485, 19.881172964685501 ], [ -99.138913911066311, 19.881254391681686 ] ], [ [ -99.138913911066311, 19.881254391681686 ], [ -99.138866294196262, 19.881380963473148 ] ], [ [ -99.138866294196262, 19.881380963473148 ], [ -99.138866406442702, 19.88151650505171 ] ], [ [ -99.138866406442702, 19.88151650505171 ], [ -99.138923828807989, 19.881642974218529 ] ], [ [ -99.138923828807989, 19.881642974218529 ], [ -99.139009905658028, 19.881751307850841 ] ], [ [ -99.139009905658028, 19.881751307850841 ], [ -99.13903867100656, 19.88187787076555 ] ], [ [ -99.13903867100656, 19.88187787076555 ], [ -99.139048367147609, 19.882013411964472 ] ], [ [ -99.139048367147609, 19.882013411964472 ], [ -99.139057967509046, 19.88214895137283 ] ], [ [ -99.139057967509046, 19.88214895137283 ], [ -99.139058073291778, 19.882230277102384 ] ], [ [ -99.139058073291778, 19.882230277102384 ], [ -99.139077257425228, 19.882365816091379 ] ], [ [ -99.139077257425228, 19.882365816091379 ], [ -99.139077465682476, 19.882501359609158 ] ], [ [ -99.139077465682476, 19.882501359609158 ], [ -99.139077578140785, 19.882636901336998 ] ], [ [ -99.139077578140785, 19.882636901336998 ], [ -99.139087178575551, 19.882772440826642 ] ], [ [ -99.139087178575551, 19.882772440826642 ], [ -99.139096874828979, 19.882907982141731 ] ], [ [ -99.139096874828979, 19.882907982141731 ], [ -99.139135226209305, 19.883034454106802 ] ], [ [ -99.139135226209305, 19.883034454106802 ], [ -99.139221304594116, 19.883151853975811 ] ], [ [ -99.139221304594116, 19.883151853975811 ], [ -99.139259560845133, 19.883287390341437 ] ], [ [ -99.139259560845133, 19.883287390341437 ], [ -99.139250185464363, 19.883422934441025 ] ], [ [ -99.139250185464363, 19.883422934441025 ], [ -99.139231226233605, 19.883558479016045 ] ], [ [ -99.139231226233605, 19.883558479016045 ], [ -99.139269482609208, 19.883694015433374 ] ], [ [ -99.139269482609208, 19.883694015433374 ], [ -99.139326903870526, 19.883811509130041 ] ], [ [ -99.139326903870526, 19.883811509130041 ], [ -99.139336600437801, 19.883947050568334 ] ], [ [ -99.139336600437801, 19.883947050568334 ], [ -99.139317641220146, 19.884082595224033 ] ], [ [ -99.139317641220146, 19.884082595224033 ], [ -99.139298583276315, 19.884200096277766 ] ], [ [ -99.139298583276315, 19.884200096277766 ], [ -99.139308272598271, 19.884272355490456 ] ], [ [ -99.139308272598271, 19.884272355490456 ], [ -99.139336939084416, 19.884362742602871 ] ], [ [ -99.139336939084416, 19.884362742602871 ], [ -99.139413427792306, 19.884425926911902 ] ], [ [ -99.139413427792306, 19.884425926911902 ], [ -99.139509090196711, 19.884525193867116 ] ], [ [ -99.139509090196711, 19.884525193867116 ], [ -99.139556928615079, 19.884651754269406 ] ], [ [ -99.139556928615079, 19.884651754269406 ], [ -99.139604867254207, 19.884787201450859 ] ], [ [ -99.139604867254207, 19.884787201450859 ], [ -99.139614464928727, 19.884895633147391 ] ], [ [ -99.139614464928727, 19.884895633147391 ], [ -99.139633649994849, 19.885031172421296 ] ], [ [ -99.139633649994849, 19.885031172421296 ], [ -99.139614689011552, 19.885166807884726 ] ], [ [ -99.139614689011552, 19.885166807884726 ], [ -99.139624385963174, 19.885302349485229 ] ], [ [ -99.139624385963174, 19.885302349485229 ], [ -99.139643571096727, 19.885437888812071 ] ], [ [ -99.139643571096727, 19.885437888812071 ], [ -99.1397392343831, 19.88553715572084 ] ], [ [ -99.1397392343831, 19.88553715572084 ], [ -99.139777481408984, 19.885591368076895 ] ], [ [ -99.139777481408984, 19.885591368076895 ], [ -99.139853977988693, 19.885708768373714 ] ], [ [ -99.139853977988693, 19.885708768373714 ], [ -99.139882747401771, 19.885844307227138 ] ], [ [ -99.139882747401771, 19.885844307227138 ], [ -99.13990202814324, 19.885970782167334 ] ], [ [ -99.13990202814324, 19.885970782167334 ], [ -99.139997594281922, 19.886070137783705 ] ], [ [ -99.139997594281922, 19.886070137783705 ], [ -99.140083672887556, 19.886178561904266 ] ], [ [ -99.140083672887556, 19.886178561904266 ], [ -99.140160268321765, 19.886304939532035 ] ], [ [ -99.140160268321765, 19.886304939532035 ], [ -99.140169870097679, 19.886440479441941 ] ], [ [ -99.140169870097679, 19.886440479441941 ], [ -99.140179565237261, 19.886567045563865 ] ], [ [ -99.140179565237261, 19.886567045563865 ], [ -99.140275134463209, 19.886675376677122 ] ], [ [ -99.140275134463209, 19.886675376677122 ], [ -99.140399449388767, 19.886738556199212 ] ], [ [ -99.140399449388767, 19.886738556199212 ], [ -99.140456875393298, 19.886865025434748 ] ], [ [ -99.140456875393298, 19.886865025434748 ], [ -99.140456989233343, 19.88700056774309 ] ], [ [ -99.140456989233343, 19.88700056774309 ], [ -99.14044751898966, 19.88713611060426 ] ], [ [ -99.14044751898966, 19.88713611060426 ], [ -99.140399901486035, 19.887262683609432 ] ], [ [ -99.140399901486035, 19.887262683609432 ], [ -99.140409503569174, 19.887398223631681 ] ], [ [ -99.140409503569174, 19.887398223631681 ], [ -99.140428785586323, 19.887533764945495 ] ], [ [ -99.140428785586323, 19.887533764945495 ], [ -99.140495795507491, 19.887651167482801 ] ], [ [ -99.140495795507491, 19.887651167482801 ], [ -99.140581779711354, 19.887759589681821 ] ], [ [ -99.140581779711354, 19.887759589681821 ], [ -99.140648789876451, 19.887876992177585 ] ], [ [ -99.140648789876451, 19.887876992177585 ], [ -99.140706216595333, 19.888003461460062 ] ], [ [ -99.140706216595333, 19.888003461460062 ], [ -99.140725403191638, 19.888139001009755 ] ], [ [ -99.140725403191638, 19.888139001009755 ], [ -99.140706444193356, 19.888265480143438 ] ], [ [ -99.140706444193356, 19.888265480143438 ], [ -99.140620582584233, 19.888374015480405 ] ], [ [ -99.140620582584233, 19.888374015480405 ], [ -99.140553796446923, 19.888500589777578 ] ], [ [ -99.140553796446923, 19.888500589777578 ], [ -99.140572972642545, 19.888563871235888 ] ], [ [ -99.140572972642545, 19.888563871235888 ], [ -99.140659052131795, 19.888654162780174 ] ], [ [ -99.140659052131795, 19.888654162780174 ], [ -99.140725959679244, 19.888717347241013 ] ], [ [ -99.140725959679244, 19.888717347241013 ], [ -99.140821527175831, 19.88879857008839 ] ], [ [ -99.140821527175831, 19.88879857008839 ], [ -99.140936261290946, 19.888879882378795 ] ], [ [ -99.140936261290946, 19.888879882378795 ], [ -99.141031927950209, 19.888979148807557 ] ], [ [ -99.141031927950209, 19.888979148807557 ], [ -99.141060699233591, 19.889114687872844 ] ], [ [ -99.141060699233591, 19.889114687872844 ], [ -99.141060813678806, 19.889250230480151 ] ], [ [ -99.141060813678806, 19.889250230480151 ], [ -99.141051341971249, 19.889385864305044 ] ], [ [ -99.141051341971249, 19.889385864305044 ], [ -99.141022798850813, 19.88951234420556 ] ], [ [ -99.141022798850813, 19.88951234420556 ], [ -99.141013424801486, 19.889647889243232 ] ], [ [ -99.141013424801486, 19.889647889243232 ], [ -99.140994366942991, 19.889756324885258 ] ], [ [ -99.140994366942991, 19.889756324885258 ], [ -99.140984891420644, 19.889864850594726 ] ], [ [ -99.140984891420644, 19.889864850594726 ], [ -99.140899135319231, 19.890045646343552 ] ], [ [ -99.140899135319231, 19.890045646343552 ], [ -99.140870496113237, 19.890172124490398 ] ], [ [ -99.140870496113237, 19.890172124490398 ], [ -99.140870706174155, 19.890307669045491 ] ], [ [ -99.140870706174155, 19.890307669045491 ], [ -99.14088989326072, 19.890443208880928 ] ], [ [ -99.14088989326072, 19.890443208880928 ], [ -99.140870835191762, 19.890551644592069 ] ], [ [ -99.140870835191762, 19.890551644592069 ], [ -99.140842278693682, 19.890596890633482 ] ], [ [ -99.140842278693682, 19.890596890633482 ], [ -99.140756415717718, 19.890705426295774 ] ], [ [ -99.140756415717718, 19.890705426295774 ], [ -99.140699212904536, 19.890832000392283 ] ], [ [ -99.140699212904536, 19.890832000392283 ], [ -99.140708815539242, 19.890967540870587 ] ], [ [ -99.140708815539242, 19.890967540870587 ], [ -99.140737586921531, 19.89110308026169 ] ], [ [ -99.140737586921531, 19.89110308026169 ], [ -99.140785526521157, 19.891229552274368 ] ], [ [ -99.140785526521157, 19.891229552274368 ], [ -99.140814298035693, 19.89136509168577 ] ], [ [ -99.140814298035693, 19.89136509168577 ], [ -99.140833484624494, 19.891491565386239 ] ], [ [ -99.140833484624494, 19.891491565386239 ], [ -99.140890913045581, 19.891618035047561 ] ], [ [ -99.140890913045581, 19.891618035047561 ], [ -99.140948341573747, 19.891744504702817 ] ], [ [ -99.140948341573747, 19.891744504702817 ], [ -99.141015354024333, 19.891861907495812 ] ], [ [ -99.141015354024333, 19.891861907495812 ], [ -99.141091855210888, 19.891979307890946 ] ], [ [ -99.141091855210888, 19.891979307890946 ], [ -99.141177938440393, 19.892087732019252 ] ], [ [ -99.141177938440393, 19.892087732019252 ], [ -99.141302165471885, 19.892159884992004 ] ], [ [ -99.141302165471885, 19.892159884992004 ], [ -99.141407416618534, 19.892250175251728 ] ], [ [ -99.141407416618534, 19.892250175251728 ], [ -99.141502988283008, 19.892349530531735 ] ], [ [ -99.141502988283008, 19.892349530531735 ], [ -99.141617727719364, 19.89243075196304 ] ], [ [ -99.141617727719364, 19.89243075196304 ], [ -99.141722883479758, 19.892521040221304 ] ], [ [ -99.141722883479758, 19.892521040221304 ], [ -99.141828040037453, 19.892620394707318 ] ], [ [ -99.141828040037453, 19.892620394707318 ], [ -99.141914126171656, 19.892728727859019 ] ], [ [ -99.141914126171656, 19.892728727859019 ], [ -99.141990626047132, 19.892837152232509 ] ], [ [ -99.141990626047132, 19.892837152232509 ], [ -99.142095782370717, 19.892927440268156 ] ], [ [ -99.142095782370717, 19.892927440268156 ], [ -99.142210522650771, 19.893008661296843 ] ], [ [ -99.142210522650771, 19.893008661296843 ], [ -99.142325263758792, 19.893098948542157 ] ], [ [ -99.142325263758792, 19.893098948542157 ], [ -99.142420838602561, 19.893198212699485 ] ], [ [ -99.142420838602561, 19.893198212699485 ], [ -99.142535577397112, 19.893279524130612 ] ], [ [ -99.142535577397112, 19.893279524130612 ], [ -99.142650318238239, 19.893360744854537 ] ], [ [ -99.142650318238239, 19.893360744854537 ], [ -99.142755475406688, 19.893451032478936 ] ], [ [ -99.142755475406688, 19.893451032478936 ], [ -99.142860632715113, 19.893541320038441 ] ], [ [ -99.142860632715113, 19.893541320038441 ], [ -99.142927551170018, 19.893649654085522 ] ], [ [ -99.142927551170018, 19.893649654085522 ], [ -99.143032708746915, 19.893739941543224 ] ], [ [ -99.143032708746915, 19.893739941543224 ], [ -99.14309972398695, 19.893857343644683 ] ], [ [ -99.14309972398695, 19.893857343644683 ], [ -99.143185812669543, 19.893974742510501 ] ], [ [ -99.143185812669543, 19.893974742510501 ], [ -99.143281384188285, 19.894065121158825 ] ], [ [ -99.143281384188285, 19.894065121158825 ], [ -99.143386640800429, 19.894164385892722 ] ], [ [ -99.143386640800429, 19.894164385892722 ], [ -99.143491799081829, 19.894254673077601 ] ], [ [ -99.143491799081829, 19.894254673077601 ], [ -99.143616027419753, 19.894326914934769 ] ], [ [ -99.143616027419753, 19.894326914934769 ], [ -99.143711699880825, 19.894426180203073 ] ], [ [ -99.143711699880825, 19.894426180203073 ], [ -99.143835928492948, 19.894498421892166 ] ], [ [ -99.143835928492948, 19.894498421892166 ], [ -99.143960158345649, 19.894561506547578 ] ], [ [ -99.143960158345649, 19.894561506547578 ], [ -99.144093966684281, 19.89459757266297 ] ], [ [ -99.144093966684281, 19.89459757266297 ], [ -99.144179948648613, 19.894642710637086 ] ], [ [ -99.144179948648613, 19.894642710637086 ], [ -99.144313759857141, 19.894687752245485 ] ], [ [ -99.144313759857141, 19.894687752245485 ], [ -99.14447623612223, 19.894787096811783 ] ], [ [ -99.14447623612223, 19.894787096811783 ], [ -99.144571808458466, 19.894850185153501 ] ], [ [ -99.144571808458466, 19.894850185153501 ], [ -99.14469613287595, 19.894913361659246 ] ], [ [ -99.14469613287595, 19.894913361659246 ], [ -99.144829946238843, 19.894976535451239 ] ], [ [ -99.144829946238843, 19.894976535451239 ], [ -99.144954175084067, 19.895039709948804 ] ], [ [ -99.144954175084067, 19.895039709948804 ], [ -99.145078404044995, 19.895102884348514 ] ], [ [ -99.145078404044995, 19.895102884348514 ], [ -99.145202635911843, 19.895175034338688 ] ], [ [ -99.145202635911843, 19.895175034338688 ], [ -99.145317376264487, 19.895238211189962 ] ], [ [ -99.145317376264487, 19.895238211189962 ], [ -99.145441596368812, 19.895247168660454 ] ], [ [ -99.145441596368812, 19.895247168660454 ], [ -99.145565824839494, 19.895301276356985 ] ], [ [ -99.145565824839494, 19.895301276356985 ], [ -99.14569005714722, 19.895373425961782 ] ], [ [ -99.14569005714722, 19.895373425961782 ], [ -99.145814286756433, 19.895436599779181 ] ], [ [ -99.145814286756433, 19.895436599779181 ], [ -99.145938616060917, 19.895517817312218 ] ], [ [ -99.145938616060917, 19.895517817312218 ], [ -99.146024603004705, 19.895580996291773 ] ], [ [ -99.146024603004705, 19.895580996291773 ], [ -99.146101096416743, 19.895617069590983 ] ], [ [ -99.146101096416743, 19.895617069590983 ], [ -99.146168006131234, 19.895662210069105 ] ], [ [ -99.146168006131234, 19.895662210069105 ], [ -99.146292340628037, 19.895770535664809 ] ], [ [ -99.146292340628037, 19.895770535664809 ], [ -99.146426162309595, 19.895878949081524 ] ], [ [ -99.146426162309595, 19.895878949081524 ], [ -99.146550497211194, 19.895987274488476 ] ], [ [ -99.146550497211194, 19.895987274488476 ], [ -99.146655558355747, 19.896050449494034 ] ], [ [ -99.146655558355747, 19.896050449494034 ], [ -99.146760816083727, 19.896140736381792 ] ], [ [ -99.146760816083727, 19.896140736381792 ], [ -99.146875467060013, 19.896231018657485 ] ], [ [ -99.146875467060013, 19.896231018657485 ], [ -99.146961560516374, 19.896348415652465 ] ], [ [ -99.146961560516374, 19.896348415652465 ], [ -99.147028575524033, 19.896438707964275 ] ], [ [ -99.147028575524033, 19.896438707964275 ], [ -99.147114568497216, 19.896528994737615 ] ], [ [ -99.147114568497216, 19.896528994737615 ], [ -99.147171999956598, 19.896628354285966 ] ], [ [ -99.147171999956598, 19.896628354285966 ], [ -99.147219847756261, 19.896736781114587 ] ], [ [ -99.147219847756261, 19.896736781114587 ], [ -99.147267795389823, 19.896863251775958 ] ], [ [ -99.147267795389823, 19.896863251775958 ], [ -99.14732523603864, 19.897007761701982 ] ], [ [ -99.14732523603864, 19.897007761701982 ], [ -99.147363605091215, 19.897170408040459 ] ], [ [ -99.147363605091215, 19.897170408040459 ], [ -99.147382798606785, 19.897296881631682 ] ], [ [ -99.147382798606785, 19.897296881631682 ], [ -99.147402088998106, 19.897432423374475 ] ], [ [ -99.147402088998106, 19.897432423374475 ], [ -99.147392630988278, 19.897604142776377 ] ], [ [ -99.147392630988278, 19.897604142776377 ], [ -99.147421404425273, 19.897703507055795 ] ], [ [ -99.147421404425273, 19.897703507055795 ], [ -99.147421530232421, 19.897866159190059 ] ], [ [ -99.147421530232421, 19.897866159190059 ], [ -99.147431227952623, 19.897965617872877 ] ], [ [ -99.147431227952623, 19.897965617872877 ], [ -99.14743134877034, 19.898101161651535 ] ], [ [ -99.14743134877034, 19.898101161651535 ], [ -99.147460126314499, 19.898218568029392 ] ], [ [ -99.147460126314499, 19.898218568029392 ], [ -99.147469736227023, 19.898354109060651 ] ], [ [ -99.147469736227023, 19.898354109060651 ], [ -99.147479432982422, 19.898444501443361 ] ], [ [ -99.147479432982422, 19.898444501443361 ], [ -99.147479549872685, 19.898562003221684 ] ], [ [ -99.147479549872685, 19.898562003221684 ], [ -99.147498743693319, 19.898688476970598 ] ], [ [ -99.147498743693319, 19.898688476970598 ], [ -99.14751793651206, 19.898805884385027 ] ], [ [ -99.14751793651206, 19.898805884385027 ], [ -99.147537123474493, 19.898905340368028 ] ], [ [ -99.147537123474493, 19.898905340368028 ], [ -99.147546828284149, 19.899031816938486 ] ], [ [ -99.147546828284149, 19.899031816938486 ], [ -99.147566120126911, 19.899176425241574 ] ], [ [ -99.147566120126911, 19.899176425241574 ], [ -99.147566138158965, 19.899266726245575 ] ], [ [ -99.147566138158965, 19.899266726245575 ], [ -99.147508934109595, 19.899375261895045 ] ], [ [ -99.147508934109595, 19.899375261895045 ], [ -99.147451733940954, 19.899501839614611 ] ], [ [ -99.147451733940954, 19.899501839614611 ], [ -99.147375458516166, 19.899619354722358 ] ], [ [ -99.147375458516166, 19.899619354722358 ], [ -99.147289498222619, 19.899718826885454 ] ], [ [ -99.147289498222619, 19.899718826885454 ], [ -99.147260959764637, 19.899854375598242 ] ], [ [ -99.147260959764637, 19.899854375598242 ], [ -99.147261080413827, 19.899989919627618 ] ], [ [ -99.147261080413827, 19.899989919627618 ], [ -99.147261201063301, 19.900125463674947 ] ], [ [ -99.147261201063301, 19.900125463674947 ], [ -99.1472518306078, 19.900261101135719 ] ], [ [ -99.1472518306078, 19.900261101135719 ], [ -99.147223291998131, 19.900396649913308 ] ], [ [ -99.147223291998131, 19.900396649913308 ], [ -99.147194750409213, 19.900523222968161 ] ], [ [ -99.147194750409213, 19.900523222968161 ], [ -99.147156626648083, 19.900658772728789 ] ], [ [ -99.147156626648083, 19.900658772728789 ], [ -99.147156747193804, 19.900794316864914 ] ], [ [ -99.147156747193804, 19.900794316864914 ], [ -99.147195112160972, 19.900929855376486 ] ], [ [ -99.147195112160972, 19.900929855376486 ], [ -99.147223890100804, 19.90104726212423 ] ], [ [ -99.147223890100804, 19.90104726212423 ], [ -99.147262255206556, 19.901182800652357 ] ], [ [ -99.147262255206556, 19.901182800652357 ], [ -99.14726237585829, 19.901318344857899 ] ], [ [ -99.14726237585829, 19.901318344857899 ], [ -99.147262496510166, 19.901453889081409 ] ], [ [ -99.147262496510166, 19.901453889081409 ], [ -99.147205294218494, 19.90157140059317 ] ], [ [ -99.147205294218494, 19.90157140059317 ], [ -99.147119334585298, 19.901689005596133 ] ], [ [ -99.147119334585298, 19.901689005596133 ], [ -99.147062118294116, 19.901734257971924 ] ], [ [ -99.147062118294116, 19.901734257971924 ], [ -99.146976139695866, 19.901734271930902 ] ], [ [ -99.146976139695866, 19.901734271930902 ], [ -99.146918716016671, 19.901689128794672 ] ], [ [ -99.146918716016671, 19.901689128794672 ], [ -99.146889942102476, 19.901589764032281 ] ], [ [ -99.146889942102476, 19.901589764032281 ], [ -99.146823014584058, 19.901463298148993 ] ], [ [ -99.146823014584058, 19.901463298148993 ], [ -99.146689199730062, 19.901436300570655 ] ], [ [ -99.146689199730062, 19.901436300570655 ], [ -99.146565071636886, 19.901445478613507 ] ], [ [ -99.146565071636886, 19.901445478613507 ], [ -99.146479108623708, 19.901535884122964 ] ], [ [ -99.146479108623708, 19.901535884122964 ], [ -99.146479228493263, 19.901671428375938 ] ], [ [ -99.146479228493263, 19.901671428375938 ], [ -99.146555739940226, 19.901788827142049 ] ], [ [ -99.146555739940226, 19.901788827142049 ], [ -99.146603688740313, 19.901915298638837 ] ], [ [ -99.146603688740313, 19.901915298638837 ], [ -99.146699272002635, 19.902023717959981 ] ], [ [ -99.146699272002635, 19.902023717959981 ], [ -99.146737635874914, 19.902150190372918 ] ], [ [ -99.146737635874914, 19.902150190372918 ], [ -99.146747341157536, 19.90228573377459 ] ], [ [ -99.146747341157536, 19.90228573377459 ], [ -99.146718801617837, 19.902421282725708 ] ], [ [ -99.146718801617837, 19.902421282725708 ], [ -99.146718921727583, 19.902556827095864 ] ], [ [ -99.146718921727583, 19.902556827095864 ], [ -99.146719041837656, 19.902692371483962 ] ], [ [ -99.146719041837656, 19.902692371483962 ], [ -99.1467287471405, 19.902827914958738 ] ], [ [ -99.1467287471405, 19.902827914958738 ], [ -99.146747940864657, 19.902954389330482 ] ], [ [ -99.146747940864657, 19.902954389330482 ], [ -99.146767135612194, 19.903089930101174 ] ], [ [ -99.146767135612194, 19.903089930101174 ], [ -99.146767255770911, 19.903225474559864 ] ], [ [ -99.146767255770911, 19.903225474559864 ], [ -99.146690975752932, 19.903343080379077 ] ], [ [ -99.146690975752932, 19.903343080379077 ], [ -99.146706044326024, 19.90340497449079 ] ], [ [ -99.146706044326024, 19.90340497449079 ], [ -99.146708499212068, 19.903445750453823 ] ], [ [ -99.146708499212068, 19.903445750453823 ], [ -99.146722946755887, 19.903546281008207 ] ], [ [ -99.146722946755887, 19.903546281008207 ], [ -99.146753365312492, 19.903645349642996 ] ], [ [ -99.146753365312492, 19.903645349642996 ], [ -99.146835885726261, 19.903772246160138 ] ], [ [ -99.146835885726261, 19.903772246160138 ], [ -99.146933848014129, 19.903922889766207 ] ], [ [ -99.146933848014129, 19.903922889766207 ], [ -99.147344878015033, 19.904312467381963 ] ], [ [ -99.147344878015033, 19.904312467381963 ], [ -99.147413396589485, 19.904499782368514 ] ], [ [ -99.147413396589485, 19.904499782368514 ], [ -99.147531668845318, 19.904536275869152 ] ], [ [ -99.147531668845318, 19.904536275869152 ], [ -99.147734803655425, 19.904721228512617 ] ], [ [ -99.147734803655425, 19.904721228512617 ], [ -99.147776941207667, 19.904932524496097 ] ], [ [ -99.147776941207667, 19.904932524496097 ], [ -99.147862011775331, 19.905071196831244 ] ], [ [ -99.147862011775331, 19.905071196831244 ], [ -99.147833571022375, 19.905193047996129 ] ], [ [ -99.147833571022375, 19.905193047996129 ], [ -99.147842477529494, 19.905261751979548 ] ], [ [ -99.147842477529494, 19.905261751979548 ], [ -99.147835554191118, 19.905344843898089 ] ], [ [ -99.147835554191118, 19.905344843898089 ], [ -99.147907696856933, 19.905406498887871 ] ], [ [ -99.147907696856933, 19.905406498887871 ], [ -99.148012866862246, 19.905496783930289 ] ], [ [ -99.148012866862246, 19.905496783930289 ], [ -99.148052669387013, 19.905603490630032 ] ], [ [ -99.148052669387013, 19.905603490630032 ], [ -99.148107182234781, 19.905709487619891 ] ], [ [ -99.148107182234781, 19.905709487619891 ], [ -99.148212353691932, 19.905808838960436 ] ], [ [ -99.148212353691932, 19.905808838960436 ], [ -99.14830793989286, 19.905908191269418 ] ], [ [ -99.14830793989286, 19.905908191269418 ], [ -99.148422694871854, 19.905989408628631 ] ], [ [ -99.148422694871854, 19.905989408628631 ], [ -99.148537449988282, 19.906070625907457 ] ], [ [ -99.148537449988282, 19.906070625907457 ], [ -99.148623550016097, 19.906178956675564 ] ], [ [ -99.148623550016097, 19.906178956675564 ], [ -99.148728721096731, 19.906269241289596 ] ], [ [ -99.148728721096731, 19.906269241289596 ], [ -99.148824308000357, 19.906368593317715 ] ], [ [ -99.148824308000357, 19.906368593317715 ], [ -99.148939064810605, 19.906458876738142 ] ], [ [ -99.148939064810605, 19.906458876738142 ], [ -99.149044237458014, 19.906558227574386 ] ], [ [ -99.149044237458014, 19.906558227574386 ], [ -99.149130334004212, 19.906648515899892 ] ], [ [ -99.149130334004212, 19.906648515899892 ], [ -99.149225923373962, 19.906747777083474 ] ], [ [ -99.149225923373962, 19.906747777083474 ], [ -99.149331095296517, 19.906838061329829 ] ], [ [ -99.149331095296517, 19.906838061329829 ], [ -99.149332967820641, 19.906840181809482 ] ], [ [ -99.149332967820641, 19.906840181809482 ], [ -99.149426780024072, 19.906946481254788 ] ], [ [ -99.149426780024072, 19.906946481254788 ], [ -99.149503295826833, 19.907054812717892 ] ], [ [ -99.149503295826833, 19.907054812717892 ], [ -99.149589388736871, 19.907127058611639 ] ], [ [ -99.149589388736871, 19.907127058611639 ], [ -99.149694567832654, 19.907253517700738 ] ], [ [ -99.149694567832654, 19.907253517700738 ], [ -99.149790153757976, 19.907334736368806 ] ], [ [ -99.149790153757976, 19.907334736368806 ], [ -99.149914501845927, 19.907443060230811 ] ], [ [ -99.149914501845927, 19.907443060230811 ], [ -99.150019663727647, 19.907479126768546 ] ], [ [ -99.150019663727647, 19.907479126768546 ], [ -99.15013432091385, 19.907542298933659 ] ], [ [ -99.15013432091385, 19.907542298933659 ], [ -99.15022042002856, 19.907641653152876 ] ], [ [ -99.15022042002856, 19.907641653152876 ], [ -99.150344670470787, 19.907731842039816 ] ], [ [ -99.150344670470787, 19.907731842039816 ], [ -99.150440355405905, 19.907831194992035 ] ], [ [ -99.150440355405905, 19.907831194992035 ], [ -99.150535944663659, 19.907930546092668 ] ], [ [ -99.150535944663659, 19.907930546092668 ], [ -99.150660286998516, 19.908002694316998 ] ], [ [ -99.150660286998516, 19.908002694316998 ], [ -99.150755876538184, 19.908102045295642 ] ], [ [ -99.150755876538184, 19.908102045295642 ], [ -99.150899300164966, 19.908201297825869 ] ], [ [ -99.150899300164966, 19.908201297825869 ], [ -99.150985294285832, 19.908255498972615 ] ], [ [ -99.150985294285832, 19.908255498972615 ], [ -99.151109638435273, 19.908336713283436 ] ], [ [ -99.151109638435273, 19.908336713283436 ], [ -99.151214812843435, 19.908426996363314 ] ], [ [ -99.151214812843435, 19.908426996363314 ], [ -99.151319987391631, 19.908517279378156 ] ], [ [ -99.151319987391631, 19.908517279378156 ], [ -99.151425162079704, 19.908607562328033 ] ], [ [ -99.151425162079704, 19.908607562328033 ], [ -99.151520754509207, 19.908706822254789 ] ], [ [ -99.151520754509207, 19.908706822254789 ], [ -99.151616440993322, 19.90880617455937 ] ], [ [ -99.151616440993322, 19.90880617455937 ], [ -99.151721617421529, 19.908905523766222 ] ], [ [ -99.151721617421529, 19.908905523766222 ], [ -99.151817306096035, 19.90900478533494 ] ], [ [ -99.151817306096035, 19.90900478533494 ], [ -99.151931966741628, 19.909077022673419 ] ], [ [ -99.151931966741628, 19.909077022673419 ], [ -99.152065797446042, 19.909140190954233 ] ], [ [ -99.152065797446042, 19.909140190954233 ], [ -99.152170973113542, 19.909230473441632 ] ], [ [ -99.152170973113542, 19.909230473441632 ], [ -99.152266663701241, 19.909338801199254 ] ], [ [ -99.152266663701241, 19.909338801199254 ], [ -99.152352765517975, 19.909438154381903 ] ], [ [ -99.152352765517975, 19.909438154381903 ], [ -99.152438774911516, 19.909546481540001 ] ], [ [ -99.152438774911516, 19.909546481540001 ], [ -99.152524878358477, 19.9096549010888 ] ], [ [ -99.152524878358477, 19.9096549010888 ], [ -99.15260149535942, 19.909772299519233 ] ], [ [ -99.15260149535942, 19.909772299519233 ], [ -99.152678016674102, 19.909889696124893 ] ], [ [ -99.152678016674102, 19.909889696124893 ], [ -99.152754536733468, 19.909998026258528 ] ], [ [ -99.152754536733468, 19.909998026258528 ], [ -99.152811984103622, 19.910124493693687 ] ], [ [ -99.152811984103622, 19.910124493693687 ], [ -99.152869431580982, 19.910250961122731 ] ], [ [ -99.152869431580982, 19.910250961122731 ], [ -99.152945950094619, 19.910359381826403 ] ], [ [ -99.152945950094619, 19.910359381826403 ], [ -99.152984323551465, 19.910494920139495 ] ], [ [ -99.152984323551465, 19.910494920139495 ], [ -99.153022695679354, 19.910621392008416 ] ], [ [ -99.153022695679354, 19.910621392008416 ], [ -99.15307056112259, 19.910756836576688 ] ], [ [ -99.15307056112259, 19.910756836576688 ], [ -99.153137591554852, 19.910874326823201 ] ], [ [ -99.153137591554852, 19.910874326823201 ], [ -99.153214113955158, 19.910991723284511 ] ], [ [ -99.153214113955158, 19.910991723284511 ], [ -99.153281050710305, 19.911109121066772 ] ], [ [ -99.153281050710305, 19.911109121066772 ], [ -99.153376740178274, 19.911208472493435 ] ], [ [ -99.153376740178274, 19.911208472493435 ], [ -99.153453261539653, 19.911316802413797 ] ], [ [ -99.153453261539653, 19.911316802413797 ], [ -99.153548952721138, 19.911425220211285 ] ], [ [ -99.153548952721138, 19.911425220211285 ], [ -99.153635060149881, 19.911533548699715 ] ], [ [ -99.153635060149881, 19.911533548699715 ], [ -99.153721068541799, 19.911632899519212 ] ], [ [ -99.153721068541799, 19.911632899519212 ], [ -99.153807177697942, 19.911750294394139 ] ], [ [ -99.153807177697942, 19.911750294394139 ], [ -99.153902869905409, 19.911849554922181 ] ], [ [ -99.153902869905409, 19.911849554922181 ], [ -99.153988975984419, 19.911957973883101 ] ], [ [ -99.153988975984419, 19.911957973883101 ], [ -99.154084570749305, 19.91205732314662 ] ], [ [ -99.154084570749305, 19.91205732314662 ], [ -99.154189753407451, 19.912156580327839 ] ], [ [ -99.154189753407451, 19.912156580327839 ], [ -99.154266267683468, 19.912237891795222 ] ], [ [ -99.154266267683468, 19.912237891795222 ], [ -99.15434278884193, 19.912337154907938 ] ], [ [ -99.15434278884193, 19.912337154907938 ], [ -99.154428894082457, 19.912436507202251 ] ], [ [ -99.154428894082457, 19.912436507202251 ], [ -99.154524586833617, 19.912544924502349 ] ], [ [ -99.154524586833617, 19.912544924502349 ], [ -99.154620180891968, 19.91263520701488 ] ], [ [ -99.154620180891968, 19.91263520701488 ], [ -99.154715875837425, 19.912743533586536 ] ], [ [ -99.154715875837425, 19.912743533586536 ], [ -99.154830544614597, 19.9128247448396 ] ], [ [ -99.154830544614597, 19.9128247448396 ], [ -99.15493572497904, 19.912915025733749 ] ], [ [ -99.15493572497904, 19.912915025733749 ], [ -99.155021834460968, 19.913023353592028 ] ], [ [ -99.155021834460968, 19.913023353592028 ], [ -99.155098357803354, 19.913140839977217 ] ], [ [ -99.155098357803354, 19.913140839977217 ], [ -99.155174979000464, 19.913258237506334 ] ], [ [ -99.155174979000464, 19.913258237506334 ], [ -99.155270573994343, 19.913348519671651 ] ], [ [ -99.155270573994343, 19.913348519671651 ], [ -99.155375758521586, 19.913447776155071 ] ], [ [ -99.155375758521586, 19.913447776155071 ], [ -99.155471451173526, 19.913547126486289 ] ], [ [ -99.155471451173526, 19.913547126486289 ], [ -99.155567049719878, 19.913655541448179 ] ], [ [ -99.155567049719878, 19.913655541448179 ], [ -99.155634085647492, 19.913772940294276 ] ], [ [ -99.155634085647492, 19.913772940294276 ], [ -99.155701121691152, 19.913890339124144 ] ], [ [ -99.155701121691152, 19.913890339124144 ], [ -99.155787136581679, 19.913998664853246 ] ], [ [ -99.155787136581679, 19.913998664853246 ], [ -99.155873245530955, 19.914107082971295 ] ], [ [ -99.155873245530955, 19.914107082971295 ], [ -99.155949772122568, 19.914224478421939 ] ], [ [ -99.155949772122568, 19.914224478421939 ], [ -99.156035883245551, 19.914332805842637 ] ], [ [ -99.156035883245551, 19.914332805842637 ], [ -99.156112504027021, 19.914450293663293 ] ], [ [ -99.156112504027021, 19.914450293663293 ], [ -99.156179444997292, 19.914567690561864 ] ], [ [ -99.156179444997292, 19.914567690561864 ], [ -99.156265556521589, 19.914676017888333 ] ], [ [ -99.156265556521589, 19.914676017888333 ], [ -99.15634208377368, 19.914793413206077 ] ], [ [ -99.15634208377368, 19.914793413206077 ], [ -99.156428192037666, 19.914892764602847 ] ], [ [ -99.156428192037666, 19.914892764602847 ], [ -99.156485644905928, 19.915019231249584 ] ], [ [ -99.156485644905928, 19.915019231249584 ], [ -99.156543084235125, 19.915091480195951 ] ], [ [ -99.156543084235125, 19.915091480195951 ], [ -99.156619608415653, 19.915199899557354 ] ], [ [ -99.156619608415653, 19.915199899557354 ], [ -99.156677063492438, 19.915326275540423 ] ], [ [ -99.156677063492438, 19.915326275540423 ], [ -99.156744003483681, 19.915443762918986 ] ], [ [ -99.156744003483681, 19.915443762918986 ], [ -99.156811041313674, 19.915561161449265 ] ], [ [ -99.156811041313674, 19.915561161449265 ], [ -99.156868489596548, 19.915669585668354 ] ], [ [ -99.156868489596548, 19.915669585668354 ], [ -99.156925941537693, 19.915786985745974 ] ], [ [ -99.156925941537693, 19.915786985745974 ], [ -99.157012061349036, 19.915922421645138 ] ], [ [ -99.157012061349036, 19.915922421645138 ], [ -99.157098172498593, 19.916030839270771 ] ], [ [ -99.157098172498593, 19.916030839270771 ], [ -99.157174701235661, 19.916148234323209 ] ], [ [ -99.157174701235661, 19.916148234323209 ], [ -99.157260814558114, 19.916256561251224 ] ], [ [ -99.157260814558114, 19.916256561251224 ], [ -99.157327755514089, 19.916374048478524 ] ], [ [ -99.157327755514089, 19.916374048478524 ], [ -99.157404380467028, 19.91649144525087 ] ], [ [ -99.157404380467028, 19.91649144525087 ], [ -99.157490494190824, 19.916599772084634 ] ], [ [ -99.157490494190824, 19.916599772084634 ], [ -99.157557437414397, 19.916717168620664 ] ], [ [ -99.157557437414397, 19.916717168620664 ], [ -99.157633963322866, 19.91682558764176 ] ], [ [ -99.157633963322866, 19.91682558764176 ], [ -99.157710590514938, 19.916952050819198 ] ], [ [ -99.157710590514938, 19.916952050819198 ], [ -99.157777532379342, 19.917060380789088 ] ], [ [ -99.157777532379342, 19.917060380789088 ], [ -99.157825498767508, 19.917195917131522 ] ], [ [ -99.157825498767508, 19.917195917131522 ], [ -99.157882953913997, 19.917322383532493 ] ], [ [ -99.157882953913997, 19.917322383532493 ], [ -99.157940311608954, 19.917439781618516 ] ], [ [ -99.157940311608954, 19.917439781618516 ], [ -99.158016937694072, 19.917557178203136 ] ], [ [ -99.158016937694072, 19.917557178203136 ], [ -99.158103050684616, 19.917665595430659 ] ], [ [ -99.158103050684616, 19.917665595430659 ], [ -99.158208236980826, 19.917755874480477 ] ], [ [ -99.158208236980826, 19.917755874480477 ], [ -99.158275172469985, 19.917837095396301 ] ], [ [ -99.158275172469985, 19.917837095396301 ], [ -99.158313441429357, 19.917909347192175 ] ], [ [ -99.158313441429357, 19.917909347192175 ], [ -99.158418628054548, 19.917999626117449 ] ], [ [ -99.158418628054548, 19.917999626117449 ], [ -99.158523816593288, 19.918098971496025 ] ], [ [ -99.158523816593288, 19.918098971496025 ], [ -99.158629003505538, 19.918189250292006 ] ], [ [ -99.158629003505538, 19.918189250292006 ], [ -99.158705623354734, 19.918279537683457 ] ], [ [ -99.158705623354734, 19.918279537683457 ], [ -99.158810812320652, 19.91837888288995 ] ], [ [ -99.158810812320652, 19.91837888288995 ], [ -99.15894465730446, 19.918441955042599 ] ], [ [ -99.15894465730446, 19.918441955042599 ], [ -99.159097474130974, 19.918478001757478 ] ], [ [ -99.159097474130974, 19.918478001757478 ], [ -99.15924089456658, 19.918504987111302 ] ], [ [ -99.15924089456658, 19.918504987111302 ], [ -99.159336486755137, 19.918559091713789 ] ], [ [ -99.159336486755137, 19.918559091713789 ], [ -99.159470328426309, 19.918613187519941 ] ], [ [ -99.159470328426309, 19.918613187519941 ], [ -99.159604070635368, 19.918658305521735 ] ], [ [ -99.159604070635368, 19.918658305521735 ], [ -99.159747498826036, 19.918712399342649 ] ], [ [ -99.159747498826036, 19.918712399342649 ], [ -99.159881340812476, 19.918766494794099 ] ], [ [ -99.159881340812476, 19.918766494794099 ], [ -99.160015085207178, 19.918811521810774 ] ], [ [ -99.160015085207178, 19.918811521810774 ], [ -99.160158506178021, 19.91883850630548 ] ], [ [ -99.160158506178021, 19.91883850630548 ], [ -99.160282762125092, 19.918892603189622 ] ], [ [ -99.160282762125092, 19.918892603189622 ], [ -99.160407021969931, 19.918964833026511 ] ], [ [ -99.160407021969931, 19.918964833026511 ], [ -99.160521793332194, 19.919036975735708 ] ], [ [ -99.160521793332194, 19.919036975735708 ], [ -99.160655542038057, 19.919100135253458 ] ], [ [ -99.160655542038057, 19.919100135253458 ], [ -99.16077031557063, 19.919181344311866 ] ], [ [ -99.16077031557063, 19.919181344311866 ], [ -99.160885085412048, 19.919253577390677 ] ], [ [ -99.160885085412048, 19.919253577390677 ], [ -99.161038012996002, 19.919334775358905 ] ], [ [ -99.161038012996002, 19.919334775358905 ], [ -99.16113362001964, 19.919434030262661 ] ], [ [ -99.16113362001964, 19.919434030262661 ], [ -99.161210138657282, 19.919497205741003 ] ], [ [ -99.161210138657282, 19.919497205741003 ], [ -99.161296257390461, 19.919614687891414 ] ], [ [ -99.161296257390461, 19.919614687891414 ], [ -99.161309926530478, 19.919644047255368 ] ], [ [ -99.161309926530478, 19.919644047255368 ], [ -99.161363309008465, 19.919759193854695 ] ], [ [ -99.161363309008465, 19.919759193854695 ], [ -99.161401691569694, 19.919885664744168 ] ], [ [ -99.161401691569694, 19.919885664744168 ], [ -99.161468647607805, 19.920030168905001 ] ], [ [ -99.161468647607805, 19.920030168905001 ], [ -99.161497445899258, 19.920165708203239 ] ], [ [ -99.161497445899258, 19.920165708203239 ], [ -99.161488092163808, 19.920310325102978 ] ], [ [ -99.161488092163808, 19.920310325102978 ], [ -99.161459561592991, 19.920436812671571 ] ], [ [ -99.161459561592991, 19.920436812671571 ], [ -99.16143102907219, 19.920563390879828 ] ], [ [ -99.16143102907219, 19.920563390879828 ], [ -99.161358424110077, 19.92072541001799 ] ], [ [ -99.161402515949902, 19.920753162999581 ], [ -99.161545974493606, 19.920906715309634 ] ], [ [ -99.161545974493606, 19.920906715309634 ], [ -99.161651261421554, 19.92099699404973 ] ], [ [ -99.161651261421554, 19.92099699404973 ], [ -99.161746870065556, 19.921096248727292 ] ], [ [ -99.161746870065556, 19.921096248727292 ], [ -99.161871132708796, 19.921168477519206 ] ], [ [ -99.161871132708796, 19.921168477519206 ], [ -99.16194766647304, 19.921276804203295 ] ], [ [ -99.16194766647304, 19.921276804203295 ], [ -99.162024300201608, 19.92140326574841 ] ], [ [ -99.162024300201608, 19.92140326574841 ], [ -99.162081759033782, 19.921520664527495 ] ], [ [ -99.162081759033782, 19.921520664527495 ], [ -99.162129633458335, 19.921647131753318 ] ], [ [ -99.162129633458335, 19.921647131753318 ], [ -99.16216801928536, 19.921782669231749 ] ], [ [ -99.16216801928536, 19.921782669231749 ], [ -99.162168154850932, 19.921918216147343 ] ], [ [ -99.162168154850932, 19.921918216147343 ], [ -99.162149117314655, 19.922053766894958 ] ], [ [ -99.162149117314655, 19.922053766894958 ], [ -99.162130171657154, 19.92218034352695 ] ], [ [ -99.162130171657154, 19.92218034352695 ], [ -99.162101643304439, 19.922315898001688 ] ], [ [ -99.162101643304439, 19.922315898001688 ], [ -99.162101778804129, 19.922451444987608 ] ], [ [ -99.162101778804129, 19.922451444987608 ], [ -99.162101914304159, 19.922586991991363 ] ], [ [ -99.162101914304159, 19.922586991991363 ], [ -99.162092463206193, 19.922722540916201 ] ], [ [ -99.162092463206193, 19.922722540916201 ], [ -99.162083107917454, 19.922858091651875 ] ], [ [ -99.162083107917454, 19.922858091651875 ], [ -99.162083243399167, 19.922993638709219 ] ], [ [ -99.162083243399167, 19.922993638709219 ], [ -99.162083378881249, 19.923129185784365 ] ], [ [ -99.162083378881249, 19.923129185784365 ], [ -99.162093101000139, 19.923264730974779 ] ], [ [ -99.162093101000139, 19.923264730974779 ], [ -99.162102727309914, 19.923400274388904 ] ], [ [ -99.162102727309914, 19.923400274388904 ], [ -99.162112584979383, 19.923671366760388 ] ], [ [ -99.162112584979383, 19.923671366760388 ], [ -99.162131919677435, 19.923897303915652 ] ], [ [ -99.162131919677435, 19.923897303915652 ], [ -99.162084458839232, 19.924204587086326 ] ], [ [ -99.162084458839232, 19.924204587086326 ], [ -99.162142064410119, 19.924493709080245 ] ], [ [ -99.162142064410119, 19.924493709080245 ], [ -99.162323766821061, 19.924602009541132 ] ], [ [ -99.162323766821061, 19.924602009541132 ], [ -99.162438450178499, 19.92468321597778 ] ], [ [ -99.162438450178499, 19.92468321597778 ], [ -99.162562810262173, 19.924746379671134 ] ], [ [ -99.162562810262173, 19.924746379671134 ], [ -99.162658422216197, 19.924845634135597 ] ], [ [ -99.162658422216197, 19.924845634135597 ], [ -99.162706296455866, 19.924972192217769 ] ], [ [ -99.162706296455866, 19.924972192217769 ], [ -99.162706414398599, 19.925044454754463 ] ], [ [ -99.162706414398599, 19.925044454754463 ], [ -99.162735092923228, 19.925089598772004 ] ], [ [ -99.162735092923228, 19.925089598772004 ], [ -99.162792553932249, 19.925206997702197 ] ], [ [ -99.162792553932249, 19.925206997702197 ], [ -99.162869188605029, 19.925324392721262 ] ], [ [ -99.162869188605029, 19.925324392721262 ], [ -99.162964799294798, 19.925423737678251 ] ], [ [ -99.162964799294798, 19.925423737678251 ], [ -99.163060410124544, 19.92552308258449 ] ], [ [ -99.163060410124544, 19.92552308258449 ], [ -99.163146534099582, 19.925631407157418 ] ], [ [ -99.163146534099582, 19.925631407157418 ], [ -99.163261314650157, 19.925712614845857 ] ], [ [ -99.163261314650157, 19.925712614845857 ], [ -99.163328269460919, 19.925839076460626 ] ], [ [ -99.163328269460919, 19.925839076460626 ], [ -99.163395316232069, 19.925956563896566 ] ], [ [ -99.163395316232069, 19.925956563896566 ], [ -99.163462365014922, 19.926073960686303 ] ], [ [ -99.163462365014922, 19.926073960686303 ], [ -99.163529320191444, 19.926200422256638 ] ], [ [ -99.163529320191444, 19.926200422256638 ], [ -99.16359636921085, 19.926317819014873 ] ], [ [ -99.16359636921085, 19.926317819014873 ], [ -99.163682494118532, 19.926426143366957 ] ], [ [ -99.163682494118532, 19.926426143366957 ], [ -99.163778106180558, 19.926525487917402 ] ], [ [ -99.163778106180558, 19.926525487917402 ], [ -99.1639023767748, 19.926597624795679 ] ], [ [ -99.1639023767748, 19.926597624795679 ], [ -99.1640267414368, 19.926669853999655 ] ], [ [ -99.1640267414368, 19.926669853999655 ], [ -99.164131938658613, 19.926760129730386 ] ], [ [ -99.164131938658613, 19.926760129730386 ], [ -99.164246622767308, 19.926832268374572 ] ], [ [ -99.164246622767308, 19.926832268374572 ], [ -99.164370891996768, 19.926904495520525 ] ], [ [ -99.164370891996768, 19.926904495520525 ], [ -99.164476185460728, 19.9269947728252 ] ], [ [ -99.164476185460728, 19.9269947728252 ], [ -99.164581387306939, 19.927094024239945 ] ], [ [ -99.164581387306939, 19.927094024239945 ], [ -99.164657924684519, 19.927202440809761 ] ], [ [ -99.164657924684519, 19.927202440809761 ], [ -99.164734466267959, 19.927319833321643 ] ], [ [ -99.164734466267959, 19.927319833321643 ], [ -99.164820592720829, 19.927428157132692 ] ], [ [ -99.164820592720829, 19.927428157132692 ], [ -99.164887545738665, 19.927545642298281 ] ], [ [ -99.164887545738665, 19.927545642298281 ], [ -99.164964183546061, 19.927663036525065 ] ], [ [ -99.164964183546061, 19.927663036525065 ], [ -99.165050210464301, 19.927762382476896 ] ], [ [ -99.165050210464301, 19.927762382476896 ], [ -99.165107680931271, 19.927897823413165 ] ], [ [ -99.165107680931271, 19.927897823413165 ], [ -99.165126991173011, 19.928024300337079 ] ], [ [ -99.165126991173011, 19.928024300337079 ], [ -99.165146207834965, 19.928159842089222 ] ], [ [ -99.165146207834965, 19.928159842089222 ], [ -99.16516552036741, 19.928295385648354 ] ], [ [ -99.16516552036741, 19.928295385648354 ], [ -99.165251556398516, 19.928421840743752 ] ], [ [ -99.165251556398516, 19.928421840743752 ], [ -99.165299525699268, 19.928530267017706 ] ], [ [ -99.165299525699268, 19.928530267017706 ], [ -99.165366481570302, 19.928647661467139 ] ], [ [ -99.165366481570302, 19.928647661467139 ], [ -99.165462192264172, 19.928747006961427 ] ], [ [ -99.165462192264172, 19.928747006961427 ], [ -99.165538735415254, 19.928864399243281 ] ], [ [ -99.165538735415254, 19.928864399243281 ], [ -99.165624863491303, 19.92897272275987 ] ], [ [ -99.165624863491303, 19.92897272275987 ], [ -99.165730063562819, 19.929062997583735 ] ], [ [ -99.165730063562819, 19.929062997583735 ], [ -99.165825678983438, 19.929162341097353 ] ], [ [ -99.165825678983438, 19.929162341097353 ], [ -99.165921394538827, 19.929270662337643 ] ], [ [ -99.165921394538827, 19.929270662337643 ], [ -99.166007523178408, 19.929378985679612 ] ], [ [ -99.166007523178408, 19.929378985679612 ], [ -99.166093551949217, 19.929478331204898 ] ], [ [ -99.166093551949217, 19.929478331204898 ], [ -99.166179678964355, 19.929586745101282 ] ], [ [ -99.166179678964355, 19.929586745101282 ], [ -99.16626580571986, 19.92968600170947 ] ], [ [ -99.16626580571986, 19.92968600170947 ], [ -99.166361424269525, 19.929794411566494 ] ], [ [ -99.166361424269525, 19.929794411566494 ], [ -99.166466725500015, 19.929893663733772 ] ], [ [ -99.166466725500015, 19.929893663733772 ], [ -99.166562339734739, 19.929983940240042 ] ], [ [ -99.166562339734739, 19.929983940240042 ], [ -99.166629297416392, 19.930101334297454 ] ], [ [ -99.166629297416392, 19.930101334297454 ], [ -99.166667665908236, 19.930164610642123 ] ], [ [ -99.166667665908236, 19.930164610642123 ], [ -99.166658203471428, 19.930255008982016 ] ], [ [ -99.166658203471428, 19.930255008982016 ], [ -99.166619974981401, 19.930327280647383 ] ], [ [ -99.166619974981401, 19.930327280647383 ], [ -99.166505433071677, 19.930408734202576 ] ], [ [ -99.166505433071677, 19.930408734202576 ], [ -99.166381303877131, 19.930490189852041 ] ], [ [ -99.166381303877131, 19.930490189852041 ], [ -99.166314512266709, 19.930589671442281 ] ], [ [ -99.166314512266709, 19.930589671442281 ], [ -99.166266903648278, 19.930716257937419 ] ], [ [ -99.166266903648278, 19.930716257937419 ], [ -99.166247868973514, 19.93085181035708 ] ], [ [ -99.166247868973514, 19.93085181035708 ], [ -99.166267182990126, 19.930987354129776 ] ], [ [ -99.166267182990126, 19.930987354129776 ], [ -99.16627681401944, 19.931122898294564 ] ], [ [ -99.16627681401944, 19.931122898294564 ], [ -99.166305617177272, 19.931249371505235 ] ], [ [ -99.166305617177272, 19.931249371505235 ], [ -99.166324929013143, 19.931375848687608 ] ], [ [ -99.166324929013143, 19.931375848687608 ], [ -99.166334560127694, 19.9315113928998 ] ], [ [ -99.166334560127694, 19.9315113928998 ], [ -99.166334684600713, 19.93160178916612 ] ], [ [ -99.166334684600713, 19.93160178916612 ], [ -99.16632522832569, 19.931710230256517 ] ], [ [ -99.16632522832569, 19.931710230256517 ], [ -99.166315876647289, 19.931845782435417 ] ], [ [ -99.166315876647289, 19.931845782435417 ], [ -99.166287350444946, 19.931981338968903 ] ], [ [ -99.166287350444946, 19.931981338968903 ], [ -99.166268315613038, 19.932116891557389 ] ], [ [ -99.166268315613038, 19.932116891557389 ], [ -99.166258966140404, 19.932261510429033 ] ], [ [ -99.166258966140404, 19.932261510429033 ], [ -99.16624951204895, 19.932379018227905 ] ], [ [ -99.16624951204895, 19.932379018227905 ], [ -99.166240064413699, 19.93251456869903 ] ], [ [ -99.166240064413699, 19.93251456869903 ], [ -99.166278444070258, 19.932604863966379 ] ], [ [ -99.166278444070258, 19.932604863966379 ], [ -99.166297660238641, 19.932731339527411 ] ], [ [ -99.166297660238641, 19.932731339527411 ], [ -99.166288193189672, 19.932812762051931 ] ], [ [ -99.166288193189672, 19.932812762051931 ], [ -99.166221402261002, 19.932912153194327 ] ], [ [ -99.166221402261002, 19.932912153194327 ], [ -99.166164203128645, 19.93302967545608 ] ], [ [ -99.166164203128645, 19.93302967545608 ], [ -99.166164342699204, 19.933165223847279 ] ], [ [ -99.166164342699204, 19.933165223847279 ], [ -99.166164480376196, 19.933300862886991 ] ], [ [ -99.166164480376196, 19.933300862886991 ], [ -99.166135953716491, 19.933436419583128 ] ], [ [ -99.166135953716491, 19.933436419583128 ], [ -99.166117014364843, 19.933571974134665 ] ], [ [ -99.166117014364843, 19.933571974134665 ], [ -99.166069306401255, 19.93368949248703 ] ], [ [ -99.166069306401255, 19.93368949248703 ], [ -99.166050358223416, 19.933797937724695 ] ], [ [ -99.166050358223416, 19.933797937724695 ], [ -99.166069578904271, 19.933942546775931 ] ], [ [ -99.166069578904271, 19.933942546775931 ], [ -99.166136535831143, 19.934050874842512 ] ], [ [ -99.166136535831143, 19.934050874842512 ], [ -99.166222665784275, 19.934159289194842 ] ], [ [ -99.166222665784275, 19.934159289194842 ], [ -99.166289721069461, 19.934276685668067 ] ], [ [ -99.166289721069461, 19.934276685668067 ], [ -99.166375853182188, 19.93438500932632 ] ], [ [ -99.166375853182188, 19.93438500932632 ], [ -99.166414118134185, 19.934421174851767 ] ], [ [ -99.166414118134185, 19.934421174851767 ], [ -99.166509715585889, 19.934448166412221 ] ], [ [ -99.166509715585889, 19.934448166412221 ], [ -99.166653052019612, 19.934457100689404 ] ], [ [ -99.166653052019612, 19.934457100689404 ], [ -99.166796399239161, 19.934493053556672 ] ], [ [ -99.166796399239161, 19.934493053556672 ], [ -99.166930255380734, 19.934538167582907 ] ], [ [ -99.166930255380734, 19.934538167582907 ], [ -99.167035460637919, 19.934628441988053 ] ], [ [ -99.167035460637919, 19.934628441988053 ], [ -99.167159740389025, 19.934700576763635 ] ], [ [ -99.167159740389025, 19.934700576763635 ], [ -99.167303099335513, 19.934772705188692 ] ], [ [ -99.167303099335513, 19.934772705188692 ], [ -99.167379734327284, 19.934862989650405 ] ], [ [ -99.167379734327284, 19.934862989650405 ], [ -99.167446690861951, 19.934971407865916 ] ], [ [ -99.167446690861951, 19.934971407865916 ], [ -99.167504160135849, 19.935088806135536 ] ], [ [ -99.167504160135849, 19.935088806135536 ], [ -99.167504301047728, 19.935224354795793 ] ], [ [ -99.167504301047728, 19.935224354795793 ], [ -99.167513933614188, 19.935359899438289 ] ], [ [ -99.167513933614188, 19.935359899438289 ], [ -99.16755232632579, 19.93548637068524 ] ], [ [ -99.16755232632579, 19.93548637068524 ], [ -99.167619385799753, 19.935612833393627 ] ], [ [ -99.167619385799753, 19.935612833393627 ], [ -99.167715007221688, 19.93571217634641 ] ], [ [ -99.167715007221688, 19.93571217634641 ], [ -99.167829799038913, 19.935793381370519 ] ], [ [ -99.167829799038913, 19.935793381370519 ], [ -99.167963661104963, 19.935847470584807 ] ], [ [ -99.167963661104963, 19.935847470584807 ], [ -99.168106999113306, 19.93585640349993 ] ], [ [ -99.168106999113306, 19.93585640349993 ], [ -99.168240756352361, 19.93588338128972 ] ], [ [ -99.168240756352361, 19.93588338128972 ], [ -99.168336476150188, 19.935982635035455 ] ], [ [ -99.168336476150188, 19.935982635035455 ], [ -99.168470238436527, 19.936027745977849 ] ], [ [ -99.168470238436527, 19.936027745977849 ], [ -99.168613574220615, 19.936027611739775 ] ], [ [ -99.168613574220615, 19.936027611739775 ], [ -99.168756895823421, 19.935982234618564 ] ], [ [ -99.168756895823421, 19.935982234618564 ], [ -99.168776067205755, 19.935968629955706 ] ], [ [ -99.168776067205755, 19.935968629955706 ], [ -99.168871535033304, 19.935900871343339 ] ], [ [ -99.168871535033304, 19.935900871343339 ], [ -99.169005273838167, 19.9358736296732 ] ], [ [ -99.169005273838167, 19.9358736296732 ], [ -99.169067676014805, 19.93586962668854 ] ], [ [ -99.169067676014805, 19.93586962668854 ], [ -99.169148606974886, 19.935864428254881 ] ], [ [ -99.169148606974886, 19.935864428254881 ], [ -99.169291951958087, 19.935891402768515 ] ], [ [ -99.169291951958087, 19.935891402768515 ], [ -99.169397159836919, 19.935981675653625 ] ], [ [ -99.169397159836919, 19.935981675653625 ], [ -99.169511955397667, 19.93607194610188 ] ], [ [ -99.169511955397667, 19.93607194610188 ], [ -99.169569426925548, 19.936189343713984 ] ], [ [ -99.169569426925548, 19.936189343713984 ], [ -99.169665052700765, 19.936297752170894 ] ], [ [ -99.169665052700765, 19.936297752170894 ], [ -99.169751186268627, 19.93639700744485 ] ], [ [ -99.169751186268627, 19.93639700744485 ], [ -99.169875471617118, 19.936478206798228 ] ], [ [ -99.169875471617118, 19.936478206798228 ], [ -99.169999750141443, 19.936541363326185 ] ], [ [ -99.169999750141443, 19.936541363326185 ], [ -99.170143093458918, 19.93655927037242 ] ], [ [ -99.170143093458918, 19.93655927037242 ], [ -99.17028642980307, 19.936559134553207 ] ], [ [ -99.17028642980307, 19.936559134553207 ], [ -99.170363417926168, 19.936559120531513 ] ], [ [ -99.170363417926168, 19.936559120531513 ], [ -99.170429766146881, 19.936558998598525 ] ], [ [ -99.170429766146881, 19.936558998598525 ], [ -99.170573102490451, 19.936558862508402 ] ], [ [ -99.170573102490451, 19.936558862508402 ], [ -99.170706952271772, 19.936576863879935 ] ], [ [ -99.170706952271772, 19.936576863879935 ], [ -99.170840816258462, 19.936630950595728 ] ], [ [ -99.170840816258462, 19.936630950595728 ], [ -99.17088869449266, 19.936730307493814 ] ], [ [ -99.17088869449266, 19.936730307493814 ], [ -99.170907922638591, 19.936874825711133 ] ], [ [ -99.170907922638591, 19.936874825711133 ], [ -99.170850728493775, 19.937001416875631 ] ], [ [ -99.170850728493775, 19.937001416875631 ], [ -99.170812618122511, 19.937136977393209 ] ], [ [ -99.170812618122511, 19.937136977393209 ], [ -99.170812762343033, 19.937272526319031 ] ], [ [ -99.170812762343033, 19.937272526319031 ], [ -99.170832081836195, 19.937408070352951 ] ], [ [ -99.170832081836195, 19.937408070352951 ], [ -99.170879970028196, 19.937534536764321 ] ], [ [ -99.170879970028196, 19.937534536764321 ], [ -99.170994765282842, 19.937615739535964 ] ], [ [ -99.170994765282842, 19.937615739535964 ], [ -99.171138100851977, 19.937615693542867 ] ], [ [ -99.171138100851977, 19.937615693542867 ], [ -99.171281448081714, 19.937642666221755 ] ], [ [ -99.171281448081714, 19.937642666221755 ], [ -99.171405730218197, 19.937705731037553 ] ], [ [ -99.171405730218197, 19.937705731037553 ], [ -99.171482281679474, 19.937823211969171 ] ], [ [ -99.171482281679474, 19.937823211969171 ], [ -99.171492016135488, 19.937958667856257 ] ], [ [ -99.171492016135488, 19.937958667856257 ], [ -99.171386965182251, 19.938049188108796 ] ], [ [ -99.171386965182251, 19.938049188108796 ], [ -99.171272424130549, 19.938139621936664 ] ], [ [ -99.171272424130549, 19.938139621936664 ], [ -99.171148278362381, 19.938184905949001 ] ], [ [ -99.171148278362381, 19.938184905949001 ], [ -99.171014545534945, 19.938239349655397 ] ], [ [ -99.171014545534945, 19.938239349655397 ], [ -99.170880814491014, 19.938293702615546 ] ], [ [ -99.170880814491014, 19.938293702615546 ], [ -99.170756678116334, 19.938366095771688 ] ], [ [ -99.170756678116334, 19.938366095771688 ], [ -99.170680305189336, 19.938483625257128 ] ], [ [ -99.170680305189336, 19.938483625257128 ], [ -99.170651781953083, 19.938619183482569 ] ], [ [ -99.170651781953083, 19.938619183482569 ], [ -99.170651923429929, 19.938745665903046 ] ], [ [ -99.170651923429929, 19.938745665903046 ], [ -99.170718982925735, 19.938863151570029 ] ], [ [ -99.170718982925735, 19.938863151570029 ], [ -99.17077635376512, 19.938962504481324 ] ], [ [ -99.17077635376512, 19.938962504481324 ], [ -99.170862489838541, 19.939061759379964 ] ], [ [ -99.170862489838541, 19.939061759379964 ], [ -99.170986883845529, 19.939170069298601 ] ], [ [ -99.170986883845529, 19.939170069298601 ], [ -99.171063423431818, 19.939251374421964 ] ], [ [ -99.171063423431818, 19.939251374421964 ], [ -99.17118770956138, 19.939323506219313 ] ], [ [ -99.17118770956138, 19.939323506219313 ], [ -99.171302406155945, 19.93939573103658 ] ], [ [ -99.171302406155945, 19.93939573103658 ], [ -99.171378947949208, 19.939476945387213 ] ], [ [ -99.171378947949208, 19.939476945387213 ], [ -99.171455598117504, 19.939594337689908 ] ], [ [ -99.171455598117504, 19.939594337689908 ], [ -99.171532150687966, 19.93971181881091 ] ], [ [ -99.171532150687966, 19.93971181881091 ], [ -99.171570452538219, 19.939838287785332 ] ], [ [ -99.171570452538219, 19.939838287785332 ], [ -99.171570693359399, 19.93997383885203 ] ], [ [ -99.171570693359399, 19.93997383885203 ], [ -99.171532580229226, 19.940100333228607 ] ], [ [ -99.171532580229226, 19.940100333228607 ], [ -99.171523137336337, 19.940235885041499 ] ], [ [ -99.171523137336337, 19.940235885041499 ], [ -99.1715232822703, 19.940371434372786 ] ], [ [ -99.1715232822703, 19.940371434372786 ], [ -99.171552094929453, 19.940506974434044 ] ], [ [ -99.171552094929453, 19.940506974434044 ], [ -99.171599984887095, 19.940633440996923 ] ], [ [ -99.171599984887095, 19.940633440996923 ], [ -99.171695711259773, 19.940741850426967 ] ], [ [ -99.171695711259773, 19.940741850426967 ], [ -99.171791341173957, 19.940841100670884 ] ], [ [ -99.171791341173957, 19.940841100670884 ], [ -99.171887065179092, 19.940940443282884 ] ], [ [ -99.171887065179092, 19.940940443282884 ], [ -99.171944540826004, 19.941057840547511 ] ], [ [ -99.171944540826004, 19.941057840547511 ], [ -99.171973354051971, 19.941193380618657 ] ], [ [ -99.171973354051971, 19.941193380618657 ], [ -99.172011659407602, 19.941328916385061 ] ], [ [ -99.172011659407602, 19.941328916385061 ], [ -99.172088212648248, 19.941437240067451 ] ], [ [ -99.172088212648248, 19.941437240067451 ], [ -99.172164862648387, 19.941554722865575 ] ], [ [ -99.172164862648387, 19.941554722865575 ], [ -99.172231830892073, 19.941672115763765 ] ], [ [ -99.172231830892073, 19.941672115763765 ], [ -99.172308379917169, 19.941771463276254 ] ], [ [ -99.172308379917169, 19.941771463276254 ], [ -99.17238503677703, 19.941897831465269 ] ], [ [ -99.17238503677703, 19.941897831465269 ], [ -99.172404259956821, 19.942024307389346 ] ], [ [ -99.172404259956821, 19.942024307389346 ], [ -99.172423485875555, 19.942159850056008 ] ], [ [ -99.172423485875555, 19.942159850056008 ], [ -99.172423631711368, 19.942295399638436 ] ], [ [ -99.172423631711368, 19.942295399638436 ], [ -99.172385615377038, 19.942431053663668 ] ], [ [ -99.172385615377038, 19.942431053663668 ], [ -99.172385761175292, 19.942566603281538 ] ], [ [ -99.172385761175292, 19.942566603281538 ], [ -99.17232856789947, 19.942693105068216 ] ], [ [ -99.17232856789947, 19.942693105068216 ], [ -99.172280857526474, 19.94280165030748 ] ], [ [ -99.172280857526474, 19.94280165030748 ], [ -99.172185400526445, 19.942910121198356 ] ], [ [ -99.172185400526445, 19.942910121198356 ], [ -99.172089938802955, 19.94300961593504 ] ], [ [ -99.172089938802955, 19.94300961593504 ], [ -99.172013658369039, 19.94312723903823 ] ], [ [ -99.172013658369039, 19.94312723903823 ], [ -99.17193728117968, 19.943235702958255 ] ], [ [ -99.17193728117968, 19.943235702958255 ], [ -99.171927934315818, 19.943371256994332 ] ], [ [ -99.171927934315818, 19.943371256994332 ], [ -99.171956748016726, 19.943506797371473 ] ], [ [ -99.171956748016726, 19.943506797371473 ], [ -99.172014227487182, 19.943633261643182 ] ], [ [ -99.172014227487182, 19.943633261643182 ], [ -99.172081196626877, 19.943750654843576 ] ], [ [ -99.172081196626877, 19.943750654843576 ], [ -99.172157753975355, 19.943868045488784 ] ], [ [ -99.172157753975355, 19.943868045488784 ], [ -99.172243892285422, 19.943967390704877 ] ], [ [ -99.172243892285422, 19.943967390704877 ], [ -99.172358706486378, 19.944084769302439 ] ], [ [ -99.172358706486378, 19.944084769302439 ], [ -99.172435261559841, 19.944193093097969 ] ], [ [ -99.172435261559841, 19.944193093097969 ], [ -99.172454480516933, 19.944310593179289 ] ], [ [ -99.172454480516933, 19.944310593179289 ], [ -99.172406887400271, 19.944473269017216 ] ], [ [ -99.172406887400271, 19.944473269017216 ], [ -99.172378362740233, 19.94460891898354 ] ], [ [ -99.172378362740233, 19.94460891898354 ], [ -99.172388101278941, 19.944753442453457 ] ], [ [ -99.172388101278941, 19.944753442453457 ], [ -99.172407324866413, 19.944879918725906 ] ], [ [ -99.172407324866413, 19.944879918725906 ], [ -99.172445724836365, 19.945006389897607 ] ], [ [ -99.172445724836365, 19.945006389897607 ], [ -99.172484127584994, 19.945141927830722 ] ], [ [ -99.172484127584994, 19.945141927830722 ], [ -99.172512843664833, 19.94526839979001 ] ], [ [ -99.172512843664833, 19.94526839979001 ], [ -99.172522575085068, 19.945394880459101 ] ], [ [ -99.172522575085068, 19.945394880459101 ], [ -99.17249403491823, 19.945485287405081 ] ], [ [ -99.17249403491823, 19.945485287405081 ], [ -99.172484592611454, 19.945620839982716 ] ], [ [ -99.172484592611454, 19.945620839982716 ], [ -99.172456067787763, 19.945756490113833 ] ], [ [ -99.172456067787763, 19.945756490113833 ], [ -99.17248487981611, 19.945882963940452 ] ], [ [ -99.17248487981611, 19.945882963940452 ], [ -99.172561436005367, 19.945991287860256 ] ], [ [ -99.172561436005367, 19.945991287860256 ], [ -99.172647578677811, 19.946099699814724 ] ], [ [ -99.172647578677811, 19.946099699814724 ], [ -99.172685979217178, 19.946226171074521 ] ], [ [ -99.172685979217178, 19.946226171074521 ], [ -99.172695617743969, 19.946361716828797 ] ], [ [ -99.172695617743969, 19.946361716828797 ], [ -99.172734023015863, 19.946497164243926 ] ], [ [ -99.172734023015863, 19.946497164243926 ], [ -99.172762833571113, 19.946623728740043 ] ], [ [ -99.172762833571113, 19.946623728740043 ], [ -99.172762981640531, 19.946759188274143 ] ], [ [ -99.172762981640531, 19.946759188274143 ], [ -99.172810873045563, 19.946885745850018 ] ], [ [ -99.172810873045563, 19.946885745850018 ], [ -99.17283969026515, 19.947021195887061 ] ], [ [ -99.17283969026515, 19.947021195887061 ], [ -99.17284942484757, 19.94715674352237 ] ], [ [ -99.17284942484757, 19.94715674352237 ], [ -99.172859159449487, 19.947292291174747 ] ], [ [ -99.172859159449487, 19.947292291174747 ], [ -99.17288797491409, 19.947427831887747 ] ], [ [ -99.17288797491409, 19.947427831887747 ], [ -99.172993194136296, 19.947518103284221 ] ], [ [ -99.172993194136296, 19.947518103284221 ], [ -99.17311748422938, 19.947581257930821 ] ], [ [ -99.17311748422938, 19.947581257930821 ], [ -99.173232292085018, 19.947671526574464 ] ], [ [ -99.173232292085018, 19.947671526574464 ], [ -99.17328967590322, 19.947788922305477 ] ], [ [ -99.17328967590322, 19.947788922305477 ], [ -99.173289822610911, 19.947924472623388 ] ], [ [ -99.173289822610911, 19.947924472623388 ], [ -99.173223133487014, 19.948051070430527 ] ], [ [ -99.173223133487014, 19.948051070430527 ], [ -99.173146754491938, 19.948159535474925 ] ], [ [ -99.173146754491938, 19.948159535474925 ], [ -99.173118231686033, 19.948295095430645 ] ], [ [ -99.173118231686033, 19.948295095430645 ], [ -99.17314704762272, 19.948430636225485 ] ], [ [ -99.17314704762272, 19.948430636225485 ], [ -99.173166252143787, 19.948502893402544 ] ], [ [ -99.173166252143787, 19.948502893402544 ], [ -99.173195068172575, 19.948638434215471 ] ], [ [ -99.173195068172575, 19.948638434215471 ], [ -99.173204803226284, 19.948773982039263 ] ], [ [ -99.173204803226284, 19.948773982039263 ], [ -99.173233619351251, 19.948909522880278 ] ], [ [ -99.173233619351251, 19.948909522880278 ], [ -99.173281511083658, 19.949026923148068 ] ], [ [ -99.173281511083658, 19.949026923148068 ], [ -99.173338994129125, 19.949153387591121 ] ], [ [ -99.173338994129125, 19.949153387591121 ], [ -99.17337730309788, 19.949288924053619 ] ], [ [ -99.17337730309788, 19.949288924053619 ], [ -99.173387032845312, 19.949406338364618 ] ], [ [ -99.173387032845312, 19.949406338364618 ], [ -99.173329812604962, 19.949469645703509 ] ], [ [ -99.173329812604962, 19.949469645703509 ], [ -99.173243809262615, 19.949487808146031 ] ], [ [ -99.173243809262615, 19.949487808146031 ], [ -99.173186481032559, 19.949524094531256 ] ], [ [ -99.173186481032559, 19.949524094531256 ], [ -99.17314834643706, 19.949596370974866 ] ], [ [ -99.17314834643706, 19.949596370974866 ], [ -99.173186629528388, 19.949659554443691 ] ], [ [ -99.173186629528388, 19.949659554443691 ], [ -99.17326315326001, 19.949677572975148 ] ], [ [ -99.17326315326001, 19.949677572975148 ], [ -99.173406402960765, 19.94966845625579 ] ], [ [ -99.173406402960765, 19.94966845625579 ], [ -99.173492522669164, 19.949704515011931 ] ], [ [ -99.173492522669164, 19.949704515011931 ], [ -99.173511624266453, 19.949758727487549 ] ], [ [ -99.173511624266453, 19.949758727487549 ], [ -99.173511867045505, 19.949894279848916 ] ], [ [ -99.173511867045505, 19.949894279848916 ], [ -99.173473755711257, 19.950029842722703 ] ], [ [ -99.173473755711257, 19.950029842722703 ], [ -99.173454725529297, 19.95016539857685 ] ], [ [ -99.173454725529297, 19.95016539857685 ], [ -99.173397525388367, 19.950282925525467 ] ], [ [ -99.173397525388367, 19.950282925525467 ], [ -99.173340327912712, 19.950409519267456 ] ], [ [ -99.173340327912712, 19.950409519267456 ], [ -99.173292720783934, 19.950536019760399 ] ], [ [ -99.173292720783934, 19.950536019760399 ], [ -99.1732163413118, 19.95065364253578 ] ], [ [ -99.1732163413118, 19.95065364253578 ], [ -99.173159145400135, 19.95078014562236 ] ], [ [ -99.173159145400135, 19.95078014562236 ], [ -99.173111536082786, 19.950906736735913 ] ], [ [ -99.173111536082786, 19.950906736735913 ], [ -99.173044746732984, 19.951024266234647 ] ], [ [ -99.173044746732984, 19.951024266234647 ], [ -99.172958871273039, 19.951132826509262 ] ], [ [ -99.172958871273039, 19.951132826509262 ], [ -99.172892081679606, 19.951250355966369 ] ], [ [ -99.172892081679606, 19.951250355966369 ], [ -99.172815799195746, 19.951367889775391 ] ], [ [ -99.172815799195746, 19.951367889775391 ], [ -99.172787154774213, 19.951440252520911 ] ], [ [ -99.172787154774213, 19.951440252520911 ], [ -99.172701280734415, 19.951548722060824 ] ], [ [ -99.172701280734415, 19.951548722060824 ], [ -99.172644082074953, 19.951675315694672 ] ], [ [ -99.172644082074953, 19.951675315694672 ], [ -99.172577291941593, 19.951792845074575 ] ], [ [ -99.172577291941593, 19.951792845074575 ], [ -99.172510504401373, 19.951919441253271 ] ], [ [ -99.172510504401373, 19.951919441253271 ], [ -99.172472482749555, 19.952046029743229 ] ], [ [ -99.172472482749555, 19.952046029743229 ], [ -99.172405692284826, 19.952163559089534 ] ], [ [ -99.172405692284826, 19.952163559089534 ], [ -99.172386756584928, 19.952299116875363 ] ], [ [ -99.172386756584928, 19.952299116875363 ], [ -99.17238690239499, 19.952434667783116 ] ], [ [ -99.17238690239499, 19.952434667783116 ], [ -99.172425208635786, 19.952561138093941 ] ], [ [ -99.172425208635786, 19.952561138093941 ], [ -99.1724445319186, 19.952696683922319 ] ], [ [ -99.1724445319186, 19.952696683922319 ], [ -99.172406418729864, 19.952832246893784 ] ], [ [ -99.172406418729864, 19.952832246893784 ], [ -99.172396975823958, 19.952967800425775 ] ], [ [ -99.172396975823958, 19.952967800425775 ], [ -99.172435378074354, 19.953094272586036 ] ], [ [ -99.172435378074354, 19.953094272586036 ], [ -99.172511930986886, 19.953184554263977 ] ], [ [ -99.172511930986886, 19.953184554263977 ], [ -99.172645804761217, 19.953220597233148 ] ], [ [ -99.172645804761217, 19.953220597233148 ], [ -99.172779567232098, 19.953211394798945 ] ], [ [ -99.172779567232098, 19.953211394798945 ], [ -99.172922911074693, 19.953184146639952 ] ], [ [ -99.172922911074693, 19.953184146639952 ], [ -99.173066264987867, 19.953184008191215 ] ], [ [ -99.173066264987867, 19.953184008191215 ], [ -99.173133212080941, 19.953229139292006 ] ], [ [ -99.173133212080941, 19.953229139292006 ], [ -99.173142834017042, 19.953319533060853 ] ], [ [ -99.173142834017042, 19.953319533060853 ], [ -99.173152566602596, 19.95344601467087 ] ], [ [ -99.173152566602596, 19.95344601467087 ], [ -99.17308578342228, 19.953581587501219 ] ], [ [ -99.17308578342228, 19.953581587501219 ], [ -99.173057257525457, 19.953717238786023 ] ], [ [ -99.173057257525457, 19.953717238786023 ], [ -99.173038322259913, 19.953852796855948 ] ], [ [ -99.173038322259913, 19.953852796855948 ], [ -99.172981120202792, 19.953970324064805 ] ], [ [ -99.172981120202792, 19.953970324064805 ], [ -99.172914331967235, 19.954096920686688 ] ], [ [ -99.172914331967235, 19.954096920686688 ], [ -99.172837949320126, 19.9542053862072 ] ], [ [ -99.172837949320126, 19.9542053862072 ], [ -99.172771253959141, 19.954322917745621 ] ], [ [ -99.172771253959141, 19.954322917745621 ], [ -99.172742611614197, 19.954404347525212 ] ], [ [ -99.172742611614197, 19.954404347525212 ], [ -99.172771425747086, 19.95453082235117 ] ], [ [ -99.172771425747086, 19.95453082235117 ], [ -99.172838499505588, 19.954657285075793 ] ], [ [ -99.172838499505588, 19.954657285075793 ], [ -99.172895984524502, 19.954783750372428 ] ], [ [ -99.172895984524502, 19.954783750372428 ], [ -99.172924703030134, 19.954910223428637 ] ], [ [ -99.172924703030134, 19.954910223428637 ], [ -99.172963110951727, 19.955045671901178 ] ], [ [ -99.172963110951727, 19.955045671901178 ], [ -99.173030182399785, 19.955163067760409 ] ], [ [ -99.173030182399785, 19.955163067760409 ], [ -99.173125821570778, 19.955262409175582 ] ], [ [ -99.173125821570778, 19.955262409175582 ], [ -99.173183307114172, 19.955388874436917 ] ], [ [ -99.173183307114172, 19.955388874436917 ], [ -99.173202535706224, 19.955524418750919 ] ], [ [ -99.173202535706224, 19.955524418750919 ], [ -99.173260021432299, 19.95565088401505 ] ], [ [ -99.173260021432299, 19.95565088401505 ], [ -99.173336583755031, 19.955759208562874 ] ], [ [ -99.173336583755031, 19.955759208562874 ], [ -99.173432319422531, 19.955858551628221 ] ], [ [ -99.173432319422531, 19.955858551628221 ], [ -99.17355662481161, 19.955939749489286 ] ], [ [ -99.17355662481161, 19.955939749489286 ], [ -99.17367143724924, 19.956020951676383 ] ], [ [ -99.17367143724924, 19.956020951676383 ], [ -99.173786149289086, 19.956093175778101 ] ], [ [ -99.173786149289086, 19.956093175778101 ], [ -99.173920038461389, 19.956156237013186 ] ], [ [ -99.173920038461389, 19.956156237013186 ], [ -99.174044336903194, 19.956219391425538 ] ], [ [ -99.174044336903194, 19.956219391425538 ], [ -99.174168635460802, 19.956282545739906 ] ], [ [ -99.174168635460802, 19.956282545739906 ], [ -99.174293034703084, 19.956354677962871 ] ], [ [ -99.174293034703084, 19.956354677962871 ], [ -99.174388675639577, 19.956454018695609 ] ], [ [ -99.174388675639577, 19.956454018695609 ], [ -99.174503489010831, 19.956535220293052 ] ], [ [ -99.174503489010831, 19.956535220293052 ], [ -99.174608719224167, 19.956634558216397 ] ], [ [ -99.174608719224167, 19.956634558216397 ], [ -99.174675697030409, 19.956751951741651 ] ], [ [ -99.174675697030409, 19.956751951741651 ], [ -99.174704513464974, 19.956878426485964 ] ], [ [ -99.174704513464974, 19.956878426485964 ], [ -99.174675993236249, 19.957023054731913 ] ], [ [ -99.174675993236249, 19.957023054731913 ], [ -99.17462838314313, 19.95714964708209 ] ], [ [ -99.17462838314313, 19.95714964708209 ], [ -99.17459026803779, 19.957276144321373 ] ], [ [ -99.17459026803779, 19.957276144321373 ], [ -99.174513994053996, 19.957420789621363 ] ], [ [ -99.174513994053996, 19.957420789621363 ], [ -99.174456794610023, 19.957547384654021 ] ], [ [ -99.174456794610023, 19.957547384654021 ], [ -99.174409184128194, 19.957673976999239 ] ], [ [ -99.174409184128194, 19.957673976999239 ], [ -99.174371071504552, 19.957809541113434 ] ], [ [ -99.174371071504552, 19.957809541113434 ], [ -99.174380712538962, 19.957945088272439 ] ], [ [ -99.174380712538962, 19.957945088272439 ], [ -99.174400035708103, 19.958071567685039 ] ], [ [ -99.174400035708103, 19.958071567685039 ], [ -99.174438340691978, 19.958189061936512 ] ], [ [ -99.174438340691978, 19.958189061936512 ], [ -99.174486340169054, 19.958324507766644 ] ], [ [ -99.174486340169054, 19.958324507766644 ], [ -99.174534234422396, 19.958441999335633 ] ], [ [ -99.174534234422396, 19.958441999335633 ], [ -99.174591722627085, 19.95856846444979 ] ], [ [ -99.174591722627085, 19.95856846444979 ], [ -99.174610954966411, 19.958703918366552 ] ], [ [ -99.174610954966411, 19.958703918366552 ], [ -99.174639771755338, 19.95883039336044 ] ], [ [ -99.174639771755338, 19.95883039336044 ], [ -99.174687669175015, 19.958956951814383 ] ], [ [ -99.174687669175015, 19.958956951814383 ], [ -99.174716490834413, 19.959092403068805 ] ], [ [ -99.174716490834413, 19.959092403068805 ], [ -99.174783565801874, 19.959209798609397 ] ], [ [ -99.174783565801874, 19.959209798609397 ], [ -99.174841054564681, 19.959336263722371 ] ], [ [ -99.174841054564681, 19.959336263722371 ], [ -99.174869874569495, 19.959471805630134 ] ], [ [ -99.174869874569495, 19.959471805630134 ], [ -99.174908185113864, 19.959598276169743 ] ], [ [ -99.174908185113864, 19.959598276169743 ], [ -99.174927511881307, 19.959733822599027 ] ], [ [ -99.174927511881307, 19.959733822599027 ], [ -99.174898988421077, 19.959869384399518 ] ], [ [ -99.174898988421077, 19.959869384399518 ], [ -99.174813105981087, 19.959968879762506 ] ], [ [ -99.174813105981087, 19.959968879762506 ], [ -99.174784460808596, 19.960041243483857 ] ], [ [ -99.174784460808596, 19.960041243483857 ], [ -99.17479407099286, 19.960095460827716 ] ], [ [ -99.17479407099286, 19.960095460827716 ], [ -99.174813298999254, 19.960221938663363 ] ], [ [ -99.174813298999254, 19.960221938663363 ], [ -99.174813423424496, 19.960294203650463 ] ], [ [ -99.174813423424496, 19.960294203650463 ], [ -99.174823160932547, 19.960429752890501 ] ], [ [ -99.174823160932547, 19.960429752890501 ], [ -99.17484239187857, 19.960565297653336 ] ], [ [ -99.17484239187857, 19.960565297653336 ], [ -99.174861622862991, 19.960700842431361 ] ], [ [ -99.174861622862991, 19.960700842431361 ], [ -99.174900029602014, 19.960827314907842 ] ], [ [ -99.174900029602014, 19.960827314907842 ], [ -99.174928849982663, 19.960962856998545 ] ], [ [ -99.174928849982663, 19.960962856998545 ], [ -99.174928998343134, 19.961098409033021 ] ], [ [ -99.174928998343134, 19.961098409033021 ], [ -99.174938737912925, 19.961233867737111 ] ], [ [ -99.174938737912925, 19.961233867737111 ], [ -99.175005716388114, 19.961351352268686 ] ], [ [ -99.175005716388114, 19.961351352268686 ], [ -99.175005864825863, 19.961486904353681 ] ], [ [ -99.175005864825863, 19.961486904353681 ], [ -99.175015604500359, 19.961622363103352 ] ], [ [ -99.175015604500359, 19.961622363103352 ], [ -99.175054027928525, 19.961794079523443 ] ], [ [ -99.175054027928525, 19.961794079523443 ], [ -99.175034984275072, 19.961893460134863 ] ], [ [ -99.175034984275072, 19.961893460134863 ], [ -99.17505421564033, 19.962029005061318 ] ], [ [ -99.17505421564033, 19.962029005061318 ], [ -99.175073542900208, 19.962164551788423 ] ], [ [ -99.175073542900208, 19.962164551788423 ], [ -99.17508318494643, 19.962300099469768 ] ], [ [ -99.17508318494643, 19.962300099469768 ], [ -99.175102512273867, 19.962435646228421 ] ], [ [ -99.175102512273867, 19.962435646228421 ], [ -99.175169493372849, 19.962553040189835 ] ], [ [ -99.175169493372849, 19.962553040189835 ], [ -99.175236570444255, 19.962670435920248 ] ], [ [ -99.175236570444255, 19.962670435920248 ], [ -99.175313141205734, 19.962787827110468 ] ], [ [ -99.175313141205734, 19.962787827110468 ], [ -99.175408787426804, 19.962887167813861 ] ], [ [ -99.175408787426804, 19.962887167813861 ], [ -99.175475867778076, 19.963013630387628 ] ], [ [ -99.175475867778076, 19.963013630387628 ], [ -99.175571612022381, 19.963112882161639 ] ], [ [ -99.175571612022381, 19.963112882161639 ], [ -99.175657669201456, 19.963212225493898 ] ], [ [ -99.175657669201456, 19.963212225493898 ], [ -99.175762905441815, 19.963311563253637 ] ], [ [ -99.175762905441815, 19.963311563253637 ], [ -99.175858666659792, 19.963456058817535 ] ], [ [ -99.175858666659792, 19.963456058817535 ], [ -99.17590656580235, 19.96357345989869 ] ], [ [ -99.17590656580235, 19.96357345989869 ], [ -99.175906715143, 19.963709012271892 ] ], [ [ -99.175906715143, 19.963709012271892 ], [ -99.175954609589255, 19.963817437081229 ] ], [ [ -99.175954609589255, 19.963817437081229 ], [ -99.176012103285245, 19.963943811676273 ] ], [ [ -99.176012103285245, 19.963943811676273 ], [ -99.176069590365842, 19.964061300611153 ] ], [ [ -99.176069590365842, 19.964061300611153 ], [ -99.176146162633842, 19.964178691537491 ] ], [ [ -99.176146162633842, 19.964178691537491 ], [ -99.176174982018125, 19.964305166904506 ] ], [ [ -99.176174982018125, 19.964305166904506 ], [ -99.176242063785494, 19.964431629311452 ] ], [ [ -99.176242063785494, 19.964431629311452 ], [ -99.176318633448062, 19.964539953267611 ] ], [ [ -99.176318633448062, 19.964539953267611 ], [ -99.176366539305874, 19.964675488177484 ] ], [ [ -99.176366539305874, 19.964675488177484 ], [ -99.176376278681133, 19.964811037887799 ] ], [ [ -99.176376278681133, 19.964811037887799 ], [ -99.17633816305289, 19.964937536496898 ] ], [ [ -99.17633816305289, 19.964937536496898 ], [ -99.176280948408234, 19.96502795604772 ] ], [ [ -99.176280948408234, 19.96502795604772 ], [ -99.176185608145062, 19.965226921598262 ] ], [ [ -99.176185608145062, 19.965226921598262 ], [ -99.176166703692459, 19.96543474511525 ] ], [ [ -99.176166703692459, 19.96543474511525 ], [ -99.176166853295157, 19.965570297730153 ] ], [ [ -99.176166853295157, 19.965570297730153 ], [ -99.176186086313336, 19.965705842991252 ] ], [ [ -99.176186086313336, 19.965705842991252 ], [ -99.176186235935717, 19.96584139564138 ] ], [ [ -99.176186235935717, 19.96584139564138 ], [ -99.17615770949601, 19.965967891535822 ] ], [ [ -99.17615770949601, 19.965967891535822 ], [ -99.17615784054928, 19.966058290796123 ] ], [ [ -99.17615784054928, 19.966058290796123 ], [ -99.176157990143807, 19.9661938434921 ] ], [ [ -99.176157990143807, 19.9661938434921 ], [ -99.176186812922538, 19.966329386041643 ] ], [ [ -99.176186812922538, 19.966329386041643 ], [ -99.176225227336957, 19.966464835173451 ] ], [ [ -99.176225227336957, 19.966464835173451 ], [ -99.176263541121116, 19.966591306219424 ] ], [ [ -99.176263541121116, 19.966591306219424 ], [ -99.176301943022835, 19.966699735802042 ] ], [ [ -99.176301943022835, 19.966699735802042 ], [ -99.176369039849874, 19.96686237558901 ] ], [ [ -99.176369039849874, 19.96686237558901 ], [ -99.176416932809076, 19.966961733634317 ] ], [ [ -99.176416932809076, 19.966961733634317 ], [ -99.176464833673336, 19.967079134933851 ] ], [ [ -99.176464833673336, 19.967079134933851 ], [ -99.176531821223563, 19.967205595764504 ] ], [ [ -99.176531821223563, 19.967205595764504 ], [ -99.176551150698273, 19.967341142976256 ] ], [ [ -99.176551150698273, 19.967341142976256 ], [ -99.176599054795474, 19.967467611226397 ] ], [ [ -99.176599054795474, 19.967467611226397 ], [ -99.176637469944126, 19.967603060401544 ] ], [ [ -99.176637469944126, 19.967603060401544 ], [ -99.17667578443438, 19.967729531481371 ] ], [ [ -99.17667578443438, 19.967729531481371 ], [ -99.176704608057051, 19.967865074131975 ] ], [ [ -99.176704608057051, 19.967865074131975 ], [ -99.176733431737333, 19.968000616794733 ] ], [ [ -99.176733431737333, 19.968000616794733 ], [ -99.176781439974846, 19.968145130129862 ] ], [ [ -99.176781439974846, 19.968145130129862 ], [ -99.17680066309677, 19.968253565409718 ] ], [ [ -99.17680066309677, 19.968253565409718 ], [ -99.176858157574969, 19.96838003085541 ] ], [ [ -99.176858157574969, 19.96838003085541 ], [ -99.176867801847095, 19.968515579231216 ] ], [ [ -99.176867801847095, 19.968515579231216 ], [ -99.176915802515211, 19.968642049307896 ] ], [ [ -99.176915802515211, 19.968642049307896 ], [ -99.176935036717666, 19.96877759487306 ] ], [ [ -99.176935036717666, 19.96877759487306 ], [ -99.176973447678193, 19.968904067804242 ] ], [ [ -99.176973447678193, 19.968904067804242 ], [ -99.176983092102887, 19.969039616240792 ] ], [ [ -99.176983092102887, 19.969039616240792 ], [ -99.176992834295007, 19.969175075844564 ] ], [ [ -99.176992834295007, 19.969175075844564 ], [ -99.176992984727733, 19.969310628944495 ] ], [ [ -99.176992984727733, 19.969310628944495 ], [ -99.176993135160771, 19.969446182062079 ] ], [ [ -99.176993135160771, 19.969446182062079 ], [ -99.177012358636333, 19.969554617450264 ] ], [ [ -99.177012358636333, 19.969554617450264 ], [ -99.177031590053133, 19.969681096152076 ] ], [ [ -99.177031590053133, 19.969681096152076 ], [ -99.177050909454337, 19.969789533343903 ] ], [ [ -99.177050909454337, 19.969789533343903 ], [ -99.177060551005809, 19.969916014918866 ] ], [ [ -99.177060551005809, 19.969916014918866 ], [ -99.177070291451244, 19.970051565265372 ] ], [ [ -99.177070291451244, 19.970051565265372 ], [ -99.177041773987554, 19.970205262758142 ] ], [ [ -99.177041773987554, 19.970205262758142 ], [ -99.177051508408937, 19.970322679193085 ] ], [ [ -99.177051508408937, 19.970322679193085 ], [ -99.177051657014474, 19.970458323076052 ] ], [ [ -99.177051657014474, 19.970458323076052 ], [ -99.17708997760046, 19.970593770740415 ] ], [ [ -99.17708997760046, 19.970593770740415 ], [ -99.177128389219988, 19.970720243852373 ] ], [ [ -99.177128389219988, 19.970720243852373 ], [ -99.177157213930784, 19.970855786805217 ] ], [ [ -99.177157213930784, 19.970855786805217 ], [ -99.177176448688641, 19.970991332627097 ] ], [ [ -99.177176448688641, 19.970991332627097 ], [ -99.177233944678093, 19.971117798261918 ] ], [ [ -99.177233944678093, 19.971117798261918 ], [ -99.17725317652328, 19.971244277124921 ] ], [ [ -99.17725317652328, 19.971244277124921 ], [ -99.177301181546525, 19.971379814394357 ] ], [ [ -99.177301181546525, 19.971379814394357 ], [ -99.177301334176832, 19.971515277145944 ] ], [ [ -99.177301334176832, 19.971515277145944 ], [ -99.177310974197695, 19.971641849548135 ] ], [ [ -99.177310974197695, 19.971641849548135 ], [ -99.177301630747849, 19.971777407616749 ] ], [ [ -99.177301630747849, 19.971777407616749 ], [ -99.177282601340536, 19.971912966781964 ] ], [ [ -99.177282601340536, 19.971912966781964 ], [ -99.177273257843666, 19.972048524884034 ] ], [ [ -99.177273257843666, 19.972048524884034 ], [ -99.17728290279166, 19.972184073709517 ] ], [ [ -99.17728290279166, 19.972184073709517 ], [ -99.177330905145581, 19.972310544099077 ] ], [ [ -99.177330905145581, 19.972310544099077 ], [ -99.177378816647447, 19.97244598906391 ] ], [ [ -99.177378816647447, 19.97244598906391 ], [ -99.177436305478011, 19.972554411443323 ] ], [ [ -99.177436305478011, 19.972554411443323 ], [ -99.177493807302184, 19.972689853530124 ] ], [ [ -99.177493807302184, 19.972689853530124 ], [ -99.177560790602882, 19.972798271226761 ] ], [ [ -99.177560790602882, 19.972798271226761 ], [ -99.177646967235049, 19.972933702857848 ] ], [ [ -99.177646967235049, 19.972933702857848 ], [ -99.177675784938415, 19.973051202635929 ] ], [ [ -99.177675784938415, 19.973051202635929 ], [ -99.177714079818912, 19.973123453384193 ] ], [ [ -99.177714079818912, 19.973123453384193 ], [ -99.177733290271107, 19.973195711696306 ] ], [ [ -99.177733290271107, 19.973195711696306 ], [ -99.177781194477333, 19.973313113280899 ] ], [ [ -99.177781194477333, 19.973313113280899 ], [ -99.177848282199079, 19.973439576068724 ] ], [ [ -99.177848282199079, 19.973439576068724 ], [ -99.177877094047858, 19.973538941859296 ] ], [ [ -99.177877094047858, 19.973538941859296 ], [ -99.177905920106369, 19.973674485035456 ] ], [ [ -99.177905920106369, 19.973674485035456 ], [ -99.177934647285909, 19.97380095943479 ] ], [ [ -99.177934647285909, 19.97380095943479 ], [ -99.177973060601801, 19.97392743272091 ] ], [ [ -99.177973060601801, 19.97392743272091 ], [ -99.178021067294466, 19.974062970110452 ] ], [ [ -99.178021067294466, 19.974062970110452 ], [ -99.178088053581604, 19.974171297082254 ] ], [ [ -99.178088053581604, 19.974171297082254 ], [ -99.178135958439654, 19.974288698664367 ] ], [ [ -99.178135958439654, 19.974288698664367 ], [ -99.178174375169633, 19.974424238969124 ] ], [ [ -99.178174375169633, 19.974424238969124 ], [ -99.178241367942974, 19.974550699933964 ] ], [ [ -99.178241367942974, 19.974550699933964 ], [ -99.178279781757382, 19.974677173233161 ] ], [ [ -99.178279781757382, 19.974677173233161 ], [ -99.178318088598644, 19.974776534347502 ] ], [ [ -99.178318088598644, 19.974776534347502 ], [ -99.178356502548567, 19.97490300765454 ] ], [ [ -99.178356502548567, 19.97490300765454 ], [ -99.178442687525404, 19.975056573138268 ] ], [ [ -99.178442687525404, 19.975056573138268 ], [ -99.178500163987366, 19.975128817952058 ] ], [ [ -99.178500163987366, 19.975128817952058 ], [ -99.178586224706777, 19.975210026731066 ] ], [ [ -99.178586224706777, 19.975210026731066 ], [ -99.178643582955218, 19.975228048879913 ] ], [ [ -99.178643582955218, 19.975228048879913 ], [ -99.178796683299836, 19.975318302122041 ] ], [ [ -99.178796683299836, 19.975318302122041 ], [ -99.178949693008761, 19.975417529819076 ] ], [ [ -99.178949693008761, 19.975417529819076 ], [ -99.179083595480236, 19.975462544259639 ] ], [ [ -99.179083595480236, 19.975462544259639 ], [ -99.179207914025227, 19.975525695609431 ] ], [ [ -99.179207914025227, 19.975525695609431 ], [ -99.179341723989808, 19.975579775064503 ] ], [ [ -99.179341723989808, 19.975579775064503 ], [ -99.179485212028553, 19.975615809777324 ] ], [ [ -99.179485212028553, 19.975615809777324 ], [ -99.179619015823022, 19.975651754949801 ] ], [ [ -99.179619015823022, 19.975651754949801 ], [ -99.179724258236419, 19.975732957100487 ] ], [ [ -99.179724258236419, 19.975732957100487 ], [ -99.179743487980545, 19.9758504598176 ] ], [ [ -99.179743487980545, 19.9758504598176 ], [ -99.179743629705683, 19.97595890334307 ] ], [ [ -99.179743629705683, 19.97595890334307 ], [ -99.179696011315002, 19.976067365531819 ] ], [ [ -99.179696011315002, 19.976067365531819 ], [ -99.179581354187889, 19.976175941209373 ] ], [ [ -99.179581354187889, 19.976175941209373 ], [ -99.179485874471169, 19.976275443780889 ] ], [ [ -99.179485874471169, 19.976275443780889 ], [ -99.179380900089072, 19.9763749510807 ] ], [ [ -99.179380900089072, 19.9763749510807 ], [ -99.179304513228885, 19.976492489203366 ] ], [ [ -99.179304513228885, 19.976492489203366 ], [ -99.179295171437843, 19.976628048023557 ] ], [ [ -99.179295171437843, 19.976628048023557 ], [ -99.179333497288738, 19.976772653585989 ] ], [ [ -99.179333497288738, 19.976772653585989 ], [ -99.179419655417121, 19.976853863802518 ] ], [ [ -99.179419655417121, 19.976853863802518 ], [ -99.17953448907511, 19.976935063179393 ] ], [ [ -99.17953448907511, 19.976935063179393 ], [ -99.179639732433856, 19.977016265488277 ] ], [ [ -99.179639732433856, 19.977016265488277 ], [ -99.179744982305181, 19.977115601798197 ] ], [ [ -99.179744982305181, 19.977115601798197 ], [ -99.179859720512837, 19.977196799166666 ] ], [ [ -99.179859720512837, 19.977196799166666 ], [ -99.179984037800068, 19.977250882949928 ] ], [ [ -99.179984037800068, 19.977250882949928 ], [ -99.180127527777884, 19.9772869171127 ] ], [ [ -99.180127527777884, 19.9772869171127 ], [ -99.180251752614879, 19.977350065934864 ] ], [ [ -99.180251752614879, 19.977350065934864 ], [ -99.180376174421966, 19.977422194625142 ] ], [ [ -99.180376174421966, 19.977422194625142 ], [ -99.180490913266937, 19.977503391540012 ] ], [ [ -99.180490913266937, 19.977503391540012 ], [ -99.18059616088982, 19.977593660267512 ] ], [ [ -99.18059616088982, 19.977593660267512 ], [ -99.180691922434008, 19.977701977233856 ] ], [ [ -99.180691922434008, 19.977701977233856 ], [ -99.180787579853273, 19.977792248924171 ] ], [ [ -99.180787579853273, 19.977792248924171 ], [ -99.180911904599256, 19.977864466058438 ] ], [ [ -99.180911904599256, 19.977864466058438 ], [ -99.181017157945561, 19.977963710931405 ] ], [ [ -99.181017157945561, 19.977963710931405 ], [ -99.181112819050696, 19.978063049481275 ] ], [ [ -99.181112819050696, 19.978063049481275 ], [ -99.18120857616357, 19.978162389761863 ] ], [ [ -99.18120857616357, 19.978162389761863 ], [ -99.181304239433516, 19.978261637575116 ] ], [ [ -99.181304239433516, 19.978261637575116 ], [ -99.181409488186418, 19.97835190580366 ] ], [ [ -99.181409488186418, 19.97835190580366 ], [ -99.18152432761697, 19.978442170835777 ] ], [ [ -99.18152432761697, 19.978442170835777 ], [ -99.181619989431269, 19.978541509111263 ] ], [ [ -99.181619989431269, 19.978541509111263 ], [ -99.181706158586152, 19.978640761625517 ] ], [ [ -99.181706158586152, 19.978640761625517 ], [ -99.181801820673783, 19.978740099805126 ] ], [ [ -99.181801820673783, 19.978740099805126 ], [ -99.181974038054136, 19.978884472452119 ] ], [ [ -99.181974038054136, 19.978884472452119 ], [ -99.182069799726875, 19.978992879317087 ] ], [ [ -99.182069799726875, 19.978992879317087 ], [ -99.18223241852391, 19.979119211403489 ] ], [ [ -99.18223241852391, 19.979119211403489 ], [ -99.182366344467439, 19.97920946772971 ] ], [ [ -99.182366344467439, 19.97920946772971 ], [ -99.18248118714493, 19.979299641476484 ] ], [ [ -99.18248118714493, 19.979299641476484 ], [ -99.182595935607182, 19.979398971051907 ] ], [ [ -99.182595935607182, 19.979398971051907 ], [ -99.182720268065225, 19.979480163234321 ] ], [ [ -99.182720268065225, 19.979480163234321 ], [ -99.182806421263095, 19.979543328262256 ] ], [ [ -99.182806421263095, 19.979543328262256 ], [ -99.182921266038377, 19.97964265939525 ] ], [ [ -99.182921266038377, 19.97964265939525 ], [ -99.183026417658397, 19.979723857784002 ] ], [ [ -99.183026417658397, 19.979723857784002 ], [ -99.183141255906904, 19.979805054653173 ] ], [ [ -99.183141255906904, 19.979805054653173 ], [ -99.183265697101973, 19.979913358739282 ] ], [ [ -99.183265697101973, 19.979913358739282 ], [ -99.183390030432733, 19.979994550412638 ] ], [ [ -99.183390030432733, 19.979994550412638 ], [ -99.18349527847522, 19.980075750283888 ] ], [ [ -99.18349527847522, 19.980075750283888 ], [ -99.18358134344335, 19.980157047247701 ] ], [ [ -99.18358134344335, 19.980157047247701 ], [ -99.183648319600266, 19.980229285420968 ] ], [ [ -99.183648319600266, 19.980229285420968 ], [ -99.183753567979636, 19.980310485131227 ] ], [ [ -99.183753567979636, 19.980310485131227 ], [ -99.183858816485142, 19.980391684774752 ] ], [ [ -99.183858816485142, 19.980391684774752 ], [ -99.183954582611861, 19.980499999970906 ] ], [ [ -99.183954582611861, 19.980499999970906 ], [ -99.184078911527337, 19.980572214696306 ] ], [ [ -99.184078911527337, 19.980572214696306 ], [ -99.184164982531996, 19.980662487796984 ] ], [ [ -99.184164982531996, 19.980662487796984 ], [ -99.184289308211305, 19.980725635296043 ] ], [ [ -99.184289308211305, 19.980725635296043 ], [ -99.184394566250717, 19.980824878096723 ] ], [ [ -99.184394566250717, 19.980824878096723 ], [ -99.184499819050671, 19.980915144402058 ] ], [ [ -99.184499819050671, 19.980915144402058 ], [ -99.184624138078263, 19.980960157507592 ] ], [ [ -99.184624138078263, 19.980960157507592 ], [ -99.184758037085828, 19.980987214312886 ] ], [ [ -99.184758037085828, 19.980987214312886 ], [ -99.184901420382118, 19.980987064674352 ] ], [ [ -99.184901420382118, 19.980987064674352 ], [ -99.185044796582503, 19.980968780765796 ] ], [ [ -99.185044796582503, 19.980968780765796 ], [ -99.185188179858997, 19.98096863085631 ] ], [ [ -99.185188179858997, 19.98096863085631 ], [ -99.185331570268943, 19.980986614945696 ] ], [ [ -99.185331570268943, 19.980986614945696 ], [ -99.18547497163334, 19.981022551764802 ] ], [ [ -99.18547497163334, 19.981022551764802 ], [ -99.185570634579662, 19.981112820725169 ] ], [ [ -99.185570634579662, 19.981112820725169 ], [ -99.185666304832012, 19.981221223771559 ] ], [ [ -99.185666304832012, 19.981221223771559 ], [ -99.185742990969501, 19.981338613559014 ] ], [ [ -99.185742990969501, 19.981338613559014 ], [ -99.185790908585616, 19.981465080598721 ] ], [ [ -99.185790908585616, 19.981465080598721 ], [ -99.185829331400953, 19.981591552821104 ] ], [ [ -99.185829331400953, 19.981591552821104 ], [ -99.185858073132309, 19.981727003114742 ] ], [ [ -99.185858073132309, 19.981727003114742 ], [ -99.185867823221372, 19.981862554426211 ] ], [ [ -99.185867823221372, 19.981862554426211 ], [ -99.185887164118881, 19.981998102347617 ] ], [ [ -99.185887164118881, 19.981998102347617 ], [ -99.185896818386141, 19.982133651913649 ] ], [ [ -99.185896818386141, 19.982133651913649 ], [ -99.18592565068225, 19.982260127599975 ] ], [ [ -99.18592565068225, 19.982260127599975 ], [ -99.185983159610814, 19.982386591280044 ] ], [ [ -99.185983159610814, 19.982386591280044 ], [ -99.186059747195515, 19.982494912178922 ] ], [ [ -99.186059747195515, 19.982494912178922 ], [ -99.186136338523255, 19.982612300131681 ] ], [ [ -99.186136338523255, 19.982612300131681 ], [ -99.186222515316729, 19.982720708183535 ] ], [ [ -99.186222515316729, 19.982720708183535 ], [ -99.186327776319914, 19.982819949831789 ] ], [ [ -99.186327776319914, 19.982819949831789 ], [ -99.186423444742132, 19.982919285493104 ] ], [ [ -99.186423444742132, 19.982919285493104 ], [ -99.186538282202747, 19.982991503588849 ] ], [ [ -99.186538282202747, 19.982991503588849 ], [ -99.186729454115337, 19.983036394934128 ] ], [ [ -99.186729454115337, 19.983036394934128 ], [ -99.186901497843124, 19.983000144173513 ] ], [ [ -99.186901497843124, 19.983000144173513 ], [ -99.187083018044603, 19.982918552537665 ] ], [ [ -99.187083018044603, 19.982918552537665 ], [ -99.187226397806469, 19.982909424252746 ] ], [ [ -99.187226397806469, 19.982909424252746 ], [ -99.187369783132695, 19.982909272280974 ] ], [ [ -99.187369783132695, 19.982909272280974 ], [ -99.187513174051844, 19.982918096622299 ] ], [ [ -99.187513174051844, 19.982918096622299 ], [ -99.187656576156982, 19.98295412208066 ] ], [ [ -99.187656576156982, 19.98295412208066 ], [ -99.187780905563741, 19.98301726685623 ] ], [ [ -99.187780905563741, 19.98301726685623 ], [ -99.187895749448828, 19.98309846038131 ] ], [ [ -99.187895749448828, 19.98309846038131 ], [ -99.187981929837974, 19.983206776848672 ] ], [ [ -99.187981929837974, 19.983206776848672 ], [ -99.188077599745014, 19.983306111503492 ] ], [ [ -99.188077599745014, 19.983306111503492 ], [ -99.188135111124367, 19.98343257449396 ] ], [ [ -99.188135111124367, 19.98343257449396 ], [ -99.188240526370834, 19.98364932628521 ] ], [ [ -99.188240526370834, 19.98364932628521 ], [ -99.188278873154786, 19.983811974104203 ] ], [ [ -99.188278873154786, 19.983811974104203 ], [ -99.188317304602336, 19.98394742243697 ] ], [ [ -99.188317304602336, 19.98394742243697 ], [ -99.188365225541659, 19.984073888978138 ] ], [ [ -99.188365225541659, 19.984073888978138 ], [ -99.188432324685294, 19.984191281289174 ] ], [ [ -99.188432324685294, 19.984191281289174 ], [ -99.188489836771055, 19.98431774425184 ] ], [ [ -99.188489836771055, 19.98431774425184 ], [ -99.188595095008779, 19.984408008016548 ] ], [ [ -99.188595095008779, 19.984408008016548 ], [ -99.188709842807867, 19.984489289891464 ] ], [ [ -99.188709842807867, 19.984489289891464 ], [ -99.188843761280552, 19.984543363204295 ] ], [ [ -99.188843761280552, 19.984543363204295 ], [ -99.188968098386994, 19.984615483565712 ] ], [ [ -99.188968098386994, 19.984615483565712 ], [ -99.189082948154706, 19.98470574341513 ] ], [ [ -99.189082948154706, 19.98470574341513 ], [ -99.189159516652182, 19.984768908758859 ] ], [ [ -99.189159516652182, 19.984768908758859 ], [ -99.18920744819907, 19.984913418699733 ] ], [ [ -99.18920744819907, 19.984913418699733 ], [ -99.189236278467135, 19.985030917625288 ] ], [ [ -99.189236278467135, 19.985030917625288 ], [ -99.189236441158201, 19.985166472765997 ] ], [ [ -99.189236441158201, 19.985166472765997 ], [ -99.189236605728667, 19.985301937288718 ] ], [ [ -99.189236605728667, 19.985301937288718 ], [ -99.189246263579804, 19.985437487068562 ] ], [ [ -99.189246263579804, 19.985437487068562 ], [ -99.189246426281287, 19.985573042261766 ] ], [ [ -99.189246426281287, 19.985573042261766 ], [ -99.189265771085758, 19.985708590231884 ] ], [ [ -99.189265771085758, 19.985708590231884 ], [ -99.18933277594509, 19.985825980551002 ] ], [ [ -99.18933277594509, 19.985825980551002 ], [ -99.18940937198839, 19.985943367223989 ] ], [ [ -99.18940937198839, 19.985943367223989 ], [ -99.189476472961246, 19.986060759282335 ] ], [ [ -99.189476472961246, 19.986060759282335 ], [ -99.189553063533168, 19.986169169432543 ] ], [ [ -99.189553063533168, 19.986169169432543 ], [ -99.189658327772491, 19.986268499731612 ] ], [ [ -99.189658327772491, 19.986268499731612 ], [ -99.189744511584635, 19.986376815524963 ] ], [ [ -99.189744511584635, 19.986376815524963 ], [ -99.189792421238778, 19.9864761711993 ] ], [ [ -99.189792421238778, 19.9864761711993 ], [ -99.189859444291741, 19.98662973919939 ] ], [ [ -99.189859444291741, 19.98662973919939 ], [ -99.189869190992724, 19.986747156652996 ] ], [ [ -99.189869190992724, 19.986747156652996 ], [ -99.189821584648101, 19.986873757372383 ] ], [ [ -99.189821584648101, 19.986873757372383 ], [ -99.189773874612484, 19.986982222077739 ] ], [ [ -99.189773874612484, 19.986982222077739 ], [ -99.189687991651908, 19.987090704927027 ] ], [ [ -99.189687991651908, 19.987090704927027 ], [ -99.189630766973949, 19.987163087821607 ] ], [ [ -99.189630766973949, 19.987163087821607 ], [ -99.189535286895264, 19.987262597761042 ] ], [ [ -99.189535286895264, 19.987262597761042 ], [ -99.18941101405369, 19.987326031325594 ] ], [ [ -99.18941101405369, 19.987326031325594 ], [ -99.189315635285809, 19.987434519405852 ] ], [ [ -99.189315635285809, 19.987434519405852 ], [ -99.189258337296693, 19.987552054754662 ] ], [ [ -99.189258337296693, 19.987552054754662 ], [ -99.189229916308264, 19.987687715268414 ] ], [ [ -99.189229916308264, 19.987687715268414 ], [ -99.189239576201871, 19.987823174720983 ] ], [ [ -99.189239576201871, 19.987823174720983 ], [ -99.189239738899502, 19.987958730222243 ] ], [ [ -99.189239738899502, 19.987958730222243 ], [ -99.189239901597531, 19.988094285741013 ] ], [ [ -99.189239901597531, 19.988094285741013 ], [ -99.189240064295873, 19.988229841277263 ] ], [ [ -99.189240064295873, 19.988229841277263 ], [ -99.189221140390828, 19.988365405844988 ] ], [ [ -99.189221140390828, 19.988365405844988 ], [ -99.189211711821827, 19.988500965034046 ] ], [ [ -99.189211711821827, 19.988500965034046 ], [ -99.189183177534744, 19.988600445988141 ] ], [ [ -99.189183177534744, 19.988600445988141 ], [ -99.189106792284676, 19.988717990417026 ] ], [ [ -99.189106792284676, 19.988717990417026 ], [ -99.189049595142393, 19.988844504106464 ] ], [ [ -99.189049595142393, 19.988844504106464 ], [ -99.188992396013916, 19.988971108425471 ] ], [ [ -99.188992396013916, 19.988971108425471 ], [ -99.188954379360837, 19.98909770553685 ] ], [ [ -99.188954379360837, 19.98909770553685 ], [ -99.188897181916147, 19.989224219214602 ] ], [ [ -99.188897181916147, 19.989224219214602 ], [ -99.188868660536613, 19.989350810960293 ] ], [ [ -99.188868660536613, 19.989350810960293 ], [ -99.188897384162246, 19.989441107248815 ] ], [ [ -99.188897384162246, 19.989441107248815 ], [ -99.188993049635641, 19.989522398270047 ] ], [ [ -99.188993049635641, 19.989522398270047 ], [ -99.189136441953494, 19.989522244627469 ] ], [ [ -99.189136441953494, 19.989522244627469 ], [ -99.189279843812713, 19.989540134495623 ] ], [ [ -99.189279843812713, 19.989540134495623 ], [ -99.189423249550529, 19.989567091369882 ] ], [ [ -99.189423249550529, 19.989567091369882 ], [ -99.189557163744652, 19.989603120666853 ] ], [ [ -99.189557163744652, 19.989603120666853 ], [ -99.189700575342528, 19.989639053786597 ] ], [ [ -99.189700575342528, 19.989639053786597 ], [ -99.189834493549782, 19.989684149983546 ] ], [ [ -99.189834493549782, 19.989684149983546 ], [ -99.189939762603061, 19.989783389783831 ] ], [ [ -99.189939762603061, 19.989783389783831 ], [ -99.190064099335686, 19.989846533099026 ] ], [ [ -99.190064099335686, 19.989846533099026 ], [ -99.190188436184144, 19.98990967631611 ] ], [ [ -99.190188436184144, 19.98990967631611 ], [ -99.190331846395068, 19.989945699485506 ] ], [ [ -99.190331846395068, 19.989945699485506 ], [ -99.190456179549216, 19.989999775343993 ] ], [ [ -99.190456179549216, 19.989999775343993 ], [ -99.190590104161217, 19.990053847398979 ] ], [ [ -99.190590104161217, 19.990053847398979 ], [ -99.190733530173205, 19.990116890359598 ] ], [ [ -99.190733530173205, 19.990116890359598 ], [ -99.190819711478184, 19.990216229427975 ] ], [ [ -99.190819711478184, 19.990216229427975 ], [ -99.190877105085661, 19.990288468820975 ] ], [ [ -99.190877105085661, 19.990288468820975 ], [ -99.190915517505402, 19.990378762860328 ] ], [ [ -99.190915517505402, 19.990378762860328 ], [ -99.190886884258234, 19.990469175388018 ] ], [ [ -99.190886884258234, 19.990469175388018 ], [ -99.190791402773229, 19.990568686431121 ] ], [ [ -99.190791402773229, 19.990568686431121 ], [ -99.190676824492598, 19.990650162955212 ] ], [ [ -99.190676824492598, 19.990650162955212 ], [ -99.190590939931155, 19.990758646694392 ] ], [ [ -99.190590939931155, 19.990758646694392 ], [ -99.190457168842599, 19.990822086807079 ] ], [ [ -99.190457168842599, 19.990822086807079 ], [ -99.19033299092483, 19.990885432481555 ] ], [ [ -99.19033299092483, 19.990885432481555 ], [ -99.190208811012425, 19.990948868694186 ] ], [ [ -99.190208811012425, 19.990948868694186 ], [ -99.190075031788453, 19.990994174173952 ] ], [ [ -99.190075031788453, 19.990994174173952 ], [ -99.189969957905674, 19.991093688421614 ] ], [ [ -99.189969957905674, 19.991093688421614 ], [ -99.189864975874997, 19.991184137226675 ] ], [ [ -99.189864975874997, 19.991184137226675 ], [ -99.189759895948427, 19.991274674826748 ] ], [ [ -99.189759895948427, 19.991274674826748 ], [ -99.189674010257676, 19.991383158111301 ] ], [ [ -99.189674010257676, 19.991383158111301 ], [ -99.189588122550489, 19.991491731994518 ] ], [ [ -99.189588122550489, 19.991491731994518 ], [ -99.189530924687162, 19.991618246199359 ] ], [ [ -99.189530924687162, 19.991618246199359 ], [ -99.18950240339575, 19.991744838352545 ] ], [ [ -99.18950240339575, 19.991744838352545 ], [ -99.189531244947432, 19.991880381672541 ] ], [ [ -99.189531244947432, 19.991880381672541 ], [ -99.189655589148245, 19.991952501974257 ] ], [ [ -99.189655589148245, 19.991952501974257 ], [ -99.189770340104332, 19.992024716468269 ] ], [ [ -99.189770340104332, 19.992024716468269 ], [ -99.189913754320202, 19.992060649469302 ] ], [ [ -99.189913754320202, 19.992060649469302 ], [ -99.190038093129161, 19.992123792942547 ] ], [ [ -99.190038093129161, 19.992123792942547 ], [ -99.19016253182177, 19.992196005257629 ] ], [ [ -99.19016253182177, 19.992196005257629 ], [ -99.19024862392709, 19.992304319599693 ] ], [ [ -99.19024862392709, 19.992304319599693 ], [ -99.190306141148497, 19.992430782850548 ] ], [ [ -99.190306141148497, 19.992430782850548 ], [ -99.190382737860901, 19.992539102602976 ] ], [ [ -99.190382737860901, 19.992539102602976 ], [ -99.190430763549784, 19.992674638469985 ] ], [ [ -99.190430763549784, 19.992674638469985 ], [ -99.19045001467363, 19.992810185429466 ] ], [ [ -99.19045001467363, 19.992810185429466 ], [ -99.190459766240565, 19.992936670706019 ] ], [ [ -99.190459766240565, 19.992936670706019 ], [ -99.190469425858481, 19.993072221392932 ] ], [ [ -99.190469425858481, 19.993072221392932 ], [ -99.190469589792059, 19.993207777569786 ] ], [ [ -99.190469589792059, 19.993207777569786 ], [ -99.190450666421583, 19.993343342932842 ] ], [ [ -99.190450666421583, 19.993343342932842 ], [ -99.190441238735815, 19.993478902840213 ] ], [ [ -99.190441238735815, 19.993478902840213 ], [ -99.190422315299173, 19.993614468234679 ] ], [ [ -99.190422315299173, 19.993614468234679 ], [ -99.190384204679134, 19.993740973851349 ] ], [ [ -99.190384204679134, 19.993740973851349 ], [ -99.19029832182504, 19.993858524922047 ] ], [ [ -99.19029832182504, 19.993858524922047 ], [ -99.190222028579512, 19.993976162912357 ] ], [ [ -99.190222028579512, 19.993976162912357 ], [ -99.190155232845882, 19.994093704788384 ] ], [ [ -99.190155232845882, 19.994093704788384 ], [ -99.190078841458899, 19.994202183139453 ] ], [ [ -99.190078841458899, 19.994202183139453 ], [ -99.190031232692306, 19.9943287848225 ] ], [ [ -99.190031232692306, 19.9943287848225 ], [ -99.189993125385612, 19.994464357610344 ] ], [ [ -99.189993125385612, 19.994464357610344 ], [ -99.189964609683045, 19.994599926741284 ] ], [ [ -99.189964609683045, 19.994599926741284 ], [ -99.1899647731138, 19.99473548311553 ] ], [ [ -99.1899647731138, 19.99473548311553 ], [ -99.190003203583657, 19.994861955878623 ] ], [ [ -99.190003203583657, 19.994861955878623 ], [ -99.190070217489477, 19.994988414082393 ] ], [ [ -99.190070217489477, 19.994988414082393 ], [ -99.1901182398461, 19.995114883174608 ] ], [ [ -99.1901182398461, 19.995114883174608 ], [ -99.190194837924807, 19.99522320329821 ] ], [ [ -99.190194837924807, 19.99522320329821 ], [ -99.190290517932695, 19.995322537693543 ] ], [ [ -99.190290517932695, 19.995322537693543 ], [ -99.190386166986173, 19.995358582969928 ] ], [ [ -99.190386166986173, 19.995358582969928 ], [ -99.190462615097005, 19.99535845745249 ] ], [ [ -99.190462615097005, 19.99535845745249 ], [ -99.190586902646885, 19.995313156923469 ] ], [ [ -99.190586902646885, 19.995313156923469 ], [ -99.190672813476127, 19.995249827394687 ] ], [ [ -99.190672813476127, 19.995249827394687 ], [ -99.190749265455054, 19.995258768923154 ] ], [ [ -99.190749265455054, 19.995258768923154 ], [ -99.190797141886577, 19.995285859501436 ] ], [ [ -99.190797141886577, 19.995285859501436 ], [ -99.190806917379504, 19.995457499739942 ] ], [ [ -99.190806917379504, 19.995457499739942 ], [ -99.190826169274573, 19.995593047010122 ] ], [ [ -99.190826169274573, 19.995593047010122 ], [ -99.19088368843002, 19.995719510437233 ] ], [ [ -99.19088368843002, 19.995719510437233 ], [ -99.190979371171011, 19.995818753808521 ] ], [ [ -99.190979371171011, 19.995818753808521 ], [ -99.191027394669831, 19.995945222712724 ] ], [ [ -99.191027394669831, 19.995945222712724 ], [ -99.191075302815904, 19.996035602325549 ] ], [ [ -99.191075302815904, 19.996035602325549 ], [ -99.191190063821267, 19.996116792587188 ] ], [ [ -99.191190063821267, 19.996116792587188 ], [ -99.1912762551177, 19.996225108524957 ] ], [ [ -99.1912762551177, 19.996225108524957 ], [ -99.191305099395834, 19.996360652084832 ] ], [ [ -99.191305099395834, 19.996360652084832 ], [ -99.191305246423568, 19.996460030517259 ] ], [ [ -99.191305246423568, 19.996460030517259 ], [ -99.191267120178622, 19.996559516365672 ] ], [ [ -99.191267120178622, 19.996559516365672 ], [ -99.191181130628706, 19.996659022707064 ] ], [ [ -99.191181130628706, 19.996659022707064 ], [ -99.191142988412665, 19.996722239730531 ] ], [ [ -99.191142988412665, 19.996722239730531 ], [ -99.191171799323541, 19.996794584862176 ] ], [ [ -99.191171799323541, 19.996794584862176 ], [ -99.191229315349304, 19.996911981097874 ] ], [ [ -99.191229315349304, 19.996911981097874 ], [ -99.191334585189026, 19.997002244043216 ] ], [ [ -99.191334585189026, 19.997002244043216 ], [ -99.191430269165366, 19.997101487251019 ] ], [ [ -99.191430269165366, 19.997101487251019 ], [ -99.191487789524274, 19.997227950630236 ] ], [ [ -99.191487789524274, 19.997227950630236 ], [ -99.191593059781425, 19.997318213423327 ] ], [ [ -99.191593059781425, 19.997318213423327 ], [ -99.191707822182565, 19.99739940339219 ] ], [ [ -99.191707822182565, 19.99739940339219 ], [ -99.191851240719842, 19.997435425381795 ] ], [ [ -99.191851240719842, 19.997435425381795 ], [ -99.191994647294308, 19.997444245609103 ] ], [ [ -99.191994647294308, 19.997444245609103 ], [ -99.192138052010094, 19.99745315633756 ] ], [ [ -99.192138052010094, 19.99745315633756 ], [ -99.192281442770792, 19.997434955939564 ] ], [ [ -99.192281442770792, 19.997434955939564 ], [ -99.192386557816974, 19.997407705249962 ] ], [ [ -99.192386557816974, 19.997407705249962 ], [ -99.192501240709177, 19.997335295894015 ] ], [ [ -99.192501240709177, 19.997335295894015 ], [ -99.192682794846888, 19.997289874639026 ] ], [ [ -99.192682794846888, 19.997289874639026 ], [ -99.192826195375972, 19.997289717507911 ] ], [ [ -99.192826195375972, 19.997289717507911 ], [ -99.192969599982902, 19.997298627449073 ] ], [ [ -99.192969599982902, 19.997298627449073 ], [ -99.193093959155249, 19.997388879721175 ] ], [ [ -99.193093959155249, 19.997388879721175 ], [ -99.193189642815653, 19.997488212492414 ] ], [ [ -99.193189642815653, 19.997488212492414 ], [ -99.193237674940491, 19.997623657471443 ] ], [ [ -99.193237674940491, 19.997623657471443 ], [ -99.193314281030254, 19.997741043489775 ] ], [ [ -99.193314281030254, 19.997741043489775 ], [ -99.193381289359593, 19.99784945678795 ] ], [ [ -99.193381289359593, 19.99784945678795 ], [ -99.193391048130138, 19.997985009695256 ] ], [ [ -99.193391048130138, 19.997985009695256 ], [ -99.193391216867553, 19.998120475864866 ] ], [ [ -99.193391216867553, 19.998120475864866 ], [ -99.193400879785784, 19.998256027032497 ] ], [ [ -99.193400879785784, 19.998256027032497 ], [ -99.193391550590178, 19.998391589529575 ] ], [ [ -99.193391550590178, 19.998391589529575 ], [ -99.193382125493969, 19.998527150269634 ] ], [ [ -99.193382125493969, 19.998527150269634 ], [ -99.19337270037893, 19.998662711026522 ] ], [ [ -99.19337270037893, 19.998662711026522 ], [ -99.193363371127262, 19.998798273574216 ] ], [ [ -99.193363371127262, 19.998798273574216 ], [ -99.193382615964353, 19.998915777142891 ] ], [ [ -99.193382615964353, 19.998915777142891 ], [ -99.193421060901045, 19.99906029335131 ] ], [ [ -99.193421060901045, 19.99906029335131 ], [ -99.193440315921379, 19.999195840753352 ] ], [ [ -99.193440315921379, 19.999195840753352 ], [ -99.193478750897825, 19.9993223131716 ] ], [ [ -99.193478750897825, 19.9993223131716 ], [ -99.193526682086571, 19.999448779931367 ] ], [ [ -99.193526682086571, 19.999448779931367 ], [ -99.193555529300511, 19.999584323478071 ] ], [ [ -99.193555529300511, 19.999584323478071 ], [ -99.193584378448676, 19.9997197763999 ] ], [ [ -99.193584378448676, 19.9997197763999 ], [ -99.193641795921906, 19.999828193680266 ] ], [ [ -99.193641795921906, 19.999828193680266 ], [ -99.193737579464724, 19.999927437472799 ] ], [ [ -99.193737579464724, 19.999927437472799 ], [ -99.193785482559093, 19.999999682109006 ] ], [ [ -99.193785482559093, 19.999999682109006 ], [ -99.193928933079917, 20.000136257505446 ] ], [ [ -99.193928933079917, 20.000136257505446 ], [ -99.196731505158169, 20.001342955451513 ] ], [ [ -99.196731505158169, 20.001342955451513 ], [ -99.197018329702317, 20.001369744490002 ] ], [ [ -99.197018329702317, 20.001369744490002 ], [ -99.197572548597179, 20.001152216572134 ] ], [ [ -99.197572548597179, 20.001152216572134 ], [ -99.198136735774867, 20.001269086288517 ] ], [ [ -99.198136735774867, 20.001269086288517 ], [ -99.19845206909244, 20.001160301086475 ] ], [ [ -99.19845206909244, 20.001160301086475 ], [ -99.199140473005173, 20.00126794566507 ] ], [ [ -99.199140473005173, 20.00126794566507 ], [ -99.199408251132695, 20.00136700647149 ] ], [ [ -99.199408251132695, 20.00136700647149 ], [ -99.19977201468059, 20.001746200439953 ] ], [ [ -99.19977201468059, 20.001746200439953 ], [ -99.200107306042966, 20.002315097287465 ] ], [ [ -99.200107306042966, 20.002315097287465 ], [ -99.200996421844692, 20.002314095503735 ] ], [ [ -99.200996421844692, 20.002314095503735 ], [ -99.201981593355313, 20.002701574819813 ] ], [ [ -99.201981593355313, 20.002701574819813 ], [ -99.202680139947987, 20.003233915252427 ] ], [ [ -99.202680139947987, 20.003233915252427 ], [ -99.203626704945805, 20.003368423394896 ] ], [ [ -99.203626704945805, 20.003368423394896 ], [ -99.204487542088827, 20.003701730418513 ] ], [ [ -99.204487542088827, 20.003701730418513 ], [ -99.205281610596089, 20.004179784119888 ] ], [ [ -99.205281610596089, 20.004179784119888 ], [ -99.20589358894334, 20.00429650798171 ] ], [ [ -99.20589358894334, 20.00429650798171 ], [ -99.206314213511192, 20.004287026787555 ] ], [ [ -99.206314213511192, 20.004287026787555 ], [ -99.206687074834051, 20.004286548208164 ] ], [ [ -99.206687074834051, 20.004286548208164 ], [ -99.207106837445224, 20.004379417357942 ] ], [ [ -99.207106837445224, 20.004379417357942 ], [ -99.207174824688053, 20.004394451088103 ] ], [ [ -99.207174824688053, 20.004394451088103 ], [ -99.207604590718404, 20.00412282125205 ] ], [ [ -99.207604590718404, 20.00412282125205 ], [ -99.208005767928881, 20.003851298855324 ] ], [ [ -99.208005767928881, 20.003851298855324 ], [ -99.208321133696884, 20.003796715179583 ] ], [ [ -99.208321133696884, 20.003796715179583 ], [ -99.208646239164864, 20.003823461226087 ] ], [ [ -99.208646239164864, 20.003823461226087 ], [ -99.20896187263746, 20.003886300988054 ] ], [ [ -99.20896187263746, 20.003886300988054 ], [ -99.209248603925019, 20.003903997941894 ] ], [ [ -99.209248603925019, 20.003903997941894 ], [ -99.209650150505638, 20.003912562925539 ] ], [ [ -99.209650150505638, 20.003912562925539 ], [ -99.21007094672143, 20.004020494337755 ] ], [ [ -99.21007094672143, 20.004020494337755 ], [ -99.210099834211348, 20.004192213753885 ] ], [ [ -99.210099834211348, 20.004192213753885 ], [ -99.21016718087867, 20.004499378633618 ] ], [ [ -99.21016718087867, 20.004499378633618 ], [ -99.210138866855289, 20.00477051048717 ] ], [ [ -99.210138866855289, 20.00477051048717 ], [ -99.210015052342285, 20.005104988461358 ] ], [ [ -99.210015052342285, 20.005104988461358 ], [ -99.209767070599142, 20.005530030734416 ] ], [ [ -99.209767070599142, 20.005530030734416 ], [ -99.209652710972719, 20.005801212282396 ] ], [ [ -99.209652710972719, 20.005801212282396 ], [ -99.209653117327022, 20.00613561758982 ] ], [ [ -99.209653117327022, 20.00613561758982 ], [ -99.209892620579168, 20.00654197106082 ] ], [ [ -99.209892620579168, 20.00654197106082 ], [ -99.210341952970026, 20.006559482724445 ] ], [ [ -99.210341952970026, 20.006559482724445 ], [ -99.211556214517088, 20.006594228128417 ] ], [ [ -99.211556214517088, 20.006594228128417 ], [ -99.211986906069754, 20.00700037476966 ] ], [ [ -99.211986906069754, 20.00700037476966 ], [ -99.212418044506691, 20.007641459564969 ] ], [ [ -99.212418044506691, 20.007641459564969 ], [ -99.212523542676138, 20.007894287380434 ] ], [ [ -99.212523542676138, 20.007894287380434 ], [ -99.21236144202841, 20.008210837054321 ] ], [ [ -99.21236144202841, 20.008210837054321 ], [ -99.212295042637194, 20.00861755047697 ] ], [ [ -99.212295042637194, 20.00861755047697 ], [ -99.212620810834991, 20.009186428446689 ] ], [ [ -99.212620810834991, 20.009186428446689 ], [ -99.2128697220774, 20.00943917105074 ] ], [ [ -99.2128697220774, 20.00943917105074 ], [ -99.212794013019021, 20.009981450345496 ] ], [ [ -99.212794013019021, 20.009981450345496 ], [ -99.212880807580049, 20.01052354182168 ] ], [ [ -99.212880807580049, 20.01052354182168 ], [ -99.212852756420546, 20.01103867950107 ] ], [ [ -99.212852756420546, 20.01103867950107 ], [ -99.212757612918239, 20.011355100577635 ] ], [ [ -99.212757612918239, 20.011355100577635 ], [ -99.212566815129037, 20.011653533923191 ] ], [ [ -99.212566815129037, 20.011653533923191 ], [ -99.212414160341964, 20.011897720534709 ] ], [ [ -99.212414160341964, 20.011897720534709 ], [ -99.212328506873391, 20.012205067416943 ] ], [ [ -99.212328506873391, 20.012205067416943 ], [ -99.212386282243344, 20.01253028275665 ] ], [ [ -99.212386282243344, 20.01253028275665 ], [ -99.212482310483708, 20.012819297337188 ] ], [ [ -99.212482310483708, 20.012819297337188 ], [ -99.212702705939861, 20.013171528730606 ] ], [ [ -99.212702705939861, 20.013171528730606 ], [ -99.212970566413617, 20.013342833558944 ] ], [ [ -99.212970566413617, 20.013342833558944 ], [ -99.213276991838171, 20.013658743514441 ] ], [ [ -99.213276991838171, 20.013658743514441 ], [ -99.213449846051361, 20.014209852340805 ] ], [ [ -99.213449846051361, 20.014209852340805 ], [ -99.213450305528482, 20.01460745987039 ] ], [ [ -99.213450305528482, 20.01460745987039 ], [ -99.213192645985302, 20.014915003597466 ] ], [ [ -99.213192645985302, 20.014915003597466 ], [ -99.212934690261349, 20.015068942155512 ] ], [ [ -99.212934690261349, 20.015068942155512 ], [ -99.212772950982654, 20.015647454461323 ] ], [ [ -99.212772950982654, 20.015647454461323 ], [ -99.213021747650359, 20.015855041040215 ] ], [ [ -99.213021747650359, 20.015855041040215 ], [ -99.213404277660771, 20.015917740477018 ] ], [ [ -99.213404277660771, 20.015917740477018 ], [ -99.213825143363835, 20.016070908904716 ] ], [ [ -99.213825143363835, 20.016070908904716 ], [ -99.21394986642494, 20.016368973608476 ] ], [ [ -99.21394986642494, 20.016368973608476 ], [ -99.213806978410744, 20.016730581950245 ] ], [ [ -99.213806978410744, 20.016730581950245 ], [ -99.21336704187857, 20.016613694920323 ] ], [ [ -99.21336704187857, 20.016613694920323 ], [ -99.213137364705972, 20.016451252318383 ] ], [ [ -99.213137364705972, 20.016451252318383 ], [ -99.212907926923492, 20.01650579359405 ] ], [ [ -99.212907926923492, 20.01650579359405 ], [ -99.212850787267428, 20.016704677298058 ] ], [ [ -99.212850787267428, 20.016704677298058 ], [ -99.212574062420984, 20.017057388174241 ] ], [ [ -99.212574062420984, 20.017057388174241 ], [ -99.212258925153222, 20.01735598660483 ] ], [ [ -99.212258925153222, 20.01735598660483 ], [ -99.211877680390629, 20.018223973976035 ] ], [ [ -99.211877680390629, 20.018223973976035 ], [ -99.211945601593243, 20.018946797204531 ] ], [ [ -99.211945601593243, 20.018946797204531 ], [ -99.212108523009022, 20.019271952029687 ] ], [ [ -99.212108523009022, 20.019271952029687 ], [ -99.212376837193972, 20.019678291423222 ] ], [ [ -99.212376837193972, 20.019678291423222 ], [ -99.212539581738369, 20.019876863182116 ] ], [ [ -99.212539581738369, 20.019876863182116 ], [ -99.212970463263218, 20.020355281209692 ] ], [ [ -99.212970463263218, 20.020355281209692 ], [ -99.21338284824914, 20.021285545257097 ] ], [ [ -99.21338284824914, 20.021285545257097 ], [ -99.213689160174766, 20.021547231771077 ] ], [ [ -99.213689160174766, 20.021547231771077 ], [ -99.213899773646432, 20.021736798048405 ] ], [ [ -99.213899773646432, 20.021736798048405 ], [ -99.214062655457624, 20.021989593554178 ] ], [ [ -99.214062655457624, 20.021989593554178 ], [ -99.2139866167918, 20.022333118157228 ] ], [ [ -99.2139866167918, 20.022333118157228 ], [ -99.214044520173942, 20.022694516793493 ] ], [ [ -99.214044520173942, 20.022694516793493 ], [ -99.214130814523358, 20.022902201601266 ] ], [ [ -99.214130814523358, 20.022902201601266 ], [ -99.214245593713471, 20.022956264841806 ] ], [ [ -99.214245593713471, 20.022956264841806 ], [ -99.214322000348503, 20.022874883013074 ] ], [ [ -99.214322000348503, 20.022874883013074 ], [ -99.214436573245962, 20.022766274508804 ] ], [ [ -99.214436573245962, 20.022766274508804 ], [ -99.214551151482439, 20.022666733353823 ] ], [ [ -99.214551151482439, 20.022666733353823 ], [ -99.214761579635947, 20.022720738683486 ] ], [ [ -99.214761579635947, 20.022720738683486 ], [ -99.21499122678857, 20.022819889081099 ] ], [ [ -99.21499122678857, 20.022819889081099 ], [ -99.215096741570719, 20.023072718729505 ] ], [ [ -99.215096741570719, 20.023072718729505 ], [ -99.215049238682809, 20.023334889970481 ] ], [ [ -99.215049238682809, 20.023334889970481 ], [ -99.214791409302947, 20.023552034773683 ] ], [ [ -99.214791409302947, 20.023552034773683 ], [ -99.214418859830275, 20.023805518542073 ] ], [ [ -99.214418859830275, 20.023805518542073 ], [ -99.214209011626536, 20.02418530465761 ] ], [ [ -99.214209011626536, 20.02418530465761 ], [ -99.214132935405473, 20.024474606680254 ] ], [ [ -99.214132935405473, 20.024474606680254 ], [ -99.214353204889719, 20.024745412079387 ] ], [ [ -99.214353204889719, 20.024745412079387 ], [ -99.214582954747641, 20.024989098551085 ] ], [ [ -99.214582954747641, 20.024989098551085 ], [ -99.214765046047646, 20.025269085972663 ] ], [ [ -99.214765046047646, 20.025269085972663 ], [ -99.214899404965081, 20.025612303215365 ] ], [ [ -99.214899404965081, 20.025612303215365 ], [ -99.214880575491861, 20.025856322637967 ] ], [ [ -99.214880575491861, 20.025856322637967 ], [ -99.214756559620128, 20.026046183308097 ] ], [ [ -99.214756559620128, 20.026046183308097 ], [ -99.214785496558591, 20.026272038215605 ] ], [ [ -99.214785496558591, 20.026272038215605 ], [ -99.214929121704913, 20.026416488049264 ] ], [ [ -99.214929121704913, 20.026416488049264 ], [ -99.215493434586193, 20.026542363467641 ] ], [ [ -99.215493434586193, 20.026542363467641 ], [ -99.215521189417856, 20.026568986804651 ] ], [ [ -99.215521189417856, 20.026568986804651 ], [ -99.215521958497391, 20.026568910245061 ] ], [ [ -99.215521958497391, 20.026568910245061 ], [ -99.215536715326991, 20.026565100748737 ] ], [ [ -99.215536715326991, 20.026565100748737 ], [ -99.215546866989513, 20.026561297412279 ] ], [ [ -99.215546866989513, 20.026561297412279 ], [ -99.2155516695465, 20.026561022852739 ] ], [ [ -99.2155516695465, 20.026561022852739 ], [ -99.215560040967247, 20.026559816378196 ] ], [ [ -99.215560040967247, 20.026559816378196 ], [ -99.21556451298855, 20.026561621244088 ] ], [ [ -99.21556451298855, 20.026561621244088 ], [ -99.215575956074204, 20.026565004815961 ] ], [ [ -99.215575956074204, 20.026565004815961 ], [ -99.215581783761138, 20.026566199844943 ] ], [ [ -99.215581783761138, 20.026566199844943 ], [ -99.215587090970644, 20.026569380140383 ] ], [ [ -99.215587090970644, 20.026569380140383 ], [ -99.215597729597818, 20.02657456241872 ] ], [ [ -99.215597729597818, 20.02657456241872 ], [ -99.21560886635784, 20.026578847102236 ] ], [ [ -99.21560886635784, 20.026578847102236 ], [ -99.215620504974666, 20.026582052911849 ] ], [ [ -99.215620504974666, 20.026582052911849 ], [ -99.215623754476368, 20.026582656585195 ] ], [ [ -99.215623754476368, 20.026582656585195 ], [ -99.215631245092624, 20.026586965029711 ] ], [ [ -99.215631245092624, 20.026586965029711 ], [ -99.215642079251481, 20.026591969546153 ] ], [ [ -99.215642079251481, 20.026591969546153 ], [ -99.215653317502728, 20.026595984068134 ] ], [ [ -99.215653317502728, 20.026595984068134 ], [ -99.21566495798416, 20.026599099235039 ] ], [ [ -99.21566495798416, 20.026599099235039 ], [ -99.21566562743746, 20.026599202193687 ] ], [ [ -99.21566562743746, 20.026599202193687 ], [ -99.215675495128266, 20.026604551666441 ] ], [ [ -99.215675495128266, 20.026604551666441 ], [ -99.215686334876295, 20.0266092842616 ] ], [ [ -99.215686334876295, 20.0266092842616 ], [ -99.215707295570112, 20.026616378746755 ] ], [ [ -99.215707295570112, 20.026616378746755 ], [ -99.215723919260569, 20.026629106077195 ] ], [ [ -99.215723919260569, 20.026629106077195 ], [ -99.215749768171335, 20.026631756579601 ] ], [ [ -99.215749768171335, 20.026631756579601 ], [ -99.215796914864853, 20.026653113951461 ] ], [ [ -99.215796914864853, 20.026653113951461 ], [ -99.215814793644256, 20.026651447207232 ] ], [ [ -99.215814793644256, 20.026651447207232 ], [ -99.215867890043413, 20.026682071762622 ] ], [ [ -99.215867890043413, 20.026682071762622 ], [ -99.215899750074243, 20.026681658965721 ] ], [ [ -99.215899750074243, 20.026681658965721 ], [ -99.215939370830199, 20.026709769388415 ] ], [ [ -99.215939370830199, 20.026709769388415 ], [ -99.215984296866978, 20.026713132590359 ] ], [ [ -99.215984296866978, 20.026713132590359 ], [ -99.216049066507125, 20.02676863448098 ] ], [ [ -99.216049066507125, 20.02676863448098 ], [ -99.216051589794233, 20.02677656937917 ] ], [ [ -99.216051589794233, 20.02677656937917 ], [ -99.216056636369331, 20.026792439175509 ] ], [ [ -99.216056636369331, 20.026792439175509 ], [ -99.216104119445774, 20.026848802623011 ] ], [ [ -99.216104119445774, 20.026848802623011 ], [ -99.216110488141851, 20.026856354708055 ] ], [ [ -99.216110488141851, 20.026856354708055 ], [ -99.216110668775926, 20.026856902063709 ] ], [ [ -99.216110668775926, 20.026856902063709 ], [ -99.216156265543518, 20.026921028815231 ] ], [ [ -99.216156265543518, 20.026921028815231 ], [ -99.216157475040191, 20.026922864478095 ] ], [ [ -99.216157475040191, 20.026922864478095 ], [ -99.216163226416228, 20.026927775701303 ] ], [ [ -99.216163226416228, 20.026927775701303 ], [ -99.216157850609704, 20.026993324740186 ] ], [ [ -99.216157850609704, 20.026993324740186 ], [ -99.216157353433204, 20.026998846706736 ] ], [ [ -99.216157353433204, 20.026998846706736 ], [ -99.216170372289852, 20.027065639982283 ] ], [ [ -99.216170372289852, 20.027065639982283 ], [ -99.216171590188836, 20.02707173745808 ] ], [ [ -99.216171590188836, 20.02707173745808 ], [ -99.216193165680821, 20.027114296531479 ] ], [ [ -99.216193165680821, 20.027114296531479 ], [ -99.216186252435591, 20.027137926173445 ] ], [ [ -99.216186252435591, 20.027137926173445 ], [ -99.216162646822269, 20.027217557858425 ] ], [ [ -99.216162646822269, 20.027217557858425 ], [ -99.216158764217951, 20.02722909284337 ] ], [ [ -99.216158764217951, 20.02722909284337 ], [ -99.216154308058861, 20.027240526631438 ] ], [ [ -99.216154308058861, 20.027240526631438 ], [ -99.216149274621245, 20.027252040501487 ] ], [ [ -99.216149274621245, 20.027252040501487 ], [ -99.216147673155305, 20.027255275368226 ] ], [ [ -99.216147673155305, 20.027255275368226 ], [ -99.216149135942572, 20.02726346283135 ] ], [ [ -99.216149135942572, 20.02726346283135 ], [ -99.21615062947123, 20.027274824434731 ] ], [ [ -99.21615062947123, 20.027274824434731 ], [ -99.216151737527639, 20.027286269639326 ] ], [ [ -99.216151737527639, 20.027286269639326 ], [ -99.216152270168024, 20.027297704286628 ] ], [ [ -99.216152270168024, 20.027297704286628 ], [ -99.216152405212256, 20.027305142000298 ] ], [ [ -99.216152405212256, 20.027305142000298 ], [ -99.216152419197698, 20.027309131895681 ] ], [ [ -99.216152419197698, 20.027309131895681 ], [ -99.216152184616547, 20.027320552466577 ] ], [ [ -99.216152184616547, 20.027320552466577 ], [ -99.216151372757338, 20.02733205311953 ] ], [ [ -99.216151372757338, 20.02733205311953 ], [ -99.216150179148755, 20.027343456094858 ] ], [ [ -99.216150179148755, 20.027343456094858 ], [ -99.216148504164536, 20.027354940911806 ] ], [ [ -99.216148504164536, 20.027354940911806 ], [ -99.216146447430759, 20.027366328051095 ] ], [ [ -99.216146447430759, 20.027366328051095 ], [ -99.216143813418412, 20.027377795272407 ] ], [ [ -99.216143813418412, 20.027377795272407 ], [ -99.216140795794558, 20.027389255455422 ] ], [ [ -99.216140795794558, 20.027389255455422 ], [ -99.216137296794642, 20.027400797480063 ] ], [ [ -99.216137296794642, 20.027400797480063 ], [ -99.216133320141935, 20.027412240067338 ] ], [ [ -99.216133320141935, 20.027412240067338 ], [ -99.216128958015673, 20.027423766255719 ] ], [ [ -99.216128958015673, 20.027423766255719 ], [ -99.216126638683335, 20.027429254792107 ] ], [ [ -99.216126638683335, 20.027429254792107 ], [ -99.216126889156243, 20.027431072860097 ] ], [ [ -99.216126889156243, 20.027431072860097 ], [ -99.216128531626723, 20.027435183308558 ] ], [ [ -99.216128531626723, 20.027435183308558 ], [ -99.216132520490177, 20.027446500023988 ] ], [ [ -99.216132520490177, 20.027446500023988 ], [ -99.216136219784119, 20.027457902100078 ] ], [ [ -99.216136219784119, 20.027457902100078 ], [ -99.21613934366178, 20.027469293618694 ] ], [ [ -99.21613934366178, 20.027469293618694 ], [ -99.216142179831465, 20.027480679858567 ] ], [ [ -99.216142179831465, 20.027480679858567 ], [ -99.21614443872285, 20.027492146180489 ] ], [ [ -99.21614443872285, 20.027492146180489 ], [ -99.216146315864975, 20.027503514824719 ] ], [ [ -99.216146315864975, 20.027503514824719 ], [ -99.216146652932323, 20.027505787849755 ] ], [ [ -99.216146652932323, 20.027505787849755 ], [ -99.216157370801469, 20.027511787608276 ] ], [ [ -99.216157370801469, 20.027511787608276 ], [ -99.216163163160999, 20.027514704765856 ] ], [ [ -99.216163163160999, 20.027514704765856 ], [ -99.216178718086738, 20.027523422805722 ] ], [ [ -99.216178718086738, 20.027523422805722 ], [ -99.216183750671277, 20.027525963328145 ] ], [ [ -99.216183750671277, 20.027525963328145 ], [ -99.216200065375645, 20.027535058000232 ] ], [ [ -99.216200065375645, 20.027535058000232 ], [ -99.216204244143782, 20.027537129488763 ] ], [ [ -99.216204244143782, 20.027537129488763 ], [ -99.216221318627063, 20.027546600792888 ] ], [ [ -99.216221318627063, 20.027546600792888 ], [ -99.216224833522588, 20.027548297406184 ] ], [ [ -99.216224833522588, 20.027548297406184 ], [ -99.216242665923261, 20.027558235981715 ] ], [ [ -99.216242665923261, 20.027558235981715 ], [ -99.216245422904791, 20.027559465320991 ] ], [ [ -99.216245422904791, 20.027559465320991 ], [ -99.216264015084818, 20.027569780528115 ] ], [ [ -99.216264015084818, 20.027569780528115 ], [ -99.216266012290319, 20.027570633233093 ] ], [ [ -99.216266012290319, 20.027570633233093 ], [ -99.216285266485386, 20.027581413951729 ] ], [ [ -99.216285266485386, 20.027581413951729 ], [ -99.216286505776424, 20.027581799383068 ] ], [ [ -99.216286505776424, 20.027581799383068 ], [ -99.216306663605707, 20.027592959372139 ] ], [ [ -99.216306663605707, 20.027592959372139 ], [ -99.21631714917811, 20.027598592163255 ] ], [ [ -99.21631714917811, 20.027598592163255 ], [ -99.216470256668856, 20.027715921863351 ] ], [ [ -99.216470256668856, 20.027715921863351 ], [ -99.216872085383542, 20.027887049641311 ] ], [ [ -99.216872085383542, 20.027887049641311 ], [ -99.217130308509681, 20.027949998423541 ] ], [ [ -99.217130308509681, 20.027949998423541 ], [ -99.217245244123163, 20.028085487366113 ] ], [ [ -99.217245244123163, 20.028085487366113 ], [ -99.217723547285701, 20.028265541365467 ] ], [ [ -99.217723547285701, 20.028265541365467 ], [ -99.217914732343161, 20.028229241280304 ] ], [ [ -99.217914732343161, 20.028229241280304 ], [ -99.218087007026327, 20.028310288661277 ] ], [ [ -99.218087007026327, 20.028310288661277 ], [ -99.21826877245077, 20.028382351806361 ] ], [ [ -99.21826877245077, 20.028382351806361 ], [ -99.218565354500072, 20.02855372172737 ] ], [ [ -99.218565354500072, 20.02855372172737 ], [ -99.218642172906542, 20.028779547298782 ] ], [ [ -99.218642172906542, 20.028779547298782 ], [ -99.218680691759488, 20.028978284769344 ] ], [ [ -99.218680691759488, 20.028978284769344 ], [ -99.218652318442693, 20.029150044748373 ] ], [ [ -99.218652318442693, 20.029150044748373 ], [ -99.21859516264476, 20.02932182117868 ] ], [ [ -99.21859516264476, 20.02932182117868 ], [ -99.218566745155997, 20.029565847384742 ] ], [ [ -99.218566745155997, 20.029565847384742 ], [ -99.218471935953076, 20.030081040679686 ] ], [ [ -99.218471935953076, 20.030081040679686 ], [ -99.218338346231974, 20.030298022327194 ] ], [ [ -99.218338346231974, 20.030298022327194 ], [ -99.218319464742819, 20.030460707748219 ] ], [ [ -99.218319464742819, 20.030460707748219 ], [ -99.218262332915529, 20.03066866359551 ] ], [ [ -99.218262332915529, 20.03066866359551 ], [ -99.218329544356308, 20.030876450878438 ] ], [ [ -99.218329544356308, 20.030876450878438 ], [ -99.218454106623042, 20.031047931883172 ] ], [ [ -99.218454106623042, 20.031047931883172 ], [ -99.218588288507945, 20.031255586689383 ] ], [ [ -99.218588288507945, 20.031255586689383 ], [ -99.218684034016647, 20.031382018412838 ] ], [ [ -99.218684034016647, 20.031382018412838 ], [ -99.218837263024653, 20.0315264597598 ] ], [ [ -99.218837263024653, 20.0315264597598 ], [ -99.219019065989897, 20.031643678448706 ] ], [ [ -99.219019065989897, 20.031643678448706 ], [ -99.219181735981664, 20.031706776625086 ] ], [ [ -99.219181735981664, 20.031706776625086 ], [ -99.21945922202805, 20.031860023109743 ] ], [ [ -99.21945922202805, 20.031860023109743 ], [ -99.219918317805408, 20.031995016287084 ] ], [ [ -99.219918317805408, 20.031995016287084 ], [ -99.220396751962809, 20.032202266796123 ] ], [ [ -99.220396751962809, 20.032202266796123 ], [ -99.220683881857497, 20.032418706154729 ] ], [ [ -99.220683881857497, 20.032418706154729 ], [ -99.220884933581942, 20.032617337790882 ] ], [ [ -99.220884933581942, 20.032617337790882 ], [ -99.221066894893582, 20.032815891578839 ] ], [ [ -99.221066894893582, 20.032815891578839 ], [ -99.221086209914205, 20.032987528556617 ] ], [ [ -99.221086209914205, 20.032987528556617 ], [ -99.220962174637364, 20.033150374308608 ] ], [ [ -99.220962174637364, 20.033150374308608 ], [ -99.220723266296218, 20.033277203836874 ] ], [ [ -99.220723266296218, 20.033277203836874 ], [ -99.220580125516946, 20.033421927263856 ] ], [ [ -99.220580125516946, 20.033421927263856 ], [ -99.220494263331119, 20.033566611742899 ] ], [ [ -99.220494263331119, 20.033566611742899 ], [ -99.220570932976358, 20.033711099893718 ] ], [ [ -99.220570932976358, 20.033711099893718 ], [ -99.220752712901898, 20.033792227948304 ] ], [ [ -99.220752712901898, 20.033792227948304 ], [ -99.220934467386044, 20.033837176352094 ] ], [ [ -99.220934467386044, 20.033837176352094 ], [ -99.221096993589711, 20.033827911969745 ] ], [ [ -99.221096993589711, 20.033827911969745 ], [ -99.221211588222701, 20.033746499788279 ] ], [ [ -99.221211588222701, 20.033746499788279 ], [ -99.221373925386757, 20.033610741298279 ] ], [ [ -99.221373925386757, 20.033610741298279 ], [ -99.221498225703201, 20.033547278775941 ] ], [ [ -99.221498225703201, 20.033547278775941 ], [ -99.22178501350794, 20.033555975655279 ] ], [ [ -99.22178501350794, 20.033555975655279 ], [ -99.222091145950529, 20.033645998095587 ] ], [ [ -99.222091145950529, 20.033645998095587 ], [ -99.222292157413463, 20.033781246100368 ] ], [ [ -99.222292157413463, 20.033781246100368 ], [ -99.222474134455183, 20.03399793345957 ] ], [ [ -99.222474134455183, 20.03399793345957 ], [ -99.222742236767942, 20.03429580891224 ] ], [ [ -99.222742236767942, 20.03429580891224 ], [ -99.222981782696777, 20.034638861096727 ] ], [ [ -99.222981782696777, 20.034638861096727 ], [ -99.222999008163228, 20.03465975938267 ] ], [ [ -99.222999008163228, 20.03465975938267 ], [ -99.223058883356529, 20.034706282930177 ] ], [ [ -99.223058883356529, 20.034706282930177 ], [ -99.223068149143842, 20.03472232048162 ] ], [ [ -99.223068149143842, 20.03472232048162 ], [ -99.223072250902817, 20.034723483638103 ] ], [ [ -99.223072250902817, 20.034723483638103 ], [ -99.223085140914534, 20.034726530437229 ] ], [ [ -99.223085140914534, 20.034726530437229 ], [ -99.223098423845073, 20.034729131055283 ] ], [ [ -99.223098423845073, 20.034729131055283 ], [ -99.223112199316759, 20.034731105966941 ] ], [ [ -99.223112199316759, 20.034731105966941 ], [ -99.223126463615102, 20.034732636452397 ] ], [ [ -99.223126463615102, 20.034732636452397 ], [ -99.22313853502888, 20.034733492086346 ] ], [ [ -99.22313853502888, 20.034733492086346 ], [ -99.223140532383269, 20.034734344706557 ] ], [ [ -99.223140532383269, 20.034734344706557 ], [ -99.223152151449554, 20.03473854700497 ] ], [ [ -99.223152151449554, 20.03473854700497 ], [ -99.223181391868977, 20.034716232230224 ] ], [ [ -99.223181391868977, 20.034716232230224 ], [ -99.223225943993441, 20.034644326873927 ] ], [ [ -99.223225943993441, 20.034644326873927 ], [ -99.223232954029598, 20.034634662349905 ] ], [ [ -99.223232954029598, 20.034634662349905 ], [ -99.223240434318996, 20.034625459802061 ] ], [ [ -99.223240434318996, 20.034625459802061 ], [ -99.223248478912566, 20.034616811625501 ] ], [ [ -99.223248478912566, 20.034616811625501 ], [ -99.223257183718175, 20.034608719575246 ] ], [ [ -99.223257183718175, 20.034608719575246 ], [ -99.223266356920021, 20.034601180141028 ] ], [ [ -99.223266356920021, 20.034601180141028 ], [ -99.223276190333877, 20.034594196832888 ] ], [ [ -99.223276190333877, 20.034594196832888 ], [ -99.223286588051934, 20.034587767895545 ] ], [ [ -99.223286588051934, 20.034587767895545 ], [ -99.223297551931225, 20.034581802688802 ] ], [ [ -99.223297551931225, 20.034581802688802 ], [ -99.223309078257799, 20.034576482492771 ] ], [ [ -99.223309078257799, 20.034576482492771 ], [ -99.223316140820543, 20.034573619487468 ] ], [ [ -99.223316140820543, 20.034573619487468 ], [ -99.223320227720635, 20.034575507758316 ] ], [ [ -99.223320227720635, 20.034575507758316 ], [ -99.223323667407044, 20.034576205421594 ] ], [ [ -99.223323667407044, 20.034576205421594 ], [ -99.223338075224106, 20.034580096041164 ] ], [ [ -99.223338075224106, 20.034580096041164 ], [ -99.223351605014017, 20.034584695985352 ] ], [ [ -99.223351605014017, 20.034584695985352 ], [ -99.223364162726199, 20.034589912859083 ] ], [ [ -99.223364162726199, 20.034589912859083 ], [ -99.223374132781643, 20.034594991705902 ] ], [ [ -99.223374132781643, 20.034594991705902 ], [ -99.223376620817362, 20.034595309257103 ] ], [ [ -99.223376620817362, 20.034595309257103 ], [ -99.223391515605755, 20.034598846086162 ] ], [ [ -99.223391515605755, 20.034598846086162 ], [ -99.223399425826969, 20.034601439036699 ] ], [ [ -99.223399425826969, 20.034601439036699 ], [ -99.223405825662169, 20.03460282558456 ] ], [ [ -99.223405825662169, 20.03460282558456 ], [ -99.223414687535467, 20.034605798645021 ] ], [ [ -99.223414687535467, 20.034605798645021 ], [ -99.223420037954355, 20.034606893966814 ] ], [ [ -99.223420037954355, 20.034606893966814 ], [ -99.223429853336967, 20.034610156496846 ] ], [ [ -99.223429853336967, 20.034610156496846 ], [ -99.223434348012432, 20.034610873462562 ] ], [ [ -99.223434348012432, 20.034610873462562 ], [ -99.223445020996479, 20.03461442370698 ] ], [ [ -99.223445020996479, 20.03461442370698 ], [ -99.223448560306423, 20.034614941842083 ] ], [ [ -99.223448560306423, 20.034614941842083 ], [ -99.223460282707947, 20.034618783310822 ] ], [ [ -99.223460282707947, 20.034618783310822 ], [ -99.223462774458213, 20.034618919580229 ] ], [ [ -99.223462774458213, 20.034618919580229 ], [ -99.223475448512346, 20.034623141158107 ] ], [ [ -99.223475448512346, 20.034623141158107 ], [ -99.223477084518819, 20.034622899071987 ] ], [ [ -99.223477084518819, 20.034622899071987 ], [ -99.223490762822081, 20.034627275035955 ] ], [ [ -99.223490762822081, 20.034627275035955 ], [ -99.223498063572052, 20.034629176772903 ] ], [ [ -99.223498063572052, 20.034629176772903 ], [ -99.223623227253952, 20.035207338627554 ] ], [ [ -99.223623227253952, 20.035207338627554 ], [ -99.223958461534735, 20.035586505832708 ] ], [ [ -99.223958461534735, 20.035586505832708 ], [ -99.224178624059036, 20.035794097206505 ] ], [ [ -99.224178624059036, 20.035794097206505 ], [ -99.224628623071595, 20.036182072396031 ] ], [ [ -99.224628623071595, 20.036182072396031 ], [ -99.224638654913903, 20.036507413833871 ] ], [ [ -99.224638654913903, 20.036507413833871 ], [ -99.224552768480493, 20.036615921495002 ] ], [ [ -99.224552768480493, 20.036615921495002 ], [ -99.224351970681042, 20.036643259165736 ] ], [ [ -99.224351970681042, 20.036643259165736 ], [ -99.22386444528631, 20.036752307656837 ] ], [ [ -99.22386444528631, 20.036752307656837 ], [ -99.223463371259157, 20.037123353255584 ] ], [ [ -99.223463371259157, 20.037123353255584 ], [ -99.223310675014673, 20.037322309576119 ] ], [ [ -99.223310675014673, 20.037322309576119 ], [ -99.223120216901833, 20.037837663135853 ] ], [ [ -99.223120216901833, 20.037837663135853 ], [ -99.2227767989406, 20.038461656176427 ] ], [ [ -99.2227767989406, 20.038461656176427 ], [ -99.222835221601144, 20.039220582996446 ] ], [ [ -99.222835221601144, 20.039220582996446 ], [ -99.223467614705982, 20.040105442592491 ] ], [ [ -99.223467614705982, 20.040105442592491 ], [ -99.223783869981915, 20.040620095050134 ] ], [ [ -99.223783869981915, 20.040620095050134 ], [ -99.224904044865426, 20.041567552476852 ] ], [ [ -99.224904044865426, 20.041567552476852 ], [ -99.225105331151823, 20.041919696481447 ] ], [ [ -99.225105331151823, 20.041919696481447 ], [ -99.225039412223239, 20.042678889688254 ] ], [ [ -99.225039412223239, 20.042678889688254 ], [ -99.225164589913973, 20.043257054631386 ] ], [ [ -99.225164589913973, 20.043257054631386 ], [ -99.225500482363543, 20.044087975245937 ] ], [ [ -99.225500482363543, 20.044087975245937 ], [ -99.225538857814513, 20.044205375525944 ] ], [ [ -99.225538857814513, 20.044205375525944 ], [ -99.225625347599305, 20.04450346391609 ] ], [ [ -99.225625347599305, 20.04450346391609 ], [ -99.225759753086749, 20.044846677733659 ] ], [ [ -99.225759753086749, 20.044846677733659 ], [ -99.226459266402756, 20.045857887347843 ] ], [ [ -99.226459266402756, 20.045857887347843 ], [ -99.226402119770242, 20.046038737031171 ] ], [ [ -99.226402119770242, 20.046038737031171 ], [ -99.226421437114183, 20.046201307831016 ] ], [ [ -99.226421437114183, 20.046201307831016 ], [ -99.226824493589405, 20.047131565628234 ] ], [ [ -99.226824493589405, 20.047131565628234 ], [ -99.22651893403652, 20.047457308372255 ] ], [ [ -99.22651893403652, 20.047457308372255 ], [ -99.225821492067084, 20.047909995649057 ] ], [ [ -99.225821492067084, 20.047909995649057 ], [ -99.22566877088515, 20.048091002351917 ] ], [ [ -99.22566877088515, 20.048091002351917 ], [ -99.22540138400808, 20.048398580648705 ] ], [ [ -99.22540138400808, 20.048398580648705 ], [ -99.225105532007362, 20.048751338435348 ] ], [ [ -99.225105532007362, 20.048751338435348 ], [ -99.224991412402233, 20.049221398111644 ] ], [ [ -99.224991412402233, 20.049221398111644 ], [ -99.224915160978782, 20.049393193664407 ] ], [ [ -99.224915160978782, 20.049393193664407 ], [ -99.22491546237606, 20.049401904012488 ] ], [ [ -99.22491546237606, 20.049401904012488 ], [ -99.224915500797081, 20.049418770335748 ] ], [ [ -99.224915500797081, 20.049418770335748 ], [ -99.224915862196553, 20.049419865049263 ] ], [ [ -99.224915862196553, 20.049419865049263 ], [ -99.224915915467207, 20.049436006241322 ] ], [ [ -99.224915915467207, 20.049436006241322 ], [ -99.22491626387334, 20.049437735444975 ] ], [ [ -99.22491626387334, 20.049437735444975 ], [ -99.22491623607516, 20.049453149751674 ] ], [ [ -99.22491623607516, 20.049453149751674 ], [ -99.224916567775566, 20.049455694728291 ] ], [ [ -99.224916567775566, 20.049455694728291 ], [ -99.224916650745499, 20.049470385657798 ] ], [ [ -99.224916650745499, 20.049470385657798 ], [ -99.224916969452565, 20.049473565124547 ] ], [ [ -99.224916969452565, 20.049473565124547 ], [ -99.224916971353636, 20.04948752916869 ] ], [ [ -99.224916971353636, 20.04948752916869 ], [ -99.224917369273541, 20.049491526162537 ] ], [ [ -99.224917369273541, 20.049491526162537 ], [ -99.224917386024146, 20.049504765075437 ] ], [ [ -99.224917386024146, 20.049504765075437 ], [ -99.224917675032231, 20.04950939480532 ] ], [ [ -99.224917675032231, 20.04950939480532 ], [ -99.224917706632482, 20.04952190858684 ] ], [ [ -99.224917706632482, 20.04952190858684 ], [ -99.224918074853335, 20.049527355843932 ] ], [ [ -99.224918074853335, 20.049527355843932 ], [ -99.224918123159469, 20.049539053852637 ] ], [ [ -99.224918123159469, 20.049539053852637 ], [ -99.224918476530746, 20.049545226241367 ] ], [ [ -99.224918476530746, 20.049545226241367 ], [ -99.224918441911768, 20.049556288006112 ] ], [ [ -99.224918441911768, 20.049556288006112 ], [ -99.224918780433512, 20.049563185526502 ] ], [ [ -99.224918780433512, 20.049563185526502 ], [ -99.224918858438883, 20.049573433272393 ] ], [ [ -99.224918858438883, 20.049573433272393 ], [ -99.224919044103743, 20.049578423814335 ] ], [ [ -99.224919044103743, 20.049578423814335 ], [ -99.224915886864011, 20.049587342941535 ] ], [ [ -99.224915886864011, 20.049587342941535 ], [ -99.224911978377037, 20.049600147372491 ] ], [ [ -99.224911978377037, 20.049600147372491 ], [ -99.224908540201355, 20.049613413781231 ] ], [ [ -99.224908540201355, 20.049613413781231 ], [ -99.224906738814113, 20.049621722975473 ] ], [ [ -99.224906738814113, 20.049621722975473 ], [ -99.224905530248421, 20.049624511811487 ] ], [ [ -99.224905530248421, 20.049624511811487 ], [ -99.22487640884286, 20.049659614691411 ] ], [ [ -99.22487640884286, 20.049659614691411 ], [ -99.224852858167608, 20.049708511428452 ] ], [ [ -99.224852858167608, 20.049708511428452 ], [ -99.224849806726596, 20.049712263992088 ] ], [ [ -99.224849806726596, 20.049712263992088 ], [ -99.224811700015309, 20.049806594938328 ] ], [ [ -99.224811700015309, 20.049806594938328 ], [ -99.22484300815907, 20.049908361259789 ] ], [ [ -99.22484300815907, 20.049908361259789 ], [ -99.224849664363731, 20.049930063736447 ] ], [ [ -99.224849664363731, 20.049930063736447 ], [ -99.22484748550599, 20.049947433572111 ] ], [ [ -99.22484748550599, 20.049947433572111 ], [ -99.22486681187587, 20.050043902958887 ] ], [ [ -99.22486681187587, 20.050043902958887 ], [ -99.224874380914827, 20.050081943708999 ] ], [ [ -99.224874380914827, 20.050081943708999 ], [ -99.224915930138835, 20.050156876039107 ] ], [ [ -99.224915930138835, 20.050156876039107 ], [ -99.224916333070283, 20.050179370917654 ] ], [ [ -99.224916333070283, 20.050179370917654 ], [ -99.224919484043937, 20.050334755588072 ] ], [ [ -99.224919484043937, 20.050334755588072 ], [ -99.224936843037909, 20.050367988223464 ] ], [ [ -99.224936843037909, 20.050367988223464 ], [ -99.224945120768183, 20.050432337825423 ] ], [ [ -99.224945120768183, 20.050432337825423 ], [ -99.224945610898402, 20.050436517859797 ] ], [ [ -99.224945610898402, 20.050436517859797 ], [ -99.224946860957459, 20.050441074492767 ] ], [ [ -99.224946860957459, 20.050441074492767 ], [ -99.224907885739299, 20.050488782454376 ] ], [ [ -99.224907885739299, 20.050488782454376 ], [ -99.224897366223601, 20.050501103297698 ] ], [ [ -99.224897366223601, 20.050501103297698 ], [ -99.224888724858431, 20.050510738222467 ] ], [ [ -99.224888724858431, 20.050510738222467 ], [ -99.22488666229242, 20.050513058066127 ] ], [ [ -99.22488666229242, 20.050513058066127 ], [ -99.224876757269456, 20.050523485960753 ] ], [ [ -99.224876757269456, 20.050523485960753 ], [ -99.224875962071906, 20.050524831550845 ] ], [ [ -99.224875962071906, 20.050524831550845 ], [ -99.224865682045802, 20.050539514334474 ] ], [ [ -99.224865682045802, 20.050539514334474 ], [ -99.224855320948336, 20.050553470231257 ] ], [ [ -99.224855320948336, 20.050553470231257 ], [ -99.224844876923214, 20.050566789882662 ] ], [ [ -99.224844876923214, 20.050566789882662 ], [ -99.224834349970678, 20.050579473288607 ] ], [ [ -99.224834349970678, 20.050579473288607 ], [ -99.224825708596086, 20.050589108210492 ] ], [ [ -99.224825708596086, 20.050589108210492 ], [ -99.224823646027801, 20.050591428053476 ] ], [ [ -99.224823646027801, 20.050591428053476 ], [ -99.22481285915768, 20.050602746572778 ] ], [ [ -99.22481285915768, 20.050602746572778 ], [ -99.224804537094855, 20.05061084584997 ] ], [ [ -99.224804537094855, 20.05061084584997 ], [ -99.224802155211094, 20.050614701336407 ] ], [ [ -99.224802155211094, 20.050614701336407 ], [ -99.224799378512103, 20.050619093655403 ] ], [ [ -99.224799378512103, 20.050619093655403 ], [ -99.224792227290465, 20.050630932039017 ] ], [ [ -99.224792227290465, 20.050630932039017 ], [ -99.224789555791631, 20.050634872904357 ] ], [ [ -99.224789555791631, 20.050634872904357 ], [ -99.224782203448072, 20.050647160987047 ] ], [ [ -99.224782203448072, 20.050647160987047 ], [ -99.224779828988261, 20.05065065390713 ] ], [ [ -99.224779828988261, 20.05065065390713 ], [ -99.22477217774707, 20.050663480576254 ] ], [ [ -99.22477217774707, 20.050663480576254 ], [ -99.224770100326225, 20.050666525550994 ] ], [ [ -99.224770100326225, 20.050666525550994 ], [ -99.224762153899945, 20.050679709523479 ] ], [ [ -99.224762153899945, 20.050679709523479 ], [ -99.224760373518293, 20.050682306552993 ] ], [ [ -99.224760373518293, 20.050682306552993 ], [ -99.224752225969766, 20.0506959402245 ] ], [ [ -99.224752225969766, 20.0506959402245 ], [ -99.224750644851738, 20.050698178196086 ] ], [ [ -99.224750644851738, 20.050698178196086 ], [ -99.224742202117781, 20.050712169170865 ] ], [ [ -99.224742202117781, 20.050712169170865 ], [ -99.224740918039288, 20.050713959197253 ] ], [ [ -99.224740918039288, 20.050713959197253 ], [ -99.224732178263466, 20.050728398116824 ] ], [ [ -99.224732178263466, 20.050728398116824 ], [ -99.224731093448767, 20.050729829085395 ] ], [ [ -99.224731093448767, 20.050729829085395 ], [ -99.224722154406763, 20.050744627062436 ] ], [ [ -99.224722154406763, 20.050744627062436 ], [ -99.224721366631755, 20.050745610085812 ] ], [ [ -99.224721366631755, 20.050745610085812 ], [ -99.224712226467034, 20.050760857761755 ] ], [ [ -99.224712226467034, 20.050760857761755 ], [ -99.224711639812426, 20.050761391085814 ] ], [ [ -99.224711639812426, 20.050761391085814 ], [ -99.224703793007009, 20.050774395527515 ] ], [ [ -99.224703793007009, 20.050774395527515 ], [ -99.224702153717615, 20.050777131150188 ] ], [ [ -99.224702153717615, 20.050777131150188 ], [ -99.224697145498638, 20.050785064339284 ] ], [ [ -99.224697145498638, 20.050785064339284 ], [ -99.223770038068409, 20.051093540594195 ] ], [ [ -99.223770038068409, 20.051093540594195 ], [ -99.223617373160778, 20.051355792215009 ] ], [ [ -99.223617373160778, 20.051355792215009 ], [ -99.223416872538863, 20.051554874399447 ] ], [ [ -99.223416872538863, 20.051554874399447 ], [ -99.223417288526051, 20.051853023358145 ] ], [ [ -99.223417288526051, 20.051853023358145 ], [ -99.223532469861553, 20.052151095971272 ] ], [ [ -99.223532469861553, 20.052151095971272 ], [ -99.223571581622963, 20.052738392353579 ] ], [ [ -99.223571581622963, 20.052738392353579 ], [ -99.223658493324649, 20.053343791936911 ] ], [ [ -99.223658493324649, 20.053343791936911 ], [ -99.223964986832712, 20.053722892300748 ] ], [ [ -99.223964986832712, 20.053722892300748 ], [ -99.224032778542195, 20.054292125478209 ] ], [ [ -99.224032778542195, 20.054292125478209 ], [ -99.224138715881963, 20.054798039519962 ] ], [ [ -99.224138715881963, 20.054798039519962 ], [ -99.224454830404966, 20.055204246042059 ] ], [ [ -99.224454830404966, 20.055204246042059 ], [ -99.224608366247324, 20.055583631033066 ] ], [ [ -99.224608366247324, 20.055583631033066 ], [ -99.224666367337278, 20.056017306603643 ] ], [ [ -99.224666367337278, 20.056017306603643 ], [ -99.224724922685539, 20.05680345003919 ] ], [ [ -99.224724922685539, 20.05680345003919 ], [ -99.224658934870277, 20.057481225431275 ] ], [ [ -99.224658934870277, 20.057481225431275 ], [ -99.224620856844695, 20.057634950409845 ] ], [ [ -99.224620856844695, 20.057634950409845 ], [ -99.224516667151917, 20.058303776109923 ] ], [ [ -99.224516667151917, 20.058303776109923 ], [ -99.223953473787518, 20.059090699898729 ] ], [ [ -99.223953473787518, 20.059090699898729 ], [ -99.22385831017543, 20.059389006723919 ] ], [ [ -99.22385831017543, 20.059389006723919 ], [ -99.223782065735307, 20.059578848168428 ] ], [ [ -99.223782065735307, 20.059578848168428 ], [ -99.223715608507206, 20.059895180709908 ] ], [ [ -99.223715608507206, 20.059895180709908 ], [ -99.223668123511771, 20.060175408527453 ] ], [ [ -99.223668123511771, 20.060175408527453 ], [ -99.223812225085467, 20.060636050777511 ] ], [ [ -99.223812225085467, 20.060636050777511 ], [ -99.224262474949839, 20.06112351113509 ] ], [ [ -99.224262474949839, 20.06112351113509 ], [ -99.224464198892647, 20.061764837013072 ] ], [ [ -99.224464198892647, 20.061764837013072 ], [ -99.224178914329315, 20.062939955028565 ] ], [ [ -99.224178914329315, 20.062939955028565 ], [ -99.224132134276587, 20.063644835075689 ] ], [ [ -99.224132134276587, 20.063644835075689 ], [ -99.22392240846537, 20.064105988581197 ] ], [ [ -99.22392240846537, 20.064105988581197 ], [ -99.223980704010089, 20.064801728817503 ] ], [ [ -99.223980704010089, 20.064801728817503 ], [ -99.224508468496722, 20.065993896819684 ] ], [ [ -99.224508468496722, 20.065993896819684 ], [ -99.225370537044668, 20.066977816167295 ] ], [ [ -99.225370537044668, 20.066977816167295 ], [ -99.22527532984877, 20.067221900540233 ] ], [ [ -99.22527532984877, 20.067221900540233 ], [ -99.224797367749076, 20.067430332506277 ] ], [ [ -99.224797367749076, 20.067430332506277 ], [ -99.22485539501281, 20.067891125562017 ] ], [ [ -99.22485539501281, 20.067891125562017 ], [ -99.224913127857448, 20.06808985696588 ] ], [ [ -99.224913127857448, 20.06808985696588 ], [ -99.225257564755182, 20.068215938861407 ] ], [ [ -99.225257564755182, 20.068215938861407 ], [ -99.225573438483536, 20.068387199022574 ] ], [ [ -99.225573438483536, 20.068387199022574 ], [ -99.225746270814398, 20.068874936248424 ] ], [ [ -99.225746270814398, 20.068874936248424 ], [ -99.225715918907966, 20.06919492471804 ] ], [ [ -99.225715918907966, 20.06919492471804 ], [ -99.225708568708498, 20.06927268193931 ] ], [ [ -99.225708568708498, 20.06927268193931 ], [ -99.225766346610513, 20.069525548270889 ] ], [ [ -99.225766346610513, 20.069525548270889 ], [ -99.226053720458168, 20.069823415886532 ] ], [ [ -99.226053720458168, 20.069823415886532 ], [ -99.226484429224115, 20.070057798833787 ] ], [ [ -99.226484429224115, 20.070057798833787 ], [ -99.226714254997205, 20.070274455055443 ] ], [ [ -99.226714254997205, 20.070274455055443 ], [ -99.226666732698803, 20.070500370177395 ] ], [ [ -99.226666732698803, 20.070500370177395 ], [ -99.226523475665573, 20.070663238144643 ] ], [ [ -99.226523475665573, 20.070663238144643 ], [ -99.226112374677555, 20.070717929629815 ] ], [ [ -99.226112374677555, 20.070717929629815 ], [ -99.225720246832537, 20.070736514605734 ] ], [ [ -99.225720246832537, 20.070736514605734 ], [ -99.225423795523454, 20.070745966432643 ] ], [ [ -99.225423795523454, 20.070745966432643 ], [ -99.225175385619337, 20.070954153647076 ] ], [ [ -99.225175385619337, 20.070954153647076 ], [ -99.224946177225576, 20.071171305934044 ] ], [ [ -99.224946177225576, 20.071171305934044 ], [ -99.224746129639499, 20.071749886620324 ] ], [ [ -99.224746129639499, 20.071749886620324 ], [ -99.224527118718967, 20.072382708349078 ] ], [ [ -99.224527118718967, 20.072382708349078 ], [ -99.224508128622418, 20.072527354123761 ] ], [ [ -99.224508128622418, 20.072527354123761 ], [ -99.224537036627311, 20.072680946116762 ] ], [ [ -99.224537036627311, 20.072680946116762 ], [ -99.224594613769852, 20.072798338056714 ] ], [ [ -99.224594613769852, 20.072798338056714 ], [ -99.224757413329314, 20.072960725810077 ] ], [ [ -99.224757413329314, 20.072960725810077 ], [ -99.224853124495382, 20.0729968426234 ] ], [ [ -99.224853124495382, 20.0729968426234 ], [ -99.225034906163586, 20.073005606999267 ] ], [ [ -99.225034906163586, 20.073005606999267 ], [ -99.225312118704366, 20.072932964691979 ] ], [ [ -99.225312118704366, 20.072932964691979 ], [ -99.226210183704708, 20.072236021797895 ] ], [ [ -99.226210183704708, 20.072236021797895 ], [ -99.226516435483845, 20.072362128651672 ] ], [ [ -99.226516435483845, 20.072362128651672 ], [ -99.226756106360767, 20.07276848070596 ] ], [ [ -99.226756106360767, 20.07276848070596 ], [ -99.226699144568542, 20.073075742831854 ] ], [ [ -99.226699144568542, 20.073075742831854 ], [ -99.226489206507466, 20.073392269712496 ] ], [ [ -99.226489206507466, 20.073392269712496 ], [ -99.226288498419507, 20.073482906329289 ] ], [ [ -99.226288498419507, 20.073482906329289 ], [ -99.226058927884807, 20.073483244557341 ] ], [ [ -99.226058927884807, 20.073483244557341 ], [ -99.225752881457083, 20.0735016802095 ] ], [ [ -99.225752881457083, 20.0735016802095 ], [ -99.225552351204797, 20.07370076931408 ] ], [ [ -99.225552351204797, 20.07370076931408 ], [ -99.225523833773252, 20.073809242274642 ] ], [ [ -99.225523833773252, 20.073809242274642 ], [ -99.225485719002393, 20.073917721152313 ] ], [ [ -99.225485719002393, 20.073917721152313 ], [ -99.225466866893186, 20.074116594877882 ] ], [ [ -99.225466866893186, 20.074116594877882 ], [ -99.225514868766524, 20.074261105474388 ] ], [ [ -99.225514868766524, 20.074261105474388 ], [ -99.225687233454011, 20.074378328512374 ] ], [ [ -99.225687233454011, 20.074378328512374 ], [ -99.225916859500018, 20.074450352458854 ] ], [ [ -99.225916859500018, 20.074450352458854 ], [ -99.226184587595711, 20.074395761233575 ] ], [ [ -99.226184587595711, 20.074395761233575 ], [ -99.226413828444151, 20.074214696583127 ] ], [ [ -99.226413828444151, 20.074214696583127 ], [ -99.226643156426675, 20.074024656154258 ] ], [ [ -99.226643156426675, 20.074024656154258 ], [ -99.226805611760398, 20.073988361267876 ] ], [ [ -99.226805611760398, 20.073988361267876 ], [ -99.227044765870943, 20.073969970826852 ] ], [ [ -99.227044765870943, 20.073969970826852 ], [ -99.227178892893136, 20.074159579519481 ] ], [ [ -99.227178892893136, 20.074159579519481 ], [ -99.227274879440657, 20.074421486701187 ] ], [ [ -99.227274879440657, 20.074421486701187 ], [ -99.227409132418487, 20.074647187191978 ] ], [ [ -99.227409132418487, 20.074647187191978 ], [ -99.227552815901205, 20.074782563732811 ] ], [ [ -99.227552815901205, 20.074782563732811 ], [ -99.227763323759334, 20.07482748579385 ] ], [ [ -99.227763323759334, 20.07482748579385 ], [ -99.228107572315849, 20.074808927614292 ] ], [ [ -99.228107572315849, 20.074808927614292 ], [ -99.228251110077721, 20.074881098627284 ] ], [ [ -99.228251110077721, 20.074881098627284 ], [ -99.22835669014043, 20.075133931345018 ] ], [ [ -99.22835669014043, 20.075133931345018 ], [ -99.228357066365959, 20.075368883660257 ] ], [ [ -99.228357066365959, 20.075368883660257 ], [ -99.228414711594979, 20.075567613357716 ] ], [ [ -99.228414711594979, 20.075567613357716 ], [ -99.228845449183993, 20.075811058727048 ] ], [ [ -99.228845449183993, 20.075811058727048 ], [ -99.229878927592623, 20.07618927980047 ] ], [ [ -99.229878927592623, 20.07618927980047 ], [ -99.230807375774091, 20.076639933241182 ] ], [ [ -99.230807375774091, 20.076639933241182 ], [ -99.231046622827449, 20.076729897805848 ] ], [ [ -99.231046622827449, 20.076729897805848 ], [ -99.231257361490748, 20.076937494879047 ] ], [ [ -99.231257361490748, 20.076937494879047 ], [ -99.231209886120055, 20.077217729487042 ] ], [ [ -99.231209886120055, 20.077217729487042 ], [ -99.230723172023517, 20.077914140870281 ] ], [ [ -99.230723172023517, 20.077914140870281 ], [ -99.230637561669084, 20.078275743135539 ] ], [ [ -99.230637561669084, 20.078275743135539 ], [ -99.23071503653361, 20.078899115534369 ] ], [ [ -99.23071503653361, 20.078899115534369 ], [ -99.230600626810045, 20.079134241168219 ] ], [ [ -99.230600626810045, 20.079134241168219 ], [ -99.230380943202391, 20.07938757629228 ] ], [ [ -99.230380943202391, 20.07938757629228 ], [ -99.230237813757014, 20.079595609095708 ] ], [ [ -99.230237813757014, 20.079595609095708 ], [ -99.230171047090209, 20.079758336267329 ] ], [ [ -99.230171047090209, 20.079758336267329 ], [ -99.2301522904162, 20.079948145491613 ] ], [ [ -99.2301522904162, 20.079948145491613 ], [ -99.230353471597482, 20.080200908908701 ] ], [ [ -99.230353471597482, 20.080200908908701 ], [ -99.230669592420057, 20.08051670485737 ] ], [ [ -99.230669592420057, 20.08051670485737 ], [ -99.231109808126376, 20.080705910722564 ] ], [ [ -99.231109808126376, 20.080705910722564 ], [ -99.231196120187732, 20.080859461496924 ] ], [ [ -99.231196120187732, 20.080859461496924 ], [ -99.231752238823177, 20.08182562324517 ] ], [ [ -99.231752238823177, 20.08182562324517 ], [ -99.23224096632849, 20.082412336520445 ] ], [ [ -99.23224096632849, 20.082412336520445 ], [ -99.232223169152618, 20.083307004904412 ] ], [ [ -99.232223169152618, 20.083307004904412 ], [ -99.232481755155959, 20.083559724751524 ] ], [ [ -99.232481755155959, 20.083559724751524 ], [ -99.232587297195678, 20.083749352903595 ] ], [ [ -99.232587297195678, 20.083749352903595 ], [ -99.232272315885822, 20.084255760142344 ] ], [ [ -99.232272315885822, 20.084255760142344 ], [ -99.232243970202902, 20.084454644700106 ] ], [ [ -99.232243970202902, 20.084454644700106 ], [ -99.232483865550648, 20.084969356184541 ] ], [ [ -99.232483865550648, 20.084969356184541 ], [ -99.232848051713901, 20.085474907985841 ] ], [ [ -99.232848051713901, 20.085474907985841 ], [ -99.232800989440022, 20.08602628110545 ] ], [ [ -99.232800989440022, 20.08602628110545 ], [ -99.2329646342247, 20.086721865968368 ] ], [ [ -99.2329646342247, 20.086721865968368 ], [ -99.232602547360884, 20.087616971423845 ] ], [ [ -99.232602547360884, 20.087616971423845 ], [ -99.232794124128191, 20.087842626477283 ] ], [ [ -99.232794124128191, 20.087842626477283 ], [ -99.232794694241534, 20.088185945790876 ] ], [ [ -99.232794694241534, 20.088185945790876 ], [ -99.232766430096788, 20.08848421636419 ] ], [ [ -99.232766430096788, 20.08848421636419 ], [ -99.232546912758195, 20.088836943788092 ] ], [ [ -99.232546912758195, 20.088836943788092 ], [ -99.23222178243617, 20.088918701802822 ] ], [ [ -99.23222178243617, 20.088918701802822 ], [ -99.231848786103654, 20.088919154280649 ] ], [ [ -99.231848786103654, 20.088919154280649 ], [ -99.231724529109229, 20.088973562315292 ] ], [ [ -99.231724529109229, 20.088973562315292 ], [ -99.23158124529391, 20.089118301866595 ] ], [ [ -99.23158124529391, 20.089118301866595 ], [ -99.231524065416167, 20.089272047424831 ] ], [ [ -99.231524065416167, 20.089272047424831 ], [ -99.231552934599804, 20.089362345833909 ] ], [ [ -99.231552934599804, 20.089362345833909 ], [ -99.231600867626099, 20.089407471249988 ] ], [ [ -99.231600867626099, 20.089407471249988 ], [ -99.232089068739612, 20.089668914563386 ] ], [ [ -99.232089068739612, 20.089668914563386 ], [ -99.232414547618518, 20.089894382466429 ] ], [ [ -99.232414547618518, 20.089894382466429 ], [ -99.232740167686984, 20.09017407814153 ] ], [ [ -99.232740167686984, 20.09017407814153 ], [ -99.232883895070017, 20.090336564918875 ] ], [ [ -99.232883895070017, 20.090336564918875 ], [ -99.233018208818493, 20.090607513109536 ] ], [ [ -99.233018208818493, 20.090607513109536 ], [ -99.23307581630867, 20.090742949129226 ] ], [ [ -99.23307581630867, 20.090742949129226 ], [ -99.233085643634126, 20.090905624609359 ] ], [ [ -99.233085643634126, 20.090905624609359 ], [ -99.232866322925204, 20.091384853858454 ] ], [ [ -99.232866322925204, 20.091384853858454 ], [ -99.232837851825806, 20.091547556707223 ] ], [ [ -99.232837851825806, 20.091547556707223 ], [ -99.232818972463576, 20.091701185193298 ] ], [ [ -99.232818972463576, 20.091701185193298 ], [ -99.232847902581909, 20.091863755686898 ] ], [ [ -99.232847902581909, 20.091863755686898 ], [ -99.232895925368254, 20.092017334327103 ] ], [ [ -99.232895925368254, 20.092017334327103 ], [ -99.232991824967002, 20.092143675270325 ] ], [ [ -99.232991824967002, 20.092143675270325 ], [ -99.233422667909679, 20.092441338163635 ] ], [ [ -99.233422667909679, 20.092441338163635 ], [ -99.233537654135787, 20.092549618852033 ] ], [ [ -99.233537654135787, 20.092549618852033 ], [ -99.233633635090925, 20.092775435686217 ] ], [ [ -99.233633635090925, 20.092775435686217 ], [ -99.233637467983726, 20.092782805192165 ] ], [ [ -99.233637467983726, 20.092782805192165 ], [ -99.233639736373433, 20.092786881744576 ] ], [ [ -99.233639736373433, 20.092786881744576 ], [ -99.233645297129314, 20.092796595052356 ] ], [ [ -99.233645297129314, 20.092796595052356 ], [ -99.233645559063859, 20.092797869330905 ] ], [ [ -99.233645559063859, 20.092797869330905 ], [ -99.233645837656923, 20.092798327802726 ] ], [ [ -99.233645837656923, 20.092798327802726 ], [ -99.23365306812164, 20.092810882586551 ] ], [ [ -99.23365306812164, 20.092810882586551 ], [ -99.233653699045888, 20.092812889021111 ] ], [ [ -99.233653699045888, 20.092812889021111 ], [ -99.233660743166382, 20.092825168371949 ] ], [ [ -99.233660743166382, 20.092825168371949 ], [ -99.233661840880714, 20.092827818065885 ] ], [ [ -99.233661840880714, 20.092827818065885 ], [ -99.233668514161934, 20.0928394559057 ] ], [ [ -99.233668514161934, 20.0928394559057 ], [ -99.233669980866424, 20.092842837755665 ] ], [ [ -99.233669980866424, 20.092842837755665 ], [ -99.233676189209845, 20.092853741690668 ] ], [ [ -99.233676189209845, 20.092853741690668 ], [ -99.233678024904535, 20.092857855696586 ] ], [ [ -99.233678024904535, 20.092857855696586 ], [ -99.233683958357844, 20.09286811986923 ] ], [ [ -99.233683958357844, 20.09286811986923 ], [ -99.233686164893825, 20.092872875385872 ] ], [ [ -99.233686164893825, 20.092872875385872 ], [ -99.233691729358341, 20.092882407402378 ] ], [ [ -99.233691729358341, 20.092882407402378 ], [ -99.233693755101612, 20.092886615550594 ] ], [ [ -99.233693755101612, 20.092886615550594 ], [ -99.233693638792161, 20.09288761089919 ] ], [ [ -99.233693638792161, 20.09288761089919 ], [ -99.233693573412879, 20.092900214078696 ] ], [ [ -99.233693573412879, 20.092900214078696 ], [ -99.233694463825401, 20.0929130160348 ] ], [ [ -99.233694463825401, 20.0929130160348 ], [ -99.233696116280399, 20.092926103915371 ] ], [ [ -99.233696116280399, 20.092926103915371 ], [ -99.233698722676792, 20.092939481217694 ] ], [ [ -99.233698722676792, 20.092939481217694 ], [ -99.233702284865842, 20.092953057296484 ] ], [ [ -99.233702284865842, 20.092953057296484 ], [ -99.233702219487327, 20.092965660476779 ] ], [ [ -99.233702219487327, 20.092965660476779 ], [ -99.233702916151401, 20.092978549581595 ] ], [ [ -99.233702916151401, 20.092978549581595 ], [ -99.233715513054946, 20.093010335418469 ] ], [ [ -99.233715513054946, 20.093010335418469 ], [ -99.233719343033599, 20.093020198541442 ] ], [ [ -99.233719343033599, 20.093020198541442 ], [ -99.23372197104986, 20.09304191870093 ] ], [ [ -99.23372197104986, 20.09304191870093 ], [ -99.233733708120241, 20.093073507510518 ] ], [ [ -99.233733708120241, 20.093073507510518 ], [ -99.233738440219227, 20.09308619812089 ] ], [ [ -99.233738440219227, 20.09308619812089 ], [ -99.23374151282043, 20.093109649283331 ] ], [ [ -99.23374151282043, 20.093109649283331 ], [ -99.233762654510102, 20.093146034106972 ] ], [ [ -99.233762654510102, 20.093146034106972 ], [ -99.233771432933082, 20.093190898804629 ] ], [ [ -99.233771432933082, 20.093190898804629 ], [ -99.233774043043809, 20.093204094818432 ] ], [ [ -99.233774043043809, 20.093204094818432 ], [ -99.233811444660091, 20.093238599657145 ] ], [ [ -99.233811444660091, 20.093238599657145 ], [ -99.233864129653412, 20.093337855738529 ] ], [ [ -99.233864129653412, 20.093337855738529 ], [ -99.23386256737669, 20.093357957999121 ] ], [ [ -99.23386256737669, 20.093357957999121 ], [ -99.233860739167383, 20.093381682572602 ] ], [ [ -99.233860739167383, 20.093381682572602 ], [ -99.233937747375336, 20.093483739533934 ] ], [ [ -99.233937747375336, 20.093483739533934 ], [ -99.233936231777292, 20.093525061529014 ] ], [ [ -99.233936231777292, 20.093525061529014 ], [ -99.233934553600818, 20.093569645006401 ] ], [ [ -99.233934553600818, 20.093569645006401 ], [ -99.233950071387326, 20.093604113755582 ] ], [ [ -99.233950071387326, 20.093604113755582 ], [ -99.233944672396348, 20.093633486043029 ] ], [ [ -99.233944672396348, 20.093633486043029 ], [ -99.233936454821006, 20.093678675792738 ] ], [ [ -99.233936454821006, 20.093678675792738 ], [ -99.233956665028188, 20.093741884614314 ] ], [ [ -99.233956665028188, 20.093741884614314 ], [ -99.233957386359009, 20.093744164733558 ] ], [ [ -99.233957386359009, 20.093744164733558 ], [ -99.233938484438056, 20.093800222631675 ] ], [ [ -99.233938484438056, 20.093800222631675 ], [ -99.233926827347304, 20.093816423109416 ] ], [ [ -99.233926827347304, 20.093816423109416 ], [ -99.233917390641309, 20.093822598678383 ] ], [ [ -99.233917390641309, 20.093822598678383 ], [ -99.233867985244402, 20.093887077938042 ] ], [ [ -99.233867985244402, 20.093887077938042 ], [ -99.233866627136976, 20.093887778621394 ] ], [ [ -99.233866627136976, 20.093887778621394 ], [ -99.233808390286185, 20.093956993597939 ] ], [ [ -99.233808390286185, 20.093956993597939 ], [ -99.233806748029139, 20.093957507744687 ] ], [ [ -99.233806748029139, 20.093957507744687 ], [ -99.233765160986678, 20.093986945997163 ] ], [ [ -99.233765160986678, 20.093986945997163 ], [ -99.233742143833794, 20.094018898950178 ] ], [ [ -99.233742143833794, 20.094018898950178 ], [ -99.233689739048415, 20.094037530598282 ] ], [ [ -99.233689739048415, 20.094037530598282 ], [ -99.233666994912099, 20.094070213949504 ] ], [ [ -99.233666994912099, 20.094070213949504 ], [ -99.233610954793505, 20.094092950556018 ] ], [ [ -99.233610954793505, 20.094092950556018 ], [ -99.233565907332917, 20.094160229530491 ] ], [ [ -99.233565907332917, 20.094160229530491 ], [ -99.233548408610517, 20.094171064138486 ] ], [ [ -99.233548408610517, 20.094171064138486 ], [ -99.233508088877784, 20.094232444447726 ] ], [ [ -99.233508088877784, 20.094232444447726 ], [ -99.233485956454601, 20.094249270094942 ] ], [ [ -99.233485956454601, 20.094249270094942 ], [ -99.233465343502971, 20.094280994796062 ] ], [ [ -99.233465343502971, 20.094280994796062 ], [ -99.233465073856451, 20.09428479840156 ] ], [ [ -99.233465073856451, 20.09428479840156 ], [ -99.233458411967035, 20.094352504914156 ] ], [ [ -99.233458411967035, 20.094352504914156 ], [ -99.233461970773604, 20.094361547001704 ] ], [ [ -99.233461970773604, 20.094361547001704 ], [ -99.233464033577647, 20.0944203446256 ] ], [ [ -99.233464033577647, 20.0944203446256 ], [ -99.233464810755152, 20.094443391271149 ] ], [ [ -99.233464810755152, 20.094443391271149 ], [ -99.233474722044306, 20.094460982288997 ] ], [ [ -99.233474722044306, 20.094460982288997 ], [ -99.233486837767828, 20.094544537163831 ] ], [ [ -99.233486837767828, 20.094544537163831 ], [ -99.233490788416432, 20.094571994244792 ] ], [ [ -99.233490788416432, 20.094571994244792 ], [ -99.233529056682613, 20.094620479563243 ] ], [ [ -99.233529056682613, 20.094620479563243 ], [ -99.233530086884002, 20.094668739607297 ] ], [ [ -99.233530086884002, 20.094668739607297 ], [ -99.233530575918095, 20.09469649631826 ] ], [ [ -99.233530575918095, 20.09469649631826 ], [ -99.233578612727101, 20.094774267647217 ] ], [ [ -99.233578612727101, 20.094774267647217 ], [ -99.233576888106384, 20.094792916108418 ] ], [ [ -99.233576888106384, 20.094792916108418 ], [ -99.233574225585045, 20.094819889953161 ] ], [ [ -99.233574225585045, 20.094819889953161 ], [ -99.233618794073436, 20.094917094073534 ] ], [ [ -99.233618794073436, 20.094917094073534 ], [ -99.233624402740162, 20.094929165929294 ] ], [ [ -99.233624402740162, 20.094929165929294 ], [ -99.233616412351282, 20.094967921643008 ] ], [ [ -99.233616412351282, 20.094967921643008 ], [ -99.233652124120809, 20.09506169990825 ] ], [ [ -99.233652124120809, 20.09506169990825 ], [ -99.233661693648941, 20.095086629702298 ] ], [ [ -99.233661693648941, 20.095086629702298 ], [ -99.233656411147891, 20.095110291360609 ] ], [ [ -99.233656411147891, 20.095110291360609 ], [ -99.233686703453174, 20.095206237841477 ] ], [ [ -99.233686703453174, 20.095206237841477 ], [ -99.233692653071444, 20.095225116845281 ] ], [ [ -99.233692653071444, 20.095225116845281 ], [ -99.233679841668447, 20.095255532914504 ] ], [ [ -99.233679841668447, 20.095255532914504 ], [ -99.233693158082644, 20.095350807319839 ] ], [ [ -99.233693158082644, 20.095350807319839 ], [ -99.233697588253705, 20.095382988468401 ] ], [ [ -99.233697588253705, 20.095382988468401 ], [ -99.233719446366848, 20.095417210124634 ] ], [ [ -99.233719446366848, 20.095417210124634 ], [ -99.233710141977198, 20.095459206363799 ] ], [ [ -99.233710141977198, 20.095459206363799 ], [ -99.233702327123666, 20.095494066096713 ] ], [ [ -99.233702327123666, 20.095494066096713 ], [ -99.233722518387978, 20.095567612130012 ] ], [ [ -99.233722518387978, 20.095567612130012 ], [ -99.233725285571865, 20.095577818623259 ] ], [ [ -99.233725285571865, 20.095577818623259 ], [ -99.233716794099067, 20.095603507435726 ] ], [ [ -99.233716794099067, 20.095603507435726 ], [ -99.233730671109285, 20.095676031613934 ] ], [ [ -99.233730671109285, 20.095676031613934 ], [ -99.233736391238921, 20.095706150657623 ] ], [ [ -99.233736391238921, 20.095706150657623 ], [ -99.233733477233628, 20.095712535774528 ] ], [ [ -99.233733477233628, 20.095712535774528 ], [ -99.233740359066118, 20.095784479085456 ] ], [ [ -99.233740359066118, 20.095784479085456 ], [ -99.233745192241528, 20.095834531386078 ] ], [ [ -99.233745192241528, 20.095834531386078 ], [ -99.233740126581679, 20.095842872234954 ] ], [ [ -99.233740126581679, 20.095842872234954 ], [ -99.233740645347467, 20.095897379873456 ] ], [ [ -99.233740645347467, 20.095897379873456 ], [ -99.233741274575706, 20.095955879411648 ] ], [ [ -99.233741274575706, 20.095955879411648 ], [ -99.233745636223119, 20.095963213230892 ] ], [ [ -99.233745636223119, 20.095963213230892 ], [ -99.233742273100162, 20.096010395798672 ] ], [ [ -99.233742273100162, 20.096010395798672 ], [ -99.233738104749392, 20.096068807914161 ] ], [ [ -99.233738104749392, 20.096068807914161 ], [ -99.233749731919957, 20.0960916896002 ] ], [ [ -99.233749731919957, 20.0960916896002 ], [ -99.233745054126274, 20.096123342073014 ] ], [ [ -99.233745054126274, 20.096123342073014 ], [ -99.23373646829387, 20.096181855051029 ] ], [ [ -99.23373646829387, 20.096181855051029 ], [ -99.233752480598667, 20.096220322795581 ] ], [ [ -99.233752480598667, 20.096220322795581 ], [ -99.233748986577694, 20.096236309341901 ] ], [ [ -99.233748986577694, 20.096236309341901 ], [ -99.23373184133456, 20.09631443441199 ] ], [ [ -99.23373184133456, 20.09631443441199 ], [ -99.233738460819325, 20.096333416318807 ] ], [ [ -99.233738460819325, 20.096333416318807 ], [ -99.233731713092737, 20.096358320814904 ] ], [ [ -99.233731713092737, 20.096358320814904 ], [ -99.233710825701493, 20.096436377696659 ] ], [ [ -99.233710825701493, 20.096436377696659 ], [ -99.233719627424804, 20.096466008844114 ] ], [ [ -99.233719627424804, 20.096466008844114 ], [ -99.233715015288084, 20.096480342791278 ] ], [ [ -99.233715015288084, 20.096480342791278 ], [ -99.233690287939368, 20.096558420380656 ] ], [ [ -99.233690287939368, 20.096558420380656 ], [ -99.233700220132505, 20.096598500246149 ] ], [ [ -99.233700220132505, 20.096598500246149 ], [ -99.233698799064229, 20.096602282876969 ] ], [ [ -99.233698799064229, 20.096602282876969 ], [ -99.233659450006982, 20.096710108838298 ] ], [ [ -99.233659450006982, 20.096710108838298 ], [ -99.233671936786621, 20.096737902887945 ] ], [ [ -99.233671936786621, 20.096737902887945 ], [ -99.233669719491189, 20.096785378407773 ] ], [ [ -99.233669719491189, 20.096785378407773 ], [ -99.23366646558398, 20.096855414173717 ] ], [ [ -99.23366646558398, 20.096855414173717 ], [ -99.233644720612517, 20.096895551523247 ] ], [ [ -99.233644720612517, 20.096895551523247 ], [ -99.233659743590408, 20.096968368714368 ] ], [ [ -99.233659743590408, 20.096968368714368 ], [ -99.233660708366116, 20.09697282958054 ] ], [ [ -99.233660708366116, 20.09697282958054 ], [ -99.233644329346802, 20.097041628694544 ] ], [ [ -99.233644329346802, 20.097041628694544 ], [ -99.233658885183701, 20.097090316693698 ] ], [ [ -99.233658885183701, 20.097090316693698 ], [ -99.233655973947464, 20.097110666477327 ] ], [ [ -99.233655973947464, 20.097110666477327 ], [ -99.233645549210024, 20.097184017395939 ] ], [ [ -99.233645549210024, 20.097184017395939 ], [ -99.233658681483547, 20.097217808054676 ] ], [ [ -99.233658681483547, 20.097217808054676 ], [ -99.233656426204021, 20.09725304119867 ] ], [ [ -99.233656426204021, 20.09725304119867 ], [ -99.233651664503995, 20.097326404650929 ] ], [ [ -99.233651664503995, 20.097326404650929 ], [ -99.233657909771793, 20.0973402110384 ] ], [ [ -99.233657909771793, 20.0973402110384 ], [ -99.23365841555318, 20.09739535327116 ] ], [ [ -99.23365841555318, 20.09739535327116 ], [ -99.233659058961464, 20.09746255836291 ] ], [ [ -99.233659058961464, 20.09746255836291 ], [ -99.233656434623541, 20.097468858088934 ] ], [ [ -99.233656434623541, 20.097468858088934 ], [ -99.233661844196178, 20.097537691591647 ] ], [ [ -99.233661844196178, 20.097537691591647 ], [ -99.233665588907115, 20.097584641041969 ] ], [ [ -99.233665588907115, 20.097584641041969 ], [ -99.233661602419843, 20.097596538063129 ] ], [ [ -99.233661602419843, 20.097596538063129 ], [ -99.233670353387595, 20.097670963905461 ] ], [ [ -99.233670353387595, 20.097670963905461 ], [ -99.233677221375473, 20.097729486554087 ] ], [ [ -99.233677221375473, 20.097729486554087 ], [ -99.233691972547717, 20.097754510832722 ] ], [ [ -99.233691972547717, 20.097754510832722 ], [ -99.233687693958402, 20.097804215816485 ] ], [ [ -99.233687693958402, 20.097804215816485 ], [ -99.233682658251098, 20.097862793580482 ] ], [ [ -99.233682658251098, 20.097862793580482 ], [ -99.233708778578404, 20.09793744529162 ] ], [ [ -99.233708778578404, 20.09793744529162 ], [ -99.233713132586146, 20.097949857028294 ] ], [ [ -99.233713132586146, 20.097949857028294 ], [ -99.233700969494095, 20.09799551912592 ] ], [ [ -99.233700969494095, 20.09799551912592 ], [ -99.233711624761796, 20.098070705130276 ] ], [ [ -99.233711624761796, 20.098070705130276 ], [ -99.233720424508249, 20.098133343572499 ] ], [ [ -99.233720424508249, 20.098133343572499 ], [ -99.233742589736579, 20.098161948779623 ] ], [ [ -99.233742589736579, 20.098161948779623 ], [ -99.23374465249384, 20.098253663213544 ] ], [ [ -99.23374465249384, 20.098253663213544 ], [ -99.233746034255873, 20.098317617354613 ] ], [ [ -99.233746034255873, 20.098317617354613 ], [ -99.233787330717519, 20.098382389547179 ] ], [ [ -99.233787330717519, 20.098382389547179 ], [ -99.233782191970221, 20.098436612856869 ] ], [ [ -99.233782191970221, 20.098436612856869 ], [ -99.233776170538107, 20.09850115753493 ] ], [ [ -99.233776170538107, 20.09850115753493 ], [ -99.233804580292613, 20.098557715110388 ] ], [ [ -99.233804580292613, 20.098557715110388 ], [ -99.233796597521092, 20.098619594352513 ] ], [ [ -99.233796597521092, 20.098619594352513 ], [ -99.233787911306933, 20.098687717658418 ] ], [ [ -99.233787911306933, 20.098687717658418 ], [ -99.233820847284008, 20.098748256935345 ] ], [ [ -99.233820847284008, 20.098748256935345 ], [ -99.233811482878551, 20.098802584620231 ] ], [ [ -99.233811482878551, 20.098802584620231 ], [ -99.233793407506241, 20.098907443368358 ] ], [ [ -99.233793407506241, 20.098907443368358 ], [ -99.23381332522267, 20.098938002574343 ] ], [ [ -99.23381332522267, 20.098938002574343 ], [ -99.233806474483757, 20.099014955254095 ] ], [ [ -99.233806474483757, 20.099014955254095 ], [ -99.2337972305276, 20.099119793597101 ] ], [ [ -99.2337972305276, 20.099119793597101 ], [ -99.233803308342146, 20.099127702784045 ] ], [ [ -99.233803308342146, 20.099127702784045 ], [ -99.233803387001061, 20.099227270254413 ] ], [ [ -99.233803387001061, 20.099227270254413 ], [ -99.233803593079855, 20.099325298504883 ] ], [ [ -99.233803593079855, 20.099325298504883 ], [ -99.233798748815957, 20.099332192547777 ] ], [ [ -99.233798748815957, 20.099332192547777 ], [ -99.233813640815526, 20.099439647051454 ] ], [ [ -99.233813640815526, 20.099439647051454 ], [ -99.233822433294293, 20.099502648149599 ] ], [ [ -99.233822433294293, 20.099502648149599 ], [ -99.233799787338739, 20.099544582797261 ] ], [ [ -99.233799787338739, 20.099544582797261 ], [ -99.233828406357759, 20.099652015424361 ] ], [ [ -99.233828406357759, 20.099652015424361 ], [ -99.233835892721231, 20.099680262486853 ] ], [ [ -99.233835892721231, 20.099680262486853 ], [ -99.233828602731265, 20.099698809620634 ] ], [ [ -99.233828602731265, 20.099698809620634 ], [ -99.233833452825976, 20.099776247612454 ] ], [ [ -99.233833452825976, 20.099776247612454 ], [ -99.233836322964407, 20.099823725293124 ] ], [ [ -99.233836322964407, 20.099823725293124 ], [ -99.233855598466803, 20.099857537276151 ] ], [ [ -99.233855598466803, 20.099857537276151 ], [ -99.23384944179773, 20.09990049785387 ] ], [ [ -99.23384944179773, 20.09990049785387 ], [ -99.233842408285895, 20.099948792546247 ] ], [ [ -99.233842408285895, 20.099948792546247 ], [ -99.233869270826091, 20.100024727402097 ] ], [ [ -99.233869270826091, 20.100024727402097 ], [ -99.233872901701773, 20.100034949670981 ] ], [ [ -99.233872901701773, 20.100034949670981 ], [ -99.233859554292223, 20.10007279185114 ] ], [ [ -99.233859554292223, 20.10007279185114 ], [ -99.233869997542428, 20.100148971594653 ] ], [ [ -99.233869997542428, 20.100148971594653 ], [ -99.233875925582353, 20.100192424433001 ] ], [ [ -99.233875925582353, 20.100192424433001 ], [ -99.233890109027541, 20.100212360344205 ] ], [ [ -99.233890109027541, 20.100212360344205 ], [ -99.233885366442777, 20.100275386883361 ] ], [ [ -99.233885366442777, 20.100275386883361 ], [ -99.233881936921136, 20.100321117559659 ] ], [ [ -99.233881936921136, 20.100321117559659 ], [ -99.233893093962124, 20.100343537352526 ] ], [ [ -99.233893093962124, 20.100343537352526 ], [ -99.233890654578133, 20.100401890531749 ] ], [ [ -99.233890654578133, 20.100401890531749 ], [ -99.233888621805164, 20.100449732294873 ] ], [ [ -99.233888621805164, 20.100449732294873 ], [ -99.233896149819344, 20.100461839171807 ] ], [ [ -99.233896149819344, 20.100461839171807 ], [ -99.233896230587717, 20.100528399440105 ] ], [ [ -99.233896230587717, 20.100528399440105 ], [ -99.2338962699517, 20.100578183238166 ] ], [ [ -99.2338962699517, 20.100578183238166 ], [ -99.233911232184028, 20.100597589267259 ] ], [ [ -99.233911232184028, 20.100597589267259 ], [ -99.233915149885178, 20.100654879463761 ] ], [ [ -99.233915149885178, 20.100654879463761 ], [ -99.233918553229969, 20.100704452526529 ] ], [ [ -99.233918553229969, 20.100704452526529 ], [ -99.233925304657873, 20.100712283313609 ] ], [ [ -99.233925304657873, 20.100712283313609 ], [ -99.233934932812474, 20.100781375235893 ] ], [ [ -99.233934932812474, 20.100781375235893 ], [ -99.233941205852645, 20.100826738653776 ] ], [ [ -99.233941205852645, 20.100826738653776 ], [ -99.233939199762503, 20.100830964040092 ] ], [ [ -99.233939199762503, 20.100830964040092 ], [ -99.233955579372008, 20.100907886756133 ] ], [ [ -99.233955579372008, 20.100907886756133 ], [ -99.233961541655603, 20.100935561994611 ] ], [ [ -99.233961541655603, 20.100935561994611 ], [ -99.23400388728443, 20.100967799409005 ] ], [ [ -99.23400388728443, 20.100967799409005 ], [ -99.23402329053873, 20.101028273533082 ] ], [ [ -99.23402329053873, 20.101028273533082 ], [ -99.23403060020182, 20.101051076623573 ] ], [ [ -99.23403060020182, 20.101051076623573 ], [ -99.234061156925591, 20.101073033781908 ] ], [ [ -99.234061156925591, 20.101073033781908 ], [ -99.234092824974709, 20.101148693512009 ] ], [ [ -99.234092824974709, 20.101148693512009 ], [ -99.234100240149417, 20.101166329785883 ] ], [ [ -99.234100240149417, 20.101166329785883 ], [ -99.234118037282514, 20.10117853308773 ] ], [ [ -99.234118037282514, 20.10117853308773 ], [ -99.234163439101891, 20.101267954307207 ] ], [ [ -99.234163439101891, 20.101267954307207 ], [ -99.234213655349691, 20.101295529053619 ] ], [ [ -99.234213655349691, 20.101295529053619 ], [ -99.234243283576333, 20.101386476457389 ] ], [ [ -99.234243283576333, 20.101386476457389 ], [ -99.234244097206641, 20.101388939631413 ] ], [ [ -99.234244097206641, 20.101388939631413 ], [ -99.23431855923792, 20.101441983669325 ] ], [ [ -99.23431855923792, 20.101441983669325 ], [ -99.234328719515872, 20.10150383093206 ] ], [ [ -99.234328719515872, 20.10150383093206 ], [ -99.234329228626578, 20.101507104674518 ] ], [ [ -99.234329228626578, 20.101507104674518 ], [ -99.234418606358958, 20.101591251494284 ] ], [ [ -99.234418606358958, 20.101591251494284 ], [ -99.234419243097889, 20.101621187377663 ] ], [ [ -99.234419243097889, 20.101621187377663 ], [ -99.234419901770465, 20.101654750847455 ] ], [ [ -99.234419901770465, 20.101654750847455 ], [ -99.234509417633305, 20.101746245190984 ] ], [ [ -99.234509417633305, 20.101746245190984 ], [ -99.234510469674049, 20.101774647089549 ] ], [ [ -99.234510469674049, 20.101774647089549 ], [ -99.234511512462788, 20.101803502218562 ] ], [ [ -99.234511512462788, 20.101803502218562 ], [ -99.23455451272369, 20.101850713568187 ] ], [ [ -99.23455451272369, 20.101850713568187 ], [ -99.234566178020216, 20.101928185156517 ] ], [ [ -99.234566178020216, 20.101928185156517 ], [ -99.234569046368492, 20.101947552180309 ] ], [ [ -99.234569046368492, 20.101947552180309 ], [ -99.23459284153094, 20.101980993064718 ] ], [ [ -99.23459284153094, 20.101980993064718 ], [ -99.23459131123407, 20.102023040556787 ] ], [ [ -99.23459131123407, 20.102023040556787 ], [ -99.2345904907056, 20.102044426013283 ] ], [ [ -99.2345904907056, 20.102044426013283 ], [ -99.234624907372719, 20.102112427989216 ] ], [ [ -99.234624907372719, 20.102112427989216 ], [ -99.234623644876507, 20.10211784577146 ] ], [ [ -99.234623644876507, 20.10211784577146 ], [ -99.234611209970055, 20.102172117736863 ] ], [ [ -99.234611209970055, 20.102172117736863 ], [ -99.234623534078438, 20.102217319372695 ] ], [ [ -99.234623534078438, 20.102217319372695 ], [ -99.23463138791962, 20.102246389268451 ] ], [ [ -99.23463138791962, 20.102246389268451 ], [ -99.234620399493977, 20.102272123486202 ] ], [ [ -99.234620399493977, 20.102272123486202 ], [ -99.234621985790156, 20.102316676116594 ] ], [ [ -99.234621985790156, 20.102316676116594 ], [ -99.234623544597071, 20.10235787309885 ] ], [ [ -99.234623544597071, 20.10235787309885 ], [ -99.234646644096941, 20.102392480149238 ] ], [ [ -99.234646644096941, 20.102392480149238 ], [ -99.234643365981782, 20.102440208639663 ] ], [ [ -99.234643365981782, 20.102440208639663 ], [ -99.23464038154971, 20.102482955097777 ] ], [ [ -99.23464038154971, 20.102482955097777 ], [ -99.234671997912841, 20.102537666836046 ] ], [ [ -99.234671997912841, 20.102537666836046 ], [ -99.234667244774911, 20.102563605329848 ] ], [ [ -99.234667244774911, 20.102563605329848 ], [ -99.234659047253416, 20.102607798383271 ] ], [ [ -99.234659047253416, 20.102607798383271 ], [ -99.234695235193243, 20.102683087020413 ] ], [ [ -99.234695235193243, 20.102683087020413 ], [ -99.234694002300699, 20.102687054469673 ] ], [ [ -99.234694002300699, 20.102687054469673 ], [ -99.234677251185147, 20.102741157163482 ] ], [ [ -99.234677251185147, 20.102741157163482 ], [ -99.234696691738023, 20.102804533721041 ] ], [ [ -99.234696691738023, 20.102804533721041 ], [ -99.234704431432093, 20.102829792999142 ] ], [ [ -99.234704431432093, 20.102829792999142 ], [ -99.234692044071366, 20.102858222145375 ] ], [ [ -99.234692044071366, 20.102858222145375 ], [ -99.234701396265834, 20.102922049692602 ] ], [ [ -99.234701396265834, 20.102922049692602 ], [ -99.234709239596611, 20.102975149545642 ] ], [ [ -99.234709239596611, 20.102975149545642 ], [ -99.234710547830545, 20.10297689629224 ] ], [ [ -99.234710547830545, 20.10297689629224 ], [ -99.234710710417289, 20.103039468287356 ] ], [ [ -99.234710710417289, 20.103039468287356 ], [ -99.234710748239195, 20.103122259601502 ] ], [ [ -99.234710748239195, 20.103122259601502 ], [ -99.234716381660675, 20.103128437765942 ] ], [ [ -99.234716381660675, 20.103128437765942 ], [ -99.234719399431299, 20.103215726679235 ] ], [ [ -99.234719399431299, 20.103215726679235 ], [ -99.234722328913378, 20.103297935923244 ] ], [ [ -99.234722328913378, 20.103297935923244 ], [ -99.234721935834543, 20.103298382161739 ] ], [ [ -99.234721935834543, 20.103298382161739 ], [ -99.234728378188777, 20.103391899696877 ] ], [ [ -99.234728378188777, 20.103391899696877 ], [ -99.234732089862035, 20.103445196347405 ] ], [ [ -99.234732089862035, 20.103445196347405 ], [ -99.234746624294644, 20.103466770859576 ] ], [ [ -99.234746624294644, 20.103466770859576 ], [ -99.234738556007855, 20.103509334072236 ] ], [ [ -99.234738556007855, 20.103509334072236 ], [ -99.234728339131223, 20.103563102442962 ] ], [ [ -99.234728339131223, 20.103563102442962 ], [ -99.23475420339183, 20.103626868092661 ] ], [ [ -99.23475420339183, 20.103626868092661 ], [ -99.234757952592105, 20.103636004368891 ] ], [ [ -99.234757952592105, 20.103636004368891 ], [ -99.234738134985463, 20.103680439198861 ] ], [ [ -99.234738134985463, 20.103680439198861 ], [ -99.234746760310031, 20.103742258593236 ] ], [ [ -99.234746760310031, 20.103742258593236 ], [ -99.234756648129689, 20.103765743423089 ] ], [ [ -99.234756648129689, 20.103765743423089 ], [ -99.234751079198773, 20.103794024764181 ] ], [ [ -99.234751079198773, 20.103794024764181 ], [ -99.234750972139523, 20.103794566892944 ] ], [ [ -99.234750972139523, 20.103794566892944 ], [ -99.234755632563434, 20.103843709572548 ] ], [ [ -99.234755632563434, 20.103843709572548 ], [ -99.234758867370246, 20.103878045472843 ] ], [ [ -99.234758867370246, 20.103878045472843 ], [ -99.234735747000727, 20.103914984403808 ] ], [ [ -99.234735747000727, 20.103914984403808 ], [ -99.234735891344314, 20.103940830786108 ] ], [ [ -99.234735891344314, 20.103940830786108 ], [ -99.234736165490872, 20.103988533374718 ] ], [ [ -99.234736165490872, 20.103988533374718 ], [ -99.234718917518379, 20.104015241776832 ] ], [ [ -99.234718917518379, 20.104015241776832 ], [ -99.234717395690922, 20.104038065375537 ] ], [ [ -99.234717395690922, 20.104038065375537 ], [ -99.234712019461739, 20.104118037746684 ] ], [ [ -99.234712019461739, 20.104118037746684 ], [ -99.234715294437279, 20.104126893349733 ] ], [ [ -99.234715294437279, 20.104126893349733 ], [ -99.234714934137017, 20.104135138652993 ] ], [ [ -99.234714934137017, 20.104135138652993 ], [ -99.234711039296144, 20.104222483085092 ] ], [ [ -99.234711039296144, 20.104222483085092 ], [ -99.234712755163699, 20.104227773773502 ] ], [ [ -99.234712755163699, 20.104227773773502 ], [ -99.234712566686625, 20.104232304333163 ] ], [ [ -99.234712566686625, 20.104232304333163 ], [ -99.234711583065987, 20.104266382043434 ] ], [ [ -99.234711583065987, 20.104266382043434 ], [ -99.234682464088152, 20.104324430798222 ] ], [ [ -99.234682464088152, 20.104324430798222 ], [ -99.234684076070394, 20.104372429814067 ] ], [ [ -99.234684076070394, 20.104372429814067 ], [ -99.234684676664941, 20.104390032650134 ] ], [ [ -99.234684676664941, 20.104390032650134 ], [ -99.234651884560293, 20.104463430075036 ] ], [ [ -99.234651884560293, 20.104463430075036 ], [ -99.234656834694448, 20.104512487385669 ] ], [ [ -99.234656834694448, 20.104512487385669 ], [ -99.23465691214767, 20.104513395595447 ] ], [ [ -99.23465691214767, 20.104513395595447 ], [ -99.234626924709374, 20.104590471310811 ] ], [ [ -99.234626924709374, 20.104590471310811 ], [ -99.234635643095203, 20.10463832775438 ] ], [ [ -99.234635643095203, 20.10463832775438 ], [ -99.234630646946357, 20.104652654844834 ] ], [ [ -99.234630646946357, 20.104652654844834 ], [ -99.234604113941202, 20.104729793494482 ] ], [ [ -99.234604113941202, 20.104729793494482 ], [ -99.234613408874296, 20.104763514382828 ] ], [ [ -99.234613408874296, 20.104763514382828 ], [ -99.234611179890649, 20.104792763387952 ] ], [ [ -99.234611179890649, 20.104792763387952 ], [ -99.234607431168172, 20.104840030011548 ] ], [ [ -99.234607431168172, 20.104840030011548 ], [ -99.234610115870211, 20.104844884953458 ] ], [ [ -99.234610115870211, 20.104844884953458 ], [ -99.234622713278199, 20.104923733923826 ] ], [ [ -99.234622713278199, 20.104923733923826 ], [ -99.234630285740323, 20.104971297467269 ] ], [ [ -99.234630285740323, 20.104971297467269 ], [ -99.234666620217652, 20.105011223761032 ] ], [ [ -99.234666620217652, 20.105011223761032 ], [ -99.234667461102418, 20.105054674764169 ] ], [ [ -99.234667461102418, 20.105054674764169 ], [ -99.234667878769372, 20.105076536235732 ] ], [ [ -99.234667878769372, 20.105076536235732 ], [ -99.234728989510984, 20.105172409969523 ] ], [ [ -99.234728989510984, 20.105172409969523 ], [ -99.234728518710114, 20.105176663350573 ] ], [ [ -99.234728518710114, 20.105176663350573 ], [ -99.234726325427218, 20.105194759385757 ] ], [ [ -99.234726325427218, 20.105194759385757 ], [ -99.234765295836354, 20.105288960285769 ] ], [ [ -99.234765295836354, 20.105288960285769 ], [ -99.234784447826641, 20.105305359501951 ] ], [ [ -99.234784447826641, 20.105305359501951 ], [ -99.234820397863132, 20.10539234166178 ] ], [ [ -99.234820397863132, 20.10539234166178 ], [ -99.234839188245616, 20.105407646125911 ] ], [ [ -99.234839188245616, 20.105407646125911 ], [ -99.234875308057411, 20.105495719531859 ] ], [ [ -99.234875308057411, 20.105495719531859 ], [ -99.234893928747326, 20.105509932739782 ] ], [ [ -99.234893928747326, 20.105509932739782 ], [ -99.234929214600925, 20.105596540070028 ] ], [ [ -99.234929214600925, 20.105596540070028 ], [ -99.234930312443623, 20.105599189785966 ] ], [ [ -99.234930312443623, 20.105599189785966 ], [ -99.234948573373345, 20.10561221759567 ] ], [ [ -99.234948573373345, 20.10561221759567 ], [ -99.234982575077794, 20.105695899771181 ] ], [ [ -99.234982575077794, 20.105695899771181 ], [ -99.234991894731053, 20.105719011555809 ] ], [ [ -99.234991894731053, 20.105719011555809 ], [ -99.234991352031059, 20.105722084790319 ] ], [ [ -99.234991352031059, 20.105722084790319 ], [ -99.235019620583614, 20.105799768341324 ] ], [ [ -99.235019620583614, 20.105799768341324 ], [ -99.23502852866315, 20.105824232829097 ] ], [ [ -99.23502852866315, 20.105824232829097 ], [ -99.23503173204675, 20.105827192934775 ] ], [ [ -99.23503173204675, 20.105827192934775 ], [ -99.235056858063416, 20.105903640407814 ] ], [ [ -99.235056858063416, 20.105903640407814 ], [ -99.23506445233896, 20.105926630086373 ] ], [ [ -99.23506445233896, 20.105926630086373 ], [ -99.235108015301179, 20.105969861759288 ] ], [ [ -99.235108015301179, 20.105969861759288 ], [ -99.235110032138692, 20.106007440013258 ] ], [ [ -99.235110032138692, 20.106007440013258 ], [ -99.235112635331987, 20.10605391558866 ] ], [ [ -99.235112635331987, 20.10605391558866 ], [ -99.235179481044128, 20.106136926423911 ] ], [ [ -99.235179481044128, 20.106136926423911 ], [ -99.235180863688257, 20.106163248809903 ] ], [ [ -99.235180863688257, 20.106163248809903 ], [ -99.235183120322489, 20.106203189116986 ] ], [ [ -99.235183120322489, 20.106203189116986 ], [ -99.235240508531135, 20.106288657407301 ] ], [ [ -99.235240508531135, 20.106288657407301 ], [ -99.23525783959586, 20.106300217370308 ] ], [ [ -99.23525783959586, 20.106300217370308 ], [ -99.235306596169266, 20.106404117846129 ] ], [ [ -99.235306596169266, 20.106404117846129 ], [ -99.23535969791017, 20.106450334262359 ] ], [ [ -99.23535969791017, 20.106450334262359 ], [ -99.235378902996942, 20.106515882965422 ] ], [ [ -99.235378902996942, 20.106515882965422 ], [ -99.235414915082799, 20.106557526174679 ] ], [ [ -99.235414915082799, 20.106557526174679 ], [ -99.235428468771502, 20.106641289328412 ] ], [ [ -99.235428468771502, 20.106641289328412 ], [ -99.235480608260048, 20.106706440317883 ] ], [ [ -99.235480608260048, 20.106706440317883 ], [ -99.235479963307839, 20.106761562048717 ] ], [ [ -99.235479963307839, 20.106761562048717 ], [ -99.235479602101549, 20.106788668809525 ] ], [ [ -99.235479602101549, 20.106788668809525 ], [ -99.235510138828616, 20.106835199697702 ] ], [ [ -99.235510138828616, 20.106835199697702 ], [ -99.235513504299718, 20.106881961220413 ] ], [ [ -99.235513504299718, 20.106881961220413 ], [ -99.235515674804446, 20.106912015850384 ] ], [ [ -99.235515674804446, 20.106912015850384 ], [ -99.235537426797208, 20.106937439665003 ] ], [ [ -99.235537426797208, 20.106937439665003 ], [ -99.235548868579258, 20.107002393599519 ] ], [ [ -99.235548868579258, 20.107002393599519 ], [ -99.23555455074407, 20.107034416462252 ] ], [ [ -99.23555455074407, 20.107034416462252 ], [ -99.235561243619898, 20.107040432546629 ] ], [ [ -99.235561243619898, 20.107040432546629 ], [ -99.235586727867599, 20.107122871416831 ] ], [ [ -99.235586727867599, 20.107122871416831 ], [ -99.235592674574221, 20.107141931845518 ] ], [ [ -99.235592674574221, 20.107141931845518 ], [ -99.235582923925449, 20.107172857557693 ] ], [ [ -99.235582923925449, 20.107172857557693 ], [ -99.235617358810458, 20.1072447591716 ] ], [ [ -99.235617358810458, 20.1072447591716 ], [ -99.235616275276328, 20.107250815007358 ] ], [ [ -99.235616275276328, 20.107250815007358 ], [ -99.235607376234356, 20.107301161774036 ] ], [ [ -99.235607376234356, 20.107301161774036 ], [ -99.235638285860446, 20.107348243526438 ] ], [ [ -99.235638285860446, 20.107348243526438 ], [ -99.235637182673656, 20.107378782634672 ] ], [ [ -99.235637182673656, 20.107378782634672 ], [ -99.235635493555392, 20.10742862593839 ] ], [ [ -99.235635493555392, 20.10742862593839 ], [ -99.23566398456974, 20.107462515031056 ] ], [ [ -99.23566398456974, 20.107462515031056 ], [ -99.235669129179087, 20.107506769929802 ] ], [ [ -99.235669129179087, 20.107506769929802 ], [ -99.235674688847709, 20.107554206192397 ] ], [ [ -99.235674688847709, 20.107554206192397 ], [ -99.235687847596452, 20.107567957143669 ] ], [ [ -99.235687847596452, 20.107567957143669 ], [ -99.235704724067929, 20.107634732986202 ] ], [ [ -99.235704724067929, 20.107634732986202 ], [ -99.235714222264377, 20.107672628875736 ] ], [ [ -99.235714222264377, 20.107672628875736 ], [ -99.235712343305721, 20.107680030432562 ] ], [ [ -99.235712343305721, 20.107680030432562 ], [ -99.235743389741131, 20.107762751963801 ] ], [ [ -99.235743389741131, 20.107762751963801 ], [ -99.235747941720078, 20.107774895309358 ] ], [ [ -99.235747941720078, 20.107774895309358 ], [ -99.2357439264607, 20.10780701364672 ] ], [ [ -99.2357439264607, 20.10780701364672 ], [ -99.23578474421727, 20.107890729224636 ] ], [ [ -99.23578474421727, 20.107890729224636 ], [ -99.235786585728903, 20.107894571322408 ] ], [ [ -99.235786585728903, 20.107894571322408 ], [ -99.235779533995228, 20.107943772923459 ] ], [ [ -99.235779533995228, 20.107943772923459 ], [ -99.235832090168103, 20.108030876044204 ] ], [ [ -99.235832090168103, 20.108030876044204 ], [ -99.235831183087413, 20.10805180664547 ] ], [ [ -99.235831183087413, 20.10805180664547 ], [ -99.23582916545827, 20.108103638963044 ] ], [ [ -99.23582916545827, 20.108103638963044 ], [ -99.235875180896414, 20.108167862260139 ] ], [ [ -99.235875180896414, 20.108167862260139 ], [ -99.235877909948684, 20.108212889317688 ] ], [ [ -99.235877909948684, 20.108212889317688 ], [ -99.235881015222716, 20.108263001317329 ] ], [ [ -99.235881015222716, 20.108263001317329 ], [ -99.235915492562583, 20.108304616518652 ] ], [ [ -99.235915492562583, 20.108304616518652 ], [ -99.235923005595154, 20.108373942296563 ] ], [ [ -99.235923005595154, 20.108373942296563 ], [ -99.235928426886233, 20.108423461710235 ] ], [ [ -99.235928426886233, 20.108423461710235 ], [ -99.235956017766824, 20.108454432618274 ] ], [ [ -99.235956017766824, 20.108454432618274 ], [ -99.235968677111629, 20.108535005768939 ] ], [ [ -99.235968677111629, 20.108535005768939 ], [ -99.235976416274667, 20.108583841948455 ] ], [ [ -99.235976416274667, 20.108583841948455 ], [ -99.235995965448097, 20.108604328891133 ] ], [ [ -99.235995965448097, 20.108604328891133 ], [ -99.23601501861117, 20.108696172127964 ] ], [ [ -99.23601501861117, 20.108696172127964 ], [ -99.236024891128437, 20.108743958991166 ] ], [ [ -99.236024891128437, 20.108743958991166 ], [ -99.236035431565057, 20.108754307084883 ] ], [ [ -99.236035431565057, 20.108754307084883 ], [ -99.23606193783462, 20.108857258332893 ] ], [ [ -99.23606193783462, 20.108857258332893 ], [ -99.23606674055398, 20.108875935221501 ] ], [ [ -99.23606674055398, 20.108875935221501 ], [ -99.236090240603417, 20.108900393338807 ] ], [ [ -99.236090240603417, 20.108900393338807 ], [ -99.236105679018664, 20.10898591383874 ] ], [ [ -99.236105679018664, 20.10898591383874 ], [ -99.236109736042138, 20.109008204361199 ] ], [ [ -99.236109736042138, 20.109008204361199 ], [ -99.236144278374454, 20.109046646909011 ] ], [ [ -99.236144278374454, 20.109046646909011 ], [ -99.236150955659809, 20.109114597300376 ] ], [ [ -99.236150955659809, 20.109114597300376 ], [ -99.236153504849781, 20.109140215541576 ] ], [ [ -99.236153504849781, 20.109140215541576 ], [ -99.236198943601394, 20.109195088226844 ] ], [ [ -99.236198943601394, 20.109195088226844 ], [ -99.236203335348065, 20.109243319398256 ] ], [ [ -99.236203335348065, 20.109243319398256 ], [ -99.236205784890387, 20.109269117187715 ] ], [ [ -99.236205784890387, 20.109269117187715 ], [ -99.236251771731062, 20.109325360044789 ] ], [ [ -99.236251771731062, 20.109325360044789 ], [ -99.236255715135755, 20.109372041493181 ] ], [ [ -99.236255715135755, 20.109372041493181 ], [ -99.236256115415472, 20.109375948032 ] ], [ [ -99.236256115415472, 20.109375948032 ], [ -99.23630788853194, 20.109454422204603 ] ], [ [ -99.23630788853194, 20.109454422204603 ], [ -99.23630711261498, 20.10947363229743 ] ], [ [ -99.23630711261498, 20.10947363229743 ], [ -99.236306929732123, 20.109477890941076 ] ], [ [ -99.236306929732123, 20.109477890941076 ], [ -99.236352494411349, 20.109568947319364 ] ], [ [ -99.236352494411349, 20.109568947319364 ], [ -99.236352366804823, 20.109575201935936 ] ], [ [ -99.236352366804823, 20.109575201935936 ], [ -99.236352126592763, 20.109582270625104 ] ], [ [ -99.236352126592763, 20.109582270625104 ], [ -99.236397772912952, 20.1096646231756 ] ], [ [ -99.236397772912952, 20.1096646231756 ], [ -99.236397715174434, 20.10967686396388 ] ], [ [ -99.236397715174434, 20.10967686396388 ], [ -99.236397611406929, 20.109686655546486 ] ], [ [ -99.236397611406929, 20.109686655546486 ], [ -99.236442857706493, 20.109760386179545 ] ], [ [ -99.236442857706493, 20.109760386179545 ], [ -99.236443064536843, 20.109778480664453 ] ], [ [ -99.236443064536843, 20.109778480664453 ], [ -99.236483978557629, 20.109857527903429 ] ], [ [ -99.236483978557629, 20.109857527903429 ], [ -99.236483834514729, 20.109859882969278 ] ], [ [ -99.236483834514729, 20.109859882969278 ], [ -99.236517794051522, 20.109941025273532 ] ], [ [ -99.236517794051522, 20.109941025273532 ], [ -99.23651907648636, 20.109944041068758 ] ], [ [ -99.23651907648636, 20.109944041068758 ], [ -99.236529934526544, 20.109952944033619 ] ], [ [ -99.236529934526544, 20.109952944033619 ], [ -99.236552039664318, 20.110022263463339 ] ], [ [ -99.236552039664318, 20.110022263463339 ], [ -99.23655393465566, 20.110028192179257 ] ], [ [ -99.23655393465566, 20.110028192179257 ], [ -99.23657608248341, 20.110048363651813 ] ], [ [ -99.23657608248341, 20.110048363651813 ], [ -99.236587916665087, 20.11010353134709 ] ], [ [ -99.236587916665087, 20.11010353134709 ], [ -99.236589761730158, 20.110111907522917 ] ], [ [ -99.236589761730158, 20.110111907522917 ], [ -99.23662107156909, 20.110144124889764 ] ], [ [ -99.23662107156909, 20.110144124889764 ], [ -99.23662552101834, 20.11018483067032 ] ], [ [ -99.23662552101834, 20.11018483067032 ], [ -99.236628922681547, 20.110215723903444 ] ], [ [ -99.236628922681547, 20.110215723903444 ], [ -99.236657937065388, 20.110242821382485 ] ], [ [ -99.236657937065388, 20.110242821382485 ], [ -99.236667084564303, 20.110293224798021 ] ], [ [ -99.236667084564303, 20.110293224798021 ], [ -99.236672519927836, 20.110323248248097 ] ], [ [ -99.236672519927836, 20.110323248248097 ], [ -99.236684503661266, 20.110333441219542 ] ], [ [ -99.236684503661266, 20.110333441219542 ], [ -99.236705287664805, 20.110401648436472 ] ], [ [ -99.236705287664805, 20.110401648436472 ], [ -99.236712845489421, 20.110426451061148 ] ], [ [ -99.236712845489421, 20.110426451061148 ], [ -99.236710996133468, 20.110432402301885 ] ], [ [ -99.236710996133468, 20.110432402301885 ], [ -99.236746083646068, 20.110510028590248 ] ], [ [ -99.236746083646068, 20.110510028590248 ], [ -99.236749392193218, 20.110517252560697 ] ], [ [ -99.236749392193218, 20.110517252560697 ], [ -99.236743190499112, 20.110543618342142 ] ], [ [ -99.236743190499112, 20.110543618342142 ], [ -99.236784008612645, 20.110608563005727 ] ], [ [ -99.236784008612645, 20.110608563005727 ], [ -99.236782559555863, 20.110618420790189 ] ], [ [ -99.236782559555863, 20.110618420790189 ], [ -99.236778409855688, 20.110647725697156 ] ], [ [ -99.236778409855688, 20.110647725697156 ], [ -99.23680868551952, 20.110702412946281 ] ], [ [ -99.23680868551952, 20.110702412946281 ], [ -99.236808139142624, 20.11070566749482 ] ], [ [ -99.236808139142624, 20.11070566749482 ], [ -99.236803042768557, 20.110734320411186 ] ], [ [ -99.236803042768557, 20.110734320411186 ], [ -99.236831411974379, 20.110793053576074 ] ], [ [ -99.236831411974379, 20.110793053576074 ], [ -99.236833070876301, 20.110796438944433 ] ], [ [ -99.236833070876301, 20.110796438944433 ], [ -99.236827963599112, 20.110820920367978 ] ], [ [ -99.236827963599112, 20.110820920367978 ], [ -99.236852863404707, 20.110880315827956 ] ], [ [ -99.236852863404707, 20.110880315827956 ], [ -99.236857166531465, 20.11089055035362 ] ], [ [ -99.236857166531465, 20.11089055035362 ], [ -99.23685307638597, 20.110907523820821 ] ], [ [ -99.23685307638597, 20.110907523820821 ], [ -99.23687488878673, 20.110967679210233 ] ], [ [ -99.23687488878673, 20.110967679210233 ], [ -99.236880972484414, 20.110984747173944 ] ], [ [ -99.236880972484414, 20.110984747173944 ], [ -99.236878576751749, 20.110993952969341 ] ], [ [ -99.236878576751749, 20.110993952969341 ], [ -99.236897299895304, 20.111054958936048 ] ], [ [ -99.236897299895304, 20.111054958936048 ], [ -99.236904586545862, 20.111078940505447 ] ], [ [ -99.236904586545862, 20.111078940505447 ], [ -99.23690417311245, 20.111080383867034 ] ], [ [ -99.23690417311245, 20.111080383867034 ], [ -99.236920093032964, 20.111142336298609 ] ], [ [ -99.236920093032964, 20.111142336298609 ], [ -99.236926586107529, 20.11116757295073 ] ], [ [ -99.236926586107529, 20.11116757295073 ], [ -99.236931192113886, 20.111172372164742 ] ], [ [ -99.236931192113886, 20.111172372164742 ], [ -99.236943175936247, 20.111229628257686 ] ], [ [ -99.236943175936247, 20.111229628257686 ], [ -99.23694851747041, 20.111254843951976 ] ], [ [ -99.23694851747041, 20.111254843951976 ], [ -99.236958183417286, 20.111265720166834 ] ], [ [ -99.236958183417286, 20.111265720166834 ], [ -99.236966642718969, 20.11131692720646 ] ], [ [ -99.236966642718969, 20.11131692720646 ], [ -99.236973316088324, 20.111356857370467 ] ], [ [ -99.236973316088324, 20.111356857370467 ], [ -99.236977743120704, 20.111361018563397 ] ], [ [ -99.236977743120704, 20.111361018563397 ], [ -99.237000555401835, 20.111433343333278 ] ], [ [ -99.237000555401835, 20.111433343333278 ], [ -99.237011824079005, 20.11146918583519 ] ], [ [ -99.237011824079005, 20.11146918583519 ], [ -99.237011012003677, 20.111471347385699 ] ], [ [ -99.237011012003677, 20.111471347385699 ], [ -99.237030915677408, 20.111549785490428 ] ], [ [ -99.237030915677408, 20.111549785490428 ], [ -99.237040512330864, 20.111587592532601 ] ], [ [ -99.237040512330864, 20.111587592532601 ], [ -99.237047491536629, 20.111593704462887 ] ], [ [ -99.237047491536629, 20.111593704462887 ], [ -99.237061851781306, 20.111666238132944 ] ], [ [ -99.237061851781306, 20.111666238132944 ], [ -99.237068125067012, 20.111697546380341 ] ], [ [ -99.237068125067012, 20.111697546380341 ], [ -99.237088758178473, 20.111716692750154 ] ], [ [ -99.237088758178473, 20.111716692750154 ], [ -99.237097918339259, 20.111780607821625 ] ], [ [ -99.237097918339259, 20.111780607821625 ], [ -99.237102534386409, 20.111813155436067 ] ], [ [ -99.237102534386409, 20.111813155436067 ], [ -99.237146766085104, 20.111856670922819 ] ], [ [ -99.237146766085104, 20.111856670922819 ], [ -99.237147807307352, 20.111895047709194 ] ], [ [ -99.237147807307352, 20.111895047709194 ], [ -99.237148727039809, 20.111925261043584 ] ], [ [ -99.237148727039809, 20.111925261043584 ], [ -99.237197604800926, 20.11199044302623 ] ], [ [ -99.237197604800926, 20.11199044302623 ], [ -99.237203013676194, 20.111993533917207 ] ], [ [ -99.237203013676194, 20.111993533917207 ], [ -99.237234139485182, 20.112077163685026 ] ], [ [ -99.237234139485182, 20.112077163685026 ], [ -99.237282990478704, 20.1121201284415 ] ], [ [ -99.237282990478704, 20.1121201284415 ], [ -99.237284612892594, 20.112162959156088 ] ], [ [ -99.237284612892594, 20.112162959156088 ], [ -99.237285744920101, 20.112192178874487 ] ], [ [ -99.237285744920101, 20.112192178874487 ], [ -99.237339430243097, 20.112256994911146 ] ], [ [ -99.237339430243097, 20.112256994911146 ], [ -99.237338191279392, 20.112275380505228 ] ], [ [ -99.237338191279392, 20.112275380505228 ], [ -99.237336409470402, 20.112301554743805 ] ], [ [ -99.237336409470402, 20.112301554743805 ], [ -99.237371963533931, 20.112361053394434 ] ], [ [ -99.237371963533931, 20.112361053394434 ], [ -99.23737237964059, 20.112387721034885 ] ], [ [ -99.23737237964059, 20.112387721034885 ], [ -99.237372768016428, 20.112415748378904 ] ], [ [ -99.237372768016428, 20.112415748378904 ], [ -99.237403240447719, 20.11245611164636 ] ], [ [ -99.237403240447719, 20.11245611164636 ], [ -99.23740800565902, 20.112500178409505 ] ], [ [ -99.23740800565902, 20.112500178409505 ], [ -99.237411158491597, 20.112529162867315 ] ], [ [ -99.237411158491597, 20.112529162867315 ], [ -99.237432297308018, 20.112551764264019 ] ], [ [ -99.237432297308018, 20.112551764264019 ], [ -99.237445360926031, 20.112612576573188 ] ], [ [ -99.237445360926031, 20.112612576573188 ], [ -99.237451770978439, 20.112641892346595 ] ], [ [ -99.237451770978439, 20.112641892346595 ], [ -99.237458750257048, 20.1126480042639 ] ], [ [ -99.237458750257048, 20.1126480042639 ], [ -99.237485021226405, 20.112724926002052 ] ], [ [ -99.237485021226405, 20.112724926002052 ], [ -99.237491184405457, 20.112742811536972 ] ], [ [ -99.237491184405457, 20.112742811536972 ], [ -99.237487839973937, 20.112756171397873 ] ], [ [ -99.237487839973937, 20.112756171397873 ], [ -99.237527191433458, 20.112836595658273 ] ], [ [ -99.237527191433458, 20.112836595658273 ], [ -99.237527080680835, 20.112837319087323 ] ], [ [ -99.237527080680835, 20.112837319087323 ], [ -99.237524138425798, 20.112854494851142 ] ], [ [ -99.237524138425798, 20.112854494851142 ], [ -99.237552048576489, 20.112921652919152 ] ], [ [ -99.237552048576489, 20.112921652919152 ], [ -99.237556346275085, 20.112932159384837 ] ], [ [ -99.237556346275085, 20.112932159384837 ], [ -99.237554670363082, 20.11293902061098 ] ], [ [ -99.237554670363082, 20.11293902061098 ], [ -99.237577304394193, 20.11300599199194 ] ], [ [ -99.237577304394193, 20.11300599199194 ], [ -99.237583462052413, 20.113024149468476 ] ], [ [ -99.237583462052413, 20.113024149468476 ], [ -99.23758733371055, 20.113027303056789 ] ], [ [ -99.23758733371055, 20.113027303056789 ], [ -99.237603425765272, 20.113090256135543 ] ], [ [ -99.237603425765272, 20.113090256135543 ], [ -99.237608581276277, 20.113110481030148 ] ], [ [ -99.237608581276277, 20.113110481030148 ], [ -99.237630936481011, 20.113129930722621 ] ], [ [ -99.237630936481011, 20.113129930722621 ], [ -99.237641642301085, 20.11317455900112 ] ], [ [ -99.237641642301085, 20.11317455900112 ], [ -99.237652076873772, 20.113218366219915 ] ], [ [ -99.237652076873772, 20.113218366219915 ], [ -99.237656684824117, 20.113223074773977 ] ], [ [ -99.237656684824117, 20.113223074773977 ], [ -99.23767100754911, 20.113273935145063 ] ], [ [ -99.23767100754911, 20.113273935145063 ], [ -99.237682914870561, 20.113316136912474 ] ], [ [ -99.237682914870561, 20.113316136912474 ], [ -99.237700660732031, 20.113373316530613 ] ], [ [ -99.237700660732031, 20.113373316530613 ], [ -99.23771147581526, 20.113407881256386 ] ], [ [ -99.23771147581526, 20.113407881256386 ], [ -99.237710960715091, 20.113414310205567 ] ], [ [ -99.237710960715091, 20.113414310205567 ], [ -99.237728603401365, 20.113467135279478 ] ], [ [ -99.237728603401365, 20.113467135279478 ], [ -99.237727818894854, 20.113472652521267 ] ], [ [ -99.237727818894854, 20.113472652521267 ], [ -99.237722284831776, 20.113513358094554 ] ], [ [ -99.237722284831776, 20.113513358094554 ], [ -99.237736928461473, 20.113572022842327 ] ], [ [ -99.237736928461473, 20.113572022842327 ], [ -99.237740307063646, 20.113585233003356 ] ], [ [ -99.237740307063646, 20.113585233003356 ], [ -99.23772117931972, 20.11368055300845 ] ], [ [ -99.23772117931972, 20.11368055300845 ], [ -99.237734107808535, 20.113705634731513 ] ], [ [ -99.237734107808535, 20.113705634731513 ], [ -99.237740169826623, 20.113770853710626 ] ], [ [ -99.237740169826623, 20.113770853710626 ], [ -99.237745136049583, 20.113823901552141 ] ], [ [ -99.237745136049583, 20.113823901552141 ], [ -99.237728713177404, 20.113880731528521 ] ], [ [ -99.237728713177404, 20.113880731528521 ], [ -99.237758580960133, 20.113969597906056 ] ], [ [ -99.237758580960133, 20.113969597906056 ], [ -99.237782746841162, 20.114041493940856 ] ], [ [ -99.237782746841162, 20.114041493940856 ], [ -99.237793857909281, 20.114056839770299 ] ], [ [ -99.237793857909281, 20.114056839770299 ], [ -99.237799348660459, 20.114098290044719 ] ], [ [ -99.237799348660459, 20.114098290044719 ], [ -99.237808998071444, 20.114171191489369 ] ], [ [ -99.237808998071444, 20.114171191489369 ], [ -99.237832819437898, 20.114227030784413 ] ], [ [ -99.237832819437898, 20.114227030784413 ], [ -99.23787222097728, 20.114319153768268 ] ], [ [ -99.23787222097728, 20.114319153768268 ], [ -99.237876914318548, 20.114366755826055 ] ], [ [ -99.237876914318548, 20.114366755826055 ], [ -99.237942290182119, 20.114484469925397 ] ], [ [ -99.237942290182119, 20.114484469925397 ], [ -99.237957245588504, 20.114494898253678 ] ], [ [ -99.237957245588504, 20.114494898253678 ], [ -99.23799683885963, 20.114539961441118 ] ], [ [ -99.23799683885963, 20.114539961441118 ], [ -99.238022565173225, 20.114587130034586 ] ], [ [ -99.238022565173225, 20.114587130034586 ], [ -99.238032413541802, 20.114617324512302 ] ], [ [ -99.238032413541802, 20.114617324512302 ], [ -99.238039711166209, 20.114716117864784 ] ], [ [ -99.238039711166209, 20.114716117864784 ], [ -99.238064030591673, 20.114785205590632 ] ], [ [ -99.238064030591673, 20.114785205590632 ], [ -99.238070126764455, 20.114886425477422 ] ], [ [ -99.238070126764455, 20.114886425477422 ], [ -99.238075598178938, 20.114900580526765 ] ], [ [ -99.238075598178938, 20.114900580526765 ], [ -99.238171107223508, 20.115028273573177 ] ], [ [ -99.238171107223508, 20.115028273573177 ], [ -99.238175650708257, 20.115031439372885 ] ], [ [ -99.238175650708257, 20.115031439372885 ], [ -99.238264739512871, 20.115158562171167 ] ], [ [ -99.238264739512871, 20.115158562171167 ], [ -99.238282478008969, 20.115169041100476 ] ], [ [ -99.238282478008969, 20.115169041100476 ], [ -99.238352927971476, 20.11528276676734 ] ], [ [ -99.238352927971476, 20.11528276676734 ], [ -99.238382910830666, 20.115309518910767 ] ], [ [ -99.238382910830666, 20.115309518910767 ], [ -99.238392685408741, 20.115343339269838 ] ], [ [ -99.238392685408741, 20.115343339269838 ], [ -99.238448527568877, 20.115424879559615 ] ], [ [ -99.238448527568877, 20.115424879559615 ], [ -99.238448444406757, 20.115428958680365 ] ], [ [ -99.238448444406757, 20.115428958680365 ], [ -99.238472802845052, 20.115500858192476 ] ], [ [ -99.238472802845052, 20.115500858192476 ], [ -99.238507755258397, 20.115542844397304 ] ], [ [ -99.238507755258397, 20.115542844397304 ], [ -99.238509745592339, 20.115577067245528 ] ], [ [ -99.238509745592339, 20.115577067245528 ], [ -99.238510787752944, 20.115596582564908 ] ], [ [ -99.238510787752944, 20.115596582564908 ], [ -99.238554396651608, 20.115666021130608 ] ], [ [ -99.238554396651608, 20.115666021130608 ], [ -99.23855399220281, 20.11567644206168 ] ], [ [ -99.23855399220281, 20.11567644206168 ], [ -99.238553362429826, 20.115693206547803 ] ], [ [ -99.238553362429826, 20.115693206547803 ], [ -99.238591519436554, 20.115775785333348 ] ], [ [ -99.238591519436554, 20.115775785333348 ], [ -99.238595931751462, 20.115785387070936 ] ], [ [ -99.238595931751462, 20.115785387070936 ], [ -99.238625477571077, 20.115805330168399 ] ], [ [ -99.238625477571077, 20.115805330168399 ], [ -99.238658247512632, 20.115893161124813 ] ], [ [ -99.238658247512632, 20.115893161124813 ], [ -99.238661249917001, 20.115901286324377 ] ], [ [ -99.238661249917001, 20.115901286324377 ], [ -99.23870413093961, 20.115935799521932 ] ], [ [ -99.23870413093961, 20.115935799521932 ], [ -99.238720936396092, 20.115992055231249 ] ], [ [ -99.238720936396092, 20.115992055231249 ], [ -99.238763896065251, 20.116055678378459 ] ], [ [ -99.238763896065251, 20.116055678378459 ], [ -99.238778995596263, 20.116068466958399 ] ], [ [ -99.238778995596263, 20.116068466958399 ], [ -99.238791702648527, 20.116109141707877 ] ], [ [ -99.238791702648527, 20.116109141707877 ], [ -99.238851672494349, 20.116167179961657 ] ], [ [ -99.238851672494349, 20.116167179961657 ], [ -99.238872237579415, 20.116213257111625 ] ], [ [ -99.238872237579415, 20.116213257111625 ], [ -99.238910211790113, 20.116238884977971 ] ], [ [ -99.238910211790113, 20.116238884977971 ], [ -99.23895766147298, 20.116313018035044 ] ], [ [ -99.23895766147298, 20.116313018035044 ], [ -99.238961658786494, 20.11631472298777 ] ], [ [ -99.238961658786494, 20.11631472298777 ], [ -99.239026415786896, 20.116382823132845 ] ], [ [ -99.239026415786896, 20.116382823132845 ], [ -99.239036242225183, 20.116418820762103 ] ], [ [ -99.239036242225183, 20.116418820762103 ], [ -99.239087967170491, 20.116452769253616 ] ], [ [ -99.239087967170491, 20.116452769253616 ], [ -99.239117397777648, 20.116516055602453 ] ], [ [ -99.239117397777648, 20.116516055602453 ], [ -99.239121444765416, 20.116524743878195 ] ], [ [ -99.239121444765416, 20.116524743878195 ], [ -99.239150695643318, 20.116540328839086 ] ], [ [ -99.239150695643318, 20.116540328839086 ], [ -99.23918559257072, 20.116608611351342 ] ], [ [ -99.23918559257072, 20.116608611351342 ], [ -99.239188085737638, 20.116613462774314 ] ], [ [ -99.239188085737638, 20.116613462774314 ], [ -99.239213056960239, 20.116627065600017 ] ], [ [ -99.239213056960239, 20.116627065600017 ], [ -99.239254075355859, 20.116701172312798 ] ], [ [ -99.239254075355859, 20.116701172312798 ], [ -99.239254630830828, 20.116702179903214 ] ], [ [ -99.239254630830828, 20.116702179903214 ], [ -99.239275420204535, 20.11671371169491 ] ], [ [ -99.239275420204535, 20.11671371169491 ], [ -99.239321176011174, 20.116790897010237 ] ], [ [ -99.239321176011174, 20.116790897010237 ], [ -99.239337975461353, 20.116800361261223 ] ], [ [ -99.239337975461353, 20.116800361261223 ], [ -99.23939171481932, 20.116886215734588 ] ], [ [ -99.23939171481932, 20.116886215734588 ], [ -99.239397387722732, 20.116895205613293 ] ], [ [ -99.239397387722732, 20.116895205613293 ], [ -99.239411380247574, 20.116901082262835 ] ], [ [ -99.239411380247574, 20.116901082262835 ], [ -99.239483858536573, 20.117009584943723 ] ], [ [ -99.239483858536573, 20.117009584943723 ], [ -99.239486373889974, 20.117013348596291 ] ], [ [ -99.239486373889974, 20.117013348596291 ], [ -99.2394943667245, 20.117016849123296 ] ], [ [ -99.2394943667245, 20.117016849123296 ], [ -99.239575262398574, 20.117131580442216 ] ], [ [ -99.239575262398574, 20.117131580442216 ], [ -99.239577547123758, 20.117132528793171 ] ], [ [ -99.239577547123758, 20.117132528793171 ], [ -99.239657985362044, 20.117241448183936 ] ], [ [ -99.239657985362044, 20.117241448183936 ], [ -99.239657158334239, 20.117253765746597 ] ], [ [ -99.239657158334239, 20.117253765746597 ], [ -99.239724480309931, 20.117379766680838 ] ], [ [ -99.239724480309931, 20.117379766680838 ], [ -99.239726423570659, 20.117383338567134 ] ], [ [ -99.239726423570659, 20.117383338567134 ], [ -99.239753006105502, 20.117397968096043 ] ], [ [ -99.239753006105502, 20.117397968096043 ], [ -99.239788207390973, 20.117503163173023 ] ], [ [ -99.239788207390973, 20.117503163173023 ], [ -99.239792095680343, 20.117514931702651 ] ], [ [ -99.239792095680343, 20.117514931702651 ], [ -99.239839351426653, 20.117546803726174 ] ], [ [ -99.239839351426653, 20.117546803726174 ], [ -99.239891635435797, 20.117624016924193 ] ], [ [ -99.239891635435797, 20.117624016924193 ], [ -99.239892257332443, 20.117626476615118 ] ], [ [ -99.239892257332443, 20.117626476615118 ], [ -99.239894030749795, 20.11763367264841 ] ], [ [ -99.239894030749795, 20.11763367264841 ], [ -99.239992535433984, 20.117737026096727 ] ], [ [ -99.239992535433984, 20.117737026096727 ], [ -99.240041424747119, 20.117759406263001 ] ], [ [ -99.240041424747119, 20.117759406263001 ], [ -99.240108284946913, 20.117832713061617 ] ], [ [ -99.240108284946913, 20.117832713061617 ], [ -99.240161016545372, 20.117864412493553 ] ], [ [ -99.240161016545372, 20.117864412493553 ], [ -99.240177890064217, 20.117870250766874 ] ], [ [ -99.240177890064217, 20.117870250766874 ], [ -99.240187726586171, 20.11787750269238 ] ], [ [ -99.240187726586171, 20.11787750269238 ], [ -99.240261829626931, 20.117892179850497 ] ], [ [ -99.240261829626931, 20.117892179850497 ], [ -99.240414774178191, 20.117985822287309 ] ], [ [ -99.240414774178191, 20.117985822287309 ], [ -99.240417258245159, 20.117986411525695 ] ], [ [ -99.240417258245159, 20.117986411525695 ], [ -99.240451217395389, 20.118011240604691 ] ], [ [ -99.240451217395389, 20.118011240604691 ], [ -99.240502005360028, 20.1180770913051 ] ], [ [ -99.240502005360028, 20.1180770913051 ], [ -99.240520182766829, 20.11815558867529 ] ], [ [ -99.240520182766829, 20.11815558867529 ], [ -99.240561931418384, 20.118222181871186 ] ], [ [ -99.240561931418384, 20.118222181871186 ], [ -99.240561921827947, 20.118250927558417 ] ], [ [ -99.240561921827947, 20.118250927558417 ], [ -99.240608785771684, 20.118363316925041 ] ], [ [ -99.240608785771684, 20.118363316925041 ], [ -99.240607567682773, 20.118366559300082 ] ], [ [ -99.240607567682773, 20.118366559300082 ], [ -99.240589458730142, 20.118416648772811 ] ], [ [ -99.240589458730142, 20.118416648772811 ], [ -99.240602867574992, 20.118479462356319 ] ], [ [ -99.240602867574992, 20.118479462356319 ], [ -99.240610935774683, 20.118516969561536 ] ], [ [ -99.240610935774683, 20.118516969561536 ], [ -99.240603870931565, 20.118529173766049 ] ], [ [ -99.240603870931565, 20.118529173766049 ], [ -99.240603925518201, 20.118592470080547 ] ], [ [ -99.240603925518201, 20.118592470080547 ], [ -99.240603959965924, 20.11864261728984 ] ], [ [ -99.240603959965924, 20.11864261728984 ], [ -99.24062163429457, 20.118670414869598 ] ], [ [ -99.24062163429457, 20.118670414869598 ], [ -99.240613818033907, 20.118705366347086 ] ], [ [ -99.240613818033907, 20.118705366347086 ], [ -99.240602511669536, 20.118756123564339 ] ], [ [ -99.240602511669536, 20.118756123564339 ], [ -99.240628412988656, 20.118818348093399 ] ], [ [ -99.240628412988656, 20.118818348093399 ], [ -99.240630793660443, 20.118824013585105 ] ], [ [ -99.240630793660443, 20.118824013585105 ], [ -99.24061000130672, 20.118869157535986 ] ], [ [ -99.24061000130672, 20.118869157535986 ], [ -99.240621791678265, 20.118931306959027 ] ], [ [ -99.240621791678265, 20.118931306959027 ], [ -99.240625430842215, 20.118950597476395 ] ], [ [ -99.240625430842215, 20.118950597476395 ], [ -99.240619991662314, 20.118981964927471 ] ], [ [ -99.240619991662314, 20.118981964927471 ], [ -99.240635355364375, 20.119014798653389 ] ], [ [ -99.240635355364375, 20.119014798653389 ], [ -99.240638211902009, 20.119044231221206 ] ], [ [ -99.240638211902009, 20.119044231221206 ], [ -99.240641378447719, 20.119077296665012 ] ], [ [ -99.240641378447719, 20.119077296665012 ], [ -99.240625270254512, 20.119104570922637 ] ], [ [ -99.240625270254512, 20.119104570922637 ], [ -99.24062912860181, 20.119160228517824 ] ], [ [ -99.24062912860181, 20.119160228517824 ], [ -99.24063187613244, 20.119199724702664 ] ], [ [ -99.24063187613244, 20.119199724702664 ], [ -99.240618109994287, 20.119220421815282 ] ], [ [ -99.240618109994287, 20.119220421815282 ], [ -99.240620237222302, 20.119276229314689 ] ], [ [ -99.240620237222302, 20.119276229314689 ], [ -99.240622213141904, 20.119330039083909 ] ], [ [ -99.240622213141904, 20.119330039083909 ], [ -99.240617857583672, 20.119336488954623 ] ], [ [ -99.240617857583672, 20.119336488954623 ], [ -99.240618739073255, 20.119392183137062 ] ], [ [ -99.240618739073255, 20.119392183137062 ], [ -99.240619581783903, 20.119449780919517 ] ], [ [ -99.240619581783903, 20.119449780919517 ], [ -99.240617702987592, 20.119452467203075 ] ], [ [ -99.240617702987592, 20.119452467203075 ], [ -99.240617336889983, 20.119508138715915 ] ], [ [ -99.240617336889983, 20.119508138715915 ], [ -99.240616874766133, 20.119568523901375 ] ], [ [ -99.240616874766133, 20.119568523901375 ], [ -99.240617526231333, 20.119569533233761 ] ], [ [ -99.240617526231333, 20.119569533233761 ], [ -99.240615934704323, 20.119624094307042 ] ], [ [ -99.240615934704323, 20.119624094307042 ], [ -99.240614223143368, 20.1196845474709 ] ], [ [ -99.240614223143368, 20.1196845474709 ], [ -99.240617199953476, 20.119689226310381 ] ], [ [ -99.240617199953476, 20.119689226310381 ], [ -99.240614724453124, 20.119740053398953 ] ], [ [ -99.240614724453124, 20.119740053398953 ], [ -99.240613284579879, 20.119768319724379 ] ], [ [ -99.240613284579879, 20.119768319724379 ], [ -99.24065003059718, 20.119826025994129 ] ], [ [ -99.24065003059718, 20.119826025994129 ], [ -99.240650530527077, 20.119843899253667 ] ], [ [ -99.240650530527077, 20.119843899253667 ], [ -99.240651227821246, 20.119870934890248 ] ], [ [ -99.240651227821246, 20.119870934890248 ], [ -99.240692475173432, 20.119929176372249 ] ], [ [ -99.240692475173432, 20.119929176372249 ], [ -99.240733364967198, 20.119948418477307 ] ], [ [ -99.240733364967198, 20.119948418477307 ], [ -99.24077050603843, 20.120005587818923 ] ], [ [ -99.24077050603843, 20.120005587818923 ], [ -99.240819770890354, 20.120033143411398 ] ], [ [ -99.240819770890354, 20.120033143411398 ], [ -99.240830915981036, 20.120051572863076 ] ], [ [ -99.240830915981036, 20.120051572863076 ], [ -99.240920109146913, 20.12010315911736 ] ], [ [ -99.240920109146913, 20.12010315911736 ], [ -99.240927498598026, 20.120117439660426 ] ], [ [ -99.240927498598026, 20.120117439660426 ], [ -99.24100697319281, 20.120165403364254 ] ], [ [ -99.24100697319281, 20.120165403364254 ], [ -99.241020905063735, 20.120188417502462 ] ], [ [ -99.241020905063735, 20.120188417502462 ], [ -99.241084975077527, 20.12021497252498 ] ], [ [ -99.241084975077527, 20.12021497252498 ], [ -99.24112486258025, 20.12026928990311 ] ], [ [ -99.24112486258025, 20.12026928990311 ], [ -99.241152479412051, 20.120275595345337 ] ], [ [ -99.241152479412051, 20.120275595345337 ], [ -99.241219195746908, 20.120337201311209 ] ], [ [ -99.241219195746908, 20.120337201311209 ], [ -99.241221631821219, 20.120344862791946 ] ], [ [ -99.241221631821219, 20.120344862791946 ], [ -99.241305844175415, 20.12039590491344 ] ], [ [ -99.241305844175415, 20.12039590491344 ], [ -99.241314134294285, 20.120413103602193 ] ], [ [ -99.241314134294285, 20.120413103602193 ], [ -99.241383224272752, 20.120457160493622 ] ], [ [ -99.241383224272752, 20.120457160493622 ], [ -99.241390704222582, 20.120471714705296 ] ], [ [ -99.241390704222582, 20.120471714705296 ], [ -99.241460604440135, 20.120518416037861 ] ], [ [ -99.241460604440135, 20.120518416037861 ], [ -99.241467080432969, 20.120530412933036 ] ], [ [ -99.241467080432969, 20.120530412933036 ], [ -99.241537988369544, 20.120579490250847 ] ], [ [ -99.241537988369544, 20.120579490250847 ], [ -99.24155559668516, 20.12061055108444 ] ], [ [ -99.24155559668516, 20.12061055108444 ], [ -99.241632855338523, 20.120644781359335 ] ], [ [ -99.241632855338523, 20.120644781359335 ], [ -99.241669963773973, 20.120698866755156 ] ], [ [ -99.241669963773973, 20.120698866755156 ], [ -99.241736130710933, 20.120726185055357 ] ], [ [ -99.241736130710933, 20.120726185055357 ], [ -99.241739314288324, 20.120730142183529 ] ], [ [ -99.241739314288324, 20.120730142183529 ], [ -99.241824230241207, 20.120779655230983 ] ], [ [ -99.241824230241207, 20.120779655230983 ], [ -99.241856881908987, 20.120783875667641 ] ], [ [ -99.241856881908987, 20.120783875667641 ], [ -99.241908332369704, 20.120826705056441 ] ], [ [ -99.241908332369704, 20.120826705056441 ], [ -99.241995804642343, 20.120830833193857 ] ], [ [ -99.241995804642343, 20.120830833193857 ], [ -99.242040557642113, 20.120858397118806 ] ], [ [ -99.242040557642113, 20.120858397118806 ], [ -99.242092654203375, 20.120850638101313 ] ], [ [ -99.242092654203375, 20.120850638101313 ], [ -99.242139415210971, 20.120869170358684 ] ], [ [ -99.242139415210971, 20.120869170358684 ], [ -99.242192189092464, 20.120861151567212 ] ], [ [ -99.242192189092464, 20.120861151567212 ], [ -99.242231628767641, 20.120880911021768 ] ], [ [ -99.242231628767641, 20.120880911021768 ], [ -99.24230992863086, 20.120868731119263 ] ], [ [ -99.24230992863086, 20.120868731119263 ], [ -99.242323643012284, 20.120874149054035 ] ], [ [ -99.242323643012284, 20.120874149054035 ], [ -99.24239401247749, 20.120860102118339 ] ], [ [ -99.24239401247749, 20.120860102118339 ], [ -99.242415572351248, 20.120866841401668 ] ], [ [ -99.242415572351248, 20.120866841401668 ], [ -99.24247827717933, 20.120852020442854 ] ], [ [ -99.24247827717933, 20.120852020442854 ], [ -99.242522989650723, 20.120862716795067 ] ], [ [ -99.242522989650723, 20.120862716795067 ], [ -99.242562802098519, 20.120845303664165 ] ], [ [ -99.242562802098519, 20.120845303664165 ], [ -99.242645618041593, 20.120847079827673 ] ], [ [ -99.242645618041593, 20.120847079827673 ], [ -99.242648534025946, 20.120845319164697 ] ], [ [ -99.242648534025946, 20.120845319164697 ], [ -99.242759417215311, 20.120826566993909 ] ], [ [ -99.242759417215311, 20.120826566993909 ], [ -99.242768076608442, 20.120830351504051 ] ], [ [ -99.242768076608442, 20.120830351504051 ], [ -99.24290088508485, 20.120819251907974 ] ], [ [ -99.24290088508485, 20.120819251907974 ], [ -99.242919907338646, 20.120828030701404 ] ], [ [ -99.242919907338646, 20.120828030701404 ], [ -99.243043750068708, 20.120818763146275 ] ], [ [ -99.243043750068708, 20.120818763146275 ], [ -99.243064040227424, 20.120826567453275 ] ], [ [ -99.243064040227424, 20.120826567453275 ], [ -99.243154891692754, 20.120820327955222 ] ], [ [ -99.243154891692754, 20.120820327955222 ], [ -99.243205336598805, 20.120841828572033 ] ], [ [ -99.243205336598805, 20.120841828572033 ], [ -99.243312126382463, 20.1208402310852 ] ], [ [ -99.243312126382463, 20.1208402310852 ], [ -99.243374888673671, 20.120869753875905 ] ], [ [ -99.243374888673671, 20.120869753875905 ], [ -99.243386700392733, 20.120883751874882 ] ], [ [ -99.243386700392733, 20.120883751874882 ], [ -99.243422455154516, 20.120961933445074 ] ], [ [ -99.243422455154516, 20.120961933445074 ], [ -99.243424439149635, 20.120963511047417 ] ], [ [ -99.243424439149635, 20.120963511047417 ], [ -99.243473579738804, 20.121030237785401 ] ], [ [ -99.243473579738804, 20.121030237785401 ], [ -99.243488476009674, 20.121109672892128 ] ], [ [ -99.243488476009674, 20.121109672892128 ], [ -99.243495662992018, 20.121148070828614 ] ], [ [ -99.243495662992018, 20.121148070828614 ], [ -99.243491929532908, 20.121161695897531 ] ], [ [ -99.243491929532908, 20.121161695897531 ], [ -99.243524807317627, 20.121253880806108 ] ], [ [ -99.243524807317627, 20.121253880806108 ], [ -99.243523146406289, 20.12126473239028 ] ], [ [ -99.243523146406289, 20.12126473239028 ], [ -99.243514448743838, 20.121319436581135 ] ], [ [ -99.243514448743838, 20.121319436581135 ], [ -99.243544995284452, 20.121375216019633 ] ], [ [ -99.243544995284452, 20.121375216019633 ], [ -99.243543799773818, 20.121419809452803 ] ], [ [ -99.243543799773818, 20.121419809452803 ], [ -99.243542368138094, 20.12147600579215 ] ], [ [ -99.243542368138094, 20.12147600579215 ], [ -99.243558742246478, 20.12149697838862 ] ], [ [ -99.243558742246478, 20.12149697838862 ], [ -99.243569347648275, 20.121574975397174 ] ], [ [ -99.243569347648275, 20.121574975397174 ], [ -99.243575180077812, 20.121618608261713 ] ], [ [ -99.243575180077812, 20.121618608261713 ], [ -99.243568938485041, 20.121632822569779 ] ], [ [ -99.243568938485041, 20.121632822569779 ], [ -99.243601235129233, 20.12172998441357 ] ], [ [ -99.243601235129233, 20.12172998441357 ], [ -99.243611910251701, 20.1217620980097 ] ], [ [ -99.243611910251701, 20.1217620980097 ], [ -99.243604472837205, 20.121787897805053 ] ], [ [ -99.243604472837205, 20.121787897805053 ], [ -99.243652226250788, 20.121885068231386 ] ], [ [ -99.243652226250788, 20.121885068231386 ], [ -99.243652593528992, 20.121885891030324 ] ], [ [ -99.243652593528992, 20.121885891030324 ], [ -99.243644827909577, 20.121941972399068 ] ], [ [ -99.243644827909577, 20.121941972399068 ], [ -99.243688932400957, 20.122010874717581 ] ], [ [ -99.243688932400957, 20.122010874717581 ], [ -99.243689008376123, 20.122040166133111 ] ], [ [ -99.243689008376123, 20.122040166133111 ], [ -99.243689145717525, 20.122113620423537 ] ], [ [ -99.243689145717525, 20.122113620423537 ], [ -99.243680800148169, 20.122127433820399 ] ], [ [ -99.243680800148169, 20.122127433820399 ], [ -99.243703291472272, 20.122229949223165 ] ], [ [ -99.243703291472272, 20.122229949223165 ], [ -99.243708834017639, 20.122254805826561 ] ], [ [ -99.243708834017639, 20.122254805826561 ], [ -99.243682490838481, 20.122317985806436 ] ], [ [ -99.243682490838481, 20.122317985806436 ], [ -99.243718436245629, 20.122396261541603 ] ], [ [ -99.243718436245629, 20.122396261541603 ], [ -99.243713543851712, 20.122419659167491 ] ], [ [ -99.243713543851712, 20.122419659167491 ], [ -99.243701645964293, 20.122475937590167 ] ], [ [ -99.243701645964293, 20.122475937590167 ], [ -99.24370872783598, 20.122510071634238 ] ], [ [ -99.24370872783598, 20.122510071634238 ], [ -99.243712742194376, 20.122529822348788 ] ], [ [ -99.243712742194376, 20.122529822348788 ], [ -99.243693469126342, 20.122566379727555 ] ], [ [ -99.243693469126342, 20.122566379727555 ], [ -99.243690664191902, 20.122600424962975 ] ], [ [ -99.243690664191902, 20.122600424962975 ], [ -99.24368381238267, 20.122682367125556 ] ], [ [ -99.24368381238267, 20.122682367125556 ], [ -99.243674962895525, 20.122692634811351 ] ], [ [ -99.243674962895525, 20.122692634811351 ], [ -99.243672703970503, 20.122699848303277 ] ], [ [ -99.243672703970503, 20.122699848303277 ], [ -99.243643229039677, 20.122794256491932 ] ], [ [ -99.243643229039677, 20.122794256491932 ], [ -99.243643703406761, 20.12279925257512 ] ], [ [ -99.243643703406761, 20.12279925257512 ], [ -99.243648762661365, 20.122847858918263 ] ], [ [ -99.243648762661365, 20.122847858918263 ], [ -99.243643334997614, 20.122869251845639 ] ], [ [ -99.243643334997614, 20.122869251845639 ], [ -99.243650817504133, 20.122916723329276 ] ], [ [ -99.243650817504133, 20.122916723329276 ], [ -99.243653624828895, 20.122934457150173 ] ], [ [ -99.243653624828895, 20.122934457150173 ], [ -99.243661693896669, 20.122948387202261 ] ], [ [ -99.243661693896669, 20.122948387202261 ], [ -99.243663956709653, 20.122959854127853 ] ], [ [ -99.243663956709653, 20.122959854127853 ], [ -99.243716186060468, 20.123049397978587 ] ], [ [ -99.243716186060468, 20.123049397978587 ], [ -99.243770253162751, 20.123091095445712 ] ], [ [ -99.243770253162751, 20.123091095445712 ], [ -99.243797074209155, 20.123169568291868 ] ], [ [ -99.243797074209155, 20.123169568291868 ], [ -99.243804231661784, 20.123190554932378 ] ], [ [ -99.243804231661784, 20.123190554932378 ], [ -99.243843127891225, 20.123218193403126 ] ], [ [ -99.243843127891225, 20.123218193403126 ], [ -99.243884667841613, 20.123314072215731 ] ], [ [ -99.243884667841613, 20.123314072215731 ], [ -99.243891544723965, 20.123329975606563 ] ], [ [ -99.243891544723965, 20.123329975606563 ], [ -99.243915227609861, 20.12334563999417 ] ], [ [ -99.243915227609861, 20.12334563999417 ], [ -99.243974086957067, 20.123458518561048 ] ], [ [ -99.243974086957067, 20.123458518561048 ], [ -99.243983049400157, 20.123475729347255 ] ], [ [ -99.243983049400157, 20.123475729347255 ], [ -99.243983038512141, 20.123490419527219 ] ], [ [ -99.243983038512141, 20.123490419527219 ], [ -99.244012973261775, 20.123566863211501 ] ], [ [ -99.244012973261775, 20.123566863211501 ], [ -99.244013456867307, 20.1235714060577 ] ], [ [ -99.244013456867307, 20.1235714060577 ], [ -99.244016402828549, 20.12360120301792 ] ], [ [ -99.244016402828549, 20.12360120301792 ], [ -99.244026435786694, 20.123622423215661 ] ], [ [ -99.244026435786694, 20.123622423215661 ], [ -99.244019032035325, 20.123684314867155 ] ], [ [ -99.244019032035325, 20.123684314867155 ], [ -99.24400700369165, 20.123784752835647 ] ], [ [ -99.24400700369165, 20.123784752835647 ], [ -99.24400357091595, 20.123788317776505 ] ], [ [ -99.24400357091595, 20.123788317776505 ], [ -99.243986354202193, 20.123860641025459 ] ], [ [ -99.243986354202193, 20.123860641025459 ], [ -99.243962202054419, 20.123962400510187 ] ], [ [ -99.243962202054419, 20.123962400510187 ], [ -99.243975086627714, 20.123994463567875 ] ], [ [ -99.243975086627714, 20.123994463567875 ], [ -99.243958574521855, 20.124036874759657 ] ], [ [ -99.243958574521855, 20.124036874759657 ], [ -99.243922922213116, 20.124128178495774 ] ], [ [ -99.243922922213116, 20.124128178495774 ], [ -99.243907788381648, 20.12414059916436 ] ], [ [ -99.243907788381648, 20.12414059916436 ], [ -99.243899162286212, 20.124163475648182 ] ], [ [ -99.243899162286212, 20.124163475648182 ], [ -99.243865992201009, 20.124250743779875 ] ], [ [ -99.243865992201009, 20.124250743779875 ], [ -99.24379410081346, 20.124306477291046 ] ], [ [ -99.24379410081346, 20.124306477291046 ], [ -99.243782684444668, 20.124357958445575 ] ], [ [ -99.243782684444668, 20.124357958445575 ], [ -99.243681232245237, 20.124455684848616 ] ], [ [ -99.243681232245237, 20.124455684848616 ], [ -99.243677183225813, 20.124480095325673 ] ], [ [ -99.243677183225813, 20.124480095325673 ], [ -99.243589451200606, 20.124582967564049 ] ], [ [ -99.243589451200606, 20.124582967564049 ], [ -99.243589095029705, 20.124586316310918 ] ], [ [ -99.243589095029705, 20.124586316310918 ], [ -99.243586086923401, 20.12461147113838 ] ], [ [ -99.243586086923401, 20.12461147113838 ], [ -99.243495955528488, 20.124723730647553 ] ], [ [ -99.243495955528488, 20.124723730647553 ], [ -99.243495564303856, 20.124728801705839 ] ], [ [ -99.243495564303856, 20.124728801705839 ], [ -99.243494514273536, 20.124742656903923 ] ], [ [ -99.243494514273536, 20.124742656903923 ], [ -99.243402742043969, 20.12486477086302 ] ], [ [ -99.243402742043969, 20.12486477086302 ], [ -99.243402515086743, 20.124871205126304 ] ], [ [ -99.243402515086743, 20.124871205126304 ], [ -99.243402468965215, 20.124873471325515 ] ], [ [ -99.243402468965215, 20.124873471325515 ], [ -99.243310990087778, 20.12500474940218 ] ], [ [ -99.243310990087778, 20.12500474940218 ], [ -99.243309054038946, 20.125005530382545 ] ], [ [ -99.243309054038946, 20.125005530382545 ], [ -99.243303895594707, 20.125013688734708 ] ], [ [ -99.243303895594707, 20.125013688734708 ], [ -99.24324599546506, 20.125103681633536 ] ], [ [ -99.24324599546506, 20.125103681633536 ], [ -99.243193066953978, 20.125133370919212 ] ], [ [ -99.243193066953978, 20.125133370919212 ], [ -99.243163437742936, 20.125192864062289 ] ], [ [ -99.243163437742936, 20.125192864062289 ], [ -99.243094149679266, 20.12523857892889 ] ], [ [ -99.243094149679266, 20.12523857892889 ], [ -99.243079091492859, 20.125280291029807 ] ], [ [ -99.243079091492859, 20.125280291029807 ], [ -99.242997315967912, 20.125345184945328 ] ], [ [ -99.242997315967912, 20.125345184945328 ], [ -99.242992574669657, 20.125365864913448 ] ], [ [ -99.242992574669657, 20.125365864913448 ], [ -99.242902839900481, 20.125453874061407 ] ], [ [ -99.242902839900481, 20.125453874061407 ], [ -99.242901144773526, 20.125471118108024 ] ], [ [ -99.242901144773526, 20.125471118108024 ], [ -99.242816410637829, 20.125568150156209 ] ], [ [ -99.242816410637829, 20.125568150156209 ], [ -99.242816399566252, 20.125568694044325 ] ], [ [ -99.242816399566252, 20.125568694044325 ], [ -99.242739226868721, 20.125671576314591 ] ], [ [ -99.242739226868721, 20.125671576314591 ], [ -99.242723358174857, 20.125677635834236 ] ], [ [ -99.242723358174857, 20.125677635834236 ], [ -99.24266129549865, 20.125773991371233 ] ], [ [ -99.24266129549865, 20.125773991371233 ], [ -99.242652478935582, 20.125777911920899 ] ], [ [ -99.242652478935582, 20.125777911920899 ], [ -99.242641610074799, 20.125797755150376 ] ], [ [ -99.242641610074799, 20.125797755150376 ], [ -99.242588159005649, 20.125895536610251 ] ], [ [ -99.242588159005649, 20.125895536610251 ], [ -99.242581359707799, 20.125899403111788 ] ], [ [ -99.242581359707799, 20.125899403111788 ], [ -99.242572751730677, 20.125921373076476 ] ], [ [ -99.242572751730677, 20.125921373076476 ], [ -99.242540855681014, 20.126002588555412 ] ], [ [ -99.242540855681014, 20.126002588555412 ], [ -99.242513187831278, 20.126022308039143 ] ], [ [ -99.242513187831278, 20.126022308039143 ], [ -99.242507254159591, 20.126044961345151 ] ], [ [ -99.242507254159591, 20.126044961345151 ], [ -99.242490602955527, 20.126108317387533 ] ], [ [ -99.242490602955527, 20.126108317387533 ], [ -99.242472218614822, 20.126124759576097 ] ], [ [ -99.242472218614822, 20.126124759576097 ], [ -99.24244082260536, 20.126190840307942 ] ], [ [ -99.24244082260536, 20.126190840307942 ], [ -99.242434165405328, 20.126197157788035 ] ], [ [ -99.242434165405328, 20.126197157788035 ], [ -99.242407280091726, 20.126258605001485 ] ], [ [ -99.242407280091726, 20.126258605001485 ], [ -99.242388067032252, 20.126278024623321 ] ], [ [ -99.242388067032252, 20.126278024623321 ], [ -99.242385230326192, 20.126323041853293 ] ], [ [ -99.242385230326192, 20.126323041853293 ], [ -99.242381494805372, 20.126383912040289 ] ], [ [ -99.242381494805372, 20.126383912040289 ], [ -99.242355847834475, 20.126412827051393 ] ], [ [ -99.242355847834475, 20.126412827051393 ], [ -99.242354194168684, 20.126456324186954 ] ], [ [ -99.242354194168684, 20.126456324186954 ], [ -99.242352090173313, 20.126512508570706 ] ], [ [ -99.242352090173313, 20.126512508570706 ], [ -99.242323914646818, 20.126547725366873 ] ], [ [ -99.242323914646818, 20.126547725366873 ], [ -99.242323156104575, 20.126589697178563 ] ], [ [ -99.242323156104575, 20.126589697178563 ], [ -99.242322301591884, 20.126641098137714 ] ], [ [ -99.242322301591884, 20.126641098137714 ], [ -99.242292171496857, 20.126682717826739 ] ], [ [ -99.242292171496857, 20.126682717826739 ], [ -99.242292215798315, 20.126722981275154 ] ], [ [ -99.242292215798315, 20.126722981275154 ], [ -99.242292322852705, 20.126769593579326 ] ], [ [ -99.242292322852705, 20.126769593579326 ], [ -99.242259527609065, 20.126819507569678 ] ], [ [ -99.242259527609065, 20.126819507569678 ], [ -99.242271817753561, 20.126890190441124 ] ], [ [ -99.242271817753561, 20.126890190441124 ], [ -99.242273537894903, 20.126900015302976 ] ], [ [ -99.242273537894903, 20.126900015302976 ], [ -99.242233278810247, 20.12698642911111 ] ], [ [ -99.242233278810247, 20.12698642911111 ], [ -99.242248151021769, 20.127029319626342 ] ], [ [ -99.242248151021769, 20.127029319626342 ], [ -99.242240474969307, 20.127057382195584 ] ], [ [ -99.242240474969307, 20.127057382195584 ], [ -99.242220154363253, 20.127131190693905 ] ], [ [ -99.242220154363253, 20.127131190693905 ], [ -99.242241298101064, 20.127177278307848 ] ], [ [ -99.242241298101064, 20.127177278307848 ], [ -99.242235609804112, 20.127202021764159 ] ], [ [ -99.242235609804112, 20.127202021764159 ], [ -99.242218650103069, 20.12727580063779 ] ], [ [ -99.242218650103069, 20.12727580063779 ], [ -99.242237385290665, 20.127312867022617 ] ], [ [ -99.242237385290665, 20.127312867022617 ], [ -99.242231226343549, 20.127346579419772 ] ], [ [ -99.242231226343549, 20.127346579419772 ], [ -99.242226372271702, 20.127372788939542 ] ], [ [ -99.242226372271702, 20.127372788939542 ], [ -99.242217625709202, 20.127420419317065 ] ], [ [ -99.242217625709202, 20.127420419317065 ], [ -99.242233090422303, 20.12744835813281 ] ], [ [ -99.242233090422303, 20.12744835813281 ], [ -99.242227130795484, 20.127491142324146 ] ], [ [ -99.242227130795484, 20.127491142324146 ], [ -99.242217548135486, 20.127560974536813 ] ], [ [ -99.242217548135486, 20.127560974536813 ], [ -99.242214105988623, 20.127564992690342 ] ], [ [ -99.242214105988623, 20.127564992690342 ], [ -99.242212376579474, 20.127635783689094 ] ], [ [ -99.242212376579474, 20.127635783689094 ], [ -99.242211162115751, 20.127685999297 ] ], [ [ -99.242211162115751, 20.127685999297 ], [ -99.242197576233139, 20.127702528639428 ] ], [ [ -99.242197576233139, 20.127702528639428 ], [ -99.242193945800793, 20.127748801052711 ] ], [ [ -99.242193945800793, 20.127748801052711 ], [ -99.242189180278501, 20.127808383063027 ] ], [ [ -99.242189180278501, 20.127808383063027 ], [ -99.242182604195747, 20.127815427470249 ] ], [ [ -99.242182604195747, 20.127815427470249 ], [ -99.242175996708255, 20.127861736493944 ] ], [ [ -99.242175996708255, 20.127861736493944 ], [ -99.242166578262015, 20.127928216486634 ] ], [ [ -99.242166578262015, 20.127928216486634 ], [ -99.242168062170066, 20.127930782529194 ] ], [ [ -99.242168062170066, 20.127930782529194 ], [ -99.242158815380364, 20.127974685891122 ] ], [ [ -99.242158815380364, 20.127974685891122 ], [ -99.242144996863118, 20.128040360511438 ] ], [ [ -99.242144996863118, 20.128040360511438 ], [ -99.24214887274384, 20.128048048180755 ] ], [ [ -99.24214887274384, 20.128048048180755 ], [ -99.242140000613318, 20.128087696309791 ] ], [ [ -99.242140000613318, 20.128087696309791 ], [ -99.242129113004808, 20.128136738731797 ] ], [ [ -99.242129113004808, 20.128136738731797 ], [ -99.24213721358943, 20.128163274264104 ] ], [ [ -99.24213721358943, 20.128163274264104 ], [ -99.242136113572442, 20.128165430644984 ] ], [ [ -99.242136113572442, 20.128165430644984 ], [ -99.242111416705356, 20.128213678140945 ] ], [ [ -99.242111416705356, 20.128213678140945 ], [ -99.242113696064877, 20.128243191115939 ] ], [ [ -99.242113696064877, 20.128243191115939 ], [ -99.242114305124772, 20.128251000810558 ] ], [ [ -99.242114305124772, 20.128251000810558 ], [ -99.242096212032195, 20.12829084417692 ] ], [ [ -99.242096212032195, 20.12829084417692 ], [ -99.242100623133538, 20.128319398377201 ] ], [ [ -99.242100623133538, 20.128319398377201 ], [ -99.24210011188255, 20.128320930680523 ] ], [ [ -99.24210011188255, 20.128320930680523 ], [ -99.242081675472264, 20.12836820371675 ] ], [ [ -99.242081675472264, 20.12836820371675 ], [ -99.242086365280898, 20.128387785486684 ] ], [ [ -99.242086365280898, 20.128387785486684 ], [ -99.242082880649264, 20.12839860400193 ] ], [ [ -99.242082880649264, 20.12839860400193 ], [ -99.242067906692952, 20.128445577207614 ] ], [ [ -99.242067906692952, 20.128445577207614 ], [ -99.242071249179375, 20.128455884964108 ] ], [ [ -99.242071249179375, 20.128455884964108 ], [ -99.242066223398467, 20.128476378435263 ] ], [ [ -99.242066223398467, 20.128476378435263 ], [ -99.242054794954242, 20.128523688092216 ] ], [ [ -99.242054794954242, 20.128523688092216 ], [ -99.242049990674019, 20.128528588320901 ] ], [ [ -99.242049990674019, 20.128528588320901 ], [ -99.24204642481989, 20.12854339535988 ] ], [ [ -99.24204642481989, 20.12854339535988 ], [ -99.242035184620917, 20.128590889801565 ] ], [ [ -99.242035184620917, 20.128590889801565 ], [ -99.242029885697207, 20.128596506499026 ] ], [ [ -99.242029885697207, 20.128596506499026 ], [ -99.242026624375825, 20.128610502934333 ] ], [ [ -99.242026624375825, 20.128610502934333 ], [ -99.242015576113943, 20.128658000864174 ] ], [ [ -99.242015576113943, 20.128658000864174 ], [ -99.24200977885431, 20.128664515326907 ] ], [ [ -99.24200977885431, 20.128664515326907 ], [ -99.242006825757983, 20.128677519861956 ] ], [ [ -99.242006825757983, 20.128677519861956 ], [ -99.241995965741637, 20.128725202576607 ] ], [ [ -99.241995965741637, 20.128725202576607 ], [ -99.241989769812008, 20.12873243525156 ] ], [ [ -99.241989769812008, 20.12873243525156 ], [ -99.241987027120558, 20.128744536791078 ] ], [ [ -99.241987027120558, 20.128744536791078 ], [ -99.241976043428977, 20.128793577487997 ] ], [ [ -99.241976043428977, 20.128793577487997 ], [ -99.241968804692405, 20.128800156446889 ] ], [ [ -99.241968804692405, 20.128800156446889 ], [ -99.241964443345509, 20.128811593810585 ] ], [ [ -99.241964443345509, 20.128811593810585 ], [ -99.241943642496736, 20.128866531856126 ] ], [ [ -99.241943642496736, 20.128866531856126 ], [ -99.241945313723349, 20.12887875891888 ] ], [ [ -99.241945313723349, 20.12887875891888 ], [ -99.241915521665021, 20.128932037383343 ] ], [ [ -99.241915521665021, 20.128932037383343 ], [ -99.241915818782388, 20.128945735735407 ] ], [ [ -99.241915818782388, 20.128945735735407 ], [ -99.241916104811935, 20.128964693431843 ] ], [ [ -99.241916104811935, 20.128964693431843 ], [ -99.241890169314658, 20.128998318656439 ] ], [ [ -99.241890169314658, 20.128998318656439 ], [ -99.241888434340268, 20.129012796231009 ] ], [ [ -99.241888434340268, 20.129012796231009 ], [ -99.241884131968604, 20.129049625577839 ] ], [ [ -99.241884131968604, 20.129049625577839 ], [ -99.241867773707597, 20.12906556046061 ] ], [ [ -99.241867773707597, 20.12906556046061 ], [ -99.241863834994675, 20.129079816638765 ] ], [ [ -99.241863834994675, 20.129079816638765 ], [ -99.241849110032547, 20.129133414152065 ] ], [ [ -99.241849110032547, 20.129133414152065 ], [ -99.241848524952033, 20.129133856932523 ] ], [ [ -99.241848524952033, 20.129133856932523 ], [ -99.241842594754672, 20.129146898069486 ] ], [ [ -99.241842594754672, 20.129146898069486 ], [ -99.241818783516663, 20.12919878892831 ] ], [ [ -99.241818783516663, 20.12919878892831 ], [ -99.241820874617702, 20.129213970783752 ] ], [ [ -99.241820874617702, 20.129213970783752 ], [ -99.241821714381004, 20.129219880359017 ] ], [ [ -99.241821714381004, 20.129219880359017 ], [ -99.241791520794564, 20.129264582088979 ] ], [ [ -99.241791520794564, 20.129264582088979 ], [ -99.241791474594436, 20.129280994664263 ] ], [ [ -99.241791474594436, 20.129280994664263 ], [ -99.241791546454621, 20.129315183027249 ] ], [ [ -99.241791546454621, 20.129315183027249 ], [ -99.241766854845977, 20.129349012204159 ] ], [ [ -99.241766854845977, 20.129349012204159 ], [ -99.241766592746799, 20.129352453353185 ] ], [ [ -99.241766592746799, 20.129352453353185 ], [ -99.241763814842429, 20.129394569951188 ] ], [ [ -99.241763814842429, 20.129394569951188 ], [ -99.241741616725122, 20.12942853510728 ] ], [ [ -99.241741616725122, 20.12942853510728 ], [ -99.241736561228521, 20.129474056242003 ] ], [ [ -99.241736561228521, 20.129474056242003 ], [ -99.241716092494556, 20.129507962132838 ] ], [ [ -99.241716092494556, 20.129507962132838 ], [ -99.241709497687452, 20.129553636669225 ] ], [ [ -99.241709497687452, 20.129553636669225 ], [ -99.241690475950719, 20.129587206119538 ] ], [ [ -99.241690475950719, 20.129587206119538 ], [ -99.241686332289774, 20.129611524265574 ] ], [ [ -99.241686332289774, 20.129611524265574 ], [ -99.241644615973271, 20.129656288693941 ] ], [ [ -99.241644615973271, 20.129656288693941 ], [ -99.241614335348899, 20.129728828167277 ] ], [ [ -99.241614335348899, 20.129728828167277 ], [ -99.241610730715948, 20.129731392454126 ] ], [ [ -99.241610730715948, 20.129731392454126 ], [ -99.241567096598445, 20.129790177718633 ] ], [ [ -99.241567096598445, 20.129790177718633 ], [ -99.241557367961676, 20.12979643938305 ] ], [ [ -99.241557367961676, 20.12979643938305 ], [ -99.241512454731435, 20.129856742989414 ] ], [ [ -99.241512454731435, 20.129856742989414 ], [ -99.241504003309927, 20.129861576945405 ] ], [ [ -99.241504003309927, 20.129861576945405 ], [ -99.241457718681374, 20.129923215852468 ] ], [ [ -99.241457718681374, 20.129923215852468 ], [ -99.241450638606892, 20.129926714492907 ] ], [ [ -99.241450638606892, 20.129926714492907 ], [ -99.241402982577512, 20.129989688699819 ] ], [ [ -99.241402982577512, 20.129989688699819 ], [ -99.241397367982032, 20.129991944417579 ] ], [ [ -99.241397367982032, 20.129991944417579 ], [ -99.241394704632498, 20.129995432621556 ] ], [ [ -99.241394704632498, 20.129995432621556 ], [ -99.24133365427852, 20.130074939603375 ] ], [ [ -99.24133365427852, 20.130074939603375 ], [ -99.241333539839559, 20.130075844343274 ] ], [ [ -99.241333539839559, 20.130075844343274 ], [ -99.241277039155563, 20.130139383273523 ] ], [ [ -99.241277039155563, 20.130139383273523 ], [ -99.24127430191102, 20.130151212870544 ] ], [ [ -99.24127430191102, 20.130151212870544 ], [ -99.241221555378985, 20.130204844985379 ] ], [ [ -99.241221555378985, 20.130204844985379 ], [ -99.241200964393627, 20.130263595462825 ] ], [ [ -99.241200964393627, 20.130263595462825 ], [ -99.2411818410677, 20.130278573231763 ] ], [ [ -99.2411818410677, 20.130278573231763 ], [ -99.241137335062859, 20.130380144444388 ] ], [ [ -99.241137335062859, 20.130380144444388 ], [ -99.241129524037561, 20.130386531612228 ] ], [ [ -99.241129524037561, 20.130386531612228 ], [ -99.241095699286774, 20.130453928449217 ] ], [ [ -99.241095699286774, 20.130453928449217 ], [ -99.241095171316047, 20.130465707509568 ] ], [ [ -99.241095171316047, 20.130465707509568 ], [ -99.241093565245549, 20.130502132472177 ] ], [ [ -99.241093565245549, 20.130502132472177 ], [ -99.24105920156353, 20.130562990414685 ] ], [ [ -99.24105920156353, 20.130562990414685 ], [ -99.241058108811387, 20.130574215121531 ] ], [ [ -99.241058108811387, 20.130574215121531 ], [ -99.241053370472628, 20.13062300659989 ] ], [ [ -99.241053370472628, 20.13062300659989 ], [ -99.241079661907364, 20.130680341942011 ] ], [ [ -99.241079661907364, 20.130680341942011 ], [ -99.241073563411817, 20.130715778459564 ] ], [ [ -99.241073563411817, 20.130715778459564 ], [ -99.2410647460609, 20.130766853555766 ] ], [ [ -99.2410647460609, 20.130766853555766 ], [ -99.241095642422351, 20.130838509650506 ] ], [ [ -99.241095642422351, 20.130838509650506 ], [ -99.241090747465122, 20.13085728255756 ] ], [ [ -99.241090747465122, 20.13085728255756 ], [ -99.24107669937807, 20.130910620345112 ] ], [ [ -99.24107669937807, 20.130910620345112 ], [ -99.24111186658854, 20.130998858174728 ] ], [ [ -99.24111186658854, 20.130998858174728 ], [ -99.241123466573029, 20.131027996513758 ] ], [ [ -99.241123466573029, 20.131027996513758 ], [ -99.241114459315497, 20.131055400173423 ] ], [ [ -99.241114459315497, 20.131055400173423 ], [ -99.241166553311828, 20.131170515402591 ] ], [ [ -99.241166553311828, 20.131170515402591 ], [ -99.241175189203545, 20.131189624861225 ] ], [ [ -99.241175189203545, 20.131189624861225 ], [ -99.241163847040681, 20.131227958625683 ] ], [ [ -99.241163847040681, 20.131227958625683 ], [ -99.241221912010488, 20.131342184844886 ] ], [ [ -99.241221912010488, 20.131342184844886 ], [ -99.241221225256155, 20.131361759684275 ] ], [ [ -99.241221225256155, 20.131361759684275 ], [ -99.24127802991643, 20.131448304973386 ] ], [ [ -99.24127802991643, 20.131448304973386 ], [ -99.241279284827087, 20.131471542375689 ] ], [ [ -99.241279284827087, 20.131471542375689 ], [ -99.24128047330332, 20.131493327658674 ] ], [ [ -99.24128047330332, 20.131493327658674 ], [ -99.241331728179603, 20.131555378628985 ] ], [ [ -99.241331728179603, 20.131555378628985 ], [ -99.241338767398162, 20.131601028912723 ] ], [ [ -99.241338767398162, 20.131601028912723 ], [ -99.241342242713372, 20.131623671886228 ] ], [ [ -99.241342242713372, 20.131623671886228 ], [ -99.241382718864628, 20.131663400583115 ] ], [ [ -99.241382718864628, 20.131663400583115 ], [ -99.241395477950675, 20.13171105911541 ] ], [ [ -99.241395477950675, 20.13171105911541 ], [ -99.241392875372867, 20.131730417789178 ] ], [ [ -99.241392875372867, 20.131730417789178 ], [ -99.241388563579392, 20.13176298498912 ] ], [ [ -99.241388563579392, 20.13176298498912 ], [ -99.241401874658351, 20.131792970552116 ] ], [ [ -99.241401874658351, 20.131792970552116 ], [ -99.241401370498778, 20.131836579464196 ] ], [ [ -99.241401370498778, 20.131836579464196 ], [ -99.241400940221013, 20.131871846970146 ] ], [ [ -99.241400940221013, 20.131871846970146 ], [ -99.241431994062779, 20.131916936074866 ] ], [ [ -99.241431994062779, 20.131916936074866 ], [ -99.241429836263137, 20.131942741261053 ] ], [ [ -99.241429836263137, 20.131942741261053 ], [ -99.241426912433113, 20.131977872783803 ] ], [ [ -99.241426912433113, 20.131977872783803 ], [ -99.241461151932427, 20.132036259348983 ] ], [ [ -99.241461151932427, 20.132036259348983 ], [ -99.241459261844113, 20.132048920500328 ] ], [ [ -99.241459261844113, 20.132048920500328 ], [ -99.241453945974001, 20.132083645838946 ] ], [ [ -99.241453945974001, 20.132083645838946 ], [ -99.241488881271877, 20.132155012583105 ] ], [ [ -99.241488881271877, 20.132155012583105 ], [ -99.241489250411036, 20.132155744746377 ] ], [ [ -99.241489250411036, 20.132155744746377 ], [ -99.241482040846066, 20.132189166134989 ] ], [ [ -99.241482040846066, 20.132189166134989 ], [ -99.241510626911619, 20.132261142982358 ] ], [ [ -99.241510626911619, 20.132261142982358 ], [ -99.24151638547329, 20.132275394011533 ] ], [ [ -99.24151638547329, 20.132275394011533 ], [ -99.241511003250665, 20.132294520832282 ] ], [ [ -99.241511003250665, 20.132294520832282 ], [ -99.241533716269259, 20.13236729780068 ] ], [ [ -99.241533716269259, 20.13236729780068 ], [ -99.241542459292987, 20.132395296049829 ] ], [ [ -99.241542459292987, 20.132395296049829 ], [ -99.241541025144613, 20.132399713417794 ] ], [ [ -99.241541025144613, 20.132399713417794 ], [ -99.241557957392999, 20.132473473550018 ] ], [ [ -99.241557957392999, 20.132473473550018 ], [ -99.241565456388685, 20.132505983305045 ] ], [ [ -99.241565456388685, 20.132505983305045 ], [ -99.241573354189271, 20.132514197498018 ] ], [ [ -99.241573354189271, 20.132514197498018 ], [ -99.241583352131727, 20.132579579581289 ] ], [ [ -99.241583352131727, 20.132579579581289 ], [ -99.241584542584533, 20.132587127825197 ] ], [ [ -99.241584542584533, 20.132587127825197 ], [ -99.241628908000266, 20.132633909666769 ] ], [ [ -99.241628908000266, 20.132633909666769 ], [ -99.241636436516046, 20.132674399986353 ] ], [ [ -99.241636436516046, 20.132674399986353 ], [ -99.241638077322506, 20.132683407326095 ] ], [ [ -99.241638077322506, 20.132683407326095 ], [ -99.241679419522413, 20.132723061026333 ] ], [ [ -99.241679419522413, 20.132723061026333 ], [ -99.241689616952399, 20.132769222124562 ] ], [ [ -99.241689616952399, 20.132769222124562 ], [ -99.241691901915786, 20.132779601398813 ] ], [ [ -99.241691901915786, 20.132779601398813 ], [ -99.241729545353948, 20.132812296050609 ] ], [ [ -99.241729545353948, 20.132812296050609 ], [ -99.241743085396564, 20.132864049483061 ] ], [ [ -99.241743085396564, 20.132864049483061 ], [ -99.241746116034918, 20.132875530489343 ] ], [ [ -99.241746116034918, 20.132875530489343 ], [ -99.241813686063722, 20.132928537487381 ] ], [ [ -99.241813686063722, 20.132928537487381 ], [ -99.241826537768432, 20.132957517192491 ] ], [ [ -99.241826537768432, 20.132957517192491 ], [ -99.241886016218899, 20.133002397140377 ] ], [ [ -99.241886016218899, 20.133002397140377 ], [ -99.241907539158575, 20.133039333022722 ] ], [ [ -99.241907539158575, 20.133039333022722 ], [ -99.241923526832252, 20.133051049395647 ] ], [ [ -99.241923526832252, 20.133051049395647 ], [ -99.241963889046815, 20.133134121982309 ] ], [ [ -99.241963889046815, 20.133134121982309 ], [ -99.241994277095742, 20.133160064983755 ] ], [ [ -99.241994277095742, 20.133160064983755 ], [ -99.242021143425987, 20.133226932349658 ] ], [ [ -99.242021143425987, 20.133226932349658 ], [ -99.242020822265687, 20.133228558794976 ] ], [ [ -99.242020822265687, 20.133228558794976 ], [ -99.242052293655973, 20.133338039749624 ] ], [ [ -99.242052293655973, 20.133338039749624 ], [ -99.242057854819052, 20.133357274704775 ] ], [ [ -99.242057854819052, 20.133357274704775 ], [ -99.242046032841557, 20.13339088442029 ] ], [ [ -99.242046032841557, 20.13339088442029 ], [ -99.242063397394389, 20.133462294670935 ] ], [ [ -99.242063397394389, 20.133462294670935 ], [ -99.242070130593305, 20.133489984360736 ] ], [ [ -99.242070130593305, 20.133489984360736 ], [ -99.242060501354587, 20.133514928420237 ] ], [ [ -99.242060501354587, 20.133514928420237 ], [ -99.242074886912235, 20.133586465930257 ] ], [ [ -99.242074886912235, 20.133586465930257 ], [ -99.242082116610717, 20.133622779450228 ] ], [ [ -99.242082116610717, 20.133622779450228 ], [ -99.242075355653299, 20.133638888757652 ] ], [ [ -99.242075355653299, 20.133638888757652 ], [ -99.24208666254043, 20.133710733081472 ] ], [ [ -99.24208666254043, 20.133710733081472 ], [ -99.242093814716469, 20.133755569324777 ] ], [ [ -99.242093814716469, 20.133755569324777 ], [ -99.242090497914347, 20.133762854337551 ] ], [ [ -99.242090497914347, 20.133762854337551 ], [ -99.242098918082547, 20.133835008962542 ] ], [ [ -99.242098918082547, 20.133835008962542 ], [ -99.242105127085324, 20.133888442889699 ] ], [ [ -99.242105127085324, 20.133888442889699 ], [ -99.242098412263772, 20.133902285984604 ] ], [ [ -99.242098412263772, 20.133902285984604 ], [ -99.242103159435018, 20.133961497025098 ] ], [ [ -99.242103159435018, 20.133961497025098 ], [ -99.24210869288639, 20.134029246480676 ] ], [ [ -99.24210869288639, 20.134029246480676 ], [ -99.242124222935985, 20.134054012770473 ] ], [ [ -99.242124222935985, 20.134054012770473 ], [ -99.242116906372971, 20.134087976395723 ] ], [ [ -99.242116906372971, 20.134087976395723 ], [ -99.242099936509774, 20.134166924438386 ] ], [ [ -99.242099936509774, 20.134166924438386 ], [ -99.242125134536266, 20.134235575184537 ] ], [ [ -99.242125134536266, 20.134235575184537 ], [ -99.242131958237181, 20.134254107626194 ] ], [ [ -99.242131958237181, 20.134254107626194 ], [ -99.242108729457101, 20.134315077591168 ] ], [ [ -99.242108729457101, 20.134315077591168 ], [ -99.242119056330836, 20.13438318618164 ] ], [ [ -99.242119056330836, 20.13438318618164 ], [ -99.242124982982901, 20.134422196524635 ] ], [ [ -99.242124982982901, 20.134422196524635 ], [ -99.242112533366239, 20.134463049460688 ] ], [ [ -99.242112533366239, 20.134463049460688 ], [ -99.242122694152712, 20.134515739055971 ] ], [ [ -99.242122694152712, 20.134515739055971 ], [ -99.242149090175062, 20.134553851650132 ] ], [ [ -99.242149090175062, 20.134553851650132 ], [ -99.242160901057034, 20.134638672747247 ] ], [ [ -99.242160901057034, 20.134638672747247 ], [ -99.242193594813443, 20.13468342885086 ] ], [ [ -99.242193594813443, 20.13468342885086 ], [ -99.242197873227781, 20.13475151827981 ] ], [ [ -99.242197873227781, 20.13475151827981 ], [ -99.242198528464328, 20.134761777280399 ] ], [ [ -99.242198528464328, 20.134761777280399 ], [ -99.242245988283941, 20.134821673472796 ] ], [ [ -99.242245988283941, 20.134821673472796 ], [ -99.242251697192614, 20.13486194942276 ] ], [ [ -99.242251697192614, 20.13486194942276 ], [ -99.242253712753751, 20.134876132470513 ] ], [ [ -99.242253712753751, 20.134876132470513 ], [ -99.242293424156131, 20.134915756447171 ] ], [ [ -99.242293424156131, 20.134915756447171 ], [ -99.242306866800689, 20.134972314314034 ] ], [ [ -99.242306866800689, 20.134972314314034 ], [ -99.242310936695958, 20.134989345825847 ] ], [ [ -99.242310936695958, 20.134989345825847 ], [ -99.242338440308941, 20.135010792971432 ] ], [ [ -99.242338440308941, 20.135010792971432 ], [ -99.242364053910777, 20.135082625154478 ] ], [ [ -99.242364053910777, 20.135082625154478 ], [ -99.242370779862028, 20.135101246505215 ] ], [ [ -99.242370779862028, 20.135101246505215 ], [ -99.242393069235732, 20.135114709579007 ] ], [ [ -99.242393069235732, 20.135114709579007 ], [ -99.242436699339521, 20.135192944684665 ] ], [ [ -99.242436699339521, 20.135192944684665 ], [ -99.242441605376229, 20.135201920654371 ] ], [ [ -99.242441605376229, 20.135201920654371 ], [ -99.242441682905095, 20.135207544366846 ] ], [ [ -99.242441682905095, 20.135207544366846 ], [ -99.242500152968958, 20.135283147141433 ] ], [ [ -99.242500152968958, 20.135283147141433 ], [ -99.242503006547608, 20.135303330444305 ] ], [ [ -99.242503006547608, 20.135303330444305 ], [ -99.242505116275609, 20.135317605886346 ] ], [ [ -99.242505116275609, 20.135317605886346 ], [ -99.242572975789784, 20.135384764339328 ] ], [ [ -99.242572975789784, 20.135384764339328 ], [ -99.242574882525545, 20.135413726634532 ] ], [ [ -99.242574882525545, 20.135413726634532 ], [ -99.242575631927863, 20.135424078031537 ] ], [ [ -99.242575631927863, 20.135424078031537 ], [ -99.242647821752826, 20.135514348414386 ] ], [ [ -99.242647821752826, 20.135514348414386 ], [ -99.242647816242524, 20.135524051326058 ] ], [ [ -99.242647816242524, 20.135524051326058 ], [ -99.242647947378543, 20.135555339119691 ] ], [ [ -99.242647947378543, 20.135555339119691 ], [ -99.242690453667578, 20.135622762568865 ] ], [ [ -99.242690453667578, 20.135622762568865 ], [ -99.242687742315994, 20.135647469615702 ] ], [ [ -99.242687742315994, 20.135647469615702 ], [ -99.242684211465814, 20.135679416370191 ] ], [ [ -99.242684211465814, 20.135679416370191 ], [ -99.242730067958348, 20.135770931482561 ] ], [ [ -99.242730067958348, 20.135770931482561 ], [ -99.242730344825077, 20.135771480604632 ] ], [ [ -99.242730344825077, 20.135771480604632 ], [ -99.242723469450112, 20.135802641169207 ] ], [ [ -99.242723469450112, 20.135802641169207 ], [ -99.242746584204014, 20.135865178351935 ] ], [ [ -99.242746584204014, 20.135865178351935 ], [ -99.242740323462229, 20.135894445751294 ] ], [ [ -99.242740323462229, 20.135894445751294 ], [ -99.242733630815877, 20.135926063050075 ] ], [ [ -99.242733630815877, 20.135926063050075 ], [ -99.242737787594805, 20.135957696005779 ] ], [ [ -99.242737787594805, 20.135957696005779 ], [ -99.242740545243038, 20.135977877573563 ] ], [ [ -99.242740545243038, 20.135977877573563 ], [ -99.24273455207026, 20.135989285403777 ] ], [ [ -99.24273455207026, 20.135989285403777 ], [ -99.242730066958359, 20.136020942793088 ] ], [ [ -99.242730066958359, 20.136020942793088 ], [ -99.242720428574486, 20.136088779560449 ] ], [ [ -99.242720428574486, 20.136088779560449 ], [ -99.242717776212075, 20.136091723913619 ] ], [ [ -99.242717776212075, 20.136091723913619 ], [ -99.242693109538962, 20.136157292761613 ] ], [ [ -99.242693109538962, 20.136157292761613 ], [ -99.242690460865518, 20.13616005581671 ] ], [ [ -99.242690460865518, 20.13616005581671 ], [ -99.242658335423428, 20.136233559947996 ] ], [ [ -99.242658335423428, 20.136233559947996 ], [ -99.242624657542521, 20.136265412656471 ] ], [ [ -99.242624657542521, 20.136265412656471 ], [ -99.242562231690087, 20.136280329761682 ] ], [ [ -99.242562231690087, 20.136280329761682 ], [ -99.242513462757415, 20.13632714302976 ] ], [ [ -99.242513462757415, 20.13632714302976 ], [ -99.242444296105234, 20.136347741343513 ] ], [ [ -99.242444296105234, 20.136347741343513 ], [ -99.242402079601845, 20.136388688540958 ] ], [ [ -99.242402079601845, 20.136388688540958 ], [ -99.242320263809304, 20.136417490535685 ] ], [ [ -99.242320263809304, 20.136417490535685 ], [ -99.24229388030821, 20.136454191147049 ] ], [ [ -99.24229388030821, 20.136454191147049 ], [ -99.242171815433181, 20.136526333704506 ] ], [ [ -99.242171815433181, 20.136526333704506 ], [ -99.242168718215879, 20.136532262490178 ] ], [ [ -99.242168718215879, 20.136532262490178 ], [ -99.242171281942419, 20.136609117086522 ] ], [ [ -99.242171281942419, 20.136609117086522 ], [ -99.242171625248531, 20.136620549310546 ] ], [ [ -99.242171625248531, 20.136620549310546 ], [ -99.242153108349299, 20.13668586707843 ] ], [ [ -99.242153108349299, 20.13668586707843 ], [ -99.242159118187161, 20.136706651836693 ] ], [ [ -99.242159118187161, 20.136706651836693 ], [ -99.242157207758552, 20.13676274957886 ] ], [ [ -99.242157207758552, 20.13676274957886 ], [ -99.242155321324532, 20.136817668887687 ] ], [ [ -99.242155321324532, 20.136817668887687 ], [ -99.242217441039131, 20.13687910101363 ] ], [ [ -99.242217441039131, 20.13687910101363 ], [ -99.242243409320025, 20.136952390695175 ] ], [ [ -99.242243409320025, 20.136952390695175 ], [ -99.242260207780021, 20.136999760005057 ] ], [ [ -99.242260207780021, 20.136999760005057 ], [ -99.242308428865186, 20.137027024417868 ] ], [ [ -99.242308428865186, 20.137027024417868 ], [ -99.242339781361892, 20.137071665532886 ] ], [ [ -99.242339781361892, 20.137071665532886 ], [ -99.242367739462722, 20.137089675025869 ] ], [ [ -99.242367739462722, 20.137089675025869 ], [ -99.242431007427072, 20.137108869890692 ] ], [ [ -99.242431007427072, 20.137108869890692 ], [ -99.242453407895908, 20.137131040510454 ] ], [ [ -99.242453407895908, 20.137131040510454 ], [ -99.242535639527333, 20.137171436707511 ] ], [ [ -99.242535639527333, 20.137171436707511 ], [ -99.242658771840269, 20.137164785947245 ] ], [ [ -99.242658771840269, 20.137164785947245 ], [ -99.242664163390188, 20.137168783204238 ] ], [ [ -99.242664163390188, 20.137168783204238 ], [ -99.24279075849455, 20.137190125427029 ] ], [ [ -99.24279075849455, 20.137190125427029 ], [ -99.242839895075434, 20.137172427783049 ] ], [ [ -99.242839895075434, 20.137172427783049 ], [ -99.242921124550293, 20.137205460290936 ] ], [ [ -99.242921124550293, 20.137205460290936 ], [ -99.243018609713374, 20.137204056526965 ] ], [ [ -99.243018609713374, 20.137204056526965 ], [ -99.243022295763296, 20.137206934613673 ] ], [ [ -99.243022295763296, 20.137206934613673 ], [ -99.243155962299852, 20.137248808490313 ] ], [ [ -99.243155962299852, 20.137248808490313 ], [ -99.243196015857066, 20.137248084803293 ] ], [ [ -99.243196015857066, 20.137248084803293 ], [ -99.243252844168481, 20.137281762284882 ] ], [ [ -99.243252844168481, 20.137281762284882 ], [ -99.243283124357276, 20.137289475965666 ] ], [ [ -99.243283124357276, 20.137289475965666 ], [ -99.243374499970173, 20.137281613274002 ] ], [ [ -99.243374499970173, 20.137281613274002 ], [ -99.243403146684372, 20.137294103446585 ] ], [ [ -99.243403146684372, 20.137294103446585 ], [ -99.243522672553993, 20.13730425345155 ] ], [ [ -99.243522672553993, 20.13730425345155 ], [ -99.243554905456762, 20.137296223774893 ] ], [ [ -99.243554905456762, 20.137296223774893 ], [ -99.243641720429324, 20.137319019491787 ] ], [ [ -99.243641720429324, 20.137319019491787 ], [ -99.243684902585315, 20.137315541313104 ] ], [ [ -99.243684902585315, 20.137315541313104 ], [ -99.24378305462551, 20.137356860614847 ] ], [ [ -99.24378305462551, 20.137356860614847 ], [ -99.243843066721453, 20.137356771100031 ] ], [ [ -99.243843066721453, 20.137356771100031 ], [ -99.243905320039403, 20.137392813874449 ] ], [ [ -99.243905320039403, 20.137392813874449 ], [ -99.243979011378912, 20.137399955158113 ] ], [ [ -99.243979011378912, 20.137399955158113 ], [ -99.244020826324899, 20.137435354855867 ] ], [ [ -99.244020826324899, 20.137435354855867 ], [ -99.244082169656181, 20.137464217124634 ] ], [ [ -99.244082169656181, 20.137464217124634 ], [ -99.244128089313421, 20.137472486547665 ] ], [ [ -99.244128089313421, 20.137472486547665 ], [ -99.244189030848901, 20.137539972225138 ] ], [ [ -99.244189030848901, 20.137539972225138 ], [ -99.244232874135292, 20.137555911943309 ] ], [ [ -99.244232874135292, 20.137555911943309 ], [ -99.244300754636853, 20.13765988720343 ] ], [ [ -99.244300754636853, 20.13765988720343 ], [ -99.244337739043061, 20.137677878789976 ] ], [ [ -99.244337739043061, 20.137677878789976 ], [ -99.244391539798826, 20.137770716585415 ] ], [ [ -99.244391539798826, 20.137770716585415 ], [ -99.244415727306261, 20.137785302021612 ] ], [ [ -99.244415727306261, 20.137785302021612 ], [ -99.244464341705026, 20.137892373514024 ] ], [ [ -99.244464341705026, 20.137892373514024 ], [ -99.244509121209418, 20.137923655492344 ] ], [ [ -99.244509121209418, 20.137923655492344 ], [ -99.244528036019389, 20.137980312601492 ] ], [ [ -99.244528036019389, 20.137980312601492 ], [ -99.244587822355044, 20.138038527559601 ] ], [ [ -99.244587822355044, 20.138038527559601 ], [ -99.244599100786118, 20.138074098419789 ] ], [ [ -99.244599100786118, 20.138074098419789 ], [ -99.244657657792615, 20.138126668727679 ] ], [ [ -99.244657657792615, 20.138126668727679 ], [ -99.244670069669638, 20.138167882471038 ] ], [ [ -99.244670069669638, 20.138167882471038 ], [ -99.244727784954108, 20.138214633797627 ] ], [ [ -99.244727784954108, 20.138214633797627 ], [ -99.244740745174127, 20.138261933219354 ] ], [ [ -99.244740745174127, 20.138261933219354 ], [ -99.244801419269777, 20.138304838861632 ] ], [ [ -99.244801419269777, 20.138304838861632 ], [ -99.24481982641916, 20.138348700498135 ] ], [ [ -99.24481982641916, 20.138348700498135 ], [ -99.244864873636402, 20.138371553759931 ] ], [ [ -99.244864873636402, 20.138371553759931 ], [ -99.244901938521309, 20.138432802258702 ] ], [ [ -99.244901938521309, 20.138432802258702 ], [ -99.244925105346539, 20.138440930637014 ] ], [ [ -99.244925105346539, 20.138440930637014 ], [ -99.244977708266774, 20.138503005150078 ] ], [ [ -99.244977708266774, 20.138503005150078 ], [ -99.244989144948661, 20.138507202695518 ] ], [ [ -99.244989144948661, 20.138507202695518 ], [ -99.24503755791342, 20.138567568879921 ] ], [ [ -99.24503755791342, 20.138567568879921 ], [ -99.245075956480719, 20.13858214001602 ] ], [ [ -99.245075956480719, 20.13858214001602 ], [ -99.245102293376036, 20.138627959154352 ] ], [ [ -99.245102293376036, 20.138627959154352 ], [ -99.245160835663995, 20.138662392503402 ] ], [ [ -99.245160835663995, 20.138662392503402 ], [ -99.24517035313005, 20.138685417191564 ] ], [ [ -99.24517035313005, 20.138685417191564 ], [ -99.245239372761574, 20.138742892615014 ] ], [ [ -99.245239372761574, 20.138742892615014 ], [ -99.245244733002096, 20.138743715325056 ] ], [ [ -99.245244733002096, 20.138743715325056 ], [ -99.245326053463344, 20.13881483490422 ] ], [ [ -99.245326053463344, 20.13881483490422 ], [ -99.245336386335524, 20.138816654651148 ] ], [ [ -99.245336386335524, 20.138816654651148 ], [ -99.245412734257158, 20.138886777148592 ] ], [ [ -99.245412734257158, 20.138886777148592 ], [ -99.245428039767603, 20.138889593926685 ] ], [ [ -99.245428039767603, 20.138889593926685 ], [ -99.245499512968806, 20.138958630440307 ] ], [ [ -99.245499512968806, 20.138958630440307 ], [ -99.24551949949047, 20.138962620318509 ] ], [ [ -99.24551949949047, 20.138962620318509 ], [ -99.2455862936161, 20.139030393037849 ] ], [ [ -99.2455862936161, 20.139030393037849 ], [ -99.245610957468415, 20.139035737309278 ] ], [ [ -99.245610957468415, 20.139035737309278 ], [ -99.245673172181199, 20.139102066682529 ] ], [ [ -99.245673172181199, 20.139102066682529 ], [ -99.245702413701579, 20.139108944898943 ] ], [ [ -99.245702413701579, 20.139108944898943 ], [ -99.245759397396853, 20.139172821602955 ] ], [ [ -99.245759397396853, 20.139172821602955 ], [ -99.245792694281064, 20.139183309985363 ] ], [ [ -99.245792694281064, 20.139183309985363 ], [ -99.245835708745602, 20.139240041395595 ] ], [ [ -99.245835708745602, 20.139240041395595 ], [ -99.245898564908472, 20.139265393774615 ] ], [ [ -99.245898564908472, 20.139265393774615 ], [ -99.245920254124627, 20.13929897701912 ] ], [ [ -99.245920254124627, 20.13929897701912 ], [ -99.245998379425217, 20.139343105566777 ] ], [ [ -99.245998379425217, 20.139343105566777 ], [ -99.246006073155243, 20.139356666141673 ] ], [ [ -99.246006073155243, 20.139356666141673 ], [ -99.246097302565488, 20.139422161369296 ] ], [ [ -99.246097302565488, 20.139422161369296 ], [ -99.246100902108282, 20.139429299899497 ] ], [ [ -99.246100902108282, 20.139429299899497 ], [ -99.246216112774562, 20.139505386459213 ] ], [ [ -99.246216112774562, 20.139505386459213 ], [ -99.246229897396375, 20.139507450112223 ] ], [ [ -99.246229897396375, 20.139507450112223 ], [ -99.24631936487441, 20.139593498216676 ] ], [ [ -99.24631936487441, 20.139593498216676 ], [ -99.246384868114504, 20.139616177924765 ] ], [ [ -99.246384868114504, 20.139616177924765 ], [ -99.246451024873096, 20.139701168434932 ] ], [ [ -99.246451024873096, 20.139701168434932 ], [ -99.246465330124138, 20.139705961987428 ] ], [ [ -99.246465330124138, 20.139705961987428 ], [ -99.24657826265242, 20.139813836583045 ] ], [ [ -99.24657826265242, 20.139813836583045 ], [ -99.246589538068164, 20.139849588651135 ] ], [ [ -99.246589538068164, 20.139849588651135 ], [ -99.246685292185688, 20.139914530814643 ] ], [ [ -99.246685292185688, 20.139914530814643 ], [ -99.246712404203507, 20.139988384714769 ] ], [ [ -99.246712404203507, 20.139988384714769 ], [ -99.246781307213766, 20.140051661057903 ] ], [ [ -99.246781307213766, 20.140051661057903 ], [ -99.246787155901671, 20.140085138333621 ] ], [ [ -99.246787155901671, 20.140085138333621 ], [ -99.246861422263208, 20.140182155170233 ] ], [ [ -99.246861422263208, 20.140182155170233 ], [ -99.246920744428934, 20.140211342413863 ] ], [ [ -99.246920744428934, 20.140211342413863 ], [ -99.246962269866941, 20.14026106397796 ] ], [ [ -99.246962269866941, 20.14026106397796 ], [ -99.247021053208627, 20.140293143260042 ] ], [ [ -99.247021053208627, 20.140293143260042 ], [ -99.247059909440168, 20.140337194077922 ] ], [ [ -99.247059909440168, 20.140337194077922 ], [ -99.247082024758726, 20.140349837203349 ] ], [ [ -99.247082024758726, 20.140349837203349 ], [ -99.24715320442354, 20.140423945910044 ] ], [ [ -99.24715320442354, 20.140423945910044 ], [ -99.247163079807976, 20.140429384546486 ] ], [ [ -99.247163079807976, 20.140429384546486 ], [ -99.247246599194739, 20.140510518133166 ] ], [ [ -99.247246599194739, 20.140510518133166 ], [ -99.247257805457494, 20.140516615670542 ] ], [ [ -99.247257805457494, 20.140516615670542 ], [ -99.247315530094824, 20.140614964711901 ] ], [ [ -99.247315530094824, 20.140614964711901 ], [ -99.2473758631929, 20.140670014685575 ] ], [ [ -99.2473758631929, 20.140670014685575 ], [ -99.247407459020494, 20.14068863332642 ] ], [ [ -99.247407459020494, 20.14068863332642 ], [ -99.247450493063099, 20.140744457863441 ] ], [ [ -99.247450493063099, 20.140744457863441 ], [ -99.24754033538872, 20.140793241510021 ] ], [ [ -99.24754033538872, 20.140793241510021 ], [ -99.247591450926933, 20.140857736683241 ] ], [ [ -99.247591450926933, 20.140857736683241 ], [ -99.247700296467684, 20.140911670892834 ] ], [ [ -99.247700296467684, 20.140911670892834 ], [ -99.247751288063682, 20.140920847300766 ] ], [ [ -99.247751288063682, 20.140920847300766 ], [ -99.247816170616815, 20.140955213225151 ] ], [ [ -99.247816170616815, 20.140955213225151 ], [ -99.247856696341415, 20.14096438126353 ] ], [ [ -99.247856696341415, 20.14096438126353 ], [ -99.248001638336135, 20.14095249906488 ] ], [ [ -99.248001638336135, 20.14095249906488 ], [ -99.24801731293222, 20.140946616729011 ] ], [ [ -99.24801731293222, 20.140946616729011 ], [ -99.248156102633132, 20.140932718540942 ] ], [ [ -99.248156102633132, 20.140932718540942 ], [ -99.248223906831399, 20.140915448082715 ] ], [ [ -99.248223906831399, 20.140915448082715 ], [ -99.248232142791608, 20.140911788666795 ] ], [ [ -99.248232142791608, 20.140911788666795 ], [ -99.248299345761012, 20.140865035394182 ] ], [ [ -99.248299345761012, 20.140865035394182 ], [ -99.248426669772797, 20.140827079621062 ] ], [ [ -99.248426669772797, 20.140827079621062 ], [ -99.248459681495007, 20.140804372380948 ] ], [ [ -99.248459681495007, 20.140804372380948 ], [ -99.248615268519572, 20.140760036727176 ] ], [ [ -99.248615268519572, 20.140760036727176 ], [ -99.248647251267727, 20.140759618749897 ] ], [ [ -99.248647251267727, 20.140759618749897 ], [ -99.248757187575805, 20.140726788602034 ] ], [ [ -99.248757187575805, 20.140726788602034 ], [ -99.248775832301376, 20.140725947555719 ] ], [ [ -99.248775832301376, 20.140725947555719 ], [ -99.248847377943576, 20.140711193050695 ] ], [ [ -99.248847377943576, 20.140711193050695 ], [ -99.248894543091154, 20.140681850276554 ] ], [ [ -99.248894543091154, 20.140681850276554 ], [ -99.248928947038152, 20.140670956915351 ] ], [ [ -99.248928947038152, 20.140670956915351 ], [ -99.249010123647949, 20.140645313541686 ] ], [ [ -99.249010123647949, 20.140645313541686 ], [ -99.249029430332072, 20.140630791370608 ] ], [ [ -99.249029430332072, 20.140630791370608 ], [ -99.249056153744931, 20.140619849511562 ] ], [ [ -99.249056153744931, 20.140619849511562 ], [ -99.249177276018997, 20.140523199750263 ] ], [ [ -99.249177276018997, 20.140523199750263 ], [ -99.249323926345369, 20.140469723903827 ] ], [ [ -99.249323926345369, 20.140469723903827 ], [ -99.24932661755885, 20.140469591291463 ] ], [ [ -99.24932661755885, 20.140469591291463 ], [ -99.249485950942997, 20.140425141273422 ] ], [ [ -99.249485950942997, 20.140425141273422 ], [ -99.249540971817694, 20.14036356690066 ] ], [ [ -99.249540971817694, 20.14036356690066 ], [ -99.249559861334831, 20.140350669398913 ] ], [ [ -99.249559861334831, 20.140350669398913 ], [ -99.249615186151956, 20.140278853369733 ] ], [ [ -99.249615186151956, 20.140278853369733 ], [ -99.249629907763392, 20.140163862378479 ] ], [ [ -99.249629907763392, 20.140163862378479 ], [ -99.249626705906323, 20.140141859180048 ] ], [ [ -99.249626705906323, 20.140141859180048 ], [ -99.249864499511219, 20.140068360602665 ] ], [ [ -99.249864499511219, 20.140068360602665 ], [ -99.250246981162675, 20.139896098800751 ] ], [ [ -99.250246981162675, 20.139896098800751 ], [ -99.250667659965458, 20.139705756417296 ] ], [ [ -99.250667659965458, 20.139705756417296 ], [ -99.250983074432526, 20.139488388093699 ] ], [ [ -99.250983074432526, 20.139488388093699 ], [ -99.251298529664979, 20.139316270510559 ] ], [ [ -99.251298529664979, 20.139316270510559 ], [ -99.25158525648277, 20.13912613057586 ] ], [ [ -99.25158525648277, 20.13912613057586 ], [ -99.251728659342447, 20.139071686911976 ] ], [ [ -99.251728659342447, 20.139071686911976 ], [ -99.252082643840126, 20.139025951148085 ] ], [ [ -99.252082643840126, 20.139025951148085 ], [ -99.252446290130123, 20.13904350443255 ] ], [ [ -99.252446290130123, 20.13904350443255 ], [ -99.252781024554096, 20.138952712232442 ] ], [ [ -99.252781024554096, 20.138952712232442 ], [ -99.253134797773996, 20.138789536373846 ] ], [ [ -99.253134797773996, 20.138789536373846 ], [ -99.253498094144689, 20.138644396437076 ] ], [ [ -99.253498094144689, 20.138644396437076 ], [ -99.253670187236651, 20.138571880036576 ] ], [ [ -99.253670187236651, 20.138571880036576 ], [ -99.253890221662687, 20.138526347062388 ] ], [ [ -99.253890221662687, 20.138526347062388 ], [ -99.254157914563024, 20.138417563143246 ] ], [ [ -99.254157914563024, 20.138417563143246 ], [ -99.254616833548781, 20.138163879995975 ] ], [ [ -99.254616833548781, 20.138163879995975 ], [ -99.254893988025756, 20.138009834025691 ] ], [ [ -99.254893988025756, 20.138009834025691 ], [ -99.255161766834533, 20.137891981734455 ] ], [ [ -99.255161766834533, 20.137891981734455 ], [ -99.255419978251339, 20.137810319690427 ] ], [ [ -99.255419978251339, 20.137810319690427 ], [ -99.255553803015275, 20.137782994797202 ] ], [ [ -99.255553803015275, 20.137782994797202 ], [ -99.255706962304799, 20.137791838779183 ] ], [ [ -99.255706962304799, 20.137791838779183 ], [ -99.255860166752214, 20.137845843248702 ] ], [ [ -99.255860166752214, 20.137845843248702 ], [ -99.256032561077902, 20.13798108305113 ] ], [ [ -99.256032561077902, 20.13798108305113 ], [ -99.256147702817685, 20.138188740818496 ] ], [ [ -99.256147702817685, 20.138188740818496 ], [ -99.256273440574574, 20.139010872914096 ] ], [ [ -99.256273440574574, 20.139010872914096 ], [ -99.25620763247376, 20.139752010738004 ] ], [ [ -99.25620763247376, 20.139752010738004 ], [ -99.256218377551946, 20.140420716764051 ] ], [ [ -99.256218377551946, 20.140420716764051 ], [ -99.256238746126485, 20.141206849756873 ] ], [ [ -99.256238746126485, 20.141206849756873 ], [ -99.256296390033796, 20.14133321480703 ] ], [ [ -99.256296390033796, 20.14133321480703 ], [ -99.256478691845004, 20.141676387491998 ] ], [ [ -99.256478691845004, 20.141676387491998 ], [ -99.256718355026152, 20.141956120982329 ] ], [ [ -99.256718355026152, 20.141956120982329 ], [ -99.256957955122374, 20.142172647145859 ] ], [ [ -99.256957955122374, 20.142172647145859 ], [ -99.257379788833475, 20.142660069429834 ] ], [ [ -99.257379788833475, 20.142660069429834 ], [ -99.257667230653198, 20.14289450705575 ] ], [ [ -99.257667230653198, 20.14289450705575 ], [ -99.258069783260126, 20.143300599682661 ] ], [ [ -99.258069783260126, 20.143300599682661 ], [ -99.258280562478305, 20.143499101716543 ] ], [ [ -99.258280562478305, 20.143499101716543 ], [ -99.258615743221753, 20.143652240998371 ] ], [ [ -99.258615743221753, 20.143652240998371 ], [ -99.258740364225716, 20.143823705027536 ] ], [ [ -99.258740364225716, 20.143823705027536 ], [ -99.258903493547081, 20.144094617767294 ] ], [ [ -99.258903493547081, 20.144094617767294 ], [ -99.258951547396251, 20.144230058604851 ] ], [ [ -99.258951547396251, 20.144230058604851 ], [ -99.258856176977261, 20.144401904000564 ] ], [ [ -99.258856176977261, 20.144401904000564 ], [ -99.258933155602705, 20.144654847980764 ] ], [ [ -99.258933155602705, 20.144654847980764 ], [ -99.259105748259827, 20.14488049936697 ] ], [ [ -99.259105748259827, 20.14488049936697 ], [ -99.259977481204274, 20.145912697474508 ] ], [ [ -99.259977481204274, 20.145912697474508 ], [ -99.260035717445305, 20.145981579208559 ] ], [ [ -99.260035717445305, 20.145981579208559 ], [ -99.260390812606758, 20.146631654385629 ] ], [ [ -99.260390812606758, 20.146631654385629 ], [ -99.2606689639683, 20.147064968656466 ] ], [ [ -99.2606689639683, 20.147064968656466 ], [ -99.261215605564601, 20.147778076639675 ] ], [ [ -99.261215605564601, 20.147778076639675 ], [ -99.261790540749431, 20.148265166644073 ] ], [ [ -99.261790540749431, 20.148265166644073 ], [ -99.262250536514529, 20.148662128968557 ] ], [ [ -99.262250536514529, 20.148662128968557 ], [ -99.26147682026091, 20.149476568630842 ] ], [ [ -99.26147682026091, 20.149476568630842 ], [ -99.261429392493056, 20.149765809108715 ] ], [ [ -99.261429392493056, 20.149765809108715 ], [ -99.261603251052293, 20.150741432575476 ] ], [ [ -99.261603251052293, 20.150741432575476 ], [ -99.261738219397998, 20.15134672968912 ] ], [ [ -99.261738219397998, 20.15134672968912 ], [ -99.261797062731759, 20.152159861099058 ] ], [ [ -99.261797062731759, 20.152159861099058 ], [ -99.262142313982167, 20.152647343658959 ] ], [ [ -99.262142313982167, 20.152647343658959 ], [ -99.262180970434656, 20.152882185499074 ] ], [ [ -99.262180970434656, 20.152882185499074 ], [ -99.262172237760439, 20.15335213163004 ] ], [ [ -99.262172237760439, 20.15335213163004 ], [ -99.261981160301033, 20.153560251297154 ] ], [ [ -99.261981160301033, 20.153560251297154 ], [ -99.2616560825211, 20.15373240148762 ] ], [ [ -99.2616560825211, 20.15373240148762 ], [ -99.261436177664663, 20.1538321778838 ] ], [ [ -99.258430300224489, 20.147249007083122 ], [ -99.258807210231737, 20.149534680843161 ] ], [ [ -99.258807210231737, 20.149534680843161 ], [ -99.259221440941303, 20.151205835143529 ] ], [ [ -99.259221440941303, 20.151205835143529 ], [ -99.259480721554269, 20.151774747210691 ] ], [ [ -99.259480721554269, 20.151774747210691 ], [ -99.260142095936487, 20.152451482620151 ] ], [ [ -99.260142095936487, 20.152451482620151 ], [ -99.260487493255312, 20.152993200573725 ] ], [ [ -99.260487493255312, 20.152993200573725 ], [ -99.260823010885844, 20.153354098005778 ] ], [ [ -99.260823010885844, 20.153354098005778 ], [ -99.261436177664663, 20.1538321778838 ] ], [ [ -99.261436177664663, 20.1538321778838 ], [ -99.262289946286728, 20.155086946294375 ] ], [ [ -99.262289946286728, 20.155086946294375 ], [ -99.263479146465443, 20.156684646465941 ] ], [ [ -99.263479146465443, 20.156684646465941 ], [ -99.263902146554315, 20.157849666895231 ] ], [ [ -99.263902146554315, 20.157849666895231 ], [ -99.263596752742941, 20.158301936705783 ] ], [ [ -99.263596752742941, 20.158301936705783 ], [ -99.263196187855357, 20.159124930255683 ] ], [ [ -99.263196187855357, 20.159124930255683 ], [ -99.263129840812027, 20.159504516878901 ] ], [ [ -99.263129840812027, 20.159504516878901 ], [ -99.263111735688724, 20.160100982611549 ] ], [ [ -99.263111735688724, 20.160100982611549 ], [ -99.263372058254149, 20.161266249991765 ] ], [ [ -99.263372058254149, 20.161266249991765 ], [ -99.263786161290128, 20.162819969334233 ] ], [ [ -99.263786161290128, 20.162819969334233 ], [ -99.263834293960656, 20.163018619117238 ] ], [ [ -99.263834293960656, 20.163018619117238 ], [ -99.263952564272515, 20.165078833178484 ] ], [ [ -99.263952564272515, 20.165078833178484 ], [ -99.263943267710602, 20.165187215058566 ] ], [ [ -99.263943267710602, 20.165187215058566 ], [ -99.263953261551563, 20.165467338274489 ] ], [ [ -99.263953261551563, 20.165467338274489 ], [ -99.264173611382887, 20.165593550785879 ] ], [ [ -99.264173611382887, 20.165593550785879 ], [ -99.264527746369694, 20.165629130496178 ] ], [ [ -99.264527746369694, 20.165629130496178 ], [ -99.26497758366105, 20.165709780182645 ] ], [ [ -99.26497758366105, 20.165709780182645 ], [ -99.265494580754236, 20.165817482936006 ] ], [ [ -99.265494580754236, 20.165817482936006 ], [ -99.265810810195447, 20.166060951607015 ] ], [ [ -99.265810810195447, 20.166060951607015 ], [ -99.265964214145058, 20.166268569886533 ] ], [ [ -99.265964214145058, 20.166268569886533 ], [ -99.265955032250005, 20.166485503510902 ] ], [ [ -99.265955032250005, 20.166485503510902 ], [ -99.265687359675553, 20.166657610041877 ] ], [ [ -99.265687359675553, 20.166657610041877 ], [ -99.265610865168981, 20.166702844653649 ] ], [ [ -99.265610865168981, 20.166702844653649 ], [ -99.265238055832796, 20.166902257847493 ] ], [ [ -99.265238055832796, 20.166902257847493 ], [ -99.264846326187524, 20.167282336038806 ] ], [ [ -99.264846326187524, 20.167282336038806 ], [ -99.264712913906592, 20.167634963794285 ] ], [ [ -99.264712913906592, 20.167634963794285 ], [ -99.264589067540825, 20.167951399274813 ] ], [ [ -99.264589067540825, 20.167951399274813 ], [ -99.263585982081722, 20.169019188281503 ] ], [ [ -99.263585982081722, 20.169019188281503 ], [ -99.26348172721066, 20.169615829865549 ] ], [ [ -99.26348172721066, 20.169615829865549 ], [ -99.263262312612355, 20.170022769411279 ] ], [ [ -99.263262312612355, 20.170022769411279 ], [ -99.26310005383047, 20.170257984010643 ] ], [ [ -99.26310005383047, 20.170257984010643 ], [ -99.262957164676678, 20.170646714506134 ] ], [ [ -99.262957164676678, 20.170646714506134 ], [ -99.263043845750673, 20.170971931415181 ] ], [ [ -99.263043845750673, 20.170971931415181 ], [ -99.263034829642322, 20.171351467117404 ] ], [ [ -99.263034829642322, 20.171351467117404 ], [ -99.26287266384891, 20.171677005788023 ] ], [ [ -99.26287266384891, 20.171677005788023 ], [ -99.262518940509054, 20.171867326248606 ] ], [ [ -99.262518940509054, 20.171867326248606 ], [ -99.261954083031057, 20.171750679326248 ] ], [ [ -99.261954083031057, 20.171750679326248 ], [ -99.261494715477525, 20.171760443130115 ] ], [ [ -99.261494715477525, 20.171760443130115 ], [ -99.261715792046914, 20.172302282758796 ] ], [ [ -99.261715792046914, 20.172302282758796 ], [ -99.26200433305705, 20.173160288227592 ] ], [ [ -99.26200433305705, 20.173160288227592 ], [ -99.261976145297737, 20.173485612010307 ] ], [ [ -99.261976145297737, 20.173485612010307 ], [ -99.260525441681978, 20.175882472716186 ] ], [ [ -99.260525441681978, 20.175882472716186 ], [ -99.25988671733198, 20.177374425226017 ] ], [ [ -99.25988671733198, 20.177374425226017 ], [ -99.258692440020056, 20.178587014406663 ] ], [ [ -99.258692440020056, 20.178587014406663 ], [ -99.25848317473681, 20.179373563120009 ] ], [ [ -99.25848317473681, 20.179373563120009 ], [ -99.2582347601805, 20.179626898458174 ] ], [ [ -99.2582347601805, 20.179626898458174 ], [ -99.257709243507719, 20.18016986860718 ] ], [ [ -99.257709243507719, 20.18016986860718 ], [ -99.257566514037819, 20.180649014631378 ] ], [ [ -99.257566514037819, 20.180649014631378 ], [ -99.257394869158702, 20.181028790975613 ] ], [ [ -99.257394869158702, 20.181028790975613 ], [ -99.257205661018787, 20.182384575191254 ] ], [ [ -99.257205661018787, 20.182384575191254 ], [ -99.256452054470216, 20.183939923880516 ] ], [ [ -99.256452054470216, 20.183939923880516 ], [ -99.256356920035302, 20.184283447570195 ] ], [ [ -99.256356920035302, 20.184283447570195 ], [ -99.255965123482738, 20.184672577541814 ] ], [ [ -99.255965123482738, 20.184672577541814 ], [ -99.255401349434109, 20.185215576975548 ] ], [ [ -99.255401349434109, 20.185215576975548 ], [ -99.254685256633323, 20.186273821883749 ] ], [ [ -99.254685256633323, 20.186273821883749 ], [ -99.254456277499685, 20.18668085492045 ] ], [ [ -99.254456277499685, 20.18668085492045 ], [ -99.254159875101053, 20.186898131846736 ] ], [ [ -99.254159875101053, 20.186898131846736 ], [ -99.253930974187725, 20.187386420834954 ] ], [ [ -99.253930974187725, 20.187386420834954 ], [ -99.254132526365112, 20.187711457532124 ] ], [ [ -99.254132526365112, 20.187711457532124 ], [ -99.254649979787914, 20.188108314727568 ] ], [ [ -99.254649979787914, 20.188108314727568 ], [ -99.254966754217421, 20.188677112669978 ] ], [ [ -99.254966754217421, 20.188677112669978 ], [ -99.255254359265436, 20.188983933691819 ] ], [ [ -99.255254359265436, 20.188983933691819 ], [ -99.255082891389478, 20.18946310626837 ] ], [ [ -99.255082891389478, 20.18946310626837 ], [ -99.254623921905846, 20.189743920042186 ] ], [ [ -99.254623921905846, 20.189743920042186 ], [ -99.254461740309296, 20.190096570875195 ] ], [ [ -99.254461740309296, 20.190096570875195 ], [ -99.25442395845613, 20.19035869790309 ] ], [ [ -99.25442395845613, 20.19035869790309 ], [ -99.254367547412045, 20.19101842156644 ] ], [ [ -99.254367547412045, 20.19101842156644 ], [ -99.254742281124408, 20.191912474315075 ] ], [ [ -99.254742281124408, 20.191912474315075 ], [ -99.254829486488688, 20.192581052070377 ] ], [ [ -99.254829486488688, 20.192581052070377 ], [ -99.254811340377557, 20.193177534479119 ] ], [ [ -99.254811340377557, 20.193177534479119 ], [ -99.254459286872006, 20.194452124630306 ] ], [ [ -99.254459286872006, 20.194452124630306 ], [ -99.254441138879358, 20.195048607988284 ] ], [ [ -99.254441138879358, 20.195048607988284 ], [ -99.254662110952438, 20.195572420355578 ] ], [ [ -99.254662110952438, 20.195572420355578 ], [ -99.254978700671145, 20.19603275658179 ] ], [ [ -99.254978700671145, 20.19603275658179 ], [ -99.25561080151661, 20.196248768685873 ] ], [ [ -99.25561080151661, 20.196248768685873 ], [ -99.256128035191892, 20.19648292645515 ] ], [ [ -99.256128035191892, 20.19648292645515 ], [ -99.256243493833765, 20.196862270714426 ] ], [ [ -99.256243493833765, 20.196862270714426 ], [ -99.256139141754673, 20.197413668385131 ] ], [ [ -99.256139141754673, 20.197413668385131 ], [ -99.25558691380219, 20.199194675579967 ] ], [ [ -99.25558691380219, 20.199194675579967 ], [ -99.255271422692047, 20.199466206490641 ] ], [ [ -99.255271422692047, 20.199466206490641 ], [ -99.255157609454045, 20.200071755698502 ] ], [ [ -99.255157609454045, 20.200071755698502 ], [ -99.255311450693895, 20.200505301063465 ] ], [ [ -99.255311450693895, 20.200505301063465 ], [ -99.255589358550125, 20.200694690045555 ] ], [ [ -99.255589358550125, 20.200694690045555 ], [ -99.256719682071164, 20.201208085035788 ] ], [ [ -99.256719682071164, 20.201208085035788 ], [ -99.257840378851611, 20.201694454393401 ] ], [ [ -99.257840378851611, 20.201694454393401 ], [ -99.259066426376648, 20.202234861917525 ] ], [ [ -99.259066426376648, 20.202234861917525 ], [ -99.259392680504718, 20.202722299727366 ] ], [ [ -99.259392680504718, 20.202722299727366 ], [ -99.259337417549162, 20.203065280859427 ] ], [ [ -99.259337417549162, 20.203065280859427 ], [ -99.259335880458352, 20.203074775329764 ] ], [ [ -99.259335880458352, 20.203074775329764 ], [ -99.258381138660084, 20.204558156239187 ] ], [ [ -99.258381138660084, 20.204558156239187 ], [ -99.257837393183195, 20.205697537702317 ] ], [ [ -99.257837393183195, 20.205697537702317 ], [ -99.257531916901073, 20.206194978067536 ] ], [ [ -99.257531916901073, 20.206194978067536 ], [ -99.257360320626489, 20.206656111571775 ] ], [ [ -99.257360320626489, 20.206656111571775 ], [ -99.257360988968216, 20.207035652818899 ] ], [ [ -99.257360988968216, 20.207035652818899 ], [ -99.257384495372776, 20.207097180533786 ] ] ] } },
{ "type": "Feature", "properties": { "id": null, "cve_subc": "RH26Dn", "clave50k": null, "tipo": null, "entidad": "CANAL", "fc": null, "condicion": null, "edicion": null, "fecha": null, "lengthm": null, "id_drena": 2, "flowdir": 1, "enabled": null, "desc_enabl": null, "cali_repr": null, "sequenceid": null, "order_1": null, "level_1": null, "arbsum_1": null, "pathl_1": null, "layer": null, "path": null, "fid": null, "nombre": "cuautitlan", "SHAPE__Length": null, "Pais": "México", "fid_2": null, "id_2": null, "nombre_2": null, "SHAPE__Length_2": null }, "geometry": { "type": "MultiLineString", "coordinates": [ [ [ -99.201474489607122, 19.807021492830426 ], [ -99.191846538461519, 19.779306030785694 ], [ -99.192037138461558, 19.779025692324161 ], [ -99.189630661538459, 19.762228692324136 ], [ -99.188665169230745, 19.761045876934826 ], [ -99.1876138, 19.759863153857889 ], [ -99.187221292307683, 19.758887569242518 ], [ -99.187715553846175, 19.757088707704071 ], [ -99.187312738461529, 19.755444415396365 ], [ -99.186814553846162, 19.753863492319422 ], [ -99.185887400000013, 19.752752907704025 ], [ -99.184625630769247, 19.751154676934824 ], [ -99.183479492307711, 19.750478092319426 ], [ -99.179663523076925, 19.748570538477985 ], [ -99.178406230769241, 19.745572692324103 ], [ -99.178864624236951, 19.743183662869704 ], [ -99.184780265216347, 19.736379834619424 ], [ -99.188852594892694, 19.732122667184441 ], [ -99.190811815384635, 19.729735215405729 ], [ -99.191312076923083, 19.728596584636509 ], [ -99.191782061538461, 19.726584938482638 ], [ -99.192991020185445, 19.724219275767268 ], [ -99.194719938461517, 19.715746969251839 ], [ -99.198809338461501, 19.709751261559525 ], [ -99.199180830769237, 19.708601200021079 ], [ -99.201374876923097, 19.706890507713361 ], [ -99.202745553846157, 19.706055015405681 ], [ -99.206210292307659, 19.703339030792613 ], [ -99.208804396502345, 19.687302054801055 ], [ -99.2110802, 19.68213046155013 ], [ -99.212679661538445, 19.679259676934706 ], [ -99.216190535348574, 19.673701304395212 ], [ -99.219265661538444, 19.668958400006993 ], [ -99.225265738461516, 19.661897369235422 ], [ -99.228543046153817, 19.653379138468505 ], [ -99.229755184615399, 19.653294846160819 ], [ -99.232176246153841, 19.648046307696958 ], [ -99.23156084615384, 19.64691001538926 ], [ -99.231884476923057, 19.64578826154311 ], [ -99.23355473846155, 19.645721215389269 ], [ -99.234921076923087, 19.644274553850781 ], [ -99.237294107692293, 19.643066430773889 ], [ -99.238165261538427, 19.642472723081578 ], [ -99.238267861538461, 19.641359938466191 ], [ -99.238994892307673, 19.641672461543095 ], [ -99.239139615384602, 19.642560984620026 ], [ -99.239392476923086, 19.643336953850813 ], [ -99.239999261538443, 19.643421184620038 ], [ -99.24018580000002, 19.642349876927732 ], [ -99.240732738461517, 19.642208769235406 ], [ -99.2414451230769, 19.642652676927728 ], [ -99.241831415384596, 19.643049661543099 ], [ -99.242182938461539, 19.643258215389281 ], [ -99.242691984615419, 19.642368046158499 ], [ -99.241869538461529, 19.640702076927738 ], [ -99.242283630769236, 19.63984421538925 ], [ -99.24397398461538, 19.640180953850805 ], [ -99.2452039076923, 19.639677307696964 ], [ -99.246262061538445, 19.639273015389247 ], [ -99.247271507692304, 19.639289323086221 ], [ -99.248416723076929, 19.63844407693237 ], [ -99.249476230769247, 19.638280061547754 ], [ -99.251315753846157, 19.639225615393883 ], [ -99.25248755, 19.63756808 ], [ -99.2538146, 19.637786415393915 ], [ -99.254653425732783, 19.636980984439248 ] ] ] } },
{ "type": "Feature", "properties": { "id": "36", "cve_subc": null, "clave50k": null, "tipo": null, "entidad": null, "fc": null, "condicion": null, "edicion": null, "fecha": null, "lengthm": null, "id_drena": null, "flowdir": null, "enabled": null, "desc_enabl": null, "cali_repr": null, "sequenceid": null, "order_1": null, "level_1": null, "arbsum_1": null, "pathl_1": null, "layer": "Río Tula", "path": "C:/Users/ariel.goldin/Documents/Capas Río Tula/Río Tula.geojson", "fid": "1", "nombre": "Río Tula", "SHAPE__Length": "190390.095569", "Pais": "México", "fid_2": null, "id_2": null, "nombre_2": null, "SHAPE__Length_2": null }, "geometry": { "type": "MultiLineString", "coordinates": [ [ [ -99.201474489607122, 19.807021492830426 ], [ -99.202936511907666, 19.813580156008328 ], [ -99.204039291517546, 19.817473180578197 ], [ -99.204455219189157, 19.820184086042733 ], [ -99.205538020887374, 19.826680282164663 ], [ -99.206515999355375, 19.830943859627059 ], [ -99.20712562660205, 19.834837466657845 ], [ -99.208077565331251, 19.836297584989332 ], [ -99.209373078669628, 19.839919399806522 ], [ -99.211254447325771, 19.843825102979174 ], [ -99.212106468922997, 19.846073223901197 ], [ -99.215594518678088, 19.853867649784242 ], [ -99.21715527541177, 19.85718891975835 ], [ -99.218606515939427, 19.860597701065856 ], [ -99.220123940210684, 19.863702848929442 ], [ -99.22175216707943, 19.866430951779083 ], [ -99.222969597715831, 19.868398476625877 ], [ -99.225482200471518, 19.870294513239326 ], [ -99.228029442619061, 19.872140149555651 ], [ -99.230723326363062, 19.873964624223404 ], [ -99.232606982188415, 19.87604964511296 ], [ -99.234405744117922, 19.878541066902514 ], [ -99.235086377127487, 19.87970600417734 ], [ -99.236742560220051, 19.881556214642707 ], [ -99.240269605066317, 19.883661466445737 ], [ -99.243048688087597, 19.885439123962854 ], [ -99.245184902387209, 19.886903037517126 ], [ -99.248109437990323, 19.88765877833174 ], [ -99.248123387373539, 19.8876612648519 ] ], [ [ -99.248123387373539, 19.8876612648519 ], [ -99.249620639285212, 19.887928154577764 ], [ -99.251329171185205, 19.887564201899028 ], [ -99.252753517211517, 19.886907174441788 ] ], [ [ -99.252753517211517, 19.886907174441788 ], [ -99.253314824284857, 19.886648252696432 ], [ -99.254814462945149, 19.886660117145897 ], [ -99.254921607857412, 19.886711279791452 ] ], [ [ -99.254921607857412, 19.886711279791452 ], [ -99.25525375732586, 19.886869884107483 ] ], [ [ -99.25525375732586, 19.886869884107483 ], [ -99.256219310158443, 19.88733094414567 ], [ -99.259117340088622, 19.889757554606184 ], [ -99.259883727746285, 19.89072335107937 ], [ -99.260538817198622, 19.892099074466195 ], [ -99.26063805659895, 19.892482861169448 ] ], [ [ -99.26063805659895, 19.892482861169448 ], [ -99.260927459243604, 19.89360206268157 ] ], [ [ -99.260927459243604, 19.89360206268157 ], [ -99.261174459954873, 19.894557283978408 ], [ -99.2613495003758, 19.895419609253693 ] ], [ [ -99.2613495003758, 19.895419609253693 ], [ -99.261658280045793, 19.89694079226107 ], [ -99.262272801947532, 19.898268547624678 ] ], [ [ -99.262272801947532, 19.898268547624678 ], [ -99.262668537906947, 19.899123587194811 ], [ -99.263043421861923, 19.900281909625221 ] ], [ [ -99.263043421861923, 19.900281909625221 ], [ -99.263322656206185, 19.901144692361097 ], [ -99.263672722476045, 19.901802978589462 ] ], [ [ -99.263672722476045, 19.901802978589462 ], [ -99.263885977295402, 19.902203996119006 ] ], [ [ -99.263885977295402, 19.902203996119006 ], [ -99.264056809770565, 19.902525240053208 ], [ -99.264551116546613, 19.902960091121944 ] ], [ [ -99.264551116546613, 19.902960091121944 ], [ -99.26547656851605, 19.903774228814303 ], [ -99.266726527599729, 19.904294278023119 ], [ -99.266799726982796, 19.904363868512469 ] ], [ [ -99.266799726982796, 19.904363868512469 ], [ -99.267504790876487, 19.90503417117533 ], [ -99.267562347554943, 19.905032487846796 ] ], [ [ -99.267562347554943, 19.905032487846796 ], [ -99.269027333272689, 19.904989642214872 ], [ -99.269349070963386, 19.905572176817714 ] ], [ [ -99.269349070963386, 19.905572176817714 ], [ -99.269468929300174, 19.905789190958853 ], [ -99.269302961539196, 19.906049418432946 ] ], [ [ -99.269302961539196, 19.906049418432946 ], [ -99.269042605532775, 19.906457641002937 ] ], [ [ -99.269042605532775, 19.906457641002937 ], [ -99.26893692808234, 19.906623336893709 ], [ -99.267850886679511, 19.906767527805037 ], [ -99.267710376100482, 19.907234484293795 ] ], [ [ -99.267710376100482, 19.907234484293795 ], [ -99.26758378734084, 19.907655174629902 ], [ -99.268882099986129, 19.908513229444956 ], [ -99.27061343335167, 19.909407969129585 ], [ -99.271714622662799, 19.911370806526126 ], [ -99.272114235844967, 19.912648510873915 ] ], [ [ -99.272114235844967, 19.912648510873915 ], [ -99.272144680744503, 19.912745853960299 ], [ -99.271992316146481, 19.913560398127242 ] ], [ [ -99.271992316146481, 19.913560398127242 ], [ -99.271798293198813, 19.914597648658706 ], [ -99.271723046898373, 19.914948748578386 ] ], [ [ -99.271723046898373, 19.914948748578386 ], [ -99.271549690778187, 19.915757629806031 ], [ -99.271746934742367, 19.916708739825228 ] ], [ [ -99.271746934742367, 19.916708739825228 ], [ -99.271759410837163, 19.916768899530553 ], [ -99.272710015738994, 19.917570585567219 ] ], [ [ -99.272710015738994, 19.917570585567219 ], [ -99.272805713261349, 19.917651291407537 ], [ -99.273547283411446, 19.918672125549609 ], [ -99.273552713341189, 19.918752916504793 ] ], [ [ -99.273552713341189, 19.918752916504793 ], [ -99.27363525812477, 19.91998108560113 ] ], [ [ -99.27363525812477, 19.91998108560113 ], [ -99.273663504358225, 19.920401356265259 ], [ -99.273809856451024, 19.921227893867901 ], [ -99.274015075090361, 19.921464265266192 ] ], [ [ -99.274015075090361, 19.921464265266192 ], [ -99.274543015195334, 19.922072348144166 ], [ -99.276143854586422, 19.921957185679432 ], [ -99.277453698065543, 19.922573292839548 ] ], [ [ -99.277453698065543, 19.922573292839548 ], [ -99.277575480522444, 19.922630575289599 ], [ -99.278489887745934, 19.923231434531857 ] ], [ [ -99.278489887745934, 19.923231434531857 ], [ -99.278701417023314, 19.92337043094183 ], [ -99.279901144588237, 19.924255531254698 ], [ -99.279921566274837, 19.924278106846899 ] ], [ [ -99.279921566274837, 19.924278106846899 ], [ -99.280297807361123, 19.924694030639046 ] ], [ [ -99.280297807361123, 19.924694030639046 ], [ -99.280597740770446, 19.925025598470263 ] ], [ [ -99.280597740770446, 19.925025598470263 ], [ -99.281541780357344, 19.926069207313731 ] ], [ [ -99.281541780357344, 19.926069207313731 ], [ -99.281687788161847, 19.926230614778103 ], [ -99.282344156391929, 19.927681672985948 ], [ -99.282170152553007, 19.928829990000491 ], [ -99.282060946456312, 19.929831645359428 ] ], [ [ -99.282060946456312, 19.929831645359428 ], [ -99.281982215562877, 19.930553777398892 ], [ -99.282293953937042, 19.931321009285615 ] ], [ [ -99.282293953937042, 19.931321009285615 ], [ -99.282387160737173, 19.931550404300957 ] ], [ [ -99.282387160737173, 19.931550404300957 ], [ -99.282644604850987, 19.932184010393556 ], [ -99.282712845664875, 19.932238513665364 ] ], [ [ -99.282712845664875, 19.932238513665364 ], [ -99.283982176689079, 19.93325231596187 ], [ -99.284171749534508, 19.934534899544932 ] ], [ [ -99.284171749534508, 19.934534899544932 ], [ -99.284184813133891, 19.934623283290346 ], [ -99.283541657274057, 19.936338928546927 ], [ -99.28396519594672, 19.937929752496839 ], [ -99.284475501775617, 19.939018372061415 ], [ -99.285379748338059, 19.939466354784013 ], [ -99.285427591413949, 19.939481688409696 ] ], [ [ -99.285427591413949, 19.939481688409696 ], [ -99.287044504091085, 19.9399999062143 ], [ -99.287464660811921, 19.940579931032254 ] ], [ [ -99.287464660811921, 19.940579931032254 ], [ -99.287783907549723, 19.941020649987351 ], [ -99.288016085726014, 19.941472819972656 ] ], [ [ -99.288016085726014, 19.941472819972656 ], [ -99.288538323871933, 19.942489885480448 ], [ -99.288667089756203, 19.942672899557962 ] ], [ [ -99.288667089756203, 19.942672899557962 ], [ -99.289552193903972, 19.943930892076871 ], [ -99.289697262255572, 19.944020277488139 ] ], [ [ -99.289697262255572, 19.944020277488139 ], [ -99.290755048758882, 19.944672043918182 ], [ -99.292559355709912, 19.945783753880637 ], [ -99.293307282367238, 19.946555972518006 ] ], [ [ -99.293307282367238, 19.946555972518006 ], [ -99.293977919168412, 19.947248390994748 ], [ -99.293989093194583, 19.947261568010923 ] ], [ [ -99.293989093194583, 19.947261568010923 ], [ -99.295348885889169, 19.948865109121126 ] ], [ [ -99.295348885889169, 19.948865109121126 ], [ -99.295465056220962, 19.94900210346119 ], [ -99.296137095338139, 19.950337809894524 ] ], [ [ -99.296137095338139, 19.950337809894524 ], [ -99.296415001515939, 19.950890160286132 ], [ -99.297428952927376, 19.952935753945482 ], [ -99.298619299391873, 19.9552734855029 ], [ -99.300613285760704, 19.957945685463311 ], [ -99.301571488656194, 19.9595460038894 ], [ -99.302296794637186, 19.961286109572736 ], [ -99.30241724651323, 19.96294348964781 ], [ -99.302465287461814, 19.9630117536454 ] ], [ [ -99.302465287461814, 19.9630117536454 ], [ -99.30355731222086, 19.964563471038726 ], [ -99.303572989477829, 19.964580183136043 ] ], [ [ -99.303572989477829, 19.964580183136043 ], [ -99.304571468331162, 19.965644570598297 ], [ -99.305193526555712, 19.966187964977347 ] ], [ [ -99.305193526555712, 19.966187964977347 ], [ -99.305671323903326, 19.966605341330183 ] ], [ [ -99.305671323903326, 19.966605341330183 ], [ -99.305917001703875, 19.966819951362826 ], [ -99.307206840009442, 19.967058757521755 ], [ -99.307579478016663, 19.968334150431637 ] ], [ [ -99.460888084768868, 19.818627618344717 ], [ -99.45816038563629, 19.820807970986081 ], [ -99.457674631776996, 19.822705228815938 ], [ -99.458707946795002, 19.824305586511009 ], [ -99.458446832751221, 19.826100101458287 ], [ -99.456909062979321, 19.827009730105509 ], [ -99.454740230727126, 19.829131998561621 ], [ -99.451737113441027, 19.831168257688649 ], [ -99.449488815080457, 19.833433038953689 ], [ -99.448621636078059, 19.835226987270207 ], [ -99.447690979536645, 19.836065164791815 ], [ -99.446903890303417, 19.837419083780642 ], [ -99.445508317005661, 19.838906661035956 ], [ -99.444445558272477, 19.83874482971747 ], [ -99.444316393356445, 19.837591341793573 ], [ -99.444029932855955, 19.836651071525313 ], [ -99.443346526792283, 19.836567587860078 ], [ -99.442578370989338, 19.836914409744246 ], [ -99.441131910670805, 19.837033906739467 ], [ -99.43982678731382, 19.837659476574018 ], [ -99.43897353242734, 19.838580498513288 ], [ -99.43834229443199, 19.839793099532677 ], [ -99.435890234406571, 19.841287094842055 ], [ -99.432525523155334, 19.84164430737798 ], [ -99.430690128658952, 19.842188860269857 ], [ -99.429828608242047, 19.843541442261486 ], [ -99.428371491999755, 19.844092383415781 ], [ -99.42685787053972, 19.84370690398065 ], [ -99.425348352297917, 19.843105607868559 ], [ -99.421671716086891, 19.84134502333681 ], [ -99.417276053003178, 19.839867292656063 ], [ -99.412680428759231, 19.837702144308725 ], [ -99.411878541702734, 19.836924686771777 ], [ -99.411679677186285, 19.836928657004812 ], [ -99.410795598835094, 19.836944716497836 ], [ -99.409350786297381, 19.836976118079704 ], [ -99.40754650969626, 19.835639270476548 ], [ -99.40368168290334, 19.834098272211858 ], [ -99.400770318510851, 19.832923117740272 ], [ -99.396902412218182, 19.831675386640406 ], [ -99.392942491155395, 19.831231665494272 ], [ -99.390177853633389, 19.832023764053677 ], [ -99.386742102918376, 19.833089803536637 ], [ -99.384467288043083, 19.834807557371754 ], [ -99.382152947322751, 19.837453812913477 ], [ -99.380373194356835, 19.839078078936765 ], [ -99.378060469338806, 19.840765066030219 ], [ -99.377042414334952, 19.842258562166997 ], [ -99.376406433461469, 19.843686710036895 ], [ -99.376372497891367, 19.845052385448579 ] ], [ [ -99.376372497891367, 19.845052385448579 ], [ -99.376363256587382, 19.84542428495045 ], [ -99.3753808857618, 19.846184648777179 ], [ -99.373949803805786, 19.845872026354289 ], [ -99.373590572061957, 19.845461076658147 ] ], [ [ -99.373590572061957, 19.845461076658147 ], [ -99.373185881384032, 19.844998123386393 ], [ -99.372620956021635, 19.843950054759851 ] ], [ [ -99.372620956021635, 19.843950054759851 ], [ -99.372598597566366, 19.843908574597922 ], [ -99.371362335475524, 19.842442879112316 ], [ -99.370857453516308, 19.842080633607839 ] ], [ [ -99.370857453516308, 19.842080633607839 ], [ -99.370136298417805, 19.841563215253512 ], [ -99.369181435105205, 19.840885688750813 ] ], [ [ -99.369181435105205, 19.840885688750813 ], [ -99.368784872064296, 19.840604306099852 ], [ -99.367058311848709, 19.840093845956858 ], [ -99.365673057754918, 19.840262415535122 ], [ -99.363552785492388, 19.839676513824298 ], [ -99.362159187413326, 19.841136746403947 ], [ -99.361864991720395, 19.841668807464149 ] ], [ [ -99.361864991720395, 19.841668807464149 ], [ -99.361848499856734, 19.841698633456403 ] ], [ [ -99.361848499856734, 19.841698633456403 ], [ -99.361213377279483, 19.842847270230926 ], [ -99.361021389318608, 19.843022263274243 ] ], [ [ -99.361021389318608, 19.843022263274243 ], [ -99.360206316640131, 19.843765185111003 ], [ -99.358937269961203, 19.844030005866358 ] ], [ [ -99.358937269961203, 19.844030005866358 ], [ -99.358296784213337, 19.844163660461071 ], [ -99.3570334157979, 19.844317793252756 ] ], [ [ -99.3570334157979, 19.844317793252756 ], [ -99.35614317942732, 19.844426403390052 ], [ -99.356057378620278, 19.844446924476028 ] ], [ [ -99.356057378620278, 19.844446924476028 ], [ -99.35538548399262, 19.844607622351688 ] ], [ [ -99.35538548399262, 19.844607622351688 ], [ -99.353948525557499, 19.844951301491882 ], [ -99.353812258579197, 19.844998150833668 ] ], [ [ -99.353812258579197, 19.844998150833668 ], [ -99.353317002367632, 19.845168422661928 ] ], [ [ -99.353317002367632, 19.845168422661928 ], [ -99.351956722184639, 19.845636094522057 ], [ -99.351200324764591, 19.845845329707441 ] ], [ [ -99.351200324764591, 19.845845329707441 ], [ -99.350733344292237, 19.845974506173558 ], [ -99.350377920997829, 19.846012081514715 ] ], [ [ -99.350377920997829, 19.846012081514715 ], [ -99.348981211602705, 19.846159741594519 ], [ -99.348353896720283, 19.845675887400404 ] ], [ [ -99.348353896720283, 19.845675887400404 ], [ -99.347931164886475, 19.845349830141906 ], [ -99.346783721915656, 19.844640741496868 ] ], [ [ -99.346783721915656, 19.844640741496868 ], [ -99.346612960157941, 19.844535215360509 ], [ -99.345499964516677, 19.84499800633726 ] ], [ [ -99.345499964516677, 19.84499800633726 ], [ -99.344914175160511, 19.845241581440579 ] ], [ [ -99.344914175160511, 19.845241581440579 ], [ -99.344910492615696, 19.845243112667163 ], [ -99.344904035806167, 19.845252885641369 ] ], [ [ -99.344904035806167, 19.845252885641369 ], [ -99.344777659087185, 19.845444168411724 ] ], [ [ -99.344777659087185, 19.845444168411724 ], [ -99.344402740236248, 19.846011642524417 ] ], [ [ -99.344402740236248, 19.846011642524417 ], [ -99.343735558180171, 19.84702148383893 ], [ -99.343212514570439, 19.849023753751606 ], [ -99.343023517542747, 19.850235237763322 ], [ -99.343273676705053, 19.851282739817101 ], [ -99.343102728427127, 19.851705035795426 ] ], [ [ -99.343102728427127, 19.851705035795426 ], [ -99.342863401310396, 19.852296248998226 ] ], [ [ -99.342863401310396, 19.852296248998226 ], [ -99.342838220452805, 19.852358453631222 ], [ -99.341245544430762, 19.853813894956716 ], [ -99.340054370412631, 19.855192511406397 ], [ -99.340496508528489, 19.856466070064545 ], [ -99.34176589540877, 19.856486907747858 ] ], [ [ -99.34176589540877, 19.856486907747858 ], [ -99.343018066732043, 19.85650746282834 ], [ -99.344367921055181, 19.857394487339736 ] ], [ [ -99.344367921055181, 19.857394487339736 ], [ -99.344593154669781, 19.857542494227236 ], [ -99.345396883652128, 19.858275289119572 ] ], [ [ -99.345396883652128, 19.858275289119572 ], [ -99.346685387861612, 19.859450074805039 ], [ -99.347765309086824, 19.860942724460937 ], [ -99.347760136598808, 19.862922935960103 ], [ -99.347756129635044, 19.862937009953274 ] ], [ [ -99.347756129635044, 19.862937009953274 ], [ -99.347333157990448, 19.86442264855237 ], [ -99.347283627185078, 19.864468753033048 ] ], [ [ -99.347283627185078, 19.864468753033048 ], [ -99.346342528988515, 19.865344750168539 ], [ -99.345442607224683, 19.865624715871721 ] ], [ [ -99.345442607224683, 19.865624715871721 ], [ -99.344935386095813, 19.865782512388844 ] ], [ [ -99.344935386095813, 19.865782512388844 ], [ -99.34454930790595, 19.865902621331923 ], [ -99.344495486718046, 19.865961455660987 ] ], [ [ -99.344495486718046, 19.865961455660987 ], [ -99.343577462850362, 19.866964988292196 ], [ -99.343726400482169, 19.868409524222219 ] ], [ [ -99.343726400482169, 19.868409524222219 ], [ -99.343738526202756, 19.868527130758967 ], [ -99.343877800827144, 19.868589434610897 ] ], [ [ -99.343877800827144, 19.868589434610897 ], [ -99.344596440024318, 19.868910914495206 ] ], [ [ -99.344596440024318, 19.868910914495206 ], [ -99.344994813426339, 19.869089124973701 ], [ -99.345368383088626, 19.869054900351884 ] ], [ [ -99.345368383088626, 19.869054900351884 ], [ -99.345611738921477, 19.869032605283021 ] ], [ [ -99.345611738921477, 19.869032605283021 ], [ -99.346645967750888, 19.868937854305809 ], [ -99.348027530948826, 19.869224603961946 ] ], [ [ -99.348027530948826, 19.869224603961946 ], [ -99.348223081397705, 19.869265191337213 ], [ -99.348362022422748, 19.869873037237006 ] ], [ [ -99.348362022422748, 19.869873037237006 ], [ -99.348408651178033, 19.870077030965312 ] ], [ [ -99.348408651178033, 19.870077030965312 ], [ -99.348457016851313, 19.870288623446257 ], [ -99.34827481423406, 19.870625762748801 ] ], [ [ -99.34827481423406, 19.870625762748801 ], [ -99.347984330918123, 19.871163259652008 ] ], [ [ -99.347984330918123, 19.871163259652008 ], [ -99.347828169660971, 19.871452213225293 ], [ -99.345867368802786, 19.872769587360853 ] ], [ [ -99.345867368802786, 19.872769587360853 ], [ -99.34558508026177, 19.872959244368165 ], [ -99.344500632480575, 19.874019653509617 ], [ -99.344400044460201, 19.874355346940398 ] ], [ [ -99.344400044460201, 19.874355346940398 ], [ -99.344093086332478, 19.875379761444464 ], [ -99.344618286916543, 19.876943762340201 ], [ -99.345638424635155, 19.878069367739137 ], [ -99.346701932818945, 19.879183262552839 ], [ -99.346706783903812, 19.8792379918279 ] ], [ [ -99.346706783903812, 19.8792379918279 ], [ -99.346803995491555, 19.880334719646722 ], [ -99.346029483301777, 19.880980707668925 ], [ -99.346028063907184, 19.880981348260001 ] ], [ [ -99.346028063907184, 19.880981348260001 ], [ -99.344750786714641, 19.881557799920184 ], [ -99.344696965126332, 19.882151772967337 ] ], [ [ -99.344696965126332, 19.882151772967337 ], [ -99.344631602930789, 19.882873107726855 ], [ -99.344986087765122, 19.884102652773148 ], [ -99.344747337709691, 19.885550163178507 ] ], [ [ -99.344747337709691, 19.885550163178507 ], [ -99.344733266821464, 19.885635473136162 ], [ -99.343850082780122, 19.886413850998451 ] ], [ [ -99.343850082780122, 19.886413850998451 ], [ -99.343721497026237, 19.88652717766599 ], [ -99.343577856050715, 19.886712760945063 ] ], [ [ -99.343577856050715, 19.886712760945063 ], [ -99.342750526653674, 19.88778166556521 ], [ -99.342763159104848, 19.887977274993929 ] ], [ [ -99.342763159104848, 19.887977274993929 ], [ -99.342811192696615, 19.888721059657005 ], [ -99.342961193192835, 19.888961073704813 ] ], [ [ -99.342961193192835, 19.888961073704813 ], [ -99.343624308675416, 19.890022117068977 ], [ -99.343595933950752, 19.890329739756968 ] ], [ [ -99.343595933950752, 19.890329739756968 ], [ -99.343469176010558, 19.891703977524937 ], [ -99.342913484742823, 19.892917587616374 ], [ -99.342975951265203, 19.894866181807693 ], [ -99.342812699867338, 19.895793500315119 ] ], [ [ -99.342812699867338, 19.895793500315119 ], [ -99.34277375875088, 19.896014697918766 ] ], [ [ -99.34277375875088, 19.896014697918766 ], [ -99.342753546658741, 19.896129508862838 ] ], [ [ -99.342753546658741, 19.896129508862838 ], [ -99.342684772420782, 19.896520167837469 ], [ -99.342639655954059, 19.896549287092213 ] ], [ [ -99.342639655954059, 19.896549287092213 ], [ -99.342246484747008, 19.896803049263031 ] ], [ [ -99.342246484747008, 19.896803049263031 ], [ -99.341612119874043, 19.897212483637599 ], [ -99.340713610515138, 19.896477105728131 ], [ -99.339389607664003, 19.896519666015426 ] ], [ [ -99.339389607664003, 19.896519666015426 ], [ -99.339265441528497, 19.896523657356074 ], [ -99.337427518504185, 19.897139048393903 ], [ -99.336120908867812, 19.89790767697437 ], [ -99.33591516459191, 19.898500749177867 ] ], [ [ -99.33591516459191, 19.898500749177867 ], [ -99.335798335479424, 19.898837517230707 ], [ -99.336537719449396, 19.899784028536011 ] ], [ [ -99.336537719449396, 19.899784028536011 ], [ -99.336539293929818, 19.899786044083513 ], [ -99.337633824427712, 19.900287230252996 ] ], [ [ -99.337633824427712, 19.900287230252996 ], [ -99.337676839822066, 19.900306927027795 ], [ -99.337705379798237, 19.900386822332077 ] ], [ [ -99.337705379798237, 19.900386822332077 ], [ -99.338234720351352, 19.901868667457528 ] ], [ [ -99.338234720351352, 19.901868667457528 ], [ -99.338246963973731, 19.901902942466357 ], [ -99.338238593741721, 19.901978342831136 ] ], [ [ -99.338238593741721, 19.901978342831136 ], [ -99.338063584064841, 19.903554857492455 ], [ -99.33756935001152, 19.903854127584296 ] ], [ [ -99.33756935001152, 19.903854127584296 ], [ -99.337139631361836, 19.904114332114712 ], [ -99.336174548065927, 19.903961386289652 ], [ -99.334697395093201, 19.904503192722945 ], [ -99.332767827545936, 19.906785491891821 ] ], [ [ -99.332767827545936, 19.906785491891821 ], [ -99.332359368843072, 19.907268618258346 ], [ -99.332253420236398, 19.907569963630714 ] ], [ [ -99.332253420236398, 19.907569963630714 ], [ -99.331733781095153, 19.909047952397547 ] ], [ [ -99.331733781095153, 19.909047952397547 ], [ -99.331554712419063, 19.909557270250552 ], [ -99.331702558205961, 19.909812910557196 ] ], [ [ -99.331702558205961, 19.909812910557196 ], [ -99.332143365721208, 19.91057511129852 ], [ -99.332171670610521, 19.910678765665441 ] ], [ [ -99.332171670610521, 19.910678765665441 ], [ -99.332498790485587, 19.911876700170065 ], [ -99.332093840365715, 19.913092947891815 ], [ -99.331363520908411, 19.914087319320778 ] ], [ [ -99.331363520908411, 19.914087319320778 ], [ -99.33112878357538, 19.914406927534618 ] ], [ [ -99.33112878357538, 19.914406927534618 ], [ -99.330998076843443, 19.914584892175316 ], [ -99.331053904106994, 19.914733674309812 ] ], [ [ -99.331053904106994, 19.914733674309812 ], [ -99.331432992275367, 19.915743961099242 ], [ -99.331932703129667, 19.915964448185985 ] ], [ [ -99.331932703129667, 19.915964448185985 ], [ -99.33211248298457, 19.916043772331381 ], [ -99.333851400122043, 19.916578102742239 ], [ -99.334348799378745, 19.916998229816787 ], [ -99.334898104895629, 19.917460065943281 ], [ -99.335029900932071, 19.91863465518631 ] ], [ [ -99.335029900932071, 19.91863465518631 ], [ -99.3350673726612, 19.918968609765983 ], [ -99.335065324360656, 19.919301561653612 ] ], [ [ -99.335065324360656, 19.919301561653612 ], [ -99.335053172416536, 19.921276863938928 ], [ -99.334801976951766, 19.922351904696761 ], [ -99.334096945327289, 19.922995368741219 ] ], [ [ -99.334096945327289, 19.922995368741219 ], [ -99.334028383152528, 19.92305794365663 ], [ -99.332719108762305, 19.923826522043971 ], [ -99.332014104338697, 19.924821614652302 ], [ -99.330263954141529, 19.928748838838462 ], [ -99.329066032839393, 19.935420447703642 ], [ -99.328422023749084, 19.937208223578473 ], [ -99.323766765164351, 19.941731905084982 ], [ -99.318226711073606, 19.944800513051639 ], [ -99.315409590271486, 19.948708783527 ], [ -99.313961553251787, 19.952713238877998 ], [ -99.313047300982248, 19.956511255123491 ], [ -99.311440034235332, 19.960800764941325 ], [ -99.309742451537076, 19.962750033663841 ], [ -99.30984440116309, 19.963283490351067 ] ], [ [ -99.30984440116309, 19.963283490351067 ], [ -99.310066056382155, 19.964443312740759 ], [ -99.309610315983392, 19.966026437472049 ], [ -99.308410716221218, 19.967763531644835 ], [ -99.308032029670869, 19.968023488007226 ] ], [ [ -99.308032029670869, 19.968023488007226 ], [ -99.307579478016663, 19.968334150431637 ] ], [ [ -99.307579478016663, 19.968334150431637 ], [ -99.307684585111161, 19.969801995332293 ] ], [ [ -99.307684585111161, 19.969801995332293 ], [ -99.307872262795215, 19.971820414975603 ], [ -99.308063771120658, 19.973766939433077 ] ], [ [ -99.310868516495148, 19.97813475749998 ], [ -99.312601015879636, 19.979029077847866 ], [ -99.313350667458494, 19.979263607338432 ] ], [ [ -99.313350667458494, 19.979263607338432 ], [ -99.314795594260843, 19.979715654604682 ] ], [ [ -99.314795594260843, 19.979715654604682 ], [ -99.316276736283967, 19.979957859792496 ] ], [ [ -99.316276736283967, 19.979957859792496 ], [ -99.316769621025117, 19.980038459248483 ], [ -99.318277335695939, 19.980784802706648 ] ], [ [ -99.318277335695939, 19.980784802706648 ], [ -99.318913664258332, 19.982409662069664 ] ], [ [ -99.318913664258332, 19.982409662069664 ], [ -99.318930091357288, 19.982451608521735 ], [ -99.318930091357288, 19.982451608521746 ] ], [ [ -99.318930091357288, 19.982451608521746 ], [ -99.318916099584285, 19.982477720115291 ] ], [ [ -99.318916099584285, 19.982477720115291 ], [ -99.318368416806663, 19.983499811460149 ] ], [ [ -99.318368416806663, 19.983499811460149 ], [ -99.317988903997062, 19.98420806224658 ] ], [ [ -99.317988903997062, 19.98420806224658 ], [ -99.317822235671628, 19.984519100423885 ], [ -99.317822235671613, 19.984519100423899 ] ], [ [ -99.317822235671613, 19.984519100423899 ], [ -99.317605155847332, 19.984819266688469 ] ], [ [ -99.317605155847332, 19.984819266688469 ], [ -99.317378413408406, 19.98513279389504 ] ], [ [ -99.317378413408406, 19.98513279389504 ], [ -99.317176176007507, 19.985412436857633 ] ], [ [ -99.317176176007507, 19.985412436857633 ], [ -99.316350536321735, 19.986554086852841 ], [ -99.316096123904387, 19.986870600167418 ] ], [ [ -99.316096123904387, 19.986870600167418 ], [ -99.315463097275241, 19.987658145675965 ], [ -99.314786196934392, 19.98830068107123 ] ], [ [ -99.314786196934392, 19.98830068107123 ], [ -99.314378658120916, 19.989386029326184 ], [ -99.314392082026018, 19.989578116221917 ] ], [ [ -99.314392082026018, 19.989578116221917 ], [ -99.314427231158561, 19.990081076255311 ], [ -99.314755843568292, 19.990229270396064 ] ], [ [ -99.314755843568292, 19.990229270396064 ], [ -99.315570355779059, 19.990596590477818 ] ], [ [ -99.315570355779059, 19.990596590477818 ], [ -99.315879011502588, 19.990359064260726 ] ], [ [ -99.315879011502588, 19.990359064260726 ], [ -99.316556325736542, 19.989837836642042 ] ], [ [ -99.316556325736542, 19.989837836642042 ], [ -99.316575961203355, 19.989822726155509 ], [ -99.316806517105334, 19.989546083172964 ] ], [ [ -99.316806517105334, 19.989546083172964 ], [ -99.317931717951197, 19.988195959774302 ] ], [ [ -99.318272974931958, 19.988029590885603 ], [ -99.319538743158446, 19.987412506210241 ] ], [ [ -99.319538743158446, 19.987412506210241 ], [ -99.320362479126459, 19.987010920175951 ] ], [ [ -99.324883125559296, 19.98939370197229 ], [ -99.324935599758859, 19.990463237796824 ] ], [ [ -99.324935599758859, 19.990463237796824 ], [ -99.324936135955454, 19.990474166624097 ], [ -99.325556420096603, 19.990997950328872 ], [ -99.32632054955711, 19.990966309500351 ] ], [ [ -99.32632054955711, 19.990966309500351 ], [ -99.326362737328481, 19.990964562602596 ], [ -99.326398537399427, 19.990963270496739 ] ], [ [ -99.326398537399427, 19.990963270496739 ], [ -99.327689652906827, 19.99091667120609 ] ], [ [ -99.327689652906827, 19.99091667120609 ], [ -99.327692060407173, 19.990916584313936 ], [ -99.328379518973776, 19.990952493931019 ] ], [ [ -99.328470375335797, 19.991574044487717 ], [ -99.327935982055536, 19.992114425230216 ] ], [ [ -99.327935982055536, 19.992114425230216 ], [ -99.327861179729922, 19.992190065657873 ], [ -99.327704767384517, 19.992233554387013 ] ], [ [ -99.327704767384517, 19.992233554387013 ], [ -99.32618792028147, 19.992655297009939 ] ], [ [ -99.32618792028147, 19.992655297009939 ], [ -99.325406783366745, 19.993721057878794 ], [ -99.325401042116042, 19.993807352380781 ] ], [ [ -99.325401042116042, 19.993807352380781 ], [ -99.325314747614073, 19.995104411411859 ], [ -99.325309107923161, 19.997091677655916 ] ], [ [ -99.325597534849948, 19.99924506934121 ], [ -99.326634451711726, 20.000774701381232 ], [ -99.327602340189671, 20.002036201111178 ] ], [ [ -99.327010587729376, 20.005048494998924 ], [ -99.327060218647176, 20.006179915336702 ], [ -99.327036100852936, 20.007402976653395 ] ], [ [ -99.327036100852936, 20.007402976653395 ], [ -99.326595096793909, 20.008484952697483 ], [ -99.326595096793909, 20.008484952697493 ] ], [ [ -99.326595096793909, 20.008484952697493 ], [ -99.326784908016222, 20.01272262608985 ], [ -99.326972576566476, 20.014637393960651 ], [ -99.327394783478738, 20.015604246048316 ], [ -99.328388196850838, 20.01606319900695 ] ], [ [ -99.328388196850838, 20.01606319900695 ], [ -99.329311531180622, 20.015575661989409 ], [ -99.329450607994389, 20.015284101321541 ] ], [ [ -99.329450607994389, 20.015284101321541 ], [ -99.329839355551556, 20.014469130843487 ], [ -99.330163027237262, 20.014169094515893 ] ], [ [ -99.330163027237262, 20.014169094515893 ], [ -99.330486698922954, 20.013869058188302 ], [ -99.331633075469057, 20.013745284428481 ] ], [ [ -99.332581228867525, 20.014066838860906 ], [ -99.333720763056121, 20.014290879241145 ], [ -99.334290223943498, 20.014601516612455 ] ], [ [ -99.334290223943498, 20.014601516612455 ], [ -99.334859684830874, 20.014912153983762 ], [ -99.335874438086776, 20.015750550052967 ], [ -99.335874438086776, 20.015750550052971 ] ], [ [ -99.335874438086776, 20.015750550052971 ], [ -99.335760896194785, 20.016768607587814 ], [ -99.335425492729726, 20.017039788615119 ] ], [ [ -99.335425492729726, 20.017039788615119 ], [ -99.335063918026663, 20.017332129659966 ], [ -99.334768282190623, 20.017601360857917 ] ], [ [ -99.334768282190623, 20.017601360857917 ], [ -99.334443652102394, 20.017896996693938 ], [ -99.334443652102394, 20.017896996693949 ] ], [ [ -99.334443652102394, 20.017896996693949 ], [ -99.334731150057451, 20.018765692682205 ] ], [ [ -99.335646959534614, 20.020612774965159 ], [ -99.335649092060379, 20.021968353742167 ], [ -99.335329271368295, 20.022838073897777 ] ], [ [ -99.335329271368295, 20.022838073897777 ], [ -99.335296892978093, 20.022926123668345 ], [ -99.335296892978093, 20.022926123668348 ] ], [ [ -99.33690777460906, 20.025408780295749 ], [ -99.338088297432378, 20.026237610276386 ], [ -99.33927802391149, 20.027697897621731 ] ], [ [ -99.33927802391149, 20.027697897621731 ], [ -99.339938750729218, 20.028861019607451 ], [ -99.339846066346851, 20.029795020370305 ], [ -99.338831151556789, 20.030546237859511 ], [ -99.338595565429728, 20.031428429088674 ] ], [ [ -99.338595565429728, 20.031428429088674 ], [ -99.338595565429728, 20.031428429088685 ], [ -99.339313316202109, 20.032008853250954 ] ], [ [ -99.339313316202109, 20.032008853250954 ], [ -99.340393025536358, 20.032234062234231 ], [ -99.341921136963691, 20.032710235914585 ], [ -99.343576401597687, 20.033674850360295 ], [ -99.344165329003701, 20.034710893943096 ], [ -99.344169667346151, 20.035958287907953 ] ], [ [ -99.341049979539804, 20.038236780240894 ], [ -99.340037094005012, 20.039370576480867 ], [ -99.340037094004998, 20.039370576480923 ] ], [ [ -99.340037094004998, 20.039370576480923 ], [ -99.339633286285689, 20.040701711883028 ], [ -99.339877218664256, 20.041265135443517 ] ], [ [ -99.339877218664256, 20.041265135443517 ], [ -99.339883092623467, 20.041278702838852 ], [ -99.340114598073015, 20.042254085413223 ], [ -99.339824631300331, 20.042684760378346 ], [ -99.339198098249867, 20.042715570422985 ], [ -99.337967452668906, 20.042403573795237 ] ], [ [ -99.337967452668906, 20.042403573795237 ], [ -99.337046129755166, 20.042413738289813 ], [ -99.336633899783322, 20.042692635412703 ] ], [ [ -99.336633899783322, 20.042692635412703 ], [ -99.336519501803465, 20.042770032180591 ], [ -99.336478611437158, 20.042994905979704 ] ], [ [ -99.336478611437158, 20.042994905979704 ], [ -99.336436922295619, 20.043224172589142 ], [ -99.336740714572187, 20.043662774058014 ], [ -99.33721304441984, 20.044152433308174 ], [ -99.337976980867225, 20.04487036120074 ], [ -99.338053928800591, 20.045123731629211 ], [ -99.337989283801207, 20.04530309267302 ], [ -99.337782914240123, 20.045734142846158 ], [ -99.337339350367898, 20.046090280515578 ], [ -99.337130263215457, 20.046414913559897 ] ], [ [ -99.337130263215457, 20.046414913559897 ], [ -99.337076692795563, 20.046498088103576 ], [ -99.336992638321533, 20.047090164779796 ] ], [ [ -99.336992638321533, 20.047090164779796 ], [ -99.336979316932798, 20.047399476707 ], [ -99.337246490127569, 20.047769938333296 ], [ -99.337343141814472, 20.047874329551991 ] ], [ [ -99.337343141814472, 20.047874329551991 ], [ -99.337955702654213, 20.048535942138795 ], [ -99.33805117713888, 20.049113050860111 ], [ -99.337979956554648, 20.049247203641571 ] ], [ [ -99.337979956554648, 20.049247203641571 ], [ -99.337707105668514, 20.049761152041405 ], [ -99.337620726238782, 20.050383443152278 ], [ -99.337669290153912, 20.051065880318223 ] ], [ [ -99.337669290153912, 20.051065880318223 ], [ -99.337689873297379, 20.051355121868323 ], [ -99.337221470517662, 20.051863047370354 ], [ -99.336503892136591, 20.0525515007877 ] ], [ [ -99.336503892136591, 20.0525515007877 ], [ -99.336139697352849, 20.053048180856223 ], [ -99.336231148271366, 20.053877139175974 ], [ -99.336796144419921, 20.054605687770568 ], [ -99.337750781990081, 20.055020455537463 ] ], [ [ -99.337750781990081, 20.055020455537463 ], [ -99.33775078199011, 20.055020455537477 ], [ -99.338790196832079, 20.055368232689069 ] ], [ [ -99.338790196832079, 20.055368232689069 ], [ -99.339566831531044, 20.055628086399565 ], [ -99.340002699467888, 20.056643348033607 ] ], [ [ -99.340002699467888, 20.056643348033607 ], [ -99.339664237087746, 20.058364767985591 ], [ -99.339664237087746, 20.058364767985594 ] ], [ [ -99.339664237087746, 20.058364767985594 ], [ -99.340020121726127, 20.059666522551193 ], [ -99.341147537682147, 20.060406010860213 ] ], [ [ -99.341992550548596, 20.060132920179182 ], [ -99.343219294378812, 20.059722561759099 ], [ -99.344437570717048, 20.059743884299358 ] ], [ [ -99.344437570717048, 20.059743884299358 ], [ -99.345838913549272, 20.060217239202093 ], [ -99.346728409029993, 20.060857316024279 ], [ -99.34721049801945, 20.062211133051417 ] ], [ [ -99.345536045702758, 20.065880836131569 ], [ -99.344661394934633, 20.067664875020043 ], [ -99.342808476386708, 20.068927972419573 ] ], [ [ -99.342808476386708, 20.068927972419573 ], [ -99.341426316706489, 20.069551532532603 ], [ -99.341174418565402, 20.070093368932451 ] ], [ [ -99.341174418565402, 20.070093368932451 ], [ -99.341028035188657, 20.070408241608796 ], [ -99.341028035188657, 20.070408241608803 ] ], [ [ -99.341028035188657, 20.070408241608803 ], [ -99.341912769139441, 20.071537917970737 ], [ -99.342464215884377, 20.071727468810717 ] ], [ [ -99.342464215884377, 20.071727468810717 ], [ -99.343130559339315, 20.071956513524025 ], [ -99.344523594598087, 20.070901284907862 ] ], [ [ -99.345555527452007, 20.070519795626435 ], [ -99.346569071023481, 20.071077039321171 ], [ -99.346408592865814, 20.072112288905853 ] ], [ [ -99.346408592865814, 20.072112288905853 ], [ -99.346401555623117, 20.072157686377288 ], [ -99.345559255604172, 20.072778821992141 ], [ -99.345196156454946, 20.073056499019955 ] ], [ [ -99.345196156454946, 20.073056499019955 ], [ -99.344623931361525, 20.073494103358936 ], [ -99.344521799705518, 20.074787850312696 ] ], [ [ -99.344521799705518, 20.074787850312696 ], [ -99.345943684770347, 20.076180229365878 ], [ -99.346914391412, 20.076569619246303 ] ], [ [ -99.346914391412, 20.076569619246303 ], [ -99.347298245173604, 20.076723598588693 ] ], [ [ -99.348975601599633, 20.077569557135917 ], [ -99.350238517153699, 20.078751701203689 ], [ -99.351133504318867, 20.080222679401889 ] ], [ [ -99.351133504318867, 20.080222679401889 ], [ -99.350762310534478, 20.08288605866235 ], [ -99.350123515801101, 20.084386377059086 ], [ -99.349971774239847, 20.085831937567065 ] ], [ [ -99.349971774239847, 20.085831937567065 ], [ -99.34994952856411, 20.086043860194351 ], [ -99.34994952856411, 20.086043860194355 ] ], [ [ -99.34994952856411, 20.086043860194355 ], [ -99.350668792170453, 20.087054996533855 ] ], [ [ -99.350668792170453, 20.087054996533855 ], [ -99.352046928625981, 20.087503525370561 ], [ -99.35279906541119, 20.087815878808364 ] ], [ [ -99.352861764885887, 20.08853672184609 ], [ -99.352693775979134, 20.089397492258239 ], [ -99.352141988997431, 20.090251568719854 ], [ -99.351585561053454, 20.091465439780581 ] ], [ [ -99.351931802539994, 20.093270860642949 ], [ -99.352448864046096, 20.094071609411014 ], [ -99.353493837727171, 20.095241437870897 ] ], [ [ -99.355066162365716, 20.096564400552971 ], [ -99.356389155688845, 20.099106590525981 ], [ -99.35665871541056, 20.10091067823382 ], [ -99.35665871541056, 20.100910678233824 ] ], [ [ -99.35665871541056, 20.100910678233824 ], [ -99.355637064896385, 20.102476352942368 ], [ -99.352850083394614, 20.104731010557781 ] ], [ [ -99.352850083394614, 20.104731010557781 ], [ -99.350095381690409, 20.105330733873178 ], [ -99.347869007737103, 20.106155568432929 ], [ -99.346775664640646, 20.107575988401063 ] ], [ [ -99.346775664640646, 20.107575988401063 ], [ -99.346731976501772, 20.109806493253505 ], [ -99.346685468229097, 20.1121809047645 ] ], [ [ -99.346685468229097, 20.1121809047645 ], [ -99.347410761963886, 20.113992996608644 ], [ -99.349150455436401, 20.114743150641573 ], [ -99.352105141593469, 20.115586456805769 ] ], [ [ -99.352105141593469, 20.115586456805769 ], [ -99.35413874637689, 20.116773540794863 ], [ -99.355185314664112, 20.117871430446723 ] ], [ [ -99.355185314664112, 20.117871430446723 ], [ -99.355843808747466, 20.11917848534647 ], [ -99.356711804819696, 20.120160412977015 ] ], [ [ -99.356711804819696, 20.120160412977015 ], [ -99.356813622151449, 20.120275594663326 ], [ -99.357028385884504, 20.120339313467767 ] ], [ [ -99.357028385884504, 20.120339313467767 ], [ -99.358102204549809, 20.120657907489967 ], [ -99.358454151820524, 20.121194508076691 ] ], [ [ -99.358454151820524, 20.121194508076691 ], [ -99.358472457766439, 20.121732672134524 ], [ -99.358472457766439, 20.121732672134527 ] ], [ [ -99.358472457766439, 20.121732672134527 ], [ -99.358450866184683, 20.121906821699497 ] ], [ [ -99.358450866184683, 20.121906821699497 ], [ -99.358247455540408, 20.123547455332144 ], [ -99.357818021837744, 20.125998546651235 ] ], [ [ -99.357818021837744, 20.125998546651235 ], [ -99.358210851350961, 20.126777865454084 ], [ -99.359161108749603, 20.128881743858997 ], [ -99.361090155100669, 20.131506479723875 ] ], [ [ -99.363492988999965, 20.133347668197246 ], [ -99.36474531466321, 20.135600722774289 ], [ -99.365177840707929, 20.136905663196764 ] ], [ [ -99.365177840707929, 20.136905663196764 ], [ -99.36532120263935, 20.137338189241493 ], [ -99.365456171036456, 20.137745381495431 ] ], [ [ -99.365456171036456, 20.137745381495431 ], [ -99.365897105389692, 20.13907565626327 ], [ -99.366878701844939, 20.140072038772566 ] ], [ [ -99.362958628911102, 20.152409846876978 ], [ -99.36019326367915, 20.156957701882895 ], [ -99.359967793928377, 20.157487996171042 ] ] ] } },
{ "type": "Feature", "properties": { "id": "0", "cve_subc": null, "clave50k": null, "tipo": null, "entidad": null, "fc": null, "condicion": null, "edicion": null, "fecha": null, "lengthm": null, "id_drena": null, "flowdir": null, "enabled": null, "desc_enabl": null, "cali_repr": null, "sequenceid": null, "order_1": null, "level_1": null, "arbsum_1": null, "pathl_1": null, "layer": "Río Tula", "path": "C:/Users/ariel.goldin/Documents/Capas Río Tula/Río Tula.geojson", "fid": "5", "nombre": "Rosas", "SHAPE__Length": "13328.597333", "Pais": "México", "fid_2": null, "id_2": null, "nombre_2": null, "SHAPE__Length_2": null }, "geometry": { "type": "MultiLineString", "coordinates": [ [ [ -99.448202295542202, 20.038684081671615 ], [ -99.448117750103862, 20.038670199755327 ], [ -99.447976449861471, 20.038646999723337 ], [ -99.447852116754092, 20.038626583079623 ] ], [ [ -99.447852116754092, 20.038626583079623 ], [ -99.447827250132619, 20.038622499750879 ], [ -99.447827250132605, 20.038622499750879 ] ], [ [ -99.447685500401974, 20.038643498947255 ], [ -99.44745444962048, 20.038677649336261 ], [ -99.447426719638116, 20.038684569355024 ] ], [ [ -99.447426719638116, 20.038684569355024 ], [ -99.447315799708676, 20.03871224943008 ], [ -99.447177099813914, 20.038746799595856 ], [ -99.447038399848424, 20.038781349635983 ], [ -99.446795149990152, 20.038841999379112 ] ], [ [ -99.446795149990152, 20.038841999379112 ], [ -99.44665184975922, 20.038847549152269 ], [ -99.446641535145233, 20.038847952264717 ] ], [ [ -99.446641535145233, 20.038847952264717 ], [ -99.446508549519265, 20.038853149566442 ], [ -99.446298000019596, 20.038861299391762 ] ], [ [ -99.446298000019596, 20.038861299391762 ], [ -99.44615844998647, 20.038830049157394 ], [ -99.446077208573897, 20.038811827722107 ] ], [ [ -99.446077208573897, 20.038811827722107 ], [ -99.446018899980913, 20.038798749832146 ], [ -99.445879350076538, 20.03876749934296 ] ], [ [ -99.445879350076538, 20.03876749934296 ], [ -99.445739750307666, 20.038736199829888 ], [ -99.445631049253961, 20.038711846634918 ] ], [ [ -99.445631049253961, 20.038711846634918 ], [ -99.445580399998448, 20.038700499263825 ], [ -99.445484779786739, 20.038678161011987 ] ], [ [ -99.445484779786739, 20.038678161011987 ], [ -99.445350750275622, 20.038646849797345 ], [ -99.445282749976144, 20.038564598977736 ], [ -99.445216449628248, 20.03848449938198 ], [ -99.445097650297782, 20.03840859981149 ] ], [ [ -99.444976950065126, 20.038331499383791 ], [ -99.444699550300939, 20.03829604973803 ], [ -99.444699550300925, 20.03829604973803 ] ], [ [ -99.444699550300925, 20.03829604973803 ], [ -99.444556849841646, 20.038309249445948 ], [ -99.444411729127751, 20.038322681905225 ] ], [ [ -99.444411729127751, 20.038322681905225 ], [ -99.444298100241397, 20.038333199462283 ], [ -99.444226226964958, 20.038385718519105 ] ], [ [ -99.444226226964958, 20.038385718519105 ], [ -99.444184650062823, 20.038416099486746 ], [ -99.444082459917666, 20.038490816378982 ] ], [ [ -99.444082459917666, 20.038490816378982 ], [ -99.444071199764352, 20.038499049302619 ], [ -99.443925949599873, 20.03860524933987 ] ], [ [ -99.443925949599873, 20.03860524933987 ], [ -99.443861700122667, 20.03872644898836 ], [ -99.443797500386864, 20.03884759959373 ] ], [ [ -99.443797500386864, 20.03884759959373 ], [ -99.443733249720751, 20.038968799199193 ], [ -99.443669049774144, 20.039089999647612 ], [ -99.443612831079491, 20.039196049292986 ] ], [ [ -99.443612831079491, 20.039196049292986 ], [ -99.443604799837402, 20.039211199242327 ], [ -99.443540599661048, 20.039332399663959 ] ], [ [ -99.443540599661048, 20.039332399663959 ], [ -99.443476350453722, 20.039453599248034 ], [ -99.443456447606522, 20.039491143575585 ] ], [ [ -99.443456447606522, 20.039491143575585 ], [ -99.4434121001552, 20.039574799708895 ], [ -99.443359019945433, 20.039675039477572 ] ], [ [ -99.443359019945433, 20.039675039477572 ], [ -99.443345749892998, 20.039700099419743 ], [ -99.443243200202318, 20.039794899167681 ], [ -99.443140700243774, 20.039889699695046 ], [ -99.443038200158938, 20.039984499255244 ] ], [ [ -99.443038200158938, 20.039984499255244 ], [ -99.442935699913534, 20.040079299661009 ], [ -99.442833149649232, 20.040174099165473 ], [ -99.442826383125563, 20.040180349601677 ] ], [ [ -99.442826383125563, 20.040180349601677 ], [ -99.44279774963961, 20.040206799191722 ], [ -99.442634311594887, 20.040357978110492 ] ], [ [ -99.442634311594887, 20.040357978110492 ], [ -99.442630450443403, 20.040361549645553 ], [ -99.442578355163448, 20.040393691287488 ] ], [ [ -99.442578355163448, 20.040393691287488 ], [ -99.442510349564913, 20.040435649246053 ], [ -99.442483275540525, 20.04045235376115 ] ], [ [ -99.442483275540525, 20.04045235376115 ], [ -99.442390250456285, 20.040509749695406 ], [ -99.442270150274325, 20.040583849132268 ], [ -99.442086349716433, 20.040697249183051 ], [ -99.441978200055544, 20.040786299483198 ], [ -99.441898360254996, 20.040852069634202 ] ], [ [ -99.441898360254996, 20.040852069634202 ], [ -99.441870100145579, 20.040875349648061 ], [ -99.44165704992875, 20.04105074916458 ], [ -99.441530300335003, 20.041114198954268 ], [ -99.441403549646296, 20.041177649532113 ], [ -99.441342960629015, 20.041207979734487 ] ], [ [ -99.441342960629015, 20.041207979734487 ], [ -99.4412767998151, 20.041241099117599 ], [ -99.441191171060225, 20.04128395272096 ] ], [ [ -99.441191171060225, 20.04128395272096 ], [ -99.441112749883217, 20.041323199233648 ], [ -99.441049358445738, 20.041352994562232 ] ], [ [ -99.441049358445738, 20.041352994562232 ], [ -99.44098435045602, 20.041383549704872 ], [ -99.440855900079271, 20.04144389921354 ], [ -99.440727500423449, 20.041504249474276 ] ], [ [ -99.440599049800824, 20.041564599678843 ], [ -99.440499099661679, 20.041611549497418 ], [ -99.440470649916207, 20.041624949729115 ], [ -99.440320149904181, 20.04169564978098 ] ], [ [ -99.440320149904181, 20.04169564978098 ], [ -99.440211500154049, 20.041784149189688 ], [ -99.440178743117201, 20.041810831271622 ] ], [ [ -99.440178743117201, 20.041810831271622 ], [ -99.440102850244998, 20.041872649434342 ], [ -99.439994200176542, 20.041961099738568 ], [ -99.439885549983714, 20.042049599842294 ], [ -99.439776899666072, 20.042138098969129 ] ], [ [ -99.439776899666072, 20.042138098969129 ], [ -99.439668250131277, 20.042226549078123 ], [ -99.43951875044489, 20.042348299243425 ] ], [ [ -99.43951875044489, 20.042348299243425 ], [ -99.439404500154481, 20.042430249593778 ], [ -99.439290299619515, 20.042512199799585 ], [ -99.439229201289166, 20.042556024599548 ] ], [ [ -99.439229201289166, 20.042556024599548 ], [ -99.439176050029161, 20.042594149100239 ], [ -99.439101109731851, 20.042647939525732 ] ], [ [ -99.439101109731851, 20.042647939525732 ], [ -99.439051149533654, 20.042683799809396 ], [ -99.438917749803835, 20.042733599768894 ], [ -99.438880606960126, 20.04274747954986 ] ], [ [ -99.438880606960126, 20.04274747954986 ], [ -99.438784349993028, 20.042783449483395 ], [ -99.438563999731585, 20.042865699334751 ], [ -99.438421649762077, 20.04288239928885 ] ], [ [ -99.438421649762077, 20.04288239928885 ], [ -99.438248549719262, 20.042902649371872 ], [ -99.438112999639714, 20.042946949333469 ], [ -99.438085745771559, 20.042955851225162 ] ], [ [ -99.438085745771559, 20.042955851225162 ], [ -99.43791415034228, 20.043011899193026 ] ], [ [ -99.43791415034228, 20.043011899193026 ], [ -99.43791415034228, 20.043011899193029 ], [ -99.437775600353774, 20.042976899684962 ], [ -99.437644697717957, 20.04294381396339 ] ], [ [ -99.437644697717957, 20.04294381396339 ], [ -99.43756650028196, 20.042924049513431 ], [ -99.437560100167943, 20.042922448972881 ], [ -99.437510678000947, 20.042884427057441 ] ], [ [ -99.437510678000947, 20.042884427057441 ], [ -99.43744890029221, 20.04283689966314 ], [ -99.437243899924439, 20.042679249400226 ] ], [ [ -99.437101150206971, 20.042666099289601 ], [ -99.436956949767037, 20.042652849283293 ] ], [ [ -99.436956949767037, 20.042652849283293 ], [ -99.43695694976698, 20.042652849283289 ], [ -99.436824300020362, 20.042704299436551 ], [ -99.43680154041418, 20.042713123749916 ] ], [ [ -99.43680154041418, 20.042713123749916 ], [ -99.43669160027936, 20.042755749540241 ], [ -99.436572807374858, 20.042801829494799 ] ], [ [ -99.436572807374858, 20.042801829494799 ], [ -99.436441150361759, 20.042852899457323 ], [ -99.436332199560354, 20.042941049322391 ] ], [ [ -99.436332199560354, 20.042941049322391 ], [ -99.436223249576329, 20.043029199132743 ], [ -99.436114249540793, 20.043117299065791 ] ], [ [ -99.435896299912358, 20.043293599317892 ], [ -99.435735149863248, 20.043423949757926 ], [ -99.435553600072538, 20.043478599285738 ] ], [ [ -99.43533404958167, 20.043614699345611 ], [ -99.435190799601457, 20.0436214996103 ], [ -99.43493250019165, 20.043633749377253 ], [ -99.434790199631919, 20.043616849035182 ] ], [ [ -99.434790199631919, 20.043616849035182 ], [ -99.434559449918481, 20.043589499362621 ], [ -99.43449812145883, 20.043593377866763 ] ], [ [ -99.43449812145883, 20.043593377866763 ], [ -99.434416350179305, 20.043598549205615 ], [ -99.434263100285307, 20.043608299564859 ], [ -99.434099023327576, 20.043616450020831 ] ], [ [ -99.434099023327576, 20.043616450020831 ], [ -99.434071850228591, 20.043617799833445 ] ], [ [ -99.434071850228591, 20.043617799833445 ], [ -99.434071850228506, 20.043617799833449 ], [ -99.433956899623666, 20.043536749816248 ] ], [ [ -99.433956899623666, 20.043536749816248 ], [ -99.433841900221424, 20.043455699797345 ], [ -99.433641000068889, 20.043420049208478 ], [ -99.433484900359502, 20.043448554910054 ] ], [ [ -99.433484900359502, 20.043448554910054 ], [ -99.433440300442541, 20.04345669939622 ], [ -99.433201600163201, 20.043583799696609 ], [ -99.433096799888247, 20.043728649746058 ] ], [ [ -99.433096799888247, 20.043728649746058 ], [ -99.433087600178041, 20.043855149035313 ], [ -99.433087600178041, 20.043855149035316 ] ], [ [ -99.433087600178041, 20.043855149035316 ], [ -99.433116900248208, 20.044080999292163 ], [ -99.433102370266425, 20.044118593849841 ] ], [ [ -99.433102370266425, 20.044118593849841 ], [ -99.433067699959864, 20.044208299044172 ], [ -99.432984000424582, 20.044424699374346 ], [ -99.432898400422403, 20.04459659903052 ] ], [ [ -99.432898400422403, 20.04459659903052 ], [ -99.432669300415398, 20.044732699836423 ], [ -99.432641730305349, 20.044740219820927 ] ], [ [ -99.432641730305349, 20.044740219820927 ], [ -99.432531449865124, 20.044770299758945 ], [ -99.432393650077401, 20.044807849641185 ], [ -99.432265767751232, 20.04484274320588 ] ], [ [ -99.432265767751232, 20.04484274320588 ], [ -99.432255850227847, 20.044845449269758 ], [ -99.432000400077797, 20.044915099056425 ], [ -99.431816640165394, 20.044857699548615 ] ], [ [ -99.431816640165394, 20.044857699548615 ], [ -99.431770700187286, 20.044843349671662 ], [ -99.43166360016717, 20.044753249181486 ], [ -99.431556450363601, 20.044663099721834 ], [ -99.431523751201254, 20.044635601427483 ] ], [ [ -99.431523751201254, 20.044635601427483 ], [ -99.431406500217378, 20.044536999450081 ], [ -99.43131180018753, 20.044435199689733 ], [ -99.431205099939888, 20.044320599604994 ], [ -99.431080699828726, 20.044253199519165 ], [ -99.430956299827187, 20.04418574946552 ] ], [ [ -99.430956299827187, 20.04418574946552 ], [ -99.43095330012423, 20.044184149088274 ], [ -99.430831850055341, 20.044118299376166 ], [ -99.43070714994937, 20.044050749742279 ], [ -99.430641867816192, 20.044046506881131 ] ], [ [ -99.430641867816192, 20.044046506881131 ], [ -99.430564049985364, 20.044041449291324 ], [ -99.43030544993367, 20.044024599285176 ] ], [ [ -99.43030544993367, 20.044024599285176 ], [ -99.430162049964522, 20.044024949089259 ], [ -99.430056218133331, 20.044025202655739 ] ], [ [ -99.430056218133331, 20.044025202655739 ], [ -99.42993255012972, 20.044025498956579 ], [ -99.429929119252293, 20.044036412985644 ] ], [ [ -99.429929119252293, 20.044036412985644 ], [ -99.429891699723996, 20.044155448954971 ], [ -99.429854919433467, 20.044272278872231 ] ], [ [ -99.429854919433467, 20.044272278872231 ], [ -99.429847200007899, 20.044296799065975 ], [ -99.429837593866523, 20.044330797087781 ] ], [ [ -99.429837593866523, 20.044330797087781 ], [ -99.429810200066854, 20.044427749127262 ], [ -99.429804182663432, 20.044449048042519 ] ], [ [ -99.429804182663432, 20.044449048042519 ], [ -99.429802600275792, 20.04445464898663 ], [ -99.42977320005437, 20.044558699195523 ], [ -99.429736199983978, 20.044689699141014 ] ], [ [ -99.42968620038549, 20.044866499777445 ], [ -99.429621000465801, 20.044987249392573 ], [ -99.429505449929692, 20.045201299637117 ] ], [ [ -99.429505449929692, 20.045201299637117 ], [ -99.429405700019799, 20.045298699683865 ], [ -99.429305999874586, 20.045396149482585 ] ], [ [ -99.429171650191989, 20.045527399822411 ], [ -99.429056849536991, 20.045608699651883 ], [ -99.42896664965734, 20.045672538854962 ] ], [ [ -99.42896664965734, 20.045672538854962 ], [ -99.428942049690164, 20.045689949546713 ], [ -99.428827249705705, 20.045771199360889 ], [ -99.428815364068768, 20.045779611584553 ] ], [ [ -99.428815364068768, 20.045779611584553 ], [ -99.428684900022802, 20.045871949314538 ], [ -99.428585400453926, 20.045969599773144 ], [ -99.428525229862757, 20.046028673585294 ] ], [ [ -99.428525229862757, 20.046028673585294 ], [ -99.428398799805095, 20.046152799097953 ], [ -99.428352949895441, 20.046281249758785 ] ], [ [ -99.428352949895441, 20.046281249758785 ], [ -99.428307149811076, 20.04640969945363 ], [ -99.428295731259595, 20.046441694587006 ] ], [ [ -99.428295731259595, 20.046441694587006 ], [ -99.428237450268512, 20.046604999721335 ], [ -99.428137499757952, 20.046702198935755 ] ], [ [ -99.428137499757952, 20.046702198935755 ], [ -99.428037550041807, 20.046799449792505 ], [ -99.428030348256613, 20.046806453441334 ] ], [ [ -99.428030348256613, 20.046806453441334 ], [ -99.427937600186382, 20.046896649815665 ], [ -99.427836900004849, 20.046994549754299 ], [ -99.427762641378763, 20.047033039191696 ] ], [ [ -99.427762641378763, 20.047033039191696 ], [ -99.427731849828859, 20.047048998946067 ], [ -99.427464199607854, 20.047085799598445 ] ], [ [ -99.427464199607854, 20.047085799598445 ], [ -99.427343450392456, 20.047012649678901 ], [ -99.42722270034831, 20.046939499651998 ] ], [ [ -99.427101950434448, 20.046866349534103 ], [ -99.42698119969171, 20.046793199308841 ], [ -99.426878779855116, 20.046731110942471 ] ], [ [ -99.426878779855116, 20.046731110942471 ], [ -99.426860450026027, 20.046719999138531 ], [ -99.426736299620842, 20.046644798997242 ] ], [ [ -99.426736299620842, 20.046644798997242 ], [ -99.426736299620757, 20.046644798997189 ], [ -99.426733450418098, 20.04650924930937 ] ], [ [ -99.426733450418098, 20.04650924930937 ], [ -99.426730600274439, 20.046373749492581 ], [ -99.426725299908071, 20.046120699009734 ], [ -99.426740800260902, 20.045985949273067 ], [ -99.426756249728996, 20.045851199596278 ], [ -99.426771700142709, 20.04571644904459 ] ], [ [ -99.42678720040324, 20.045581699354166 ], [ -99.426802699661209, 20.045446899792672 ], [ -99.426810099640178, 20.045382299500961 ] ], [ [ -99.426818149982623, 20.045312149287248 ], [ -99.42684674997065, 20.045063149383616 ], [ -99.426852499640461, 20.044927699464832 ], [ -99.426858200363498, 20.044792249639947 ], [ -99.426859633228617, 20.044758593565248 ] ], [ [ -99.426859633228617, 20.044758593565248 ], [ -99.426864750338524, 20.044638399535142 ], [ -99.426892849739858, 20.044505449475135 ], [ -99.426920950057877, 20.044372549312865 ] ], [ [ -99.426949050320786, 20.044239649161884 ], [ -99.426977200410036, 20.044106699091365 ], [ -99.427015799629785, 20.04392414970436 ] ], [ [ -99.427015799629785, 20.04392414970436 ], [ -99.427015799629785, 20.043924149704345 ], [ -99.426895150350674, 20.043850799087245 ], [ -99.426873572038048, 20.043837675011137 ] ], [ [ -99.426873572038048, 20.043837675011137 ], [ -99.42677455011976, 20.043777449208751 ], [ -99.426653950019471, 20.043704099239445 ] ], [ [ -99.426653950019471, 20.043704099239445 ], [ -99.426527299807574, 20.043627099465162 ], [ -99.426440950210136, 20.043518898992424 ], [ -99.426230299679432, 20.043410949570568 ], [ -99.426118858795292, 20.043367398859488 ] ], [ [ -99.426118858795292, 20.043367398859488 ], [ -99.426097750321148, 20.043359149740986 ], [ -99.42588569957158, 20.043276249761302 ] ], [ [ -99.42588569957158, 20.043276249761302 ], [ -99.425694450332173, 20.043276699438241 ], [ -99.425570298431211, 20.043341594334972 ] ], [ [ -99.425570298431211, 20.043341594334972 ], [ -99.425568950183703, 20.043342299071526 ], [ -99.425567046069972, 20.043343295130349 ] ], [ [ -99.425567046069972, 20.043343295130349 ], [ -99.425443449908599, 20.043407949381606 ], [ -99.425373256320128, 20.043444640573846 ] ], [ [ -99.425373256320128, 20.043444640573846 ], [ -99.425317950459032, 20.043473549738138 ], [ -99.425121549690104, 20.043576299608567 ] ], [ [ -99.425121549690104, 20.043576299608567 ], [ -99.425001799863082, 20.043650899509021 ], [ -99.424964953721869, 20.043673853297094 ] ], [ [ -99.424964953721869, 20.043673853297094 ], [ -99.424882049904156, 20.043725499320256 ], [ -99.424762299813494, 20.043800099042198 ], [ -99.424692774753382, 20.043843441146475 ] ], [ [ -99.424692774753382, 20.043843441146475 ], [ -99.424539249545717, 20.043939149162394 ], [ -99.424449749591787, 20.044045099802499 ], [ -99.424360300368591, 20.044151049450285 ] ], [ [ -99.424360300368591, 20.044151049450285 ], [ -99.424270850046298, 20.044256999039614 ], [ -99.424189401326771, 20.044353471734166 ] ], [ [ -99.424189401326771, 20.044353471734166 ], [ -99.42418139956699, 20.044362949493074 ], [ -99.424158341649985, 20.044390245462658 ] ], [ [ -99.424158341649985, 20.044390245462658 ], [ -99.424091900029879, 20.044468899073976 ], [ -99.424062083429902, 20.044504215869075 ] ], [ [ -99.424062083429902, 20.044504215869075 ], [ -99.424002450229949, 20.044574849459277 ], [ -99.423965103863196, 20.044619084931988 ] ], [ [ -99.423965103863196, 20.044619084931988 ], [ -99.423913000290185, 20.04468079980235 ], [ -99.423832566939097, 20.04477605027202 ] ], [ [ -99.423832566939097, 20.04477605027202 ], [ -99.423805249998054, 20.044808399433517 ], [ -99.423673950191244, 20.044862899674708 ], [ -99.423542650290301, 20.044917449675218 ] ], [ [ -99.42327989951724, 20.045026499635878 ], [ -99.423167750224422, 20.045067499772902 ], [ -99.423146099784759, 20.045075349791304 ], [ -99.423026110476059, 20.045119157638723 ] ], [ [ -99.423026110476059, 20.045119157638723 ], [ -99.423012299955829, 20.04512419983098 ], [ -99.422878500030436, 20.045173049754933 ], [ -99.422706749792084, 20.045235749053337 ], [ -99.422613317942449, 20.045265404524152 ] ], [ [ -99.422613317942449, 20.045265404524152 ], [ -99.422570800356581, 20.04527889969771 ], [ -99.422415047380653, 20.045328396095467 ] ], [ [ -99.422415047380653, 20.045328396095467 ], [ -99.422362799892809, 20.045344999710423 ], [ -99.422222249636363, 20.045371899515608 ], [ -99.422028299612634, 20.045409049302656 ], [ -99.42202829961262, 20.045409049302656 ] ], [ [ -99.42202518560967, 20.045408841488779 ], [ -99.421885199560506, 20.045399499479917 ], [ -99.421742150382372, 20.045389949479581 ], [ -99.421599050370588, 20.045380399387117 ] ], [ [ -99.421456000273594, 20.04537084910093 ], [ -99.421244050339624, 20.045356699505565 ], [ -99.421219580298327, 20.045342549465762 ] ], [ [ -99.421219580298327, 20.045342549465762 ], [ -99.421121700133128, 20.045285949306553 ], [ -99.421036279857276, 20.045236554082578 ] ], [ [ -99.421036279857276, 20.045236554082578 ], [ -99.42099935005443, 20.045215199013601 ], [ -99.420966256980392, 20.045196057579481 ] ], [ [ -99.420966256980392, 20.045196057579481 ], [ -99.420870549809734, 20.045140699394864 ], [ -99.420777449704403, 20.045037598967834 ] ], [ [ -99.420777449704403, 20.045037598967834 ], [ -99.420684399607552, 20.044934449471249 ], [ -99.42066577964107, 20.044913819392956 ] ], [ [ -99.42066577964107, 20.044913819392956 ], [ -99.42059129977514, 20.044831299079785 ], [ -99.420507679093589, 20.044738602074137 ] ], [ [ -99.420507679093589, 20.044738602074137 ], [ -99.420498249961625, 20.044728149488936 ], [ -99.42033345020026, 20.044545599449989 ], [ -99.420281800145986, 20.044498574456359 ] ], [ [ -99.420281800145986, 20.044498574456359 ], [ -99.420230150091697, 20.044451549462725 ], [ -99.420036299775575, 20.044275199624529 ], [ -99.419909299799059, 20.044212249797361 ] ], [ [ -99.419909299799059, 20.044212249797361 ], [ -99.419691649985367, 20.044104299095885 ], [ -99.419559500385006, 20.044051549132949 ], [ -99.419468046149447, 20.044015029798331 ] ], [ [ -99.419468046149447, 20.044015029798331 ], [ -99.419427399822524, 20.043998798982944 ], [ -99.419241699618055, 20.04392464968441 ], [ -99.41921923306063, 20.043916941239637 ] ], [ [ -99.41921923306063, 20.043916941239637 ], [ -99.419106900273491, 20.043878399015764 ], [ -99.418849299752225, 20.043790049289878 ], [ -99.418739301262292, 20.043842358046724 ] ], [ [ -99.418739301262292, 20.043842358046724 ], [ -99.418633650086235, 20.043892599478973 ], [ -99.418581830143495, 20.043917225551006 ] ], [ [ -99.418581830143495, 20.043917225551006 ], [ -99.418505499881547, 20.04395349951098 ], [ -99.418337749881047, 20.044097249749996 ], [ -99.418231499880719, 20.044188249180738 ], [ -99.418125199835529, 20.044279299379173 ] ], [ [ -99.418125199835529, 20.044279299379173 ], [ -99.41801894954186, 20.044370349453171 ], [ -99.417933249701719, 20.044506098963119 ] ], [ [ -99.417933249701719, 20.044506098963119 ], [ -99.417877199531802, 20.044696999584357 ], [ -99.417871967343743, 20.044714841209242 ] ], [ [ -99.417871967343743, 20.044714841209242 ], [ -99.417838900187917, 20.044827599348771 ], [ -99.4178005499259, 20.044958249031041 ] ], [ [ -99.4178005499259, 20.044958249031041 ], [ -99.4178005499259, 20.044958249031062 ], [ -99.417768804473468, 20.045016473002427 ] ], [ [ -99.417768804473468, 20.045016473002427 ], [ -99.417733050335357, 20.04508204925839 ], [ -99.417713976120737, 20.045117018723477 ] ], [ [ -99.417713976120737, 20.045117018723477 ], [ -99.417667350167306, 20.045202499813197 ], [ -99.417585100255863, 20.04544209925438 ], [ -99.417540800481362, 20.045570999275142 ] ], [ [ -99.417540800481362, 20.045570999275142 ], [ -99.417496549567346, 20.045699949094772 ], [ -99.417420149650042, 20.045813799708817 ], [ -99.417407035422784, 20.045833384901229 ] ], [ [ -99.417407035422784, 20.045833384901229 ], [ -99.417404849718238, 20.045836649099964 ], [ -99.417392049701945, 20.045855724162532 ] ], [ [ -99.417392049701945, 20.045855724162532 ], [ -99.417328049620522, 20.045951099475378 ], [ -99.417251250361375, 20.046065599710687 ] ], [ [ -99.417251250361375, 20.046065599710687 ], [ -99.417174450030558, 20.046180098996665 ], [ -99.417097700406842, 20.04629459912125 ] ], [ [ -99.417020899790259, 20.046409049390221 ], [ -99.416944100012145, 20.046523549519101 ], [ -99.416919524176464, 20.046572646954733 ] ], [ [ -99.416919524176464, 20.046572646954733 ], [ -99.416876550398783, 20.046658499672461 ], [ -99.416837526082659, 20.046736420544708 ] ], [ [ -99.416837526082659, 20.046736420544708 ], [ -99.416815200326582, 20.046780998965527 ], [ -99.416753850134995, 20.046903549024488 ], [ -99.416643699560495, 20.047124699333295 ] ], [ [ -99.416643699560495, 20.047124699333295 ], [ -99.416582650340132, 20.047247299827809 ], [ -99.416376899585842, 20.047413149543015 ] ], [ [ -99.416267750435921, 20.047501099126958 ], [ -99.416112849873954, 20.047588699422729 ], [ -99.416051154523146, 20.047623595662717 ] ], [ [ -99.416051154523146, 20.047623595662717 ], [ -99.415989799691587, 20.047658299297574 ], [ -99.415866700455055, 20.047727949020871 ], [ -99.415732599878055, 20.047778099769662 ], [ -99.415694414304468, 20.047792374487337 ] ], [ [ -99.415694414304468, 20.047792374487337 ], [ -99.415599249519914, 20.047827949452028 ], [ -99.415377000246423, 20.047867199489477 ] ], [ [ -99.415377000246423, 20.047867199489477 ], [ -99.415236050310682, 20.047892099503422 ], [ -99.415035149633781, 20.047887299220953 ], [ -99.414891749626818, 20.047883849069191 ], [ -99.414622900419033, 20.047862599615055 ], [ -99.414479949587744, 20.047851299003284 ] ], [ [ -99.414479949587744, 20.047851299003284 ], [ -99.414336999714237, 20.04783994930958 ], [ -99.414072950069993, 20.047755999574676 ], [ -99.413959899821563, 20.047720048953348 ] ], [ [ -99.413959899821563, 20.047720048953348 ], [ -99.413937000367937, 20.047712749431888 ], [ -99.413801099688982, 20.047669499096308 ], [ -99.413560349903634, 20.047635999770069 ], [ -99.413427704739476, 20.047617490538311 ] ], [ [ -99.413427704739476, 20.047617490538311 ], [ -99.413418450123615, 20.047616199154408 ], [ -99.413418450123601, 20.047616199154408 ] ], [ [ -99.413418193108541, 20.047616199759663 ], [ -99.413227200163135, 20.047616649536025 ], [ -99.413083749980174, 20.047616999641587 ] ], [ [ -99.412940299788985, 20.047617299741297 ], [ -99.412750500135147, 20.047661698973126 ], [ -99.412611299813719, 20.047694299129464 ], [ -99.412490208354583, 20.04772260465781 ] ], [ [ -99.412490208354583, 20.04772260465781 ], [ -99.412472049522478, 20.047726849344762 ] ], [ [ -99.412472049522478, 20.047726849344762 ], [ -99.412472049522449, 20.04772684934477 ], [ -99.412222000157442, 20.047762049135073 ], [ -99.41208010027745, 20.047781999225005 ], [ -99.411837699518969, 20.047834099708993 ], [ -99.411733672782219, 20.047856488981072 ] ], [ [ -99.411733672782219, 20.047856488981072 ], [ -99.411697849946833, 20.047864198991334 ], [ -99.411419299894376, 20.047900749297551 ] ], [ [ -99.411419299894376, 20.047900749297551 ], [ -99.411277249938081, 20.047919399459328 ], [ -99.411081300081506, 20.04800094927581 ], [ -99.410949999551676, 20.048055599290233 ], [ -99.41081874977084, 20.048110249154774 ], [ -99.410715057416922, 20.048163552767523 ] ], [ [ -99.410715057416922, 20.048163552767523 ], [ -99.410614200235727, 20.048215398944471 ], [ -99.410589000283252, 20.048228358996553 ] ], [ [ -99.410589000283252, 20.048228358996553 ], [ -99.410488200473338, 20.048280199204878 ], [ -99.410416199992127, 20.048317227858238 ] ], [ [ -99.410416199992127, 20.048317227858238 ], [ -99.410362199631223, 20.048344999348256 ], [ -99.410278199628976, 20.048388199387603 ] ], [ [ -99.410278199628976, 20.048388199387603 ], [ -99.410236199627846, 20.048409799407274 ], [ -99.410198189700267, 20.048437337855521 ] ], [ [ -99.410198189700267, 20.048437337855521 ], [ -99.410014600045216, 20.048570349795753 ], [ -99.409900750408212, 20.04865279975839 ], [ -99.409786899673477, 20.04873524962554 ], [ -99.409673099661603, 20.048817749245405 ], [ -99.409487949846337, 20.04887484919352 ] ], [ [ -99.4093515998143, 20.048916949577958 ], [ -99.409215249708765, 20.048958999064759 ], [ -99.409078900466554, 20.049001099223897 ] ], [ [ -99.409078900466554, 20.049001099223897 ], [ -99.408942500278457, 20.049043149430258 ], [ -99.408823081066984, 20.04907997794238 ] ], [ [ -99.408823081066984, 20.04907997794238 ], [ -99.40880614990175, 20.049085199460897 ], [ -99.408669800405519, 20.049127299257499 ], [ -99.408477000349393, 20.049226199184432 ], [ -99.408412350381226, 20.049259344297635 ] ], [ [ -99.408412350381226, 20.049259344297635 ], [ -99.408350899757806, 20.049290849152584 ], [ -99.408331932207972, 20.049300577437009 ] ], [ [ -99.408331932207972, 20.049300577437009 ], [ -99.408224849901217, 20.04935549898175 ], [ -99.408098799907037, 20.049420149616537 ], [ -99.407972699913813, 20.049484799298568 ], [ -99.407846649679115, 20.049549449731742 ], [ -99.407720600300692, 20.049614099174036 ] ], [ [ -99.407720600300692, 20.049614099174036 ], [ -99.407594499934717, 20.049678799330401 ], [ -99.407571100506871, 20.049690800764886 ] ], [ [ -99.407571100506871, 20.049690800764886 ], [ -99.407468450298381, 20.049743449477507 ], [ -99.407379050360831, 20.049789299833126 ] ], [ [ -99.407379050360831, 20.049789299833126 ], [ -99.407342349686317, 20.049808099561787 ], [ -99.407195499731259, 20.049897798960316 ] ], [ [ -99.407195499731259, 20.049897798960316 ], [ -99.407075049972349, 20.049971349759584 ], [ -99.406905600409047, 20.05006934924906 ], [ -99.406852314053481, 20.050100184210361 ] ], [ [ -99.406852314053481, 20.050100184210361 ], [ -99.406783250345384, 20.050140148977022 ], [ -99.406660900131371, 20.050210899647052 ], [ -99.406538549806982, 20.050281649316712 ], [ -99.406416200296647, 20.050352399815221 ], [ -99.406320900239464, 20.050470099841487 ], [ -99.40624465007069, 20.05057869902322 ] ], [ [ -99.40624465007069, 20.05057869902322 ], [ -99.406101400332432, 20.050585199102372 ], [ -99.405958099724543, 20.050591699083785 ], [ -99.405814849953927, 20.05059814902215 ] ], [ [ -99.405814849953927, 20.05059814902215 ], [ -99.405671550260521, 20.050604649655924 ], [ -99.405666187776461, 20.05060489296288 ] ], [ [ -99.405666187776461, 20.05060489296288 ], [ -99.405528300467324, 20.050611149194339 ], [ -99.405402912368132, 20.05061679336124 ] ], [ [ -99.405402912368132, 20.05061679336124 ], [ -99.405384999782527, 20.050617599670797 ], [ -99.405339000025606, 20.050619699314566 ], [ -99.405330930878762, 20.050620064365372 ] ], [ [ -99.405330930878762, 20.050620064365372 ], [ -99.405241749961917, 20.05062409893883 ], [ -99.405146150259043, 20.05062844964819 ] ], [ [ -99.405146150259043, 20.05062844964819 ], [ -99.405098450213558, 20.050630599031596 ], [ -99.404961372468293, 20.050636771156327 ] ], [ [ -99.404961372468293, 20.050636771156327 ], [ -99.404955200343579, 20.050637049065216 ], [ -99.4049012000076, 20.050639499586325 ], [ -99.404772200084224, 20.050645348962178 ], [ -99.404682749822427, 20.050620799045543 ], [ -99.404641017115949, 20.050609307320016 ] ], [ [ -99.404641017115949, 20.050609307320016 ], [ -99.404634450415656, 20.05060749908078 ], [ -99.404496699851691, 20.050569699836167 ] ], [ [ -99.404359000233441, 20.050531849654138 ], [ -99.404221249836326, 20.050493999385349 ], [ -99.404054500355102, 20.050448199577847 ], [ -99.403911049807519, 20.050446499095948 ], [ -99.403779647479766, 20.050444941555703 ] ], [ [ -99.403779647479766, 20.050444941555703 ], [ -99.403767650101784, 20.050444799348185 ], [ -99.403624199543941, 20.050443099501585 ], [ -99.403413749873465, 20.050440599515696 ], [ -99.403369109192482, 20.050436755608267 ] ], [ [ -99.403369109192482, 20.050436755608267 ], [ -99.403270899694306, 20.050428299011919 ], [ -99.403112670765381, 20.0504146288323 ] ], [ [ -99.403112670765381, 20.0504146288323 ], [ -99.403107699790993, 20.050414199365239 ], [ -99.403095365504896, 20.050412134173246 ] ], [ [ -99.403095365504896, 20.050412134173246 ], [ -99.4029664498523, 20.050390549172608 ], [ -99.402734599955338, 20.050351799842623 ] ], [ [ -99.402734599955338, 20.050351799842623 ], [ -99.402595000362467, 20.050320599070297 ], [ -99.402455449753759, 20.050289399007781 ] ], [ [ -99.402455449753759, 20.050289399007781 ], [ -99.402294449814605, 20.05025339953675 ], [ -99.402122400177433, 20.050271849589485 ], [ -99.401992550318241, 20.05032949915061 ] ], [ [ -99.401862700327783, 20.050387099639757 ], [ -99.401692550331589, 20.050462598964835 ], [ -99.401619823050055, 20.050506608807879 ] ], [ [ -99.401619823050055, 20.050506608807879 ], [ -99.401571749645385, 20.050535699720523 ], [ -99.401523727908597, 20.050564791001854 ] ], [ [ -99.401523727908597, 20.050564791001854 ], [ -99.401450999705204, 20.050608849313093 ], [ -99.401392758977494, 20.050644092523388 ] ], [ [ -99.401392758977494, 20.050644092523388 ], [ -99.401330199734971, 20.050681948996452 ], [ -99.401251679658259, 20.050729464320558 ] ], [ [ -99.401251679658259, 20.050729464320558 ], [ -99.40120939961696, 20.050755049495073 ], [ -99.401119685324048, 20.050809360888739 ] ], [ [ -99.401119685324048, 20.050809360888739 ], [ -99.401088650241974, 20.05082814896036 ], [ -99.400967849866433, 20.050901299147174 ] ], [ [ -99.400967849866433, 20.050901299147174 ], [ -99.400847050316713, 20.050974399388767 ], [ -99.400613650001745, 20.051115699505058 ], [ -99.400583476770962, 20.051131562315625 ] ], [ [ -99.400583476770962, 20.051131562315625 ], [ -99.400488299907465, 20.051181599136896 ], [ -99.400380899621339, 20.051238127928837 ] ], [ [ -99.400380899621339, 20.051238127928837 ], [ -99.400362999573645, 20.051247549394159 ], [ -99.400342108008061, 20.051258541098534 ] ], [ [ -99.400342108008061, 20.051258541098534 ], [ -99.400237650180117, 20.051313499620417 ], [ -99.400133191463482, 20.051368415731638 ] ], [ [ -99.400133191463482, 20.051368415731638 ], [ -99.400112299720149, 20.051379398953884 ], [ -99.399986999962223, 20.051445349835795 ], [ -99.399886760070132, 20.051498069840264 ] ], [ [ -99.399886760070132, 20.051498069840264 ], [ -99.399861700097105, 20.051511249841383 ], [ -99.399823149818928, 20.051531549405649 ] ], [ [ -99.399823149818928, 20.051531549405649 ], [ -99.399736350215804, 20.05157719966985 ], [ -99.399611000209973, 20.051643099528359 ] ], [ [ -99.399485699981696, 20.051709049106165 ], [ -99.399360349717128, 20.051774999542719 ], [ -99.399235050201739, 20.051840899067638 ], [ -99.399009250124777, 20.05195969955696 ], [ -99.398875849877939, 20.052009549474892 ], [ -99.398742500389275, 20.052059399242907 ] ], [ [ -99.398742500389275, 20.052059399242907 ], [ -99.398609099930908, 20.052109299708004 ], [ -99.398555131833433, 20.052129466843997 ] ], [ [ -99.398555131833433, 20.052129466843997 ], [ -99.398475700348868, 20.052159149297644 ], [ -99.398403023628617, 20.052186321873926 ] ], [ [ -99.398403023628617, 20.052186321873926 ], [ -99.398363499881242, 20.052201099123597 ], [ -99.398342349589186, 20.052208999611 ], [ -99.39825465014809, 20.052241789452818 ] ], [ [ -99.39825465014809, 20.052241789452818 ], [ -99.398206749573546, 20.052259698942802 ], [ -99.398079000307931, 20.052321399083681 ], [ -99.398020052304759, 20.05234988050373 ] ], [ [ -99.398020052304759, 20.05234988050373 ], [ -99.397951299863962, 20.052383099052971 ], [ -99.397823600247477, 20.052444849711755 ], [ -99.397733727997121, 20.052488272319724 ] ], [ [ -99.397733727997121, 20.052488272319724 ], [ -99.397695899570977, 20.052506549473261 ], [ -99.397628850038188, 20.05253894983074 ], [ -99.397586547519225, 20.052559368825957 ] ], [ [ -99.397586547519225, 20.052559368825957 ], [ -99.397568149840041, 20.052568249198394 ], [ -99.397440449872818, 20.05262994967492 ] ], [ [ -99.397440449872818, 20.05262994967492 ], [ -99.397312749808336, 20.052691699011678 ], [ -99.39722800017968, 20.052732649006359 ], [ -99.397060600261767, 20.052813499506009 ], [ -99.397034421257985, 20.052816785686716 ] ], [ [ -99.397034421257985, 20.052816785686716 ], [ -99.396918399969451, 20.05283134953045 ], [ -99.396776199639689, 20.052849199421924 ], [ -99.396705691257324, 20.05285805008295 ] ], [ [ -99.396705691257324, 20.05285805008295 ], [ -99.396634000231629, 20.052867049196891 ], [ -99.396400949667893, 20.052896299256954 ], [ -99.396275787463608, 20.052919605857642 ] ], [ [ -99.396275787463608, 20.052919605857642 ], [ -99.396260249729835, 20.052922499157251 ], [ -99.39623679141485, 20.052926865794092 ] ], [ [ -99.39623679141485, 20.052926865794092 ], [ -99.396119499839926, 20.052948698978302 ], [ -99.396078313641965, 20.052956365786777 ] ], [ [ -99.396078313641965, 20.052956365786777 ], [ -99.395978749878239, 20.05297489957589 ], [ -99.395837999878339, 20.053001049266651 ], [ -99.395697299705319, 20.053027249554024 ], [ -99.395663600219308, 20.053033498956456 ] ], [ [ -99.395556549580377, 20.053053449762007 ], [ -99.395260300372627, 20.053123349639456 ] ], [ [ -99.395260300372627, 20.053123349639456 ], [ -99.395260300372556, 20.053123349639471 ], [ -99.395122464659295, 20.053361517924902 ] ], [ [ -99.395122464659295, 20.053361517924902 ], [ -99.395077450193767, 20.053439299058837 ], [ -99.394783800315381, 20.053816549522669 ], [ -99.394348849986045, 20.054022049341697 ] ], [ [ -99.394348849986045, 20.054022049341697 ], [ -99.393443950196826, 20.054171499619976 ], [ -99.393150300323839, 20.054206949661474 ], [ -99.392928061350233, 20.054233787538706 ] ], [ [ -99.392928061350233, 20.054233787538706 ], [ -99.392880349568429, 20.054239549277622 ], [ -99.392872805017902, 20.054239619706802 ] ], [ [ -99.392872805017902, 20.054239619706802 ], [ -99.392216149680266, 20.05424574965415 ], [ -99.39193024959404, 20.05424694972929 ] ], [ [ -99.39193024959404, 20.05424694972929 ], [ -99.391929173543474, 20.05424690185674 ] ], [ [ -99.391929173543474, 20.05424690185674 ], [ -99.391880799901955, 20.054244749755647 ], [ -99.391829699778654, 20.05424249963907 ] ], [ [ -99.391380150270791, 20.054256949807353 ], [ -99.391309999793393, 20.054259199523848 ], [ -99.389967099987416, 20.054704649165917 ], [ -99.389082100021554, 20.054983099431304 ], [ -99.388982499624177, 20.05501689916585 ], [ -99.388562900157453, 20.055159299439023 ] ], [ [ -99.386638799616605, 20.055688799501723 ], [ -99.386415999536055, 20.05573804950895 ], [ -99.385688900122659, 20.055898649564259 ], [ -99.384980800170922, 20.056060899233056 ] ], [ [ -99.384889750022253, 20.056081749440843 ], [ -99.38430229967372, 20.056211449284667 ], [ -99.384297499938242, 20.056211099068555 ] ], [ [ -99.383834999759628, 20.056177099677708 ], [ -99.382446449950478, 20.056165649266536 ], [ -99.382148099832676, 20.056188649143856 ], [ -99.381506100260893, 20.056238148989159 ] ], [ [ -99.381506100260893, 20.056238148989159 ], [ -99.380970149583177, 20.056489899680404 ], [ -99.380221549542938, 20.057206099555845 ] ], [ [ -99.379854999551725, 20.057280899510584 ], [ -99.379385499852646, 20.057327849321027 ], [ -99.379118826686479, 20.057290646783578 ] ], [ [ -99.379118826686479, 20.057290646783578 ], [ -99.379061500465554, 20.057282649425193 ], [ -99.378839333554239, 20.057252416183633 ] ], [ [ -99.378839333554239, 20.057252416183633 ], [ -99.378394999731611, 20.05719194970051 ], [ -99.378169681483612, 20.057215165402688 ] ], [ [ -99.378169681483612, 20.057215165402688 ], [ -99.37812325007927, 20.057219949469953 ], [ -99.377980650357856, 20.057234649505922 ], [ -99.377876076502659, 20.057245429422043 ] ], [ [ -99.377876076502659, 20.057245429422043 ], [ -99.377838049646229, 20.05724934939154 ], [ -99.377708775926337, 20.057262675454922 ] ], [ [ -99.377708775926337, 20.057262675454922 ], [ -99.377695449862969, 20.057264049159997 ], [ -99.377552850031194, 20.057278749701055 ] ], [ [ -99.377552850031194, 20.057278749701055 ], [ -99.377410250186045, 20.057293449201957 ], [ -99.3773072286901, 20.057296930060659 ] ], [ [ -99.3773072286901, 20.057296930060659 ], [ -99.377266699998145, 20.057298299431672 ], [ -99.377128582464593, 20.057302924297204 ] ], [ [ -99.377128582464593, 20.057302924297204 ], [ -99.377123350361131, 20.057303099494185 ], [ -99.37684469987812, 20.057325049436233 ] ], [ [ -99.37684469987812, 20.057325049436233 ], [ -99.376701750217862, 20.057336299326707 ], [ -99.376682310431903, 20.0573378291731 ] ], [ [ -99.376682310431903, 20.0573378291731 ], [ -99.376558799574624, 20.057347549066112 ], [ -99.376463499753839, 20.057355082665143 ] ], [ [ -99.376463499753839, 20.057355082665143 ], [ -99.376415849843454, 20.057358849464659 ], [ -99.376209800374681, 20.057491148973959 ], [ -99.376117724095238, 20.057550307862389 ] ], [ [ -99.376117724095238, 20.057550307862389 ], [ -99.376091200202382, 20.057567349428659 ], [ -99.37601483792308, 20.057613835633141 ] ], [ [ -99.37601483792308, 20.057613835633141 ], [ -99.375959950046195, 20.057647249107593 ], [ -99.375911710153289, 20.057676609161309 ] ], [ [ -99.375911710153289, 20.057676609161309 ], [ -99.375839350313925, 20.057720649241887 ], [ -99.375793372459597, 20.057748632495112 ] ], [ [ -99.375793372459597, 20.057748632495112 ], [ -99.375718750450943, 20.057794049285327 ], [ -99.37559740038742, 20.058007599704311 ] ], [ [ -99.37559740038742, 20.058007599704311 ], [ -99.375529500185834, 20.058126999664371 ], [ -99.375515986784094, 20.058150789827138 ] ], [ [ -99.375515986784094, 20.058150789827138 ], [ -99.37546164975771, 20.058246449434357 ], [ -99.375390300001257, 20.058450249236046 ], [ -99.375345200467521, 20.058578949526506 ], [ -99.375300149788359, 20.058707649758709 ] ], [ [ -99.375300149788359, 20.058707649758709 ], [ -99.375207300112734, 20.05892634911152 ], [ -99.375153900285824, 20.059052149348158 ], [ -99.37510045046011, 20.059177949624416 ] ], [ [ -99.37510045046011, 20.059177949624416 ], [ -99.374904249743636, 20.059370199654833 ], [ -99.374804699940256, 20.059467748949793 ] ], [ [ -99.374804699940256, 20.059467748949793 ], [ -99.374604599693996, 20.059538449191692 ], [ -99.374470250295886, 20.059585949675299 ], [ -99.374382048096948, 20.059602004336515 ] ], [ [ -99.374382048096948, 20.059602004336515 ], [ -99.374290599999057, 20.059618649819829 ], [ -99.374161622198073, 20.059642137339715 ] ], [ [ -99.374161622198073, 20.059642137339715 ], [ -99.374149750344046, 20.059644299265297 ], [ -99.374008899651983, 20.059669999341317 ] ], [ [ -99.374008899651983, 20.059669999341317 ], [ -99.373940300460049, 20.059682499644094 ], [ -99.373868049872712, 20.059695649433039 ] ], [ [ -99.373694399649125, 20.059713099703959 ], [ -99.373551749798409, 20.059727449329397 ], [ -99.373484522865823, 20.059734212273099 ] ], [ [ -99.373484522865823, 20.059734212273099 ], [ -99.37340909989986, 20.059741799727306 ], [ -99.373343620348962, 20.059743225472612 ] ], [ [ -99.373343620348962, 20.059743225472612 ], [ -99.373236900241992, 20.059745549185738 ], [ -99.373093500129883, 20.059748699791449 ], [ -99.372950100035908, 20.05975179948441 ], [ -99.372710499521745, 20.059758249777051 ], [ -99.372567100197145, 20.059762149777654 ] ], [ [ -99.372567100197145, 20.059762149777654 ], [ -99.37242369991246, 20.059765999755324 ], [ -99.372280299612171, 20.059769899468357 ] ], [ [ -99.372280299612171, 20.059769899468357 ], [ -99.372136900270419, 20.059773749191717 ], [ -99.371993549843666, 20.059777599626781 ], [ -99.37185015047794, 20.059781498950073 ], [ -99.371706750134834, 20.059785349156865 ], [ -99.371563349783614, 20.059789199228227 ], [ -99.37144944429356, 20.05979229799329 ] ], [ [ -99.37144944429356, 20.05979229799329 ], [ -99.371420000275648, 20.059793099009063 ], [ -99.371398417844901, 20.059793678558517 ] ], [ [ -99.371398417844901, 20.059793678558517 ], [ -99.371276599890507, 20.05979694971596 ], [ -99.37113320047402, 20.05980079939755 ], [ -99.370923300452247, 20.05977449921534 ], [ -99.370835253542822, 20.059763477772602 ] ], [ [ -99.370835253542822, 20.059763477772602 ], [ -99.370781100312058, 20.059756699036857 ], [ -99.370638900199737, 20.059738849761025 ] ], [ [ -99.370638900199737, 20.059738849761025 ], [ -99.370496700142468, 20.059720999445844 ], [ -99.370354500096838, 20.059703199774994 ], [ -99.370212300114432, 20.059685349193973 ], [ -99.370197355120538, 20.05968349245807 ] ], [ [ -99.370197355120538, 20.05968349245807 ], [ -99.370178900264619, 20.059681199663988 ], [ -99.370070100143579, 20.059667549257256 ] ], [ [ -99.370070100143579, 20.059667549257256 ], [ -99.369927900218443, 20.059649699316829 ], [ -99.369667449744625, 20.05962004954737 ], [ -99.369626145038197, 20.059615350584863 ] ], [ [ -99.369626145038197, 20.059615350584863 ], [ -99.369525049953893, 20.059603849667614 ], [ -99.369436852563609, 20.059593785061654 ] ], [ [ -99.369436852563609, 20.059593785061654 ], [ -99.369382650205722, 20.059587599783697 ], [ -99.369104900464066, 20.059570299185392 ] ], [ [ -99.369104900464066, 20.059570299185392 ], [ -99.368961799601195, 20.059561349651446 ], [ -99.368732200389232, 20.059515399400887 ] ], [ [ -99.368732200389232, 20.059515399400887 ], [ -99.368591850327149, 20.059487299601475 ], [ -99.36852034275708, 20.059472957429634 ] ], [ [ -99.36852034275708, 20.059472957429634 ], [ -99.368451500332156, 20.059459149802176 ], [ -99.368394380784977, 20.059447709571227 ] ], [ [ -99.368394380784977, 20.059447709571227 ], [ -99.368311200286428, 20.059431049703274 ], [ -99.368188525738205, 20.059406479617277 ] ], [ [ -99.368188525738205, 20.059406479617277 ], [ -99.368170900298807, 20.059402949475384 ], [ -99.368092816088605, 20.059387315748197 ] ], [ [ -99.368092816088605, 20.059387315748197 ], [ -99.368030550469655, 20.059374849159912 ], [ -99.36789019973088, 20.059346699734323 ], [ -99.36772760041535, 20.059349049838016 ], [ -99.367584149921143, 20.05935109901025 ] ], [ [ -99.367584149921143, 20.05935109901025 ], [ -99.367440750237122, 20.059353199706155 ], [ -99.367297299716583, 20.059355249513764 ], [ -99.367153900050766, 20.059357299161334 ], [ -99.366895550253332, 20.059303599726583 ], [ -99.366711600144271, 20.059273348945343 ] ], [ [ -99.366711600144271, 20.059273348945343 ], [ -99.366570249642578, 20.059250099134047 ], [ -99.366563352360743, 20.059249418671111 ] ], [ [ -99.366563352360743, 20.059249418671111 ], [ -99.366406050453705, 20.05923389978701 ], [ -99.366263349565344, 20.059219849667738 ], [ -99.366244549634303, 20.059217999166009 ], [ -99.366148313580311, 20.059208519492117 ] ], [ [ -99.366148313580311, 20.059208519492117 ], [ -99.366120699565528, 20.059205799390408 ], [ -99.366114442320082, 20.059202506112921 ] ], [ [ -99.366114442320082, 20.059202506112921 ], [ -99.366095999893261, 20.059192799600769 ], [ -99.365990124477946, 20.059136954717587 ] ], [ [ -99.365990124477946, 20.059136954717587 ], [ -99.365900249750993, 20.059089549532793 ], [ -99.365853667506244, 20.05906496585196 ] ], [ [ -99.365853667506244, 20.05906496585196 ], [ -99.36577499972752, 20.059023449098639 ], [ -99.365649749798649, 20.058957399342347 ], [ -99.365551543478247, 20.05890557162628 ] ], [ [ -99.365551543478247, 20.05890557162628 ], [ -99.365524500001953, 20.05889129961604 ], [ -99.365399250317324, 20.05882524966119 ], [ -99.365373116130925, 20.058811467963238 ] ], [ [ -99.365373116130925, 20.058811467963238 ], [ -99.365273999795491, 20.058759199590462 ], [ -99.365148750365151, 20.058693099566209 ], [ -99.365023500087617, 20.058627049296835 ] ], [ [ -99.365023500087617, 20.058627049296835 ], [ -99.364898249942328, 20.058560949057352 ], [ -99.364859136108976, 20.058540322706143 ] ], [ [ -99.364859136108976, 20.058540322706143 ], [ -99.364772999891301, 20.058494899495862 ], [ -99.364647700080582, 20.058428848968834 ], [ -99.364538443080548, 20.058371166399215 ] ], [ [ -99.364538443080548, 20.058371166399215 ], [ -99.364522500183597, 20.058362749297675 ], [ -99.364488340917077, 20.058344735695108 ] ], [ [ -99.364488340917077, 20.058344735695108 ], [ -99.364397249539707, 20.0582966994216 ], [ -99.364131799669153, 20.058203299825909 ] ], [ [ -99.363997399613055, 20.058155949185242 ], [ -99.36386294972327, 20.058108649244836 ], [ -99.363818931116583, 20.058093141198775 ] ], [ [ -99.363818931116583, 20.058093141198775 ], [ -99.363728549837319, 20.058061299276744 ], [ -99.363638117651433, 20.058029484716368 ] ], [ [ -99.363638117651433, 20.058029484716368 ], [ -99.363594100135259, 20.058013999102347 ], [ -99.363576385430861, 20.058007764749419 ] ], [ [ -99.363576385430861, 20.058007764749419 ], [ -99.363459700408669, 20.057966699677554 ], [ -99.363325299845144, 20.057919349341919 ], [ -99.363220174516357, 20.057901301859296 ] ], [ [ -99.363220174516357, 20.057901301859296 ], [ -99.363117349719687, 20.057883649322534 ], [ -99.362976250021958, 20.057859399470281 ] ], [ [ -99.362976250021958, 20.057859399470281 ], [ -99.362835100464466, 20.057835199397765 ], [ -99.362775929409651, 20.057825033625086 ] ], [ [ -99.362775929409651, 20.057825033625086 ], [ -99.362693950009216, 20.057810949307143 ], [ -99.362563628349278, 20.057788551417335 ] ], [ [ -99.362563628349278, 20.057788551417335 ], [ -99.362552850462947, 20.057786699062856 ], [ -99.362537009352152, 20.057783977581156 ] ], [ [ -99.362537009352152, 20.057783977581156 ], [ -99.362411700090973, 20.057762449617275 ], [ -99.362340199933215, 20.057750199052645 ], [ -99.362270549787254, 20.057738199134548 ], [ -99.362129450363625, 20.057713999275506 ] ], [ [ -99.361932349516692, 20.057485299789359 ], [ -99.361841749817998, 20.057380199143623 ], [ -99.361778600247391, 20.057205249487755 ] ], [ [ -99.361732299635037, 20.057076949120216 ], [ -99.36168595015306, 20.05694864971629 ], [ -99.361639649716082, 20.056820349351145 ] ], [ [ -99.361578449927549, 20.056633849035148 ], [ -99.3615359998239, 20.056504399669652 ], [ -99.36151265819241, 20.056433303519359 ] ], [ [ -99.36151265819241, 20.056433303519359 ], [ -99.361493499920186, 20.056374949440663 ], [ -99.361451000109227, 20.056245449344662 ] ], [ [ -99.361408550266617, 20.056115999083872 ], [ -99.361351499561309, 20.055973148997744 ], [ -99.36130079970809, 20.055846348967094 ] ], [ [ -99.36130079970809, 20.055846348967094 ], [ -99.361250149859814, 20.055719499024725 ], [ -99.361221993765554, 20.055649011139604 ] ], [ [ -99.361221993765554, 20.055649011139604 ], [ -99.361199500094685, 20.055592698951102 ], [ -99.361148850406707, 20.055465899781993 ], [ -99.36101750039974, 20.055331449842459 ] ], [ [ -99.360822949919253, 20.055132199335961 ], [ -99.360724949570965, 20.054983399633436 ], [ -99.360718097487933, 20.054972981407943 ] ], [ [ -99.360718097487933, 20.054972981407943 ], [ -99.360675950477912, 20.054908899135178 ], [ -99.360649199794551, 20.05486829966771 ], [ -99.360573450146902, 20.054753199676544 ], [ -99.360503100282685, 20.054624099177452 ] ], [ [ -99.360503100282685, 20.054624099177452 ], [ -99.360437449925456, 20.054503599239656 ], [ -99.360371749786964, 20.054383099325751 ], [ -99.360366931616042, 20.054259963241119 ] ], [ [ -99.360366931616042, 20.054259963241119 ], [ -99.360366449798946, 20.054247649632657 ], [ -99.360366439458474, 20.054247387827036 ] ], [ [ -99.360366439458474, 20.054247387827036 ], [ -99.360361099941215, 20.05411219908887 ], [ -99.360351499846033, 20.053868049727978 ], [ -99.360259399817224, 20.053764099282038 ] ], [ [ -99.360259399817224, 20.053764099282038 ], [ -99.360167349797749, 20.053660199528569 ], [ -99.360015899879429, 20.053489199430768 ] ], [ [ -99.360015899879429, 20.053489199430768 ], [ -99.359903250440709, 20.053405299333512 ], [ -99.359790600182166, 20.053321399142476 ] ], [ [ -99.359790600182166, 20.053321399142476 ], [ -99.35967795004548, 20.053237499780835 ], [ -99.359596433455408, 20.053176788623421 ] ], [ [ -99.359596433455408, 20.053176788623421 ], [ -99.35955609996455, 20.053146749426361 ], [ -99.359556099964536, 20.053146749426361 ] ], [ [ -99.359556099964536, 20.053146749426361 ], [ -99.359278800412426, 20.053147349385334 ], [ -99.359151800187647, 20.053084299790331 ], [ -99.358934150195964, 20.052976349331921 ] ], [ [ -99.358934150195964, 20.052976349331921 ], [ -99.358791800392453, 20.052993199072731 ], [ -99.358649500433273, 20.05301004954838 ] ], [ [ -99.358649500433273, 20.05301004954838 ], [ -99.358507149599745, 20.053026899006049 ], [ -99.358337441311107, 20.053046972954952 ] ], [ [ -99.358337441311107, 20.053046972954952 ], [ -99.358312699850657, 20.053049899499182 ], [ -99.358305691537026, 20.053052253757681 ] ], [ [ -99.358305691537026, 20.053052253757681 ], [ -99.358177550311709, 20.053095299429483 ], [ -99.35803527524908, 20.053143074602659 ] ], [ [ -99.35803527524908, 20.053143074602659 ], [ -99.357987850228199, 20.053158999660383 ], [ -99.357928485122727, 20.05317782171953 ] ], [ [ -99.357928485122727, 20.05317782171953 ], [ -99.35784450010199, 20.053204449668986 ], [ -99.357828059434368, 20.053214058010269 ] ], [ [ -99.357828059434368, 20.053214058010269 ], [ -99.357722499680378, 20.053275749795898 ], [ -99.357600500089589, 20.053347049846188 ], [ -99.357539450668682, 20.053382703389516 ] ], [ [ -99.357539450668682, 20.053382703389516 ], [ -99.357478500401115, 20.053418299026191 ], [ -99.357356499576795, 20.053489599779539 ], [ -99.357302319572284, 20.053521263899544 ] ], [ [ -99.357302319572284, 20.053521263899544 ], [ -99.357234499600935, 20.05356089954984 ], [ -99.357099599752374, 20.053639699104263 ], [ -99.35698909983347, 20.053726199197389 ] ], [ [ -99.35698909983347, 20.053726199197389 ], [ -99.356878649684333, 20.053812649308806 ], [ -99.356819054238912, 20.053859322302923 ] ], [ [ -99.356819054238912, 20.053859322302923 ], [ -99.356768200340426, 20.05389914923413 ], [ -99.356657749909431, 20.053985599198736 ], [ -99.356605361910439, 20.054026627407467 ] ], [ [ -99.356605361910439, 20.054026627407467 ], [ -99.356547300283495, 20.054072098977215 ], [ -99.356436799655157, 20.054158549738997 ] ], [ [ -99.356215899711813, 20.054331499058261 ], [ -99.356105450463573, 20.054417999466267 ], [ -99.355995000146208, 20.054504449007108 ], [ -99.355965562553749, 20.054527492908576 ] ], [ [ -99.355965562553749, 20.054527492908576 ], [ -99.355884499758702, 20.054590949288873 ], [ -99.355774050101004, 20.054677399605985 ] ], [ [ -99.355774050101004, 20.054677399605985 ], [ -99.355663600288821, 20.054763899720331 ], [ -99.355553150366973, 20.054850348984228 ], [ -99.355409949625084, 20.054962449548619 ], [ -99.355297950226699, 20.055047149741615 ] ], [ [ -99.35518594974674, 20.055131848935488 ], [ -99.355073950068359, 20.05521654897662 ], [ -99.35496195023228, 20.055301249848178 ] ], [ [ -99.35496195023228, 20.055301249848178 ], [ -99.35480730022158, 20.055418248972309 ], [ -99.354798949880276, 20.055424549461343 ], [ -99.354671100465737, 20.055486049587753 ], [ -99.354564599961265, 20.055537341120552 ] ], [ [ -99.354564599961265, 20.055537341120552 ], [ -99.354543299860367, 20.055547599427111 ], [ -99.354480622949083, 20.055577760852749 ] ], [ [ -99.354480622949083, 20.055577760852749 ], [ -99.354415500112154, 20.055609099308381 ], [ -99.35437897160854, 20.055626670683829 ] ], [ [ -99.35437897160854, 20.055626670683829 ], [ -99.354287650349505, 20.05567059912245 ], [ -99.354082500218681, 20.055769349382199 ] ], [ [ -99.354082500218681, 20.055769349382199 ], [ -99.353940549891519, 20.055788799464263 ], [ -99.353798599523614, 20.055808249413854 ], [ -99.353763099686617, 20.055813111881498 ] ], [ [ -99.353763099686617, 20.055813111881498 ], [ -99.353656600175654, 20.055827699284428 ], [ -99.353480200385391, 20.055851899811842 ] ], [ [ -99.353480200385391, 20.055851899811842 ], [ -99.353345700233035, 20.055898949073008 ], [ -99.353211150071047, 20.055945999159846 ], [ -99.353141007209331, 20.055970510018621 ] ], [ [ -99.353141007209331, 20.055970510018621 ], [ -99.35307664972882, 20.055992999222475 ], [ -99.352909190834268, 20.056065372852341 ] ], [ [ -99.352909190834268, 20.056065372852341 ], [ -99.352817849619058, 20.056104849377725 ], [ -99.352692800245435, 20.056117249395669 ] ], [ [ -99.352692800245435, 20.056117249395669 ], [ -99.352555099553484, 20.056155349705424 ], [ -99.352417499525913, 20.05619349970663 ] ], [ [ -99.352417499525913, 20.05619349970663 ], [ -99.352279799638382, 20.056231599786081 ], [ -99.35214214957206, 20.056269699705773 ], [ -99.352004500372672, 20.056307849389469 ], [ -99.351866850151495, 20.056345949062248 ], [ -99.351729199820184, 20.056384099388637 ], [ -99.351510749870258, 20.056444587511464 ] ], [ [ -99.351510749870258, 20.056444587511464 ], [ -99.351482900240484, 20.056452298988749 ], [ -99.351346449777722, 20.056494099614781 ] ], [ [ -99.351073499693229, 20.056577649779037 ], [ -99.350937049955022, 20.056619449152223 ], [ -99.350800600130256, 20.056661199440008 ] ], [ [ -99.350800600130256, 20.056661199440008 ], [ -99.350664150206015, 20.056702999477501 ], [ -99.350527700197603, 20.056744799393947 ] ], [ [ -99.350527700197603, 20.056744799393947 ], [ -99.350383899881265, 20.05678879938063 ], [ -99.350240650211333, 20.056795899790874 ], [ -99.350097399616217, 20.056802899401301 ] ], [ [ -99.350097399616217, 20.056802899401301 ], [ -99.349954149932174, 20.056809949670498 ], [ -99.349810149833516, 20.056817049265632 ], [ -99.349697381475139, 20.056796345598087 ] ], [ [ -99.349697381475139, 20.056796345598087 ], [ -99.349669349530885, 20.05679119908303 ], [ -99.349633273522684, 20.056784575877273 ] ], [ [ -99.349633273522684, 20.056784575877273 ], [ -99.349528550223397, 20.056765349693638 ], [ -99.349300356561841, 20.056723473160563 ] ], [ [ -99.349300356561841, 20.056723473160563 ], [ -99.349279249997053, 20.056719599828796 ], [ -99.349274399669525, 20.056718699039241 ] ], [ [ -99.349274399669525, 20.056718699039241 ], [ -99.349092650283495, 20.05668294955646 ], [ -99.348923599652068, 20.056627748949293 ], [ -99.34878799980136, 20.056583499355401 ] ], [ [ -99.34878799980136, 20.056583499355401 ], [ -99.3486524000554, 20.056539199771478 ], [ -99.348379499686544, 20.056490899819707 ], [ -99.348238549968329, 20.05646589894334 ] ], [ [ -99.347770650127444, 20.056407749831006 ], [ -99.347628000023008, 20.056393299476674 ], [ -99.347485399847699, 20.056378848953901 ], [ -99.347294758194423, 20.056405605033678 ] ], [ [ -99.347294758194423, 20.056405605033678 ], [ -99.347235300239291, 20.056413949809141 ], [ -99.347117049855555, 20.056430532956185 ] ], [ [ -99.347117049855555, 20.056430532956185 ], [ -99.347093399778799, 20.056433849585595 ], [ -99.346869900351038, 20.056548399602903 ], [ -99.346793510109265, 20.056587563713997 ] ], [ [ -99.346793510109265, 20.056587563713997 ], [ -99.346743800003296, 20.056613049326657 ], [ -99.346731552896571, 20.056619317283815 ] ], [ [ -99.346731552896571, 20.056619317283815 ], [ -99.346682349746743, 20.056644499005671 ], [ -99.34661769955224, 20.056677649078825 ], [ -99.346491599905448, 20.056742299523975 ], [ -99.346456708278453, 20.056762716243842 ] ], [ [ -99.346456708278453, 20.056762716243842 ], [ -99.346282250143432, 20.056864799843176 ], [ -99.346160299641554, 20.056936198951824 ], [ -99.346038300070745, 20.057007549053846 ], [ -99.34596799709287, 20.05704868168122 ] ], [ [ -99.34596799709287, 20.05704868168122 ], [ -99.345916350270571, 20.05707889902849 ], [ -99.34590805989771, 20.057083752970744 ] ], [ [ -99.34590805989771, 20.057083752970744 ], [ -99.345794400306858, 20.057150299687041 ], [ -99.34569909977418, 20.057304099020307 ], [ -99.34560563792374, 20.057468945618705 ] ], [ [ -99.34560563792374, 20.057468945618705 ], [ -99.345565749805417, 20.057539299678588 ], [ -99.345555009731612, 20.057572252700883 ] ], [ [ -99.345555009731612, 20.057572252700883 ], [ -99.345522500335917, 20.057671999021103 ], [ -99.345480250001984, 20.057801499615916 ], [ -99.345466677020738, 20.057932659302445 ] ], [ [ -99.345466677020738, 20.057932659302445 ], [ -99.345466150298805, 20.057937749170435 ], [ -99.345452149911623, 20.058072699297021 ], [ -99.345478850453418, 20.058236799666624 ] ], [ [ -99.345478850453418, 20.058236799666624 ], [ -99.345500649935914, 20.058370799191746 ], [ -99.345568150113294, 20.05863269954374 ], [ -99.345608949912403, 20.058780699739089 ], [ -99.34564515043796, 20.058911849206577 ], [ -99.345681300139674, 20.059043049475946 ] ], [ [ -99.345681300139674, 20.059043049475946 ], [ -99.345717499846103, 20.05917419894142 ], [ -99.34575369960487, 20.059305349320766 ], [ -99.345756251799003, 20.059314608573651 ] ], [ [ -99.345756251799003, 20.059314608573651 ], [ -99.345789849533773, 20.059436499741473 ], [ -99.345845300021466, 20.05961854979418 ], [ -99.345885000061926, 20.059748799348615 ], [ -99.345924700160879, 20.059879049814896 ] ], [ [ -99.346030450248406, 20.060122849533556 ], [ -99.346117049571774, 20.060357599577458 ] ] ] } },
{ "type": "Feature", "properties": { "id": null, "cve_subc": null, "clave50k": null, "tipo": null, "entidad": null, "fc": null, "condicion": null, "edicion": null, "fecha": null, "lengthm": null, "id_drena": null, "flowdir": null, "enabled": null, "desc_enabl": null, "cali_repr": null, "sequenceid": null, "order_1": null, "level_1": null, "arbsum_1": null, "pathl_1": null, "layer": null, "path": null, "fid": null, "nombre": null, "SHAPE__Length": null, "Pais": null, "fid_2": "1", "id_2": "36", "nombre_2": "Río Tula", "SHAPE__Length_2": "190390.095569" }, "geometry": { "type": "MultiLineString", "coordinates": [ [ [ -99.340037094004998, 20.039370576480867 ], [ -99.339934761385734, 20.041162413273387 ], [ -99.339877218664256, 20.041265135443517 ] ], [ [ -99.339877218664256, 20.041265135443517 ], [ -99.339452517299762, 20.042023289467053 ], [ -99.337967452668906, 20.042403573795237 ] ], [ [ -99.337967452668906, 20.042403573795237 ], [ -99.336780004552011, 20.042408240785779 ], [ -99.336633899783322, 20.042692635412703 ] ], [ [ -99.336633899783322, 20.042692635412703 ], [ -99.336478611437158, 20.042994905979704 ] ], [ [ -99.336478611437158, 20.042994905979704 ], [ -99.336303626867362, 20.043335515474475 ], [ -99.336966802303095, 20.044498709546552 ], [ -99.33731385821946, 20.045514111772565 ], [ -99.337130263215457, 20.046414913559897 ] ], [ [ -99.337130263215457, 20.046414913559897 ], [ -99.336992638321533, 20.047090164779796 ] ], [ [ -99.336992638321533, 20.047090164779796 ], [ -99.337343141814472, 20.047874329551991 ] ], [ [ -99.337343141814472, 20.047874329551991 ], [ -99.337576275713161, 20.048395908920664 ], [ -99.337979956554648, 20.049247203641571 ] ], [ [ -99.337979956554648, 20.049247203641571 ], [ -99.338161337575329, 20.049629705582475 ], [ -99.337680012395751, 20.051052211870438 ], [ -99.337669290153912, 20.051065880318223 ] ], [ [ -99.337669290153912, 20.051065880318223 ], [ -99.336503892136591, 20.0525515007877 ] ], [ [ -99.336503892136591, 20.0525515007877 ], [ -99.336474194597287, 20.054062408899348 ], [ -99.337750781990096, 20.055020455537477 ] ], [ [ -99.359967793928377, 20.157487996171042 ], [ -99.359174232981786, 20.159354414330629 ], [ -99.358699623628482, 20.161162654922769 ], [ -99.357988101581029, 20.163423024924651 ], [ -99.35708225798065, 20.164690432137707 ], [ -99.355966506266668, 20.166255703942554 ], [ -99.355029665622311, 20.167633082913369 ], [ -99.354256220120945, 20.169248516711605 ], [ -99.352775183945795, 20.170950235848128 ], [ -99.351469248841838, 20.171431330588579 ], [ -99.349867924504508, 20.171547357110867 ], [ -99.348859751011872, 20.172393527092044 ], [ -99.348753358528285, 20.173903260607631 ], [ -99.348051397751306, 20.174682792857038 ], [ -99.346900434326315, 20.17509457517302 ], [ -99.346574454471224, 20.176168590444675 ], [ -99.347463574671735, 20.177479776127694 ], [ -99.349275675464739, 20.178375183895373 ], [ -99.350711784065666, 20.178976088550165 ], [ -99.350683625315156, 20.180415216572289 ], [ -99.350017614538018, 20.180951675453269 ], [ -99.348763263319313, 20.181245480264661 ], [ -99.346905890378252, 20.181065683802146 ], [ -99.345708203192174, 20.179938402180522 ], [ -99.345148891839884, 20.178950932778353 ], [ -99.344303143857303, 20.179224070642128 ], [ -99.344148133671894, 20.180394026519163 ], [ -99.34433620269786, 20.181456061578601 ], [ -99.34348577879949, 20.18208902080228 ], [ -99.342355924549466, 20.18142142330414 ], [ -99.339408773845079, 20.180002183579123 ], [ -99.336536647950979, 20.178800146187019 ], [ -99.335237660219576, 20.178921322685493 ], [ -99.334463336562905, 20.180078135380356 ], [ -99.33338241689998, 20.181317983481126 ], [ -99.332793123819968, 20.182222421433657 ], [ -99.331356812820275, 20.181999383767209 ], [ -99.330616878078175, 20.181287540037594 ], [ -99.329646828838889, 20.18019076771202 ], [ -99.328353061551354, 20.180168015206998 ], [ -99.327186807302596, 20.181227216187821 ], [ -99.324886057029218, 20.181978503641243 ], [ -99.322524122236786, 20.181936884203022 ], [ -99.320166236088255, 20.181448108996477 ], [ -99.318434623266938, 20.181345563794103 ], [ -99.316521537623771, 20.181918800072843 ], [ -99.314878792998698, 20.183025600436192 ], [ -99.31341566215697, 20.18451814029077 ], [ -99.312313227425022, 20.185499577829088 ], [ -99.310545213526368, 20.186260081560857 ], [ -99.308860174467654, 20.186590143095639 ], [ -99.30755144928942, 20.18610898638989 ], [ -99.306354045148467, 20.184981390335246 ], [ -99.305012571876716, 20.184578415252332 ], [ -99.303486897294761, 20.184623317269548 ], [ -99.301438376192095, 20.184155044181047 ], [ -99.299537914712189, 20.184089526251302 ], [ -99.29808218581492, 20.184239340134308 ], [ -99.296988162682595, 20.185515546519326 ], [ -99.296727081563475, 20.187166484426481 ], [ -99.295709836294449, 20.188444052046734 ], [ -99.294163982075062, 20.189496251349578 ], [ -99.29344580306163, 20.19106706348138 ], [ -99.291897566630908, 20.192235961105673 ], [ -99.290433672604635, 20.193028864936228 ], [ -99.288367775147151, 20.193423892350395 ], [ -99.28639070492811, 20.193100654492227 ], [ -99.284484201732283, 20.193210547054946 ], [ -99.283096660292045, 20.193905559238512 ], [ -99.281410969898559, 20.194379276687211 ], [ -99.280020509391775, 20.195218174980958 ], [ -99.279458665608672, 20.196647766412102 ], [ -99.279110047289706, 20.197862960892778 ], [ -99.278500647715234, 20.198790088578814 ], [ -99.277279683580048, 20.198840190051243 ], [ -99.275993481201738, 20.198313250620838 ], [ -99.274387925197431, 20.198500397075936 ], [ -99.273664213914117, 20.199258817618503 ], [ -99.27199091879794, 20.200184957878012 ], [ -99.270672809389652, 20.201241026586935 ], [ -99.269604011598304, 20.20136578498029 ], [ -99.268387376652313, 20.20119994493372 ], [ -99.26671512412841, 20.200881931186849 ], [ -99.265409541952792, 20.201434298029753 ], [ -99.26214011290989, 20.204686636197522 ], [ -99.260357004584648, 20.206166139296556 ], [ -99.258614024693642, 20.208034041485003 ], [ -99.257754287447725, 20.209098278176906 ], [ -99.255811585419835, 20.210862791757613 ], [ -99.252559003669845, 20.211723919638604 ], [ -99.251011577558742, 20.213651396306727 ], [ -99.250412642436629, 20.215232710707628 ], [ -99.250176540679334, 20.21692375007941 ], [ -99.251018291083824, 20.218051624734741 ], [ -99.251021577593008, 20.219072501272759 ], [ -99.249148444740257, 20.219884270719344 ], [ -99.246604399017556, 20.221205890674369 ], [ -99.24488508307337, 20.223190290935253 ], [ -99.242858783352787, 20.225385058992476 ], [ -99.2415775859034, 20.22755309295151 ], [ -99.240986664578443, 20.230264762375828 ], [ -99.23907595033748, 20.231966200301596 ], [ -99.236810393276201, 20.233985384422244 ], [ -99.235582163131895, 20.238138209016782 ], [ -99.234708821637767, 20.239849976525093 ], [ -99.23232878900329, 20.240526500264902 ], [ -99.228744503430036, 20.240533152610766 ], [ -99.226408402018151, 20.239649934315665 ], [ -99.223435282321589, 20.239140475121108 ], [ -99.219778625181888, 20.238929635690791 ], [ -99.215966815246091, 20.238787852119575 ], [ -99.21298213603221, 20.239309020928538 ], [ -99.210210727743359, 20.240553909414363 ], [ -99.208056637150165, 20.24145016212227 ], [ -99.206653489548387, 20.242624899687321 ], [ -99.205218168618799, 20.244542139317851 ], [ -99.20411617077319, 20.246951836131238 ], [ -99.204029894132276, 20.249965189920331 ], [ -99.202719044234186, 20.251666481586064 ], [ -99.200441911885818, 20.252228213507561 ], [ -99.199242787096608, 20.251778162459726 ], [ -99.197554341053944, 20.251406935248792 ], [ -99.195785402553497, 20.252022182019704 ], [ -99.195294809463803, 20.253668831455851 ], [ -99.195897669474448, 20.254836287308358 ], [ -99.197469402650682, 20.255508633177353 ], [ -99.199133808360571, 20.256115219375097 ], [ -99.200257624217443, 20.257071765428382 ], [ -99.200615667275514, 20.258230159431189 ], [ -99.199989269615017, 20.259010479009852 ], [ -99.198921440032251, 20.259062787325838 ], [ -99.197544705906935, 20.259181378058113 ], [ -99.196915305065644, 20.260105605695333 ], [ -99.197502979872937, 20.261196259480649 ], [ -99.19917134677091, 20.261730931509021 ], [ -99.199452537308176, 20.262887916378567 ], [ -99.198746276154878, 20.263810739962071 ], [ -99.197290568091489, 20.264143836372224 ], [ -99.195623670161993, 20.263537181424844 ], [ -99.193733099138186, 20.262710415501207 ], [ -99.191894021263025, 20.263108368366371 ], [ -99.191318703743462, 20.264318126812441 ], [ -99.190813382903968, 20.26747965731392 ], [ -99.190793199413449, 20.270998201811988 ], [ -99.192795605200146, 20.271187684100738 ], [ -99.194488529997486, 20.270427075478214 ], [ -99.196473964412974, 20.270391728847997 ], [ -99.197827549340218, 20.271280552391438 ], [ -99.198950904659213, 20.27238108481238 ], [ -99.198845740417028, 20.273746925523355 ], [ -99.197442029469727, 20.275160814089787 ], [ -99.196448586013631, 20.275907722616196 ], [ -99.195483588473238, 20.277716273810505 ], [ -99.19567598487879, 20.279447552962615 ], [ -99.196638204826357, 20.280905080966971 ], [ -99.197923971166588, 20.28136072560963 ], [ -99.199682858414562, 20.281249166954478 ], [ -99.201627955330139, 20.281080363911713 ], [ -99.202805319831114, 20.281666045838225 ], [ -99.203524206341498, 20.283623541887568 ], [ -99.204708796329783, 20.285373069507617 ], [ -99.206970378188643, 20.286638461126909 ], [ -99.209029947533125, 20.286748286186246 ], [ -99.210845561571261, 20.287501507378426 ], [ -99.211349181499841, 20.288950531692414 ], [ -99.21193561505477, 20.290113118039681 ], [ -99.213138157731805, 20.290999044097898 ], [ -99.214424996229994, 20.291526558412993 ], [ -99.215315074535937, 20.292766688613977 ], [ -99.215362885378156, 20.29406337429922 ], [ -99.214961103171404, 20.295135854386203 ], [ -99.214510062904807, 20.296732900298402 ], [ -99.214355749828286, 20.298508275388262 ], [ -99.215234023605589, 20.300324113240084 ], [ -99.215810732666242, 20.301846466908927 ], [ -99.216302155410276, 20.303309437670947 ], [ -99.217233739022021, 20.305223746947867 ], [ -99.218756231048289, 20.307155666672699 ], [ -99.220567737604057, 20.308124675532444 ], [ -99.222685873082739, 20.309027274647111 ], [ -99.224199688053758, 20.309630848726034 ], [ -99.224712035765194, 20.311251201398186 ], [ -99.224142100577652, 20.312437423027664 ], [ -99.222772575092804, 20.313584663675513 ], [ -99.221890308351774, 20.314412022975301 ], [ -99.220551303340713, 20.315592681699989 ], [ -99.219673635297269, 20.317013614190468 ], [ -99.218966586783495, 20.319253938813144 ], [ -99.219311640981061, 20.321060027837891 ], [ -99.220732422374653, 20.322453840332287 ], [ -99.221930876324862, 20.323555614852904 ], [ -99.222883350788024, 20.325516781136464 ], [ -99.223151580847613, 20.327321466416674 ], [ -99.223648095477174, 20.329130321226849 ], [ -99.224185846419317, 20.33057033680921 ], [ -99.223743352387615, 20.331867742721958 ], [ -99.222263327929241, 20.33335253634532 ], [ -99.222371516264758, 20.334639595078823 ], [ -99.223651771816463, 20.336329565002067 ], [ -99.224531772495936, 20.338196452296749 ], [ -99.226179176956776, 20.339687333057253 ], [ -99.228146993727407, 20.34044314369493 ], [ -99.231056402968832, 20.340064205454031 ], [ -99.231776950515581, 20.3420931080808 ], [ -99.23143345011222, 20.343958653755159 ], [ -99.230482469960165, 20.345669152524625 ], [ -99.229682325365232, 20.347526381831884 ], [ -99.229866414867004, 20.349689516107127 ], [ -99.230434101152284, 20.35178821569647 ], [ -99.230032922493436, 20.353533114181069 ], [ -99.22808003352705, 20.354502592022229 ], [ -99.227105514963796, 20.355596465530017 ], [ -99.226027474645321, 20.358688950281408 ], [ -99.226030005315238, 20.36032386953368 ], [ -99.226654921744228, 20.361624348196713 ], [ -99.227839115706644, 20.362971868744751 ], [ -99.229107527182506, 20.36443485940806 ], [ -99.229239782394984, 20.365373187896939 ], [ -99.228001069407085, 20.366214536767284 ], [ -99.226409689932353, 20.365609568735394 ], [ -99.224578170932901, 20.36557615115597 ], [ -99.222586359911205, 20.365971746553505 ], [ -99.220522060128559, 20.36615000883987 ], [ -99.218158979195081, 20.365890816363446 ], [ -99.216013315807345, 20.366283511553494 ], [ -99.21507680429626, 20.367274277744347 ], [ -99.215426374749754, 20.368864547241014 ], [ -99.216387962364209, 20.370394027162789 ], [ -99.217729352850327, 20.371930453780443 ], [ -99.219772474562404, 20.372903745142228 ], [ -99.221887183779458, 20.374022307508749 ], [ -99.223392856450445, 20.375057726757326 ], [ -99.224587366982263, 20.376375430592962 ], [ -99.225401175946388, 20.377614185274549 ], [ -99.225874317860473, 20.379517917812034 ], [ -99.22502648256426, 20.380991094409154 ], [ -99.223636708828025, 20.381685675861409 ], [ -99.221558861653889, 20.382511665530707 ], [ -99.22008565682907, 20.383636660966285 ], [ -99.219184229955857, 20.385606561236184 ], [ -99.218584483717379, 20.387523020858751 ], [ -99.217760616956156, 20.388993772124799 ], [ -99.217487808395504, 20.391148639935047 ], [ -99.217599275315592, 20.393094556329228 ], [ -99.217553363701654, 20.395325577219751 ], [ -99.217401285440459, 20.397690148910158 ], [ -99.217527613054443, 20.399615371635303 ], [ -99.218247901628587, 20.40107810313847 ], [ -99.219561945182932, 20.402205878553929 ], [ -99.220647182573003, 20.40288218084558 ], [ -99.223261407634624, 20.403709414178415 ], [ -99.225441944212307, 20.404575175897275 ], [ -99.225924213098935, 20.406155983200659 ], [ -99.225534141528414, 20.40828664565618 ], [ -99.224584111739219, 20.409925230866367 ], [ -99.22197128560569, 20.411013603660741 ], [ -99.219604687140375, 20.410770245544537 ], [ -99.217626084374857, 20.410374083844193 ], [ -99.216474199459071, 20.410712990672017 ], [ -99.2156290538734, 20.411924298700779 ], [ -99.216031142077796, 20.413656744715535 ], [ -99.217154905575242, 20.414685262271728 ], [ -99.218972282963733, 20.415438467616635 ], [ -99.219794600423924, 20.416389457234811 ], [ -99.219843978001066, 20.417614307469904 ], [ -99.219826857145463, 20.419148605919091 ], [ -99.22054677519337, 20.420050670026328 ], [ -99.222110997175434, 20.421070762702488 ], [ -99.223184051754174, 20.42117709016372 ], [ -99.224143493750418, 20.420841985565918 ], [ -99.224985048834128, 20.420156078495936 ], [ -99.226369304626687, 20.419749342759001 ], [ -99.227967224281898, 20.420066458036683 ], [ -99.229538713085176, 20.420382507290576 ], [ -99.230711188710004, 20.420332426618092 ], [ -99.231542132317216, 20.420632705893951 ], [ -99.231219226798174, 20.422070170685661 ], [ -99.230501253234209, 20.423652375544886 ], [ -99.229544925272094, 20.425126493647351 ], [ -99.228347661057697, 20.425914228664372 ], [ -99.227028037697124, 20.427389085568212 ], [ -99.226675299173124, 20.428518741140998 ], [ -99.226916567556756, 20.429422257940956 ], [ -99.228230774220279, 20.430324353005236 ], [ -99.229313700788268, 20.430657014516427 ], [ -99.230993230525627, 20.431224457389501 ], [ -99.23206729589262, 20.432577944883683 ], [ -99.233125684619651, 20.434580819580006 ], [ -99.2336937895776, 20.436679089111983 ], [ -99.23342168004568, 20.438690083941346 ], [ -99.232260751298043, 20.439460945779746 ], [ -99.230346849856204, 20.439642110316914 ], [ -99.228740769131875, 20.439828856532188 ], [ -99.228119595948584, 20.440321528216252 ], [ -99.228246782739674, 20.441393047062284 ], [ -99.229571458881736, 20.443198989683399 ], [ -99.230294703119199, 20.444887396534913 ], [ -99.230411837096128, 20.446920226015337 ], [ -99.230150698325772, 20.449214324229398 ], [ -99.22910365252369, 20.450879576590523 ], [ -99.229345338206215, 20.452117595396832 ], [ -99.230838829207443, 20.452970786500256 ], [ -99.231343280029137, 20.454419945212841 ], [ -99.230926946086441, 20.456068346998176 ], [ -99.229070590995022, 20.457186537187383 ], [ -99.226616572204179, 20.457645819801609 ], [ -99.224626366315263, 20.457897527367141 ], [ -99.223530912971341, 20.459101530462533 ], [ -99.222511855216794, 20.46045091873377 ], [ -99.220661290786339, 20.461281120473426 ], [ -99.217907625387056, 20.461446796145701 ], [ -99.215218207889507, 20.461063112546128 ], [ -99.213009729967411, 20.461861159157785 ], [ -99.212216644524929, 20.46321462440196 ], [ -99.212416942093682, 20.464586287416594 ], [ -99.213158089032845, 20.465751859653476 ], [ -99.215521983884628, 20.465939135373095 ], [ -99.21757447815169, 20.466408679534563 ], [ -99.218538265373766, 20.467866296705004 ], [ -99.219577565741716, 20.46939728977992 ], [ -99.220983836027429, 20.47122184404266 ], [ -99.221341339201857, 20.472911020385119 ], [ -99.221103771907394, 20.473814904730464 ], [ -99.221824140403569, 20.474943778109314 ], [ -99.223022750640496, 20.475167483680785 ], [ -99.224104793684845, 20.47415427802127 ], [ -99.226258695218363, 20.471097551808676 ], [ -99.227216274693205, 20.470870090414667 ], [ -99.228176798673445, 20.471320155758203 ], [ -99.227937046150842, 20.472567568186033 ], [ -99.22698051851529, 20.474033228951001 ], [ -99.226264806250754, 20.475841166423486 ], [ -99.226037408854154, 20.477423295859914 ], [ -99.224887164635689, 20.478710237604545 ], [ -99.223413490958563, 20.479691362925234 ], [ -99.221641127982878, 20.480451019517151 ], [ -99.220702386239111, 20.481513887736138 ], [ -99.220215705441291, 20.482945012272221 ], [ -99.220257708280286, 20.484529796571678 ], [ -99.220400265525441, 20.485906085240675 ], [ -99.22148719169958, 20.487820635955146 ], [ -99.22197007166433, 20.489852284120889 ], [ -99.22208648399149, 20.49226729903188 ], [ -99.221850527196068, 20.494262020411242 ], [ -99.223418796083251, 20.494307648229235 ], [ -99.225207688058816, 20.493806217235747 ], [ -99.226122183817807, 20.492988921239537 ], [ -99.227604168860196, 20.492781778646432 ], [ -99.229000004974978, 20.494193366550231 ], [ -99.229278982902002, 20.495494469662567 ], [ -99.228633935891494, 20.497138756713671 ], [ -99.227603375340379, 20.498920026421171 ], [ -99.226723815230727, 20.500848045288517 ], [ -99.226658674781945, 20.502497229966988 ], [ -99.227504240837078, 20.503516691211878 ], [ -99.229776432953969, 20.503513843050914 ], [ -99.231935504439761, 20.503393247267216 ], [ -99.233854821725316, 20.504637432891428 ], [ -99.235295737010503, 20.50632532536682 ], [ -99.236921029257616, 20.506649650372811 ], [ -99.238079029453829, 20.506166655623378 ], [ -99.239299844045618, 20.506260804912049 ], [ -99.240206267351908, 20.506781257280199 ], [ -99.240573548616808, 20.508125905327606 ], [ -99.240577768547709, 20.510158479460333 ], [ -99.240945253634948, 20.512083120721702 ], [ -99.24202006171916, 20.513318699411915 ], [ -99.243823211650181, 20.513542988942991 ], [ -99.245948735615457, 20.513540076066693 ], [ -99.247776225541543, 20.514106061018847 ], [ -99.248949294837701, 20.515366613767871 ], [ -99.248770378043361, 20.516587419045287 ], [ -99.24790677894724, 20.517268587433527 ], [ -99.246342065988415, 20.517271470099455 ], [ -99.244397429574875, 20.517372345647544 ], [ -99.24323441865333, 20.518215316864193 ], [ -99.24289356650722, 20.519937205380284 ], [ -99.242626770737076, 20.521804442630653 ], [ -99.242204489550517, 20.523740869212574 ], [ -99.242404140466832, 20.525517344228358 ], [ -99.243481056742056, 20.526537521499101 ], [ -99.245397984574979, 20.527211744518645 ], [ -99.246703578420906, 20.527998483250364 ], [ -99.247053937066383, 20.529588887944996 ], [ -99.247084548486527, 20.531158203000189 ], [ -99.24697376069949, 20.533286816623097 ], [ -99.247484051987911, 20.534708898083331 ], [ -99.248409436318695, 20.535373091183658 ], [ -99.249920350455469, 20.535184949899783 ], [ -99.251682524329581, 20.534598225315136 ], [ -99.25359824444746, 20.534747323677013 ], [ -99.255105951533594, 20.535782563980934 ], [ -99.256386514302619, 20.536741691921588 ], [ -99.25860386570973, 20.537214226111704 ], [ -99.26032218299801, 20.53736478618103 ], [ -99.262398413594894, 20.536842551860079 ], [ -99.264114767899216, 20.536376753779304 ], [ -99.265565959645016, 20.536402827041812 ], [ -99.266158304211416, 20.537349508552275 ], [ -99.266513285719014, 20.53872394909995 ], [ -99.26779737410601, 20.539395030596236 ], [ -99.270089480752461, 20.539508154177888 ], [ -99.271853623897513, 20.539179760243357 ], [ -99.273463232783669, 20.538992587154091 ], [ -99.27504815347109, 20.540029012701815 ], [ -99.277100529244208, 20.540569758277066 ], [ -99.278631683094702, 20.54045312947714 ], [ -99.280468484579742, 20.540341945624618 ], [ -99.281903790198854, 20.54115961742912 ], [ -99.282409118122501, 20.542608708821852 ], [ -99.282359875380834, 20.544098927676931 ], [ -99.282326573668968, 20.546711443029455 ], [ -99.282608471499458, 20.548616356246939 ], [ -99.284431653882379, 20.550385484014178 ], [ -99.285676228350823, 20.551235439915235 ], [ -99.287170546106879, 20.551879494551265 ], [ -99.289871441132775, 20.551670195707231 ], [ -99.291879745249645, 20.550697876196239 ], [ -99.293792253238408, 20.550659878018603 ], [ -99.295447899365556, 20.551305016266035 ], [ -99.297368711759901, 20.552657308441333 ], [ -99.299407548267382, 20.554009400987098 ], [ -99.30036800092337, 20.555588412848032 ], [ -99.300736115844202, 20.557168825386928 ], [ -99.301803090676799, 20.559082526109144 ], [ -99.303381582818602, 20.560101542150392 ], [ -99.305414792511343, 20.560658010527618 ], [ -99.307459261742068, 20.560771285499413 ], [ -99.309856985232614, 20.56031587428085 ], [ -99.311292886398931, 20.559066705701454 ], [ -99.312973012151872, 20.558611612266265 ], [ -99.314764871651732, 20.558833723518003 ], [ -99.316573204898845, 20.560529639396552 ], [ -99.317413334030462, 20.562238528294618 ], [ -99.31775648891697, 20.56411668728413 ], [ -99.317129349645413, 20.56489768639473 ], [ -99.315587937322235, 20.565518560455551 ], [ -99.313974751807066, 20.565994142423012 ], [ -99.313417908891495, 20.566992382724134 ], [ -99.313470558204855, 20.568098328847039 ], [ -99.314308207219895, 20.569569075055146 ], [ -99.314679274206867, 20.572222222117734 ], [ -99.314894703672522, 20.573498863353493 ], [ -99.315873180783498, 20.574308170016572 ], [ -99.318000416154604, 20.574993696225558 ], [ -99.320583639122674, 20.575759222877331 ], [ -99.323170725453423, 20.576452769410455 ], [ -99.325243682731696, 20.577328875760799 ], [ -99.326877059795663, 20.578392843502687 ], [ -99.327406665810315, 20.579619990535019 ], [ -99.327648519122704, 20.58054159287046 ], [ -99.32801669572396, 20.581773278095103 ], [ -99.327855826210538, 20.583087528622627 ], [ -99.328844417066222, 20.583392894081506 ], [ -99.329774475822305, 20.582761157821839 ], [ -99.330794369149032, 20.581482942520488 ], [ -99.332041526204719, 20.580280708140936 ], [ -99.333825946516981, 20.578943864331478 ], [ -99.335841872333162, 20.577467040282919 ], [ -99.338374731867219, 20.577007299095683 ], [ -99.340196870759598, 20.577173507762204 ], [ -99.342354962593006, 20.576788797654693 ], [ -99.344507792350456, 20.575936216620786 ], [ -99.346914959970647, 20.575742317401339 ], [ -99.349173721440593, 20.576115597587556 ], [ -99.351013983157003, 20.57695384897622 ], [ -99.351477323132954, 20.578009664154024 ], [ -99.351557483172314, 20.579325289833132 ], [ -99.35130285073447, 20.580766064594631 ], [ -99.350634134880067, 20.582322100643665 ], [ -99.352000452615187, 20.583385687810289 ], [ -99.354417081456504, 20.583329605825366 ], [ -99.355547141132661, 20.582562846446685 ], [ -99.357398118760415, 20.582244591467379 ], [ -99.359451876228221, 20.582270579694697 ], [ -99.360990464733376, 20.581793214840378 ], [ -99.36185597935301, 20.580512122303798 ], [ -99.361884102447206, 20.579072511812068 ], [ -99.362519483465562, 20.577859437220017 ], [ -99.363900725660869, 20.577667339245544 ], [ -99.365567040154232, 20.578416223572354 ], [ -99.366672259007302, 20.580523480821476 ], [ -99.367554414776535, 20.582338855298005 ], [ -99.368256865585749, 20.585591225271042 ], [ -99.368207238048981, 20.587643365550726 ], [ -99.36835102673983, 20.588545066042226 ], [ -99.369642708479333, 20.5889994136379 ], [ -99.371021251697343, 20.588951213446514 ], [ -99.372766188684921, 20.589629373451498 ], [ -99.374199777290627, 20.590590168804187 ], [ -99.376788821231642, 20.59121083020753 ], [ -99.379011766934966, 20.591461151524101 ], [ -99.380392180836338, 20.590696812725053 ], [ -99.382410563371423, 20.589075396476336 ], [ -99.384324983246913, 20.588964279712542 ], [ -99.386372588049483, 20.589935503588684 ], [ -99.388130039662016, 20.592461460200784 ], [ -99.388338461407386, 20.595009603948668 ], [ -99.389068299782991, 20.596750250690459 ], [ -99.390177607723004, 20.597426385251783 ], [ -99.392117782385952, 20.597234533003597 ], [ -99.393739030794251, 20.596470224180973 ], [ -99.395413704301248, 20.59693090688733 ], [ -99.396781561022351, 20.598315028772792 ], [ -99.397895768737257, 20.5989894907927 ], [ -99.399333429686322, 20.599878114738438 ], [ -99.400147260670622, 20.601018019597689 ], [ -99.402420147007305, 20.600560700657987 ], [ -99.403531902368954, 20.600237772261288 ], [ -99.404912290664754, 20.59997327684713 ], [ -99.405777882856981, 20.60055272895945 ], [ -99.407792246447045, 20.601390429820981 ], [ -99.40852513311826, 20.602987027376123 ], [ -99.409031696387032, 20.604579773081994 ], [ -99.410169563463128, 20.60503116089545 ], [ -99.410945286517602, 20.604396296195404 ], [ -99.411270408049148, 20.603393741864068 ], [ -99.412289685630768, 20.602114960702099 ], [ -99.413677998866362, 20.601562497572534 ], [ -99.414613298774171, 20.600642305832032 ], [ -99.415924885000521, 20.59994450973447 ], [ -99.417304221545692, 20.600363085593205 ], [ -99.418480625397422, 20.601947875464681 ], [ -99.418900962633302, 20.603899152978233 ], [ -99.420183221428815, 20.604358581959715 ], [ -99.42142166283098, 20.604085861752946 ], [ -99.422738403092637, 20.603244081162863 ], [ -99.424335172944907, 20.603631120334025 ], [ -99.426207429427379, 20.605234990270549 ], [ -99.428631729244856, 20.606943977232465 ], [ -99.430846692345384, 20.607125367304917 ], [ -99.433375679218813, 20.606879982721484 ], [ -99.435886490258326, 20.607353638066247 ] ] ] } },
{ "type": "Feature", "properties": { "id": null, "cve_subc": null, "clave50k": null, "tipo": null, "entidad": null, "fc": null, "condicion": null, "edicion": null, "fecha": null, "lengthm": null, "id_drena": null, "flowdir": null, "enabled": null, "desc_enabl": null, "cali_repr": null, "sequenceid": null, "order_1": null, "level_1": null, "arbsum_1": null, "pathl_1": null, "layer": null, "path": null, "fid": null, "nombre": null, "SHAPE__Length": null, "Pais": null, "fid_2": "5", "id_2": "0", "nombre_2": "Rosas", "SHAPE__Length_2": "13328.597333" }, "geometry": { "type": "MultiLineString", "coordinates": [ [ [ -99.448202295542188, 20.03868408167159 ], [ -99.448117750103918, 20.038670199755327 ], [ -99.447976449861542, 20.038646999723337 ], [ -99.447852116754092, 20.038626583079623 ] ], [ [ -99.447852116754092, 20.038626583079623 ], [ -99.447827250132605, 20.038622499750879 ] ], [ [ -99.447685500401974, 20.038643498947255 ], [ -99.447454449620466, 20.038677649336261 ], [ -99.447426719638116, 20.038684569355024 ] ], [ [ -99.447426719638116, 20.038684569355024 ], [ -99.447315799708733, 20.03871224943008 ], [ -99.447177099813899, 20.038746799595867 ], [ -99.447038399848424, 20.03878134963599 ], [ -99.446795149990152, 20.038841999379112 ] ], [ [ -99.446795149990152, 20.038841999379112 ], [ -99.446651849759277, 20.038847549152269 ], [ -99.446641535145233, 20.038847952264717 ] ], [ [ -99.446641535145233, 20.038847952264717 ], [ -99.446508549519351, 20.03885314956641 ], [ -99.446298000019596, 20.038861299391762 ] ], [ [ -99.446298000019596, 20.038861299391762 ], [ -99.44615844998647, 20.038830049157411 ], [ -99.446077208573897, 20.038811827722107 ] ], [ [ -99.446077208573897, 20.038811827722107 ], [ -99.44601889998097, 20.038798749832146 ], [ -99.445879350076538, 20.03876749934296 ] ], [ [ -99.445879350076538, 20.03876749934296 ], [ -99.445739750307723, 20.03873619982987 ], [ -99.445631049253961, 20.038711846634918 ] ], [ [ -99.445631049253961, 20.038711846634918 ], [ -99.445580399998448, 20.03870049926384 ], [ -99.445484779786739, 20.038678161011987 ] ], [ [ -99.445484779786739, 20.038678161011987 ], [ -99.445350750275708, 20.038646849797345 ], [ -99.445282749976229, 20.03856459897775 ], [ -99.445216449628248, 20.038484499381966 ], [ -99.445097650297782, 20.03840859981149 ] ], [ [ -99.444976950065126, 20.038331499383791 ], [ -99.444699550300925, 20.03829604973803 ] ], [ [ -99.444699550300925, 20.03829604973803 ], [ -99.444556849841646, 20.038309249445923 ], [ -99.444411729127751, 20.038322681905225 ] ], [ [ -99.444411729127751, 20.038322681905225 ], [ -99.444298100241454, 20.038333199462297 ], [ -99.444226226964958, 20.038385718519105 ] ], [ [ -99.444226226964958, 20.038385718519105 ], [ -99.444184650062837, 20.038416099486703 ], [ -99.444082459917666, 20.038490816378982 ] ], [ [ -99.444082459917666, 20.038490816378982 ], [ -99.444071199764352, 20.038499049302622 ], [ -99.443925949599873, 20.03860524933987 ] ], [ [ -99.443925949599873, 20.03860524933987 ], [ -99.443861700122653, 20.038726448988328 ], [ -99.443797500386864, 20.03884759959373 ] ], [ [ -99.443797500386864, 20.03884759959373 ], [ -99.443733249720736, 20.038968799199193 ], [ -99.443669049774144, 20.039089999647587 ], [ -99.443612831079491, 20.039196049292986 ] ], [ [ -99.443612831079491, 20.039196049292986 ], [ -99.443604799837402, 20.039211199242331 ], [ -99.443540599661048, 20.039332399663959 ] ], [ [ -99.443540599661048, 20.039332399663959 ], [ -99.443476350453707, 20.039453599248013 ], [ -99.443456447606522, 20.039491143575585 ] ], [ [ -99.443456447606522, 20.039491143575585 ], [ -99.443412100155257, 20.039574799708895 ], [ -99.443359019945433, 20.039675039477572 ] ], [ [ -99.443359019945433, 20.039675039477572 ], [ -99.443345749892984, 20.039700099419743 ], [ -99.443243200202318, 20.039794899167653 ], [ -99.44314070024376, 20.039889699695046 ], [ -99.443038200158938, 20.039984499255244 ] ], [ [ -99.443038200158938, 20.039984499255244 ], [ -99.442935699913619, 20.040079299660967 ], [ -99.442833149649232, 20.040174099165483 ], [ -99.442826383125563, 20.040180349601677 ] ], [ [ -99.442826383125563, 20.040180349601677 ], [ -99.442797749639595, 20.04020679919169 ], [ -99.442634311594887, 20.040357978110492 ] ], [ [ -99.442634311594887, 20.040357978110492 ], [ -99.442630450443389, 20.040361549645567 ], [ -99.442578355163448, 20.040393691287488 ] ], [ [ -99.442578355163448, 20.040393691287488 ], [ -99.442510349564913, 20.040435649246046 ], [ -99.442483275540525, 20.04045235376115 ] ], [ [ -99.442483275540525, 20.04045235376115 ], [ -99.442390250456342, 20.040509749695396 ], [ -99.442270150274325, 20.040583849132275 ], [ -99.442086349716504, 20.040697249183051 ], [ -99.441978200055615, 20.04078629948317 ], [ -99.441898360254996, 20.040852069634202 ] ], [ [ -99.441898360254996, 20.040852069634202 ], [ -99.441870100145579, 20.040875349648051 ], [ -99.441657049928736, 20.041050749164587 ], [ -99.441530300334989, 20.04111419895424 ], [ -99.441403549646282, 20.041177649532081 ], [ -99.441342960629015, 20.041207979734487 ] ], [ [ -99.441342960629015, 20.041207979734487 ], [ -99.441276799815185, 20.041241099117599 ], [ -99.441191171060225, 20.04128395272096 ] ], [ [ -99.441191171060225, 20.04128395272096 ], [ -99.441112749883217, 20.041323199233609 ], [ -99.441049358445738, 20.041352994562232 ] ], [ [ -99.441049358445738, 20.041352994562232 ], [ -99.440984350456105, 20.041383549704872 ], [ -99.440855900079342, 20.041443899213515 ], [ -99.440727500423449, 20.041504249474276 ] ], [ [ -99.440599049800824, 20.041564599678843 ], [ -99.440499099661679, 20.041611549497393 ], [ -99.440470649916193, 20.041624949729076 ], [ -99.440320149904181, 20.04169564978098 ] ], [ [ -99.440320149904181, 20.04169564978098 ], [ -99.44021150015412, 20.041784149189649 ], [ -99.440178743117201, 20.041810831271622 ] ], [ [ -99.440178743117201, 20.041810831271622 ], [ -99.440102850244983, 20.04187264943431 ], [ -99.439994200176585, 20.041961099738529 ], [ -99.439885549983714, 20.042049599842255 ], [ -99.439776899666072, 20.042138098969129 ] ], [ [ -99.439776899666072, 20.042138098969129 ], [ -99.439668250131362, 20.042226549078169 ], [ -99.43951875044489, 20.042348299243425 ] ], [ [ -99.43951875044489, 20.042348299243425 ], [ -99.439404500154538, 20.042430249593778 ], [ -99.439290299619586, 20.042512199799571 ], [ -99.439229201289166, 20.042556024599548 ] ], [ [ -99.439229201289166, 20.042556024599548 ], [ -99.439176050029161, 20.042594149100207 ], [ -99.439101109731851, 20.042647939525732 ] ], [ [ -99.439101109731851, 20.042647939525732 ], [ -99.439051149533654, 20.042683799809417 ], [ -99.438917749803892, 20.042733599768894 ], [ -99.438880606960126, 20.04274747954986 ] ], [ [ -99.438880606960126, 20.04274747954986 ], [ -99.438784349993014, 20.042783449483345 ], [ -99.438563999731642, 20.042865699334715 ], [ -99.438421649762077, 20.04288239928885 ] ], [ [ -99.438421649762077, 20.04288239928885 ], [ -99.438248549719262, 20.042902649371825 ], [ -99.438112999639699, 20.042946949333469 ], [ -99.438085745771559, 20.042955851225162 ] ], [ [ -99.438085745771559, 20.042955851225162 ], [ -99.437914150342337, 20.04301189919304 ], [ -99.43791415034228, 20.043011899193026 ] ], [ [ -99.43791415034228, 20.043011899193026 ], [ -99.437775600353831, 20.042976899684941 ], [ -99.437644697717957, 20.04294381396339 ] ], [ [ -99.437644697717957, 20.04294381396339 ], [ -99.43756650028196, 20.042924049513452 ], [ -99.437560100167943, 20.042922448972895 ], [ -99.437510678000947, 20.042884427057441 ] ], [ [ -99.437510678000947, 20.042884427057441 ], [ -99.43744890029221, 20.042836899663122 ], [ -99.437243899924439, 20.042679249400226 ] ], [ [ -99.437101150206971, 20.042666099289601 ], [ -99.436956949767051, 20.042652849283289 ], [ -99.436956949767037, 20.042652849283293 ] ], [ [ -99.436956949767037, 20.042652849283293 ], [ -99.436824300020348, 20.042704299436561 ], [ -99.43680154041418, 20.042713123749916 ] ], [ [ -99.43680154041418, 20.042713123749916 ], [ -99.43669160027936, 20.042755749540216 ], [ -99.436572807374858, 20.042801829494799 ] ], [ [ -99.436572807374858, 20.042801829494799 ], [ -99.43644115036183, 20.042852899457323 ], [ -99.436332199560354, 20.042941049322391 ] ], [ [ -99.436332199560354, 20.042941049322391 ], [ -99.436223249576329, 20.043029199132711 ], [ -99.436114249540793, 20.043117299065791 ] ], [ [ -99.435896299912358, 20.043293599317892 ], [ -99.435735149863234, 20.043423949757926 ], [ -99.435553600072538, 20.043478599285738 ] ], [ [ -99.43533404958167, 20.043614699345611 ], [ -99.435190799601529, 20.0436214996103 ], [ -99.43493250019165, 20.043633749377268 ], [ -99.434790199631919, 20.043616849035182 ] ], [ [ -99.434790199631919, 20.043616849035182 ], [ -99.434559449918481, 20.043589499362632 ], [ -99.43449812145883, 20.043593377866763 ] ], [ [ -99.43449812145883, 20.043593377866763 ], [ -99.434416350179305, 20.043598549205601 ], [ -99.434263100285293, 20.043608299564834 ], [ -99.434099023327576, 20.043616450020831 ] ], [ [ -99.434099023327576, 20.043616450020831 ], [ -99.434071850228591, 20.043617799833449 ], [ -99.434071850228591, 20.043617799833445 ] ], [ [ -99.434071850228591, 20.043617799833445 ], [ -99.433956899623666, 20.043536749816248 ] ], [ [ -99.433956899623666, 20.043536749816248 ], [ -99.433841900221495, 20.043455699797338 ], [ -99.433641000068889, 20.043420049208454 ], [ -99.433484900359502, 20.043448554910054 ] ], [ [ -99.433484900359502, 20.043448554910054 ], [ -99.433440300442541, 20.043456699396227 ], [ -99.433201600163258, 20.043583799696609 ], [ -99.433096799888247, 20.043728649746058 ] ], [ [ -99.433096799888247, 20.043728649746058 ], [ -99.433087600178041, 20.043855149035316 ] ], [ [ -99.433087600178041, 20.043855149035316 ], [ -99.433087600178041, 20.043855149035323 ], [ -99.433116900248194, 20.044080999292138 ], [ -99.433102370266425, 20.044118593849841 ] ], [ [ -99.433102370266425, 20.044118593849841 ], [ -99.433067699959921, 20.044208299044172 ], [ -99.432984000424639, 20.044424699374311 ], [ -99.432898400422403, 20.04459659903052 ] ], [ [ -99.432898400422403, 20.04459659903052 ], [ -99.432669300415384, 20.044732699836423 ], [ -99.432641730305349, 20.044740219820927 ] ], [ [ -99.432641730305349, 20.044740219820927 ], [ -99.432531449865181, 20.044770299758945 ], [ -99.432393650077401, 20.044807849641209 ], [ -99.432265767751232, 20.04484274320588 ] ], [ [ -99.432265767751232, 20.04484274320588 ], [ -99.432255850227918, 20.044845449269737 ], [ -99.432000400077797, 20.044915099056396 ], [ -99.431816640165394, 20.044857699548615 ] ], [ [ -99.431816640165394, 20.044857699548615 ], [ -99.431770700187286, 20.04484334967167 ], [ -99.43166360016717, 20.044753249181493 ], [ -99.431556450363587, 20.044663099721845 ], [ -99.431523751201254, 20.044635601427483 ] ], [ [ -99.431523751201254, 20.044635601427483 ], [ -99.431406500217449, 20.04453699945006 ], [ -99.43131180018753, 20.044435199689708 ], [ -99.431205099939874, 20.044320599604966 ], [ -99.431080699828726, 20.04425319951914 ], [ -99.430956299827187, 20.04418574946552 ] ], [ [ -99.430956299827187, 20.04418574946552 ], [ -99.430953300124301, 20.044184149088291 ], [ -99.430831850055327, 20.044118299376152 ], [ -99.43070714994937, 20.044050749742262 ], [ -99.430641867816192, 20.044046506881131 ] ], [ [ -99.430641867816192, 20.044046506881131 ], [ -99.430564049985421, 20.044041449291349 ], [ -99.43030544993367, 20.044024599285176 ] ], [ [ -99.43030544993367, 20.044024599285176 ], [ -99.430162049964508, 20.04402494908928 ], [ -99.430056218133331, 20.044025202655739 ] ], [ [ -99.430056218133331, 20.044025202655739 ], [ -99.42993255012972, 20.044025498956554 ], [ -99.429929119252293, 20.044036412985644 ] ], [ [ -99.429929119252293, 20.044036412985644 ], [ -99.429891699724081, 20.044155448954971 ], [ -99.429854919433467, 20.044272278872231 ] ], [ [ -99.429854919433467, 20.044272278872231 ], [ -99.429847200007899, 20.044296799065918 ], [ -99.429837593866523, 20.044330797087781 ] ], [ [ -99.429837593866523, 20.044330797087781 ], [ -99.42981020006691, 20.044427749127223 ], [ -99.429804182663432, 20.044449048042519 ] ], [ [ -99.429804182663432, 20.044449048042519 ], [ -99.429802600275792, 20.044454648986587 ], [ -99.429773200054356, 20.044558699195541 ], [ -99.429736199983978, 20.044689699141014 ] ], [ [ -99.42968620038549, 20.044866499777445 ], [ -99.429621000465801, 20.044987249392541 ], [ -99.429505449929692, 20.045201299637117 ] ], [ [ -99.429505449929692, 20.045201299637117 ], [ -99.429405700019799, 20.04529869968384 ], [ -99.429305999874586, 20.045396149482585 ] ], [ [ -99.429171650191989, 20.045527399822411 ], [ -99.429056849536991, 20.045608699651844 ], [ -99.42896664965734, 20.045672538854962 ] ], [ [ -99.42896664965734, 20.045672538854962 ], [ -99.428942049690164, 20.045689949546723 ], [ -99.428827249705691, 20.045771199360903 ], [ -99.428815364068768, 20.045779611584553 ] ], [ [ -99.428815364068768, 20.045779611584553 ], [ -99.428684900022787, 20.045871949314503 ], [ -99.428585400453926, 20.04596959977312 ], [ -99.428525229862757, 20.046028673585294 ] ], [ [ -99.428525229862757, 20.046028673585294 ], [ -99.428398799805151, 20.04615279909795 ], [ -99.428352949895441, 20.046281249758785 ] ], [ [ -99.428352949895441, 20.046281249758785 ], [ -99.428307149811076, 20.046409699453594 ], [ -99.428295731259595, 20.046441694587006 ] ], [ [ -99.428295731259595, 20.046441694587006 ], [ -99.428237450268583, 20.046604999721318 ], [ -99.428137499757952, 20.046702198935755 ] ], [ [ -99.428137499757952, 20.046702198935755 ], [ -99.428037550041793, 20.046799449792513 ], [ -99.428030348256613, 20.046806453441334 ] ], [ [ -99.428030348256613, 20.046806453441334 ], [ -99.427937600186468, 20.046896649815668 ], [ -99.427836900004849, 20.046994549754316 ], [ -99.427762641378763, 20.047033039191696 ] ], [ [ -99.427762641378763, 20.047033039191696 ], [ -99.427731849828845, 20.047048998946067 ], [ -99.427464199607854, 20.047085799598445 ] ], [ [ -99.427464199607854, 20.047085799598445 ], [ -99.427343450392527, 20.047012649678877 ], [ -99.42722270034831, 20.046939499651998 ] ], [ [ -99.427101950434448, 20.046866349534103 ], [ -99.426981199691795, 20.046793199308844 ], [ -99.426878779855116, 20.046731110942471 ] ], [ [ -99.426878779855116, 20.046731110942471 ], [ -99.426860450026012, 20.046719999138531 ], [ -99.426736299620842, 20.046644798997242 ] ], [ [ -99.426736299620842, 20.046644798997242 ], [ -99.426733450418098, 20.04650924930937 ] ], [ [ -99.426733450418098, 20.04650924930937 ], [ -99.426730600274425, 20.046373749492581 ], [ -99.426725299908057, 20.046120699009695 ], [ -99.426740800260902, 20.045985949273049 ], [ -99.426756249728996, 20.045851199596243 ], [ -99.426771700142709, 20.04571644904459 ] ], [ [ -99.42678720040324, 20.045581699354166 ], [ -99.426802699661195, 20.04544689979269 ], [ -99.426810099640178, 20.045382299500961 ] ], [ [ -99.426818149982623, 20.045312149287248 ], [ -99.426846749970636, 20.04506314938358 ], [ -99.426852499640447, 20.044927699464832 ], [ -99.426858200363483, 20.044792249639908 ], [ -99.426859633228617, 20.044758593565248 ] ], [ [ -99.426859633228617, 20.044758593565248 ], [ -99.426864750338581, 20.044638399535138 ], [ -99.426892849739929, 20.044505449475135 ], [ -99.426920950057877, 20.044372549312865 ] ], [ [ -99.426949050320786, 20.044239649161884 ], [ -99.426977200410093, 20.044106699091365 ], [ -99.427015799629785, 20.04392414970436 ] ], [ [ -99.427015799629785, 20.04392414970436 ], [ -99.42689515035066, 20.043850799087245 ], [ -99.426873572038048, 20.043837675011137 ] ], [ [ -99.426873572038048, 20.043837675011137 ], [ -99.426774550119831, 20.043777449208754 ], [ -99.426653950019471, 20.043704099239445 ] ], [ [ -99.426653950019471, 20.043704099239445 ], [ -99.426527299807574, 20.043627099465116 ], [ -99.426440950210136, 20.043518898992399 ], [ -99.426230299679489, 20.043410949570561 ], [ -99.426118858795292, 20.043367398859488 ] ], [ [ -99.426118858795292, 20.043367398859488 ], [ -99.426097750321134, 20.043359149740986 ], [ -99.42588569957158, 20.043276249761302 ] ], [ [ -99.42588569957158, 20.043276249761302 ], [ -99.42569445033223, 20.043276699438241 ], [ -99.425570298431211, 20.043341594334972 ] ], [ [ -99.425570298431211, 20.043341594334972 ], [ -99.425568950183688, 20.043342299071533 ], [ -99.425567046069972, 20.043343295130349 ] ], [ [ -99.425567046069972, 20.043343295130349 ], [ -99.425443449908599, 20.043407949381628 ], [ -99.425373256320128, 20.043444640573846 ] ], [ [ -99.425373256320128, 20.043444640573846 ], [ -99.425317950459075, 20.043473549738099 ], [ -99.425121549690104, 20.043576299608567 ] ], [ [ -99.425121549690104, 20.043576299608567 ], [ -99.425001799863082, 20.043650899509036 ], [ -99.424964953721869, 20.043673853297094 ] ], [ [ -99.424964953721869, 20.043673853297094 ], [ -99.424882049904156, 20.043725499320225 ], [ -99.42476229981348, 20.043800099042198 ], [ -99.424692774753382, 20.043843441146475 ] ], [ [ -99.424692774753382, 20.043843441146475 ], [ -99.424539249545703, 20.043939149162423 ], [ -99.424449749591844, 20.044045099802499 ], [ -99.424360300368591, 20.044151049450285 ] ], [ [ -99.424360300368591, 20.044151049450285 ], [ -99.424270850046369, 20.044256999039593 ], [ -99.424189401326771, 20.044353471734166 ] ], [ [ -99.424189401326771, 20.044353471734166 ], [ -99.424181399566976, 20.044362949493085 ], [ -99.424158341649985, 20.044390245462658 ] ], [ [ -99.424158341649985, 20.044390245462658 ], [ -99.424091900029879, 20.044468899073994 ], [ -99.424062083429902, 20.044504215869075 ] ], [ [ -99.424062083429902, 20.044504215869075 ], [ -99.424002450229949, 20.044574849459242 ], [ -99.423965103863196, 20.044619084931988 ] ], [ [ -99.423965103863196, 20.044619084931988 ], [ -99.423913000290241, 20.044680799802332 ], [ -99.423832566939097, 20.04477605027202 ] ], [ [ -99.423832566939097, 20.04477605027202 ], [ -99.42380524999804, 20.044808399433517 ], [ -99.423673950191244, 20.044862899674683 ], [ -99.423542650290301, 20.044917449675218 ] ], [ [ -99.42327989951724, 20.045026499635878 ], [ -99.423167750224422, 20.045067499772927 ], [ -99.423146099784759, 20.045075349791318 ], [ -99.423026110476059, 20.045119157638723 ] ], [ [ -99.423026110476059, 20.045119157638723 ], [ -99.423012299955815, 20.045124199830983 ], [ -99.422878500030421, 20.045173049754908 ], [ -99.422706749792084, 20.045235749053315 ], [ -99.422613317942449, 20.045265404524152 ] ], [ [ -99.422613317942449, 20.045265404524152 ], [ -99.422570800356567, 20.045278899697724 ], [ -99.422415047380653, 20.045328396095467 ] ], [ [ -99.422415047380653, 20.045328396095467 ], [ -99.422362799892866, 20.045344999710402 ], [ -99.42222224963642, 20.045371899515565 ], [ -99.42202829961262, 20.045409049302656 ] ], [ [ -99.42202518560967, 20.045408841488779 ], [ -99.421885199560506, 20.045399499479874 ], [ -99.421742150382372, 20.045389949479542 ], [ -99.421599050370588, 20.045380399387117 ] ], [ [ -99.421456000273594, 20.04537084910093 ], [ -99.42124405033961, 20.045356699505565 ], [ -99.421219580298327, 20.045342549465762 ] ], [ [ -99.421219580298327, 20.045342549465762 ], [ -99.421121700133185, 20.045285949306553 ], [ -99.421036279857276, 20.045236554082578 ] ], [ [ -99.421036279857276, 20.045236554082578 ], [ -99.42099935005443, 20.045215199013615 ], [ -99.420966256980392, 20.045196057579481 ] ], [ [ -99.420966256980392, 20.045196057579481 ], [ -99.420870549809806, 20.045140699394864 ], [ -99.420777449704403, 20.045037598967834 ] ], [ [ -99.420777449704403, 20.045037598967834 ], [ -99.420684399607538, 20.044934449471249 ], [ -99.42066577964107, 20.044913819392956 ] ], [ [ -99.42066577964107, 20.044913819392956 ], [ -99.420591299775197, 20.044831299079785 ], [ -99.420507679093589, 20.044738602074137 ] ], [ [ -99.420507679093589, 20.044738602074137 ], [ -99.420498249961625, 20.044728149488943 ], [ -99.42033345020026, 20.044545599450011 ], [ -99.420281800145986, 20.044498574456359 ] ], [ [ -99.420281800145986, 20.044498574456359 ], [ -99.420230150091697, 20.044451549462703 ], [ -99.420036299775632, 20.044275199624508 ], [ -99.419909299799059, 20.044212249797361 ] ], [ [ -99.419909299799059, 20.044212249797361 ], [ -99.419691649985367, 20.044104299095846 ], [ -99.419559500385006, 20.044051549132917 ], [ -99.419468046149447, 20.044015029798331 ] ], [ [ -99.419468046149447, 20.044015029798331 ], [ -99.419427399822524, 20.043998798982958 ], [ -99.419241699618041, 20.04392464968441 ], [ -99.41921923306063, 20.043916941239637 ] ], [ [ -99.41921923306063, 20.043916941239637 ], [ -99.419106900273562, 20.043878399015764 ], [ -99.41884929975221, 20.04379004928985 ], [ -99.418739301262292, 20.043842358046724 ] ], [ [ -99.418739301262292, 20.043842358046724 ], [ -99.418633650086306, 20.043892599478973 ], [ -99.418581830143495, 20.043917225551006 ] ], [ [ -99.418581830143495, 20.043917225551006 ], [ -99.418505499881547, 20.043953499510931 ], [ -99.418337749881033, 20.044097249749996 ], [ -99.418231499880704, 20.044188249180738 ], [ -99.418125199835529, 20.044279299379173 ] ], [ [ -99.418125199835529, 20.044279299379173 ], [ -99.418018949541846, 20.044370349453143 ], [ -99.417933249701719, 20.044506098963119 ] ], [ [ -99.417933249701719, 20.044506098963119 ], [ -99.417877199531802, 20.044696999584314 ], [ -99.417871967343743, 20.044714841209242 ] ], [ [ -99.417871967343743, 20.044714841209242 ], [ -99.417838900188002, 20.04482759934875 ], [ -99.417800549925914, 20.044958249031026 ], [ -99.4178005499259, 20.044958249031041 ] ], [ [ -99.4178005499259, 20.044958249031041 ], [ -99.417768804473468, 20.045016473002427 ] ], [ [ -99.417768804473468, 20.045016473002427 ], [ -99.417733050335357, 20.045082049258401 ], [ -99.417713976120737, 20.045117018723477 ] ], [ [ -99.417713976120737, 20.045117018723477 ], [ -99.417667350167292, 20.045202499813197 ], [ -99.417585100255863, 20.045442099254362 ], [ -99.417540800481362, 20.045570999275142 ] ], [ [ -99.417540800481362, 20.045570999275142 ], [ -99.417496549567403, 20.045699949094754 ], [ -99.417420149650127, 20.045813799708817 ], [ -99.417407035422784, 20.045833384901229 ] ], [ [ -99.417407035422784, 20.045833384901229 ], [ -99.417404849718224, 20.045836649099964 ], [ -99.417392049701945, 20.045855724162532 ] ], [ [ -99.417392049701945, 20.045855724162532 ], [ -99.417328049620593, 20.045951099475378 ], [ -99.417251250361375, 20.046065599710687 ] ], [ [ -99.417251250361375, 20.046065599710687 ], [ -99.417174450030544, 20.046180098996626 ], [ -99.417097700406842, 20.04629459912125 ] ], [ [ -99.417020899790259, 20.046409049390221 ], [ -99.416944100012131, 20.046523549519101 ], [ -99.416919524176464, 20.046572646954733 ] ], [ [ -99.416919524176464, 20.046572646954733 ], [ -99.416876550398825, 20.046658499672425 ], [ -99.416837526082659, 20.046736420544708 ] ], [ [ -99.416837526082659, 20.046736420544708 ], [ -99.416815200326567, 20.046780998965527 ], [ -99.416753850134995, 20.046903549024471 ], [ -99.416643699560495, 20.047124699333295 ] ], [ [ -99.416643699560495, 20.047124699333295 ], [ -99.416582650340118, 20.047247299827809 ], [ -99.416376899585842, 20.047413149543015 ] ], [ [ -99.416267750435921, 20.047501099126958 ], [ -99.416112849874011, 20.047588699422729 ], [ -99.416051154523146, 20.047623595662717 ] ], [ [ -99.416051154523146, 20.047623595662717 ], [ -99.415989799691587, 20.047658299297542 ], [ -99.415866700455041, 20.047727949020853 ], [ -99.415732599878055, 20.047778099769651 ], [ -99.415694414304468, 20.047792374487337 ] ], [ [ -99.415694414304468, 20.047792374487337 ], [ -99.415599249519985, 20.047827949452028 ], [ -99.415377000246423, 20.047867199489477 ] ], [ [ -99.415377000246423, 20.047867199489477 ], [ -99.415236050310696, 20.0478920995034 ], [ -99.415035149633837, 20.04788729922095 ], [ -99.414891749626889, 20.047883849069184 ], [ -99.414622900419019, 20.047862599615012 ], [ -99.414479949587744, 20.047851299003284 ] ], [ [ -99.414479949587744, 20.047851299003284 ], [ -99.414336999714237, 20.047839949309537 ], [ -99.414072950069993, 20.047755999574633 ], [ -99.413959899821563, 20.047720048953348 ] ], [ [ -99.413959899821563, 20.047720048953348 ], [ -99.413937000368009, 20.047712749431888 ], [ -99.413801099689024, 20.047669499096298 ], [ -99.413560349903634, 20.047635999770041 ], [ -99.413427704739476, 20.047617490538311 ] ], [ [ -99.413427704739476, 20.047617490538311 ], [ -99.413418450123601, 20.047616199154408 ] ], [ [ -99.413418193108541, 20.047616199759663 ], [ -99.413227200163135, 20.047616649536049 ], [ -99.413083749980174, 20.047616999641587 ] ], [ [ -99.412940299788985, 20.047617299741297 ], [ -99.412750500135132, 20.047661698973126 ], [ -99.412611299813705, 20.04769429912945 ], [ -99.412490208354583, 20.04772260465781 ] ], [ [ -99.412490208354583, 20.04772260465781 ], [ -99.412472049522506, 20.047726849344759 ], [ -99.412472049522478, 20.047726849344762 ] ], [ [ -99.412472049522478, 20.047726849344762 ], [ -99.412222000157428, 20.047762049135038 ], [ -99.41208010027745, 20.047781999224984 ], [ -99.411837699518969, 20.047834099708957 ], [ -99.411733672782219, 20.047856488981072 ] ], [ [ -99.411733672782219, 20.047856488981072 ], [ -99.41169784994689, 20.047864198991334 ], [ -99.411419299894376, 20.047900749297551 ] ], [ [ -99.411419299894376, 20.047900749297551 ], [ -99.411277249938152, 20.047919399459285 ], [ -99.411081300081506, 20.048000949275778 ], [ -99.410949999551676, 20.048055599290215 ], [ -99.410818749770826, 20.048110249154774 ], [ -99.410715057416922, 20.048163552767523 ] ], [ [ -99.410715057416922, 20.048163552767523 ], [ -99.410614200235727, 20.048215398944478 ], [ -99.410589000283252, 20.048228358996553 ] ], [ [ -99.410589000283252, 20.048228358996553 ], [ -99.410488200473338, 20.04828019920485 ], [ -99.410416199992127, 20.048317227858238 ] ], [ [ -99.410416199992127, 20.048317227858238 ], [ -99.410362199631223, 20.048344999348277 ], [ -99.410278199628976, 20.048388199387603 ] ], [ [ -99.410278199628976, 20.048388199387603 ], [ -99.410236199627846, 20.048409799407263 ], [ -99.410198189700267, 20.048437337855521 ] ], [ [ -99.410198189700267, 20.048437337855521 ], [ -99.410014600045287, 20.048570349795753 ], [ -99.409900750408269, 20.04865279975839 ], [ -99.409786899673549, 20.048735249625558 ], [ -99.409673099661674, 20.04881774924544 ], [ -99.409487949846337, 20.04887484919352 ] ], [ [ -99.4093515998143, 20.048916949577958 ], [ -99.409215249708822, 20.048958999064759 ], [ -99.409078900466554, 20.049001099223897 ] ], [ [ -99.409078900466554, 20.049001099223897 ], [ -99.408942500278499, 20.049043149430275 ], [ -99.408823081066984, 20.04907997794238 ] ], [ [ -99.408823081066984, 20.04907997794238 ], [ -99.408806149901736, 20.049085199460897 ], [ -99.408669800405505, 20.049127299257467 ], [ -99.408477000349379, 20.049226199184432 ], [ -99.408412350381226, 20.049259344297635 ] ], [ [ -99.408412350381226, 20.049259344297635 ], [ -99.408350899757792, 20.049290849152598 ], [ -99.408331932207972, 20.049300577437009 ] ], [ [ -99.408331932207972, 20.049300577437009 ], [ -99.408224849901217, 20.049355498981711 ], [ -99.408098799907037, 20.04942014961652 ], [ -99.407972699913813, 20.04948479929854 ], [ -99.407846649679101, 20.049549449731742 ], [ -99.407720600300692, 20.049614099174036 ] ], [ [ -99.407720600300692, 20.049614099174036 ], [ -99.407594499934703, 20.049678799330401 ], [ -99.407571100506871, 20.049690800764886 ] ], [ [ -99.407571100506871, 20.049690800764886 ], [ -99.407468450298381, 20.049743449477539 ], [ -99.407379050360831, 20.049789299833126 ] ], [ [ -99.407379050360831, 20.049789299833126 ], [ -99.407342349686317, 20.049808099561751 ], [ -99.407195499731259, 20.049897798960316 ] ], [ [ -99.407195499731259, 20.049897798960316 ], [ -99.407075049972349, 20.049971349759545 ], [ -99.406905600409033, 20.05006934924906 ], [ -99.406852314053481, 20.050100184210361 ] ], [ [ -99.406852314053481, 20.050100184210361 ], [ -99.406783250345384, 20.050140148977032 ], [ -99.406660900131371, 20.050210899647077 ], [ -99.406538549806982, 20.050281649316734 ], [ -99.406416200296732, 20.050352399815221 ], [ -99.406320900239535, 20.050470099841501 ], [ -99.40624465007069, 20.05057869902322 ] ], [ [ -99.40624465007069, 20.05057869902322 ], [ -99.406101400332417, 20.050585199102372 ], [ -99.405958099724543, 20.050591699083782 ], [ -99.405814849953927, 20.05059814902215 ] ], [ [ -99.405814849953927, 20.05059814902215 ], [ -99.405671550260564, 20.050604649655924 ], [ -99.405666187776461, 20.05060489296288 ] ], [ [ -99.405666187776461, 20.05060489296288 ], [ -99.405528300467324, 20.050611149194289 ], [ -99.405402912368132, 20.05061679336124 ] ], [ [ -99.405402912368132, 20.05061679336124 ], [ -99.405384999782527, 20.050617599670804 ], [ -99.405339000025677, 20.050619699314566 ], [ -99.405330930878762, 20.050620064365372 ] ], [ [ -99.405330930878762, 20.050620064365372 ], [ -99.405241749961917, 20.050624098938794 ], [ -99.405146150259043, 20.05062844964819 ] ], [ [ -99.405146150259043, 20.05062844964819 ], [ -99.405098450213558, 20.05063059903161 ], [ -99.404961372468293, 20.050636771156327 ] ], [ [ -99.404961372468293, 20.050636771156327 ], [ -99.404955200343565, 20.050637049065216 ], [ -99.4049012000076, 20.050639499586293 ], [ -99.404772200084309, 20.050645348962142 ], [ -99.404682749822427, 20.050620799045518 ], [ -99.404641017115949, 20.050609307320016 ] ], [ [ -99.404641017115949, 20.050609307320016 ], [ -99.404634450415642, 20.05060749908078 ], [ -99.404496699851691, 20.050569699836167 ] ], [ [ -99.404359000233441, 20.050531849654138 ], [ -99.404221249836368, 20.050493999385314 ], [ -99.404054500355173, 20.050448199577847 ], [ -99.403911049807505, 20.050446499095909 ], [ -99.403779647479766, 20.050444941555703 ] ], [ [ -99.403779647479766, 20.050444941555703 ], [ -99.403767650101784, 20.050444799348188 ], [ -99.403624199544026, 20.050443099501592 ], [ -99.403413749873465, 20.050440599515714 ], [ -99.403369109192482, 20.050436755608267 ] ], [ [ -99.403369109192482, 20.050436755608267 ], [ -99.403270899694306, 20.05042829901188 ], [ -99.403112670765381, 20.0504146288323 ] ], [ [ -99.403112670765381, 20.0504146288323 ], [ -99.403107699790979, 20.050414199365239 ], [ -99.403095365504896, 20.050412134173246 ] ], [ [ -99.403095365504896, 20.050412134173246 ], [ -99.4029664498523, 20.050390549172583 ], [ -99.402734599955338, 20.050351799842623 ] ], [ [ -99.402734599955338, 20.050351799842623 ], [ -99.402595000362467, 20.050320599070258 ], [ -99.402455449753759, 20.050289399007781 ] ], [ [ -99.402455449753759, 20.050289399007781 ], [ -99.402294449814605, 20.050253399536764 ], [ -99.402122400177433, 20.050271849589496 ], [ -99.401992550318241, 20.05032949915061 ] ], [ [ -99.401862700327783, 20.050387099639757 ], [ -99.40169255033166, 20.050462598964835 ], [ -99.401619823050055, 20.050506608807879 ] ], [ [ -99.401619823050055, 20.050506608807879 ], [ -99.401571749645385, 20.050535699720495 ], [ -99.401523727908597, 20.050564791001854 ] ], [ [ -99.401523727908597, 20.050564791001854 ], [ -99.401450999705276, 20.050608849313093 ], [ -99.401392758977494, 20.050644092523388 ] ], [ [ -99.401392758977494, 20.050644092523388 ], [ -99.401330199734971, 20.050681948996406 ], [ -99.401251679658259, 20.050729464320558 ] ], [ [ -99.401251679658259, 20.050729464320558 ], [ -99.40120939961696, 20.050755049495098 ], [ -99.401119685324048, 20.050809360888739 ] ], [ [ -99.401119685324048, 20.050809360888739 ], [ -99.401088650241959, 20.05082814896036 ], [ -99.400967849866433, 20.050901299147174 ] ], [ [ -99.400967849866433, 20.050901299147174 ], [ -99.400847050316713, 20.050974399388743 ], [ -99.400613650001745, 20.051115699505043 ], [ -99.400583476770962, 20.051131562315625 ] ], [ [ -99.400583476770962, 20.051131562315625 ], [ -99.400488299907551, 20.051181599136896 ], [ -99.400380899621339, 20.051238127928837 ] ], [ [ -99.400380899621339, 20.051238127928837 ], [ -99.40036299957363, 20.051247549394159 ], [ -99.400342108008061, 20.051258541098534 ] ], [ [ -99.400342108008061, 20.051258541098534 ], [ -99.400237650180188, 20.051313499620417 ], [ -99.400133191463482, 20.051368415731638 ] ], [ [ -99.400133191463482, 20.051368415731638 ], [ -99.400112299720135, 20.051379398953884 ], [ -99.399986999962223, 20.051445349835767 ], [ -99.399886760070132, 20.051498069840264 ] ], [ [ -99.399886760070132, 20.051498069840264 ], [ -99.399861700097105, 20.05151124984139 ], [ -99.399823149818928, 20.051531549405649 ] ], [ [ -99.399823149818928, 20.051531549405649 ], [ -99.399736350215804, 20.051577199669811 ], [ -99.399611000209973, 20.051643099528359 ] ], [ [ -99.399485699981696, 20.051709049106165 ], [ -99.399360349717114, 20.051774999542683 ], [ -99.399235050201739, 20.051840899067606 ], [ -99.399009250124777, 20.051959699556924 ], [ -99.398875849877925, 20.052009549474892 ], [ -99.398742500389275, 20.052059399242907 ] ], [ [ -99.398742500389275, 20.052059399242907 ], [ -99.398609099930979, 20.052109299708004 ], [ -99.398555131833433, 20.052129466843997 ] ], [ [ -99.398555131833433, 20.052129466843997 ], [ -99.398475700348868, 20.052159149297605 ], [ -99.398403023628617, 20.052186321873926 ] ], [ [ -99.398403023628617, 20.052186321873926 ], [ -99.398363499881299, 20.052201099123597 ], [ -99.398342349589257, 20.052208999611032 ], [ -99.39825465014809, 20.052241789452818 ] ], [ [ -99.39825465014809, 20.052241789452818 ], [ -99.398206749573546, 20.05225969894277 ], [ -99.398079000307931, 20.052321399083645 ], [ -99.398020052304759, 20.05234988050373 ] ], [ [ -99.398020052304759, 20.05234988050373 ], [ -99.397951299864033, 20.052383099052978 ], [ -99.397823600247548, 20.052444849711755 ], [ -99.397733727997121, 20.052488272319724 ] ], [ [ -99.397733727997121, 20.052488272319724 ], [ -99.397695899570991, 20.05250654947324 ], [ -99.397628850038188, 20.052538949830694 ], [ -99.397586547519225, 20.052559368825957 ] ], [ [ -99.397586547519225, 20.052559368825957 ], [ -99.397568149840112, 20.05256824919838 ], [ -99.397440449872818, 20.05262994967492 ] ], [ [ -99.397440449872818, 20.05262994967492 ], [ -99.397312749808393, 20.052691699011678 ], [ -99.397228000179666, 20.052732649006376 ], [ -99.397060600261753, 20.052813499506023 ], [ -99.397034421257985, 20.052816785686716 ] ], [ [ -99.397034421257985, 20.052816785686716 ], [ -99.396918399969437, 20.052831349530397 ], [ -99.396776199639675, 20.052849199421924 ], [ -99.396705691257324, 20.05285805008295 ] ], [ [ -99.396705691257324, 20.05285805008295 ], [ -99.3966340002317, 20.052867049196884 ], [ -99.396400949667893, 20.052896299256975 ], [ -99.396275787463608, 20.052919605857642 ] ], [ [ -99.396275787463608, 20.052919605857642 ], [ -99.396260249729821, 20.052922499157251 ], [ -99.39623679141485, 20.052926865794092 ] ], [ [ -99.39623679141485, 20.052926865794092 ], [ -99.396119499839998, 20.052948698978302 ], [ -99.396078313641965, 20.052956365786777 ] ], [ [ -99.396078313641965, 20.052956365786777 ], [ -99.395978749878239, 20.052974899575858 ], [ -99.395837999878395, 20.053001049266612 ], [ -99.395697299705319, 20.053027249553999 ], [ -99.395663600219308, 20.053033498956456 ] ], [ [ -99.395556549580377, 20.053053449762007 ], [ -99.395260300372627, 20.053123349639446 ], [ -99.395260300372627, 20.053123349639456 ] ], [ [ -99.395260300372627, 20.053123349639456 ], [ -99.395122464659295, 20.053361517924902 ] ], [ [ -99.395122464659295, 20.053361517924902 ], [ -99.395077450193767, 20.053439299058805 ], [ -99.394783800315366, 20.053816549522669 ], [ -99.394348849986045, 20.054022049341697 ] ], [ [ -99.394348849986045, 20.054022049341697 ], [ -99.393443950196897, 20.054171499619933 ], [ -99.393150300323839, 20.054206949661442 ], [ -99.392928061350233, 20.054233787538706 ] ], [ [ -99.392928061350233, 20.054233787538706 ], [ -99.392880349568486, 20.054239549277622 ], [ -99.392872805017902, 20.054239619706802 ] ], [ [ -99.392872805017902, 20.054239619706802 ], [ -99.392216149680266, 20.054245749654104 ], [ -99.39193024959404, 20.05424694972929 ] ], [ [ -99.39193024959404, 20.05424694972929 ], [ -99.391930249594026, 20.05424694972929 ], [ -99.391929173543474, 20.05424690185674 ] ], [ [ -99.391929173543474, 20.05424690185674 ], [ -99.391880799901955, 20.054244749755618 ], [ -99.391829699778654, 20.05424249963907 ] ], [ [ -99.391380150270791, 20.054256949807353 ], [ -99.391309999793378, 20.054259199523816 ], [ -99.389967099987402, 20.054704649165917 ], [ -99.389082100021625, 20.054983099431254 ], [ -99.388982499624163, 20.055016899165803 ], [ -99.388562900157453, 20.055159299439023 ] ], [ [ -99.386638799616605, 20.055688799501723 ], [ -99.38641599953614, 20.055738049508967 ], [ -99.385688900122716, 20.055898649564259 ], [ -99.384980800170922, 20.056060899233056 ] ], [ [ -99.384889750022253, 20.056081749440843 ], [ -99.384302299673706, 20.056211449284682 ], [ -99.384297499938242, 20.056211099068555 ] ], [ [ -99.383834999759628, 20.056177099677708 ], [ -99.382446449950478, 20.056165649266507 ], [ -99.382148099832676, 20.056188649143831 ], [ -99.381506100260893, 20.056238148989159 ] ], [ [ -99.381506100260893, 20.056238148989159 ], [ -99.380970149583163, 20.056489899680404 ], [ -99.380221549542938, 20.057206099555845 ] ], [ [ -99.379854999551725, 20.057280899510584 ], [ -99.379385499852731, 20.057327849321055 ], [ -99.379118826686479, 20.057290646783578 ] ], [ [ -99.379118826686479, 20.057290646783578 ], [ -99.379061500465554, 20.05728264942519 ], [ -99.378839333554239, 20.057252416183633 ] ], [ [ -99.378839333554239, 20.057252416183633 ], [ -99.378394999731611, 20.057191949700517 ], [ -99.378169681483612, 20.057215165402688 ] ], [ [ -99.378169681483612, 20.057215165402688 ], [ -99.378123250079256, 20.057219949469953 ], [ -99.377980650357856, 20.057234649505883 ], [ -99.377876076502659, 20.057245429422043 ] ], [ [ -99.377876076502659, 20.057245429422043 ], [ -99.377838049646229, 20.057249349391554 ], [ -99.377708775926337, 20.057262675454922 ] ], [ [ -99.377708775926337, 20.057262675454922 ], [ -99.377695449862955, 20.057264049159997 ], [ -99.377552850031194, 20.057278749701055 ] ], [ [ -99.377552850031194, 20.057278749701055 ], [ -99.377410250186045, 20.057293449201925 ], [ -99.3773072286901, 20.057296930060659 ] ], [ [ -99.3773072286901, 20.057296930060659 ], [ -99.377266699998202, 20.057298299431682 ], [ -99.377128582464593, 20.057302924297204 ] ], [ [ -99.377128582464593, 20.057302924297204 ], [ -99.377123350361117, 20.057303099494185 ], [ -99.37684469987812, 20.057325049436233 ] ], [ [ -99.37684469987812, 20.057325049436233 ], [ -99.376701750217919, 20.057336299326707 ], [ -99.376682310431903, 20.0573378291731 ] ], [ [ -99.376682310431903, 20.0573378291731 ], [ -99.376558799574624, 20.057347549066083 ], [ -99.376463499753839, 20.057355082665143 ] ], [ [ -99.376463499753839, 20.057355082665143 ], [ -99.376415849843454, 20.057358849464674 ], [ -99.376209800374752, 20.05749114897398 ], [ -99.376117724095238, 20.057550307862389 ] ], [ [ -99.376117724095238, 20.057550307862389 ], [ -99.376091200202396, 20.057567349428631 ], [ -99.37601483792308, 20.057613835633141 ] ], [ [ -99.37601483792308, 20.057613835633141 ], [ -99.375959950046195, 20.057647249107607 ], [ -99.375911710153289, 20.057676609161309 ] ], [ [ -99.375911710153289, 20.057676609161309 ], [ -99.375839350313925, 20.057720649241865 ], [ -99.375793372459597, 20.057748632495112 ] ], [ [ -99.375793372459597, 20.057748632495112 ], [ -99.375718750451, 20.057794049285327 ], [ -99.37559740038742, 20.058007599704311 ] ], [ [ -99.37559740038742, 20.058007599704311 ], [ -99.375529500185834, 20.058126999664378 ], [ -99.375515986784094, 20.058150789827138 ] ], [ [ -99.375515986784094, 20.058150789827138 ], [ -99.375461649757696, 20.058246449434353 ], [ -99.375390300001257, 20.05845024923601 ], [ -99.375345200467507, 20.058578949526481 ], [ -99.375300149788359, 20.058707649758709 ] ], [ [ -99.375300149788359, 20.058707649758709 ], [ -99.375207300112734, 20.05892634911153 ], [ -99.375153900285895, 20.059052149348172 ], [ -99.37510045046011, 20.059177949624416 ] ], [ [ -99.37510045046011, 20.059177949624416 ], [ -99.374904249743636, 20.059370199654797 ], [ -99.374804699940256, 20.059467748949793 ] ], [ [ -99.374804699940256, 20.059467748949793 ], [ -99.37460459969401, 20.059538449191667 ], [ -99.374470250295971, 20.059585949675256 ], [ -99.374382048096948, 20.059602004336515 ] ], [ [ -99.374382048096948, 20.059602004336515 ], [ -99.374290599999114, 20.059618649819846 ], [ -99.374161622198073, 20.059642137339715 ] ], [ [ -99.374161622198073, 20.059642137339715 ], [ -99.374149750344031, 20.059644299265297 ], [ -99.374008899651983, 20.059669999341317 ] ], [ [ -99.374008899651983, 20.059669999341317 ], [ -99.37394030046012, 20.059682499644094 ], [ -99.373868049872712, 20.059695649433039 ] ], [ [ -99.373694399649125, 20.059713099703959 ], [ -99.373551749798409, 20.05972744932938 ], [ -99.373484522865823, 20.059734212273099 ] ], [ [ -99.373484522865823, 20.059734212273099 ], [ -99.373409099899916, 20.05974179972732 ], [ -99.373343620348962, 20.059743225472612 ] ], [ [ -99.373343620348962, 20.059743225472612 ], [ -99.373236900241977, 20.059745549185713 ], [ -99.373093500129869, 20.059748699791449 ], [ -99.372950100035908, 20.059751799484385 ], [ -99.372710499521745, 20.059758249777033 ], [ -99.372567100197145, 20.059762149777654 ] ], [ [ -99.372567100197145, 20.059762149777654 ], [ -99.372423699912446, 20.059765999755289 ], [ -99.372280299612171, 20.059769899468357 ] ], [ [ -99.372280299612171, 20.059769899468357 ], [ -99.372136900270419, 20.059773749191681 ], [ -99.371993549843651, 20.059777599626781 ], [ -99.37185015047794, 20.059781498950027 ], [ -99.371706750134891, 20.059785349156854 ], [ -99.371563349783614, 20.059789199228195 ], [ -99.37144944429356, 20.05979229799329 ] ], [ [ -99.37144944429356, 20.05979229799329 ], [ -99.371420000275691, 20.05979309900907 ], [ -99.371398417844901, 20.059793678558517 ] ], [ [ -99.371398417844901, 20.059793678558517 ], [ -99.371276599890493, 20.059796949715913 ], [ -99.371133200474077, 20.059800799397511 ], [ -99.370923300452318, 20.059774499215326 ], [ -99.370835253542822, 20.059763477772602 ] ], [ [ -99.370835253542822, 20.059763477772602 ], [ -99.370781100312058, 20.059756699036871 ], [ -99.370638900199737, 20.059738849761025 ] ], [ [ -99.370638900199737, 20.059738849761025 ], [ -99.37049670014251, 20.05972099944589 ], [ -99.370354500096838, 20.059703199775015 ], [ -99.370212300114488, 20.059685349193987 ], [ -99.370197355120538, 20.05968349245807 ] ], [ [ -99.370197355120538, 20.05968349245807 ], [ -99.37017890026469, 20.059681199663988 ], [ -99.370070100143579, 20.059667549257256 ] ], [ [ -99.370070100143579, 20.059667549257256 ], [ -99.369927900218514, 20.0596496993168 ], [ -99.369667449744682, 20.05962004954737 ], [ -99.369626145038197, 20.059615350584863 ] ], [ [ -99.369626145038197, 20.059615350584863 ], [ -99.369525049953879, 20.059603849667628 ], [ -99.369436852563609, 20.059593785061654 ] ], [ [ -99.369436852563609, 20.059593785061654 ], [ -99.369382650205807, 20.059587599783697 ], [ -99.369104900464066, 20.059570299185392 ] ], [ [ -99.369104900464066, 20.059570299185392 ], [ -99.36896179960118, 20.059561349651414 ], [ -99.368732200389232, 20.059515399400887 ] ], [ [ -99.368732200389232, 20.059515399400887 ], [ -99.368591850327149, 20.059487299601493 ], [ -99.36852034275708, 20.059472957429634 ] ], [ [ -99.36852034275708, 20.059472957429634 ], [ -99.368451500332242, 20.059459149802176 ], [ -99.368394380784977, 20.059447709571227 ] ], [ [ -99.368394380784977, 20.059447709571227 ], [ -99.368311200286428, 20.059431049703299 ], [ -99.368188525738205, 20.059406479617277 ] ], [ [ -99.368188525738205, 20.059406479617277 ], [ -99.368170900298878, 20.059402949475395 ], [ -99.368092816088605, 20.059387315748197 ] ], [ [ -99.368092816088605, 20.059387315748197 ], [ -99.368030550469641, 20.059374849159912 ], [ -99.36789019973088, 20.059346699734327 ], [ -99.36772760041535, 20.059349049838019 ], [ -99.367584149921143, 20.05935109901025 ] ], [ [ -99.367584149921143, 20.05935109901025 ], [ -99.367440750237122, 20.059353199706113 ], [ -99.367297299716569, 20.059355249513739 ], [ -99.367153900050752, 20.059357299161302 ], [ -99.366895550253403, 20.059303599726583 ], [ -99.366711600144271, 20.059273348945343 ] ], [ [ -99.366711600144271, 20.059273348945343 ], [ -99.366570249642564, 20.059250099134047 ], [ -99.366563352360743, 20.059249418671111 ] ], [ [ -99.366563352360743, 20.059249418671111 ], [ -99.366406050453705, 20.059233899786978 ], [ -99.366263349565344, 20.059219849667695 ], [ -99.366244549634374, 20.059217999165991 ], [ -99.366148313580311, 20.059208519492117 ] ], [ [ -99.366148313580311, 20.059208519492117 ], [ -99.366120699565528, 20.059205799390416 ], [ -99.366114442320082, 20.059202506112921 ] ], [ [ -99.366114442320082, 20.059202506112921 ], [ -99.366095999893247, 20.059192799600741 ], [ -99.365990124477946, 20.059136954717587 ] ], [ [ -99.365990124477946, 20.059136954717587 ], [ -99.365900249750993, 20.059089549532811 ], [ -99.365853667506244, 20.05906496585196 ] ], [ [ -99.365853667506244, 20.05906496585196 ], [ -99.365774999727577, 20.059023449098639 ], [ -99.365649749798735, 20.058957399342365 ], [ -99.365551543478247, 20.05890557162628 ] ], [ [ -99.365551543478247, 20.05890557162628 ], [ -99.365524500001939, 20.05889129961604 ], [ -99.36539925031731, 20.05882524966119 ], [ -99.365373116130925, 20.058811467963238 ] ], [ [ -99.365373116130925, 20.058811467963238 ], [ -99.365273999795491, 20.058759199590433 ], [ -99.365148750365208, 20.058693099566209 ], [ -99.365023500087617, 20.058627049296835 ] ], [ [ -99.365023500087617, 20.058627049296835 ], [ -99.364898249942314, 20.05856094905737 ], [ -99.364859136108976, 20.058540322706143 ] ], [ [ -99.364859136108976, 20.058540322706143 ], [ -99.364772999891386, 20.058494899495852 ], [ -99.364647700080653, 20.058428848968799 ], [ -99.364538443080548, 20.058371166399215 ] ], [ [ -99.364538443080548, 20.058371166399215 ], [ -99.364522500183597, 20.058362749297686 ], [ -99.364488340917077, 20.058344735695108 ] ], [ [ -99.364488340917077, 20.058344735695108 ], [ -99.364397249539707, 20.058296699421572 ], [ -99.364131799669153, 20.058203299825909 ] ], [ [ -99.363997399613055, 20.058155949185242 ], [ -99.363862949723256, 20.058108649244843 ], [ -99.363818931116583, 20.058093141198775 ] ], [ [ -99.363818931116583, 20.058093141198775 ], [ -99.363728549837319, 20.058061299276719 ], [ -99.363638117651433, 20.058029484716368 ] ], [ [ -99.363638117651433, 20.058029484716368 ], [ -99.363594100135245, 20.058013999102354 ], [ -99.363576385430861, 20.058007764749419 ] ], [ [ -99.363576385430861, 20.058007764749419 ], [ -99.363459700408754, 20.057966699677504 ], [ -99.363325299845201, 20.057919349341919 ], [ -99.363220174516357, 20.057901301859296 ] ], [ [ -99.363220174516357, 20.057901301859296 ], [ -99.363117349719673, 20.057883649322541 ], [ -99.362976250021958, 20.057859399470281 ] ], [ [ -99.362976250021958, 20.057859399470281 ], [ -99.362835100464466, 20.057835199397786 ], [ -99.362775929409651, 20.057825033625086 ] ], [ [ -99.362775929409651, 20.057825033625086 ], [ -99.362693950009202, 20.057810949307111 ], [ -99.362563628349278, 20.057788551417335 ] ], [ [ -99.362563628349278, 20.057788551417335 ], [ -99.362552850462933, 20.057786699062856 ], [ -99.362537009352152, 20.057783977581156 ] ], [ [ -99.362537009352152, 20.057783977581156 ], [ -99.362411700091045, 20.057762449617268 ], [ -99.362340199933215, 20.057750199052613 ], [ -99.36227054978724, 20.057738199134519 ], [ -99.362129450363625, 20.057713999275506 ] ], [ [ -99.361932349516692, 20.057485299789359 ], [ -99.361841749817984, 20.057380199143623 ], [ -99.361778600247391, 20.057205249487755 ] ], [ [ -99.361732299635037, 20.057076949120216 ], [ -99.36168595015306, 20.056948649716258 ], [ -99.361639649716082, 20.056820349351145 ] ], [ [ -99.361578449927549, 20.056633849035148 ], [ -99.361535999823886, 20.056504399669652 ], [ -99.36151265819241, 20.056433303519359 ] ], [ [ -99.36151265819241, 20.056433303519359 ], [ -99.361493499920186, 20.056374949440627 ], [ -99.361451000109227, 20.056245449344662 ] ], [ [ -99.361408550266617, 20.056115999083872 ], [ -99.36135149956138, 20.055973148997744 ], [ -99.36130079970809, 20.055846348967094 ] ], [ [ -99.36130079970809, 20.055846348967094 ], [ -99.361250149859799, 20.055719499024725 ], [ -99.361221993765554, 20.055649011139604 ] ], [ [ -99.361221993765554, 20.055649011139604 ], [ -99.361199500094685, 20.055592698951074 ], [ -99.361148850406707, 20.055465899781954 ], [ -99.36101750039974, 20.055331449842459 ] ], [ [ -99.360822949919253, 20.055132199335961 ], [ -99.360724949570951, 20.054983399633436 ], [ -99.360718097487933, 20.054972981407943 ] ], [ [ -99.360718097487933, 20.054972981407943 ], [ -99.360675950477983, 20.054908899135153 ], [ -99.360649199794622, 20.05486829966771 ], [ -99.360573450146902, 20.054753199676519 ], [ -99.360503100282685, 20.054624099177452 ] ], [ [ -99.360503100282685, 20.054624099177452 ], [ -99.360437449925513, 20.054503599239613 ], [ -99.360371749786964, 20.054383099325715 ], [ -99.360366931616042, 20.054259963241119 ] ], [ [ -99.360366931616042, 20.054259963241119 ], [ -99.360366449798946, 20.054247649632661 ], [ -99.360366439458474, 20.054247387827036 ] ], [ [ -99.360366439458474, 20.054247387827036 ], [ -99.360361099941287, 20.054112199088834 ], [ -99.360351499846075, 20.053868049727953 ], [ -99.360259399817224, 20.053764099282038 ] ], [ [ -99.360259399817224, 20.053764099282038 ], [ -99.36016734979782, 20.05366019952854 ], [ -99.360015899879429, 20.053489199430768 ] ], [ [ -99.360015899879429, 20.053489199430768 ], [ -99.359903250440695, 20.053405299333487 ], [ -99.359790600182166, 20.053321399142476 ] ], [ [ -99.359790600182166, 20.053321399142476 ], [ -99.359677950045466, 20.053237499780803 ], [ -99.359596433455408, 20.053176788623421 ] ], [ [ -99.359596433455408, 20.053176788623421 ], [ -99.359556099964536, 20.053146749426361 ] ], [ [ -99.359556099964536, 20.053146749426361 ], [ -99.359278800412426, 20.053147349385288 ], [ -99.359151800187718, 20.053084299790289 ], [ -99.358934150195964, 20.052976349331921 ] ], [ [ -99.358934150195964, 20.052976349331921 ], [ -99.358791800392453, 20.052993199072692 ], [ -99.358649500433273, 20.05301004954838 ] ], [ [ -99.358649500433273, 20.05301004954838 ], [ -99.358507149599731, 20.053026899006014 ], [ -99.358337441311107, 20.053046972954952 ] ], [ [ -99.358337441311107, 20.053046972954952 ], [ -99.358312699850643, 20.053049899499189 ], [ -99.358305691537026, 20.053052253757681 ] ], [ [ -99.358305691537026, 20.053052253757681 ], [ -99.358177550311709, 20.05309529942944 ], [ -99.35803527524908, 20.053143074602659 ] ], [ [ -99.35803527524908, 20.053143074602659 ], [ -99.357987850228199, 20.053158999660397 ], [ -99.357928485122727, 20.05317782171953 ] ], [ [ -99.357928485122727, 20.05317782171953 ], [ -99.357844500102061, 20.053204449668943 ], [ -99.357828059434368, 20.053214058010269 ] ], [ [ -99.357828059434368, 20.053214058010269 ], [ -99.357722499680378, 20.053275749795905 ], [ -99.357600500089674, 20.053347049846174 ], [ -99.357539450668682, 20.053382703389516 ] ], [ [ -99.357539450668682, 20.053382703389516 ], [ -99.357478500401115, 20.053418299026156 ], [ -99.357356499576781, 20.053489599779514 ], [ -99.357302319572284, 20.053521263899544 ] ], [ [ -99.357302319572284, 20.053521263899544 ], [ -99.357234499601006, 20.05356089954984 ], [ -99.357099599752445, 20.053639699104234 ], [ -99.35698909983347, 20.053726199197389 ] ], [ [ -99.35698909983347, 20.053726199197389 ], [ -99.35687864968439, 20.053812649308796 ], [ -99.356819054238912, 20.053859322302923 ] ], [ [ -99.356819054238912, 20.053859322302923 ], [ -99.356768200340412, 20.053899149234113 ], [ -99.356657749909417, 20.053985599198697 ], [ -99.356605361910439, 20.054026627407467 ] ], [ [ -99.356605361910439, 20.054026627407467 ], [ -99.356547300283566, 20.054072098977215 ], [ -99.356436799655157, 20.054158549738997 ] ], [ [ -99.356215899711813, 20.054331499058261 ], [ -99.356105450463559, 20.054417999466267 ], [ -99.355995000146194, 20.054504449007112 ], [ -99.355965562553749, 20.054527492908576 ] ], [ [ -99.355965562553749, 20.054527492908576 ], [ -99.355884499758687, 20.054590949288905 ], [ -99.355774050101004, 20.054677399605985 ] ], [ [ -99.355774050101004, 20.054677399605985 ], [ -99.355663600288821, 20.054763899720296 ], [ -99.35555315036703, 20.054850348984182 ], [ -99.355409949625084, 20.054962449548583 ], [ -99.355297950226699, 20.055047149741615 ] ], [ [ -99.35518594974674, 20.055131848935488 ], [ -99.355073950068359, 20.055216548976635 ], [ -99.35496195023228, 20.055301249848178 ] ], [ [ -99.35496195023228, 20.055301249848178 ], [ -99.354807300221637, 20.055418248972309 ], [ -99.354798949880333, 20.055424549461343 ], [ -99.354671100465808, 20.055486049587753 ], [ -99.354564599961265, 20.055537341120552 ] ], [ [ -99.354564599961265, 20.055537341120552 ], [ -99.354543299860353, 20.055547599427111 ], [ -99.354480622949083, 20.055577760852749 ] ], [ [ -99.354480622949083, 20.055577760852749 ], [ -99.354415500112154, 20.055609099308388 ], [ -99.35437897160854, 20.055626670683829 ] ], [ [ -99.35437897160854, 20.055626670683829 ], [ -99.354287650349505, 20.055670599122433 ], [ -99.354082500218681, 20.055769349382199 ] ], [ [ -99.354082500218681, 20.055769349382199 ], [ -99.353940549891519, 20.055788799464221 ], [ -99.3537985995236, 20.055808249413854 ], [ -99.353763099686617, 20.055813111881498 ] ], [ [ -99.353763099686617, 20.055813111881498 ], [ -99.353656600175697, 20.055827699284428 ], [ -99.353480200385391, 20.055851899811842 ] ], [ [ -99.353480200385391, 20.055851899811842 ], [ -99.353345700233106, 20.05589894907299 ], [ -99.353211150071118, 20.055945999159864 ], [ -99.353141007209331, 20.055970510018621 ] ], [ [ -99.353141007209331, 20.055970510018621 ], [ -99.35307664972882, 20.055992999222436 ], [ -99.352909190834268, 20.056065372852341 ] ], [ [ -99.352909190834268, 20.056065372852341 ], [ -99.352817849619058, 20.056104849377746 ], [ -99.352692800245435, 20.056117249395669 ] ], [ [ -99.352692800245435, 20.056117249395669 ], [ -99.352555099553555, 20.056155349705449 ], [ -99.352417499525913, 20.05619349970663 ] ], [ [ -99.352417499525913, 20.05619349970663 ], [ -99.352279799638367, 20.056231599786049 ], [ -99.352142149572046, 20.056269699705773 ], [ -99.352004500372658, 20.056307849389469 ], [ -99.351866850151509, 20.056345949062219 ], [ -99.351729199820184, 20.056384099388612 ], [ -99.351510749870258, 20.056444587511464 ] ], [ [ -99.351510749870258, 20.056444587511464 ], [ -99.35148290024047, 20.056452298988756 ], [ -99.351346449777722, 20.056494099614781 ] ], [ [ -99.351073499693229, 20.056577649779037 ], [ -99.350937049955007, 20.056619449152194 ], [ -99.350800600130256, 20.056661199440008 ] ], [ [ -99.350800600130256, 20.056661199440008 ], [ -99.350664150206015, 20.056702999477491 ], [ -99.350527700197603, 20.056744799393947 ] ], [ [ -99.350527700197603, 20.056744799393947 ], [ -99.350383899881251, 20.05678879938063 ], [ -99.350240650211319, 20.056795899790828 ], [ -99.350097399616217, 20.056802899401301 ] ], [ [ -99.350097399616217, 20.056802899401301 ], [ -99.349954149932159, 20.056809949670484 ], [ -99.349810149833516, 20.056817049265593 ], [ -99.349697381475139, 20.056796345598087 ] ], [ [ -99.349697381475139, 20.056796345598087 ], [ -99.34966934953087, 20.056791199083037 ], [ -99.349633273522684, 20.056784575877273 ] ], [ [ -99.349633273522684, 20.056784575877273 ], [ -99.349528550223454, 20.05676534969362 ], [ -99.349300356561841, 20.056723473160563 ] ], [ [ -99.349300356561841, 20.056723473160563 ], [ -99.349279249997039, 20.056719599828796 ], [ -99.349274399669525, 20.056718699039241 ] ], [ [ -99.349274399669525, 20.056718699039241 ], [ -99.349092650283481, 20.056682949556411 ], [ -99.348923599652053, 20.056627748949257 ], [ -99.34878799980136, 20.056583499355401 ] ], [ [ -99.34878799980136, 20.056583499355401 ], [ -99.348652400055457, 20.056539199771482 ], [ -99.348379499686544, 20.056490899819671 ], [ -99.348238549968329, 20.05646589894334 ] ], [ [ -99.347770650127444, 20.056407749831006 ], [ -99.34762800002305, 20.056393299476674 ], [ -99.347485399847699, 20.056378848953869 ], [ -99.347294758194423, 20.056405605033678 ] ], [ [ -99.347294758194423, 20.056405605033678 ], [ -99.347235300239362, 20.056413949809141 ], [ -99.347117049855555, 20.056430532956185 ] ], [ [ -99.347117049855555, 20.056430532956185 ], [ -99.347093399778785, 20.056433849585595 ], [ -99.346869900351038, 20.056548399602885 ], [ -99.346793510109265, 20.056587563713997 ] ], [ [ -99.346793510109265, 20.056587563713997 ], [ -99.346743800003367, 20.056613049326632 ], [ -99.346731552896571, 20.056619317283815 ] ], [ [ -99.346731552896571, 20.056619317283815 ], [ -99.346682349746743, 20.056644499005625 ], [ -99.34661769955224, 20.056677649078789 ], [ -99.346491599905434, 20.056742299523975 ], [ -99.346456708278453, 20.056762716243842 ] ], [ [ -99.346456708278453, 20.056762716243842 ], [ -99.346282250143503, 20.056864799843176 ], [ -99.346160299641539, 20.056936198951838 ], [ -99.346038300070802, 20.057007549053818 ], [ -99.34596799709287, 20.05704868168122 ] ], [ [ -99.34596799709287, 20.05704868168122 ], [ -99.345916350270571, 20.057078899028486 ], [ -99.34590805989771, 20.057083752970744 ] ], [ [ -99.34590805989771, 20.057083752970744 ], [ -99.345794400306929, 20.057150299687049 ], [ -99.345699099774251, 20.057304099020307 ], [ -99.34560563792374, 20.057468945618705 ] ], [ [ -99.34560563792374, 20.057468945618705 ], [ -99.345565749805402, 20.05753929967856 ], [ -99.345555009731612, 20.057572252700883 ] ], [ [ -99.345555009731612, 20.057572252700883 ], [ -99.345522500335989, 20.057671999021103 ], [ -99.345480250002041, 20.057801499615916 ], [ -99.345466677020738, 20.057932659302445 ] ], [ [ -99.345466677020738, 20.057932659302445 ], [ -99.345466150298805, 20.057937749170414 ], [ -99.345452149911608, 20.058072699297036 ], [ -99.345478850453418, 20.058236799666624 ] ], [ [ -99.345478850453418, 20.058236799666624 ], [ -99.345500649935914, 20.058370799191717 ], [ -99.345568150113294, 20.058632699543715 ], [ -99.345608949912403, 20.058780699739053 ], [ -99.345645150438031, 20.058911849206542 ], [ -99.345681300139674, 20.059043049475946 ] ], [ [ -99.345681300139674, 20.059043049475946 ], [ -99.345717499846103, 20.059174198941434 ], [ -99.345753699604856, 20.059305349320734 ], [ -99.345756251799003, 20.059314608573651 ] ], [ [ -99.345756251799003, 20.059314608573651 ], [ -99.345789849533844, 20.059436499741473 ], [ -99.345845300021523, 20.05961854979418 ], [ -99.345885000061926, 20.059748799348601 ], [ -99.345924700160879, 20.059879049814896 ] ], [ [ -99.346030450248406, 20.060122849533556 ], [ -99.346117049571831, 20.060357599577447 ] ] ] } },
{ "type": "Feature", "properties": { "id": null, "cve_subc": null, "clave50k": null, "tipo": null, "entidad": null, "fc": null, "condicion": null, "edicion": null, "fecha": null, "lengthm": null, "id_drena": null, "flowdir": null, "enabled": null, "desc_enabl": null, "cali_repr": null, "sequenceid": null, "order_1": null, "level_1": null, "arbsum_1": null, "pathl_1": null, "layer": null, "path": null, "fid": null, "nombre": null, "SHAPE__Length": null, "Pais": null, "fid_2": "6", "id_2": "0", "nombre_2": "Río Salado", "SHAPE__Length_2": "50480.058285" }, "geometry": { "type": "MultiLineString", "coordinates": [ [ [ -99.257384495372776, 20.207097180533786 ], [ -99.25749555048759, 20.207387865883931 ], [ -99.257840659870098, 20.207703614318234 ], [ -99.258587961702503, 20.208063984283584 ] ] ] } }
]
}
