{"type":"FeatureCollection","features":[{"type":"Feature","geometry":{"type":"Point","coordinates":[-99.449861,19.88654167]},"properties":{"sitio":"PRESA MADIN","cuerpo":"PRESA MADÍN","municipio":"JILOTEPEC","temporada":"Estiaje","anio":2024,"DBO":null,"DQO":null,"ECOLI":null,"OD":null,"pH":null,"SST":null}},{"type":"Feature","geometry":{"type":"Point","coordinates":[-99.06385,19.64974]},"properties":{"sitio":"POZO 27 NORTE LOS REYES","cuerpo":"ACUÍFERO VALLE DE MÉXICO","municipio":"ECATEPEC DE MORELOS","temporada":"Estiaje","anio":2024,"DBO":null,"DQO":null,"ECOLI":null,"OD":null,"pH":7.21,"SST":null}},{"type":"Feature","geometry":{"type":"Point","coordinates":[-99.1204,19.6658]},"properties":{"sitio":"POZO RFC-15-BIS CAM_OP_NORTE LOS REYES","cuerpo":"ACUÍFERO VALLE DE MÉXICO","municipio":"TULTEPEC","temporada":"Estiaje","anio":2024,"DBO":null,"DQO":null,"ECOLI":null,"OD":null,"pH":7.31,"SST":null}},{"type":"Feature","geometry":{"type":"Point","coordinates":[-99.16265,19.631455]},"properties":{"sitio":"POZO RFC-3 CAMINO _OP_NORTE LOS REYES-ECATEPEC","cuerpo":"ACUÍFERO VALLE DE MÉXICO","municipio":"TULTITLÁN","temporada":"Estiaje","anio":2024,"DBO":null,"DQO":null,"ECOLI":null,"OD":null,"pH":6.84,"SST":null}},{"type":"Feature","geometry":{"type":"Point","coordinates":[-99.19983,19.70797]},"properties":{"sitio":"SAN LORENZO (HIDROMETRICA)","cuerpo":"RÍO CUAUTITLÁN","municipio":"CUAUTITLÁN IZCALLI","temporada":"Estiaje","anio":2024,"DBO":45.6,"DQO":129.91,"ECOLI":null,"OD":null,"pH":7.48,"SST":12.0}},{"type":"Feature","geometry":{"type":"Point","coordinates":[-99.32966,19.69285]},"properties":{"sitio":"RIO TEPOTZOTLAN AGUAS ARRIBA DE LA PRESA CONCEPCION","cuerpo":"RÍO TEPOTZOTLÁN","municipio":"TEPOTZOTLÁN","temporada":"Estiaje","anio":2024,"DBO":55.2,"DQO":79.28,"ECOLI":null,"OD":null,"pH":9.2,"SST":24.0}},{"type":"Feature","geometry":{"type":"Point","coordinates":[-99.2941,19.2656]},"properties":{"sitio":"CUARTO DINAMO","cuerpo":"RÍO MAGDALENA","municipio":"ÁLVARO OBREGÓN","temporada":"Estiaje","anio":2024,"DBO":2.4,"DQO":3.82,"ECOLI":null,"OD":null,"pH":7.77,"SST":null}},{"type":"Feature","geometry":{"type":"Point","coordinates":[-99.04663,19.443158]},"properties":{"sitio":"ENTRADA AL LAGO DE TEXCOCO","cuerpo":"LAGO DE TEXCOCO","municipio":"NEZAHUALCÓYOTL","temporada":"Estiaje","anio":2024,"DBO":510.0,"DQO":786.38,"ECOLI":null,"OD":null,"pH":7.68,"SST":42.0}},{"type":"Feature","geometry":{"type":"Point","coordinates":[-98.988672,19.414258]},"properties":{"sitio":"PUENTE XOCHIACA","cuerpo":"RÍO CHURUBUSCO / CANAL NACIONAL","municipio":"NEZAHUALCÓYOTL","temporada":"Estiaje","anio":2024,"DBO":270.0,"DQO":768.1,"ECOLI":null,"OD":null,"pH":7.55,"SST":56.0}},{"type":"Feature","geometry":{"type":"Point","coordinates":[-98.81591,19.22688]},"properties":{"sitio":"POZO SAN MATEO TEZOQUIAPA (MIRAFLORES)","cuerpo":"ACUÍFERO VALLE DE MÉXICO","municipio":"CHALCO","temporada":"Estiaje","anio":2024,"DBO":null,"DQO":null,"ECOLI":null,"OD":null,"pH":7.91,"SST":null}},{"type":"Feature","geometry":{"type":"Point","coordinates":[-99.1145,19.64013889]},"properties":{"sitio":"POZO BS-1 RANCHO EL ROSARIO","cuerpo":"ACUÍFERO VALLE DE MÉXICO","municipio":"COACALCO","temporada":"Estiaje","anio":2024,"DBO":null,"DQO":null,"ECOLI":null,"OD":null,"pH":8.07,"SST":null}},{"type":"Feature","geometry":{"type":"Point","coordinates":[-98.83974,19.22227]},"properties":{"sitio":"SAN ANDRES METLA","cuerpo":"ACUÍFERO VALLE DE MÉXICO","municipio":"COCOTITLÁN","temporada":"Estiaje","anio":2024,"DBO":null,"DQO":null,"ECOLI":null,"OD":null,"pH":7.79,"SST":null}},{"type":"Feature","geometry":{"type":"Point","coordinates":[-99.14856111,19.72796667]},"properties":{"sitio":"POZO CJ 70 RANCHO SAN ISIDRO","cuerpo":"ACUÍFERO VALLE DE MÉXICO","municipio":"CUAUTITLAN","temporada":"Estiaje","anio":2024,"DBO":null,"DQO":null,"ECOLI":null,"OD":null,"pH":7.95,"SST":null}},{"type":"Feature","geometry":{"type":"Point","coordinates":[-99.14645556,19.71974444]},"properties":{"sitio":"POZO CK 13 EXHACIENDA SAN MATEO","cuerpo":"ACUÍFERO VALLE DE MÉXICO","municipio":"MELCHOR OCAMPO","temporada":"Estiaje","anio":2024,"DBO":null,"DQO":null,"ECOLI":null,"OD":null,"pH":7.94,"SST":null}},{"type":"Feature","geometry":{"type":"Point","coordinates":[-99.06975,19.28548]},"properties":{"sitio":"POZO RN-11 AV. LEANDRO VALLE S/N. COL. DEL MAR","cuerpo":"ACUÍFERO ZONA METROPOLITANA DE LA CD. DE MEXICO","municipio":"XOCHIMILCO","temporada":"Estiaje","anio":2024,"DBO":null,"DQO":null,"ECOLI":null,"OD":null,"pH":7.46,"SST":null}},{"type":"Feature","geometry":{"type":"Point","coordinates":[-99.0458,19.27505]},"properties":{"sitio":"POZO RN-18E CAMINO DE OPERACION SUR-RAMAL NETZAHUALCOYOTL","cuerpo":"ACUÍFERO ZONA METROPOLITANA DE LA CD. DE MEXICO","municipio":"XOCHIMILCO","temporada":"Estiaje","anio":2024,"DBO":null,"DQO":null,"ECOLI":null,"OD":null,"pH":6.86,"SST":null}},{"type":"Feature","geometry":{"type":"Point","coordinates":[-98.95787,19.48637]},"properties":{"sitio":"POZO RPT-19 AUTOPISTA PEÑON-TEXCOCO","cuerpo":"ACUÍFERO VALLE DE MÉXICO","municipio":"TEXCOCO","temporada":"Estiaje","anio":2024,"DBO":null,"DQO":null,"ECOLI":null,"OD":null,"pH":7.47,"SST":null}},{"type":"Feature","geometry":{"type":"Point","coordinates":[-98.973889,19.258056]},"properties":{"sitio":"POZO RM-13 CARR.STA. CATARINA-TLAHUAC","cuerpo":"ACUÍFERO VALLE DE MÉXICO","municipio":"VALLE DE CHALCO SOLIDARIDAD","temporada":"Estiaje","anio":2024,"DBO":null,"DQO":null,"ECOLI":null,"OD":null,"pH":7.85,"SST":null}},{"type":"Feature","geometry":{"type":"Point","coordinates":[-99.449861,19.88654167]},"properties":{"sitio":"PRESA MADIN","cuerpo":"PRESA MADÍN","municipio":"JILOTEPEC","temporada":"Estiaje","anio":2024,"DBO":null,"DQO":null,"ECOLI":null,"OD":null,"pH":null,"SST":null}},{"type":"Feature","geometry":{"type":"Point","coordinates":[-99.19142,19.77982]},"properties":{"sitio":"POZO RT-31 PUEBLO DE TEOLOYUCAN","cuerpo":"ACUÍFERO VALLE DE MÉXICO","municipio":"COYOTEPEC","temporada":"Estiaje","anio":2024,"DBO":null,"DQO":null,"ECOLI":null,"OD":null,"pH":7.06,"SST":null}},{"type":"Feature","geometry":{"type":"Point","coordinates":[-99.1851,19.7652]},"properties":{"sitio":"POZO RT-28-BIS PUEBLO DE TEOLOYUCAN","cuerpo":"ACUÍFERO VALLE DE MÉXICO","municipio":"TEOLOYUCAN","temporada":"Estiaje","anio":2024,"DBO":null,"DQO":null,"ECOLI":null,"OD":null,"pH":7.25,"SST":null}},{"type":"Feature","geometry":{"type":"Point","coordinates":[-99.19983,19.70797]},"properties":{"sitio":"SAN LORENZO (HIDROMETRICA)","cuerpo":"RÍO CUAUTITLÁN","municipio":"CUAUTITLÁN IZCALLI","temporada":"Lluvias","anio":2024,"DBO":16.3,"DQO":26.8,"ECOLI":null,"OD":null,"pH":7.5,"SST":46.0}},{"type":"Feature","geometry":{"type":"Point","coordinates":[-99.32966,19.69285]},"properties":{"sitio":"RIO TEPOTZOTLAN AGUAS ARRIBA DE LA PRESA CONCEPCION","cuerpo":"RÍO TEPOTZOTLÁN","municipio":"TEPOTZOTLÁN","temporada":"Lluvias","anio":2024,"DBO":55.2,"DQO":87.8,"ECOLI":null,"OD":null,"pH":9.51,"SST":20.0}},{"type":"Feature","geometry":{"type":"Point","coordinates":[-99.24509,19.63972]},"properties":{"sitio":"A.A. PRESA GUADALUPE","cuerpo":"RÍO CUAUTITLÁN","municipio":"CUAUTITLÁN IZCALLI","temporada":"Lluvias","anio":2024,"DBO":54.5,"DQO":86.7,"ECOLI":null,"OD":null,"pH":7.55,"SST":16.0}},{"type":"Feature","geometry":{"type":"Point","coordinates":[-99.04663,19.443158]},"properties":{"sitio":"ENTRADA AL LAGO DE TEXCOCO","cuerpo":"LAGO DE TEXCOCO","municipio":"NEZAHUALCÓYOTL","temporada":"Lluvias","anio":2024,"DBO":424.2,"DQO":674.5,"ECOLI":null,"OD":null,"pH":7.82,"SST":68.0}},{"type":"Feature","geometry":{"type":"Point","coordinates":[-98.988672,19.414258]},"properties":{"sitio":"PUENTE XOCHIACA","cuerpo":"RÍO CHURUBUSCO / CANAL NACIONAL","municipio":"NEZAHUALCÓYOTL","temporada":"Lluvias","anio":2024,"DBO":303.0,"DQO":481.8,"ECOLI":null,"OD":null,"pH":9.97,"SST":284.0}},{"type":"Feature","geometry":{"type":"Point","coordinates":[-99.006995,19.266313]},"properties":{"sitio":"LAGO LOS REYES","cuerpo":"LAGUNA TLAHUAC","municipio":"TLÁHUAC","temporada":"Lluvias","anio":2024,"DBO":30.3,"DQO":48.3,"ECOLI":null,"OD":null,"pH":null,"SST":198.0}},{"type":"Feature","geometry":{"type":"Point","coordinates":[-99.2941,19.2656]},"properties":{"sitio":"CUARTO DINAMO","cuerpo":"RÍO MAGDALENA","municipio":"ÁLVARO OBREGÓN","temporada":"Lluvias","anio":2024,"DBO":2.4,"DQO":3.9,"ECOLI":null,"OD":null,"pH":8.39,"SST":6.0}},{"type":"Feature","geometry":{"type":"Point","coordinates":[-98.927332,19.590637]},"properties":{"sitio":"PUENTE CARR. LOS REYES - LECHERIA","cuerpo":"RÍO SALADO","municipio":"TEZOYUCA","temporada":"Lluvias","anio":2024,"DBO":212.1,"DQO":337.3,"ECOLI":null,"OD":null,"pH":8.19,"SST":84.0}},{"type":"Feature","geometry":{"type":"Point","coordinates":[-99.22617,19.42475]},"properties":{"sitio":"TÚNEL DE INTERCONEXIÓN TACUBAYA - TECAMACHALCO","cuerpo":"TÚNEL INTERCEPTOR PONIENTE","municipio":"NAUCALPAN DE JUÁREZ","temporada":"Lluvias","anio":2024,"DBO":null,"DQO":247.7,"ECOLI":null,"OD":1.0,"pH":7.6,"SST":null}},{"type":"Feature","geometry":{"type":"Point","coordinates":[-99.264106,19.528072]},"properties":{"sitio":"PRESA MADIN","cuerpo":"PRESA MADÍN","municipio":"ATIZAPÁN DE ZARAGOZA","temporada":"Lluvias","anio":2024,"DBO":null,"DQO":null,"ECOLI":null,"OD":null,"pH":null,"SST":null}},{"type":"Feature","geometry":{"type":"Point","coordinates":[-99.3,19.9]},"properties":{"sitio":"DESCARGA EMISOR CENTRAL","cuerpo":"TÚNEL EMISOR CENTRAL","municipio":"ATOTONILCO DE TULA","temporada":"Lluvias","anio":2024,"DBO":99.0,"DQO":442.8,"ECOLI":"2419600.0","OD":0.2,"pH":6.7,"SST":111.1}},{"type":"Feature","geometry":{"type":"Point","coordinates":[-99.3,20.0]},"properties":{"sitio":"INFLUENTE PTAR ATOTONILCO","cuerpo":"CANAL EL SALTO","municipio":"ATOTONILCO DE TULA","temporada":"Lluvias","anio":2024,"DBO":130.5,"DQO":454.3,"ECOLI":"2419600.0","OD":0.2,"pH":7.3,"SST":118.5}},{"type":"Feature","geometry":{"type":"Point","coordinates":[-99.3,20.0]},"properties":{"sitio":"RÍO EL SALTO","cuerpo":"RÍO EL SALTO","municipio":"ATOTONILCO DE TULA","temporada":"Lluvias","anio":2024,"DBO":132.3,"DQO":795.3,"ECOLI":"2419600.0","OD":0.2,"pH":6.7,"SST":114.3}},{"type":"Feature","geometry":{"type":"Point","coordinates":[-99.3,20.0]},"properties":{"sitio":"TUNEL EMISOR ORIENTE, TEO","cuerpo":"TÚNEL EMISOR ORIENTE","municipio":"ATOTONILCO DE TULA","temporada":"Lluvias","anio":2024,"DBO":342.0,"DQO":933.8,"ECOLI":"2419600.0","OD":0.9,"pH":7.5,"SST":283.3}},{"type":"Feature","geometry":{"type":"Point","coordinates":[-99.3,20.0]},"properties":{"sitio":"CONFLUENCIA EMISOR CENTRAL, TEO","cuerpo":"RÍO TULA","municipio":"ATOTONILCO DE TULA","temporada":"Lluvias","anio":2024,"DBO":127.8,"DQO":348.8,"ECOLI":"2419600.0","OD":0.1,"pH":7.4,"SST":75.0}},{"type":"Feature","geometry":{"type":"Point","coordinates":[-99.3,20.0]},"properties":{"sitio":"RÍO TULA MARGEN IZQUIERDA","cuerpo":"RÍO TULA","municipio":"ATOTONILCO DE TULA","temporada":"Lluvias","anio":2024,"DBO":127.8,"DQO":440.5,"ECOLI":"2419600.0","OD":0.2,"pH":7.4,"SST":142.9}},{"type":"Feature","geometry":{"type":"Point","coordinates":[-99.3,20.0]},"properties":{"sitio":"EFLUENTE PTAR + CANAL EL SALTO","cuerpo":"CANAL EL SALTO","municipio":"ATOTONILCO DE TULA","temporada":"Lluvias","anio":2024,"DBO":91.2,"DQO":252.4,"ECOLI":"2419600.0","OD":2.7,"pH":7.2,"SST":76.5}},{"type":"Feature","geometry":{"type":"Point","coordinates":[-99.3,20.0]},"properties":{"sitio":"CANAL BIESTRO","cuerpo":"CANAL REQUENA","municipio":"ATOTONILCO DE TULA","temporada":"Lluvias","anio":2024,"DBO":88.8,"DQO":263.9,"ECOLI":"2419600.0","OD":0.8,"pH":7.2,"SST":81.5}},{"type":"Feature","geometry":{"type":"Point","coordinates":[-99.3,20.0]},"properties":{"sitio":"AGUAS ABAJO PTAR CANAL REQUENA","cuerpo":"CANAL REQUENA","municipio":"ATOTONILCO DE TULA","temporada":"Lluvias","anio":2024,"DBO":52.2,"DQO":270.7,"ECOLI":"2419600.0","OD":1.2,"pH":7.1,"SST":75.0}},{"type":"Feature","geometry":{"type":"Point","coordinates":[-99.3,20.0]},"properties":{"sitio":"PUENTE CRUZ AZUL (RT-1)","cuerpo":"RÍO TULA","municipio":"TULA DE ALLENDE","temporada":"Lluvias","anio":2024,"DBO":66.3,"DQO":261.6,"ECOLI":"2419600.0","OD":2.3,"pH":7.4,"SST":86.4}},{"type":"Feature","geometry":{"type":"Point","coordinates":[-99.3,20.0]},"properties":{"sitio":"AGUAS ABAJO ÚLTIMA DESCARGA PTAR ","cuerpo":"RÍO TULA","municipio":"TULA DE ALLENDE","temporada":"Lluvias","anio":2024,"DBO":86.7,"DQO":252.4,"ECOLI":"2419600.0","OD":3.3,"pH":7.4,"SST":96.2}},{"type":"Feature","geometry":{"type":"Point","coordinates":[-99.3,20.0]},"properties":{"sitio":"RÍO TULA AGUAS ABAJO CIUDAD COOPERATIVA CRUZ AZUL","cuerpo":"RÍO TULA","municipio":"TULA DE ALLENDE","temporada":"Lluvias","anio":2024,"DBO":68.4,"DQO":222.6,"ECOLI":"2419600.0","OD":0.2,"pH":7.3,"SST":60.7}},{"type":"Feature","geometry":{"type":"Point","coordinates":[-99.3,20.0]},"properties":{"sitio":"AGUAS ARRIBA DESCARGA CEMENTERA CRUZ AZUL","cuerpo":"RÍO TLAUTLA","municipio":"TULA DE ALLENDE","temporada":"Lluvias","anio":2024,"DBO":8.2,"DQO":31.7,"ECOLI":"1560.0","OD":5.9,"pH":6.7,"SST":0.0}},{"type":"Feature","geometry":{"type":"Point","coordinates":[-99.3,20.0]},"properties":{"sitio":"RÍO TLAUTLA AFLUENTE RÍO TULA","cuerpo":"RÍO TLAUTLA","municipio":"TULA DE ALLENDE","temporada":"Lluvias","anio":2024,"DBO":14.2,"DQO":30.6,"ECOLI":"15150.0","OD":6.4,"pH":6.5,"SST":6.0}},{"type":"Feature","geometry":{"type":"Point","coordinates":[-99.3,20.0]},"properties":{"sitio":"EFLUENTE PTAR ATOTONILCO TPC","cuerpo":"EFLUENTE PTAR","municipio":"ATOTONILCO DE TULA","temporada":"Lluvias","anio":2024,"DBO":118.5,"DQO":190.4,"ECOLI":"0.0","OD":4.1,"pH":7.3,"SST":23.9}},{"type":"Feature","geometry":{"type":"Point","coordinates":[-99.3,20.0]},"properties":{"sitio":"EFLUENTE PTAR ATOTONILCO TPQ","cuerpo":"EFLUENTE PTAR","municipio":"ATOTONILCO DE TULA","temporada":"Lluvias","anio":2024,"DBO":99.9,"DQO":158.3,"ECOLI":"0.0","OD":5.4,"pH":6.9,"SST":53.7}},{"type":"Feature","geometry":{"type":"Point","coordinates":[-99.3,20.0]},"properties":{"sitio":"EFLUENTE PTAR ATOTONILCO TPC + TPQ","cuerpo":"EFLUENTE PTAR","municipio":"ATOTONILCO DE TULA","temporada":"Lluvias","anio":2024,"DBO":183.0,"DQO":511.7,"ECOLI":"46110.0","OD":5.6,"pH":7.6,"SST":75.0}},{"type":"Feature","geometry":{"type":"Point","coordinates":[-99.4,20.1]},"properties":{"sitio":"RÍO ROSAS AGUAS ARRIBA RÍO TULA","cuerpo":"RÍO ROSAS","municipio":"TULA DE ALLENDE","temporada":"Lluvias","anio":2024,"DBO":7.8,"DQO":0.0,"ECOLI":"38730.0","OD":8.6,"pH":8.6,"SST":0.0}},{"type":"Feature","geometry":{"type":"Point","coordinates":[-99.449861,19.88654167]},"properties":{"sitio":"PRESA MADIN","cuerpo":"PRESA MADÍN","municipio":"JILOTEPEC","temporada":"Lluvias","anio":2024,"DBO":null,"DQO":null,"ECOLI":null,"OD":null,"pH":null,"SST":null}},{"type":"Feature","geometry":{"type":"Point","coordinates":[-99.2,20.0]},"properties":{"sitio":"RÍO SALADO ANTES GRUPO APAXCO","cuerpo":"RÍO SALADO","municipio":"APAXCO","temporada":"Estiaje","anio":2024,"DBO":61.8,"DQO":268.5,"ECOLI":"2419600.0","OD":0.7,"pH":8.0,"SST":760.0}},{"type":"Feature","geometry":{"type":"Point","coordinates":[-99.175405,19.964847]},"properties":{"sitio":"PROPUESTA 9. RÍO SALADO ANTES GRUPO APAXCO","cuerpo":"RÍO SALADO","municipio":"APAXCO","temporada":"Estiaje","anio":2024,"DBO":61.8,"DQO":268.45,"ECOLI":">2419600","OD":0.73,"pH":8.0,"SST":760.0}},{"type":"Feature","geometry":{"type":"Point","coordinates":[-99.2,20.1]},"properties":{"sitio":"AGUAS ABAJO DE LA PRESA DERIVADORA TLAMACO","cuerpo":"RÍO SALADO","municipio":"ATITALAQUIA","temporada":"Estiaje","anio":2024,"DBO":63.8,"DQO":341.9,"ECOLI":"2419600.0","OD":2.3,"pH":7.9,"SST":440.0}},{"type":"Feature","geometry":{"type":"Point","coordinates":[-99.2,20.0]},"properties":{"sitio":"RÍO SALADO BALNEARIO VITO","cuerpo":"RÍO SALADO","municipio":"ATOTONILCO DE TULA","temporada":"Estiaje","anio":2024,"DBO":64.7,"DQO":259.3,"ECOLI":"2419600.0","OD":0.0,"pH":8.1,"SST":764.3}},{"type":"Feature","geometry":{"type":"Point","coordinates":[-99.2,20.5]},"properties":{"sitio":"AGUAS ABAJO DAR SANTA ANA PROGRESO","cuerpo":"RÍO TULA","municipio":"IXMIQUILPAN","temporada":"Estiaje","anio":2024,"DBO":7.0,"DQO":24.2,"ECOLI":"1515.0","OD":5.2,"pH":7.5,"SST":30.0}},{"type":"Feature","geometry":{"type":"Point","coordinates":[-99.5,20.0]},"properties":{"sitio":"RÍO ROSAS","cuerpo":"RÍO ROSAS","municipio":"SOYANIQUILPAN DE JUÁREZ","temporada":"Estiaje","anio":2024,"DBO":4.6,"DQO":26.2,"ECOLI":"15000.0","OD":4.7,"pH":8.1,"SST":0.0}},{"type":"Feature","geometry":{"type":"Point","coordinates":[-99.469127,20.044358]},"properties":{"sitio":"PROPUESTA 6, RÍO ROSAS","cuerpo":"RÍO ROSAS","municipio":"SOYANIQUILPAN DE JUÁREZ","temporada":"Estiaje","anio":2024,"DBO":4.6,"DQO":26.2,"ECOLI":"15000","OD":4.7,"pH":8.1,"SST":16.0}},{"type":"Feature","geometry":{"type":"Point","coordinates":[-99.4,20.6]},"properties":{"sitio":"RH26-7 PÁNUCO ","cuerpo":"RÍO TULA","municipio":"TASQUILLO","temporada":"Estiaje","anio":2024,"DBO":8.0,"DQO":19.0,"ECOLI":"450.0","OD":6.5,"pH":8.0,"SST":32.0}},{"type":"Feature","geometry":{"type":"Point","coordinates":[-99.3,20.6]},"properties":{"sitio":"RIO TULA (PUENTE DE FIERRO)","cuerpo":"RÍO TULA","municipio":"TASQUILLO","temporada":"Estiaje","anio":2024,"DBO":7.2,"DQO":0.0,"ECOLI":"211.0","OD":6.4,"pH":7.9,"SST":32.0}},{"type":"Feature","geometry":{"type":"Point","coordinates":[-99.3,20.6]},"properties":{"sitio":"JUCHITLAN AGUAS ARRIBA DE LA DAR","cuerpo":"RÍO TULA","municipio":"TASQUILLO","temporada":"Estiaje","anio":2024,"DBO":6.9,"DQO":0.0,"ECOLI":"657.0","OD":6.5,"pH":8.0,"SST":34.0}},{"type":"Feature","geometry":{"type":"Point","coordinates":[-99.3,20.6]},"properties":{"sitio":"PUENTE CANDELARIA","cuerpo":"RÍO TULA","municipio":"TASQUILLO","temporada":"Estiaje","anio":2024,"DBO":6.0,"DQO":0.0,"ECOLI":"544.0","OD":6.4,"pH":8.0,"SST":35.0}},{"type":"Feature","geometry":{"type":"Point","coordinates":[-99.2,19.9]},"properties":{"sitio":"RÍO SALADO ADELANTE DEL LIB. TEQUIXQUIAC","cuerpo":"RÍO SALADO","municipio":"TEQUIXQUIAC","temporada":"Estiaje","anio":2024,"DBO":65.4,"DQO":224.9,"ECOLI":"2419600.0","OD":2.5,"pH":7.9,"SST":420.0}},{"type":"Feature","geometry":{"type":"Point","coordinates":[-99.2,19.9]},"properties":{"sitio":"PROPUESTA 4 AGUAS ARRIBA DE LA PROPUESTA 6 SALIDA GRAN CANAL PTE. SN. JOSÉ","cuerpo":"RÍO SALADO","municipio":"TEQUIXQUIAC","temporada":"Estiaje","anio":2024,"DBO":62.7,"DQO":252.4,"ECOLI":"2419600.0","OD":0.1,"pH":7.9,"SST":366.7}},{"type":"Feature","geometry":{"type":"Point","coordinates":[-99.2,19.9]},"properties":{"sitio":"RÍO SALADO A 200 MTS ABAJO AV. EMILIANO ZAPATA","cuerpo":"RÍO SALADO","municipio":"TEQUIXQUIAC","temporada":"Estiaje","anio":2024,"DBO":63.9,"DQO":284.5,"ECOLI":"2419600.0","OD":0.3,"pH":7.8,"SST":270.0}},{"type":"Feature","geometry":{"type":"Point","coordinates":[-99.158922,19.919709]},"properties":{"sitio":"PROPUESTA 4 AGUAS ARRIBA DE LA PROPUESTA 6 SALIDA GRAN CANAL PTE. SN. JOSÉ","cuerpo":"GRAN CANAL","municipio":"TEQUIXQUIAC","temporada":"Estiaje","anio":2024,"DBO":62.7,"DQO":252.389,"ECOLI":">2419600","OD":0.13,"pH":7.9,"SST":366.667}},{"type":"Feature","geometry":{"type":"Point","coordinates":[-99.159375,19.918611]},"properties":{"sitio":"PROPUESTA 5 SALIDA A 200 M AGUAS ABAJO AV. EMILIANO ZAPATA","cuerpo":"GRAN CANAL","municipio":"TEQUIXQUIAC","temporada":"Estiaje","anio":2024,"DBO":63.9,"DQO":284.511,"ECOLI":">2419600","OD":0.25,"pH":7.8,"SST":270.0}},{"type":"Feature","geometry":{"type":"Point","coordinates":[-99.159944,19.920151]},"properties":{"sitio":"PROPUESTA 6. RÍO SALADO ADELANTE LIBRAMIENTO TEQUIXQUIAC","cuerpo":"RÍO SALADO","municipio":"TEQUIXQUIAC","temporada":"Estiaje","anio":2024,"DBO":65.4,"DQO":224.856,"ECOLI":">2419600","OD":2.53,"pH":7.9,"SST":420.0}},{"type":"Feature","geometry":{"type":"Point","coordinates":[-99.4,20.1]},"properties":{"sitio":"AGUAS ARRIBA PUENTE RÍO ROSAS","cuerpo":"RÍO ROSAS","municipio":"TULA DE ALLENDE","temporada":"Estiaje","anio":2024,"DBO":80.0,"DQO":199.0,"ECOLI":"21000000.0","OD":3.4,"pH":8.0,"SST":23.0}},{"type":"Feature","geometry":{"type":"Point","coordinates":[-99.3,20.1]},"properties":{"sitio":"PUENTE RÍO ROSAS","cuerpo":"RÍO ROSAS","municipio":"TULA DE ALLENDE","temporada":"Estiaje","anio":2024,"DBO":10.2,"DQO":30.1,"ECOLI":"93000.0","OD":4.1,"pH":7.8,"SST":86.0}},{"type":"Feature","geometry":{"type":"Point","coordinates":[-99.3,20.1]},"properties":{"sitio":"PUENTE 5 DE MAYO","cuerpo":"RÍO TULA","municipio":"TULA DE ALLENDE","temporada":"Estiaje","anio":2024,"DBO":95.8,"DQO":528.0,"ECOLI":"4300000.0","OD":0.8,"pH":7.7,"SST":457.0}},{"type":"Feature","geometry":{"type":"Point","coordinates":[-99.3,20.1]},"properties":{"sitio":"CONFLUENCIA RÍO ROSAS - RÍO TULA","cuerpo":"RÍO TULA","municipio":"TULA DE ALLENDE","temporada":"Estiaje","anio":2024,"DBO":117.5,"DQO":332.0,"ECOLI":"2100000.0","OD":0.2,"pH":7.1,"SST":304.0}},{"type":"Feature","geometry":{"type":"Point","coordinates":[-99.2,19.9]},"properties":{"sitio":"RÍO SALADO ABAJO DERIVACIÓN","cuerpo":"RÍO SALADO","municipio":"APAXCO","temporada":"Estiaje","anio":2024,"DBO":54.3,"DQO":231.7,"ECOLI":"2419600.0","OD":0.2,"pH":8.1,"SST":440.0}},{"type":"Feature","geometry":{"type":"Point","coordinates":[-99.2,20.0]},"properties":{"sitio":"PRESA DERIVADORA TLAMACO - JUANDHÓ (RS1)","cuerpo":"RÍO SALADO","municipio":"ATITALAQUIA","temporada":"Estiaje","anio":2024,"DBO":63.3,"DQO":296.0,"ECOLI":"2419600.0","OD":0.1,"pH":8.0,"SST":820.0}},{"type":"Feature","geometry":{"type":"Point","coordinates":[-99.2,20.2]},"properties":{"sitio":"PUENTE DE MININHO","cuerpo":"RÍO TULA","municipio":"CHILCUAUTLA","temporada":"Estiaje","anio":2024,"DBO":10.2,"DQO":108.9,"ECOLI":"1299700.0","OD":4.9,"pH":7.9,"SST":114.0}},{"type":"Feature","geometry":{"type":"Point","coordinates":[-99.2,20.4]},"properties":{"sitio":"AGUAS ABAJO DEL BALNEARIO TLACOTLAPILCO","cuerpo":"RÍO TULA","municipio":"CHILCUAUTLA","temporada":"Estiaje","anio":2024,"DBO":20.0,"DQO":89.1,"ECOLI":"275500.0","OD":4.7,"pH":8.0,"SST":95.0}},{"type":"Feature","geometry":{"type":"Point","coordinates":[-99.2,20.4]},"properties":{"sitio":"AGUAS ABAJO DAR DE LA PTAR BETHI","cuerpo":"RÍO TULA","municipio":"CHILCUAUTLA","temporada":"Estiaje","anio":2024,"DBO":12.9,"DQO":88.4,"ECOLI":"143900.0","OD":4.4,"pH":7.9,"SST":78.0}},{"type":"Feature","geometry":{"type":"Point","coordinates":[-99.1,19.5]},"properties":{"sitio":"CLARIANT PRODUCTOS QUIMICOS, S.A. DE C.V. (AGUAS ARRIBA)","cuerpo":"GRAN CANAL","municipio":"ECATEPEC DE MORELOS","temporada":"Estiaje","anio":2024,"DBO":82.5,"DQO":263.9,"ECOLI":"37400.0","OD":null,"pH":null,"SST":113.6}},{"type":"Feature","geometry":{"type":"Point","coordinates":[-99.05839,19.53237]},"properties":{"sitio":"CLARIANT PRODUCTOS QUIMICOS, S.A. DE C.V. (AGUAS ARRIBA)","cuerpo":"RÍO SALADO","municipio":"ECATEPEC DE MORELOS","temporada":"Estiaje","anio":2024,"DBO":82.5,"DQO":263.861,"ECOLI":"37400","OD":null,"pH":null,"SST":113.636}},{"type":"Feature","geometry":{"type":"Point","coordinates":[-99.2,20.5]},"properties":{"sitio":"AGUAS ARRIBA DAR LA REFORMA 2 (PUENTE)","cuerpo":"RÍO TULA","municipio":"IXMIQUILPAN","temporada":"Estiaje","anio":2024,"DBO":10.1,"DQO":66.4,"ECOLI":"190400.0","OD":4.6,"pH":7.8,"SST":0.0}},{"type":"Feature","geometry":{"type":"Point","coordinates":[-99.2,20.5]},"properties":{"sitio":"AGUAS ARRIBA DAR EL FITZHI","cuerpo":"RÍO TULA","municipio":"IXMIQUILPAN","temporada":"Estiaje","anio":2024,"DBO":11.6,"DQO":57.8,"ECOLI":"10710.0","OD":5.6,"pH":8.0,"SST":30.0}},{"type":"Feature","geometry":{"type":"Point","coordinates":[-99.469127,20.044358]},"properties":{"sitio":"PROPUESTA 6, RÍO ROSAS","cuerpo":"RÍO ROSAS","municipio":"SOYANIQUILPAN DE JUÁREZ","temporada":"Estiaje","anio":2024,"DBO":null,"DQO":null,"ECOLI":null,"OD":null,"pH":null,"SST":null}},{"type":"Feature","geometry":{"type":"Point","coordinates":[-99.1,19.6]},"properties":{"sitio":"KILOMETRO 27 + 500","cuerpo":"GRAN CANAL","municipio":"TECAMAC","temporada":"Estiaje","anio":2024,"DBO":179.4,"DQO":670.0,"ECOLI":"2419600.0","OD":null,"pH":null,"SST":4.8}},{"type":"Feature","geometry":{"type":"Point","coordinates":[-99.4,20.2]},"properties":{"sitio":"CANAL DE SALIDA PRESA ENDHÓ","cuerpo":"RÍO TULA","municipio":"TEPETITLÁN","temporada":"Estiaje","anio":2024,"DBO":15.4,"DQO":29.8,"ECOLI":"3900.0","OD":4.2,"pH":7.9,"SST":11.5}},{"type":"Feature","geometry":{"type":"Point","coordinates":[-99.166236,19.930944]},"properties":{"sitio":"PROPUESTA 8, RÍO SALADO AGUAS ABAJO DERIVACIÓN","cuerpo":"RÍO SALADO","municipio":"TEQUIXQUIAC","temporada":"Estiaje","anio":2024,"DBO":54.3,"DQO":231.739,"ECOLI":">2419600","OD":0.17,"pH":8.1,"SST":440.0}},{"type":"Feature","geometry":{"type":"Point","coordinates":[-99.2,20.1]},"properties":{"sitio":"PUENTE VIEJO A ABAJO DESC DEL DREN PRINCIPAL","cuerpo":"RÍO SALADO","municipio":"TEZONTEPEC DE ALDAMA","temporada":"Estiaje","anio":2024,"DBO":31.2,"DQO":190.4,"ECOLI":"2419600.0","OD":0.1,"pH":8.1,"SST":580.0}},{"type":"Feature","geometry":{"type":"Point","coordinates":[-99.3,20.2]},"properties":{"sitio":"PUENTE MANGAS AGUAS ARRIBA DAR MANGA 1 Y 2","cuerpo":"RÍO SALADO","municipio":"TEZONTEPEC DE ALDAMA","temporada":"Estiaje","anio":2024,"DBO":27.8,"DQO":158.3,"ECOLI":"2419600.0","OD":5.7,"pH":9.5,"SST":530.0}},{"type":"Feature","geometry":{"type":"Point","coordinates":[-99.2,20.1]},"properties":{"sitio":"RÍO SALADO TLAHUELILPAN","cuerpo":"RÍO SALADO","municipio":"TLAHUELILPAN","temporada":"Estiaje","anio":2024,"DBO":24.2,"DQO":188.1,"ECOLI":"2419600.0","OD":0.1,"pH":8.3,"SST":580.0}},{"type":"Feature","geometry":{"type":"Point","coordinates":[-99.2,20.1]},"properties":{"sitio":"PUENTE DOXEY","cuerpo":"RÍO SALADO","municipio":"TLAXCOAPAN","temporada":"Estiaje","anio":2024,"DBO":31.1,"DQO":153.7,"ECOLI":"2419600.0","OD":0.1,"pH":8.5,"SST":650.0}},{"type":"Feature","geometry":{"type":"Point","coordinates":[-99.3,20.1]},"properties":{"sitio":"PUENTE DE C.D. DE TULA DE ALLENDE","cuerpo":"RÍO TULA","municipio":"TULA DE ALLENDE","temporada":"Estiaje","anio":2024,"DBO":150.6,"DQO":416.0,"ECOLI":"46000000.0","OD":0.3,"pH":7.8,"SST":113.0}},{"type":"Feature","geometry":{"type":"Point","coordinates":[-99.3,20.1]},"properties":{"sitio":"DESCARGA PEMEX (DPM) AGUAS ABAJO DESCARGA PEMEX","cuerpo":"RÍO TULA","municipio":"TULA DE ALLENDE","temporada":"Estiaje","anio":2024,"DBO":153.6,"DQO":337.0,"ECOLI":"93000.0","OD":0.2,"pH":7.8,"SST":130.0}},{"type":"Feature","geometry":{"type":"Point","coordinates":[-99.3,20.1]},"properties":{"sitio":"PRESA ENDHÓ 4","cuerpo":"RÍO TULA","municipio":"TULA DE ALLENDE","temporada":"Estiaje","anio":2024,"DBO":87.0,"DQO":250.0,"ECOLI":"15000000.0","OD":0.9,"pH":7.7,"SST":58.0}},{"type":"Feature","geometry":{"type":"Point","coordinates":[-99.4,20.1]},"properties":{"sitio":"PRESA ENDHÓ 3","cuerpo":"RÍO TULA","municipio":"TULA DE ALLENDE","temporada":"Estiaje","anio":2024,"DBO":37.3,"DQO":280.0,"ECOLI":"75000.0","OD":0.1,"pH":7.4,"SST":46.0}},{"type":"Feature","geometry":{"type":"Point","coordinates":[-99.3,20.1]},"properties":{"sitio":"AGUAS ARRIBA DESCARGA PEMEX Y UH PEMEX","cuerpo":"RÍO TULA","municipio":"TULA DE ALLENDE","temporada":"Estiaje","anio":2024,"DBO":144.4,"DQO":378.0,"ECOLI":"24000000.0","OD":0.1,"pH":7.8,"SST":63.3}},{"type":"Feature","geometry":{"type":"Point","coordinates":[-99.3,20.1]},"properties":{"sitio":"AGUAS ABAJO DESCARGA CFE","cuerpo":"CANAL DENDHÓ","municipio":"TULA DE ALLENDE","temporada":"Estiaje","anio":2024,"DBO":69.3,"DQO":248.0,"ECOLI":"1500000.0","OD":0.3,"pH":7.2,"SST":470.0}},{"type":"Feature","geometry":{"type":"Point","coordinates":[-99.3,20.1]},"properties":{"sitio":"AGUAS ARRIBA DESCARGA CFE","cuerpo":"CANAL DENDHÓ","municipio":"TULA DE ALLENDE","temporada":"Estiaje","anio":2024,"DBO":67.0,"DQO":229.0,"ECOLI":"1500000.0","OD":0.2,"pH":7.2,"SST":90.0}},{"type":"Feature","geometry":{"type":"Point","coordinates":[-99.3,20.0]},"properties":{"sitio":"AGUAS ABAJO DE LA DESCARGA 27 PUENTE LIBRAMIENTO","cuerpo":"RÍO TULA","municipio":"TULA DE ALLENDE","temporada":"Estiaje","anio":2024,"DBO":136.7,"DQO":308.0,"ECOLI":"21000000.0","OD":0.6,"pH":7.7,"SST":384.0}},{"type":"Feature","geometry":{"type":"Point","coordinates":[-99.3,20.0]},"properties":{"sitio":"AGUAS ABAJO DE LA DESCARGA 14 CENTRO TIENDA LA CURVA","cuerpo":"RÍO TULA","municipio":"TULA DE ALLENDE","temporada":"Estiaje","anio":2024,"DBO":73.6,"DQO":314.0,"ECOLI":"46000000.0","OD":0.2,"pH":7.8,"SST":16.2}},{"type":"Feature","geometry":{"type":"Point","coordinates":[-99.3,20.0]},"properties":{"sitio":"AGUAS ABAJO DE LA DESCARGA 10 EL CHAPULIN - LA AMISTAD","cuerpo":"RÍO TULA","municipio":"TULA DE ALLENDE","temporada":"Estiaje","anio":2024,"DBO":135.7,"DQO":448.0,"ECOLI":"24000000.0","OD":0.3,"pH":7.9,"SST":153.0}},{"type":"Feature","geometry":{"type":"Point","coordinates":[-99.2,20.3]},"properties":{"sitio":"AGUAS ABAJO DAR MIXQUIAHUALA","cuerpo":"RÍO TULA","municipio":"PROGRESO DE OBREGÓN","temporada":"Estiaje","anio":2024,"DBO":49.8,"DQO":65.6,"ECOLI":"517200.0","OD":6.3,"pH":8.5,"SST":45.0}},{"type":"Feature","geometry":{"type":"Point","coordinates":[-99.2,20.3]},"properties":{"sitio":"AGUAS ABAJO PARQUE ECOTURISTICO EL RÍO","cuerpo":"RÍO TULA","municipio":"PROGRESO DE OBREGÓN","temporada":"Estiaje","anio":2024,"DBO":16.1,"DQO":22.0,"ECOLI":"866400.0","OD":6.0,"pH":9.5,"SST":42.5}},{"type":"Feature","geometry":{"type":"Point","coordinates":[-99.2,20.3]},"properties":{"sitio":"AGUAS ARRIBA DAR LOS MANANTIALES Y AGUAS ABAJO DE ESCURRIMIENTOS","cuerpo":"RÍO TULA","municipio":"PROGRESO DE OBREGÓN","temporada":"Estiaje","anio":2024,"DBO":8.9,"DQO":0.0,"ECOLI":"1046200.0","OD":6.1,"pH":8.7,"SST":25.0}},{"type":"Feature","geometry":{"type":"Point","coordinates":[-99.2,19.9]},"properties":{"sitio":"CONFLUENCIA GRAN CANAL Y TÚNEL VIEJO","cuerpo":"RÍO SALADO","municipio":"TEQUIXQUIAC","temporada":"Estiaje","anio":2024,"DBO":185.4,"DQO":511.7,"ECOLI":"2419600.0","OD":null,"pH":null,"SST":284.6}},{"type":"Feature","geometry":{"type":"Point","coordinates":[-99.16176,19.92122]},"properties":{"sitio":"CONFLUENCIA GRAN CANAL Y TÚNEL VIEJO","cuerpo":"GRAN CANAL / TÚNEL VIEJO","municipio":"TEQUIXQUIAC","temporada":"Estiaje","anio":2024,"DBO":185.4,"DQO":511.661,"ECOLI":">2419600","OD":null,"pH":null,"SST":284.615}},{"type":"Feature","geometry":{"type":"Point","coordinates":[-99.3,20.2]},"properties":{"sitio":"PISCICOLA TEZONTEPEC DE ALDAMA (RT-2A)","cuerpo":"RÍO TULA","municipio":"TEZONTEPEC DE ALDAMA","temporada":"Estiaje","anio":2024,"DBO":9.7,"DQO":0.0,"ECOLI":"1440.0","OD":7.2,"pH":8.0,"SST":0.0}},{"type":"Feature","geometry":{"type":"Point","coordinates":[-99.3,20.2]},"properties":{"sitio":"PUENTE TEZONTEPEC","cuerpo":"RÍO SALADO","municipio":"TEZONTEPEC DE ALDAMA","temporada":"Estiaje","anio":2024,"DBO":79.5,"DQO":204.2,"ECOLI":"2419600.0","OD":7.6,"pH":8.1,"SST":70.0}},{"type":"Feature","geometry":{"type":"Point","coordinates":[-99.3,20.2]},"properties":{"sitio":"RÍO TULA AGUAS ARRIBA CONFLUENCIA RÍO SALADO","cuerpo":"RÍO TULA","municipio":"TEZONTEPEC DE ALDAMA","temporada":"Estiaje","anio":2024,"DBO":9.9,"DQO":11.9,"ECOLI":"2750.0","OD":6.4,"pH":8.9,"SST":12.5}},{"type":"Feature","geometry":{"type":"Point","coordinates":[-99.3,20.2]},"properties":{"sitio":"CONFLUENCIA RÍO SALADO","cuerpo":"RÍO TULA","municipio":"TEZONTEPEC DE ALDAMA","temporada":"Estiaje","anio":2024,"DBO":41.7,"DQO":172.1,"ECOLI":"2419600.0","OD":7.4,"pH":9.2,"SST":82.1}},{"type":"Feature","geometry":{"type":"Point","coordinates":[-99.1,19.8]},"properties":{"sitio":"TÚNEL NUEVO","cuerpo":"GRAN CANAL","municipio":"ZUMPANGO","temporada":"Estiaje","anio":2024,"DBO":8.5,"DQO":0.0,"ECOLI":"9110.0","OD":null,"pH":null,"SST":7.5}},{"type":"Feature","geometry":{"type":"Point","coordinates":[-99.1,19.8]},"properties":{"sitio":"RÍO DE LAS AVENIDAS (COLECTOR)","cuerpo":"GRAN CANAL","municipio":"ZUMPANGO","temporada":"Estiaje","anio":2024,"DBO":177.0,"DQO":516.3,"ECOLI":"2419600.0","OD":null,"pH":null,"SST":123.8}},{"type":"Feature","geometry":{"type":"Point","coordinates":[-99.11365,19.79289]},"properties":{"sitio":"PROPUESTA RÍO DE LAS AVENIDAS (COLECTOR)","cuerpo":"RÍO DE LAS AVENIDAS / CANAL CUAUTITLÁN","municipio":"ZUMPANGO","temporada":"Estiaje","anio":2024,"DBO":177.0,"DQO":516.25,"ECOLI":">2419600","OD":null,"pH":null,"SST":123.81}},{"type":"Feature","geometry":{"type":"Point","coordinates":[-99.12204,19.81296]},"properties":{"sitio":"PROPUESTA TÚNEL NUEVO","cuerpo":"TÚNEL EMISOR ORIENTE","municipio":"ZUMPANGO","temporada":"Estiaje","anio":2024,"DBO":8.46,"DQO":10.0,"ECOLI":"9110","OD":null,"pH":null,"SST":7.5}},{"type":"Feature","geometry":{"type":"Point","coordinates":[-99.3,19.9]},"properties":{"sitio":"PUENTE TEPEJI - EL SALTO (RTE)","cuerpo":"RÍO TEPEJI","municipio":"TEPEJI DEL RÍO","temporada":"Estiaje","anio":2024,"DBO":9.2,"DQO":53.7,"ECOLI":"98040.0","OD":3.9,"pH":8.0,"SST":0.0}},{"type":"Feature","geometry":{"type":"Point","coordinates":[-99.3,19.9]},"properties":{"sitio":"RÍO TEPEJI","cuerpo":"RÍO TEPEJI","municipio":"TEPEJI DEL RÍO","temporada":"Estiaje","anio":2024,"DBO":4.2,"DQO":0.0,"ECOLI":"36540.0","OD":8.2,"pH":8.6,"SST":0.0}},{"type":"Feature","geometry":{"type":"Point","coordinates":[-99.3,19.9]},"properties":{"sitio":"TEJIDOS FLANEL, S.A DE C.V. AGUAS ARRIBA RIO TEPEJI","cuerpo":"RÍO TEPEJI","municipio":"TEPEJI DEL RÍO","temporada":"Estiaje","anio":2024,"DBO":3.0,"DQO":0.0,"ECOLI":"7380.0","OD":7.7,"pH":9.9,"SST":0.0}},{"type":"Feature","geometry":{"type":"Point","coordinates":[-99.4,19.8]},"properties":{"sitio":"RÍO TEPEJI AGUAS ABAJO PRESA TAXHIMAY","cuerpo":"RÍO TEPEJI","municipio":"TEPEJI DEL RÍO","temporada":"Estiaje","anio":2024,"DBO":3.9,"DQO":0.0,"ECOLI":"10.0","OD":7.0,"pH":7.4,"SST":0.0}},{"type":"Feature","geometry":{"type":"Point","coordinates":[-99.3,19.8]},"properties":{"sitio":"RÍO EL ORO PUENTE SAN IGNACIO","cuerpo":"RÍO EL ORO","municipio":"TEPEJI DEL RÍO","temporada":"Estiaje","anio":2024,"DBO":5.3,"DQO":19.4,"ECOLI":"2380.0","OD":7.2,"pH":8.3,"SST":0.0}},{"type":"Feature","geometry":{"type":"Point","coordinates":[-99.3,19.9]},"properties":{"sitio":"CONFLUENCIA RÍO TEPEJI Y RÍO EL ORO","cuerpo":"RÍO TEPEJI","municipio":"TEPEJI DEL RÍO","temporada":"Estiaje","anio":2024,"DBO":2.4,"DQO":0.0,"ECOLI":"3690.0","OD":7.2,"pH":8.2,"SST":0.0}},{"type":"Feature","geometry":{"type":"Point","coordinates":[-99.3,20.0]},"properties":{"sitio":"CORTINA PRESA REQUENA","cuerpo":"RÍO TEPEJI","municipio":"TEPEJI DEL RÍO","temporada":"Estiaje","anio":2024,"DBO":12.9,"DQO":99.6,"ECOLI":"201.0","OD":7.6,"pH":8.4,"SST":0.0}},{"type":"Feature","geometry":{"type":"Point","coordinates":[-99.1,19.9]},"properties":{"sitio":"HIDROMÉTRICA TUNEL VIEJO","cuerpo":"GRAN CANAL","municipio":"TEQUIXQUIAC","temporada":"Estiaje","anio":2024,"DBO":189.6,"DQO":497.9,"ECOLI":"2419600.0","OD":null,"pH":null,"SST":136.0}},{"type":"Feature","geometry":{"type":"Point","coordinates":[-99.12186111,19.90486111]},"properties":{"sitio":"HIDROMÉTRICA TUNEL VIEJO","cuerpo":"TÚNEL VIEJO (EMISOR CENTRAL)","municipio":"TEQUIXQUIAC","temporada":"Estiaje","anio":2024,"DBO":189.6,"DQO":497.895,"ECOLI":">2419600","OD":null,"pH":null,"SST":136.0}},{"type":"Feature","geometry":{"type":"Point","coordinates":[-99.1,19.8]},"properties":{"sitio":"GRAN CANAL","cuerpo":"GRAN CANAL","municipio":"ZUMPANGO","temporada":"Estiaje","anio":2024,"DBO":195.6,"DQO":495.6,"ECOLI":"2419600.0","OD":null,"pH":null,"SST":170.0}},{"type":"Feature","geometry":{"type":"Point","coordinates":[-99.110043,19.8116]},"properties":{"sitio":"GRAN CANAL","cuerpo":"GRAN CANAL","municipio":"ZUMPANGO","temporada":"Estiaje","anio":2024,"DBO":195.6,"DQO":495.6,"ECOLI":">2419600","OD":null,"pH":null,"SST":170.0}},{"type":"Feature","geometry":{"type":"Point","coordinates":[-99.449861,19.88654167]},"properties":{"sitio":"PRESA MADIN","cuerpo":"PRESA MADÍN","municipio":"JILOTEPEC","temporada":"Estiaje","anio":2024,"DBO":null,"DQO":null,"ECOLI":null,"OD":null,"pH":null,"SST":null}},{"type":"Feature","geometry":{"type":"Point","coordinates":[-98.95158637,19.3324451]},"properties":{"sitio":"LA CALDERA","cuerpo":"RÍO TULA","municipio":"IZTAPALUCA","temporada":"Estiaje","anio":2025,"DBO":null,"DQO":null,"ECOLI":null,"OD":null,"pH":null,"SST":2.0}},{"type":"Feature","geometry":{"type":"Point","coordinates":[-98.95158637,19.3324451]},"properties":{"sitio":"LA CALDERA","cuerpo":"RÍO TULA","municipio":"IZTAPALUCA","temporada":"Estiaje","anio":2025,"DBO":null,"DQO":null,"ECOLI":null,"OD":null,"pH":null,"SST":2.0}},{"type":"Feature","geometry":{"type":"Point","coordinates":[-98.95158637,19.3324451]},"properties":{"sitio":"LA CALDERA","cuerpo":"RÍO TULA","municipio":"IZTAPALUCA","temporada":"Estiaje","anio":2025,"DBO":null,"DQO":null,"ECOLI":null,"OD":null,"pH":null,"SST":2.0}},{"type":"Feature","geometry":{"type":"Point","coordinates":[-99.0676,19.65585]},"properties":{"sitio":"POZO RE- 10 BIS CAM_OP_NORTELOS REYES","cuerpo":"ACUÍFERO VALLE DE MÉXICO","municipio":"ECATEPEC DE MORELOS","temporada":"Estiaje","anio":2025,"DBO":null,"DQO":null,"ECOLI":null,"OD":null,"pH":7.2,"SST":2.0}},{"type":"Feature","geometry":{"type":"Point","coordinates":[-99.1204,19.6658]},"properties":{"sitio":"POZO RFC-15-BIS CAM_OP_NORTE LOS REYES","cuerpo":"ACUÍFERO VALLE DE MÉXICO","municipio":"TULTEPEC","temporada":"Estiaje","anio":2025,"DBO":null,"DQO":null,"ECOLI":null,"OD":null,"pH":7.4,"SST":2.0}},{"type":"Feature","geometry":{"type":"Point","coordinates":[-98.95158637,19.3324451]},"properties":{"sitio":"LA CALDERA","cuerpo":"RÍO TULA","municipio":"IZTAPALUCA","temporada":"Estiaje","anio":2025,"DBO":null,"DQO":null,"ECOLI":null,"OD":null,"pH":null,"SST":2.0}},{"type":"Feature","geometry":{"type":"Point","coordinates":[-98.95158637,19.3324451]},"properties":{"sitio":"LA CALDERA","cuerpo":"RÍO TULA","municipio":"IZTAPALUCA","temporada":"Lluvias","anio":2025,"DBO":null,"DQO":null,"ECOLI":null,"OD":null,"pH":null,"SST":2.0}},{"type":"Feature","geometry":{"type":"Point","coordinates":[-99.06385,19.64974]},"properties":{"sitio":"POZO 27 NORTE LOS REYES","cuerpo":"ACUÍFERO VALLE DE MÉXICO","municipio":"ECATEPEC DE MORELOS","temporada":"Lluvias","anio":2025,"DBO":null,"DQO":null,"ECOLI":null,"OD":null,"pH":7.17,"SST":2.0}},{"type":"Feature","geometry":{"type":"Point","coordinates":[-98.94932,19.48943]},"properties":{"sitio":"POZO RPT-16 AUTOPISTA PEÑON-TEXCOCO","cuerpo":"ACUÍFERO VALLE DE MÉXICO","municipio":"TEXCOCO","temporada":"Lluvias","anio":2025,"DBO":null,"DQO":null,"ECOLI":null,"OD":null,"pH":7.51,"SST":2.0}},{"type":"Feature","geometry":{"type":"Point","coordinates":[-98.95787,19.48637]},"properties":{"sitio":"POZO RPT-19 AUTOPISTA PEÑON-TEXCOCO","cuerpo":"ACUÍFERO VALLE DE MÉXICO","municipio":"TEXCOCO","temporada":"Lluvias","anio":2025,"DBO":null,"DQO":null,"ECOLI":null,"OD":null,"pH":7.67,"SST":2.0}},{"type":"Feature","geometry":{"type":"Point","coordinates":[-98.973889,19.258056]},"properties":{"sitio":"POZO RM-13 CARR.STA. CATARINA-TLAHUAC","cuerpo":"ACUÍFERO VALLE DE MÉXICO","municipio":"VALLE DE CHALCO SOLIDARIDAD","temporada":"Lluvias","anio":2025,"DBO":null,"DQO":null,"ECOLI":null,"OD":null,"pH":7.8,"SST":2.0}},{"type":"Feature","geometry":{"type":"Point","coordinates":[-98.97269,19.27089]},"properties":{"sitio":"POZO RN-10 RAMAL MIXQUIC-STA. CATARINA","cuerpo":"ACUÍFERO VALLE DE MÉXICO","municipio":"VALLE DE CHALCO SOLIDARIDAD","temporada":"Lluvias","anio":2025,"DBO":null,"DQO":null,"ECOLI":null,"OD":null,"pH":7.67,"SST":2.0}},{"type":"Feature","geometry":{"type":"Point","coordinates":[-99.06975,19.28548]},"properties":{"sitio":"POZO RN-11 AV. LEANDRO VALLE S/N. COL. DEL MAR","cuerpo":"ACUÍFERO ZONA METROPOLITANA DE LA CD. DE MEXICO","municipio":"XOCHIMILCO","temporada":"Lluvias","anio":2025,"DBO":null,"DQO":null,"ECOLI":null,"OD":null,"pH":7.79,"SST":2.0}},{"type":"Feature","geometry":{"type":"Point","coordinates":[-99.0458,19.27505]},"properties":{"sitio":"POZO RN-18E CAMINO DE OPERACION SUR-RAMAL NETZAHUALCOYOTL","cuerpo":"ACUÍFERO ZONA METROPOLITANA DE LA CD. DE MEXICO","municipio":"XOCHIMILCO","temporada":"Lluvias","anio":2025,"DBO":null,"DQO":null,"ECOLI":null,"OD":null,"pH":7.42,"SST":2.0}},{"type":"Feature","geometry":{"type":"Point","coordinates":[-99.19142,19.77982]},"properties":{"sitio":"POZO RT-31 PUEBLO DE TEOLOYUCAN","cuerpo":"ACUÍFERO VALLE DE MÉXICO","municipio":"COYOTEPEC","temporada":"Lluvias","anio":2025,"DBO":null,"DQO":null,"ECOLI":null,"OD":null,"pH":7.39,"SST":2.0}},{"type":"Feature","geometry":{"type":"Point","coordinates":[-98.95158637,19.3324451]},"properties":{"sitio":"LA CALDERA","cuerpo":"RÍO TULA","municipio":"IZTAPALUCA","temporada":"Lluvias","anio":2025,"DBO":null,"DQO":null,"ECOLI":null,"OD":null,"pH":null,"SST":2.0}},{"type":"Feature","geometry":{"type":"Point","coordinates":[-99.1851,19.7652]},"properties":{"sitio":"POZO RT-28-BIS PUEBLO DE TEOLOYUCAN","cuerpo":"ACUÍFERO VALLE DE MÉXICO","municipio":"TEOLOYUCAN","temporada":"Lluvias","anio":2025,"DBO":null,"DQO":null,"ECOLI":null,"OD":null,"pH":7.38,"SST":2.0}},{"type":"Feature","geometry":{"type":"Point","coordinates":[-99.341804,20.060587]},"properties":{"sitio":"DESCARGA PEMEX (DPM) AGUAS ABAJO DESCARGA PEMEX","cuerpo":null,"municipio":null,"temporada":"Lluvias","anio":2025,"DBO":116.4,"DQO":382.0,"ECOLI":null,"OD":null,"pH":7.3,"SST":10.0}},{"type":"Feature","geometry":{"type":"Point","coordinates":[-99.366132,20.059227]},"properties":{"sitio":"RÍO ROSAS AGUAS ARRIBA RÍO TULA","cuerpo":null,"municipio":null,"temporada":"Lluvias","anio":2025,"DBO":16.8,"DQO":38.2,"ECOLI":null,"OD":null,"pH":7.6,"SST":16.0}},{"type":"Feature","geometry":{"type":"Point","coordinates":[-99.353873,20.055765]},"properties":{"sitio":"AGUAS ARRIBA PUENTE RÍO ROSAS","cuerpo":null,"municipio":null,"temporada":"Lluvias","anio":2025,"DBO":36.9,"DQO":47.8,"ECOLI":null,"OD":null,"pH":7.4,"SST":58.0}},{"type":"Feature","geometry":{"type":"Point","coordinates":[-99.348,20.056443]},"properties":{"sitio":"PUENTE RÍO ROSAS","cuerpo":null,"municipio":null,"temporada":"Lluvias","anio":2025,"DBO":27.0,"DQO":38.2,"ECOLI":null,"OD":null,"pH":7.3,"SST":22.0}},{"type":"Feature","geometry":{"type":"Point","coordinates":[-99.34691,20.0615]},"properties":{"sitio":"CONFLUENCIA RÍO ROSAS - RÍO TULA","cuerpo":null,"municipio":null,"temporada":"Lluvias","anio":2025,"DBO":242.4,"DQO":420.3,"ECOLI":null,"OD":null,"pH":7.7,"SST":170.0}},{"type":"Feature","geometry":{"type":"Point","coordinates":[-99.33628,20.05308]},"properties":{"sitio":"PUENTE DE C.D. DE TULA DE ALLENDE","cuerpo":null,"municipio":null,"temporada":"Lluvias","anio":2025,"DBO":148.2,"DQO":382.1,"ECOLI":null,"OD":null,"pH":7.2,"SST":106.0}},{"type":"Feature","geometry":{"type":"Point","coordinates":[-99.32344,19.987895]},"properties":{"sitio":"PUENTE CRUZ AZUL (RT-1)","cuerpo":null,"municipio":null,"temporada":"Lluvias","anio":2025,"DBO":214.8,"DQO":534.9,"ECOLI":null,"OD":null,"pH":7.4,"SST":106.0}},{"type":"Feature","geometry":{"type":"Point","coordinates":[-99.32523,19.99546]},"properties":{"sitio":"RÍO TULA AGUAS ABAJO CIUDAD COOPERATIVA CRUZ AZUL","cuerpo":null,"municipio":null,"temporada":"Lluvias","anio":2025,"DBO":null,"DQO":439.4,"ECOLI":null,"OD":null,"pH":7.4,"SST":138.0}},{"type":"Feature","geometry":{"type":"Point","coordinates":[-99.346939,19.985368]},"properties":{"sitio":"AGUAS ARRIBA DESCARGA CEMENTERA CRUZ AZUL","cuerpo":null,"municipio":null,"temporada":"Lluvias","anio":2025,"DBO":20.4,"DQO":59.2,"ECOLI":null,"OD":null,"pH":7.6,"SST":8.0}},{"type":"Feature","geometry":{"type":"Point","coordinates":[-99.333294,19.994611]},"properties":{"sitio":"RÍO TLAUTLA AFLUENTE RÍO TULA","cuerpo":null,"municipio":null,"temporada":"Lluvias","anio":2025,"DBO":11.3,"DQO":49.7,"ECOLI":null,"OD":null,"pH":7.8,"SST":6.0}},{"type":"Feature","geometry":{"type":"Point","coordinates":[-99.343531,20.059602]},"properties":{"sitio":"PUENTE 5 DE MAYO","cuerpo":null,"municipio":null,"temporada":"Lluvias","anio":2025,"DBO":131.1,"DQO":439.4,"ECOLI":null,"OD":null,"pH":7.2,"SST":106.0}},{"type":"Feature","geometry":{"type":"Point","coordinates":[-99.340229,20.059355]},"properties":{"sitio":"AGUAS ARRIBA DESCARGA PEMEX Y UH PEMEX","cuerpo":null,"municipio":null,"temporada":"Lluvias","anio":2025,"DBO":121.8,"DQO":267.5,"ECOLI":null,"OD":null,"pH":7.2,"SST":12.0}},{"type":"Feature","geometry":{"type":"Point","coordinates":[-99.339585,20.04063]},"properties":{"sitio":"AGUAS ABAJO DE LA DESCARGA 27 PUENTE LIBRAMIENTO","cuerpo":null,"municipio":null,"temporada":"Lluvias","anio":2025,"DBO":207.0,"DQO":401.2,"ECOLI":null,"OD":null,"pH":7.0,"SST":108.0}},{"type":"Feature","geometry":{"type":"Point","coordinates":[-99.340212,20.029921]},"properties":{"sitio":"AGUAS ABAJO DE LA DESCARGA 14 CENTRO TIENDA LA CURVA","cuerpo":null,"municipio":null,"temporada":"Lluvias","anio":2025,"DBO":259.8,"DQO":382.1,"ECOLI":null,"OD":null,"pH":7.5,"SST":140.0}},{"type":"Feature","geometry":{"type":"Point","coordinates":[-99.326999,20.011498]},"properties":{"sitio":"AGUAS ABAJO DE LA DESCARGA 10 EL CHAPULIN - LA AMISTAD","cuerpo":null,"municipio":null,"temporada":"Lluvias","anio":2025,"DBO":137.4,"DQO":420.3,"ECOLI":null,"OD":null,"pH":7.3,"SST":154.0}},{"type":"Feature","geometry":{"type":"Point","coordinates":[-99.469127,20.044358]},"properties":{"sitio":"PROPUESTA 6, RÍO ROSAS","cuerpo":"RÍO ROSAS","municipio":"SOYANIQUILPAN DE JUÁREZ","temporada":"Lluvias","anio":2025,"DBO":null,"DQO":null,"ECOLI":null,"OD":5.8,"pH":7.1,"SST":null}},{"type":"Feature","geometry":{"type":"Point","coordinates":[-99.348748,20.076911]},"properties":{"sitio":"PRESA ENDHÓ 4","cuerpo":null,"municipio":null,"temporada":"Lluvias","anio":2025,"DBO":null,"DQO":null,"ECOLI":null,"OD":2.3,"pH":7.0,"SST":null}},{"type":"Feature","geometry":{"type":"Point","coordinates":[-99.356931,20.127551]},"properties":{"sitio":"PRESA ENDHÓ 3","cuerpo":null,"municipio":null,"temporada":"Lluvias","anio":2025,"DBO":null,"DQO":null,"ECOLI":null,"OD":0.1,"pH":7.0,"SST":null}},{"type":"Feature","geometry":{"type":"Point","coordinates":[-99.469127,20.044358]},"properties":{"sitio":"RÍO ROSAS","cuerpo":null,"municipio":null,"temporada":"Lluvias","anio":2025,"DBO":null,"DQO":null,"ECOLI":null,"OD":5.8,"pH":7.1,"SST":null}},{"type":"Feature","geometry":{"type":"Point","coordinates":[-99.2770823,20.07058]},"properties":{"sitio":"AGUAS ABAJO DESCARGA CFE","cuerpo":null,"municipio":null,"temporada":"Lluvias","anio":2025,"DBO":null,"DQO":null,"ECOLI":"344800.0","OD":3.7,"pH":7.0,"SST":null}},{"type":"Feature","geometry":{"type":"Point","coordinates":[-99.276483,20.070397]},"properties":{"sitio":"AGUAS ARRIBA DESCARGA CFE","cuerpo":null,"municipio":null,"temporada":"Lluvias","anio":2025,"DBO":null,"DQO":null,"ECOLI":null,"OD":1.1,"pH":7.0,"SST":null}},{"type":"Feature","geometry":{"type":"Point","coordinates":[-99.364919,20.16503]},"properties":{"sitio":"CANAL BAJO TEPETITLÁN (SALIENDO PRESA ENDHÓ)","cuerpo":null,"municipio":null,"temporada":"Lluvias","anio":2025,"DBO":null,"DQO":null,"ECOLI":"31.0","OD":6.6,"pH":7.1,"SST":null}},{"type":"Feature","geometry":{"type":"Point","coordinates":[-99.31116,19.96261]},"properties":{"sitio":"OBRA DE TOMA PRESA REQUENA","cuerpo":null,"municipio":null,"temporada":"Lluvias","anio":2025,"DBO":null,"DQO":null,"ECOLI":null,"OD":null,"pH":9.8,"SST":null}},{"type":"Feature","geometry":{"type":"Point","coordinates":[-99.308032,19.967954]},"properties":{"sitio":"AGUAS ABAJO ÚLTIMA DESCARGA PTAR ","cuerpo":null,"municipio":null,"temporada":"Lluvias","anio":2025,"DBO":null,"DQO":null,"ECOLI":null,"OD":9.1,"pH":7.7,"SST":null}},{"type":"Feature","geometry":{"type":"Point","coordinates":[-99.309824,19.96305]},"properties":{"sitio":"CORTINA PRESA REQUENA","cuerpo":null,"municipio":null,"temporada":"Lluvias","anio":2025,"DBO":null,"DQO":null,"ECOLI":null,"OD":11.4,"pH":9.6,"SST":null}},{"type":"Feature","geometry":{"type":"Point","coordinates":[-99.31393,19.95487]},"properties":{"sitio":"LÉNTICO (Club Amanalí)","cuerpo":null,"municipio":null,"temporada":"Lluvias","anio":2025,"DBO":null,"DQO":null,"ECOLI":"14200.0","OD":9.8,"pH":9.0,"SST":null}},{"type":"Feature","geometry":{"type":"Point","coordinates":[-99.317601,19.945264]},"properties":{"sitio":"PRESA REQUENA (EL TESORO)","cuerpo":null,"municipio":null,"temporada":"Lluvias","anio":2025,"DBO":null,"DQO":null,"ECOLI":null,"OD":9.4,"pH":8.0,"SST":null}},{"type":"Feature","geometry":{"type":"Point","coordinates":[-99.325555,19.940358]},"properties":{"sitio":"PRESA REQUENA (CLUB DE YATES)","cuerpo":null,"municipio":null,"temporada":"Lluvias","anio":2025,"DBO":null,"DQO":null,"ECOLI":null,"OD":11.0,"pH":8.4,"SST":null}},{"type":"Feature","geometry":{"type":"Point","coordinates":[-99.296968,19.949838]},"properties":{"sitio":"DESCARGA EMISOR CENTRAL","cuerpo":null,"municipio":null,"temporada":"Lluvias","anio":2025,"DBO":131.1,"DQO":236.8,"ECOLI":null,"OD":0.6,"pH":7.7,"SST":103.0}},{"type":"Feature","geometry":{"type":"Point","coordinates":[-99.29708,19.95315]},"properties":{"sitio":"INFLUENTE PTAR ATOTONILCO","cuerpo":null,"municipio":null,"temporada":"Lluvias","anio":2025,"DBO":107.4,"DQO":201.0,"ECOLI":null,"OD":1.3,"pH":7.7,"SST":97.0}},{"type":"Feature","geometry":{"type":"Point","coordinates":[-99.29582,19.95018]},"properties":{"sitio":"RÍO EL SALTO","cuerpo":null,"municipio":null,"temporada":"Lluvias","anio":2025,"DBO":117.3,"DQO":239.2,"ECOLI":"18700.0","OD":6.5,"pH":8.0,"SST":522.0}},{"type":"Feature","geometry":{"type":"Point","coordinates":[-99.29695,19.950586]},"properties":{"sitio":"TUNEL EMISOR ORIENTE, TEO","cuerpo":null,"municipio":null,"temporada":"Lluvias","anio":2025,"DBO":155.4,"DQO":480.3,"ECOLI":null,"OD":1.9,"pH":7.8,"SST":323.0}},{"type":"Feature","geometry":{"type":"Point","coordinates":[-99.29815,19.95265]},"properties":{"sitio":"CONFLUENCIA EMISOR CENTRAL, TEO","cuerpo":null,"municipio":null,"temporada":"Lluvias","anio":2025,"DBO":112.8,"DQO":232.0,"ECOLI":null,"OD":3.5,"pH":7.7,"SST":88.0}},{"type":"Feature","geometry":{"type":"Point","coordinates":[-99.300593,19.961965]},"properties":{"sitio":"EFLUENTE PTAR + CANAL EL SALTO","cuerpo":null,"municipio":null,"temporada":"Lluvias","anio":2025,"DBO":42.9,"DQO":103.1,"ECOLI":null,"OD":4.9,"pH":7.2,"SST":28.0}},{"type":"Feature","geometry":{"type":"Point","coordinates":[-99.303321,19.967168]},"properties":{"sitio":"CANAL BIESTRO","cuerpo":null,"municipio":null,"temporada":"Lluvias","anio":2025,"DBO":37.5,"DQO":96.6,"ECOLI":null,"OD":4.3,"pH":7.2,"SST":44.0}},{"type":"Feature","geometry":{"type":"Point","coordinates":[-99.30253,19.97136]},"properties":{"sitio":"AGUAS ABAJO PTAR CANAL REQUENA","cuerpo":null,"municipio":null,"temporada":"Lluvias","anio":2025,"DBO":39.3,"DQO":94.1,"ECOLI":null,"OD":3.9,"pH":7.0,"SST":33.0}},{"type":"Feature","geometry":{"type":"Point","coordinates":[-99.29917,19.958124]},"properties":{"sitio":"EFLUENTE PTAR ATOTONILCO TPC","cuerpo":null,"municipio":null,"temporada":"Lluvias","anio":2025,"DBO":23.7,"DQO":73.5,"ECOLI":null,"OD":4.3,"pH":7.3,"SST":15.0}},{"type":"Feature","geometry":{"type":"Point","coordinates":[-99.30161,19.95919]},"properties":{"sitio":"EFLUENTE PTAR ATOTONILCO TPQ","cuerpo":null,"municipio":null,"temporada":"Lluvias","anio":2025,"DBO":115.8,"DQO":196.2,"ECOLI":null,"OD":5.2,"pH":7.4,"SST":35.0}},{"type":"Feature","geometry":{"type":"Point","coordinates":[-99.30057,19.961454]},"properties":{"sitio":"EFLUENTE PTAR ATOTONILCO TPC + TPQ","cuerpo":null,"municipio":null,"temporada":"Lluvias","anio":2025,"DBO":67.5,"DQO":103.1,"ECOLI":null,"OD":4.6,"pH":7.5,"SST":25.0}},{"type":"Feature","geometry":{"type":"Point","coordinates":[-99.280615,20.194667]},"properties":{"sitio":"PISCICOLA TEZONTEPEC DE ALDAMA (RT-2A)","cuerpo":null,"municipio":null,"temporada":"Lluvias","anio":2025,"DBO":8.4,"DQO":10.0,"ECOLI":null,"OD":7.0,"pH":7.8,"SST":15.0}},{"type":"Feature","geometry":{"type":"Point","coordinates":[-99.254303,20.19083]},"properties":{"sitio":"PUENTE TEZONTEPEC","cuerpo":null,"municipio":null,"temporada":"Lluvias","anio":2025,"DBO":31.2,"DQO":65.9,"ECOLI":null,"OD":5.1,"pH":7.6,"SST":42.0}},{"type":"Feature","geometry":{"type":"Point","coordinates":[-99.264764,20.202219]},"properties":{"sitio":"RÍO TULA AGUAS ARRIBA CONFLUENCIA RÍO SALADO","cuerpo":null,"municipio":null,"temporada":"Lluvias","anio":2025,"DBO":24.9,"DQO":45.3,"ECOLI":null,"OD":4.1,"pH":7.3,"SST":17.0}},{"type":"Feature","geometry":{"type":"Point","coordinates":[-99.258359,20.208145]},"properties":{"sitio":"CONFLUENCIA RÍO SALADO","cuerpo":null,"municipio":null,"temporada":"Lluvias","anio":2025,"DBO":29.1,"DQO":52.3,"ECOLI":null,"OD":5.6,"pH":7.4,"SST":39.1}},{"type":"Feature","geometry":{"type":"Point","coordinates":[-98.95158637,19.3324451]},"properties":{"sitio":"LA CALDERA","cuerpo":"RÍO TULA","municipio":"IZTAPALUCA","temporada":"Lluvias","anio":2025,"DBO":null,"DQO":null,"ECOLI":null,"OD":null,"pH":null,"SST":null}},{"type":"Feature","geometry":{"type":"Point","coordinates":[-99.3649306,20.1451]},"properties":{"sitio":"PRESA ENDHÓ 2","cuerpo":null,"municipio":null,"temporada":"Lluvias","anio":2025,"DBO":27.3,"DQO":71.3,"ECOLI":null,"OD":0.2,"pH":7.6,"SST":17.0}},{"type":"Feature","geometry":{"type":"Point","coordinates":[-99.3606,20.1530389]},"properties":{"sitio":"PRESA ENDHÓ 1","cuerpo":null,"municipio":null,"temporada":"Lluvias","anio":2025,"DBO":61.5,"DQO":117.0,"ECOLI":"5200.0","OD":0.2,"pH":7.6,"SST":19.0}},{"type":"Feature","geometry":{"type":"Point","coordinates":[-99.355444,20.167694]},"properties":{"sitio":"CANAL DE SALIDA PRESA ENDHÓ","cuerpo":null,"municipio":null,"temporada":"Lluvias","anio":2025,"DBO":12.4,"DQO":49.0,"ECOLI":null,"OD":3.6,"pH":7.6,"SST":18.0}},{"type":"Feature","geometry":{"type":"Point","coordinates":[-99.372624,20.132186]},"properties":{"sitio":"PRESA ENDHÓ 5","cuerpo":null,"municipio":null,"temporada":"Lluvias","anio":2025,"DBO":25.5,"DQO":60.7,"ECOLI":null,"OD":0.7,"pH":7.6,"SST":21.0}},{"type":"Feature","geometry":{"type":"Point","coordinates":[-99.390326,20.118909]},"properties":{"sitio":"PRESA ENDHÓ 6","cuerpo":null,"municipio":null,"temporada":"Lluvias","anio":2025,"DBO":18.0,"DQO":54.5,"ECOLI":"648.8","OD":0.6,"pH":7.5,"SST":15.0}},{"type":"Feature","geometry":{"type":"Point","coordinates":[-99.223145,20.035053]},"properties":{"sitio":"PRESA DERIVADORA TLAMACO - JUANDHÓ (RS1)","cuerpo":null,"municipio":null,"temporada":"Lluvias","anio":2025,"DBO":120.4,"DQO":229.2,"ECOLI":null,"OD":1.7,"pH":7.8,"SST":null}},{"type":"Feature","geometry":{"type":"Point","coordinates":[-99.230529,20.240571]},"properties":{"sitio":"PUENTE DE MININHO","cuerpo":null,"municipio":null,"temporada":"Lluvias","anio":2025,"DBO":53.7,"DQO":84.8,"ECOLI":null,"OD":5.3,"pH":7.7,"SST":23.0}},{"type":"Feature","geometry":{"type":"Point","coordinates":[-99.368,20.58547]},"properties":{"sitio":"RH26-7 PÁNUCO ","cuerpo":null,"municipio":null,"temporada":"Lluvias","anio":2025,"DBO":24.3,"DQO":61.0,"ECOLI":null,"OD":6.4,"pH":8.0,"SST":51.0}},{"type":"Feature","geometry":{"type":"Point","coordinates":[-99.34631,20.576013]},"properties":{"sitio":"RIO TULA (PUENTE DE FIERRO)","cuerpo":null,"municipio":null,"temporada":"Lluvias","anio":2025,"DBO":52.5,"DQO":83.0,"ECOLI":null,"OD":6.5,"pH":8.0,"SST":57.0}},{"type":"Feature","geometry":{"type":"Point","coordinates":[-99.290868,20.550626]},"properties":{"sitio":"JUCHITLAN AGUAS ARRIBA DE LA DAR","cuerpo":null,"municipio":null,"temporada":"Lluvias","anio":2025,"DBO":27.3,"DQO":73.9,"ECOLI":null,"OD":7.0,"pH":8.0,"SST":34.0}},{"type":"Feature","geometry":{"type":"Point","coordinates":[-99.309498,20.5607022]},"properties":{"sitio":"PUENTE CANDELARIA","cuerpo":null,"municipio":null,"temporada":"Lluvias","anio":2025,"DBO":24.9,"DQO":72.8,"ECOLI":null,"OD":6.8,"pH":8.0,"SST":47.0}},{"type":"Feature","geometry":{"type":"Point","coordinates":[-99.228932,20.494279]},"properties":{"sitio":"AGUAS ABAJO DAR SANTA ANA PROGRESO","cuerpo":null,"municipio":null,"temporada":"Lluvias","anio":2025,"DBO":42.0,"DQO":75.7,"ECOLI":null,"OD":6.2,"pH":8.0,"SST":26.0}},{"type":"Feature","geometry":{"type":"Point","coordinates":[-99.223991,20.05956]},"properties":{"sitio":"AGUAS ABAJO DE LA PRESA DERIVADORA TLAMACO","cuerpo":null,"municipio":null,"temporada":"Lluvias","anio":2025,"DBO":28.0,"DQO":42.0,"ECOLI":null,"OD":2.6,"pH":7.8,"SST":null}},{"type":"Feature","geometry":{"type":"Point","coordinates":[-99.232938,20.091582]},"properties":{"sitio":"PUENTE DOXEY","cuerpo":null,"municipio":null,"temporada":"Lluvias","anio":2025,"DBO":36.4,"DQO":59.2,"ECOLI":null,"OD":1.7,"pH":7.7,"SST":null}},{"type":"Feature","geometry":{"type":"Point","coordinates":[-99.237777,20.11506]},"properties":{"sitio":"RÍO SALADO TLAHUELILPAN","cuerpo":null,"municipio":null,"temporada":"Lluvias","anio":2025,"DBO":333.3,"DQO":706.8,"ECOLI":null,"OD":0.5,"pH":7.9,"SST":null}},{"type":"Feature","geometry":{"type":"Point","coordinates":[-99.249084,20.140571]},"properties":{"sitio":"PUENTE VIEJO A ABAJO DESC DEL DREN PRINCIPAL","cuerpo":null,"municipio":null,"temporada":"Lluvias","anio":2025,"DBO":36.4,"DQO":61.1,"ECOLI":null,"OD":5.2,"pH":8.0,"SST":null}},{"type":"Feature","geometry":{"type":"Point","coordinates":[-99.255651,20.185009]},"properties":{"sitio":"PUENTE MANGAS AGUAS ARRIBA DAR MANGA 1 Y 2","cuerpo":null,"municipio":null,"temporada":"Lluvias","anio":2025,"DBO":36.1,"DQO":66.9,"ECOLI":null,"OD":5.6,"pH":7.9,"SST":null}},{"type":"Feature","geometry":{"type":"Point","coordinates":[-99.199733,20.252188]},"properties":{"sitio":"AGUAS ABAJO DAR MIXQUIAHUALA","cuerpo":null,"municipio":null,"temporada":"Lluvias","anio":2025,"DBO":75.6,"DQO":110.3,"ECOLI":null,"OD":5.3,"pH":7.7,"SST":21.0}},{"type":"Feature","geometry":{"type":"Point","coordinates":[-99.195073,20.252733]},"properties":{"sitio":"AGUAS ABAJO PARQUE ECOTURISTICO EL RÍO","cuerpo":null,"municipio":null,"temporada":"Lluvias","anio":2025,"DBO":44.1,"DQO":68.4,"ECOLI":null,"OD":5.3,"pH":7.8,"SST":22.0}},{"type":"Feature","geometry":{"type":"Point","coordinates":[-99.190547,20.266769]},"properties":{"sitio":"AGUAS ARRIBA DAR LOS MANANTIALES Y AGUAS ABAJO DE ESCURRIMIENTOS","cuerpo":null,"municipio":null,"temporada":"Lluvias","anio":2025,"DBO":65.7,"DQO":96.6,"ECOLI":null,"OD":5.1,"pH":7.6,"SST":26.0}},{"type":"Feature","geometry":{"type":"Point","coordinates":[-99.347033,20.089766]},"properties":{"sitio":"MANANTIAL BOJAY","cuerpo":null,"municipio":null,"temporada":"Lluvias","anio":2025,"DBO":12.3,"DQO":32.8,"ECOLI":null,"OD":3.5,"pH":7.2,"SST":7.0}},{"type":"Feature","geometry":{"type":"Point","coordinates":[-99.175405,19.964847]},"properties":{"sitio":"PROPUESTA 9. RÍO SALADO ANTES GRUPO APAXCO","cuerpo":"RÍO SALADO","municipio":"APAXCO","temporada":"Lluvias","anio":2025,"DBO":156.5,"DQO":324.8,"ECOLI":null,"OD":0.47,"pH":7.5,"SST":null}},{"type":"Feature","geometry":{"type":"Point","coordinates":[-99.16176,19.92122]},"properties":{"sitio":"CONFLUENCIA GRAN CANAL Y TÚNEL VIEJO","cuerpo":"GRAN CANAL / TÚNEL VIEJO","municipio":"TEQUIXQUIAC","temporada":"Lluvias","anio":2025,"DBO":144.5,"DQO":305.7,"ECOLI":null,"OD":0.22,"pH":7.4,"SST":null}},{"type":"Feature","geometry":{"type":"Point","coordinates":[-99.12186111,19.90486111]},"properties":{"sitio":"HIDROMÉTRICA TUNEL VIEJO","cuerpo":"TÚNEL VIEJO (EMISOR CENTRAL)","municipio":"TEQUIXQUIAC","temporada":"Lluvias","anio":2025,"DBO":272.7,"DQO":592.2,"ECOLI":null,"OD":0.17,"pH":7.5,"SST":null}},{"type":"Feature","geometry":{"type":"Point","coordinates":[-99.159375,19.918611]},"properties":{"sitio":"PROPUESTA 5 SALIDA A 200 M AGUAS ABAJO AV. EMILIANO ZAPATA","cuerpo":"GRAN CANAL","municipio":"TEQUIXQUIAC","temporada":"Lluvias","anio":2025,"DBO":272.7,"DQO":554.0,"ECOLI":null,"OD":0.47,"pH":7.4,"SST":null}},{"type":"Feature","geometry":{"type":"Point","coordinates":[-99.159944,19.920151]},"properties":{"sitio":"PROPUESTA 6. RÍO SALADO ADELANTE LIBRAMIENTO TEQUIXQUIAC","cuerpo":"RÍO SALADO","municipio":"TEQUIXQUIAC","temporada":"Lluvias","anio":2025,"DBO":272.7,"DQO":534.9,"ECOLI":null,"OD":0.4,"pH":7.4,"SST":null}},{"type":"Feature","geometry":{"type":"Point","coordinates":[-99.166236,19.930944]},"properties":{"sitio":"PROPUESTA 8, RÍO SALADO AGUAS ABAJO DERIVACIÓN","cuerpo":"RÍO SALADO","municipio":"TEQUIXQUIAC","temporada":"Lluvias","anio":2025,"DBO":242.4,"DQO":420.3,"ECOLI":null,"OD":0.38,"pH":7.6,"SST":null}},{"type":"Feature","geometry":{"type":"Point","coordinates":[-99.223615,20.479586]},"properties":{"sitio":"AGUAS ARRIBA DAR LA REFORMA 2 (PUENTE)","cuerpo":null,"municipio":null,"temporada":"Lluvias","anio":2025,"DBO":32.4,"DQO":61.8,"ECOLI":null,"OD":6.0,"pH":8.0,"SST":26.0}},{"type":"Feature","geometry":{"type":"Point","coordinates":[-99.219059,20.468725]},"properties":{"sitio":"AGUAS ARRIBA DAR EL FITZHI","cuerpo":null,"municipio":null,"temporada":"Lluvias","anio":2025,"DBO":42.6,"DQO":61.8,"ECOLI":null,"OD":6.6,"pH":8.0,"SST":26.0}},{"type":"Feature","geometry":{"type":"Point","coordinates":[-99.224412,20.37588]},"properties":{"sitio":"AGUAS ABAJO DEL BALNEARIO TLACOTLAPILCO","cuerpo":null,"municipio":null,"temporada":"Lluvias","anio":2025,"DBO":50.4,"DQO":75.0,"ECOLI":null,"OD":5.5,"pH":8.0,"SST":18.0}},{"type":"Feature","geometry":{"type":"Point","coordinates":[-99.218228,20.39335]},"properties":{"sitio":"AGUAS ABAJO DAR DE LA PTAR BETHI","cuerpo":null,"municipio":null,"temporada":"Lluvias","anio":2025,"DBO":48.9,"DQO":75.7,"ECOLI":null,"OD":5.3,"pH":8.0,"SST":18.0}},{"type":"Feature","geometry":{"type":"Point","coordinates":[-99.202047,20.00284]},"properties":{"sitio":"RÍO SALADO BALNEARIO VITO","cuerpo":null,"municipio":null,"temporada":"Lluvias","anio":2025,"DBO":40.0,"DQO":61.1,"ECOLI":null,"OD":1.7,"pH":7.8,"SST":null}},{"type":"Feature","geometry":{"type":"Point","coordinates":[-99.175405,19.964847]},"properties":{"sitio":"RÍO SALADO ANTES GRUPO APAXCO","cuerpo":null,"municipio":null,"temporada":"Lluvias","anio":2025,"DBO":156.5,"DQO":324.8,"ECOLI":null,"OD":0.5,"pH":7.5,"SST":null}},{"type":"Feature","geometry":{"type":"Point","coordinates":[-99.159944,19.920151]},"properties":{"sitio":"RÍO SALADO ADELANTE DEL LIB. TEQUIXQUIAC","cuerpo":null,"municipio":null,"temporada":"Lluvias","anio":2025,"DBO":272.7,"DQO":534.9,"ECOLI":null,"OD":0.4,"pH":7.4,"SST":null}},{"type":"Feature","geometry":{"type":"Point","coordinates":[-99.159375,19.918611]},"properties":{"sitio":"RÍO SALADO A 200 MTS ABAJO AV. EMILIANO ZAPATA","cuerpo":null,"municipio":null,"temporada":"Lluvias","anio":2025,"DBO":272.7,"DQO":554.0,"ECOLI":null,"OD":0.5,"pH":7.4,"SST":null}},{"type":"Feature","geometry":{"type":"Point","coordinates":[-99.166236,19.930944]},"properties":{"sitio":"RÍO SALADO ABAJO DERIVACIÓN","cuerpo":null,"municipio":null,"temporada":"Lluvias","anio":2025,"DBO":242.4,"DQO":420.3,"ECOLI":null,"OD":0.4,"pH":7.6,"SST":null}},{"type":"Feature","geometry":{"type":"Point","coordinates":[-99.161721,19.921236]},"properties":{"sitio":"CONFLUENCIA GRAN CANAL Y TÚNEL VIEJO","cuerpo":null,"municipio":null,"temporada":"Lluvias","anio":2025,"DBO":144.5,"DQO":305.7,"ECOLI":null,"OD":0.2,"pH":7.4,"SST":null}},{"type":"Feature","geometry":{"type":"Point","coordinates":[-99.121861,19.904861]},"properties":{"sitio":"HIDROMÉTRICA TUNEL VIEJO","cuerpo":null,"municipio":null,"temporada":"Lluvias","anio":2025,"DBO":272.7,"DQO":592.2,"ECOLI":null,"OD":0.2,"pH":7.5,"SST":null}},{"type":"Feature","geometry":{"type":"Point","coordinates":[-98.95158637,19.3324451]},"properties":{"sitio":"LA CALDERA","cuerpo":"RÍO TULA","municipio":"IZTAPALUCA","temporada":"Lluvias","anio":2025,"DBO":null,"DQO":null,"ECOLI":null,"OD":null,"pH":null,"SST":null}},{"type":"Feature","geometry":{"type":"Point","coordinates":[-99.110043,19.8116]},"properties":{"sitio":"GRAN CANAL","cuerpo":"GRAN CANAL","municipio":"ZUMPANGO","temporada":"Lluvias","anio":2025,"DBO":33.6,"DQO":66.9,"ECOLI":null,"OD":null,"pH":7.5,"SST":176.0}},{"type":"Feature","geometry":{"type":"Point","coordinates":[-99.11365,19.79289]},"properties":{"sitio":"PROPUESTA RÍO DE LAS AVENIDAS (COLECTOR)","cuerpo":"RÍO DE LAS AVENIDAS / CANAL CUAUTITLÁN","municipio":"ZUMPANGO","temporada":"Lluvias","anio":2025,"DBO":21.6,"DQO":51.6,"ECOLI":null,"OD":null,"pH":7.6,"SST":94.0}},{"type":"Feature","geometry":{"type":"Point","coordinates":[-99.12204,19.81296]},"properties":{"sitio":"PROPUESTA TÚNEL NUEVO","cuerpo":"TÚNEL EMISOR ORIENTE","municipio":"ZUMPANGO","temporada":"Lluvias","anio":2025,"DBO":43.2,"DQO":99.3,"ECOLI":null,"OD":null,"pH":7.4,"SST":140.0}},{"type":"Feature","geometry":{"type":"Point","coordinates":[-99.332205,19.910652]},"properties":{"sitio":"PUENTE TEPEJI - EL SALTO (RTE)","cuerpo":null,"municipio":null,"temporada":"Lluvias","anio":2025,"DBO":10.8,"DQO":19.1,"ECOLI":null,"OD":null,"pH":7.4,"SST":65.0}},{"type":"Feature","geometry":{"type":"Point","coordinates":[-99.342929,19.895273]},"properties":{"sitio":"RÍO TEPEJI","cuerpo":null,"municipio":null,"temporada":"Lluvias","anio":2025,"DBO":31.2,"DQO":66.9,"ECOLI":null,"OD":null,"pH":7.4,"SST":54.0}},{"type":"Feature","geometry":{"type":"Point","coordinates":[-99.342988,19.886739]},"properties":{"sitio":"TEJIDOS FLANEL, S.A DE C.V. AGUAS ARRIBA RIO TEPEJI","cuerpo":null,"municipio":null,"temporada":"Lluvias","anio":2025,"DBO":14.4,"DQO":28.7,"ECOLI":null,"OD":null,"pH":7.5,"SST":75.0}},{"type":"Feature","geometry":{"type":"Point","coordinates":[-99.110762,19.808259]},"properties":{"sitio":"TÚNEL NUEVO","cuerpo":null,"municipio":null,"temporada":"Lluvias","anio":2025,"DBO":43.2,"DQO":99.3,"ECOLI":null,"OD":null,"pH":7.4,"SST":140.0}},{"type":"Feature","geometry":{"type":"Point","coordinates":[-99.114468,19.793137]},"properties":{"sitio":"RÍO DE LAS AVENIDAS (COLECTOR)","cuerpo":null,"municipio":null,"temporada":"Lluvias","anio":2025,"DBO":21.6,"DQO":51.6,"ECOLI":null,"OD":null,"pH":7.6,"SST":94.0}},{"type":"Feature","geometry":{"type":"Point","coordinates":[-99.110043,19.8116]},"properties":{"sitio":"GRAN CANAL","cuerpo":null,"municipio":null,"temporada":"Lluvias","anio":2025,"DBO":33.6,"DQO":66.9,"ECOLI":null,"OD":null,"pH":7.5,"SST":176.0}},{"type":"Feature","geometry":{"type":"Point","coordinates":[-99.376657,19.844535]},"properties":{"sitio":"RÍO TEPEJI AGUAS ABAJO PRESA TAXHIMAY","cuerpo":null,"municipio":null,"temporada":"Lluvias","anio":2025,"DBO":24.0,"DQO":42.0,"ECOLI":null,"OD":null,"pH":8.4,"SST":10.0}},{"type":"Feature","geometry":{"type":"Point","coordinates":[-99.347159,19.83835]},"properties":{"sitio":"RÍO EL ORO PUENTE SAN IGNACIO","cuerpo":null,"municipio":null,"temporada":"Lluvias","anio":2025,"DBO":19.2,"DQO":38.2,"ECOLI":null,"OD":null,"pH":7.6,"SST":78.0}},{"type":"Feature","geometry":{"type":"Point","coordinates":[-99.340861,19.856618]},"properties":{"sitio":"CONFLUENCIA RÍO TEPEJI Y RÍO EL ORO","cuerpo":null,"municipio":null,"temporada":"Lluvias","anio":2025,"DBO":6.0,"DQO":15.3,"ECOLI":null,"OD":null,"pH":7.6,"SST":68.0}},{"type":"Feature","geometry":{"type":"Point","coordinates":[-99.385347,19.834758]},"properties":{"sitio":"COTINA","cuerpo":"PRESA TAXHIMAY","municipio":"VILLA DEL CARBON","temporada":"Lluvias","anio":2025,"DBO":13.2,"DQO":26.7,"ECOLI":null,"OD":null,"pH":null,"SST":12.0}},{"type":"Feature","geometry":{"type":"Point","coordinates":[-99.399116,19.83082]},"properties":{"sitio":"PRESA TAXHIMAY 3","cuerpo":"PRESA TAXHIMAY","municipio":"VILLA DEL CARBON","temporada":"Lluvias","anio":2025,"DBO":10.8,"DQO":19.1,"ECOLI":null,"OD":null,"pH":null,"SST":14.0}},{"type":"Feature","geometry":{"type":"Point","coordinates":[-99.400649,19.823201]},"properties":{"sitio":"PRESA TAXHIMAY 4","cuerpo":"PRESA TAXHIMAY","municipio":"VILLA DEL CARBON","temporada":"Lluvias","anio":2025,"DBO":6.6,"DQO":9.6,"ECOLI":null,"OD":null,"pH":null,"SST":14.0}},{"type":"Feature","geometry":{"type":"Point","coordinates":[-99.407341,19.835315]},"properties":{"sitio":"SAN LUIS LOMA ALTA","cuerpo":"PRESA TAXHIMAY","municipio":"VILLA DEL CARBON","temporada":"Lluvias","anio":2025,"DBO":12.0,"DQO":24.8,"ECOLI":null,"OD":null,"pH":null,"SST":16.0}},{"type":"Feature","geometry":{"type":"Point","coordinates":[-99.399116,19.83082]},"properties":{"sitio":"PRESA TAXHIMAY 3","cuerpo":null,"municipio":null,"temporada":"Lluvias","anio":2025,"DBO":10.8,"DQO":19.1,"ECOLI":null,"OD":null,"pH":8.7,"SST":14.0}},{"type":"Feature","geometry":{"type":"Point","coordinates":[-99.400649,19.823201]},"properties":{"sitio":"PRESA TAXHIMAY 4","cuerpo":null,"municipio":null,"temporada":"Lluvias","anio":2025,"DBO":6.6,"DQO":9.6,"ECOLI":null,"OD":null,"pH":8.3,"SST":14.0}},{"type":"Feature","geometry":{"type":"Point","coordinates":[-99.40734,19.835315]},"properties":{"sitio":"PRESA TAXHIMAY 1","cuerpo":null,"municipio":null,"temporada":"Lluvias","anio":2025,"DBO":12.0,"DQO":24.8,"ECOLI":null,"OD":null,"pH":8.6,"SST":16.0}},{"type":"Feature","geometry":{"type":"Point","coordinates":[-99.38535,19.834758]},"properties":{"sitio":"PRESA TAXHIMAY 2","cuerpo":null,"municipio":null,"temporada":"Lluvias","anio":2025,"DBO":13.2,"DQO":26.7,"ECOLI":null,"OD":null,"pH":8.8,"SST":12.0}},{"type":"Feature","geometry":{"type":"Point","coordinates":[-98.95158637,19.3324451]},"properties":{"sitio":"LA CALDERA","cuerpo":"RÍO TULA","municipio":"IZTAPALUCA","temporada":"Lluvias","anio":2025,"DBO":null,"DQO":null,"ECOLI":null,"OD":null,"pH":null,"SST":null}},{"type":"Feature","geometry":{"type":"Point","coordinates":[-99.537389,19.120505]},"properties":{"sitio":"Zanja Real (antes de confluencia con río Santiaguito)","cuerpo":"RÍO LERMA","municipio":"TENANGO DEL VALLE","temporada":"Lluvias","anio":2025,"DBO":64.2,"DQO":125.8478325,"ECOLI":">2419600","OD":1.41,"pH":7.0,"SST":64.0}},{"type":"Feature","geometry":{"type":"Point","coordinates":[-98.95158637,19.3324451]},"properties":{"sitio":"LA CALDERA","cuerpo":"RÍO TULA","municipio":"IZTAPALUCA","temporada":"Lluvias","anio":2025,"DBO":null,"DQO":null,"ECOLI":null,"OD":null,"pH":null,"SST":null}},{"type":"Feature","geometry":{"type":"Point","coordinates":[-99.469127,20.044358]},"properties":{"sitio":"PROPUESTA 6, RÍO ROSAS","cuerpo":"RÍO ROSAS","municipio":"SOYANIQUILPAN DE JUÁREZ","temporada":"Lluvias","anio":2025,"DBO":3.3,"DQO":7.64,"ECOLI":null,"OD":null,"pH":7.88,"SST":103.0}},{"type":"Feature","geometry":{"type":"Point","coordinates":[-99.361736,20.054192]},"properties":{"sitio":"NANTZHÁ","cuerpo":"RÍO TULA","municipio":"TULA DE ALLENDE","temporada":"Lluvias","anio":2025,"DBO":6.0,"DQO":9.55,"ECOLI":null,"OD":null,"pH":7.7,"SST":120.0}},{"type":"Feature","geometry":{"type":"Point","coordinates":[-99.366132,20.059227]},"properties":{"sitio":"RIO ROSAS 2","cuerpo":"RÍO ROSAS","municipio":"TULA DE ALLENDE","temporada":"Lluvias","anio":2025,"DBO":12.0,"DQO":19.1,"ECOLI":null,"OD":null,"pH":8.21,"SST":99.0}},{"type":"Feature","geometry":{"type":"Point","coordinates":[-99.351213,20.056459]},"properties":{"sitio":"RIO ROSAS 3","cuerpo":"RÍO ROSAS","municipio":"TULA DE ALLENDE","temporada":"Lluvias","anio":2025,"DBO":13.2,"DQO":36.3,"ECOLI":null,"OD":null,"pH":8.01,"SST":105.0}},{"type":"Feature","geometry":{"type":"Point","coordinates":[-99.34937,20.056219]},"properties":{"sitio":"RIO ROSAS 4","cuerpo":"RÍO ROSAS","municipio":"TULA DE ALLENDE","temporada":"Lluvias","anio":2025,"DBO":6.6,"DQO":13.37,"ECOLI":null,"OD":null,"pH":7.73,"SST":123.0}},{"type":"Feature","geometry":{"type":"Point","coordinates":[-99.22941,20.49538]},"properties":{"sitio":"AGUAS ABAJO DAR SANTA ANA PROGRESO","cuerpo":"RÍO TULA","municipio":"IXMIQUILPAN","temporada":"Estiaje","anio":2025,"DBO":7.5,"DQO":10.0,"ECOLI":null,"OD":4.74,"pH":null,"SST":29.72972973}},{"type":"Feature","geometry":{"type":"Point","coordinates":[-99.22334,20.47953]},"properties":{"sitio":"AGUAS ARRIBA DAR LA REFORMA 2 (PUENTE)","cuerpo":"RÍO TULA","municipio":"IXMIQUILPAN","temporada":"Estiaje","anio":2025,"DBO":7.4,"DQO":10.0,"ECOLI":null,"OD":5.16,"pH":null,"SST":28.125}},{"type":"Feature","geometry":{"type":"Point","coordinates":[-99.21907,20.46888]},"properties":{"sitio":"AGUAS ARRIBA DAR EL FITZHI","cuerpo":"RÍO TULA","municipio":"IXMIQUILPAN","temporada":"Estiaje","anio":2025,"DBO":11.52,"DQO":16.32036267,"ECOLI":null,"OD":6.38,"pH":null,"SST":20.0}},{"type":"Feature","geometry":{"type":"Point","coordinates":[-99.34621,20.5754]},"properties":{"sitio":"RIO TULA (PUENTE DE FIERRO)","cuerpo":"RIO TULA","municipio":"TASQUILLO","temporada":"Estiaje","anio":2025,"DBO":8.85,"DQO":10.0,"ECOLI":null,"OD":6.2,"pH":null,"SST":42.85714286}},{"type":"Feature","geometry":{"type":"Point","coordinates":[-99.29125,20.55048]},"properties":{"sitio":"JUCHITLAN AGUAS ARRIBA DE LA DAR","cuerpo":"RÍO TULA","municipio":"TASQUILLO","temporada":"Estiaje","anio":2025,"DBO":41.7,"DQO":85.21344919,"ECOLI":null,"OD":6.31,"pH":null,"SST":40.0}},{"type":"Feature","geometry":{"type":"Point","coordinates":[-99.30959,20.56049]},"properties":{"sitio":"PUENTE CANDELARIA","cuerpo":"RÍO TULA","municipio":"TASQUILLO","temporada":"Estiaje","anio":2025,"DBO":13.65,"DQO":28.04684549,"ECOLI":null,"OD":6.1,"pH":null,"SST":18.75}},{"type":"Feature","geometry":{"type":"Point","coordinates":[-99.33628,20.05308]},"properties":{"sitio":"PUENTE DE C.D. DE TULA DE ALLENDE","cuerpo":"RIO TULA","municipio":"TULA DE ALLENDE","temporada":"Estiaje","anio":2025,"DBO":60.2,"DQO":133.72,"ECOLI":null,"OD":null,"pH":null,"SST":68.0}},{"type":"Feature","geometry":{"type":"Point","coordinates":[-99.34181,20.06051]},"properties":{"sitio":"DESCARGA PEMEX (DPM) AGUAS ABAJO DESCARGA PEMEX","cuerpo":"DESCARGA DE PEMEX EN EL RIO TEPEJI","municipio":"TULA DE ALLENDE","temporada":"Estiaje","anio":2025,"DBO":48.48,"DQO":95.5,"ECOLI":null,"OD":null,"pH":null,"SST":30.0}},{"type":"Feature","geometry":{"type":"Point","coordinates":[-99.34696,19.98539]},"properties":{"sitio":"AGUAS ARRIBA DESCARGA CEMENTERA CRUZ AZUL","cuerpo":"RÍO TLAUTLA","municipio":"TULA DE ALLENDE","temporada":"Estiaje","anio":2025,"DBO":19.2,"DQO":34.38,"ECOLI":null,"OD":null,"pH":null,"SST":26.0}},{"type":"Feature","geometry":{"type":"Point","coordinates":[-99.33343,19.99443]},"properties":{"sitio":"RÍO TLAUTLA AFLUENTE RÍO TULA","cuerpo":"RÍO TLAUTLA","municipio":"TULA DE ALLENDE","temporada":"Estiaje","anio":2025,"DBO":19.2,"DQO":38.2,"ECOLI":null,"OD":null,"pH":null,"SST":2.0}},{"type":"Feature","geometry":{"type":"Point","coordinates":[-99.366194,20.059555]},"properties":{"sitio":"RÍO ROSAS AGUAS ARRIBA RÍO TULA","cuerpo":"RÍO ROSAS (DESCARGA)","municipio":"TULA DE ALLENDE","temporada":"Estiaje","anio":2025,"DBO":48.48,"DQO":95.5,"ECOLI":null,"OD":null,"pH":null,"SST":20.0}},{"type":"Feature","geometry":{"type":"Point","coordinates":[-99.353873,20.055765]},"properties":{"sitio":"AGUAS ARRIBA PUENTE RÍO ROSAS","cuerpo":"RÍO ROSAS","municipio":"TULA DE ALLENDE","temporada":"Estiaje","anio":2025,"DBO":72.72,"DQO":133.72,"ECOLI":null,"OD":null,"pH":null,"SST":14.0}},{"type":"Feature","geometry":{"type":"Point","coordinates":[-99.348091,20.057498]},"properties":{"sitio":"PUENTE RÍO ROSAS","cuerpo":"RÍO ROSAS","municipio":"TULA DE ALLENDE","temporada":"Estiaje","anio":2025,"DBO":9.6,"DQO":19.1,"ECOLI":null,"OD":null,"pH":null,"SST":4.0}},{"type":"Feature","geometry":{"type":"Point","coordinates":[-99.343531,20.059602]},"properties":{"sitio":"PUENTE 5 DE MAYO","cuerpo":"RÍO ROSAS","municipio":"TULA DE ALLENDE","temporada":"Estiaje","anio":2025,"DBO":51.42,"DQO":95.52,"ECOLI":null,"OD":null,"pH":null,"SST":4.0}},{"type":"Feature","geometry":{"type":"Point","coordinates":[-99.34691,20.0615]},"properties":{"sitio":"CONFLUENCIA RÍO ROSAS - RÍO TULA","cuerpo":"RÍO TULA","municipio":"TULA DE ALLENDE","temporada":"Estiaje","anio":2025,"DBO":84.28,"DQO":171.93,"ECOLI":null,"OD":null,"pH":null,"SST":8.0}},{"type":"Feature","geometry":{"type":"Point","coordinates":[-99.340229,20.059355]},"properties":{"sitio":"AGUAS ARRIBA DESCARGA PEMEX Y UH PEMEX","cuerpo":"RÍO TULA","municipio":"TULA DE ALLENDE","temporada":"Estiaje","anio":2025,"DBO":77.13,"DQO":152.83,"ECOLI":null,"OD":null,"pH":null,"SST":20.0}},{"type":"Feature","geometry":{"type":"Point","coordinates":[-99.368,20.58547222]},"properties":{"sitio":"RH26-7 PÁNUCO ","cuerpo":"RIO TULA","municipio":"ZIMAPAN","temporada":"Estiaje","anio":2025,"DBO":29.55,"DQO":49.66754817,"ECOLI":null,"OD":5.62,"pH":null,"SST":25.0}},{"type":"Feature","geometry":{"type":"Point","coordinates":[-99.23055,20.24045]},"properties":{"sitio":"PUENTE DE MININHO","cuerpo":"RIO TULA","municipio":"CHILCUAUTLA","temporada":"Estiaje","anio":2025,"DBO":8.13,"DQO":11.19002645,"ECOLI":null,"OD":5.95,"pH":null,"SST":22.22222222}},{"type":"Feature","geometry":{"type":"Point","coordinates":[-99.22441,20.37699]},"properties":{"sitio":"AGUAS ABAJO DEL BALNEARIO TLACOTLAPILCO","cuerpo":"RÍO TULA","municipio":"CHILCUAUTLA","temporada":"Estiaje","anio":2025,"DBO":7.65,"DQO":10.0,"ECOLI":null,"OD":6.26,"pH":null,"SST":17.64705882}},{"type":"Feature","geometry":{"type":"Point","coordinates":[-99.21809,20.39342]},"properties":{"sitio":"AGUAS ABAJO DAR DE LA PTAR BETHI","cuerpo":"RÍO TULA","municipio":"CHILCUAUTLA","temporada":"Estiaje","anio":2025,"DBO":43.2,"DQO":99.13864753,"ECOLI":null,"OD":5.98,"pH":null,"SST":28.0}},{"type":"Feature","geometry":{"type":"Point","coordinates":[-99.199733,20.252188]},"properties":{"sitio":"AGUAS ABAJO DAR MIXQUIAHUALA","cuerpo":"RÍO TULA","municipio":"PROGRESO DE OBREGÓN","temporada":"Estiaje","anio":2025,"DBO":22.2,"DQO":50.03400076,"ECOLI":null,"OD":5.98,"pH":null,"SST":13.63636364}},{"type":"Feature","geometry":{"type":"Point","coordinates":[-99.195073,20.252733]},"properties":{"sitio":"AGUAS ABAJO PARQUE ECOTURISTICO EL RÍO","cuerpo":"RÍO TULA","municipio":"PROGRESO DE OBREGÓN","temporada":"Estiaje","anio":2025,"DBO":5.88,"DQO":10.0,"ECOLI":null,"OD":5.67,"pH":null,"SST":11.9047619}},{"type":"Feature","geometry":{"type":"Point","coordinates":[-99.190547,20.266769]},"properties":{"sitio":"AGUAS ARRIBA DAR LOS MANANTIALES Y AGUAS ABAJO DE ESCURRIMIENTOS","cuerpo":"RÍO TULA","municipio":"PROGRESO DE OBREGÓN","temporada":"Estiaje","anio":2025,"DBO":7.2,"DQO":10.0,"ECOLI":null,"OD":5.7,"pH":null,"SST":18.18181818}},{"type":"Feature","geometry":{"type":"Point","coordinates":[-99.339585,20.04063]},"properties":{"sitio":"AGUAS ABAJO DE LA DESCARGA 27 PUENTE LIBRAMIENTO","cuerpo":"RÍO TULA","municipio":"TULA DE ALLENDE","temporada":"Estiaje","anio":2025,"DBO":212.1,"DQO":362.97,"ECOLI":null,"OD":null,"pH":null,"SST":12.0}},{"type":"Feature","geometry":{"type":"Point","coordinates":[-99.340212,20.029921]},"properties":{"sitio":"AGUAS ABAJO DE LA DESCARGA 14 CENTRO TIENDA LA CURVA","cuerpo":"RÍO TULA","municipio":"TULA DE ALLENDE","temporada":"Estiaje","anio":2025,"DBO":212.1,"DQO":382.08,"ECOLI":null,"OD":null,"pH":null,"SST":46.0}},{"type":"Feature","geometry":{"type":"Point","coordinates":[-99.175405,19.964847]},"properties":{"sitio":"RÍO SALADO ANTES GRUPO APAXCO","cuerpo":"RÍO SALADO","municipio":"APAXCO","temporada":"Estiaje","anio":2025,"DBO":212.0,"DQO":382.08,"ECOLI":null,"OD":null,"pH":null,"SST":30.0}},{"type":"Feature","geometry":{"type":"Point","coordinates":[-99.175405,19.964847]},"properties":{"sitio":"PROPUESTA 9. RÍO SALADO ANTES GRUPO APAXCO","cuerpo":"RÍO SALADO","municipio":"APAXCO","temporada":"Estiaje","anio":2025,"DBO":212.0,"DQO":382.08,"ECOLI":null,"OD":null,"pH":8.17,"SST":30.0}},{"type":"Feature","geometry":{"type":"Point","coordinates":[-99.22298,20.0347]},"properties":{"sitio":"PRESA DERIVADORA TLAMACO - JUANDHÓ (RS1)","cuerpo":"PRESA DERIVADORA TLAMACO-JUANDO","municipio":"ATITALAQUIA","temporada":"Estiaje","anio":2025,"DBO":168.56,"DQO":343.87,"ECOLI":null,"OD":null,"pH":null,"SST":32.0}},{"type":"Feature","geometry":{"type":"Point","coordinates":[-99.223991,20.05956]},"properties":{"sitio":"AGUAS ABAJO DE LA PRESA DERIVADORA TLAMACO","cuerpo":"RÍO SALADO","municipio":"ATITALAQUIA","temporada":"Estiaje","anio":2025,"DBO":20.0,"DQO":32.47,"ECOLI":null,"OD":null,"pH":null,"SST":2.0}},{"type":"Feature","geometry":{"type":"Point","coordinates":[-99.202047,20.00284]},"properties":{"sitio":"RÍO SALADO BALNEARIO VITO","cuerpo":"RÍO SALADO","municipio":"ATOTONILCO DE TULA","temporada":"Estiaje","anio":2025,"DBO":24.0,"DQO":42.02,"ECOLI":null,"OD":null,"pH":null,"SST":16.0}},{"type":"Feature","geometry":{"type":"Point","coordinates":[-99.159944,19.920151]},"properties":{"sitio":"RÍO SALADO ADELANTE DEL LIB. TEQUIXQUIAC","cuerpo":"RÍO SALADO","municipio":"TEQUIXQUIAC","temporada":"Estiaje","anio":2025,"DBO":181.8,"DQO":343.87,"ECOLI":null,"OD":null,"pH":null,"SST":6.0}},{"type":"Feature","geometry":{"type":"Point","coordinates":[-99.159375,19.918611]},"properties":{"sitio":"RÍO SALADO A 200 MTS ABAJO AV. EMILIANO ZAPATA","cuerpo":"RÍO SALADO","municipio":"TEQUIXQUIAC","temporada":"Estiaje","anio":2025,"DBO":242.4,"DQO":420.28,"ECOLI":null,"OD":null,"pH":null,"SST":38.0}},{"type":"Feature","geometry":{"type":"Point","coordinates":[-99.166236,19.930944]},"properties":{"sitio":"RÍO SALADO ABAJO DERIVACIÓN","cuerpo":"RÍO SALADO","municipio":"TEQUIXQUIAC","temporada":"Estiaje","anio":2025,"DBO":181.8,"DQO":343.87,"ECOLI":null,"OD":null,"pH":null,"SST":22.0}},{"type":"Feature","geometry":{"type":"Point","coordinates":[-99.16176,19.92122]},"properties":{"sitio":"CONFLUENCIA GRAN CANAL Y TÚNEL VIEJO","cuerpo":"RÍO SALADO","municipio":"TEQUIXQUIAC","temporada":"Estiaje","anio":2025,"DBO":144.48,"DQO":286.56,"ECOLI":null,"OD":null,"pH":null,"SST":22.0}},{"type":"Feature","geometry":{"type":"Point","coordinates":[-99.16176,19.92122]},"properties":{"sitio":"CONFLUENCIA GRAN CANAL Y TÚNEL VIEJO","cuerpo":"GRAN CANAL / TÚNEL VIEJO","municipio":"TEQUIXQUIAC","temporada":"Estiaje","anio":2025,"DBO":144.48,"DQO":286.56,"ECOLI":null,"OD":null,"pH":7.95,"SST":22.0}},{"type":"Feature","geometry":{"type":"Point","coordinates":[-99.159375,19.918611]},"properties":{"sitio":"PROPUESTA 5 SALIDA A 200 M AGUAS ABAJO AV. EMILIANO ZAPATA","cuerpo":"GRAN CANAL","municipio":"TEQUIXQUIAC","temporada":"Estiaje","anio":2025,"DBO":242.4,"DQO":420.28,"ECOLI":null,"OD":null,"pH":7.92,"SST":38.0}},{"type":"Feature","geometry":{"type":"Point","coordinates":[-99.159944,19.920151]},"properties":{"sitio":"PROPUESTA 6. RÍO SALADO ADELANTE LIBRAMIENTO TEQUIXQUIAC","cuerpo":"RÍO SALADO","municipio":"TEQUIXQUIAC","temporada":"Estiaje","anio":2025,"DBO":181.8,"DQO":343.87,"ECOLI":null,"OD":null,"pH":8.7,"SST":6.0}},{"type":"Feature","geometry":{"type":"Point","coordinates":[-99.166236,19.930944]},"properties":{"sitio":"PROPUESTA 8, RÍO SALADO AGUAS ABAJO DERIVACIÓN","cuerpo":"RÍO SALADO","municipio":"TEQUIXQUIAC","temporada":"Estiaje","anio":2025,"DBO":181.8,"DQO":343.87,"ECOLI":null,"OD":null,"pH":7.81,"SST":22.0}},{"type":"Feature","geometry":{"type":"Point","coordinates":[-99.249084,20.140571]},"properties":{"sitio":"PUENTE VIEJO A ABAJO DESC DEL DREN PRINCIPAL","cuerpo":"RÍO SALADO","municipio":"TEZONTEPEC DE ALDAMA","temporada":"Estiaje","anio":2025,"DBO":20.0,"DQO":36.24,"ECOLI":null,"OD":null,"pH":null,"SST":14.0}},{"type":"Feature","geometry":{"type":"Point","coordinates":[-99.255651,20.185009]},"properties":{"sitio":"PUENTE MANGAS AGUAS ARRIBA DAR MANGA 1 Y 2","cuerpo":"RÍO SALADO","municipio":"TEZONTEPEC DE ALDAMA","temporada":"Estiaje","anio":2025,"DBO":24.0,"DQO":38.2,"ECOLI":null,"OD":null,"pH":null,"SST":86.0}},{"type":"Feature","geometry":{"type":"Point","coordinates":[-99.237777,20.11506]},"properties":{"sitio":"RÍO SALADO TLAHUELILPAN","cuerpo":"RÍO SALADO","municipio":"TLAHUELILPAN","temporada":"Estiaje","anio":2025,"DBO":181.8,"DQO":343.87,"ECOLI":null,"OD":null,"pH":null,"SST":8.0}},{"type":"Feature","geometry":{"type":"Point","coordinates":[-99.232938,20.091582]},"properties":{"sitio":"PUENTE DOXEY","cuerpo":"RÍO SALADO","municipio":"TLAXCOAPAN","temporada":"Estiaje","anio":2025,"DBO":20.0,"DQO":34.38,"ECOLI":null,"OD":null,"pH":null,"SST":68.0}},{"type":"Feature","geometry":{"type":"Point","coordinates":[-98.95158637,19.3324451]},"properties":{"sitio":"LA CALDERA","cuerpo":"RÍO TULA","municipio":"IZTAPALUCA","temporada":"Estiaje","anio":2025,"DBO":null,"DQO":null,"ECOLI":null,"OD":null,"pH":null,"SST":null}},{"type":"Feature","geometry":{"type":"Point","coordinates":[-99.376657,19.844535]},"properties":{"sitio":"RÍO TEPEJI AGUAS ABAJO PRESA TAXHIMAY","cuerpo":"RÍO TEPEJI","municipio":"TEPEJI DEL RÍO","temporada":"Estiaje","anio":2025,"DBO":21.6,"DQO":43.93,"ECOLI":null,"OD":null,"pH":null,"SST":10.0}},{"type":"Feature","geometry":{"type":"Point","coordinates":[-99.399116,19.83082]},"properties":{"sitio":"PRESA TAXHIMAY 3","cuerpo":"PRESA TAXHIMAY","municipio":"VILLA DEL CARBON","temporada":"Estiaje","anio":2025,"DBO":19.2,"DQO":38.2,"ECOLI":null,"OD":null,"pH":null,"SST":4.0}},{"type":"Feature","geometry":{"type":"Point","coordinates":[-99.400649,19.823201]},"properties":{"sitio":"PRESA TAXHIMAY 4","cuerpo":"PRESA TAXHIMAY","municipio":"VILLA DEL CARBON","temporada":"Estiaje","anio":2025,"DBO":16.8,"DQO":36.24,"ECOLI":null,"OD":null,"pH":null,"SST":20.0}},{"type":"Feature","geometry":{"type":"Point","coordinates":[-99.407341,19.835315]},"properties":{"sitio":"PRESA TAXHIMAY 1","cuerpo":"PRESA TAXHIMAY","municipio":"VILLA DEL CARBON","temporada":"Estiaje","anio":2025,"DBO":21.6,"DQO":42.02,"ECOLI":null,"OD":null,"pH":null,"SST":20.0}},{"type":"Feature","geometry":{"type":"Point","coordinates":[-99.385347,19.834758]},"properties":{"sitio":"PRESA TAXHIMAY 2","cuerpo":"PRESA TAXHIMAY","municipio":"VILLA DEL CARBON","temporada":"Estiaje","anio":2025,"DBO":16.8,"DQO":34.38,"ECOLI":null,"OD":null,"pH":null,"SST":10.0}},{"type":"Feature","geometry":{"type":"Point","coordinates":[-99.385347,19.834758]},"properties":{"sitio":"COTINA","cuerpo":"PRESA TAXHIMAY","municipio":"VILLA DEL CARBON","temporada":"Estiaje","anio":2025,"DBO":16.8,"DQO":34.38,"ECOLI":null,"OD":null,"pH":null,"SST":10.0}},{"type":"Feature","geometry":{"type":"Point","coordinates":[-99.399116,19.83082]},"properties":{"sitio":"PRESA TAXHIMAY 3","cuerpo":"PRESA TAXHIMAY","municipio":"VILLA DEL CARBON","temporada":"Estiaje","anio":2025,"DBO":19.2,"DQO":38.2,"ECOLI":null,"OD":null,"pH":null,"SST":4.0}},{"type":"Feature","geometry":{"type":"Point","coordinates":[-99.400649,19.823201]},"properties":{"sitio":"PRESA TAXHIMAY 4","cuerpo":"PRESA TAXHIMAY","municipio":"VILLA DEL CARBON","temporada":"Estiaje","anio":2025,"DBO":16.8,"DQO":36.24,"ECOLI":null,"OD":null,"pH":null,"SST":20.0}},{"type":"Feature","geometry":{"type":"Point","coordinates":[-99.407341,19.835315]},"properties":{"sitio":"SAN LUIS LOMA ALTA","cuerpo":"PRESA TAXHIMAY","municipio":"VILLA DEL CARBON","temporada":"Estiaje","anio":2025,"DBO":21.6,"DQO":42.02,"ECOLI":null,"OD":null,"pH":null,"SST":20.0}},{"type":"Feature","geometry":{"type":"Point","coordinates":[-99.469127,20.044358]},"properties":{"sitio":"RÍO ROSAS","cuerpo":"RÍO ROSAS","municipio":"SOYANIQUILPAN DE JUÁREZ","temporada":"Estiaje","anio":2025,"DBO":32.1,"DQO":54.43143181,"ECOLI":null,"OD":7.25,"pH":null,"SST":5.0}},{"type":"Feature","geometry":{"type":"Point","coordinates":[-99.469127,20.044358]},"properties":{"sitio":"PROPUESTA 6, RÍO ROSAS","cuerpo":"RÍO ROSAS","municipio":"SOYANIQUILPAN DE JUÁREZ","temporada":"Estiaje","anio":2025,"DBO":32.1,"DQO":54.43143181,"ECOLI":null,"OD":null,"pH":null,"SST":5.0}},{"type":"Feature","geometry":{"type":"Point","coordinates":[-99.364919,20.16503]},"properties":{"sitio":"CANAL BAJO TEPETITLÁN (SALIENDO PRESA ENDHÓ)","cuerpo":"CANAL BAJO TEPETITLAN","municipio":"TEPETITLÁN","temporada":"Estiaje","anio":2025,"DBO":21.06,"DQO":32.07782395,"ECOLI":null,"OD":0.46,"pH":null,"SST":12.06896552}},{"type":"Feature","geometry":{"type":"Point","coordinates":[-99.28088,20.1946]},"properties":{"sitio":"PISCICOLA TEZONTEPEC DE ALDAMA (RT-2A)","cuerpo":"RIO TULA","municipio":"TEZONTEPEC DE ALDAMA","temporada":"Estiaje","anio":2025,"DBO":54.75,"DQO":104.3939841,"ECOLI":null,"OD":5.94,"pH":null,"SST":5.0}},{"type":"Feature","geometry":{"type":"Point","coordinates":[-99.25433,20.1909]},"properties":{"sitio":"PUENTE TEZONTEPEC","cuerpo":"RIO SALADO","municipio":"TEZONTEPEC DE ALDAMA","temporada":"Estiaje","anio":2025,"DBO":63.15,"DQO":245.0358793,"ECOLI":null,"OD":6.11,"pH":null,"SST":115.0}},{"type":"Feature","geometry":{"type":"Point","coordinates":[-99.264764,20.202219]},"properties":{"sitio":"RÍO TULA AGUAS ARRIBA CONFLUENCIA RÍO SALADO","cuerpo":"RÍO TULA","municipio":"TEZONTEPEC DE ALDAMA","temporada":"Estiaje","anio":2025,"DBO":6.99,"DQO":13.75519456,"ECOLI":null,"OD":5.66,"pH":null,"SST":21.33333333}},{"type":"Feature","geometry":{"type":"Point","coordinates":[-99.32342,19.98766]},"properties":{"sitio":"PUENTE CRUZ AZUL (RT-1)","cuerpo":"RIO TULA","municipio":"TULA DE ALLENDE","temporada":"Estiaje","anio":2025,"DBO":181.8,"DQO":362.47,"ECOLI":null,"OD":null,"pH":null,"SST":12.0}},{"type":"Feature","geometry":{"type":"Point","coordinates":[-99.32547,19.99555]},"properties":{"sitio":"RÍO TULA AGUAS ABAJO CIUDAD COOPERATIVA CRUZ AZUL","cuerpo":"RÍO TLAUTLA","municipio":"TULA DE ALLENDE","temporada":"Estiaje","anio":2025,"DBO":212.1,"DQO":382.08,"ECOLI":null,"OD":null,"pH":null,"SST":10.0}},{"type":"Feature","geometry":{"type":"Point","coordinates":[-99.326999,20.011498]},"properties":{"sitio":"AGUAS ABAJO DE LA DESCARGA 10 EL CHAPULIN - LA AMISTAD","cuerpo":"RÍO TULA","municipio":"TULA DE ALLENDE","temporada":"Estiaje","anio":2025,"DBO":212.1,"DQO":401.18,"ECOLI":null,"OD":null,"pH":null,"SST":36.0}},{"type":"Feature","geometry":{"type":"Point","coordinates":[-99.347033,20.089775]},"properties":{"sitio":"MANANTIAL BOJAY","cuerpo":"RÍO TULA","municipio":"TULA DE ALLENDE","temporada":"Estiaje","anio":2025,"DBO":11.4,"DQO":16.68681526,"ECOLI":null,"OD":6.45,"pH":null,"SST":117.6470588}},{"type":"Feature","geometry":{"type":"Point","coordinates":[-99.309824,19.96305]},"properties":{"sitio":"CORTINA PRESA REQUENA","cuerpo":"RÍO TEPEJI","municipio":"TEPEJI DEL RÍO","temporada":"Estiaje","anio":2025,"DBO":29.25,"DQO":49.30109558,"ECOLI":null,"OD":6.82,"pH":null,"SST":5.0}},{"type":"Feature","geometry":{"type":"Point","coordinates":[-99.317601,19.945264]},"properties":{"sitio":"PRESA REQUENA (EL TESORO)","cuerpo":"PRESA REQUENA","municipio":"TEPEJI DEL RÍO","temporada":"Estiaje","anio":2025,"DBO":8.73,"DQO":23.28296184,"ECOLI":null,"OD":7.92,"pH":null,"SST":5.0}},{"type":"Feature","geometry":{"type":"Point","coordinates":[-99.325555,19.940358]},"properties":{"sitio":"PRESA REQUENA (CLUB DE YATES)","cuerpo":"PRESA REQUENA","municipio":"TEPEJI DEL RÍO","temporada":"Estiaje","anio":2025,"DBO":16.62,"DQO":35.00944465,"ECOLI":null,"OD":8.78,"pH":null,"SST":16.66666667}},{"type":"Feature","geometry":{"type":"Point","coordinates":[-99.258359,20.208145]},"properties":{"sitio":"CONFLUENCIA RÍO SALADO","cuerpo":"RÍO TULA","municipio":"TEZONTEPEC DE ALDAMA","temporada":"Estiaje","anio":2025,"DBO":58.65,"DQO":180.674334,"ECOLI":null,"OD":6.45,"pH":null,"SST":129.4117647}},{"type":"Feature","geometry":{"type":"Point","coordinates":[-99.3081,19.96798]},"properties":{"sitio":"a","cuerpo":"RÍO TULA","municipio":"TULA DE ALLENDE","temporada":"Estiaje","anio":2025,"DBO":0.001,"DQO":0.001,"ECOLI":"0.001","OD":0.001,"pH":0.001,"SST":0.001}},{"type":"Feature","geometry":{"type":"Point","coordinates":[-99.3081,19.96798]},"properties":{"sitio":"a","cuerpo":"RÍO TULA","municipio":"TULA DE ALLENDE","temporada":"Estiaje","anio":2025,"DBO":0.001,"DQO":0.001,"ECOLI":"0.001","OD":0.001,"pH":0.001,"SST":0.001}},{"type":"Feature","geometry":{"type":"Point","coordinates":[-99.3081,19.96798]},"properties":{"sitio":"AGUAS ABAJO ÚLTIMA DESCARGA PTAR ","cuerpo":"RÍO TULA","municipio":"TULA DE ALLENDE","temporada":"Estiaje","anio":2025,"DBO":59.7,"DQO":342.7700777,"ECOLI":null,"OD":4.74,"pH":null,"SST":110.5263158}},{"type":"Feature","geometry":{"type":"Point","coordinates":[-99.276483,20.070397]},"properties":{"sitio":"AGUAS ABAJO DESCARGA CFE","cuerpo":"RÍO TULA","municipio":"TULA DE ALLENDE","temporada":"Estiaje","anio":2025,"DBO":39.6,"DQO":71.28825085,"ECOLI":null,"OD":5.27,"pH":null,"SST":104.5454545}},{"type":"Feature","geometry":{"type":"Point","coordinates":[-99.277082,20.07058]},"properties":{"sitio":"AGUAS ARRIBA DESCARGA CFE","cuerpo":"CANAL","municipio":"TULA DE ALLENDE","temporada":"Estiaje","anio":2025,"DBO":41.1,"DQO":118.6965497,"ECOLI":null,"OD":2.84,"pH":null,"SST":20.0}},{"type":"Feature","geometry":{"type":"Point","coordinates":[-99.314096,19.954746]},"properties":{"sitio":"LÉNTICO (Club Amanalí)","cuerpo":"PRESA REQUENA","municipio":"TULA DE ALLENDE","temporada":"Estiaje","anio":2025,"DBO":7.68,"DQO":10.0,"ECOLI":null,"OD":6.01,"pH":null,"SST":5.0}},{"type":"Feature","geometry":{"type":"Point","coordinates":[-99.29704,19.94977]},"properties":{"sitio":"DESCARGA EMISOR CENTRAL","cuerpo":"DESCARGA EMISOR CENTRAL","municipio":"ATOTONILCO DE TULA","temporada":"Estiaje","anio":2025,"DBO":232.8,"DQO":459.5743635,"ECOLI":null,"OD":0.48,"pH":null,"SST":143.75}},{"type":"Feature","geometry":{"type":"Point","coordinates":[-99.29711,19.95314]},"properties":{"sitio":"INFLUENTE PTAR ATOTONILCO","cuerpo":"RÍO EL SALTO","municipio":"ATOTONILCO DE TULA","temporada":"Estiaje","anio":2025,"DBO":145.8,"DQO":175.9068121,"ECOLI":null,"OD":3.94,"pH":null,"SST":211.1111111}},{"type":"Feature","geometry":{"type":"Point","coordinates":[-99.24581,19.95019]},"properties":{"sitio":"RÍO EL SALTO","cuerpo":"RÍO EL SALTO","municipio":"ATOTONILCO DE TULA","temporada":"Estiaje","anio":2025,"DBO":135.6,"DQO":249.8034012,"ECOLI":null,"OD":1.76,"pH":null,"SST":84.61538462}},{"type":"Feature","geometry":{"type":"Point","coordinates":[-99.29705,19.9506]},"properties":{"sitio":"TUNEL EMISOR ORIENTE, TEO","cuerpo":"RÍO TULA","municipio":"ATOTONILCO DE TULA","temporada":"Estiaje","anio":2025,"DBO":234.0,"DQO":528.7034306,"ECOLI":null,"OD":3.6,"pH":null,"SST":218.75}},{"type":"Feature","geometry":{"type":"Point","coordinates":[-99.29817,19.95267]},"properties":{"sitio":"CONFLUENCIA EMISOR CENTRAL, TEO","cuerpo":"RÍO TULA","municipio":"ATOTONILCO DE TULA","temporada":"Estiaje","anio":2025,"DBO":220.8,"DQO":404.747862,"ECOLI":null,"OD":3.59,"pH":null,"SST":190.9090909}},{"type":"Feature","geometry":{"type":"Point","coordinates":[-99.300593,19.961965]},"properties":{"sitio":"EFLUENTE PTAR + CANAL EL SALTO","cuerpo":"CANAL EL SALTO","municipio":"ATOTONILCO DE TULA","temporada":"Estiaje","anio":2025,"DBO":113.4,"DQO":137.7666372,"ECOLI":null,"OD":3.58,"pH":null,"SST":137.5}},{"type":"Feature","geometry":{"type":"Point","coordinates":[-99.30334,19.96713]},"properties":{"sitio":"CANAL BIESTRO","cuerpo":"CANAL EL SALTO","municipio":"ATOTONILCO DE TULA","temporada":"Estiaje","anio":2025,"DBO":87.6,"DQO":175.9068121,"ECOLI":null,"OD":4.67,"pH":null,"SST":127.2727273}},{"type":"Feature","geometry":{"type":"Point","coordinates":[-99.30253,19.97136]},"properties":{"sitio":"AGUAS ABAJO PTAR CANAL REQUENA","cuerpo":"CANAL REQUENA","municipio":"ATOTONILCO DE TULA","temporada":"Estiaje","anio":2025,"DBO":70.2,"DQO":156.8367247,"ECOLI":null,"OD":4.73,"pH":null,"SST":150.0}},{"type":"Feature","geometry":{"type":"Point","coordinates":[-99.29917,19.958124]},"properties":{"sitio":"EFLUENTE PTAR ATOTONILCO TPC","cuerpo":"EFLUENTE PTAR","municipio":"ATOTONILCO DE TULA","temporada":"Estiaje","anio":2025,"DBO":53.7,"DQO":63.59274651,"ECOLI":null,"OD":0.34,"pH":null,"SST":94.73684211}},{"type":"Feature","geometry":{"type":"Point","coordinates":[-99.30161,19.95919]},"properties":{"sitio":"EFLUENTE PTAR ATOTONILCO TPQ","cuerpo":"EFLUENTE PTAR","municipio":"ATOTONILCO DE TULA","temporada":"Estiaje","anio":2025,"DBO":228.6,"DQO":349.9213605,"ECOLI":null,"OD":2.87,"pH":null,"SST":66.66666667}},{"type":"Feature","geometry":{"type":"Point","coordinates":[-99.30057,19.961454]},"properties":{"sitio":"EFLUENTE PTAR ATOTONILCO TPC + TPQ","cuerpo":"EFLUENTE PTAR","municipio":"ATOTONILCO DE TULA","temporada":"Estiaje","anio":2025,"DBO":163.8,"DQO":295.0948589,"ECOLI":null,"OD":4.72,"pH":null,"SST":143.75}},{"type":"Feature","geometry":{"type":"Point","coordinates":[-99.347159,19.83835]},"properties":{"sitio":"RÍO EL ORO PUENTE SAN IGNACIO","cuerpo":"RÍO EL ORO","municipio":"TEPEJI DEL RÍO","temporada":"Estiaje","anio":2025,"DBO":21.6,"DQO":38.2,"ECOLI":null,"OD":null,"pH":null,"SST":16.0}},{"type":"Feature","geometry":{"type":"Point","coordinates":[-99.340861,19.856618]},"properties":{"sitio":"CONFLUENCIA RÍO TEPEJI Y RÍO EL ORO","cuerpo":"RÍO TEPEJI","municipio":"TEPEJI DEL RÍO","temporada":"Estiaje","anio":2025,"DBO":16.8,"DQO":32.47,"ECOLI":null,"OD":null,"pH":null,"SST":32.0}},{"type":"Feature","geometry":{"type":"Point","coordinates":[-99.33189,19.91062]},"properties":{"sitio":"PUENTE TEPEJI - EL SALTO (RTE)","cuerpo":"RIO TEPEJI","municipio":"TEPEJI DEL RÍO DE OCAMPO","temporada":"Estiaje","anio":2025,"DBO":26.4,"DQO":45.84,"ECOLI":null,"OD":null,"pH":null,"SST":2.0}},{"type":"Feature","geometry":{"type":"Point","coordinates":[-99.34277,19.89509]},"properties":{"sitio":"RÍO TEPEJI","cuerpo":"RIO TEPEJI","municipio":"TEPEJI DEL RÍO DE OCAMPO","temporada":"Estiaje","anio":2025,"DBO":10.8,"DQO":19.1,"ECOLI":null,"OD":null,"pH":null,"SST":68.0}},{"type":"Feature","geometry":{"type":"Point","coordinates":[-99.34304,19.88671]},"properties":{"sitio":"TEJIDOS FLANEL, S.A DE C.V. AGUAS ARRIBA RIO TEPEJI","cuerpo":"RIO TEPEJI","municipio":"TEPEJI DEL RÍO DE OCAMPO","temporada":"Estiaje","anio":2025,"DBO":14.4,"DQO":28.66,"ECOLI":null,"OD":null,"pH":null,"SST":8.0}},{"type":"Feature","geometry":{"type":"Point","coordinates":[-99.158922,19.919709]},"properties":{"sitio":"PROPUESTA 4 AGUAS ARRIBA DE LA PROPUESTA 6 SALIDA GRAN CANAL PTE. SN. JOSÉ","cuerpo":"RÍO SALADO","municipio":"TEQUIXQUIAC","temporada":"Estiaje","anio":2025,"DBO":150.6,"DQO":249.8034012,"ECOLI":null,"OD":null,"pH":null,"SST":75.86206897}},{"type":"Feature","geometry":{"type":"Point","coordinates":[-99.158922,19.919709]},"properties":{"sitio":"PROPUESTA 4 AGUAS ARRIBA DE LA PROPUESTA 6 SALIDA GRAN CANAL PTE. SN. JOSÉ","cuerpo":"GRAN CANAL","municipio":"TEQUIXQUIAC","temporada":"Estiaje","anio":2025,"DBO":150.6,"DQO":249.8034012,"ECOLI":null,"OD":0.48,"pH":7.8,"SST":75.86206897}},{"type":"Feature","geometry":{"type":"Point","coordinates":[-99.31116,19.96261]},"properties":{"sitio":"OBRA DE TOMA PRESA REQUENA","cuerpo":"PRESA REQUENA","municipio":"TULA DE ALLENDE","temporada":"Estiaje","anio":2025,"DBO":43.8,"DQO":71.28825085,"ECOLI":null,"OD":4.65,"pH":null,"SST":18.0}},{"type":"Feature","geometry":{"type":"Point","coordinates":[-99.355444,20.167694]},"properties":{"sitio":"CANAL DE SALIDA PRESA ENDHÓ","cuerpo":"RÍO TULA","municipio":"TEPETITLÁN","temporada":"Estiaje","anio":2025,"DBO":12.4,"DQO":35.00944465,"ECOLI":null,"OD":5.99,"pH":null,"SST":13.0}},{"type":"Feature","geometry":{"type":"Point","coordinates":[-99.12186111,19.90486111]},"properties":{"sitio":"HIDROMÉTRICA TUNEL VIEJO","cuerpo":"RÍO SALADO","municipio":"TEQUIXQUIAC","temporada":"Estiaje","anio":2025,"DBO":303.0,"DQO":573.12,"ECOLI":null,"OD":null,"pH":null,"SST":30.0}},{"type":"Feature","geometry":{"type":"Point","coordinates":[-99.12186111,19.90486111]},"properties":{"sitio":"HIDROMÉTRICA TUNEL VIEJO","cuerpo":"TÚNEL VIEJO (EMISOR CENTRAL)","municipio":"TEQUIXQUIAC","temporada":"Estiaje","anio":2025,"DBO":303.0,"DQO":573.12,"ECOLI":null,"OD":null,"pH":7.75,"SST":30.0}},{"type":"Feature","geometry":{"type":"Point","coordinates":[-99.348361,20.077153]},"properties":{"sitio":"PRESA ENDHÓ 4","cuerpo":"PRESA ENDHÓ","municipio":"TULA DE ALLENDE","temporada":"Estiaje","anio":2025,"DBO":110.4,"DQO":240.2683574,"ECOLI":null,"OD":0.29,"pH":null,"SST":106.25}},{"type":"Feature","geometry":{"type":"Point","coordinates":[-99.3581639,20.1262944]},"properties":{"sitio":"PRESA ENDHÓ 3","cuerpo":"PRESA ENDHÓ","municipio":"TULA DE ALLENDE","temporada":"Estiaje","anio":2025,"DBO":6.1,"DQO":10.0,"ECOLI":null,"OD":4.61,"pH":null,"SST":17.72151899}},{"type":"Feature","geometry":{"type":"Point","coordinates":[-99.343947,20.059232]},"properties":{"sitio":"DESCARGA 36 PUENTE 5 DE MAYO","cuerpo":"RÍO TULA","municipio":"TULA DE ALLENDE","temporada":"Estiaje","anio":2025,"DBO":null,"DQO":1143.222255,"ECOLI":null,"OD":0.26,"pH":null,"SST":500.0}},{"type":"Feature","geometry":{"type":"Point","coordinates":[-99.35312,20.05575]},"properties":{"sitio":"DESCARGA 31 SAN JOSÉ SOLIDARIDAD","cuerpo":"RÍO TULA","municipio":"TULA DE ALLENDE","temporada":"Estiaje","anio":2025,"DBO":null,"DQO":724.1718274,"ECOLI":null,"OD":0.28,"pH":null,"SST":258.3333333}},{"type":"Feature","geometry":{"type":"Point","coordinates":[-99.342152,20.029179]},"properties":{"sitio":"DESCARGA 16 TOLTECA","cuerpo":"RÍO TULA","municipio":"TULA DE ALLENDE","temporada":"Estiaje","anio":2025,"DBO":null,"DQO":645.5077165,"ECOLI":null,"OD":null,"pH":null,"SST":325.0}},{"type":"Feature","geometry":{"type":"Point","coordinates":[-99.342103,20.029247]},"properties":{"sitio":"DESCARGA 17 TOLTECA","cuerpo":"RÍO TULA","municipio":"TULA DE ALLENDE","temporada":"Estiaje","anio":2025,"DBO":null,"DQO":929.1752679,"ECOLI":null,"OD":null,"pH":null,"SST":null}},{"type":"Feature","geometry":{"type":"Point","coordinates":[-99.12204,19.81296]},"properties":{"sitio":"TÚNEL NUEVO","cuerpo":"RÍO SALADO","municipio":"ZUMPANGO","temporada":"Estiaje","anio":2025,"DBO":154.27,"DQO":496.7,"ECOLI":null,"OD":null,"pH":null,"SST":48.0}},{"type":"Feature","geometry":{"type":"Point","coordinates":[-99.11365,19.79289]},"properties":{"sitio":"RÍO DE LAS AVENIDAS (COLECTOR)","cuerpo":"RÍO SALADO","municipio":"ZUMPANGO","temporada":"Estiaje","anio":2025,"DBO":102.85,"DQO":191.04,"ECOLI":null,"OD":null,"pH":null,"SST":46.0}},{"type":"Feature","geometry":{"type":"Point","coordinates":[-99.110043,19.8116]},"properties":{"sitio":"GRAN CANAL","cuerpo":"RÍO SALADO","municipio":"ZUMPANGO","temporada":"Estiaje","anio":2025,"DBO":240.8,"DQO":477.6,"ECOLI":null,"OD":null,"pH":null,"SST":32.0}},{"type":"Feature","geometry":{"type":"Point","coordinates":[-99.110043,19.8116]},"properties":{"sitio":"GRAN CANAL","cuerpo":"GRAN CANAL","municipio":"ZUMPANGO","temporada":"Estiaje","anio":2025,"DBO":240.8,"DQO":477.6,"ECOLI":null,"OD":null,"pH":7.92,"SST":null}},{"type":"Feature","geometry":{"type":"Point","coordinates":[-99.11365,19.79289]},"properties":{"sitio":"PROPUESTA RÍO DE LAS AVENIDAS (COLECTOR)","cuerpo":"RÍO DE LAS AVENIDAS / CANAL CUAUTITLÁN","municipio":"ZUMPANGO","temporada":"Estiaje","anio":2025,"DBO":102.85,"DQO":191.04,"ECOLI":null,"OD":null,"pH":7.89,"SST":46.0}},{"type":"Feature","geometry":{"type":"Point","coordinates":[-99.12204,19.81296]},"properties":{"sitio":"PROPUESTA TÚNEL NUEVO","cuerpo":"TÚNEL EMISOR ORIENTE","municipio":"ZUMPANGO","temporada":"Estiaje","anio":2025,"DBO":154.27,"DQO":496.7,"ECOLI":null,"OD":null,"pH":7.44,"SST":48.0}},{"type":"Feature","geometry":{"type":"Point","coordinates":[-98.95158637,19.3324451]},"properties":{"sitio":"LA CALDERA","cuerpo":"RÍO TULA","municipio":"IZTAPALUCA","temporada":"Estiaje","anio":2025,"DBO":null,"DQO":null,"ECOLI":null,"OD":null,"pH":null,"SST":null}},{"type":"Feature","geometry":{"type":"Point","coordinates":[-99.34939,20.0803]},"properties":{"sitio":"BOJAY 1","cuerpo":"RÍO TULA","municipio":"SAN FRANCISCO BOJAY","temporada":"Estiaje","anio":2025,"DBO":32.1,"DQO":54.43143181,"ECOLI":"18350","OD":15.63,"pH":null,"SST":15.78947368}},{"type":"Feature","geometry":{"type":"Point","coordinates":[-99.349734,20.090508]},"properties":{"sitio":"BOJAY 2","cuerpo":"RÍO TULA","municipio":"SAN FRANCISCO BOJAY","temporada":"Estiaje","anio":2025,"DBO":24.3,"DQO":44.53721194,"ECOLI":"3730","OD":5.6,"pH":null,"SST":19.51219512}},{"type":"Feature","geometry":{"type":"Point","coordinates":[-99.3649306,20.1451]},"properties":{"sitio":"PRESA ENDHÓ 2","cuerpo":"PRESA ENDHÓ","municipio":"TEPETITLAN","temporada":"Estiaje","anio":2025,"DBO":31.3,"DQO":61.02757839,"ECOLI":"14600","OD":0.61,"pH":null,"SST":5.0}},{"type":"Feature","geometry":{"type":"Point","coordinates":[-99.3606,20.1530389]},"properties":{"sitio":"PRESA ENDHÓ 1","cuerpo":"PRESA ENDHÓ","municipio":"TEPETITLAN","temporada":"Estiaje","anio":2025,"DBO":26.4,"DQO":51.86626369,"ECOLI":"8600","OD":1.02,"pH":null,"SST":14.28571429}},{"type":"Feature","geometry":{"type":"Point","coordinates":[-99.372624,20.132186]},"properties":{"sitio":"PRESA ENDHÓ 5","cuerpo":"PRESA ENDHÓ","municipio":"TULA DE ALLENDE","temporada":"Estiaje","anio":2025,"DBO":59.7,"DQO":71.28825085,"ECOLI":"6570","OD":0.86,"pH":null,"SST":5.0}}]}